  0
SECTION
  2
HEADER
  9
$ACADVER
  1
AC1032
  9
$ACADMAINTVER
 90
      174
  9
$DWGCODEPAGE
  3
ANSI_936
  9
$LASTSAVEDBY
  1
10333
  9
$REQUIREDVERSIONS
160
                 0
  9
$INSBASE
 10
0.0
 20
0.0
 30
0.0
  9
$EXTMIN
 10
13453.76
 20
-7033.98
 30
0.0
  9
$EXTMAX
 10
98477.8
 20
15166.02
 30
0.0
  9
$LIMMIN
 10
0.0
 20
0.0
  9
$LIMMAX
 10
420.0
 20
297.0
  9
$ORTHOMODE
 70
     1
  9
$REGENMODE
 70
     1
  9
$FILLMODE
 70
     1
  9
$QTEXTMODE
 70
     0
  9
$MIRRTEXT
 70
     0
  9
$LTSCALE
 40
1.0
  9
$ATTMODE
 70
     1
  9
$TEXTSIZE
 40
2.5
  9
$TRACEWID
 40
1.0
  9
$TEXTSTYLE
  7
Standard
  9
$CLAYER
  8
0
  9
$CELTYPE
  6
ByLayer
  9
$CECOLOR
 62
   256
  9
$CELTSCALE
 40
1.0
  9
$DISPSILH
 70
     0
  9
$DIMSCALE
 40
1.0
  9
$DIMASZ
 40
2.5
  9
$DIMEXO
 40
0.63
  9
$DIMDLI
 40
3.75
  9
$DIMRND
 40
0.0
  9
$DIMDLE
 40
0.0
  9
$DIMEXE
 40
1.25
  9
$DIMTP
 40
0.0
  9
$DIMTM
 40
0.0
  9
$DIMTXT
 40
2.5
  9
$DIMCEN
 40
2.5
  9
$DIMTSZ
 40
0.0
  9
$DIMTOL
 70
     0
  9
$DIMLIM
 70
     0
  9
$DIMTIH
 70
     0
  9
$DIMTOH
 70
     0
  9
$DIMSE1
 70
     0
  9
$DIMSE2
 70
     0
  9
$DIMTAD
 70
     1
  9
$DIMZIN
 70
     8
  9
$DIMBLK
  1

  9
$DIMASO
 70
     1
  9
$DIMSHO
 70
     1
  9
$DIMPOST
  1

  9
$DIMAPOST
  1

  9
$DIMALT
 70
     0
  9
$DIMALTD
 70
     3
  9
$DIMALTF
 40
0.04
  9
$DIMLFAC
 40
1.0
  9
$DIMTOFL
 70
     1
  9
$DIMTVP
 40
0.0
  9
$DIMTIX
 70
     0
  9
$DIMSOXD
 70
     0
  9
$DIMSAH
 70
     0
  9
$DIMBLK1
  1

  9
$DIMBLK2
  1

  9
$DIMSTYLE
  2
ISO-25
  9
$DIMCLRD
 70
     0
  9
$DIMCLRE
 70
     0
  9
$DIMCLRT
 70
     0
  9
$DIMTFAC
 40
1.0
  9
$DIMGAP
 40
0.63
  9
$DIMJUST
 70
     0
  9
$DIMSD1
 70
     0
  9
$DIMSD2
 70
     0
  9
$DIMTOLJ
 70
     0
  9
$DIMTZIN
 70
     8
  9
$DIMALTZ
 70
     0
  9
$DIMALTTZ
 70
     0
  9
$DIMUPT
 70
     0
  9
$DIMDEC
 70
     2
  9
$DIMTDEC
 70
     2
  9
$DIMALTU
 70
     2
  9
$DIMALTTD
 70
     3
  9
$DIMTXSTY
  7
Standard
  9
$DIMAUNIT
 70
     0
  9
$DIMADEC
 70
     0
  9
$DIMALTRND
 40
0.0
  9
$DIMAZIN
 70
     0
  9
$DIMDSEP
 70
    46
  9
$DIMATFIT
 70
     3
  9
$DIMFRAC
 70
     0
  9
$DIMLDRBLK
  1

  9
$DIMLUNIT
 70
     2
  9
$DIMLWD
 70
    -2
  9
$DIMLWE
 70
    -2
  9
$DIMTMOVE
 70
     0
  9
$DIMFXL
 40
100.0
  9
$DIMFXLON
 70
     0
  9
$DIMJOGANG
 40
1.57
  9
$DIMTFILL
 70
     0
  9
$DIMTFILLCLR
 70
     0
  9
$DIMARCSYM
 70
     0
  9
$DIMLTYPE
  6

  9
$DIMLTEX1
  6

  9
$DIMLTEX2
  6

  9
$DIMTXTDIRECTION
 70
     0
  9
$LUNITS
 70
     2
  9
$LUPREC
 70
     4
  9
$SKETCHINC
 40
1.0
  9
$FILLETRAD
 40
0.0
  9
$AUNITS
 70
     0
  9
$AUPREC
 70
     0
  9
$MENU
  1
.
  9
$ELEVATION
 40
0.0
  9
$PELEVATION
 40
0.0
  9
$THICKNESS
 40
0.0
  9
$LIMCHECK
 70
     0
  9
$CHAMFERA
 40
0.0
  9
$CHAMFERB
 40
0.0
  9
$CHAMFERC
 40
0.0
  9
$CHAMFERD
 40
0.0
  9
$SKPOLY
 70
     0
  9
$TDCREATE
 40
2461268.639201389
  9
$TDUCREATE
 40
2461268.305868056
  9
$TDUPDATE
 40
2461268.670983796
  9
$TDUUPDATE
 40
2461268.337650463
  9
$TDINDWG
 40
0.0314814815
  9
$TDUSRTIMER
 40
0.0314814815
  9
$USRTIMER
 70
     1
  9
$ANGBASE
 50
0.0
  9
$ANGDIR
 70
     0
  9
$PDMODE
 70
     0
  9
$PDSIZE
 40
0.0
  9
$PLINEWID
 40
0.0
  9
$SPLFRAME
 70
     0
  9
$SPLINETYPE
 70
     6
  9
$SPLINESEGS
 70
     8
  9
$HANDSEED
  5
783
  9
$SURFTAB1
 70
     6
  9
$SURFTAB2
 70
     6
  9
$SURFTYPE
 70
     6
  9
$SURFU
 70
     6
  9
$SURFV
 70
     6
  9
$UCSBASE
  2

  9
$UCSNAME
  2

  9
$UCSORG
 10
0.0
 20
0.0
 30
0.0
  9
$UCSXDIR
 10
1.0
 20
0.0
 30
0.0
  9
$UCSYDIR
 10
0.0
 20
1.0
 30
0.0
  9
$UCSORTHOREF
  2

  9
$UCSORTHOVIEW
 70
     0
  9
$UCSORGTOP
 10
0.0
 20
0.0
 30
0.0
  9
$UCSORGBOTTOM
 10
0.0
 20
0.0
 30
0.0
  9
$UCSORGLEFT
 10
0.0
 20
0.0
 30
0.0
  9
$UCSORGRIGHT
 10
0.0
 20
0.0
 30
0.0
  9
$UCSORGFRONT
 10
0.0
 20
0.0
 30
0.0
  9
$UCSORGBACK
 10
0.0
 20
0.0
 30
0.0
  9
$PUCSBASE
  2

  9
$PUCSNAME
  2

  9
$PUCSORG
 10
0.0
 20
0.0
 30
0.0
  9
$PUCSXDIR
 10
1.0
 20
0.0
 30
0.0
  9
$PUCSYDIR
 10
0.0
 20
1.0
 30
0.0
  9
$PUCSORTHOREF
  2

  9
$PUCSORTHOVIEW
 70
     0
  9
$PUCSORGTOP
 10
0.0
 20
0.0
 30
0.0
  9
$PUCSORGBOTTOM
 10
0.0
 20
0.0
 30
0.0
  9
$PUCSORGLEFT
 10
0.0
 20
0.0
 30
0.0
  9
$PUCSORGRIGHT
 10
0.0
 20
0.0
 30
0.0
  9
$PUCSORGFRONT
 10
0.0
 20
0.0
 30
0.0
  9
$PUCSORGBACK
 10
0.0
 20
0.0
 30
0.0
  9
$USERI1
 70
     0
  9
$USERI2
 70
     0
  9
$USERI3
 70
     0
  9
$USERI4
 70
     0
  9
$USERI5
 70
     0
  9
$USERR1
 40
0.0
  9
$USERR2
 40
0.0
  9
$USERR3
 40
0.0
  9
$USERR4
 40
0.0
  9
$USERR5
 40
0.0
  9
$WORLDVIEW
 70
     1
  9
$SHADEDGE
 70
     3
  9
$SHADEDIF
 70
    70
  9
$TILEMODE
 70
     1
  9
$MAXACTVP
 70
    64
  9
$PINSBASE
 10
0.0
 20
0.0
 30
0.0
  9
$PLIMCHECK
 70
     0
  9
$PEXTMIN
 10
1.00E+20
 20
1.00E+20
 30
1.00E+20
  9
$PEXTMAX
 10
-1.00E+20
 20
-1.00E+20
 30
-1.00E+20
  9
$PLIMMIN
 10
0.0
 20
0.0
  9
$PLIMMAX
 10
420.0
 20
297.0
  9
$UNITMODE
 70
     0
  9
$VISRETAIN
 70
     1
  9
$PLINEGEN
 70
     0
  9
$PSLTSCALE
 70
     1
  9
$TREEDEPTH
 70
  3020
  9
$CMLSTYLE
  2
Standard
  9
$CMLJUST
 70
     0
  9
$CMLSCALE
 40
20.0
  9
$PROXYGRAPHICS
 70
     1
  9
$MEASUREMENT
 70
     1
  9
$CELWEIGHT
370
    -1
  9
$ENDCAPS
280
     0
  9
$JOINSTYLE
280
     0
  9
$LWDISPLAY
290
     0
  9
$INSUNITS
 70
     4
  9
$HYPERLINKBASE
  1

  9
$STYLESHEET
  1

  9
$XEDIT
290
     1
  9
$CEPSNTYPE
380
     0
  9
$PSTYLEMODE
290
     1
  9
$FINGERPRINTGUID
  2
{5BCCF85C-7D51-4941-936D-44FF92BE747C}
  9
$VERSIONGUID
  2
{0ED71556-BEB3-334A-9114-F88A42CBB1F6}
  9
$EXTNAMES
290
     1
  9
$PSVPSCALE
 40
0.0
  9
$OLESTARTUP
290
     0
  9
$SORTENTS
280
   127
  9
$INDEXCTL
280
     0
  9
$HIDETEXT
280
     1
  9
$XCLIPFRAME
280
     2
  9
$HALOGAP
280
     0
  9
$OBSCOLOR
 70
   257
  9
$OBSLTYPE
280
     0
  9
$INTERSECTIONDISPLAY
280
     0
  9
$INTERSECTIONCOLOR
 70
   257
  9
$DIMASSOC
280
     2
  9
$PROJECTNAME
  1

  9
$CAMERADISPLAY
290
     0
  9
$LENSLENGTH
 40
50.0
  9
$CAMERAHEIGHT
 40
0.0
  9
$STEPSPERSEC
 40
2.0
  9
$STEPSIZE
 40
6.0
  9
$3DDWFPREC
 40
2.0
  9
$PSOLWIDTH
 40
0.25
  9
$PSOLHEIGHT
 40
4.0
  9
$LOFTANG1
 40
1.57
  9
$LOFTANG2
 40
1.57
  9
$LOFTMAG1
 40
0.0
  9
$LOFTMAG2
 40
0.0
  9
$LOFTPARAM
 70
     7
  9
$LOFTNORMALS
280
     1
  9
$LATITUDE
 40
37.8
  9
$LONGITUDE
 40
-122.39
  9
$NORTHDIRECTION
 40
0.0
  9
$TIMEZONE
 70
 -8000
  9
$LIGHTGLYPHDISPLAY
280
     1
  9
$TILEMODELIGHTSYNCH
280
     1
  9
$CMATERIAL
347
38D
  9
$SOLIDHIST
280
     0
  9
$SHOWHIST
280
     1
  9
$DWFFRAME
280
     2
  9
$DGNFRAME
280
     0
  9
$REALWORLDSCALE
290
     1
  9
$INTERFERECOLOR
 62
     1
  9
$INTERFEREOBJVS
345
3AB
  9
$INTERFEREVPVS
346
3AC
  9
$CSHADOW
280
     0
  9
$SHADOWPLANELOCATION
 40
0.0
  0
ENDSEC
  0
SECTION
  2
CLASSES
  0
CLASS
  1
ACDBDICTIONARYWDFLT
  2
AcDbDictionaryWithDefault
  3
ObjectDBX Classes
 90
        0
 91
        1
280
     0
281
     0
  0
CLASS
  1
MATERIAL
  2
AcDbMaterial
  3
ObjectDBX Classes
 90
     1153
 91
        3
280
     0
281
     0
  0
CLASS
  1
VISUALSTYLE
  2
AcDbVisualStyle
  3
ObjectDBX Classes
 90
     4095
 91
       24
280
     0
281
     0
  0
CLASS
  1
SCALE
  2
AcDbScale
  3
ObjectDBX Classes
 90
     1153
 91
       17
280
     0
281
     0
  0
CLASS
  1
TABLESTYLE
  2
AcDbTableStyle
  3
ObjectDBX Classes
 90
     4095
 91
        1
280
     0
281
     0
  0
CLASS
  1
MLEADERSTYLE
  2
AcDbMLeaderStyle
  3
ACDB_MLEADERSTYLE_CLASS
 90
     4095
 91
        1
280
     0
281
     0
  0
CLASS
  1
ACDBSECTIONVIEWSTYLE
  2
AcDbSectionViewStyle
  3
ObjectDBX Classes
 90
     1025
 91
        2
280
     0
281
     0
  0
CLASS
  1
ACDBDETAILVIEWSTYLE
  2
AcDbDetailViewStyle
  3
ObjectDBX Classes
 90
     1025
 91
        2
280
     0
281
     0
  0
CLASS
  1
DICTIONARYVAR
  2
AcDbDictionaryVar
  3
ObjectDBX Classes
 90
        0
 91
       12
280
     0
281
     0
  0
CLASS
  1
SORTENTSTABLE
  2
AcDbSortentsTable
  3
ObjectDBX Classes
 90
        0
 91
        2
280
     0
281
     0
  0
CLASS
  1
TCH_DBCONFIG
  2
TDbConfig
  3
"TCH_KERNAL|缺乏解释器天正图形看不见, 请下载天正插件|网址: www.tangent.com.cn"
 90
        1
 91
        1
280
     0
281
     0
  0
CLASS
  1
TCH_WALL
  2
TDbWall
  3
"TCH_KERNAL|缺乏解释器天正图形看不见, 请下载天正插件|网址: www.tangent.com.cn"
 90
        1
 91
        0
280
     0
281
     1
  0
CLASS
  1
TCH_SPACE
  2
TDbSpace
  3
"TCH_KERNAL|缺乏解释器天正图形看不见, 请下载天正插件|网址: www.tangent.com.cn"
 90
        1
 91
        0
280
     0
281
     1
  0
CLASS
  1
TCH_OPENING
  2
TDbOpening
  3
"TCH_KERNAL|缺乏解释器天正图形看不见, 请下载天正插件|网址: www.tangent.com.cn"
 90
        1
 91
        0
280
     0
281
     1
  0
CLASS
  1
TCH_DIMENSION2
  2
TDbDimension2
  3
"TCH_KERNAL|缺乏解释器天正图形看不见, 请下载天正插件|网址: www.tangent.com.cn"
 90
        1
 91
        0
280
     0
281
     1
  0
CLASS
  1
TCH_RECTSTAIR
  2
TDbRectStair
  3
"TCH_KERNAL|缺乏解释器天正图形看不见, 请下载天正插件|网址: www.tangent.com.cn"
 90
        1
 91
        0
280
     0
281
     1
  0
CLASS
  1
TCH_AXIS_LABEL
  2
TDbAxisLabelSet
  3
"TCH_KERNAL|缺乏解释器天正图形看不见, 请下载天正插件|网址: www.tangent.com.cn"
 90
        1
 91
        0
280
     0
281
     1
  0
CLASS
  1
TCH_COLUMN
  2
TDbColumn
  3
"TCH_KERNAL|缺乏解释器天正图形看不见, 请下载天正插件|网址: www.tangent.com.cn"
 90
        1
 91
        0
280
     0
281
     1
  0
CLASS
  1
TCH_TEXT
  2
TDbText
  3
"TCH_KERNAL|缺乏解释器天正图形看不见, 请下载天正插件|网址: www.tangent.com.cn"
 90
        1
 91
        0
280
     0
281
     1
  0
CLASS
  1
CELLSTYLEMAP
  2
AcDbCellStyleMap
  3
ObjectDBX Classes
 90
     1152
 91
        2
280
     0
281
     0
  0
ENDSEC
  0
SECTION
  2
TABLES
  0
TABLE
  2
VPORT
  5
381
330
0
100
AcDbSymbolTable
 70
     1
  0
VPORT
  5
382
330
381
100
AcDbSymbolTableRecord
100
AcDbViewportTableRecord
  2
*Active
 70
     0
 10
0.0
 20
0.0
 11
1.0
 21
1.0
 12
55992.43
 22
2808.54
 13
0.0
 23
0.0
 14
10.0
 24
10.0
 15
10.0
 25
10.0
 16
0.0
 26
0.0
 36
1.0
 17
0.0
 27
0.0
 37
0.0
 40
46562.24
 41
1.44
 42
50.0
 43
0.0
 44
0.0
 50
0.0
 51
0.0
 71
     0
 72
  1000
 73
     1
 74
     3
 75
     0
 76
     0
 77
     0
 78
     0
281
     0
 65
     1
110
0.0
120
0.0
130
0.0
111
1.0
121
0.0
131
0.0
112
0.0
122
1.0
132
0.0
 79
     0
146
0.0
348
383
 60
     3
 61
     5
292
     1
282
     1
141
0.0
142
0.0
 63
   250
421
  3355443
1001
ACAD_NAV_VCDISPLAY
1070
     1
  0
ENDTAB
  0
TABLE
  2
LTYPE
  5
37C
330
0
100
AcDbSymbolTable
 70
     6
  0
LTYPE
  5
37D
330
37C
100
AcDbSymbolTableRecord
100
AcDbLinetypeTableRecord
  2
ByBlock
 70
     0
  3

 72
    65
 73
     0
 40
0.0
  0
LTYPE
  5
37E
330
37C
100
AcDbSymbolTableRecord
100
AcDbLinetypeTableRecord
  2
ByLayer
 70
     0
  3

 72
    65
 73
     0
 40
0.0
  0
LTYPE
  5
13
330
37C
100
AcDbSymbolTableRecord
100
AcDbLinetypeTableRecord
  2
Continuous
 70
     0
  3
Solid line
 72
    65
 73
     0
 40
0.0
  0
LTYPE
  5
3D3
330
37C
100
AcDbSymbolTableRecord
100
AcDbLinetypeTableRecord
  2
ACAD_ISO05W100
 70
     0
  3
ISO long-dash double-dot ____ .. ____ .. ____ .
 72
    65
 73
     6
 40
34.0
 49
24.0
 74
     0
 49
-3.0
 74
     0
 49
0.5
 74
     0
 49
-3.0
 74
     0
 49
0.5
 74
     0
 49
-3.0
 74
     0
  0
LTYPE
  5
3D4
330
37C
100
AcDbSymbolTableRecord
100
AcDbLinetypeTableRecord
  2
DASH
 70
     0
  3
__ __ __ __ __ __ __ __ __ __ __ __ __ __ __ __
 72
    65
 73
     2
 40
0.35
 49
0.25
 74
     0
 49
-0.1
 74
     0
  0
LTYPE
  5
3D5
330
37C
100
AcDbSymbolTableRecord
100
AcDbLinetypeTableRecord
  2
CENTERX2
 70
     0
  3
Center (2x) ________  __  ________  __  _____
 72
    65
 73
     4
 40
4.0
 49
2.5
 74
     0
 49
-0.5
 74
     0
 49
0.5
 74
     0
 49
-0.5
 74
     0
  0
LTYPE
  5
3D6
330
37C
100
AcDbSymbolTableRecord
100
AcDbLinetypeTableRecord
  2
DASHED
 70
     0
  3
Dashed __ __ __ __ __ __ __ __ __ __ __ __ __ _
 72
    65
 73
     2
 40
0.75
 49
0.5
 74
     0
 49
-0.25
 74
     0
  0
LTYPE
  5
3D7
330
37C
100
AcDbSymbolTableRecord
100
AcDbLinetypeTableRecord
  2
HT-A-NOPLOT-F01-NEW
 70
     0
  3
____ . ____ . ____ . ____ . ____ . ____ . ____ 
 72
    65
 73
     4
 40
2.42
 49
2.0
 74
     0
 49
-0.2
 74
     0
 49
0.02
 74
     0
 49
-0.2
 74
     0
  0
ENDTAB
  0
TABLE
  2
LAYER
  5
373
102
{ACAD_XDICTIONARY
360
374
102
}
330
0
100
AcDbSymbolTable
 70
    23
  0
LAYER
  5
6
330
373
100
AcDbSymbolTableRecord
100
AcDbLayerTableRecord
  2
0
 70
     0
 62
     7
  6
Continuous
370
    -3
390
7
347
A
348
0
  0
LAYER
  5
15
330
373
100
AcDbSymbolTableRecord
100
AcDbLayerTableRecord
  2
HT-A-NOPLOT-F01-NEW
 70
     0
 62
     1
  6
Continuous
370
    -3
390
7
347
A
348
0
1001
AcAecLayerStandard
1000

1000
此图层的直线和弧认为是平面轴线
  0
LAYER
  5
11C
330
373
100
AcDbSymbolTableRecord
100
AcDbLayerTableRecord
  2
HT-A-COLUMN-F01-NEW
 70
     0
 62
     9
  6
Continuous
370
    -3
390
7
347
A
348
0
1001
AcAecLayerStandard
1000

1000
存放各种材质构成的柱子对象
  0
LAYER
  5
2E
330
373
100
AcDbSymbolTableRecord
100
AcDbLayerTableRecord
  2
HT-A-WIND-F01-NEW
 70
     0
 62
     4
  6
Continuous
370
    -3
390
7
347
A
348
0
1001
AcAecLayerStandard
1000

1000
存放插入的门图块
  0
LAYER
  5
115
330
373
100
AcDbSymbolTableRecord
100
AcDbLayerTableRecord
  2
HT-A-AXIS-F01-NEW
 70
     0
 62
     3
  6
Continuous
370
    -3
390
7
347
A
348
0
1001
AcAecLayerStandard
1000

1000
存放轴号对象
  0
LAYER
  5
20
330
373
100
AcDbSymbolTableRecord
100
AcDbLayerTableRecord
  2
HT-A-WALL-F01-NEW
 70
     0
 62
     9
  6
Continuous
370
    -3
390
7
347
A
348
0
1001
AcAecLayerStandard
1000

1000
存放各种材质的墙对象
  0
LAYER
  5
2C
330
373
100
AcDbSymbolTableRecord
100
AcDbLayerTableRecord
  2
SURFACE
 70
     0
 62
     6
  6
Continuous
370
    -3
390
7
347
A
348
0
1001
AcAecLayerStandard
1000

1000
粉刷层、保温层、详图饰面层
  0
LAYER
  5
108
330
373
100
AcDbSymbolTableRecord
100
AcDbLayerTableRecord
  2
STAIR
 70
     0
 62
     2
  6
Continuous
370
    -3
390
7
347
A
348
0
1001
AcAecLayerStandard
1000

1000
楼梯段、坡道、台阶、休息平台
  0
LAYER
  5
10A
330
373
100
AcDbSymbolTableRecord
100
AcDbLayerTableRecord
  2
RAIL
 70
     0
 62
   163
  6
Continuous
370
    -3
390
7
347
A
348
0
1001
AcAecLayerStandard
1000

1000
栏杆
  0
LAYER
  5
109
330
373
100
AcDbSymbolTableRecord
100
AcDbLayerTableRecord
  2
HANDRAIL
 70
     0
 62
     3
  6
Continuous
370
    -3
390
7
347
A
348
0
1001
AcAecLayerStandard
1000

1000
扶手
  0
LAYER
  5
FD
330
373
100
AcDbSymbolTableRecord
100
AcDbLayerTableRecord
  2
HT-A-ROOM-F01-NEW
 70
     0
 62
     7
  6
Continuous
370
    -3
390
7
347
A
348
0
1001
AcAecLayerStandard
1000

1000
房间名称、编号
  0
LAYER
  5
FF
330
373
100
AcDbSymbolTableRecord
100
AcDbLayerTableRecord
  2
SPACE_HATCH
 70
     0
 62
     8
  6
Continuous
370
    -3
390
7
347
A
348
0
1001
AcAecLayerStandard
1000

1000
房间面积填充图案
  0
LAYER
  5
117
330
373
100
AcDbSymbolTableRecord
100
AcDbLayerTableRecord
  2
HT-A-AXIS-TEXT-F01-NEW
 70
     0
 62
     7
  6
Continuous
370
    -3
390
7
347
A
348
0
1001
AcAecLayerStandard
1000

1000
轴号对象的轴号文字
  0
LAYER
  5
10D
330
373
100
AcDbSymbolTableRecord
100
AcDbLayerTableRecord
  2
HT-A-DIMS-SYMB-F01-NEW
 70
     0
 62
     3
  6
Continuous
370
    -3
390
7
347
A
348
0
1001
AcAecLayerStandard
1000

1000
箭头引注
  0
LAYER
  5
10B
330
373
100
AcDbSymbolTableRecord
100
AcDbLayerTableRecord
  2
HT-A-TEXT-F01-NEW
 70
     0
 62
     7
  6
Continuous
370
    -3
390
7
347
A
348
0
1001
AcAecLayerStandard
1000

1000
各种说明文字
  0
LAYER
  5
2B
330
373
100
AcDbSymbolTableRecord
100
AcDbLayerTableRecord
  2
PUB_HATCH
 70
     0
 62
     8
  6
Continuous
370
    -3
390
7
347
A
348
0
1001
AcAecLayerStandard
1000

1000
填充图案
  0
LAYER
  5
189
330
373
100
AcDbSymbolTableRecord
100
AcDbLayerTableRecord
  2
PUB_TITLE
 70
     0
 62
     4
  6
Continuous
370
    -3
390
7
347
A
348
0
1001
AcAecLayerStandard
1000

1000
存放图框线与标题栏、会签栏图块
  0
LAYER
  5
6B
330
373
100
AcDbSymbolTableRecord
100
AcDbLayerTableRecord
  2
HT-A-WIND-TEXT-F01-NEW
 70
     0
 62
     7
  6
Continuous
370
    -3
390
7
347
A
348
0
1001
AcAecLayerStandard
1000

1000
门窗编号
  0
LAYER
  5
3B
330
373
100
AcDbSymbolTableRecord
100
AcDbLayerTableRecord
  2
3T_BAR
 70
     0
 62
     7
  6
Continuous
370
    -3
390
7
347
A
348
0
  0
LAYER
  5
48
330
373
100
AcDbSymbolTableRecord
100
AcDbLayerTableRecord
  2
3T_GLASS
 70
     0
 62
     5
  6
Continuous
370
    -3
390
7
347
A
348
0
  0
LAYER
  5
83
330
373
100
AcDbSymbolTableRecord
100
AcDbLayerTableRecord
  2
3T_WOOD
 70
     0
 62
    21
  6
Continuous
370
    -3
390
7
347
A
348
0
  0
LAYER
  5
19C
330
373
100
AcDbSymbolTableRecord
100
AcDbLayerTableRecord
  2
Defpoints
 70
     0
 62
     7
  6
Continuous
290
     0
370
    -3
390
7
347
A
348
0
  0
LAYER
  5
3D9
330
373
100
AcDbSymbolTableRecord
100
AcDbLayerTableRecord
  2
PUB_WALL
 70
     0
 62
     9
  6
Continuous
370
    -3
390
7
347
A
348
0
  0
ENDTAB
  0
TABLE
  2
STYLE
  5
379
330
0
100
AcDbSymbolTable
 70
    11
  0
STYLE
  5
37A
330
379
100
AcDbSymbolTableRecord
100
AcDbTextStyleTableRecord
  2
Standard
 70
     0
 40
0.0
 41
1.0
 50
0.0
 71
     0
 42
2.5
  3
txt
  4

  0
STYLE
  5
10C
330
379
100
AcDbSymbolTableRecord
100
AcDbTextStyleTableRecord
  2
_TCH_DIM
 70
     0
 40
0.0
 41
1.0
 50
0.0
 71
     0
 42
2.5
  3
SIMPLEX
  4
GBCBIG
1001
_TCH
1040
0.85
1040
0.6
1070
     7
  0
STYLE
  5
FE
330
379
100
AcDbSymbolTableRecord
100
AcDbTextStyleTableRecord
  2
_TCH_SPACE
 70
     0
 40
0.0
 41
1.0
 50
0.0
 71
     0
 42
2.5
  3
SIMPLEX
  4
GBCBIG
1001
_TCH
1040
0.85
1040
0.6
1070
     7
  0
STYLE
  5
6A
330
379
100
AcDbSymbolTableRecord
100
AcDbTextStyleTableRecord
  2
_TCH_WINDOW
 70
     0
 40
0.0
 41
1.0
 50
0.0
 71
     0
 42
2.5
  3
SIMPLEX
  4
GBCBIG
1001
_TCH
1040
0.85
1040
0.6
1070
     7
  0
STYLE
  5
116
330
379
100
AcDbSymbolTableRecord
100
AcDbTextStyleTableRecord
  2
_TCH_AXIS
 70
     0
 40
0.0
 41
1.0
 50
0.0
 71
     0
 42
2.5
  3
COMPLEX
  4
GBCBIG
1001
_TCH
1040
0.85
1040
0.6
1070
     7
  0
STYLE
  5
19A
330
379
100
AcDbSymbolTableRecord
100
AcDbTextStyleTableRecord
  2
_TCH_DIM_T3
 70
     0
 40
0.0
 41
0.71
 50
0.0
 71
     0
 42
2.5
  3
SIMPLEX
  4
GBCBIG
1001
_TCH
1040
0.85
1040
0.6
1070
     7
  0
STYLE
  5
3C5
330
379
100
AcDbSymbolTableRecord
100
AcDbTextStyleTableRecord
  2
COMPLEX
 70
     0
 40
0.0
 41
1.0
 50
0.0
 71
     0
 42
0.6
  3
COMPLEX
  4

1001
AcadAnnotative
1000
AnnotativeData
1002
{
1070
     1
1070
     1
1002
}
  0
STYLE
  5
3C9
330
379
100
AcDbSymbolTableRecord
100
AcDbTextStyleTableRecord
  2
Annotative
 70
     0
 40
0.0
 41
1.0
 50
0.0
 71
     0
 42
0.2
  3
txt
  4

1001
AcadAnnotative
1000
AnnotativeData
1002
{
1070
     1
1070
     1
1002
}
  0
STYLE
  5
3CB
330
379
100
AcDbSymbolTableRecord
100
AcDbTextStyleTableRecord
  2
_TCH_DYN
 70
     0
 40
0.0
 41
1.0
 50
0.0
 71
     0
 42
2.5
  3

  4

1001
ACAD
1000
SimSun
1071
        0
  0
STYLE
  5
3CF
330
379
100
AcDbSymbolTableRecord
100
AcDbTextStyleTableRecord
  2
图框
 70
     0
 40
0.0
 41
1.0
 50
0.0
 71
     0
 42
2.0
  3

  4

1001
ACAD
1000
SimSun
1071
    34306
  0
STYLE
  5
3D0
330
379
100
AcDbSymbolTableRecord
100
AcDbTextStyleTableRecord
  2
DIM_FONT
 70
     0
 40
0.0
 41
0.7
 50
0.0
 71
     0
 42
2.5
  3
SIMPLEX
  4
GBCBIG
1001
_TCH
1040
0.85
1040
0.6
1070
     7
  0
ENDTAB
  0
TABLE
  2
VIEW
  5
37F
330
0
100
AcDbSymbolTable
 70
     2
  0
ENDTAB
  0
TABLE
  2
UCS
  5
380
330
0
100
AcDbSymbolTable
 70
     0
  0
ENDTAB
  0
TABLE
  2
APPID
  5
386
330
0
100
AcDbSymbolTable
 70
    10
  0
APPID
  5
378
330
386
100
AcDbSymbolTableRecord
100
AcDbRegAppTableRecord
  2
ACAD
 70
     0
  0
APPID
  5
385
330
386
100
AcDbSymbolTableRecord
100
AcDbRegAppTableRecord
  2
ACAD_NAV_VCDISPLAY
 70
     0
  0
APPID
  5
16
330
386
100
AcDbSymbolTableRecord
100
AcDbRegAppTableRecord
  2
AcAecLayerStandard
 70
     0
  0
APPID
  5
69
330
386
100
AcDbSymbolTableRecord
100
AcDbRegAppTableRecord
  2
_TCH
 70
     0
  0
APPID
  5
3C6
330
386
100
AcDbSymbolTableRecord
100
AcDbRegAppTableRecord
  2
AcadAnnotative
 70
     0
  0
APPID
  5
3DA
330
386
100
AcDbSymbolTableRecord
100
AcDbRegAppTableRecord
  2
WTHICK
 70
     0
  0
APPID
  5
4BE
330
386
100
AcDbSymbolTableRecord
100
AcDbRegAppTableRecord
  2
_TCH_MASK
 70
     0
  0
APPID
  5
64C
330
386
100
AcDbSymbolTableRecord
100
AcDbRegAppTableRecord
  2
ACAD_DSTYLE_DIMEXT_LENGTH
 70
     0
  0
APPID
  5
651
330
386
100
AcDbSymbolTableRecord
100
AcDbRegAppTableRecord
  2
ACAD_DSTYLE_DIMJOGGED_JOGANGLE_SYMBOL
 70
     0
  0
APPID
  5
683
330
386
100
AcDbSymbolTableRecord
100
AcDbRegAppTableRecord
  2
ACAD_MLEADERVER
 70
     0
  0
ENDTAB
  0
TABLE
  2
DIMSTYLE
  5
387
330
0
100
AcDbSymbolTable
 70
     3
100
AcDbDimStyleTable
 71
     2
340
1A0
340
388
  0
DIMSTYLE
105
388
330
387
100
AcDbSymbolTableRecord
100
AcDbDimStyleTableRecord
  2
ISO-25
 70
     0
 41
2.5
 42
0.63
 43
3.75
 44
1.25
 50
90.0
 73
     0
 74
     0
 77
     1
 78
     8
140
2.5
141
2.5
143
0.04
147
0.63
171
     3
172
     1
271
     2
272
     2
274
     3
283
     0
284
     8
340
37A
1001
ACAD_DSTYLE_DIMJOGGED_JOGANGLE_SYMBOL
1070
   384
1040
1.57
  0
DIMSTYLE
105
1A0
102
{ACAD_REACTORS
330
18D
330
1A1
330
1AE
330
1BB
330
1C8
330
1D5
330
1E2
330
1EF
330
1FC
330
209
330
216
330
223
330
230
330
23D
330
24A
330
257
330
264
330
271
330
27E
330
28B
330
298
330
2A5
330
2B2
330
2BF
330
2CC
330
2D9
330
2E6
330
2F3
330
300
330
30D
330
31A
330
327
330
334
330
341
330
34E
330
35B
102
}
330
387
100
AcDbSymbolTableRecord
100
AcDbDimStyleTableRecord
  2
_TCH_ARCH&&100
 70
     0
 41
100.0
 42
300.0
 43
0.0
 44
250.0
 49
100.0
 73
     0
 74
     0
 77
     1
 79
     2
140
297.5
147
126.25
172
     1
174
     1
178
     7
179
     2
271
     0
272
     0
279
     2
340
19A
342
194
  0
DIMSTYLE
105
4BD
330
387
100
AcDbSymbolTableRecord
100
AcDbDimStyleTableRecord
  2
Standard
 70
     0
340
37A
  0
ENDTAB
  0
TABLE
  2
BLOCK_RECORD
  5
1
330
0
100
AcDbSymbolTable
 70
    65
  0
BLOCK_RECORD
  5
2
102
{ACAD_XDICTIONARY
360
3
102
}
330
1
100
AcDbSymbolTableRecord
100
AcDbBlockTableRecord
  2
*Model_Space
340
369
 70
     0
280
     1
281
     0
  0
BLOCK_RECORD
  5
36B
330
1
100
AcDbSymbolTableRecord
100
AcDbBlockTableRecord
  2
*Paper_Space
340
36E
 70
     0
280
     1
281
     0
  0
BLOCK_RECORD
  5
36F
330
1
100
AcDbSymbolTableRecord
100
AcDbBlockTableRecord
  2
*Paper_Space0
340
372
 70
     0
280
     1
281
     0
  0
BLOCK_RECORD
  5
21
102
{ACAD_XDICTIONARY
360
22
102
}
330
1
100
AcDbSymbolTableRecord
100
AcDbBlockTableRecord
  2
$LinePat$保温层
340
0
 70
     0
280
     1
281
     0
  0
BLOCK_RECORD
  5
194
330
1
100
AcDbSymbolTableRecord
100
AcDbBlockTableRecord
  2
_ArchTick
340
0
102
{BLKREFS
331
748
331
749
331
754
331
755
331
760
331
761
331
76C
331
76D
331
6A0
331
6A1
331
6AC
331
6AD
331
6B8
331
6B9
331
6C4
331
6C5
331
6D0
331
6D1
331
6DC
331
6DD
331
6E8
331
6E9
331
6F4
331
6F5
331
700
331
701
331
70C
331
70D
331
718
331
719
331
724
331
725
331
730
331
731
331
73C
331
73D
331
1A7
331
1A8
331
1B4
331
1B5
331
1C1
331
1C2
331
1CE
331
1CF
331
1DB
331
1DC
331
1E8
331
1E9
331
1F5
331
1F6
331
202
331
203
331
20F
331
210
331
21C
331
21D
331
229
331
22A
331
236
331
237
331
243
331
244
331
250
331
251
331
25D
331
25E
331
26A
331
26B
331
277
331
278
331
284
331
285
331
193
331
198
331
313
331
314
331
320
331
321
331
32D
331
32E
331
33A
331
33B
331
347
331
348
331
354
331
355
331
361
331
362
331
291
331
292
331
29E
331
29F
331
2AB
331
2AC
331
2B8
331
2B9
331
2C5
331
2C6
331
2D2
331
2D3
331
2DF
331
2E0
331
2EC
331
2ED
331
2F9
331
2FA
331
306
331
307
102
}
 70
     0
280
     1
281
     0
  0
BLOCK_RECORD
  5
149
330
1
100
AcDbSymbolTableRecord
100
AcDbBlockTableRecord
  2
$DorLib2D$00000131
340
0
102
{BLKREFS
331
637
102
}
 70
     0
280
     1
281
     0
1001
_TCH
1040
1.0
  0
BLOCK_RECORD
  5
80
330
1
100
AcDbSymbolTableRecord
100
AcDbBlockTableRecord
  2
$TCHSYS$DOOR3D
340
0
 70
     0
280
     1
281
     0
1001
_TCH
1040
900.0
1040
2100.0
  0
BLOCK_RECORD
  5
77
102
{ACAD_XDICTIONARY
360
78
102
}
330
1
100
AcDbSymbolTableRecord
100
AcDbBlockTableRecord
  2
$DorLib2D$00000001
340
0
102
{BLKREFS
331
57B
331
55A
331
622
331
625
331
62E
331
631
331
43C
331
45A
331
45F
331
46C
331
46F
102
}
 70
     0
280
     1
281
     0
  0
BLOCK_RECORD
  5
2F
330
1
100
AcDbSymbolTableRecord
100
AcDbBlockTableRecord
  2
$TCHSYS$WIN2D
340
0
102
{BLKREFS
331
563
331
4F1
331
4F4
331
4F7
331
4FA
331
4FD
331
500
331
503
331
50C
331
517
331
526
331
535
331
53E
331
551
102
}
 70
     0
280
     1
281
     0
  0
BLOCK_RECORD
  5
38
330
1
100
AcDbSymbolTableRecord
100
AcDbBlockTableRecord
  2
$TCHSYS$WIN3D
340
0
 70
     0
280
     1
281
     0
1001
_TCH
1040
1200.0
1040
1800.0
  0
BLOCK_RECORD
  5
E6
102
{ACAD_XDICTIONARY
360
E7
102
}
330
1
100
AcDbSymbolTableRecord
100
AcDbBlockTableRecord
  2
$DorLib2D$00000002
340
0
102
{BLKREFS
331
619
102
}
 70
     0
280
     1
281
     0
  0
BLOCK_RECORD
  5
18E
330
1
100
AcDbSymbolTableRecord
100
AcDbBlockTableRecord
  2
*D9
340
0
 70
     0
280
     1
281
     0
  0
BLOCK_RECORD
  5
1A2
330
1
100
AcDbSymbolTableRecord
100
AcDbBlockTableRecord
  2
*D10
340
0
 70
     0
280
     1
281
     0
  0
BLOCK_RECORD
  5
1AF
330
1
100
AcDbSymbolTableRecord
100
AcDbBlockTableRecord
  2
*D11
340
0
 70
     0
280
     1
281
     0
  0
BLOCK_RECORD
  5
1BC
330
1
100
AcDbSymbolTableRecord
100
AcDbBlockTableRecord
  2
*D12
340
0
 70
     0
280
     1
281
     0
  0
BLOCK_RECORD
  5
1C9
330
1
100
AcDbSymbolTableRecord
100
AcDbBlockTableRecord
  2
*D13
340
0
 70
     0
280
     1
281
     0
  0
BLOCK_RECORD
  5
1D6
330
1
100
AcDbSymbolTableRecord
100
AcDbBlockTableRecord
  2
*D14
340
0
 70
     0
280
     1
281
     0
  0
BLOCK_RECORD
  5
1E3
330
1
100
AcDbSymbolTableRecord
100
AcDbBlockTableRecord
  2
*D15
340
0
 70
     0
280
     1
281
     0
  0
BLOCK_RECORD
  5
1F0
330
1
100
AcDbSymbolTableRecord
100
AcDbBlockTableRecord
  2
*D16
340
0
 70
     0
280
     1
281
     0
  0
BLOCK_RECORD
  5
1FD
330
1
100
AcDbSymbolTableRecord
100
AcDbBlockTableRecord
  2
*D17
340
0
 70
     0
280
     1
281
     0
  0
BLOCK_RECORD
  5
20A
330
1
100
AcDbSymbolTableRecord
100
AcDbBlockTableRecord
  2
*D18
340
0
 70
     0
280
     1
281
     0
  0
BLOCK_RECORD
  5
217
330
1
100
AcDbSymbolTableRecord
100
AcDbBlockTableRecord
  2
*D19
340
0
 70
     0
280
     1
281
     0
  0
BLOCK_RECORD
  5
224
330
1
100
AcDbSymbolTableRecord
100
AcDbBlockTableRecord
  2
*D20
340
0
 70
     0
280
     1
281
     0
  0
BLOCK_RECORD
  5
231
330
1
100
AcDbSymbolTableRecord
100
AcDbBlockTableRecord
  2
*D21
340
0
 70
     0
280
     1
281
     0
  0
BLOCK_RECORD
  5
23E
330
1
100
AcDbSymbolTableRecord
100
AcDbBlockTableRecord
  2
*D22
340
0
 70
     0
280
     1
281
     0
  0
BLOCK_RECORD
  5
24B
330
1
100
AcDbSymbolTableRecord
100
AcDbBlockTableRecord
  2
*D23
340
0
 70
     0
280
     1
281
     0
  0
BLOCK_RECORD
  5
258
330
1
100
AcDbSymbolTableRecord
100
AcDbBlockTableRecord
  2
*D24
340
0
 70
     0
280
     1
281
     0
  0
BLOCK_RECORD
  5
265
330
1
100
AcDbSymbolTableRecord
100
AcDbBlockTableRecord
  2
*D25
340
0
 70
     0
280
     1
281
     0
  0
BLOCK_RECORD
  5
272
330
1
100
AcDbSymbolTableRecord
100
AcDbBlockTableRecord
  2
*D26
340
0
 70
     0
280
     1
281
     0
  0
BLOCK_RECORD
  5
27F
330
1
100
AcDbSymbolTableRecord
100
AcDbBlockTableRecord
  2
*D27
340
0
 70
     0
280
     1
281
     0
  0
BLOCK_RECORD
  5
28C
330
1
100
AcDbSymbolTableRecord
100
AcDbBlockTableRecord
  2
*D28
340
0
 70
     0
280
     1
281
     0
  0
BLOCK_RECORD
  5
299
330
1
100
AcDbSymbolTableRecord
100
AcDbBlockTableRecord
  2
*D29
340
0
 70
     0
280
     1
281
     0
  0
BLOCK_RECORD
  5
2A6
330
1
100
AcDbSymbolTableRecord
100
AcDbBlockTableRecord
  2
*D30
340
0
 70
     0
280
     1
281
     0
  0
BLOCK_RECORD
  5
2B3
330
1
100
AcDbSymbolTableRecord
100
AcDbBlockTableRecord
  2
*D31
340
0
 70
     0
280
     1
281
     0
  0
BLOCK_RECORD
  5
2C0
330
1
100
AcDbSymbolTableRecord
100
AcDbBlockTableRecord
  2
*D32
340
0
 70
     0
280
     1
281
     0
  0
BLOCK_RECORD
  5
2CD
330
1
100
AcDbSymbolTableRecord
100
AcDbBlockTableRecord
  2
*D33
340
0
 70
     0
280
     1
281
     0
  0
BLOCK_RECORD
  5
2DA
330
1
100
AcDbSymbolTableRecord
100
AcDbBlockTableRecord
  2
*D34
340
0
 70
     0
280
     1
281
     0
  0
BLOCK_RECORD
  5
2E7
330
1
100
AcDbSymbolTableRecord
100
AcDbBlockTableRecord
  2
*D35
340
0
 70
     0
280
     1
281
     0
  0
BLOCK_RECORD
  5
2F4
330
1
100
AcDbSymbolTableRecord
100
AcDbBlockTableRecord
  2
*D36
340
0
 70
     0
280
     1
281
     0
  0
BLOCK_RECORD
  5
301
330
1
100
AcDbSymbolTableRecord
100
AcDbBlockTableRecord
  2
*D37
340
0
 70
     0
280
     1
281
     0
  0
BLOCK_RECORD
  5
30E
330
1
100
AcDbSymbolTableRecord
100
AcDbBlockTableRecord
  2
*D38
340
0
 70
     0
280
     1
281
     0
  0
BLOCK_RECORD
  5
31B
330
1
100
AcDbSymbolTableRecord
100
AcDbBlockTableRecord
  2
*D39
340
0
 70
     0
280
     1
281
     0
  0
BLOCK_RECORD
  5
328
330
1
100
AcDbSymbolTableRecord
100
AcDbBlockTableRecord
  2
*D40
340
0
 70
     0
280
     1
281
     0
  0
BLOCK_RECORD
  5
335
330
1
100
AcDbSymbolTableRecord
100
AcDbBlockTableRecord
  2
*D41
340
0
 70
     0
280
     1
281
     0
  0
BLOCK_RECORD
  5
342
330
1
100
AcDbSymbolTableRecord
100
AcDbBlockTableRecord
  2
*D42
340
0
 70
     0
280
     1
281
     0
  0
BLOCK_RECORD
  5
34F
330
1
100
AcDbSymbolTableRecord
100
AcDbBlockTableRecord
  2
*D43
340
0
 70
     0
280
     1
281
     0
  0
BLOCK_RECORD
  5
35C
330
1
100
AcDbSymbolTableRecord
100
AcDbBlockTableRecord
  2
*D44
340
0
 70
     0
280
     1
281
     0
  0
BLOCK_RECORD
  5
3C1
330
1
100
AcDbSymbolTableRecord
100
AcDbBlockTableRecord
  2
_AXISO
340
0
102
{BLKREFS
331
5C0
331
5C4
331
5C8
331
5CC
331
5D0
331
5D4
331
5D8
331
5DC
331
5E0
331
5E4
331
5E8
331
5EC
331
5F0
331
5F4
331
5F8
331
5FC
331
600
331
604
331
476
331
47A
331
47E
331
482
331
486
331
48A
331
48E
331
492
331
496
331
49A
331
49E
331
4A2
331
4A6
331
4AA
331
4AE
331
4B2
331
4B6
331
4BA
102
}
 70
     0
280
     1
281
     0
  0
BLOCK_RECORD
  5
4D9
102
{ACAD_XDICTIONARY
360
4DC
102
}
330
1
100
AcDbSymbolTableRecord
100
AcDbBlockTableRecord
  2
_FZH
340
0
102
{BLKREFS
331
4E9
331
4EA
331
4ED
331
4EE
331
4EF
331
4F0
331
607
331
608
331
609
331
60A
331
60D
331
60E
331
611
331
612
331
615
331
616
331
617
331
618
331
4DF
331
4E0
331
4E1
331
4E2
331
4E5
331
4E6
102
}
 70
     0
280
     1
281
     0
  0
BLOCK_RECORD
  5
69A
330
1
100
AcDbSymbolTableRecord
100
AcDbBlockTableRecord
  2
*D47
340
0
 70
     0
280
     1
281
     0
  0
BLOCK_RECORD
  5
6A6
330
1
100
AcDbSymbolTableRecord
100
AcDbBlockTableRecord
  2
*D48
340
0
 70
     0
280
     1
281
     0
  0
BLOCK_RECORD
  5
6B2
330
1
100
AcDbSymbolTableRecord
100
AcDbBlockTableRecord
  2
*D49
340
0
 70
     0
280
     1
281
     0
  0
BLOCK_RECORD
  5
6BE
330
1
100
AcDbSymbolTableRecord
100
AcDbBlockTableRecord
  2
*D50
340
0
 70
     0
280
     1
281
     0
  0
BLOCK_RECORD
  5
6CA
330
1
100
AcDbSymbolTableRecord
100
AcDbBlockTableRecord
  2
*D51
340
0
 70
     0
280
     1
281
     0
  0
BLOCK_RECORD
  5
6D6
330
1
100
AcDbSymbolTableRecord
100
AcDbBlockTableRecord
  2
*D52
340
0
 70
     0
280
     1
281
     0
  0
BLOCK_RECORD
  5
6E2
330
1
100
AcDbSymbolTableRecord
100
AcDbBlockTableRecord
  2
*D53
340
0
 70
     0
280
     1
281
     0
  0
BLOCK_RECORD
  5
6EE
330
1
100
AcDbSymbolTableRecord
100
AcDbBlockTableRecord
  2
*D54
340
0
 70
     0
280
     1
281
     0
  0
BLOCK_RECORD
  5
6FA
330
1
100
AcDbSymbolTableRecord
100
AcDbBlockTableRecord
  2
*D55
340
0
 70
     0
280
     1
281
     0
  0
BLOCK_RECORD
  5
706
330
1
100
AcDbSymbolTableRecord
100
AcDbBlockTableRecord
  2
*D56
340
0
 70
     0
280
     1
281
     0
  0
BLOCK_RECORD
  5
712
330
1
100
AcDbSymbolTableRecord
100
AcDbBlockTableRecord
  2
*D57
340
0
 70
     0
280
     1
281
     0
  0
BLOCK_RECORD
  5
71E
330
1
100
AcDbSymbolTableRecord
100
AcDbBlockTableRecord
  2
*D58
340
0
 70
     0
280
     1
281
     0
  0
BLOCK_RECORD
  5
72A
330
1
100
AcDbSymbolTableRecord
100
AcDbBlockTableRecord
  2
*D59
340
0
 70
     0
280
     1
281
     0
  0
BLOCK_RECORD
  5
736
330
1
100
AcDbSymbolTableRecord
100
AcDbBlockTableRecord
  2
*D60
340
0
 70
     0
280
     1
281
     0
  0
BLOCK_RECORD
  5
742
330
1
100
AcDbSymbolTableRecord
100
AcDbBlockTableRecord
  2
*D61
340
0
 70
     0
280
     1
281
     0
  0
BLOCK_RECORD
  5
74E
330
1
100
AcDbSymbolTableRecord
100
AcDbBlockTableRecord
  2
*D62
340
0
 70
     0
280
     1
281
     0
  0
BLOCK_RECORD
  5
75A
330
1
100
AcDbSymbolTableRecord
100
AcDbBlockTableRecord
  2
*D63
340
0
 70
     0
280
     1
281
     0
  0
BLOCK_RECORD
  5
766
330
1
100
AcDbSymbolTableRecord
100
AcDbBlockTableRecord
  2
*D64
340
0
 70
     0
280
     1
281
     0
  0
ENDTAB
  0
ENDSEC
  0
SECTION
  2
BLOCKS
  0
BLOCK
  5
5
330
2
100
AcDbEntity
  8
0
100
AcDbBlockBegin
  2
*Model_Space
 70
     0
 10
0.0
 20
0.0
 30
0.0
  3
*Model_Space
  1

  0
ENDBLK
  5
368
330
2
100
AcDbEntity
  8
0
100
AcDbBlockEnd
  0
BLOCK
  5
36C
330
36B
100
AcDbEntity
 67
     1
  8
0
100
AcDbBlockBegin
  2
*Paper_Space
 70
     0
 10
0.0
 20
0.0
 30
0.0
  3
*Paper_Space
  1

  0
ENDBLK
  5
36D
330
36B
100
AcDbEntity
 67
     1
  8
0
100
AcDbBlockEnd
  0
BLOCK
  5
370
330
36F
100
AcDbEntity
 67
     1
  8
0
100
AcDbBlockBegin
  2
*Paper_Space0
 70
     0
 10
0.0
 20
0.0
 30
0.0
  3
*Paper_Space0
  1

  0
ENDBLK
  5
371
330
36F
100
AcDbEntity
 67
     1
  8
0
100
AcDbBlockEnd
  0
BLOCK
  5
24
330
21
100
AcDbEntity
  8
0
100
AcDbBlockBegin
  2
$LinePat$保温层
 70
     0
 10
0.0
 20
0.0
 30
0.0
  3
$LinePat$保温层
  1

  0
LINE
  5
25
330
21
100
AcDbEntity
  8
0
 62
     0
100
AcDbLine
 10
24.0
 20
-24.0
 30
0.0
 11
24.0
 21
-56.0
 31
0.0
  0
LINE
  5
26
330
21
100
AcDbEntity
  8
0
 62
     0
100
AcDbLine
 10
72.0
 20
-56.0
 30
0.0
 11
72.0
 21
-24.0
 31
0.0
  0
ARC
  5
27
330
21
100
AcDbEntity
  8
0
 62
     0
100
AcDbCircle
 10
0.0
 20
-24.0
 30
0.0
 40
23.99999999999855
100
AcDbArc
 50
0.0
 51
90.0
  0
ARC
  5
28
330
21
100
AcDbEntity
  8
0
 62
     0
100
AcDbCircle
 10
96.0
 20
-24.0
 30
0.0
 40
24.00000000000037
100
AcDbArc
 50
90.0
 51
180.0
  0
ARC
  5
29
330
21
100
AcDbEntity
  8
0
 62
     0
100
AcDbCircle
 10
48.0
 20
-56.0
 30
0.0
 40
24.00000000000037
100
AcDbArc
 50
180.0
 51
0.0
  0
ENDBLK
  5
2A
330
21
100
AcDbEntity
  8
0
100
AcDbBlockEnd
  0
BLOCK
  5
195
330
194
100
AcDbEntity
  8
0
100
AcDbBlockBegin
  2
_ArchTick
 70
     0
 10
0.0
 20
0.0
 30
0.0
  3
_ArchTick
  1

  0
LWPOLYLINE
  5
196
330
194
100
AcDbEntity
  8
0
  6
ByBlock
 62
     0
100
AcDbPolyline
 90
        2
 70
     0
 43
0.15
 10
-0.5
 20
-0.5
 10
0.5
 20
0.5
  0
ENDBLK
  5
197
330
194
100
AcDbEntity
  8
0
100
AcDbBlockEnd
  0
BLOCK
  5
14A
330
149
100
AcDbEntity
  8
0
100
AcDbBlockBegin
  2
$DorLib2D$00000131
 70
     0
 10
0.0
 20
0.0
 30
0.0
  3
$DorLib2D$00000131
  1

  0
LINE
  5
14B
330
149
100
AcDbEntity
  8
0
  6
Continuous
 62
     0
100
AcDbLine
 10
-0.23
 20
-0.2
 30
0.0
 11
-0.23
 21
-0.13
 31
0.0
  0
LINE
  5
14C
330
149
100
AcDbEntity
  8
0
  6
Continuous
 62
     0
100
AcDbLine
 10
-0.15
 20
-0.13
 30
0.0
 11
-0.23
 21
-0.2
 31
0.0
  0
LINE
  5
14D
330
149
100
AcDbEntity
  8
0
  6
Continuous
 62
     0
100
AcDbLine
 10
-0.35
 20
-0.13
 30
0.0
 11
-0.15
 21
-0.13
 31
0.0
  0
LINE
  5
14E
330
149
100
AcDbEntity
  8
0
  6
Continuous
 62
     0
100
AcDbLine
 10
0.23
 20
0.2
 30
0.0
 11
0.23
 21
0.13
 31
0.0
  0
LINE
  5
14F
330
149
100
AcDbEntity
  8
0
  6
Continuous
 62
     0
100
AcDbLine
 10
0.15
 20
0.13
 30
0.0
 11
0.23
 21
0.2
 31
0.0
  0
LINE
  5
150
330
149
100
AcDbEntity
  8
0
  6
Continuous
 62
     0
100
AcDbLine
 10
0.35
 20
0.13
 30
0.0
 11
0.15
 21
0.13
 31
0.0
  0
LINE
  5
151
330
149
100
AcDbEntity
  8
0
  6
Continuous
 62
     0
100
AcDbLine
 10
0.5
 20
0.0
 30
0.0
 11
0.5
 21
-0.13
 31
0.0
  0
LINE
  5
152
330
149
100
AcDbEntity
  8
0
  6
Continuous
 62
     0
100
AcDbLine
 10
-0.02
 20
0.0
 30
0.0
 11
0.5
 21
0.0
 31
0.0
  0
LINE
  5
153
330
149
100
AcDbEntity
  8
0
  6
Continuous
 62
     0
100
AcDbLine
 10
-0.02
 20
-0.13
 30
0.0
 11
-0.02
 21
0.0
 31
0.0
  0
LINE
  5
154
330
149
100
AcDbEntity
  8
0
  6
Continuous
 62
     0
100
AcDbLine
 10
0.5
 20
-0.13
 30
0.0
 11
-0.02
 21
-0.13
 31
0.0
  0
LINE
  5
155
330
149
100
AcDbEntity
  8
0
  6
Continuous
 62
     0
100
AcDbLine
 10
-0.5
 20
0.13
 30
0.0
 11
-0.5
 21
0.0
 31
0.0
  0
LINE
  5
156
330
149
100
AcDbEntity
  8
0
  6
Continuous
 62
     0
100
AcDbLine
 10
0.02
 20
0.13
 30
0.0
 11
-0.5
 21
0.13
 31
0.0
  0
LINE
  5
157
330
149
100
AcDbEntity
  8
0
  6
Continuous
 62
     0
100
AcDbLine
 10
0.02
 20
0.0
 30
0.0
 11
0.02
 21
0.13
 31
0.0
  0
LINE
  5
158
330
149
100
AcDbEntity
  8
0
  6
Continuous
 62
     0
100
AcDbLine
 10
-0.5
 20
0.0
 30
0.0
 11
0.02
 21
0.0
 31
0.0
  0
ENDBLK
  5
159
330
149
100
AcDbEntity
  8
0
100
AcDbBlockEnd
  0
BLOCK
  5
81
330
80
100
AcDbEntity
  8
0
100
AcDbBlockBegin
  2
$TCHSYS$DOOR3D
 70
     0
 10
0.0
 20
0.0
 30
0.0
  3
$TCHSYS$DOOR3D
  1

  0
3DFACE
  5
82
330
80
100
AcDbEntity
  8
3T_WOOD
100
AcDbFace
 10
409.41
 20
-10.0
 30
2055.56
 11
-411.02
 21
-10.0
 31
2055.56
 12
-411.02
 22
-10.0
 32
1.21
 13
409.41
 23
-10.0
 33
1.21
  0
3DFACE
  5
84
330
80
100
AcDbEntity
  8
3T_WOOD
100
AcDbFace
 10
-450.0
 20
50.0
 30
2100.0
 11
409.09
 21
50.0
 31
2055.58
 12
-409.09
 22
50.0
 32
2055.58
 13
-409.09
 23
50.0
 33
2055.58
 70
    13
  0
3DFACE
  5
85
330
80
100
AcDbEntity
  8
3T_WOOD
100
AcDbFace
 10
409.09
 20
50.0
 30
2055.58
 11
-450.0
 21
50.0
 31
2100.0
 12
450.0
 22
50.0
 32
2100.0
 13
450.0
 23
50.0
 33
2100.0
 70
    13
  0
3DFACE
  5
86
330
80
100
AcDbEntity
  8
3T_WOOD
100
AcDbFace
 10
-450.0
 20
-50.0
 30
2100.0
 11
-409.09
 21
-50.0
 31
2055.58
 12
409.09
 22
-50.0
 32
2055.58
 13
409.09
 23
-50.0
 33
2055.58
 70
    13
  0
3DFACE
  5
87
330
80
100
AcDbEntity
  8
3T_WOOD
100
AcDbFace
 10
409.09
 20
-50.0
 30
2055.58
 11
450.0
 21
-50.0
 31
2100.0
 12
-450.0
 22
-50.0
 32
2100.0
 13
-450.0
 23
-50.0
 33
2100.0
 70
    13
  0
3DFACE
  5
88
330
80
100
AcDbEntity
  8
3T_WOOD
100
AcDbFace
 10
-409.09
 20
-50.0
 30
2055.58
 11
-409.09
 21
50.0
 31
2055.58
 12
409.09
 22
50.0
 32
2055.58
 13
409.09
 23
-50.0
 33
2055.58
  0
3DFACE
  5
89
330
80
100
AcDbEntity
  8
3T_WOOD
100
AcDbFace
 10
-450.0
 20
50.0
 30
0.0
 11
-409.09
 21
50.0
 31
2055.58
 12
-409.09
 22
50.0
 32
0.0
 13
-409.09
 23
50.0
 33
0.0
 70
     1
  0
3DFACE
  5
8A
330
80
100
AcDbEntity
  8
3T_WOOD
100
AcDbFace
 10
409.09
 20
50.0
 30
2055.58
 11
450.0
 21
50.0
 31
0.0
 12
409.09
 22
50.0
 32
0.0
 13
409.09
 23
50.0
 33
0.0
 70
     1
  0
3DFACE
  5
8B
330
80
100
AcDbEntity
  8
3T_WOOD
100
AcDbFace
 10
409.09
 20
50.0
 30
2055.58
 11
450.0
 21
50.0
 31
2100.0
 12
450.0
 22
50.0
 32
0.0
 13
450.0
 23
50.0
 33
0.0
 70
    13
  0
3DFACE
  5
8C
330
80
100
AcDbEntity
  8
3T_WOOD
100
AcDbFace
 10
-450.0
 20
50.0
 30
2100.0
 11
-409.09
 21
50.0
 31
2055.58
 12
-450.0
 22
50.0
 32
0.0
 13
-450.0
 23
50.0
 33
0.0
 70
     3
  0
3DFACE
  5
8D
330
80
100
AcDbEntity
  8
3T_WOOD
100
AcDbFace
 10
-450.0
 20
-50.0
 30
0.0
 11
-409.09
 21
-50.0
 31
0.0
 12
-409.09
 22
-50.0
 32
2055.58
 13
-409.09
 23
-50.0
 33
2055.58
 70
    12
  0
3DFACE
  5
8E
330
80
100
AcDbEntity
  8
3T_WOOD
100
AcDbFace
 10
409.09
 20
-50.0
 30
2055.58
 11
409.09
 21
-50.0
 31
0.0
 12
450.0
 22
-50.0
 32
0.0
 13
450.0
 23
-50.0
 33
0.0
 70
    12
  0
3DFACE
  5
8F
330
80
100
AcDbEntity
  8
3T_WOOD
100
AcDbFace
 10
409.09
 20
-50.0
 30
2055.58
 11
450.0
 21
-50.0
 31
0.0
 12
450.0
 22
-50.0
 32
2100.0
 13
450.0
 23
-50.0
 33
2100.0
 70
    13
  0
3DFACE
  5
90
330
80
100
AcDbEntity
  8
3T_WOOD
100
AcDbFace
 10
-450.0
 20
-50.0
 30
2100.0
 11
-450.0
 21
-50.0
 31
0.0
 12
-409.09
 22
-50.0
 32
2055.58
 13
-409.09
 23
-50.0
 33
2055.58
 70
    14
  0
3DFACE
  5
91
330
80
100
AcDbEntity
  8
3T_WOOD
100
AcDbFace
 10
450.0
 20
-50.0
 30
0.0
 11
450.0
 21
50.0
 31
0.0
 12
450.0
 22
50.0
 32
2100.0
 13
450.0
 23
50.0
 33
2100.0
 70
    13
  0
3DFACE
  5
92
330
80
100
AcDbEntity
  8
3T_WOOD
100
AcDbFace
 10
450.0
 20
-50.0
 30
2100.0
 11
450.0
 21
-50.0
 31
0.0
 12
450.0
 22
50.0
 32
2100.0
 13
450.0
 23
50.0
 33
2100.0
 70
    14
  0
3DFACE
  5
93
330
80
100
AcDbEntity
  8
3T_WOOD
100
AcDbFace
 10
-450.0
 20
-50.0
 30
0.0
 11
-450.0
 21
-50.0
 31
2100.0
 12
-450.0
 22
50.0
 32
2100.0
 13
-450.0
 23
50.0
 33
2100.0
 70
    14
  0
3DFACE
  5
94
330
80
100
AcDbEntity
  8
3T_WOOD
100
AcDbFace
 10
-450.0
 20
-50.0
 30
0.0
 11
-450.0
 21
50.0
 31
2100.0
 12
-450.0
 22
50.0
 32
0.0
 13
-450.0
 23
50.0
 33
0.0
 70
    13
  0
3DFACE
  5
95
330
80
100
AcDbEntity
  8
3T_WOOD
100
AcDbFace
 10
409.09
 20
-50.0
 30
0.0
 11
409.09
 21
-50.0
 31
2055.58
 12
409.09
 22
50.0
 32
2055.58
 13
409.09
 23
50.0
 33
0.0
  0
3DFACE
  5
96
330
80
100
AcDbEntity
  8
3T_WOOD
100
AcDbFace
 10
-409.09
 20
50.0
 30
0.0
 11
-409.09
 21
50.0
 31
2055.58
 12
-409.09
 22
-50.0
 32
2055.58
 13
-409.09
 23
-50.0
 33
0.0
  0
3DFACE
  5
97
330
80
100
AcDbEntity
  8
3T_BAR
100
AcDbFace
 10
-330.18
 20
80.44
 30
907.28
 11
-341.34
 21
80.44
 31
920.52
 12
-341.34
 22
-63.56
 32
920.52
 13
-330.18
 23
-63.56
 33
907.28
  0
3DFACE
  5
98
330
80
100
AcDbEntity
  8
3T_BAR
100
AcDbFace
 10
-341.34
 20
80.44
 30
920.52
 11
-352.49
 21
80.44
 31
907.28
 12
-352.49
 22
-63.56
 32
907.28
 13
-341.34
 23
-63.56
 33
920.52
  0
3DFACE
  5
99
330
80
100
AcDbEntity
  8
3T_BAR
100
AcDbFace
 10
-352.49
 20
80.44
 30
907.28
 11
-341.34
 21
80.44
 31
894.03
 12
-341.34
 22
-63.56
 32
894.03
 13
-352.49
 23
-63.56
 33
907.28
  0
3DFACE
  5
9A
330
80
100
AcDbEntity
  8
3T_BAR
100
AcDbFace
 10
-341.34
 20
80.44
 30
894.03
 11
-330.18
 21
80.44
 31
907.28
 12
-330.18
 22
-63.56
 32
907.28
 13
-341.34
 23
-63.56
 33
894.03
  0
3DFACE
  5
9B
330
80
100
AcDbEntity
  8
3T_BAR
100
AcDbFace
 10
-351.72
 20
-63.56
 30
907.27
 11
-351.72
 21
-87.56
 31
907.27
 12
-350.12
 22
-87.56
 32
913.54
 13
-351.72
 23
-63.56
 33
907.27
 70
     4
  0
3DFACE
  5
9C
330
80
100
AcDbEntity
  8
3T_BAR
100
AcDbFace
 10
-351.72
 20
-63.56
 30
907.27
 11
-350.12
 21
-87.56
 31
913.54
 12
-350.12
 22
-63.56
 32
913.54
 13
-351.72
 23
-63.56
 33
907.27
 70
     3
  0
3DFACE
  5
9D
330
80
100
AcDbEntity
  8
3T_BAR
100
AcDbFace
 10
-350.12
 20
-63.56
 30
913.54
 11
-350.12
 21
-87.56
 31
913.54
 12
-346.14
 22
-87.56
 32
918.08
 13
-350.12
 23
-63.56
 33
913.54
 70
     5
  0
3DFACE
  5
9E
330
80
100
AcDbEntity
  8
3T_BAR
100
AcDbFace
 10
-350.12
 20
-63.56
 30
913.54
 11
-346.14
 21
-87.56
 31
918.08
 12
-346.14
 22
-63.56
 32
918.08
 13
-350.12
 23
-63.56
 33
913.54
 70
     3
  0
3DFACE
  5
9F
330
80
100
AcDbEntity
  8
3T_BAR
100
AcDbFace
 10
-346.14
 20
-87.56
 30
918.08
 11
-340.81
 21
-87.56
 31
919.73
 12
-340.81
 22
-63.56
 32
919.73
 13
-346.14
 23
-87.56
 33
918.08
 70
     6
  0
3DFACE
  5
A0
330
80
100
AcDbEntity
  8
3T_BAR
100
AcDbFace
 10
-346.14
 20
-87.56
 30
918.08
 11
-340.81
 21
-63.56
 31
919.73
 12
-346.14
 22
-63.56
 32
918.08
 13
-346.14
 23
-87.56
 33
918.08
 70
     5
  0
3DFACE
  5
A1
330
80
100
AcDbEntity
  8
3T_BAR
100
AcDbFace
 10
-340.81
 20
-87.56
 30
919.73
 11
-335.47
 21
-87.56
 31
918.08
 12
-335.47
 22
-63.56
 32
918.08
 13
-340.81
 23
-87.56
 33
919.73
 70
     6
  0
3DFACE
  5
A2
330
80
100
AcDbEntity
  8
3T_BAR
100
AcDbFace
 10
-340.81
 20
-87.56
 30
919.73
 11
-335.47
 21
-63.56
 31
918.08
 12
-340.81
 22
-63.56
 32
919.73
 13
-340.81
 23
-87.56
 33
919.73
 70
     5
  0
3DFACE
  5
A3
330
80
100
AcDbEntity
  8
3T_BAR
100
AcDbFace
 10
-335.47
 20
-63.56
 30
918.08
 11
-335.47
 21
-87.56
 31
918.08
 12
-331.49
 22
-87.56
 32
913.54
 13
-335.47
 23
-63.56
 33
918.08
 70
     5
  0
3DFACE
  5
A4
330
80
100
AcDbEntity
  8
3T_BAR
100
AcDbFace
 10
-335.47
 20
-63.56
 30
918.08
 11
-331.49
 21
-87.56
 31
913.54
 12
-331.49
 22
-63.56
 32
913.54
 13
-335.47
 23
-63.56
 33
918.08
 70
     3
  0
3DFACE
  5
A5
330
80
100
AcDbEntity
  8
3T_BAR
100
AcDbFace
 10
-331.49
 20
-63.56
 30
913.54
 11
-331.49
 21
-87.56
 31
913.54
 12
-329.89
 22
-87.56
 32
907.27
 13
-331.49
 23
-63.56
 33
913.54
 70
     5
  0
3DFACE
  5
A6
330
80
100
AcDbEntity
  8
3T_BAR
100
AcDbFace
 10
-331.49
 20
-63.56
 30
913.54
 11
-329.89
 21
-87.56
 31
907.27
 12
-329.89
 22
-63.56
 32
907.27
 13
-331.49
 23
-63.56
 33
913.54
 70
     1
  0
3DFACE
  5
A7
330
80
100
AcDbEntity
  8
3T_BAR
100
AcDbFace
 10
-329.89
 20
-87.56
 30
907.27
 11
-333.71
 21
-87.56
 31
812.63
 12
-333.71
 22
-63.56
 32
812.63
 13
-329.89
 23
-87.56
 33
907.27
 70
     4
  0
3DFACE
  5
A8
330
80
100
AcDbEntity
  8
3T_BAR
100
AcDbFace
 10
-329.89
 20
-87.56
 30
907.27
 11
-333.71
 21
-63.56
 31
812.63
 12
-329.89
 22
-63.56
 32
907.27
 13
-329.89
 23
-87.56
 33
907.27
 70
     1
  0
3DFACE
  5
A9
330
80
100
AcDbEntity
  8
3T_BAR
100
AcDbFace
 10
-333.71
 20
-63.56
 30
812.63
 11
-333.71
 21
-87.56
 31
812.63
 12
-348.45
 22
-87.56
 32
812.63
 13
-333.71
 23
-63.56
 33
812.63
 70
     4
  0
3DFACE
  5
AA
330
80
100
AcDbEntity
  8
3T_BAR
100
AcDbFace
 10
-333.71
 20
-63.56
 30
812.63
 11
-348.45
 21
-87.56
 31
812.63
 12
-348.45
 22
-63.56
 32
812.63
 13
-333.71
 23
-63.56
 33
812.63
 70
     1
  0
3DFACE
  5
AB
330
80
100
AcDbEntity
  8
3T_BAR
100
AcDbFace
 10
-348.45
 20
-63.56
 30
812.63
 11
-348.45
 21
-87.56
 31
812.63
 12
-351.72
 22
-87.56
 32
907.27
 13
-348.45
 23
-63.56
 33
812.63
 70
     4
  0
3DFACE
  5
AC
330
80
100
AcDbEntity
  8
3T_BAR
100
AcDbFace
 10
-348.45
 20
-63.56
 30
812.63
 11
-351.72
 21
-87.56
 31
907.27
 12
-351.72
 22
-63.56
 32
907.27
 13
-348.45
 23
-63.56
 33
812.63
 70
     1
  0
3DFACE
  5
AD
330
80
100
AcDbEntity
  8
3T_BAR
100
AcDbFace
 10
-348.45
 20
-63.56
 30
812.63
 11
-351.72
 21
-63.56
 31
907.27
 12
-346.14
 22
-63.56
 32
918.08
 13
-348.45
 23
-63.56
 33
812.63
 70
     6
  0
3DFACE
  5
AE
330
80
100
AcDbEntity
  8
3T_BAR
100
AcDbFace
 10
-348.45
 20
-63.56
 30
812.63
 11
-346.14
 21
-63.56
 31
918.08
 12
-340.81
 22
-63.56
 32
919.73
 13
-348.45
 23
-63.56
 33
812.63
 70
     5
  0
3DFACE
  5
AF
330
80
100
AcDbEntity
  8
3T_BAR
100
AcDbFace
 10
-348.45
 20
-63.56
 30
812.63
 11
-340.81
 21
-63.56
 31
919.73
 12
-333.71
 22
-63.56
 32
812.63
 13
-348.45
 23
-63.56
 33
812.63
 70
     3
  0
3DFACE
  5
B0
330
80
100
AcDbEntity
  8
3T_BAR
100
AcDbFace
 10
-351.72
 20
-63.56
 30
907.27
 11
-350.12
 21
-63.56
 31
913.54
 12
-346.14
 22
-63.56
 32
918.08
 13
-351.72
 23
-63.56
 33
907.27
 70
     4
  0
3DFACE
  5
B1
330
80
100
AcDbEntity
  8
3T_BAR
100
AcDbFace
 10
-340.81
 20
-63.56
 30
919.73
 11
-335.47
 21
-63.56
 31
918.08
 12
-333.71
 22
-63.56
 32
812.63
 13
-340.81
 23
-63.56
 33
919.73
 70
     6
  0
3DFACE
  5
B2
330
80
100
AcDbEntity
  8
3T_BAR
100
AcDbFace
 10
-335.47
 20
-63.56
 30
918.08
 11
-331.49
 21
-63.56
 31
913.54
 12
-329.89
 22
-63.56
 32
907.27
 13
-335.47
 23
-63.56
 33
918.08
 70
     4
  0
3DFACE
  5
B3
330
80
100
AcDbEntity
  8
3T_BAR
100
AcDbFace
 10
-335.47
 20
-63.56
 30
918.08
 11
-329.89
 21
-63.56
 31
907.27
 12
-333.71
 22
-63.56
 32
812.63
 13
-335.47
 23
-63.56
 33
918.08
 70
     5
  0
3DFACE
  5
B4
330
80
100
AcDbEntity
  8
3T_BAR
100
AcDbFace
 10
-329.89
 20
-87.56
 30
907.27
 11
-331.49
 21
-87.56
 31
913.54
 12
-335.47
 22
-87.56
 32
918.08
 13
-329.89
 23
-87.56
 33
907.27
 70
     4
  0
3DFACE
  5
B5
330
80
100
AcDbEntity
  8
3T_BAR
100
AcDbFace
 10
-329.89
 20
-87.56
 30
907.27
 11
-335.47
 21
-87.56
 31
918.08
 12
-333.71
 22
-87.56
 32
812.63
 13
-329.89
 23
-87.56
 33
907.27
 70
     3
  0
3DFACE
  5
B6
330
80
100
AcDbEntity
  8
3T_BAR
100
AcDbFace
 10
-333.71
 20
-87.56
 30
812.63
 11
-335.47
 21
-87.56
 31
918.08
 12
-340.81
 22
-87.56
 32
919.73
 13
-333.71
 23
-87.56
 33
812.63
 70
     5
  0
3DFACE
  5
B7
330
80
100
AcDbEntity
  8
3T_BAR
100
AcDbFace
 10
-333.71
 20
-87.56
 30
812.63
 11
-340.81
 21
-87.56
 31
919.73
 12
-348.45
 22
-87.56
 32
812.63
 13
-333.71
 23
-87.56
 33
812.63
 70
     3
  0
3DFACE
  5
B8
330
80
100
AcDbEntity
  8
3T_BAR
100
AcDbFace
 10
-340.81
 20
-87.56
 30
919.73
 11
-346.14
 21
-87.56
 31
918.08
 12
-348.45
 22
-87.56
 32
812.63
 13
-340.81
 23
-87.56
 33
919.73
 70
     6
  0
3DFACE
  5
B9
330
80
100
AcDbEntity
  8
3T_BAR
100
AcDbFace
 10
-346.14
 20
-87.56
 30
918.08
 11
-350.12
 21
-87.56
 31
913.54
 12
-351.72
 22
-87.56
 32
907.27
 13
-346.14
 23
-87.56
 33
918.08
 70
     4
  0
3DFACE
  5
BA
330
80
100
AcDbEntity
  8
3T_BAR
100
AcDbFace
 10
-346.14
 20
-87.56
 30
918.08
 11
-351.72
 21
-87.56
 31
907.27
 12
-348.45
 22
-87.56
 32
812.63
 13
-346.14
 23
-87.56
 33
918.08
 70
     5
  0
3DFACE
  5
BB
330
80
100
AcDbEntity
  8
3T_BAR
100
AcDbFace
 10
-351.72
 20
80.44
 30
907.27
 11
-351.72
 21
56.44
 31
907.27
 12
-350.12
 22
56.44
 32
913.54
 13
-351.72
 23
80.44
 33
907.27
 70
     4
  0
3DFACE
  5
BC
330
80
100
AcDbEntity
  8
3T_BAR
100
AcDbFace
 10
-351.72
 20
80.44
 30
907.27
 11
-350.12
 21
56.44
 31
913.54
 12
-350.12
 22
80.44
 32
913.54
 13
-351.72
 23
80.44
 33
907.27
 70
     3
  0
3DFACE
  5
BD
330
80
100
AcDbEntity
  8
3T_BAR
100
AcDbFace
 10
-350.12
 20
80.44
 30
913.54
 11
-350.12
 21
56.44
 31
913.54
 12
-346.14
 22
56.44
 32
918.08
 13
-350.12
 23
80.44
 33
913.54
 70
     5
  0
3DFACE
  5
BE
330
80
100
AcDbEntity
  8
3T_BAR
100
AcDbFace
 10
-350.12
 20
80.44
 30
913.54
 11
-346.14
 21
56.44
 31
918.08
 12
-346.14
 22
80.44
 32
918.08
 13
-350.12
 23
80.44
 33
913.54
 70
     3
  0
3DFACE
  5
BF
330
80
100
AcDbEntity
  8
3T_BAR
100
AcDbFace
 10
-346.14
 20
56.44
 30
918.08
 11
-340.81
 21
56.44
 31
919.73
 12
-340.81
 22
80.44
 32
919.73
 13
-346.14
 23
56.44
 33
918.08
 70
     6
  0
3DFACE
  5
C0
330
80
100
AcDbEntity
  8
3T_BAR
100
AcDbFace
 10
-346.14
 20
56.44
 30
918.08
 11
-340.81
 21
80.44
 31
919.73
 12
-346.14
 22
80.44
 32
918.08
 13
-346.14
 23
56.44
 33
918.08
 70
     5
  0
3DFACE
  5
C1
330
80
100
AcDbEntity
  8
3T_BAR
100
AcDbFace
 10
-340.81
 20
56.44
 30
919.73
 11
-335.47
 21
56.44
 31
918.08
 12
-335.47
 22
80.44
 32
918.08
 13
-340.81
 23
56.44
 33
919.73
 70
     6
  0
3DFACE
  5
C2
330
80
100
AcDbEntity
  8
3T_BAR
100
AcDbFace
 10
-340.81
 20
56.44
 30
919.73
 11
-335.47
 21
80.44
 31
918.08
 12
-340.81
 22
80.44
 32
919.73
 13
-340.81
 23
56.44
 33
919.73
 70
     5
  0
3DFACE
  5
C3
330
80
100
AcDbEntity
  8
3T_BAR
100
AcDbFace
 10
-335.47
 20
80.44
 30
918.08
 11
-335.47
 21
56.44
 31
918.08
 12
-331.49
 22
56.44
 32
913.54
 13
-335.47
 23
80.44
 33
918.08
 70
     5
  0
3DFACE
  5
C4
330
80
100
AcDbEntity
  8
3T_BAR
100
AcDbFace
 10
-335.47
 20
80.44
 30
918.08
 11
-331.49
 21
56.44
 31
913.54
 12
-331.49
 22
80.44
 32
913.54
 13
-335.47
 23
80.44
 33
918.08
 70
     3
  0
3DFACE
  5
C5
330
80
100
AcDbEntity
  8
3T_BAR
100
AcDbFace
 10
-331.49
 20
80.44
 30
913.54
 11
-331.49
 21
56.44
 31
913.54
 12
-329.89
 22
56.44
 32
907.27
 13
-331.49
 23
80.44
 33
913.54
 70
     5
  0
3DFACE
  5
C6
330
80
100
AcDbEntity
  8
3T_BAR
100
AcDbFace
 10
-331.49
 20
80.44
 30
913.54
 11
-329.89
 21
56.44
 31
907.27
 12
-329.89
 22
80.44
 32
907.27
 13
-331.49
 23
80.44
 33
913.54
 70
     1
  0
3DFACE
  5
C7
330
80
100
AcDbEntity
  8
3T_BAR
100
AcDbFace
 10
-329.89
 20
56.44
 30
907.27
 11
-333.71
 21
56.44
 31
812.63
 12
-333.71
 22
80.44
 32
812.63
 13
-329.89
 23
56.44
 33
907.27
 70
     4
  0
3DFACE
  5
C8
330
80
100
AcDbEntity
  8
3T_BAR
100
AcDbFace
 10
-329.89
 20
56.44
 30
907.27
 11
-333.71
 21
80.44
 31
812.63
 12
-329.89
 22
80.44
 32
907.27
 13
-329.89
 23
56.44
 33
907.27
 70
     1
  0
3DFACE
  5
C9
330
80
100
AcDbEntity
  8
3T_BAR
100
AcDbFace
 10
-333.71
 20
80.44
 30
812.63
 11
-333.71
 21
56.44
 31
812.63
 12
-348.45
 22
56.44
 32
812.63
 13
-333.71
 23
80.44
 33
812.63
 70
     4
  0
3DFACE
  5
CA
330
80
100
AcDbEntity
  8
3T_BAR
100
AcDbFace
 10
-333.71
 20
80.44
 30
812.63
 11
-348.45
 21
56.44
 31
812.63
 12
-348.45
 22
80.44
 32
812.63
 13
-333.71
 23
80.44
 33
812.63
 70
     1
  0
3DFACE
  5
CB
330
80
100
AcDbEntity
  8
3T_BAR
100
AcDbFace
 10
-348.45
 20
80.44
 30
812.63
 11
-348.45
 21
56.44
 31
812.63
 12
-351.72
 22
56.44
 32
907.27
 13
-348.45
 23
80.44
 33
812.63
 70
     4
  0
3DFACE
  5
CC
330
80
100
AcDbEntity
  8
3T_BAR
100
AcDbFace
 10
-348.45
 20
80.44
 30
812.63
 11
-351.72
 21
56.44
 31
907.27
 12
-351.72
 22
80.44
 32
907.27
 13
-348.45
 23
80.44
 33
812.63
 70
     1
  0
3DFACE
  5
CD
330
80
100
AcDbEntity
  8
3T_BAR
100
AcDbFace
 10
-348.45
 20
80.44
 30
812.63
 11
-351.72
 21
80.44
 31
907.27
 12
-346.14
 22
80.44
 32
918.08
 13
-348.45
 23
80.44
 33
812.63
 70
     6
  0
3DFACE
  5
CE
330
80
100
AcDbEntity
  8
3T_BAR
100
AcDbFace
 10
-348.45
 20
80.44
 30
812.63
 11
-346.14
 21
80.44
 31
918.08
 12
-340.81
 22
80.44
 32
919.73
 13
-348.45
 23
80.44
 33
812.63
 70
     5
  0
3DFACE
  5
CF
330
80
100
AcDbEntity
  8
3T_BAR
100
AcDbFace
 10
-348.45
 20
80.44
 30
812.63
 11
-340.81
 21
80.44
 31
919.73
 12
-333.71
 22
80.44
 32
812.63
 13
-348.45
 23
80.44
 33
812.63
 70
     3
  0
3DFACE
  5
D0
330
80
100
AcDbEntity
  8
3T_BAR
100
AcDbFace
 10
-351.72
 20
80.44
 30
907.27
 11
-350.12
 21
80.44
 31
913.54
 12
-346.14
 22
80.44
 32
918.08
 13
-351.72
 23
80.44
 33
907.27
 70
     4
  0
3DFACE
  5
D1
330
80
100
AcDbEntity
  8
3T_BAR
100
AcDbFace
 10
-340.81
 20
80.44
 30
919.73
 11
-335.47
 21
80.44
 31
918.08
 12
-333.71
 22
80.44
 32
812.63
 13
-340.81
 23
80.44
 33
919.73
 70
     6
  0
3DFACE
  5
D2
330
80
100
AcDbEntity
  8
3T_BAR
100
AcDbFace
 10
-335.47
 20
80.44
 30
918.08
 11
-331.49
 21
80.44
 31
913.54
 12
-329.89
 22
80.44
 32
907.27
 13
-335.47
 23
80.44
 33
918.08
 70
     4
  0
3DFACE
  5
D3
330
80
100
AcDbEntity
  8
3T_BAR
100
AcDbFace
 10
-335.47
 20
80.44
 30
918.08
 11
-329.89
 21
80.44
 31
907.27
 12
-333.71
 22
80.44
 32
812.63
 13
-335.47
 23
80.44
 33
918.08
 70
     5
  0
3DFACE
  5
D4
330
80
100
AcDbEntity
  8
3T_BAR
100
AcDbFace
 10
-329.89
 20
56.44
 30
907.27
 11
-331.49
 21
56.44
 31
913.54
 12
-335.47
 22
56.44
 32
918.08
 13
-329.89
 23
56.44
 33
907.27
 70
     4
  0
3DFACE
  5
D5
330
80
100
AcDbEntity
  8
3T_BAR
100
AcDbFace
 10
-329.89
 20
56.44
 30
907.27
 11
-335.47
 21
56.44
 31
918.08
 12
-333.71
 22
56.44
 32
812.63
 13
-329.89
 23
56.44
 33
907.27
 70
     3
  0
3DFACE
  5
D6
330
80
100
AcDbEntity
  8
3T_BAR
100
AcDbFace
 10
-333.71
 20
56.44
 30
812.63
 11
-335.47
 21
56.44
 31
918.08
 12
-340.81
 22
56.44
 32
919.73
 13
-333.71
 23
56.44
 33
812.63
 70
     5
  0
3DFACE
  5
D7
330
80
100
AcDbEntity
  8
3T_BAR
100
AcDbFace
 10
-333.71
 20
56.44
 30
812.63
 11
-340.81
 21
56.44
 31
919.73
 12
-348.45
 22
56.44
 32
812.63
 13
-333.71
 23
56.44
 33
812.63
 70
     3
  0
3DFACE
  5
D8
330
80
100
AcDbEntity
  8
3T_BAR
100
AcDbFace
 10
-340.81
 20
56.44
 30
919.73
 11
-346.14
 21
56.44
 31
918.08
 12
-348.45
 22
56.44
 32
812.63
 13
-340.81
 23
56.44
 33
919.73
 70
     6
  0
3DFACE
  5
D9
330
80
100
AcDbEntity
  8
3T_BAR
100
AcDbFace
 10
-346.14
 20
56.44
 30
918.08
 11
-350.12
 21
56.44
 31
913.54
 12
-351.72
 22
56.44
 32
907.27
 13
-346.14
 23
56.44
 33
918.08
 70
     4
  0
3DFACE
  5
DA
330
80
100
AcDbEntity
  8
3T_BAR
100
AcDbFace
 10
-346.14
 20
56.44
 30
918.08
 11
-351.72
 21
56.44
 31
907.27
 12
-348.45
 22
56.44
 32
812.63
 13
-346.14
 23
56.44
 33
918.08
 70
     5
  0
3DFACE
  5
DB
330
80
100
AcDbEntity
  8
3T_WOOD
100
AcDbFace
 10
409.41
 20
10.0
 30
2055.56
 11
-411.02
 21
10.0
 31
2055.56
 12
-411.02
 22
10.0
 32
1.21
 13
409.41
 23
10.0
 33
1.21
  0
ENDBLK
  5
DC
330
80
100
AcDbEntity
  8
0
100
AcDbBlockEnd
  0
BLOCK
  5
79
330
77
100
AcDbEntity
  8
0
100
AcDbBlockBegin
  2
$DorLib2D$00000001
 70
     0
 10
0.0
 20
0.0
 30
0.0
  3
$DorLib2D$00000001
  1

  0
LINE
  5
7A
330
77
100
AcDbEntity
  8
0
100
AcDbLine
 10
0.45
 20
0.98
 30
0.0
 11
0.5
 21
0.98
 31
0.0
  0
LINE
  5
7B
330
77
100
AcDbEntity
  8
0
100
AcDbLine
 10
0.5
 20
0.0
 30
0.0
 11
0.45
 21
0.0
 31
0.0
  0
ARC
  5
7C
330
77
100
AcDbEntity
  8
0
370
    13
100
AcDbCircle
 10
0.48
 20
0.0
 30
0.0
 40
0.975
100
AcDbArc
 50
91.47
 51
180.0
  0
LINE
  5
7D
330
77
100
AcDbEntity
  8
0
100
AcDbLine
 10
0.5
 20
0.0
 30
0.0
 11
0.5
 21
0.98
 31
0.0
  0
LINE
  5
7E
330
77
100
AcDbEntity
  8
0
100
AcDbLine
 10
0.45
 20
0.0
 30
0.0
 11
0.45
 21
0.98
 31
0.0
  0
ENDBLK
  5
7F
330
77
100
AcDbEntity
  8
0
100
AcDbBlockEnd
  0
BLOCK
  5
30
330
2F
100
AcDbEntity
  8
0
100
AcDbBlockBegin
  2
$TCHSYS$WIN2D
 70
     0
 10
0.0
 20
0.0
 30
0.0
  3
$TCHSYS$WIN2D
  1

  0
LINE
  5
31
330
2F
100
AcDbEntity
  8
0
100
AcDbLine
 10
-0.5
 20
0.5
 30
0.0
 11
0.5
 21
0.5
 31
0.0
  0
LINE
  5
32
330
2F
100
AcDbEntity
  8
0
100
AcDbLine
 10
-0.5
 20
-0.5
 30
0.0
 11
0.5
 21
-0.5
 31
0.0
  0
LINE
  5
33
330
2F
100
AcDbEntity
  8
0
100
AcDbLine
 10
0.5
 20
-0.17
 30
0.0
 11
-0.5
 21
-0.17
 31
0.0
  0
LINE
  5
34
330
2F
100
AcDbEntity
  8
0
100
AcDbLine
 10
0.5
 20
0.17
 30
0.0
 11
-0.5
 21
0.17
 31
0.0
  0
LINE
  5
35
330
2F
100
AcDbEntity
  8
0
100
AcDbLine
 10
-0.5
 20
0.5
 30
0.0
 11
-0.5
 21
-0.5
 31
0.0
  0
LINE
  5
36
330
2F
100
AcDbEntity
  8
0
100
AcDbLine
 10
0.5
 20
0.5
 30
0.0
 11
0.5
 21
-0.5
 31
0.0
  0
ENDBLK
  5
37
330
2F
100
AcDbEntity
  8
0
100
AcDbBlockEnd
  0
BLOCK
  5
39
330
38
100
AcDbEntity
  8
0
100
AcDbBlockBegin
  2
$TCHSYS$WIN3D
 70
     0
 10
0.0
 20
0.0
 30
0.0
  3
$TCHSYS$WIN3D
  1

  0
3DFACE
  5
3A
330
38
100
AcDbEntity
  8
3T_BAR
100
AcDbFace
 10
580.0
 20
25.0
 30
1780.0
 11
530.0
 21
25.0
 31
1720.0
 12
50.0
 22
25.0
 32
1720.0
 13
0.0
 23
25.0
 33
1780.0
 70
     5
  0
3DFACE
  5
3C
330
38
100
AcDbEntity
  8
3T_BAR
100
AcDbFace
 10
50.0
 20
-25.0
 30
1720.0
 11
530.0
 21
-25.0
 31
1720.0
 12
580.0
 22
-25.0
 32
1780.0
 13
0.0
 23
-25.0
 33
1780.0
 70
    10
  0
3DFACE
  5
3D
330
38
100
AcDbEntity
  8
3T_BAR
100
AcDbFace
 10
600.0
 20
25.0
 30
1800.0
 11
580.0
 21
25.0
 31
1780.0
 12
-580.0
 22
25.0
 32
1780.0
 13
-600.0
 23
25.0
 33
1800.0
 70
     5
  0
3DFACE
  5
3E
330
38
100
AcDbEntity
  8
3T_BAR
100
AcDbFace
 10
-580.0
 20
-25.0
 30
1780.0
 11
580.0
 21
-25.0
 31
1780.0
 12
600.0
 22
-25.0
 32
1800.0
 13
-600.0
 23
-25.0
 33
1800.0
 70
    10
  0
3DFACE
  5
3F
330
38
100
AcDbEntity
  8
3T_BAR
100
AcDbFace
 10
-580.0
 20
-25.0
 30
1780.0
 11
-580.0
 21
25.0
 31
1780.0
 12
580.0
 22
25.0
 32
1780.0
 13
580.0
 23
-25.0
 33
1780.0
  0
3DFACE
  5
40
330
38
100
AcDbEntity
  8
3T_BAR
100
AcDbFace
 10
0.0
 20
25.0
 30
20.0
 11
50.0
 21
25.0
 31
80.0
 12
530.0
 22
25.0
 32
80.0
 13
580.0
 23
25.0
 33
20.0
 70
     5
  0
3DFACE
  5
41
330
38
100
AcDbEntity
  8
3T_BAR
100
AcDbFace
 10
0.0
 20
-25.0
 30
20.0
 11
580.0
 21
-25.0
 31
20.0
 12
530.0
 22
-25.0
 32
80.0
 13
50.0
 23
-25.0
 33
80.0
 70
    10
  0
3DFACE
  5
42
330
38
100
AcDbEntity
  8
3T_BAR
100
AcDbFace
 10
-600.0
 20
25.0
 30
0.0
 11
-580.0
 21
25.0
 31
20.0
 12
580.0
 22
25.0
 32
20.0
 13
600.0
 23
25.0
 33
0.0
 70
     5
  0
3DFACE
  5
43
330
38
100
AcDbEntity
  8
3T_BAR
100
AcDbFace
 10
-600.0
 20
-25.0
 30
0.0
 11
600.0
 21
-25.0
 31
0.0
 12
580.0
 22
-25.0
 32
20.0
 13
-580.0
 23
-25.0
 33
20.0
 70
    10
  0
3DFACE
  5
44
330
38
100
AcDbEntity
  8
3T_BAR
100
AcDbFace
 10
-580.0
 20
-25.0
 30
20.0
 11
580.0
 21
-25.0
 31
20.0
 12
580.0
 22
25.0
 32
20.0
 13
-580.0
 23
25.0
 33
20.0
  0
3DFACE
  5
45
330
38
100
AcDbEntity
  8
3T_BAR
100
AcDbFace
 10
0.0
 20
25.0
 30
1780.0
 11
50.0
 21
25.0
 31
1720.0
 12
50.0
 22
25.0
 32
80.0
 13
0.0
 23
25.0
 33
20.0
 70
     5
  0
3DFACE
  5
46
330
38
100
AcDbEntity
  8
3T_BAR
100
AcDbFace
 10
50.0
 20
-25.0
 30
80.0
 11
50.0
 21
-25.0
 31
1720.0
 12
0.0
 22
-25.0
 32
1780.0
 13
0.0
 23
-25.0
 33
20.0
 70
    10
  0
3DFACE
  5
47
330
38
100
AcDbEntity
  8
3T_GLASS
100
AcDbFace
 10
-529.34
 20
-15.0
 30
39.86
 11
-529.34
 21
-15.0
 31
1701.4
 12
530.7
 22
-15.0
 32
1701.4
 13
530.7
 23
-15.0
 33
39.86
  0
3DFACE
  5
49
330
38
100
AcDbEntity
  8
3T_BAR
100
AcDbFace
 10
-530.0
 20
-25.0
 30
1720.0
 11
-530.0
 21
25.0
 31
1720.0
 12
-50.0
 22
25.0
 32
1720.0
 13
-50.0
 23
-25.0
 33
1720.0
  0
3DFACE
  5
4A
330
38
100
AcDbEntity
  8
3T_BAR
100
AcDbFace
 10
-530.0
 20
-25.0
 30
80.0
 11
-50.0
 21
-25.0
 31
80.0
 12
-50.0
 22
25.0
 32
80.0
 13
-530.0
 23
25.0
 33
80.0
  0
LINE
  5
4B
330
38
100
AcDbEntity
  8
3T_BAR
100
AcDbLine
 10
-600.0
 20
0.5
 30
0.0
 11
-600.0
 21
-0.5
 31
0.0
  0
3DFACE
  5
4C
330
38
100
AcDbEntity
  8
3T_BAR
100
AcDbFace
 10
0.0
 20
25.0
 30
20.0
 11
0.0
 21
-25.0
 31
20.0
 12
0.0
 22
-25.0
 32
1780.0
 13
0.0
 23
25.0
 33
1780.0
  0
3DFACE
  5
4D
330
38
100
AcDbEntity
  8
3T_BAR
100
AcDbFace
 10
0.0
 20
-25.0
 30
20.0
 11
0.0
 21
25.0
 31
20.0
 12
0.0
 22
25.0
 32
1780.0
 13
0.0
 23
-25.0
 33
1780.0
  0
3DFACE
  5
4E
330
38
100
AcDbEntity
  8
3T_BAR
100
AcDbFace
 10
-580.0
 20
25.0
 30
20.0
 11
-580.0
 21
-25.0
 31
20.0
 12
-580.0
 22
-25.0
 32
1780.0
 13
-580.0
 23
25.0
 33
1780.0
  0
3DFACE
  5
4F
330
38
100
AcDbEntity
  8
3T_BAR
100
AcDbFace
 10
-50.0
 20
-25.0
 30
80.0
 11
-50.0
 21
-25.0
 31
1720.0
 12
-50.0
 22
25.0
 32
1720.0
 13
-50.0
 23
25.0
 33
80.0
  0
3DFACE
  5
50
330
38
100
AcDbEntity
  8
3T_BAR
100
AcDbFace
 10
-530.0
 20
-25.0
 30
80.0
 11
-530.0
 21
25.0
 31
80.0
 12
-530.0
 22
25.0
 32
1720.0
 13
-530.0
 23
-25.0
 33
1720.0
  0
3DFACE
  5
51
330
38
100
AcDbEntity
  8
3T_BAR
100
AcDbFace
 10
-600.0
 20
25.0
 30
0.0
 11
-600.0
 21
-25.0
 31
0.0
 12
-600.0
 22
-25.0
 32
1800.0
 13
-600.0
 23
25.0
 33
1800.0
  0
3DFACE
  5
52
330
38
100
AcDbEntity
  8
3T_BAR
100
AcDbFace
 10
-580.0
 20
-25.0
 30
20.0
 11
-580.0
 21
25.0
 31
20.0
 12
-580.0
 22
25.0
 32
1780.0
 13
-580.0
 23
-25.0
 33
1780.0
  0
3DFACE
  5
53
330
38
100
AcDbEntity
  8
3T_BAR
100
AcDbFace
 10
-530.0
 20
-25.0
 30
80.0
 11
-530.0
 21
-25.0
 31
1720.0
 12
-580.0
 22
-25.0
 32
1780.0
 13
-580.0
 23
-25.0
 33
20.0
 70
    10
  0
3DFACE
  5
54
330
38
100
AcDbEntity
  8
3T_BAR
100
AcDbFace
 10
0.0
 20
-25.0
 30
20.0
 11
0.0
 21
-25.0
 31
1780.0
 12
-50.0
 22
-25.0
 32
1720.0
 13
-50.0
 23
-25.0
 33
80.0
 70
    10
  0
3DFACE
  5
55
330
38
100
AcDbEntity
  8
3T_BAR
100
AcDbFace
 10
-580.0
 20
-25.0
 30
20.0
 11
-580.0
 21
-25.0
 31
1780.0
 12
-600.0
 22
-25.0
 32
1800.0
 13
-600.0
 23
-25.0
 33
0.0
 70
    10
  0
3DFACE
  5
56
330
38
100
AcDbEntity
  8
3T_BAR
100
AcDbFace
 10
-580.0
 20
-25.0
 30
20.0
 11
0.0
 21
-25.0
 31
20.0
 12
-50.0
 22
-25.0
 32
80.0
 13
-530.0
 23
-25.0
 33
80.0
 70
    10
  0
3DFACE
  5
57
330
38
100
AcDbEntity
  8
3T_BAR
100
AcDbFace
 10
-530.0
 20
-25.0
 30
1720.0
 11
-50.0
 21
-25.0
 31
1720.0
 12
0.0
 22
-25.0
 32
1780.0
 13
-580.0
 23
-25.0
 33
1780.0
 70
    10
  0
3DFACE
  5
58
330
38
100
AcDbEntity
  8
3T_BAR
100
AcDbFace
 10
-580.0
 20
25.0
 30
1780.0
 11
-530.0
 21
25.0
 31
1720.0
 12
-530.0
 22
25.0
 32
80.0
 13
-580.0
 23
25.0
 33
20.0
 70
     5
  0
3DFACE
  5
59
330
38
100
AcDbEntity
  8
3T_BAR
100
AcDbFace
 10
0.0
 20
25.0
 30
20.0
 11
-50.0
 21
25.0
 31
80.0
 12
-50.0
 22
25.0
 32
1720.0
 13
0.0
 23
25.0
 33
1780.0
 70
     5
  0
3DFACE
  5
5A
330
38
100
AcDbEntity
  8
3T_BAR
100
AcDbFace
 10
-600.0
 20
25.0
 30
1800.0
 11
-580.0
 21
25.0
 31
1780.0
 12
-580.0
 22
25.0
 32
20.0
 13
-600.0
 23
25.0
 33
0.0
 70
     5
  0
3DFACE
  5
5B
330
38
100
AcDbEntity
  8
3T_BAR
100
AcDbFace
 10
-580.0
 20
25.0
 30
20.0
 11
-530.0
 21
25.0
 31
80.0
 12
-50.0
 22
25.0
 32
80.0
 13
0.0
 23
25.0
 33
20.0
 70
     5
  0
3DFACE
  5
5C
330
38
100
AcDbEntity
  8
3T_BAR
100
AcDbFace
 10
0.0
 20
25.0
 30
1780.0
 11
-50.0
 21
25.0
 31
1720.0
 12
-530.0
 22
25.0
 32
1720.0
 13
-580.0
 23
25.0
 33
1780.0
 70
     5
  0
3DFACE
  5
5D
330
38
100
AcDbEntity
  8
3T_BAR
100
AcDbFace
 10
50.0
 20
-25.0
 30
1720.0
 11
50.0
 21
25.0
 31
1720.0
 12
530.0
 22
25.0
 32
1720.0
 13
530.0
 23
-25.0
 33
1720.0
  0
3DFACE
  5
5E
330
38
100
AcDbEntity
  8
3T_BAR
100
AcDbFace
 10
50.0
 20
-25.0
 30
80.0
 11
530.0
 21
-25.0
 31
80.0
 12
530.0
 22
25.0
 32
80.0
 13
50.0
 23
25.0
 33
80.0
  0
3DFACE
  5
5F
330
38
100
AcDbEntity
  8
3T_BAR
100
AcDbFace
 10
580.0
 20
-25.0
 30
20.0
 11
580.0
 21
25.0
 31
20.0
 12
580.0
 22
25.0
 32
1780.0
 13
580.0
 23
-25.0
 33
1780.0
  0
3DFACE
  5
60
330
38
100
AcDbEntity
  8
3T_BAR
100
AcDbFace
 10
530.0
 20
-25.0
 30
80.0
 11
530.0
 21
-25.0
 31
1720.0
 12
530.0
 22
25.0
 32
1720.0
 13
530.0
 23
25.0
 33
80.0
  0
3DFACE
  5
61
330
38
100
AcDbEntity
  8
3T_BAR
100
AcDbFace
 10
50.0
 20
-25.0
 30
80.0
 11
50.0
 21
25.0
 31
80.0
 12
50.0
 22
25.0
 32
1720.0
 13
50.0
 23
-25.0
 33
1720.0
  0
3DFACE
  5
62
330
38
100
AcDbEntity
  8
3T_BAR
100
AcDbFace
 10
600.0
 20
-25.0
 30
0.0
 11
600.0
 21
25.0
 31
0.0
 12
600.0
 22
25.0
 32
1800.0
 13
600.0
 23
-25.0
 33
1800.0
  0
3DFACE
  5
63
330
38
100
AcDbEntity
  8
3T_BAR
100
AcDbFace
 10
580.0
 20
-25.0
 30
20.0
 11
580.0
 21
-25.0
 31
1780.0
 12
580.0
 22
25.0
 32
1780.0
 13
580.0
 23
25.0
 33
20.0
  0
3DFACE
  5
64
330
38
100
AcDbEntity
  8
3T_BAR
100
AcDbFace
 10
580.0
 20
-25.0
 30
20.0
 11
580.0
 21
-25.0
 31
1780.0
 12
530.0
 22
-25.0
 32
1720.0
 13
530.0
 23
-25.0
 33
80.0
 70
    10
  0
3DFACE
  5
65
330
38
100
AcDbEntity
  8
3T_BAR
100
AcDbFace
 10
600.0
 20
-25.0
 30
0.0
 11
600.0
 21
-25.0
 31
1800.0
 12
580.0
 22
-25.0
 32
1780.0
 13
580.0
 23
-25.0
 33
20.0
 70
    10
  0
3DFACE
  5
66
330
38
100
AcDbEntity
  8
3T_BAR
100
AcDbFace
 10
580.0
 20
25.0
 30
20.0
 11
530.0
 21
25.0
 31
80.0
 12
530.0
 22
25.0
 32
1720.0
 13
580.0
 23
25.0
 33
1780.0
 70
     5
  0
3DFACE
  5
67
330
38
100
AcDbEntity
  8
3T_BAR
100
AcDbFace
 10
600.0
 20
25.0
 30
0.0
 11
580.0
 21
25.0
 31
20.0
 12
580.0
 22
25.0
 32
1780.0
 13
600.0
 23
25.0
 33
1800.0
 70
     5
  0
ENDBLK
  5
68
330
38
100
AcDbEntity
  8
0
100
AcDbBlockEnd
  0
BLOCK
  5
E8
330
E6
100
AcDbEntity
  8
0
100
AcDbBlockBegin
  2
$DorLib2D$00000002
 70
     0
 10
0.0
 20
0.0
 30
0.0
  3
$DorLib2D$00000002
  1

  0
LINE
  5
E9
330
E6
100
AcDbEntity
  8
0
100
AcDbLine
 10
-0.5
 20
0.0
 30
0.0
 11
-0.5
 21
0.49
 31
0.0
  0
LINE
  5
EA
330
E6
100
AcDbEntity
  8
0
100
AcDbLine
 10
-0.48
 20
0.0
 30
0.0
 11
-0.48
 21
0.49
 31
0.0
  0
LINE
  5
EB
330
E6
100
AcDbEntity
  8
0
100
AcDbLine
 10
-0.5
 20
0.0
 30
0.0
 11
-0.48
 21
0.0
 31
0.0
  0
LINE
  5
EC
330
E6
100
AcDbEntity
  8
0
100
AcDbLine
 10
-0.48
 20
0.49
 30
0.0
 11
-0.5
 21
0.49
 31
0.0
  0
ARC
  5
ED
330
E6
100
AcDbEntity
  8
0
370
    13
100
AcDbCircle
 10
-0.49
 20
0.0
 30
0.0
 40
0.4875
100
AcDbArc
 50
0.0
 51
88.53
  0
ARC
  5
EE
330
E6
100
AcDbEntity
  8
0
370
    13
100
AcDbCircle
 10
0.49
 20
0.0
 30
0.0
 40
0.4875
100
AcDbArc
 50
91.47
 51
180.0
  0
LINE
  5
EF
330
E6
100
AcDbEntity
  8
0
100
AcDbLine
 10
0.48
 20
0.0
 30
0.0
 11
0.48
 21
0.49
 31
0.0
  0
LINE
  5
F0
330
E6
100
AcDbEntity
  8
0
100
AcDbLine
 10
0.5
 20
0.0
 30
0.0
 11
0.5
 21
0.49
 31
0.0
  0
LINE
  5
F1
330
E6
100
AcDbEntity
  8
0
100
AcDbLine
 10
0.48
 20
0.49
 30
0.0
 11
0.5
 21
0.49
 31
0.0
  0
LINE
  5
F2
330
E6
100
AcDbEntity
  8
0
100
AcDbLine
 10
0.5
 20
0.0
 30
0.0
 11
0.48
 21
0.0
 31
0.0
  0
ENDBLK
  5
F3
330
E6
100
AcDbEntity
  8
0
100
AcDbBlockEnd
  0
BLOCK
  5
18F
330
18E
100
AcDbEntity
  8
0
100
AcDbBlockBegin
  2
*D9
 70
     1
 10
0.0
 20
0.0
 30
0.0
  3
*D9
  1

  0
LINE
  5
190
330
18E
100
AcDbEntity
  8
HT-A-AXIS-F01-NEW
 62
     0
440
 16777216
370
    -2
100
AcDbLine
 10
91097.07
 20
-749.51
 30
0.0
 11
93547.07
 21
-749.51
 31
0.0
  0
LINE
  5
191
330
18E
100
AcDbEntity
  8
HT-A-AXIS-F01-NEW
 62
     0
440
 16777216
370
    -2
100
AcDbLine
 10
91097.07
 20
750.49
 30
0.0
 11
93547.07
 21
750.49
 31
0.0
  0
LINE
  5
192
330
18E
100
AcDbEntity
  8
HT-A-AXIS-F01-NEW
 62
     0
440
 16777216
370
    -2
100
AcDbLine
 10
93297.07
 20
-749.51
 30
0.0
 11
93297.07
 21
750.49
 31
0.0
  0
INSERT
  5
193
330
18E
100
AcDbEntity
  8
HT-A-AXIS-F01-NEW
 62
     0
440
 16777216
370
    -2
100
AcDbBlockReference
  2
_ArchTick
 10
93297.07
 20
-749.51
 30
0.0
 41
100.0
 42
100.0
 43
100.0
 50
270.0
  0
INSERT
  5
198
330
18E
100
AcDbEntity
  8
HT-A-AXIS-F01-NEW
 62
     0
440
 16777216
370
    -2
100
AcDbBlockReference
  2
_ArchTick
 10
93297.07
 20
750.49
 30
0.0
 41
100.0
 42
100.0
 43
100.0
 50
90.0
  0
MTEXT
  5
199
330
18E
100
AcDbEntity
  8
HT-A-AXIS-F01-NEW
 62
     7
440
 16777216
100
AcDbMText
 10
93022.07
 20
0.49
 30
0.0
 40
297.5
 41
0.0
 46
0.0
 71
     5
 72
     1
  1
\A1;1500
  7
_TCH_DIM_T3
 11
0.0
 21
1.0
 31
0.0
 73
     1
 44
1.0
  0
POINT
  5
19B
330
18E
100
AcDbEntity
  8
Defpoints
 62
     0
440
 16777216
100
AcDbPoint
 10
90797.07
 20
-749.51
 30
0.0
  0
POINT
  5
19D
330
18E
100
AcDbEntity
  8
Defpoints
 62
     0
440
 16777216
100
AcDbPoint
 10
90797.07
 20
750.49
 30
0.0
  0
POINT
  5
19E
330
18E
100
AcDbEntity
  8
Defpoints
 62
     0
440
 16777216
100
AcDbPoint
 10
93297.07
 20
750.49
 30
0.0
  0
ENDBLK
  5
19F
330
18E
100
AcDbEntity
  8
0
100
AcDbBlockEnd
  0
BLOCK
  5
1A3
330
1A2
100
AcDbEntity
  8
0
100
AcDbBlockBegin
  2
*D10
 70
     1
 10
0.0
 20
0.0
 30
0.0
  3
*D10
  1

  0
LINE
  5
1A4
330
1A2
100
AcDbEntity
  8
HT-A-AXIS-F01-NEW
 62
     0
440
 16777216
370
    -2
100
AcDbLine
 10
91097.07
 20
750.49
 30
0.0
 11
93547.07
 21
750.49
 31
0.0
  0
LINE
  5
1A5
330
1A2
100
AcDbEntity
  8
HT-A-AXIS-F01-NEW
 62
     0
440
 16777216
370
    -2
100
AcDbLine
 10
91097.07
 20
4950.49
 30
0.0
 11
93547.07
 21
4950.49
 31
0.0
  0
LINE
  5
1A6
330
1A2
100
AcDbEntity
  8
HT-A-AXIS-F01-NEW
 62
     0
440
 16777216
370
    -2
100
AcDbLine
 10
93297.07
 20
750.49
 30
0.0
 11
93297.07
 21
4950.49
 31
0.0
  0
INSERT
  5
1A7
330
1A2
100
AcDbEntity
  8
HT-A-AXIS-F01-NEW
 62
     0
440
 16777216
370
    -2
100
AcDbBlockReference
  2
_ArchTick
 10
93297.07
 20
750.49
 30
0.0
 41
100.0
 42
100.0
 43
100.0
 50
270.0
  0
INSERT
  5
1A8
330
1A2
100
AcDbEntity
  8
HT-A-AXIS-F01-NEW
 62
     0
440
 16777216
370
    -2
100
AcDbBlockReference
  2
_ArchTick
 10
93297.07
 20
4950.49
 30
0.0
 41
100.0
 42
100.0
 43
100.0
 50
90.0
  0
MTEXT
  5
1A9
330
1A2
100
AcDbEntity
  8
HT-A-AXIS-F01-NEW
 62
     7
440
 16777216
100
AcDbMText
 10
93022.07
 20
2850.49
 30
0.0
 40
297.5
 41
0.0
 46
0.0
 71
     5
 72
     1
  1
\A1;4200
  7
_TCH_DIM_T3
 11
0.0
 21
1.0
 31
0.0
 73
     1
 44
1.0
  0
POINT
  5
1AA
330
1A2
100
AcDbEntity
  8
Defpoints
 62
     0
440
 16777216
100
AcDbPoint
 10
90797.07
 20
750.49
 30
0.0
  0
POINT
  5
1AB
330
1A2
100
AcDbEntity
  8
Defpoints
 62
     0
440
 16777216
100
AcDbPoint
 10
90797.07
 20
4950.49
 30
0.0
  0
POINT
  5
1AC
330
1A2
100
AcDbEntity
  8
Defpoints
 62
     0
440
 16777216
100
AcDbPoint
 10
93297.07
 20
4950.49
 30
0.0
  0
ENDBLK
  5
1AD
330
1A2
100
AcDbEntity
  8
0
100
AcDbBlockEnd
  0
BLOCK
  5
1B0
330
1AF
100
AcDbEntity
  8
0
100
AcDbBlockBegin
  2
*D11
 70
     1
 10
0.0
 20
0.0
 30
0.0
  3
*D11
  1

  0
LINE
  5
1B1
330
1AF
100
AcDbEntity
  8
HT-A-AXIS-F01-NEW
 62
     0
440
 16777216
370
    -2
100
AcDbLine
 10
91097.07
 20
4950.49
 30
0.0
 11
93547.07
 21
4950.49
 31
0.0
  0
LINE
  5
1B2
330
1AF
100
AcDbEntity
  8
HT-A-AXIS-F01-NEW
 62
     0
440
 16777216
370
    -2
100
AcDbLine
 10
91097.07
 20
6750.49
 30
0.0
 11
93547.07
 21
6750.49
 31
0.0
  0
LINE
  5
1B3
330
1AF
100
AcDbEntity
  8
HT-A-AXIS-F01-NEW
 62
     0
440
 16777216
370
    -2
100
AcDbLine
 10
93297.07
 20
4950.49
 30
0.0
 11
93297.07
 21
6750.49
 31
0.0
  0
INSERT
  5
1B4
330
1AF
100
AcDbEntity
  8
HT-A-AXIS-F01-NEW
 62
     0
440
 16777216
370
    -2
100
AcDbBlockReference
  2
_ArchTick
 10
93297.07
 20
4950.49
 30
0.0
 41
100.0
 42
100.0
 43
100.0
 50
270.0
  0
INSERT
  5
1B5
330
1AF
100
AcDbEntity
  8
HT-A-AXIS-F01-NEW
 62
     0
440
 16777216
370
    -2
100
AcDbBlockReference
  2
_ArchTick
 10
93297.07
 20
6750.49
 30
0.0
 41
100.0
 42
100.0
 43
100.0
 50
90.0
  0
MTEXT
  5
1B6
330
1AF
100
AcDbEntity
  8
HT-A-AXIS-F01-NEW
 62
     7
440
 16777216
100
AcDbMText
 10
93022.07
 20
5850.49
 30
0.0
 40
297.5
 41
0.0
 46
0.0
 71
     5
 72
     1
  1
\A1;1800
  7
_TCH_DIM_T3
 11
0.0
 21
1.0
 31
0.0
 73
     1
 44
1.0
  0
POINT
  5
1B7
330
1AF
100
AcDbEntity
  8
Defpoints
 62
     0
440
 16777216
100
AcDbPoint
 10
90797.07
 20
4950.49
 30
0.0
  0
POINT
  5
1B8
330
1AF
100
AcDbEntity
  8
Defpoints
 62
     0
440
 16777216
100
AcDbPoint
 10
90797.07
 20
6750.49
 30
0.0
  0
POINT
  5
1B9
330
1AF
100
AcDbEntity
  8
Defpoints
 62
     0
440
 16777216
100
AcDbPoint
 10
93297.07
 20
6750.49
 30
0.0
  0
ENDBLK
  5
1BA
330
1AF
100
AcDbEntity
  8
0
100
AcDbBlockEnd
  0
BLOCK
  5
1BD
330
1BC
100
AcDbEntity
  8
0
100
AcDbBlockBegin
  2
*D12
 70
     1
 10
0.0
 20
0.0
 30
0.0
  3
*D12
  1

  0
LINE
  5
1BE
330
1BC
100
AcDbEntity
  8
HT-A-AXIS-F01-NEW
 62
     0
440
 16777216
370
    -2
100
AcDbLine
 10
91097.07
 20
6750.49
 30
0.0
 11
93547.07
 21
6750.49
 31
0.0
  0
LINE
  5
1BF
330
1BC
100
AcDbEntity
  8
HT-A-AXIS-F01-NEW
 62
     0
440
 16777216
370
    -2
100
AcDbLine
 10
91097.07
 20
9150.49
 30
0.0
 11
93547.07
 21
9150.49
 31
0.0
  0
LINE
  5
1C0
330
1BC
100
AcDbEntity
  8
HT-A-AXIS-F01-NEW
 62
     0
440
 16777216
370
    -2
100
AcDbLine
 10
93297.07
 20
6750.49
 30
0.0
 11
93297.07
 21
9150.49
 31
0.0
  0
INSERT
  5
1C1
330
1BC
100
AcDbEntity
  8
HT-A-AXIS-F01-NEW
 62
     0
440
 16777216
370
    -2
100
AcDbBlockReference
  2
_ArchTick
 10
93297.07
 20
6750.49
 30
0.0
 41
100.0
 42
100.0
 43
100.0
 50
270.0
  0
INSERT
  5
1C2
330
1BC
100
AcDbEntity
  8
HT-A-AXIS-F01-NEW
 62
     0
440
 16777216
370
    -2
100
AcDbBlockReference
  2
_ArchTick
 10
93297.07
 20
9150.49
 30
0.0
 41
100.0
 42
100.0
 43
100.0
 50
90.0
  0
MTEXT
  5
1C3
330
1BC
100
AcDbEntity
  8
HT-A-AXIS-F01-NEW
 62
     7
440
 16777216
100
AcDbMText
 10
93022.07
 20
7950.49
 30
0.0
 40
297.5
 41
0.0
 46
0.0
 71
     5
 72
     1
  1
\A1;2400
  7
_TCH_DIM_T3
 11
0.0
 21
1.0
 31
0.0
 73
     1
 44
1.0
  0
POINT
  5
1C4
330
1BC
100
AcDbEntity
  8
Defpoints
 62
     0
440
 16777216
100
AcDbPoint
 10
90797.07
 20
6750.49
 30
0.0
  0
POINT
  5
1C5
330
1BC
100
AcDbEntity
  8
Defpoints
 62
     0
440
 16777216
100
AcDbPoint
 10
90797.07
 20
9150.49
 30
0.0
  0
POINT
  5
1C6
330
1BC
100
AcDbEntity
  8
Defpoints
 62
     0
440
 16777216
100
AcDbPoint
 10
93297.07
 20
9150.49
 30
0.0
  0
ENDBLK
  5
1C7
330
1BC
100
AcDbEntity
  8
0
100
AcDbBlockEnd
  0
BLOCK
  5
1CA
330
1C9
100
AcDbEntity
  8
0
100
AcDbBlockBegin
  2
*D13
 70
     1
 10
0.0
 20
0.0
 30
0.0
  3
*D13
  1

  0
LINE
  5
1CB
330
1C9
100
AcDbEntity
  8
HT-A-AXIS-F01-NEW
 62
     0
440
 16777216
370
    -2
100
AcDbLine
 10
91097.07
 20
-749.51
 30
0.0
 11
94347.07
 21
-749.51
 31
0.0
  0
LINE
  5
1CC
330
1C9
100
AcDbEntity
  8
HT-A-AXIS-F01-NEW
 62
     0
440
 16777216
370
    -2
100
AcDbLine
 10
91097.07
 20
9150.49
 30
0.0
 11
94347.07
 21
9150.49
 31
0.0
  0
LINE
  5
1CD
330
1C9
100
AcDbEntity
  8
HT-A-AXIS-F01-NEW
 62
     0
440
 16777216
370
    -2
100
AcDbLine
 10
94097.07
 20
-749.51
 30
0.0
 11
94097.07
 21
9150.49
 31
0.0
  0
INSERT
  5
1CE
330
1C9
100
AcDbEntity
  8
HT-A-AXIS-F01-NEW
 62
     0
440
 16777216
370
    -2
100
AcDbBlockReference
  2
_ArchTick
 10
94097.07
 20
-749.51
 30
0.0
 41
100.0
 42
100.0
 43
100.0
 50
270.0
  0
INSERT
  5
1CF
330
1C9
100
AcDbEntity
  8
HT-A-AXIS-F01-NEW
 62
     0
440
 16777216
370
    -2
100
AcDbBlockReference
  2
_ArchTick
 10
94097.07
 20
9150.49
 30
0.0
 41
100.0
 42
100.0
 43
100.0
 50
90.0
  0
MTEXT
  5
1D0
330
1C9
100
AcDbEntity
  8
HT-A-AXIS-F01-NEW
 62
     7
440
 16777216
100
AcDbMText
 10
93822.07
 20
4200.49
 30
0.0
 40
297.5
 41
0.0
 46
0.0
 71
     5
 72
     1
  1
\A1;9900
  7
_TCH_DIM_T3
 11
0.0
 21
1.0
 31
0.0
 73
     1
 44
1.0
  0
POINT
  5
1D1
330
1C9
100
AcDbEntity
  8
Defpoints
 62
     0
440
 16777216
100
AcDbPoint
 10
90797.07
 20
-749.51
 30
0.0
  0
POINT
  5
1D2
330
1C9
100
AcDbEntity
  8
Defpoints
 62
     0
440
 16777216
100
AcDbPoint
 10
90797.07
 20
9150.49
 30
0.0
  0
POINT
  5
1D3
330
1C9
100
AcDbEntity
  8
Defpoints
 62
     0
440
 16777216
100
AcDbPoint
 10
94097.07
 20
9150.49
 30
0.0
  0
ENDBLK
  5
1D4
330
1C9
100
AcDbEntity
  8
0
100
AcDbBlockEnd
  0
BLOCK
  5
1D7
330
1D6
100
AcDbEntity
  8
0
100
AcDbBlockBegin
  2
*D14
 70
     1
 10
0.0
 20
0.0
 30
0.0
  3
*D14
  1

  0
LINE
  5
1D8
330
1D6
100
AcDbEntity
  8
HT-A-AXIS-F01-NEW
 62
     0
440
 16777216
370
    -2
100
AcDbLine
 10
75697.07
 20
-749.51
 30
0.0
 11
73247.07
 21
-749.51
 31
0.0
  0
LINE
  5
1D9
330
1D6
100
AcDbEntity
  8
HT-A-AXIS-F01-NEW
 62
     0
440
 16777216
370
    -2
100
AcDbLine
 10
75697.07
 20
750.49
 30
0.0
 11
73247.07
 21
750.49
 31
0.0
  0
LINE
  5
1DA
330
1D6
100
AcDbEntity
  8
HT-A-AXIS-F01-NEW
 62
     0
440
 16777216
370
    -2
100
AcDbLine
 10
73497.07
 20
-749.51
 30
0.0
 11
73497.07
 21
750.49
 31
0.0
  0
INSERT
  5
1DB
330
1D6
100
AcDbEntity
  8
HT-A-AXIS-F01-NEW
 62
     0
440
 16777216
370
    -2
100
AcDbBlockReference
  2
_ArchTick
 10
73497.07
 20
-749.51
 30
0.0
 41
100.0
 42
100.0
 43
100.0
 50
270.0
  0
INSERT
  5
1DC
330
1D6
100
AcDbEntity
  8
HT-A-AXIS-F01-NEW
 62
     0
440
 16777216
370
    -2
100
AcDbBlockReference
  2
_ArchTick
 10
73497.07
 20
750.49
 30
0.0
 41
100.0
 42
100.0
 43
100.0
 50
90.0
  0
MTEXT
  5
1DD
330
1D6
100
AcDbEntity
  8
HT-A-AXIS-F01-NEW
 62
     7
440
 16777216
100
AcDbMText
 10
73222.07
 20
0.49
 30
0.0
 40
297.5
 41
0.0
 46
0.0
 71
     5
 72
     1
  1
\A1;1500
  7
_TCH_DIM_T3
 11
0.0
 21
1.0
 31
0.0
 73
     1
 44
1.0
  0
POINT
  5
1DE
330
1D6
100
AcDbEntity
  8
Defpoints
 62
     0
440
 16777216
100
AcDbPoint
 10
75997.07
 20
-749.51
 30
0.0
  0
POINT
  5
1DF
330
1D6
100
AcDbEntity
  8
Defpoints
 62
     0
440
 16777216
100
AcDbPoint
 10
75997.07
 20
750.49
 30
0.0
  0
POINT
  5
1E0
330
1D6
100
AcDbEntity
  8
Defpoints
 62
     0
440
 16777216
100
AcDbPoint
 10
73497.07
 20
750.49
 30
0.0
  0
ENDBLK
  5
1E1
330
1D6
100
AcDbEntity
  8
0
100
AcDbBlockEnd
  0
BLOCK
  5
1E4
330
1E3
100
AcDbEntity
  8
0
100
AcDbBlockBegin
  2
*D15
 70
     1
 10
0.0
 20
0.0
 30
0.0
  3
*D15
  1

  0
LINE
  5
1E5
330
1E3
100
AcDbEntity
  8
HT-A-AXIS-F01-NEW
 62
     0
440
 16777216
370
    -2
100
AcDbLine
 10
75697.07
 20
750.49
 30
0.0
 11
73247.07
 21
750.49
 31
0.0
  0
LINE
  5
1E6
330
1E3
100
AcDbEntity
  8
HT-A-AXIS-F01-NEW
 62
     0
440
 16777216
370
    -2
100
AcDbLine
 10
75697.07
 20
4950.49
 30
0.0
 11
73247.07
 21
4950.49
 31
0.0
  0
LINE
  5
1E7
330
1E3
100
AcDbEntity
  8
HT-A-AXIS-F01-NEW
 62
     0
440
 16777216
370
    -2
100
AcDbLine
 10
73497.07
 20
750.49
 30
0.0
 11
73497.07
 21
4950.49
 31
0.0
  0
INSERT
  5
1E8
330
1E3
100
AcDbEntity
  8
HT-A-AXIS-F01-NEW
 62
     0
440
 16777216
370
    -2
100
AcDbBlockReference
  2
_ArchTick
 10
73497.07
 20
750.49
 30
0.0
 41
100.0
 42
100.0
 43
100.0
 50
270.0
  0
INSERT
  5
1E9
330
1E3
100
AcDbEntity
  8
HT-A-AXIS-F01-NEW
 62
     0
440
 16777216
370
    -2
100
AcDbBlockReference
  2
_ArchTick
 10
73497.07
 20
4950.49
 30
0.0
 41
100.0
 42
100.0
 43
100.0
 50
90.0
  0
MTEXT
  5
1EA
330
1E3
100
AcDbEntity
  8
HT-A-AXIS-F01-NEW
 62
     7
440
 16777216
100
AcDbMText
 10
73222.07
 20
2850.49
 30
0.0
 40
297.5
 41
0.0
 46
0.0
 71
     5
 72
     1
  1
\A1;4200
  7
_TCH_DIM_T3
 11
0.0
 21
1.0
 31
0.0
 73
     1
 44
1.0
  0
POINT
  5
1EB
330
1E3
100
AcDbEntity
  8
Defpoints
 62
     0
440
 16777216
100
AcDbPoint
 10
75997.07
 20
750.49
 30
0.0
  0
POINT
  5
1EC
330
1E3
100
AcDbEntity
  8
Defpoints
 62
     0
440
 16777216
100
AcDbPoint
 10
75997.07
 20
4950.49
 30
0.0
  0
POINT
  5
1ED
330
1E3
100
AcDbEntity
  8
Defpoints
 62
     0
440
 16777216
100
AcDbPoint
 10
73497.07
 20
4950.49
 30
0.0
  0
ENDBLK
  5
1EE
330
1E3
100
AcDbEntity
  8
0
100
AcDbBlockEnd
  0
BLOCK
  5
1F1
330
1F0
100
AcDbEntity
  8
0
100
AcDbBlockBegin
  2
*D16
 70
     1
 10
0.0
 20
0.0
 30
0.0
  3
*D16
  1

  0
LINE
  5
1F2
330
1F0
100
AcDbEntity
  8
HT-A-AXIS-F01-NEW
 62
     0
440
 16777216
370
    -2
100
AcDbLine
 10
75697.07
 20
4950.49
 30
0.0
 11
73247.07
 21
4950.49
 31
0.0
  0
LINE
  5
1F3
330
1F0
100
AcDbEntity
  8
HT-A-AXIS-F01-NEW
 62
     0
440
 16777216
370
    -2
100
AcDbLine
 10
75697.07
 20
6750.49
 30
0.0
 11
73247.07
 21
6750.49
 31
0.0
  0
LINE
  5
1F4
330
1F0
100
AcDbEntity
  8
HT-A-AXIS-F01-NEW
 62
     0
440
 16777216
370
    -2
100
AcDbLine
 10
73497.07
 20
4950.49
 30
0.0
 11
73497.07
 21
6750.49
 31
0.0
  0
INSERT
  5
1F5
330
1F0
100
AcDbEntity
  8
HT-A-AXIS-F01-NEW
 62
     0
440
 16777216
370
    -2
100
AcDbBlockReference
  2
_ArchTick
 10
73497.07
 20
4950.49
 30
0.0
 41
100.0
 42
100.0
 43
100.0
 50
270.0
  0
INSERT
  5
1F6
330
1F0
100
AcDbEntity
  8
HT-A-AXIS-F01-NEW
 62
     0
440
 16777216
370
    -2
100
AcDbBlockReference
  2
_ArchTick
 10
73497.07
 20
6750.49
 30
0.0
 41
100.0
 42
100.0
 43
100.0
 50
90.0
  0
MTEXT
  5
1F7
330
1F0
100
AcDbEntity
  8
HT-A-AXIS-F01-NEW
 62
     7
440
 16777216
100
AcDbMText
 10
73222.07
 20
5850.49
 30
0.0
 40
297.5
 41
0.0
 46
0.0
 71
     5
 72
     1
  1
\A1;1800
  7
_TCH_DIM_T3
 11
0.0
 21
1.0
 31
0.0
 73
     1
 44
1.0
  0
POINT
  5
1F8
330
1F0
100
AcDbEntity
  8
Defpoints
 62
     0
440
 16777216
100
AcDbPoint
 10
75997.07
 20
4950.49
 30
0.0
  0
POINT
  5
1F9
330
1F0
100
AcDbEntity
  8
Defpoints
 62
     0
440
 16777216
100
AcDbPoint
 10
75997.07
 20
6750.49
 30
0.0
  0
POINT
  5
1FA
330
1F0
100
AcDbEntity
  8
Defpoints
 62
     0
440
 16777216
100
AcDbPoint
 10
73497.07
 20
6750.49
 30
0.0
  0
ENDBLK
  5
1FB
330
1F0
100
AcDbEntity
  8
0
100
AcDbBlockEnd
  0
BLOCK
  5
1FE
330
1FD
100
AcDbEntity
  8
0
100
AcDbBlockBegin
  2
*D17
 70
     1
 10
0.0
 20
0.0
 30
0.0
  3
*D17
  1

  0
LINE
  5
1FF
330
1FD
100
AcDbEntity
  8
HT-A-AXIS-F01-NEW
 62
     0
440
 16777216
370
    -2
100
AcDbLine
 10
75697.07
 20
6750.49
 30
0.0
 11
73247.07
 21
6750.49
 31
0.0
  0
LINE
  5
200
330
1FD
100
AcDbEntity
  8
HT-A-AXIS-F01-NEW
 62
     0
440
 16777216
370
    -2
100
AcDbLine
 10
75697.07
 20
9150.49
 30
0.0
 11
73247.07
 21
9150.49
 31
0.0
  0
LINE
  5
201
330
1FD
100
AcDbEntity
  8
HT-A-AXIS-F01-NEW
 62
     0
440
 16777216
370
    -2
100
AcDbLine
 10
73497.07
 20
6750.49
 30
0.0
 11
73497.07
 21
9150.49
 31
0.0
  0
INSERT
  5
202
330
1FD
100
AcDbEntity
  8
HT-A-AXIS-F01-NEW
 62
     0
440
 16777216
370
    -2
100
AcDbBlockReference
  2
_ArchTick
 10
73497.07
 20
6750.49
 30
0.0
 41
100.0
 42
100.0
 43
100.0
 50
270.0
  0
INSERT
  5
203
330
1FD
100
AcDbEntity
  8
HT-A-AXIS-F01-NEW
 62
     0
440
 16777216
370
    -2
100
AcDbBlockReference
  2
_ArchTick
 10
73497.07
 20
9150.49
 30
0.0
 41
100.0
 42
100.0
 43
100.0
 50
90.0
  0
MTEXT
  5
204
330
1FD
100
AcDbEntity
  8
HT-A-AXIS-F01-NEW
 62
     7
440
 16777216
100
AcDbMText
 10
73222.07
 20
7950.49
 30
0.0
 40
297.5
 41
0.0
 46
0.0
 71
     5
 72
     1
  1
\A1;2400
  7
_TCH_DIM_T3
 11
0.0
 21
1.0
 31
0.0
 73
     1
 44
1.0
  0
POINT
  5
205
330
1FD
100
AcDbEntity
  8
Defpoints
 62
     0
440
 16777216
100
AcDbPoint
 10
75997.07
 20
6750.49
 30
0.0
  0
POINT
  5
206
330
1FD
100
AcDbEntity
  8
Defpoints
 62
     0
440
 16777216
100
AcDbPoint
 10
75997.07
 20
9150.49
 30
0.0
  0
POINT
  5
207
330
1FD
100
AcDbEntity
  8
Defpoints
 62
     0
440
 16777216
100
AcDbPoint
 10
73497.07
 20
9150.49
 30
0.0
  0
ENDBLK
  5
208
330
1FD
100
AcDbEntity
  8
0
100
AcDbBlockEnd
  0
BLOCK
  5
20B
330
20A
100
AcDbEntity
  8
0
100
AcDbBlockBegin
  2
*D18
 70
     1
 10
0.0
 20
0.0
 30
0.0
  3
*D18
  1

  0
LINE
  5
20C
330
20A
100
AcDbEntity
  8
HT-A-AXIS-F01-NEW
 62
     0
440
 16777216
370
    -2
100
AcDbLine
 10
75697.07
 20
-749.51
 30
0.0
 11
72447.07
 21
-749.51
 31
0.0
  0
LINE
  5
20D
330
20A
100
AcDbEntity
  8
HT-A-AXIS-F01-NEW
 62
     0
440
 16777216
370
    -2
100
AcDbLine
 10
75697.07
 20
9150.49
 30
0.0
 11
72447.07
 21
9150.49
 31
0.0
  0
LINE
  5
20E
330
20A
100
AcDbEntity
  8
HT-A-AXIS-F01-NEW
 62
     0
440
 16777216
370
    -2
100
AcDbLine
 10
72697.07
 20
-749.51
 30
0.0
 11
72697.07
 21
9150.49
 31
0.0
  0
INSERT
  5
20F
330
20A
100
AcDbEntity
  8
HT-A-AXIS-F01-NEW
 62
     0
440
 16777216
370
    -2
100
AcDbBlockReference
  2
_ArchTick
 10
72697.07
 20
-749.51
 30
0.0
 41
100.0
 42
100.0
 43
100.0
 50
270.0
  0
INSERT
  5
210
330
20A
100
AcDbEntity
  8
HT-A-AXIS-F01-NEW
 62
     0
440
 16777216
370
    -2
100
AcDbBlockReference
  2
_ArchTick
 10
72697.07
 20
9150.49
 30
0.0
 41
100.0
 42
100.0
 43
100.0
 50
90.0
  0
MTEXT
  5
211
330
20A
100
AcDbEntity
  8
HT-A-AXIS-F01-NEW
 62
     7
440
 16777216
100
AcDbMText
 10
72422.07
 20
4200.49
 30
0.0
 40
297.5
 41
0.0
 46
0.0
 71
     5
 72
     1
  1
\A1;9900
  7
_TCH_DIM_T3
 11
0.0
 21
1.0
 31
0.0
 73
     1
 44
1.0
  0
POINT
  5
212
330
20A
100
AcDbEntity
  8
Defpoints
 62
     0
440
 16777216
100
AcDbPoint
 10
75997.07
 20
-749.51
 30
0.0
  0
POINT
  5
213
330
20A
100
AcDbEntity
  8
Defpoints
 62
     0
440
 16777216
100
AcDbPoint
 10
75997.07
 20
9150.49
 30
0.0
  0
POINT
  5
214
330
20A
100
AcDbEntity
  8
Defpoints
 62
     0
440
 16777216
100
AcDbPoint
 10
72697.07
 20
9150.49
 30
0.0
  0
ENDBLK
  5
215
330
20A
100
AcDbEntity
  8
0
100
AcDbBlockEnd
  0
BLOCK
  5
218
330
217
100
AcDbEntity
  8
0
100
AcDbBlockBegin
  2
*D19
 70
     1
 10
0.0
 20
0.0
 30
0.0
  3
*D19
  1

  0
LINE
  5
219
330
217
100
AcDbEntity
  8
HT-A-AXIS-F01-NEW
 62
     0
440
 16777216
370
    -2
100
AcDbLine
 10
76997.07
 20
10450.49
 30
0.0
 11
76997.07
 21
12900.49
 31
0.0
  0
LINE
  5
21A
330
217
100
AcDbEntity
  8
HT-A-AXIS-F01-NEW
 62
     0
440
 16777216
370
    -2
100
AcDbLine
 10
80997.07
 20
10450.49
 30
0.0
 11
80997.07
 21
12900.49
 31
0.0
  0
LINE
  5
21B
330
217
100
AcDbEntity
  8
HT-A-AXIS-F01-NEW
 62
     0
440
 16777216
370
    -2
100
AcDbLine
 10
76997.07
 20
12650.49
 30
0.0
 11
80997.07
 21
12650.49
 31
0.0
  0
INSERT
  5
21C
330
217
100
AcDbEntity
  8
HT-A-AXIS-F01-NEW
 62
     0
440
 16777216
370
    -2
100
AcDbBlockReference
  2
_ArchTick
 10
76997.07
 20
12650.49
 30
0.0
 41
100.0
 42
100.0
 43
100.0
 50
180.0
  0
INSERT
  5
21D
330
217
100
AcDbEntity
  8
HT-A-AXIS-F01-NEW
 62
     0
440
 16777216
370
    -2
100
AcDbBlockReference
  2
_ArchTick
 10
80997.07
 20
12650.49
 30
0.0
 41
100.0
 42
100.0
 43
100.0
  0
MTEXT
  5
21E
330
217
100
AcDbEntity
  8
HT-A-AXIS-F01-NEW
 62
     7
440
 16777216
100
AcDbMText
 10
78997.07
 20
12925.49
 30
0.0
 40
297.5
 41
0.0
 46
0.0
 71
     5
 72
     1
  1
\A1;4000
  7
_TCH_DIM_T3
 73
     1
 44
1.0
  0
POINT
  5
21F
330
217
100
AcDbEntity
  8
Defpoints
 62
     0
440
 16777216
100
AcDbPoint
 10
76997.07
 20
10150.49
 30
0.0
  0
POINT
  5
220
330
217
100
AcDbEntity
  8
Defpoints
 62
     0
440
 16777216
100
AcDbPoint
 10
80997.07
 20
10150.49
 30
0.0
  0
POINT
  5
221
330
217
100
AcDbEntity
  8
Defpoints
 62
     0
440
 16777216
100
AcDbPoint
 10
80997.07
 20
12650.49
 30
0.0
  0
ENDBLK
  5
222
330
217
100
AcDbEntity
  8
0
100
AcDbBlockEnd
  0
BLOCK
  5
225
330
224
100
AcDbEntity
  8
0
100
AcDbBlockBegin
  2
*D20
 70
     1
 10
0.0
 20
0.0
 30
0.0
  3
*D20
  1

  0
LINE
  5
226
330
224
100
AcDbEntity
  8
HT-A-AXIS-F01-NEW
 62
     0
440
 16777216
370
    -2
100
AcDbLine
 10
80997.07
 20
10450.49
 30
0.0
 11
80997.07
 21
12900.49
 31
0.0
  0
LINE
  5
227
330
224
100
AcDbEntity
  8
HT-A-AXIS-F01-NEW
 62
     0
440
 16777216
370
    -2
100
AcDbLine
 10
85797.07
 20
10450.49
 30
0.0
 11
85797.07
 21
12900.49
 31
0.0
  0
LINE
  5
228
330
224
100
AcDbEntity
  8
HT-A-AXIS-F01-NEW
 62
     0
440
 16777216
370
    -2
100
AcDbLine
 10
80997.07
 20
12650.49
 30
0.0
 11
85797.07
 21
12650.49
 31
0.0
  0
INSERT
  5
229
330
224
100
AcDbEntity
  8
HT-A-AXIS-F01-NEW
 62
     0
440
 16777216
370
    -2
100
AcDbBlockReference
  2
_ArchTick
 10
80997.07
 20
12650.49
 30
0.0
 41
100.0
 42
100.0
 43
100.0
 50
180.0
  0
INSERT
  5
22A
330
224
100
AcDbEntity
  8
HT-A-AXIS-F01-NEW
 62
     0
440
 16777216
370
    -2
100
AcDbBlockReference
  2
_ArchTick
 10
85797.07
 20
12650.49
 30
0.0
 41
100.0
 42
100.0
 43
100.0
  0
MTEXT
  5
22B
330
224
100
AcDbEntity
  8
HT-A-AXIS-F01-NEW
 62
     7
440
 16777216
100
AcDbMText
 10
83397.07
 20
12925.49
 30
0.0
 40
297.5
 41
0.0
 46
0.0
 71
     5
 72
     1
  1
\A1;4800
  7
_TCH_DIM_T3
 73
     1
 44
1.0
  0
POINT
  5
22C
330
224
100
AcDbEntity
  8
Defpoints
 62
     0
440
 16777216
100
AcDbPoint
 10
80997.07
 20
10150.49
 30
0.0
  0
POINT
  5
22D
330
224
100
AcDbEntity
  8
Defpoints
 62
     0
440
 16777216
100
AcDbPoint
 10
85797.07
 20
10150.49
 30
0.0
  0
POINT
  5
22E
330
224
100
AcDbEntity
  8
Defpoints
 62
     0
440
 16777216
100
AcDbPoint
 10
85797.07
 20
12650.49
 30
0.0
  0
ENDBLK
  5
22F
330
224
100
AcDbEntity
  8
0
100
AcDbBlockEnd
  0
BLOCK
  5
232
330
231
100
AcDbEntity
  8
0
100
AcDbBlockBegin
  2
*D21
 70
     1
 10
0.0
 20
0.0
 30
0.0
  3
*D21
  1

  0
LINE
  5
233
330
231
100
AcDbEntity
  8
HT-A-AXIS-F01-NEW
 62
     0
440
 16777216
370
    -2
100
AcDbLine
 10
85797.07
 20
10450.49
 30
0.0
 11
85797.07
 21
12900.49
 31
0.0
  0
LINE
  5
234
330
231
100
AcDbEntity
  8
HT-A-AXIS-F01-NEW
 62
     0
440
 16777216
370
    -2
100
AcDbLine
 10
89797.07
 20
10450.49
 30
0.0
 11
89797.07
 21
12900.49
 31
0.0
  0
LINE
  5
235
330
231
100
AcDbEntity
  8
HT-A-AXIS-F01-NEW
 62
     0
440
 16777216
370
    -2
100
AcDbLine
 10
85797.07
 20
12650.49
 30
0.0
 11
89797.07
 21
12650.49
 31
0.0
  0
INSERT
  5
236
330
231
100
AcDbEntity
  8
HT-A-AXIS-F01-NEW
 62
     0
440
 16777216
370
    -2
100
AcDbBlockReference
  2
_ArchTick
 10
85797.07
 20
12650.49
 30
0.0
 41
100.0
 42
100.0
 43
100.0
 50
180.0
  0
INSERT
  5
237
330
231
100
AcDbEntity
  8
HT-A-AXIS-F01-NEW
 62
     0
440
 16777216
370
    -2
100
AcDbBlockReference
  2
_ArchTick
 10
89797.07
 20
12650.49
 30
0.0
 41
100.0
 42
100.0
 43
100.0
  0
MTEXT
  5
238
330
231
100
AcDbEntity
  8
HT-A-AXIS-F01-NEW
 62
     7
440
 16777216
100
AcDbMText
 10
87797.07
 20
12925.49
 30
0.0
 40
297.5
 41
0.0
 46
0.0
 71
     5
 72
     1
  1
\A1;4000
  7
_TCH_DIM_T3
 73
     1
 44
1.0
  0
POINT
  5
239
330
231
100
AcDbEntity
  8
Defpoints
 62
     0
440
 16777216
100
AcDbPoint
 10
85797.07
 20
10150.49
 30
0.0
  0
POINT
  5
23A
330
231
100
AcDbEntity
  8
Defpoints
 62
     0
440
 16777216
100
AcDbPoint
 10
89797.07
 20
10150.49
 30
0.0
  0
POINT
  5
23B
330
231
100
AcDbEntity
  8
Defpoints
 62
     0
440
 16777216
100
AcDbPoint
 10
89797.07
 20
12650.49
 30
0.0
  0
ENDBLK
  5
23C
330
231
100
AcDbEntity
  8
0
100
AcDbBlockEnd
  0
BLOCK
  5
23F
330
23E
100
AcDbEntity
  8
0
100
AcDbBlockBegin
  2
*D22
 70
     1
 10
0.0
 20
0.0
 30
0.0
  3
*D22
  1

  0
LINE
  5
240
330
23E
100
AcDbEntity
  8
HT-A-AXIS-F01-NEW
 62
     0
440
 16777216
370
    -2
100
AcDbLine
 10
76997.07
 20
10450.49
 30
0.0
 11
76997.07
 21
13700.49
 31
0.0
  0
LINE
  5
241
330
23E
100
AcDbEntity
  8
HT-A-AXIS-F01-NEW
 62
     0
440
 16777216
370
    -2
100
AcDbLine
 10
89797.07
 20
10450.49
 30
0.0
 11
89797.07
 21
13700.49
 31
0.0
  0
LINE
  5
242
330
23E
100
AcDbEntity
  8
HT-A-AXIS-F01-NEW
 62
     0
440
 16777216
370
    -2
100
AcDbLine
 10
76997.07
 20
13450.49
 30
0.0
 11
89797.07
 21
13450.49
 31
0.0
  0
INSERT
  5
243
330
23E
100
AcDbEntity
  8
HT-A-AXIS-F01-NEW
 62
     0
440
 16777216
370
    -2
100
AcDbBlockReference
  2
_ArchTick
 10
76997.07
 20
13450.49
 30
0.0
 41
100.0
 42
100.0
 43
100.0
 50
180.0
  0
INSERT
  5
244
330
23E
100
AcDbEntity
  8
HT-A-AXIS-F01-NEW
 62
     0
440
 16777216
370
    -2
100
AcDbBlockReference
  2
_ArchTick
 10
89797.07
 20
13450.49
 30
0.0
 41
100.0
 42
100.0
 43
100.0
  0
MTEXT
  5
245
330
23E
100
AcDbEntity
  8
HT-A-AXIS-F01-NEW
 62
     7
440
 16777216
100
AcDbMText
 10
83397.07
 20
13725.49
 30
0.0
 40
297.5
 41
0.0
 46
0.0
 71
     5
 72
     1
  1
\A1;12800
  7
_TCH_DIM_T3
 73
     1
 44
1.0
  0
POINT
  5
246
330
23E
100
AcDbEntity
  8
Defpoints
 62
     0
440
 16777216
100
AcDbPoint
 10
76997.07
 20
10150.49
 30
0.0
  0
POINT
  5
247
330
23E
100
AcDbEntity
  8
Defpoints
 62
     0
440
 16777216
100
AcDbPoint
 10
89797.07
 20
10150.49
 30
0.0
  0
POINT
  5
248
330
23E
100
AcDbEntity
  8
Defpoints
 62
     0
440
 16777216
100
AcDbPoint
 10
89797.07
 20
13450.49
 30
0.0
  0
ENDBLK
  5
249
330
23E
100
AcDbEntity
  8
0
100
AcDbBlockEnd
  0
BLOCK
  5
24C
330
24B
100
AcDbEntity
  8
0
100
AcDbBlockBegin
  2
*D23
 70
     1
 10
0.0
 20
0.0
 30
0.0
  3
*D23
  1

  0
LINE
  5
24D
330
24B
100
AcDbEntity
  8
HT-A-AXIS-F01-NEW
 62
     0
440
 16777216
370
    -2
100
AcDbLine
 10
76997.07
 20
-2049.51
 30
0.0
 11
76997.07
 21
-4499.51
 31
0.0
  0
LINE
  5
24E
330
24B
100
AcDbEntity
  8
HT-A-AXIS-F01-NEW
 62
     0
440
 16777216
370
    -2
100
AcDbLine
 10
80997.07
 20
-2049.51
 30
0.0
 11
80997.07
 21
-4499.51
 31
0.0
  0
LINE
  5
24F
330
24B
100
AcDbEntity
  8
HT-A-AXIS-F01-NEW
 62
     0
440
 16777216
370
    -2
100
AcDbLine
 10
76997.07
 20
-4249.51
 30
0.0
 11
80997.07
 21
-4249.51
 31
0.0
  0
INSERT
  5
250
330
24B
100
AcDbEntity
  8
HT-A-AXIS-F01-NEW
 62
     0
440
 16777216
370
    -2
100
AcDbBlockReference
  2
_ArchTick
 10
76997.07
 20
-4249.51
 30
0.0
 41
100.0
 42
100.0
 43
100.0
 50
180.0
  0
INSERT
  5
251
330
24B
100
AcDbEntity
  8
HT-A-AXIS-F01-NEW
 62
     0
440
 16777216
370
    -2
100
AcDbBlockReference
  2
_ArchTick
 10
80997.07
 20
-4249.51
 30
0.0
 41
100.0
 42
100.0
 43
100.0
  0
MTEXT
  5
252
330
24B
100
AcDbEntity
  8
HT-A-AXIS-F01-NEW
 62
     7
440
 16777216
100
AcDbMText
 10
78997.07
 20
-3974.51
 30
0.0
 40
297.5
 41
0.0
 46
0.0
 71
     5
 72
     1
  1
\A1;4000
  7
_TCH_DIM_T3
 73
     1
 44
1.0
  0
POINT
  5
253
330
24B
100
AcDbEntity
  8
Defpoints
 62
     0
440
 16777216
100
AcDbPoint
 10
76997.07
 20
-1749.51
 30
0.0
  0
POINT
  5
254
330
24B
100
AcDbEntity
  8
Defpoints
 62
     0
440
 16777216
100
AcDbPoint
 10
80997.07
 20
-1749.51
 30
0.0
  0
POINT
  5
255
330
24B
100
AcDbEntity
  8
Defpoints
 62
     0
440
 16777216
100
AcDbPoint
 10
80997.07
 20
-4249.51
 30
0.0
  0
ENDBLK
  5
256
330
24B
100
AcDbEntity
  8
0
100
AcDbBlockEnd
  0
BLOCK
  5
259
330
258
100
AcDbEntity
  8
0
100
AcDbBlockBegin
  2
*D24
 70
     1
 10
0.0
 20
0.0
 30
0.0
  3
*D24
  1

  0
LINE
  5
25A
330
258
100
AcDbEntity
  8
HT-A-AXIS-F01-NEW
 62
     0
440
 16777216
370
    -2
100
AcDbLine
 10
80997.07
 20
-2049.51
 30
0.0
 11
80997.07
 21
-4499.51
 31
0.0
  0
LINE
  5
25B
330
258
100
AcDbEntity
  8
HT-A-AXIS-F01-NEW
 62
     0
440
 16777216
370
    -2
100
AcDbLine
 10
85797.07
 20
-2049.51
 30
0.0
 11
85797.07
 21
-4499.51
 31
0.0
  0
LINE
  5
25C
330
258
100
AcDbEntity
  8
HT-A-AXIS-F01-NEW
 62
     0
440
 16777216
370
    -2
100
AcDbLine
 10
80997.07
 20
-4249.51
 30
0.0
 11
85797.07
 21
-4249.51
 31
0.0
  0
INSERT
  5
25D
330
258
100
AcDbEntity
  8
HT-A-AXIS-F01-NEW
 62
     0
440
 16777216
370
    -2
100
AcDbBlockReference
  2
_ArchTick
 10
80997.07
 20
-4249.51
 30
0.0
 41
100.0
 42
100.0
 43
100.0
 50
180.0
  0
INSERT
  5
25E
330
258
100
AcDbEntity
  8
HT-A-AXIS-F01-NEW
 62
     0
440
 16777216
370
    -2
100
AcDbBlockReference
  2
_ArchTick
 10
85797.07
 20
-4249.51
 30
0.0
 41
100.0
 42
100.0
 43
100.0
  0
MTEXT
  5
25F
330
258
100
AcDbEntity
  8
HT-A-AXIS-F01-NEW
 62
     7
440
 16777216
100
AcDbMText
 10
83397.07
 20
-3974.51
 30
0.0
 40
297.5
 41
0.0
 46
0.0
 71
     5
 72
     1
  1
\A1;4800
  7
_TCH_DIM_T3
 73
     1
 44
1.0
  0
POINT
  5
260
330
258
100
AcDbEntity
  8
Defpoints
 62
     0
440
 16777216
100
AcDbPoint
 10
80997.07
 20
-1749.51
 30
0.0
  0
POINT
  5
261
330
258
100
AcDbEntity
  8
Defpoints
 62
     0
440
 16777216
100
AcDbPoint
 10
85797.07
 20
-1749.51
 30
0.0
  0
POINT
  5
262
330
258
100
AcDbEntity
  8
Defpoints
 62
     0
440
 16777216
100
AcDbPoint
 10
85797.07
 20
-4249.51
 30
0.0
  0
ENDBLK
  5
263
330
258
100
AcDbEntity
  8
0
100
AcDbBlockEnd
  0
BLOCK
  5
266
330
265
100
AcDbEntity
  8
0
100
AcDbBlockBegin
  2
*D25
 70
     1
 10
0.0
 20
0.0
 30
0.0
  3
*D25
  1

  0
LINE
  5
267
330
265
100
AcDbEntity
  8
HT-A-AXIS-F01-NEW
 62
     0
440
 16777216
370
    -2
100
AcDbLine
 10
85797.07
 20
-2049.51
 30
0.0
 11
85797.07
 21
-4499.51
 31
0.0
  0
LINE
  5
268
330
265
100
AcDbEntity
  8
HT-A-AXIS-F01-NEW
 62
     0
440
 16777216
370
    -2
100
AcDbLine
 10
89797.07
 20
-2049.51
 30
0.0
 11
89797.07
 21
-4499.51
 31
0.0
  0
LINE
  5
269
330
265
100
AcDbEntity
  8
HT-A-AXIS-F01-NEW
 62
     0
440
 16777216
370
    -2
100
AcDbLine
 10
85797.07
 20
-4249.51
 30
0.0
 11
89797.07
 21
-4249.51
 31
0.0
  0
INSERT
  5
26A
330
265
100
AcDbEntity
  8
HT-A-AXIS-F01-NEW
 62
     0
440
 16777216
370
    -2
100
AcDbBlockReference
  2
_ArchTick
 10
85797.07
 20
-4249.51
 30
0.0
 41
100.0
 42
100.0
 43
100.0
 50
180.0
  0
INSERT
  5
26B
330
265
100
AcDbEntity
  8
HT-A-AXIS-F01-NEW
 62
     0
440
 16777216
370
    -2
100
AcDbBlockReference
  2
_ArchTick
 10
89797.07
 20
-4249.51
 30
0.0
 41
100.0
 42
100.0
 43
100.0
  0
MTEXT
  5
26C
330
265
100
AcDbEntity
  8
HT-A-AXIS-F01-NEW
 62
     7
440
 16777216
100
AcDbMText
 10
87797.07
 20
-3974.51
 30
0.0
 40
297.5
 41
0.0
 46
0.0
 71
     5
 72
     1
  1
\A1;4000
  7
_TCH_DIM_T3
 73
     1
 44
1.0
  0
POINT
  5
26D
330
265
100
AcDbEntity
  8
Defpoints
 62
     0
440
 16777216
100
AcDbPoint
 10
85797.07
 20
-1749.51
 30
0.0
  0
POINT
  5
26E
330
265
100
AcDbEntity
  8
Defpoints
 62
     0
440
 16777216
100
AcDbPoint
 10
89797.07
 20
-1749.51
 30
0.0
  0
POINT
  5
26F
330
265
100
AcDbEntity
  8
Defpoints
 62
     0
440
 16777216
100
AcDbPoint
 10
89797.07
 20
-4249.51
 30
0.0
  0
ENDBLK
  5
270
330
265
100
AcDbEntity
  8
0
100
AcDbBlockEnd
  0
BLOCK
  5
273
330
272
100
AcDbEntity
  8
0
100
AcDbBlockBegin
  2
*D26
 70
     1
 10
0.0
 20
0.0
 30
0.0
  3
*D26
  1

  0
LINE
  5
274
330
272
100
AcDbEntity
  8
HT-A-AXIS-F01-NEW
 62
     0
440
 16777216
370
    -2
100
AcDbLine
 10
76997.07
 20
-2049.51
 30
0.0
 11
76997.07
 21
-5299.51
 31
0.0
  0
LINE
  5
275
330
272
100
AcDbEntity
  8
HT-A-AXIS-F01-NEW
 62
     0
440
 16777216
370
    -2
100
AcDbLine
 10
89797.07
 20
-2049.51
 30
0.0
 11
89797.07
 21
-5299.51
 31
0.0
  0
LINE
  5
276
330
272
100
AcDbEntity
  8
HT-A-AXIS-F01-NEW
 62
     0
440
 16777216
370
    -2
100
AcDbLine
 10
76997.07
 20
-5049.51
 30
0.0
 11
89797.07
 21
-5049.51
 31
0.0
  0
INSERT
  5
277
330
272
100
AcDbEntity
  8
HT-A-AXIS-F01-NEW
 62
     0
440
 16777216
370
    -2
100
AcDbBlockReference
  2
_ArchTick
 10
76997.07
 20
-5049.51
 30
0.0
 41
100.0
 42
100.0
 43
100.0
 50
180.0
  0
INSERT
  5
278
330
272
100
AcDbEntity
  8
HT-A-AXIS-F01-NEW
 62
     0
440
 16777216
370
    -2
100
AcDbBlockReference
  2
_ArchTick
 10
89797.07
 20
-5049.51
 30
0.0
 41
100.0
 42
100.0
 43
100.0
  0
MTEXT
  5
279
330
272
100
AcDbEntity
  8
HT-A-AXIS-F01-NEW
 62
     7
440
 16777216
100
AcDbMText
 10
83397.07
 20
-4774.51
 30
0.0
 40
297.5
 41
0.0
 46
0.0
 71
     5
 72
     1
  1
\A1;12800
  7
_TCH_DIM_T3
 73
     1
 44
1.0
  0
POINT
  5
27A
330
272
100
AcDbEntity
  8
Defpoints
 62
     0
440
 16777216
100
AcDbPoint
 10
76997.07
 20
-1749.51
 30
0.0
  0
POINT
  5
27B
330
272
100
AcDbEntity
  8
Defpoints
 62
     0
440
 16777216
100
AcDbPoint
 10
89797.07
 20
-1749.51
 30
0.0
  0
POINT
  5
27C
330
272
100
AcDbEntity
  8
Defpoints
 62
     0
440
 16777216
100
AcDbPoint
 10
89797.07
 20
-5049.51
 30
0.0
  0
ENDBLK
  5
27D
330
272
100
AcDbEntity
  8
0
100
AcDbBlockEnd
  0
BLOCK
  5
280
330
27F
100
AcDbEntity
  8
0
100
AcDbBlockBegin
  2
*D27
 70
     1
 10
0.0
 20
0.0
 30
0.0
  3
*D27
  1

  0
LINE
  5
281
330
27F
100
AcDbEntity
  8
HT-A-AXIS-F01-NEW
 62
     0
440
 16777216
370
    -2
100
AcDbLine
 10
36973.03
 20
-749.51
 30
0.0
 11
39423.03
 21
-749.51
 31
0.0
  0
LINE
  5
282
330
27F
100
AcDbEntity
  8
HT-A-AXIS-F01-NEW
 62
     0
440
 16777216
370
    -2
100
AcDbLine
 10
36973.03
 20
750.49
 30
0.0
 11
39423.03
 21
750.49
 31
0.0
  0
LINE
  5
283
330
27F
100
AcDbEntity
  8
HT-A-AXIS-F01-NEW
 62
     0
440
 16777216
370
    -2
100
AcDbLine
 10
39173.03
 20
-749.51
 30
0.0
 11
39173.03
 21
750.49
 31
0.0
  0
INSERT
  5
284
330
27F
100
AcDbEntity
  8
HT-A-AXIS-F01-NEW
 62
     0
440
 16777216
370
    -2
100
AcDbBlockReference
  2
_ArchTick
 10
39173.03
 20
-749.51
 30
0.0
 41
100.0
 42
100.0
 43
100.0
 50
270.0
  0
INSERT
  5
285
330
27F
100
AcDbEntity
  8
HT-A-AXIS-F01-NEW
 62
     0
440
 16777216
370
    -2
100
AcDbBlockReference
  2
_ArchTick
 10
39173.03
 20
750.49
 30
0.0
 41
100.0
 42
100.0
 43
100.0
 50
90.0
  0
MTEXT
  5
286
330
27F
100
AcDbEntity
  8
HT-A-AXIS-F01-NEW
 62
     7
440
 16777216
100
AcDbMText
 10
38898.03
 20
0.49
 30
0.0
 40
297.5
 41
0.0
 46
0.0
 71
     5
 72
     1
  1
\A1;1500
  7
_TCH_DIM_T3
 11
0.0
 21
1.0
 31
0.0
 73
     1
 44
1.0
  0
POINT
  5
287
330
27F
100
AcDbEntity
  8
Defpoints
 62
     0
440
 16777216
100
AcDbPoint
 10
36673.03
 20
-749.51
 30
0.0
  0
POINT
  5
288
330
27F
100
AcDbEntity
  8
Defpoints
 62
     0
440
 16777216
100
AcDbPoint
 10
36673.03
 20
750.49
 30
0.0
  0
POINT
  5
289
330
27F
100
AcDbEntity
  8
Defpoints
 62
     0
440
 16777216
100
AcDbPoint
 10
39173.03
 20
750.49
 30
0.0
  0
ENDBLK
  5
28A
330
27F
100
AcDbEntity
  8
0
100
AcDbBlockEnd
  0
BLOCK
  5
28D
330
28C
100
AcDbEntity
  8
0
100
AcDbBlockBegin
  2
*D28
 70
     1
 10
0.0
 20
0.0
 30
0.0
  3
*D28
  1

  0
LINE
  5
28E
330
28C
100
AcDbEntity
  8
HT-A-AXIS-F01-NEW
 62
     0
440
 16777216
370
    -2
100
AcDbLine
 10
36973.03
 20
750.49
 30
0.0
 11
39423.03
 21
750.49
 31
0.0
  0
LINE
  5
28F
330
28C
100
AcDbEntity
  8
HT-A-AXIS-F01-NEW
 62
     0
440
 16777216
370
    -2
100
AcDbLine
 10
36973.03
 20
4950.49
 30
0.0
 11
39423.03
 21
4950.49
 31
0.0
  0
LINE
  5
290
330
28C
100
AcDbEntity
  8
HT-A-AXIS-F01-NEW
 62
     0
440
 16777216
370
    -2
100
AcDbLine
 10
39173.03
 20
750.49
 30
0.0
 11
39173.03
 21
4950.49
 31
0.0
  0
INSERT
  5
291
330
28C
100
AcDbEntity
  8
HT-A-AXIS-F01-NEW
 62
     0
440
 16777216
370
    -2
100
AcDbBlockReference
  2
_ArchTick
 10
39173.03
 20
750.49
 30
0.0
 41
100.0
 42
100.0
 43
100.0
 50
270.0
  0
INSERT
  5
292
330
28C
100
AcDbEntity
  8
HT-A-AXIS-F01-NEW
 62
     0
440
 16777216
370
    -2
100
AcDbBlockReference
  2
_ArchTick
 10
39173.03
 20
4950.49
 30
0.0
 41
100.0
 42
100.0
 43
100.0
 50
90.0
  0
MTEXT
  5
293
330
28C
100
AcDbEntity
  8
HT-A-AXIS-F01-NEW
 62
     7
440
 16777216
100
AcDbMText
 10
38898.03
 20
2850.49
 30
0.0
 40
297.5
 41
0.0
 46
0.0
 71
     5
 72
     1
  1
\A1;4200
  7
_TCH_DIM_T3
 11
0.0
 21
1.0
 31
0.0
 73
     1
 44
1.0
  0
POINT
  5
294
330
28C
100
AcDbEntity
  8
Defpoints
 62
     0
440
 16777216
100
AcDbPoint
 10
36673.03
 20
750.49
 30
0.0
  0
POINT
  5
295
330
28C
100
AcDbEntity
  8
Defpoints
 62
     0
440
 16777216
100
AcDbPoint
 10
36673.03
 20
4950.49
 30
0.0
  0
POINT
  5
296
330
28C
100
AcDbEntity
  8
Defpoints
 62
     0
440
 16777216
100
AcDbPoint
 10
39173.03
 20
4950.49
 30
0.0
  0
ENDBLK
  5
297
330
28C
100
AcDbEntity
  8
0
100
AcDbBlockEnd
  0
BLOCK
  5
29A
330
299
100
AcDbEntity
  8
0
100
AcDbBlockBegin
  2
*D29
 70
     1
 10
0.0
 20
0.0
 30
0.0
  3
*D29
  1

  0
LINE
  5
29B
330
299
100
AcDbEntity
  8
HT-A-AXIS-F01-NEW
 62
     0
440
 16777216
370
    -2
100
AcDbLine
 10
36973.03
 20
4950.49
 30
0.0
 11
39423.03
 21
4950.49
 31
0.0
  0
LINE
  5
29C
330
299
100
AcDbEntity
  8
HT-A-AXIS-F01-NEW
 62
     0
440
 16777216
370
    -2
100
AcDbLine
 10
36973.03
 20
6750.49
 30
0.0
 11
39423.03
 21
6750.49
 31
0.0
  0
LINE
  5
29D
330
299
100
AcDbEntity
  8
HT-A-AXIS-F01-NEW
 62
     0
440
 16777216
370
    -2
100
AcDbLine
 10
39173.03
 20
4950.49
 30
0.0
 11
39173.03
 21
6750.49
 31
0.0
  0
INSERT
  5
29E
330
299
100
AcDbEntity
  8
HT-A-AXIS-F01-NEW
 62
     0
440
 16777216
370
    -2
100
AcDbBlockReference
  2
_ArchTick
 10
39173.03
 20
4950.49
 30
0.0
 41
100.0
 42
100.0
 43
100.0
 50
270.0
  0
INSERT
  5
29F
330
299
100
AcDbEntity
  8
HT-A-AXIS-F01-NEW
 62
     0
440
 16777216
370
    -2
100
AcDbBlockReference
  2
_ArchTick
 10
39173.03
 20
6750.49
 30
0.0
 41
100.0
 42
100.0
 43
100.0
 50
90.0
  0
MTEXT
  5
2A0
330
299
100
AcDbEntity
  8
HT-A-AXIS-F01-NEW
 62
     7
440
 16777216
100
AcDbMText
 10
38898.03
 20
5850.49
 30
0.0
 40
297.5
 41
0.0
 46
0.0
 71
     5
 72
     1
  1
\A1;1800
  7
_TCH_DIM_T3
 11
0.0
 21
1.0
 31
0.0
 73
     1
 44
1.0
  0
POINT
  5
2A1
330
299
100
AcDbEntity
  8
Defpoints
 62
     0
440
 16777216
100
AcDbPoint
 10
36673.03
 20
4950.49
 30
0.0
  0
POINT
  5
2A2
330
299
100
AcDbEntity
  8
Defpoints
 62
     0
440
 16777216
100
AcDbPoint
 10
36673.03
 20
6750.49
 30
0.0
  0
POINT
  5
2A3
330
299
100
AcDbEntity
  8
Defpoints
 62
     0
440
 16777216
100
AcDbPoint
 10
39173.03
 20
6750.49
 30
0.0
  0
ENDBLK
  5
2A4
330
299
100
AcDbEntity
  8
0
100
AcDbBlockEnd
  0
BLOCK
  5
2A7
330
2A6
100
AcDbEntity
  8
0
100
AcDbBlockBegin
  2
*D30
 70
     1
 10
0.0
 20
0.0
 30
0.0
  3
*D30
  1

  0
LINE
  5
2A8
330
2A6
100
AcDbEntity
  8
HT-A-AXIS-F01-NEW
 62
     0
440
 16777216
370
    -2
100
AcDbLine
 10
36973.03
 20
6750.49
 30
0.0
 11
39423.03
 21
6750.49
 31
0.0
  0
LINE
  5
2A9
330
2A6
100
AcDbEntity
  8
HT-A-AXIS-F01-NEW
 62
     0
440
 16777216
370
    -2
100
AcDbLine
 10
36973.03
 20
9150.49
 30
0.0
 11
39423.03
 21
9150.49
 31
0.0
  0
LINE
  5
2AA
330
2A6
100
AcDbEntity
  8
HT-A-AXIS-F01-NEW
 62
     0
440
 16777216
370
    -2
100
AcDbLine
 10
39173.03
 20
6750.49
 30
0.0
 11
39173.03
 21
9150.49
 31
0.0
  0
INSERT
  5
2AB
330
2A6
100
AcDbEntity
  8
HT-A-AXIS-F01-NEW
 62
     0
440
 16777216
370
    -2
100
AcDbBlockReference
  2
_ArchTick
 10
39173.03
 20
6750.49
 30
0.0
 41
100.0
 42
100.0
 43
100.0
 50
270.0
  0
INSERT
  5
2AC
330
2A6
100
AcDbEntity
  8
HT-A-AXIS-F01-NEW
 62
     0
440
 16777216
370
    -2
100
AcDbBlockReference
  2
_ArchTick
 10
39173.03
 20
9150.49
 30
0.0
 41
100.0
 42
100.0
 43
100.0
 50
90.0
  0
MTEXT
  5
2AD
330
2A6
100
AcDbEntity
  8
HT-A-AXIS-F01-NEW
 62
     7
440
 16777216
100
AcDbMText
 10
38898.03
 20
7950.49
 30
0.0
 40
297.5
 41
0.0
 46
0.0
 71
     5
 72
     1
  1
\A1;2400
  7
_TCH_DIM_T3
 11
0.0
 21
1.0
 31
0.0
 73
     1
 44
1.0
  0
POINT
  5
2AE
330
2A6
100
AcDbEntity
  8
Defpoints
 62
     0
440
 16777216
100
AcDbPoint
 10
36673.03
 20
6750.49
 30
0.0
  0
POINT
  5
2AF
330
2A6
100
AcDbEntity
  8
Defpoints
 62
     0
440
 16777216
100
AcDbPoint
 10
36673.03
 20
9150.49
 30
0.0
  0
POINT
  5
2B0
330
2A6
100
AcDbEntity
  8
Defpoints
 62
     0
440
 16777216
100
AcDbPoint
 10
39173.03
 20
9150.49
 30
0.0
  0
ENDBLK
  5
2B1
330
2A6
100
AcDbEntity
  8
0
100
AcDbBlockEnd
  0
BLOCK
  5
2B4
330
2B3
100
AcDbEntity
  8
0
100
AcDbBlockBegin
  2
*D31
 70
     1
 10
0.0
 20
0.0
 30
0.0
  3
*D31
  1

  0
LINE
  5
2B5
330
2B3
100
AcDbEntity
  8
HT-A-AXIS-F01-NEW
 62
     0
440
 16777216
370
    -2
100
AcDbLine
 10
36973.03
 20
-749.51
 30
0.0
 11
40223.03
 21
-749.51
 31
0.0
  0
LINE
  5
2B6
330
2B3
100
AcDbEntity
  8
HT-A-AXIS-F01-NEW
 62
     0
440
 16777216
370
    -2
100
AcDbLine
 10
36973.03
 20
9150.49
 30
0.0
 11
40223.03
 21
9150.49
 31
0.0
  0
LINE
  5
2B7
330
2B3
100
AcDbEntity
  8
HT-A-AXIS-F01-NEW
 62
     0
440
 16777216
370
    -2
100
AcDbLine
 10
39973.03
 20
-749.51
 30
0.0
 11
39973.03
 21
9150.49
 31
0.0
  0
INSERT
  5
2B8
330
2B3
100
AcDbEntity
  8
HT-A-AXIS-F01-NEW
 62
     0
440
 16777216
370
    -2
100
AcDbBlockReference
  2
_ArchTick
 10
39973.03
 20
-749.51
 30
0.0
 41
100.0
 42
100.0
 43
100.0
 50
270.0
  0
INSERT
  5
2B9
330
2B3
100
AcDbEntity
  8
HT-A-AXIS-F01-NEW
 62
     0
440
 16777216
370
    -2
100
AcDbBlockReference
  2
_ArchTick
 10
39973.03
 20
9150.49
 30
0.0
 41
100.0
 42
100.0
 43
100.0
 50
90.0
  0
MTEXT
  5
2BA
330
2B3
100
AcDbEntity
  8
HT-A-AXIS-F01-NEW
 62
     7
440
 16777216
100
AcDbMText
 10
39698.03
 20
4200.49
 30
0.0
 40
297.5
 41
0.0
 46
0.0
 71
     5
 72
     1
  1
\A1;9900
  7
_TCH_DIM_T3
 11
0.0
 21
1.0
 31
0.0
 73
     1
 44
1.0
  0
POINT
  5
2BB
330
2B3
100
AcDbEntity
  8
Defpoints
 62
     0
440
 16777216
100
AcDbPoint
 10
36673.03
 20
-749.51
 30
0.0
  0
POINT
  5
2BC
330
2B3
100
AcDbEntity
  8
Defpoints
 62
     0
440
 16777216
100
AcDbPoint
 10
36673.03
 20
9150.49
 30
0.0
  0
POINT
  5
2BD
330
2B3
100
AcDbEntity
  8
Defpoints
 62
     0
440
 16777216
100
AcDbPoint
 10
39973.03
 20
9150.49
 30
0.0
  0
ENDBLK
  5
2BE
330
2B3
100
AcDbEntity
  8
0
100
AcDbBlockEnd
  0
BLOCK
  5
2C1
330
2C0
100
AcDbEntity
  8
0
100
AcDbBlockBegin
  2
*D32
 70
     1
 10
0.0
 20
0.0
 30
0.0
  3
*D32
  1

  0
LINE
  5
2C2
330
2C0
100
AcDbEntity
  8
HT-A-AXIS-F01-NEW
 62
     0
440
 16777216
370
    -2
100
AcDbLine
 10
21573.03
 20
-749.51
 30
0.0
 11
19123.03
 21
-749.51
 31
0.0
  0
LINE
  5
2C3
330
2C0
100
AcDbEntity
  8
HT-A-AXIS-F01-NEW
 62
     0
440
 16777216
370
    -2
100
AcDbLine
 10
21573.03
 20
750.49
 30
0.0
 11
19123.03
 21
750.49
 31
0.0
  0
LINE
  5
2C4
330
2C0
100
AcDbEntity
  8
HT-A-AXIS-F01-NEW
 62
     0
440
 16777216
370
    -2
100
AcDbLine
 10
19373.03
 20
-749.51
 30
0.0
 11
19373.03
 21
750.49
 31
0.0
  0
INSERT
  5
2C5
330
2C0
100
AcDbEntity
  8
HT-A-AXIS-F01-NEW
 62
     0
440
 16777216
370
    -2
100
AcDbBlockReference
  2
_ArchTick
 10
19373.03
 20
-749.51
 30
0.0
 41
100.0
 42
100.0
 43
100.0
 50
270.0
  0
INSERT
  5
2C6
330
2C0
100
AcDbEntity
  8
HT-A-AXIS-F01-NEW
 62
     0
440
 16777216
370
    -2
100
AcDbBlockReference
  2
_ArchTick
 10
19373.03
 20
750.49
 30
0.0
 41
100.0
 42
100.0
 43
100.0
 50
90.0
  0
MTEXT
  5
2C7
330
2C0
100
AcDbEntity
  8
HT-A-AXIS-F01-NEW
 62
     7
440
 16777216
100
AcDbMText
 10
19098.03
 20
0.49
 30
0.0
 40
297.5
 41
0.0
 46
0.0
 71
     5
 72
     1
  1
\A1;1500
  7
_TCH_DIM_T3
 11
0.0
 21
1.0
 31
0.0
 73
     1
 44
1.0
  0
POINT
  5
2C8
330
2C0
100
AcDbEntity
  8
Defpoints
 62
     0
440
 16777216
100
AcDbPoint
 10
21873.03
 20
-749.51
 30
0.0
  0
POINT
  5
2C9
330
2C0
100
AcDbEntity
  8
Defpoints
 62
     0
440
 16777216
100
AcDbPoint
 10
21873.03
 20
750.49
 30
0.0
  0
POINT
  5
2CA
330
2C0
100
AcDbEntity
  8
Defpoints
 62
     0
440
 16777216
100
AcDbPoint
 10
19373.03
 20
750.49
 30
0.0
  0
ENDBLK
  5
2CB
330
2C0
100
AcDbEntity
  8
0
100
AcDbBlockEnd
  0
BLOCK
  5
2CE
330
2CD
100
AcDbEntity
  8
0
100
AcDbBlockBegin
  2
*D33
 70
     1
 10
0.0
 20
0.0
 30
0.0
  3
*D33
  1

  0
LINE
  5
2CF
330
2CD
100
AcDbEntity
  8
HT-A-AXIS-F01-NEW
 62
     0
440
 16777216
370
    -2
100
AcDbLine
 10
21573.03
 20
750.49
 30
0.0
 11
19123.03
 21
750.49
 31
0.0
  0
LINE
  5
2D0
330
2CD
100
AcDbEntity
  8
HT-A-AXIS-F01-NEW
 62
     0
440
 16777216
370
    -2
100
AcDbLine
 10
21573.03
 20
4950.49
 30
0.0
 11
19123.03
 21
4950.49
 31
0.0
  0
LINE
  5
2D1
330
2CD
100
AcDbEntity
  8
HT-A-AXIS-F01-NEW
 62
     0
440
 16777216
370
    -2
100
AcDbLine
 10
19373.03
 20
750.49
 30
0.0
 11
19373.03
 21
4950.49
 31
0.0
  0
INSERT
  5
2D2
330
2CD
100
AcDbEntity
  8
HT-A-AXIS-F01-NEW
 62
     0
440
 16777216
370
    -2
100
AcDbBlockReference
  2
_ArchTick
 10
19373.03
 20
750.49
 30
0.0
 41
100.0
 42
100.0
 43
100.0
 50
270.0
  0
INSERT
  5
2D3
330
2CD
100
AcDbEntity
  8
HT-A-AXIS-F01-NEW
 62
     0
440
 16777216
370
    -2
100
AcDbBlockReference
  2
_ArchTick
 10
19373.03
 20
4950.49
 30
0.0
 41
100.0
 42
100.0
 43
100.0
 50
90.0
  0
MTEXT
  5
2D4
330
2CD
100
AcDbEntity
  8
HT-A-AXIS-F01-NEW
 62
     7
440
 16777216
100
AcDbMText
 10
19098.03
 20
2850.49
 30
0.0
 40
297.5
 41
0.0
 46
0.0
 71
     5
 72
     1
  1
\A1;4200
  7
_TCH_DIM_T3
 11
0.0
 21
1.0
 31
0.0
 73
     1
 44
1.0
  0
POINT
  5
2D5
330
2CD
100
AcDbEntity
  8
Defpoints
 62
     0
440
 16777216
100
AcDbPoint
 10
21873.03
 20
750.49
 30
0.0
  0
POINT
  5
2D6
330
2CD
100
AcDbEntity
  8
Defpoints
 62
     0
440
 16777216
100
AcDbPoint
 10
21873.03
 20
4950.49
 30
0.0
  0
POINT
  5
2D7
330
2CD
100
AcDbEntity
  8
Defpoints
 62
     0
440
 16777216
100
AcDbPoint
 10
19373.03
 20
4950.49
 30
0.0
  0
ENDBLK
  5
2D8
330
2CD
100
AcDbEntity
  8
0
100
AcDbBlockEnd
  0
BLOCK
  5
2DB
330
2DA
100
AcDbEntity
  8
0
100
AcDbBlockBegin
  2
*D34
 70
     1
 10
0.0
 20
0.0
 30
0.0
  3
*D34
  1

  0
LINE
  5
2DC
330
2DA
100
AcDbEntity
  8
HT-A-AXIS-F01-NEW
 62
     0
440
 16777216
370
    -2
100
AcDbLine
 10
21573.03
 20
4950.49
 30
0.0
 11
19123.03
 21
4950.49
 31
0.0
  0
LINE
  5
2DD
330
2DA
100
AcDbEntity
  8
HT-A-AXIS-F01-NEW
 62
     0
440
 16777216
370
    -2
100
AcDbLine
 10
21573.03
 20
6750.49
 30
0.0
 11
19123.03
 21
6750.49
 31
0.0
  0
LINE
  5
2DE
330
2DA
100
AcDbEntity
  8
HT-A-AXIS-F01-NEW
 62
     0
440
 16777216
370
    -2
100
AcDbLine
 10
19373.03
 20
4950.49
 30
0.0
 11
19373.03
 21
6750.49
 31
0.0
  0
INSERT
  5
2DF
330
2DA
100
AcDbEntity
  8
HT-A-AXIS-F01-NEW
 62
     0
440
 16777216
370
    -2
100
AcDbBlockReference
  2
_ArchTick
 10
19373.03
 20
4950.49
 30
0.0
 41
100.0
 42
100.0
 43
100.0
 50
270.0
  0
INSERT
  5
2E0
330
2DA
100
AcDbEntity
  8
HT-A-AXIS-F01-NEW
 62
     0
440
 16777216
370
    -2
100
AcDbBlockReference
  2
_ArchTick
 10
19373.03
 20
6750.49
 30
0.0
 41
100.0
 42
100.0
 43
100.0
 50
90.0
  0
MTEXT
  5
2E1
330
2DA
100
AcDbEntity
  8
HT-A-AXIS-F01-NEW
 62
     7
440
 16777216
100
AcDbMText
 10
19098.03
 20
5850.49
 30
0.0
 40
297.5
 41
0.0
 46
0.0
 71
     5
 72
     1
  1
\A1;1800
  7
_TCH_DIM_T3
 11
0.0
 21
1.0
 31
0.0
 73
     1
 44
1.0
  0
POINT
  5
2E2
330
2DA
100
AcDbEntity
  8
Defpoints
 62
     0
440
 16777216
100
AcDbPoint
 10
21873.03
 20
4950.49
 30
0.0
  0
POINT
  5
2E3
330
2DA
100
AcDbEntity
  8
Defpoints
 62
     0
440
 16777216
100
AcDbPoint
 10
21873.03
 20
6750.49
 30
0.0
  0
POINT
  5
2E4
330
2DA
100
AcDbEntity
  8
Defpoints
 62
     0
440
 16777216
100
AcDbPoint
 10
19373.03
 20
6750.49
 30
0.0
  0
ENDBLK
  5
2E5
330
2DA
100
AcDbEntity
  8
0
100
AcDbBlockEnd
  0
BLOCK
  5
2E8
330
2E7
100
AcDbEntity
  8
0
100
AcDbBlockBegin
  2
*D35
 70
     1
 10
0.0
 20
0.0
 30
0.0
  3
*D35
  1

  0
LINE
  5
2E9
330
2E7
100
AcDbEntity
  8
HT-A-AXIS-F01-NEW
 62
     0
440
 16777216
370
    -2
100
AcDbLine
 10
21573.03
 20
6750.49
 30
0.0
 11
19123.03
 21
6750.49
 31
0.0
  0
LINE
  5
2EA
330
2E7
100
AcDbEntity
  8
HT-A-AXIS-F01-NEW
 62
     0
440
 16777216
370
    -2
100
AcDbLine
 10
21573.03
 20
9150.49
 30
0.0
 11
19123.03
 21
9150.49
 31
0.0
  0
LINE
  5
2EB
330
2E7
100
AcDbEntity
  8
HT-A-AXIS-F01-NEW
 62
     0
440
 16777216
370
    -2
100
AcDbLine
 10
19373.03
 20
6750.49
 30
0.0
 11
19373.03
 21
9150.49
 31
0.0
  0
INSERT
  5
2EC
330
2E7
100
AcDbEntity
  8
HT-A-AXIS-F01-NEW
 62
     0
440
 16777216
370
    -2
100
AcDbBlockReference
  2
_ArchTick
 10
19373.03
 20
6750.49
 30
0.0
 41
100.0
 42
100.0
 43
100.0
 50
270.0
  0
INSERT
  5
2ED
330
2E7
100
AcDbEntity
  8
HT-A-AXIS-F01-NEW
 62
     0
440
 16777216
370
    -2
100
AcDbBlockReference
  2
_ArchTick
 10
19373.03
 20
9150.49
 30
0.0
 41
100.0
 42
100.0
 43
100.0
 50
90.0
  0
MTEXT
  5
2EE
330
2E7
100
AcDbEntity
  8
HT-A-AXIS-F01-NEW
 62
     7
440
 16777216
100
AcDbMText
 10
19098.03
 20
7950.49
 30
0.0
 40
297.5
 41
0.0
 46
0.0
 71
     5
 72
     1
  1
\A1;2400
  7
_TCH_DIM_T3
 11
0.0
 21
1.0
 31
0.0
 73
     1
 44
1.0
  0
POINT
  5
2EF
330
2E7
100
AcDbEntity
  8
Defpoints
 62
     0
440
 16777216
100
AcDbPoint
 10
21873.03
 20
6750.49
 30
0.0
  0
POINT
  5
2F0
330
2E7
100
AcDbEntity
  8
Defpoints
 62
     0
440
 16777216
100
AcDbPoint
 10
21873.03
 20
9150.49
 30
0.0
  0
POINT
  5
2F1
330
2E7
100
AcDbEntity
  8
Defpoints
 62
     0
440
 16777216
100
AcDbPoint
 10
19373.03
 20
9150.49
 30
0.0
  0
ENDBLK
  5
2F2
330
2E7
100
AcDbEntity
  8
0
100
AcDbBlockEnd
  0
BLOCK
  5
2F5
330
2F4
100
AcDbEntity
  8
0
100
AcDbBlockBegin
  2
*D36
 70
     1
 10
0.0
 20
0.0
 30
0.0
  3
*D36
  1

  0
LINE
  5
2F6
330
2F4
100
AcDbEntity
  8
HT-A-AXIS-F01-NEW
 62
     0
440
 16777216
370
    -2
100
AcDbLine
 10
21573.03
 20
-749.51
 30
0.0
 11
18323.03
 21
-749.51
 31
0.0
  0
LINE
  5
2F7
330
2F4
100
AcDbEntity
  8
HT-A-AXIS-F01-NEW
 62
     0
440
 16777216
370
    -2
100
AcDbLine
 10
21573.03
 20
9150.49
 30
0.0
 11
18323.03
 21
9150.49
 31
0.0
  0
LINE
  5
2F8
330
2F4
100
AcDbEntity
  8
HT-A-AXIS-F01-NEW
 62
     0
440
 16777216
370
    -2
100
AcDbLine
 10
18573.03
 20
-749.51
 30
0.0
 11
18573.03
 21
9150.49
 31
0.0
  0
INSERT
  5
2F9
330
2F4
100
AcDbEntity
  8
HT-A-AXIS-F01-NEW
 62
     0
440
 16777216
370
    -2
100
AcDbBlockReference
  2
_ArchTick
 10
18573.03
 20
-749.51
 30
0.0
 41
100.0
 42
100.0
 43
100.0
 50
270.0
  0
INSERT
  5
2FA
330
2F4
100
AcDbEntity
  8
HT-A-AXIS-F01-NEW
 62
     0
440
 16777216
370
    -2
100
AcDbBlockReference
  2
_ArchTick
 10
18573.03
 20
9150.49
 30
0.0
 41
100.0
 42
100.0
 43
100.0
 50
90.0
  0
MTEXT
  5
2FB
330
2F4
100
AcDbEntity
  8
HT-A-AXIS-F01-NEW
 62
     7
440
 16777216
100
AcDbMText
 10
18298.03
 20
4200.49
 30
0.0
 40
297.5
 41
0.0
 46
0.0
 71
     5
 72
     1
  1
\A1;9900
  7
_TCH_DIM_T3
 11
0.0
 21
1.0
 31
0.0
 73
     1
 44
1.0
  0
POINT
  5
2FC
330
2F4
100
AcDbEntity
  8
Defpoints
 62
     0
440
 16777216
100
AcDbPoint
 10
21873.03
 20
-749.51
 30
0.0
  0
POINT
  5
2FD
330
2F4
100
AcDbEntity
  8
Defpoints
 62
     0
440
 16777216
100
AcDbPoint
 10
21873.03
 20
9150.49
 30
0.0
  0
POINT
  5
2FE
330
2F4
100
AcDbEntity
  8
Defpoints
 62
     0
440
 16777216
100
AcDbPoint
 10
18573.03
 20
9150.49
 30
0.0
  0
ENDBLK
  5
2FF
330
2F4
100
AcDbEntity
  8
0
100
AcDbBlockEnd
  0
BLOCK
  5
302
330
301
100
AcDbEntity
  8
0
100
AcDbBlockBegin
  2
*D37
 70
     1
 10
0.0
 20
0.0
 30
0.0
  3
*D37
  1

  0
LINE
  5
303
330
301
100
AcDbEntity
  8
HT-A-AXIS-F01-NEW
 62
     0
440
 16777216
370
    -2
100
AcDbLine
 10
22873.03
 20
10450.49
 30
0.0
 11
22873.03
 21
12900.49
 31
0.0
  0
LINE
  5
304
330
301
100
AcDbEntity
  8
HT-A-AXIS-F01-NEW
 62
     0
440
 16777216
370
    -2
100
AcDbLine
 10
26873.03
 20
10450.49
 30
0.0
 11
26873.03
 21
12900.49
 31
0.0
  0
LINE
  5
305
330
301
100
AcDbEntity
  8
HT-A-AXIS-F01-NEW
 62
     0
440
 16777216
370
    -2
100
AcDbLine
 10
22873.03
 20
12650.49
 30
0.0
 11
26873.03
 21
12650.49
 31
0.0
  0
INSERT
  5
306
330
301
100
AcDbEntity
  8
HT-A-AXIS-F01-NEW
 62
     0
440
 16777216
370
    -2
100
AcDbBlockReference
  2
_ArchTick
 10
22873.03
 20
12650.49
 30
0.0
 41
100.0
 42
100.0
 43
100.0
 50
180.0
  0
INSERT
  5
307
330
301
100
AcDbEntity
  8
HT-A-AXIS-F01-NEW
 62
     0
440
 16777216
370
    -2
100
AcDbBlockReference
  2
_ArchTick
 10
26873.03
 20
12650.49
 30
0.0
 41
100.0
 42
100.0
 43
100.0
  0
MTEXT
  5
308
330
301
100
AcDbEntity
  8
HT-A-AXIS-F01-NEW
 62
     7
440
 16777216
100
AcDbMText
 10
24873.03
 20
12925.49
 30
0.0
 40
297.5
 41
0.0
 46
0.0
 71
     5
 72
     1
  1
\A1;4000
  7
_TCH_DIM_T3
 73
     1
 44
1.0
  0
POINT
  5
309
330
301
100
AcDbEntity
  8
Defpoints
 62
     0
440
 16777216
100
AcDbPoint
 10
22873.03
 20
10150.49
 30
0.0
  0
POINT
  5
30A
330
301
100
AcDbEntity
  8
Defpoints
 62
     0
440
 16777216
100
AcDbPoint
 10
26873.03
 20
10150.49
 30
0.0
  0
POINT
  5
30B
330
301
100
AcDbEntity
  8
Defpoints
 62
     0
440
 16777216
100
AcDbPoint
 10
26873.03
 20
12650.49
 30
0.0
  0
ENDBLK
  5
30C
330
301
100
AcDbEntity
  8
0
100
AcDbBlockEnd
  0
BLOCK
  5
30F
330
30E
100
AcDbEntity
  8
0
100
AcDbBlockBegin
  2
*D38
 70
     1
 10
0.0
 20
0.0
 30
0.0
  3
*D38
  1

  0
LINE
  5
310
330
30E
100
AcDbEntity
  8
HT-A-AXIS-F01-NEW
 62
     0
440
 16777216
370
    -2
100
AcDbLine
 10
26873.03
 20
10450.49
 30
0.0
 11
26873.03
 21
12900.49
 31
0.0
  0
LINE
  5
311
330
30E
100
AcDbEntity
  8
HT-A-AXIS-F01-NEW
 62
     0
440
 16777216
370
    -2
100
AcDbLine
 10
31673.03
 20
10450.49
 30
0.0
 11
31673.03
 21
12900.49
 31
0.0
  0
LINE
  5
312
330
30E
100
AcDbEntity
  8
HT-A-AXIS-F01-NEW
 62
     0
440
 16777216
370
    -2
100
AcDbLine
 10
26873.03
 20
12650.49
 30
0.0
 11
31673.03
 21
12650.49
 31
0.0
  0
INSERT
  5
313
330
30E
100
AcDbEntity
  8
HT-A-AXIS-F01-NEW
 62
     0
440
 16777216
370
    -2
100
AcDbBlockReference
  2
_ArchTick
 10
26873.03
 20
12650.49
 30
0.0
 41
100.0
 42
100.0
 43
100.0
 50
180.0
  0
INSERT
  5
314
330
30E
100
AcDbEntity
  8
HT-A-AXIS-F01-NEW
 62
     0
440
 16777216
370
    -2
100
AcDbBlockReference
  2
_ArchTick
 10
31673.03
 20
12650.49
 30
0.0
 41
100.0
 42
100.0
 43
100.0
  0
MTEXT
  5
315
330
30E
100
AcDbEntity
  8
HT-A-AXIS-F01-NEW
 62
     7
440
 16777216
100
AcDbMText
 10
29273.03
 20
12925.49
 30
0.0
 40
297.5
 41
0.0
 46
0.0
 71
     5
 72
     1
  1
\A1;4800
  7
_TCH_DIM_T3
 73
     1
 44
1.0
  0
POINT
  5
316
330
30E
100
AcDbEntity
  8
Defpoints
 62
     0
440
 16777216
100
AcDbPoint
 10
26873.03
 20
10150.49
 30
0.0
  0
POINT
  5
317
330
30E
100
AcDbEntity
  8
Defpoints
 62
     0
440
 16777216
100
AcDbPoint
 10
31673.03
 20
10150.49
 30
0.0
  0
POINT
  5
318
330
30E
100
AcDbEntity
  8
Defpoints
 62
     0
440
 16777216
100
AcDbPoint
 10
31673.03
 20
12650.49
 30
0.0
  0
ENDBLK
  5
319
330
30E
100
AcDbEntity
  8
0
100
AcDbBlockEnd
  0
BLOCK
  5
31C
330
31B
100
AcDbEntity
  8
0
100
AcDbBlockBegin
  2
*D39
 70
     1
 10
0.0
 20
0.0
 30
0.0
  3
*D39
  1

  0
LINE
  5
31D
330
31B
100
AcDbEntity
  8
HT-A-AXIS-F01-NEW
 62
     0
440
 16777216
370
    -2
100
AcDbLine
 10
31673.03
 20
10450.49
 30
0.0
 11
31673.03
 21
12900.49
 31
0.0
  0
LINE
  5
31E
330
31B
100
AcDbEntity
  8
HT-A-AXIS-F01-NEW
 62
     0
440
 16777216
370
    -2
100
AcDbLine
 10
35673.03
 20
10450.49
 30
0.0
 11
35673.03
 21
12900.49
 31
0.0
  0
LINE
  5
31F
330
31B
100
AcDbEntity
  8
HT-A-AXIS-F01-NEW
 62
     0
440
 16777216
370
    -2
100
AcDbLine
 10
31673.03
 20
12650.49
 30
0.0
 11
35673.03
 21
12650.49
 31
0.0
  0
INSERT
  5
320
330
31B
100
AcDbEntity
  8
HT-A-AXIS-F01-NEW
 62
     0
440
 16777216
370
    -2
100
AcDbBlockReference
  2
_ArchTick
 10
31673.03
 20
12650.49
 30
0.0
 41
100.0
 42
100.0
 43
100.0
 50
180.0
  0
INSERT
  5
321
330
31B
100
AcDbEntity
  8
HT-A-AXIS-F01-NEW
 62
     0
440
 16777216
370
    -2
100
AcDbBlockReference
  2
_ArchTick
 10
35673.03
 20
12650.49
 30
0.0
 41
100.0
 42
100.0
 43
100.0
  0
MTEXT
  5
322
330
31B
100
AcDbEntity
  8
HT-A-AXIS-F01-NEW
 62
     7
440
 16777216
100
AcDbMText
 10
33673.03
 20
12925.49
 30
0.0
 40
297.5
 41
0.0
 46
0.0
 71
     5
 72
     1
  1
\A1;4000
  7
_TCH_DIM_T3
 73
     1
 44
1.0
  0
POINT
  5
323
330
31B
100
AcDbEntity
  8
Defpoints
 62
     0
440
 16777216
100
AcDbPoint
 10
31673.03
 20
10150.49
 30
0.0
  0
POINT
  5
324
330
31B
100
AcDbEntity
  8
Defpoints
 62
     0
440
 16777216
100
AcDbPoint
 10
35673.03
 20
10150.49
 30
0.0
  0
POINT
  5
325
330
31B
100
AcDbEntity
  8
Defpoints
 62
     0
440
 16777216
100
AcDbPoint
 10
35673.03
 20
12650.49
 30
0.0
  0
ENDBLK
  5
326
330
31B
100
AcDbEntity
  8
0
100
AcDbBlockEnd
  0
BLOCK
  5
329
330
328
100
AcDbEntity
  8
0
100
AcDbBlockBegin
  2
*D40
 70
     1
 10
0.0
 20
0.0
 30
0.0
  3
*D40
  1

  0
LINE
  5
32A
330
328
100
AcDbEntity
  8
HT-A-AXIS-F01-NEW
 62
     0
440
 16777216
370
    -2
100
AcDbLine
 10
22873.03
 20
10450.49
 30
0.0
 11
22873.03
 21
13700.49
 31
0.0
  0
LINE
  5
32B
330
328
100
AcDbEntity
  8
HT-A-AXIS-F01-NEW
 62
     0
440
 16777216
370
    -2
100
AcDbLine
 10
35673.03
 20
10450.49
 30
0.0
 11
35673.03
 21
13700.49
 31
0.0
  0
LINE
  5
32C
330
328
100
AcDbEntity
  8
HT-A-AXIS-F01-NEW
 62
     0
440
 16777216
370
    -2
100
AcDbLine
 10
22873.03
 20
13450.49
 30
0.0
 11
35673.03
 21
13450.49
 31
0.0
  0
INSERT
  5
32D
330
328
100
AcDbEntity
  8
HT-A-AXIS-F01-NEW
 62
     0
440
 16777216
370
    -2
100
AcDbBlockReference
  2
_ArchTick
 10
22873.03
 20
13450.49
 30
0.0
 41
100.0
 42
100.0
 43
100.0
 50
180.0
  0
INSERT
  5
32E
330
328
100
AcDbEntity
  8
HT-A-AXIS-F01-NEW
 62
     0
440
 16777216
370
    -2
100
AcDbBlockReference
  2
_ArchTick
 10
35673.03
 20
13450.49
 30
0.0
 41
100.0
 42
100.0
 43
100.0
  0
MTEXT
  5
32F
330
328
100
AcDbEntity
  8
HT-A-AXIS-F01-NEW
 62
     7
440
 16777216
100
AcDbMText
 10
29273.03
 20
13725.49
 30
0.0
 40
297.5
 41
0.0
 46
0.0
 71
     5
 72
     1
  1
\A1;12800
  7
_TCH_DIM_T3
 73
     1
 44
1.0
  0
POINT
  5
330
330
328
100
AcDbEntity
  8
Defpoints
 62
     0
440
 16777216
100
AcDbPoint
 10
22873.03
 20
10150.49
 30
0.0
  0
POINT
  5
331
330
328
100
AcDbEntity
  8
Defpoints
 62
     0
440
 16777216
100
AcDbPoint
 10
35673.03
 20
10150.49
 30
0.0
  0
POINT
  5
332
330
328
100
AcDbEntity
  8
Defpoints
 62
     0
440
 16777216
100
AcDbPoint
 10
35673.03
 20
13450.49
 30
0.0
  0
ENDBLK
  5
333
330
328
100
AcDbEntity
  8
0
100
AcDbBlockEnd
  0
BLOCK
  5
336
330
335
100
AcDbEntity
  8
0
100
AcDbBlockBegin
  2
*D41
 70
     1
 10
0.0
 20
0.0
 30
0.0
  3
*D41
  1

  0
LINE
  5
337
330
335
100
AcDbEntity
  8
HT-A-AXIS-F01-NEW
 62
     0
440
 16777216
370
    -2
100
AcDbLine
 10
22873.03
 20
-2049.51
 30
0.0
 11
22873.03
 21
-4499.51
 31
0.0
  0
LINE
  5
338
330
335
100
AcDbEntity
  8
HT-A-AXIS-F01-NEW
 62
     0
440
 16777216
370
    -2
100
AcDbLine
 10
26873.03
 20
-2049.51
 30
0.0
 11
26873.03
 21
-4499.51
 31
0.0
  0
LINE
  5
339
330
335
100
AcDbEntity
  8
HT-A-AXIS-F01-NEW
 62
     0
440
 16777216
370
    -2
100
AcDbLine
 10
22873.03
 20
-4249.51
 30
0.0
 11
26873.03
 21
-4249.51
 31
0.0
  0
INSERT
  5
33A
330
335
100
AcDbEntity
  8
HT-A-AXIS-F01-NEW
 62
     0
440
 16777216
370
    -2
100
AcDbBlockReference
  2
_ArchTick
 10
22873.03
 20
-4249.51
 30
0.0
 41
100.0
 42
100.0
 43
100.0
 50
180.0
  0
INSERT
  5
33B
330
335
100
AcDbEntity
  8
HT-A-AXIS-F01-NEW
 62
     0
440
 16777216
370
    -2
100
AcDbBlockReference
  2
_ArchTick
 10
26873.03
 20
-4249.51
 30
0.0
 41
100.0
 42
100.0
 43
100.0
  0
MTEXT
  5
33C
330
335
100
AcDbEntity
  8
HT-A-AXIS-F01-NEW
 62
     7
440
 16777216
100
AcDbMText
 10
24873.03
 20
-3974.51
 30
0.0
 40
297.5
 41
0.0
 46
0.0
 71
     5
 72
     1
  1
\A1;4000
  7
_TCH_DIM_T3
 73
     1
 44
1.0
  0
POINT
  5
33D
330
335
100
AcDbEntity
  8
Defpoints
 62
     0
440
 16777216
100
AcDbPoint
 10
22873.03
 20
-1749.51
 30
0.0
  0
POINT
  5
33E
330
335
100
AcDbEntity
  8
Defpoints
 62
     0
440
 16777216
100
AcDbPoint
 10
26873.03
 20
-1749.51
 30
0.0
  0
POINT
  5
33F
330
335
100
AcDbEntity
  8
Defpoints
 62
     0
440
 16777216
100
AcDbPoint
 10
26873.03
 20
-4249.51
 30
0.0
  0
ENDBLK
  5
340
330
335
100
AcDbEntity
  8
0
100
AcDbBlockEnd
  0
BLOCK
  5
343
330
342
100
AcDbEntity
  8
0
100
AcDbBlockBegin
  2
*D42
 70
     1
 10
0.0
 20
0.0
 30
0.0
  3
*D42
  1

  0
LINE
  5
344
330
342
100
AcDbEntity
  8
HT-A-AXIS-F01-NEW
 62
     0
440
 16777216
370
    -2
100
AcDbLine
 10
26873.03
 20
-2049.51
 30
0.0
 11
26873.03
 21
-4499.51
 31
0.0
  0
LINE
  5
345
330
342
100
AcDbEntity
  8
HT-A-AXIS-F01-NEW
 62
     0
440
 16777216
370
    -2
100
AcDbLine
 10
31673.03
 20
-2049.51
 30
0.0
 11
31673.03
 21
-4499.51
 31
0.0
  0
LINE
  5
346
330
342
100
AcDbEntity
  8
HT-A-AXIS-F01-NEW
 62
     0
440
 16777216
370
    -2
100
AcDbLine
 10
26873.03
 20
-4249.51
 30
0.0
 11
31673.03
 21
-4249.51
 31
0.0
  0
INSERT
  5
347
330
342
100
AcDbEntity
  8
HT-A-AXIS-F01-NEW
 62
     0
440
 16777216
370
    -2
100
AcDbBlockReference
  2
_ArchTick
 10
26873.03
 20
-4249.51
 30
0.0
 41
100.0
 42
100.0
 43
100.0
 50
180.0
  0
INSERT
  5
348
330
342
100
AcDbEntity
  8
HT-A-AXIS-F01-NEW
 62
     0
440
 16777216
370
    -2
100
AcDbBlockReference
  2
_ArchTick
 10
31673.03
 20
-4249.51
 30
0.0
 41
100.0
 42
100.0
 43
100.0
  0
MTEXT
  5
349
330
342
100
AcDbEntity
  8
HT-A-AXIS-F01-NEW
 62
     7
440
 16777216
100
AcDbMText
 10
29273.03
 20
-3974.51
 30
0.0
 40
297.5
 41
0.0
 46
0.0
 71
     5
 72
     1
  1
\A1;4800
  7
_TCH_DIM_T3
 73
     1
 44
1.0
  0
POINT
  5
34A
330
342
100
AcDbEntity
  8
Defpoints
 62
     0
440
 16777216
100
AcDbPoint
 10
26873.03
 20
-1749.51
 30
0.0
  0
POINT
  5
34B
330
342
100
AcDbEntity
  8
Defpoints
 62
     0
440
 16777216
100
AcDbPoint
 10
31673.03
 20
-1749.51
 30
0.0
  0
POINT
  5
34C
330
342
100
AcDbEntity
  8
Defpoints
 62
     0
440
 16777216
100
AcDbPoint
 10
31673.03
 20
-4249.51
 30
0.0
  0
ENDBLK
  5
34D
330
342
100
AcDbEntity
  8
0
100
AcDbBlockEnd
  0
BLOCK
  5
350
330
34F
100
AcDbEntity
  8
0
100
AcDbBlockBegin
  2
*D43
 70
     1
 10
0.0
 20
0.0
 30
0.0
  3
*D43
  1

  0
LINE
  5
351
330
34F
100
AcDbEntity
  8
HT-A-AXIS-F01-NEW
 62
     0
440
 16777216
370
    -2
100
AcDbLine
 10
31673.03
 20
-2049.51
 30
0.0
 11
31673.03
 21
-4499.51
 31
0.0
  0
LINE
  5
352
330
34F
100
AcDbEntity
  8
HT-A-AXIS-F01-NEW
 62
     0
440
 16777216
370
    -2
100
AcDbLine
 10
35673.03
 20
-2049.51
 30
0.0
 11
35673.03
 21
-4499.51
 31
0.0
  0
LINE
  5
353
330
34F
100
AcDbEntity
  8
HT-A-AXIS-F01-NEW
 62
     0
440
 16777216
370
    -2
100
AcDbLine
 10
31673.03
 20
-4249.51
 30
0.0
 11
35673.03
 21
-4249.51
 31
0.0
  0
INSERT
  5
354
330
34F
100
AcDbEntity
  8
HT-A-AXIS-F01-NEW
 62
     0
440
 16777216
370
    -2
100
AcDbBlockReference
  2
_ArchTick
 10
31673.03
 20
-4249.51
 30
0.0
 41
100.0
 42
100.0
 43
100.0
 50
180.0
  0
INSERT
  5
355
330
34F
100
AcDbEntity
  8
HT-A-AXIS-F01-NEW
 62
     0
440
 16777216
370
    -2
100
AcDbBlockReference
  2
_ArchTick
 10
35673.03
 20
-4249.51
 30
0.0
 41
100.0
 42
100.0
 43
100.0
  0
MTEXT
  5
356
330
34F
100
AcDbEntity
  8
HT-A-AXIS-F01-NEW
 62
     7
440
 16777216
100
AcDbMText
 10
33673.03
 20
-3974.51
 30
0.0
 40
297.5
 41
0.0
 46
0.0
 71
     5
 72
     1
  1
\A1;4000
  7
_TCH_DIM_T3
 73
     1
 44
1.0
  0
POINT
  5
357
330
34F
100
AcDbEntity
  8
Defpoints
 62
     0
440
 16777216
100
AcDbPoint
 10
31673.03
 20
-1749.51
 30
0.0
  0
POINT
  5
358
330
34F
100
AcDbEntity
  8
Defpoints
 62
     0
440
 16777216
100
AcDbPoint
 10
35673.03
 20
-1749.51
 30
0.0
  0
POINT
  5
359
330
34F
100
AcDbEntity
  8
Defpoints
 62
     0
440
 16777216
100
AcDbPoint
 10
35673.03
 20
-4249.51
 30
0.0
  0
ENDBLK
  5
35A
330
34F
100
AcDbEntity
  8
0
100
AcDbBlockEnd
  0
BLOCK
  5
35D
330
35C
100
AcDbEntity
  8
0
100
AcDbBlockBegin
  2
*D44
 70
     1
 10
0.0
 20
0.0
 30
0.0
  3
*D44
  1

  0
LINE
  5
35E
330
35C
100
AcDbEntity
  8
HT-A-AXIS-F01-NEW
 62
     0
440
 16777216
370
    -2
100
AcDbLine
 10
22873.03
 20
-2049.51
 30
0.0
 11
22873.03
 21
-5299.51
 31
0.0
  0
LINE
  5
35F
330
35C
100
AcDbEntity
  8
HT-A-AXIS-F01-NEW
 62
     0
440
 16777216
370
    -2
100
AcDbLine
 10
35673.03
 20
-2049.51
 30
0.0
 11
35673.03
 21
-5299.51
 31
0.0
  0
LINE
  5
360
330
35C
100
AcDbEntity
  8
HT-A-AXIS-F01-NEW
 62
     0
440
 16777216
370
    -2
100
AcDbLine
 10
22873.03
 20
-5049.51
 30
0.0
 11
35673.03
 21
-5049.51
 31
0.0
  0
INSERT
  5
361
330
35C
100
AcDbEntity
  8
HT-A-AXIS-F01-NEW
 62
     0
440
 16777216
370
    -2
100
AcDbBlockReference
  2
_ArchTick
 10
22873.03
 20
-5049.51
 30
0.0
 41
100.0
 42
100.0
 43
100.0
 50
180.0
  0
INSERT
  5
362
330
35C
100
AcDbEntity
  8
HT-A-AXIS-F01-NEW
 62
     0
440
 16777216
370
    -2
100
AcDbBlockReference
  2
_ArchTick
 10
35673.03
 20
-5049.51
 30
0.0
 41
100.0
 42
100.0
 43
100.0
  0
MTEXT
  5
363
330
35C
100
AcDbEntity
  8
HT-A-AXIS-F01-NEW
 62
     7
440
 16777216
100
AcDbMText
 10
29273.03
 20
-4774.51
 30
0.0
 40
297.5
 41
0.0
 46
0.0
 71
     5
 72
     1
  1
\A1;12800
  7
_TCH_DIM_T3
 73
     1
 44
1.0
  0
POINT
  5
364
330
35C
100
AcDbEntity
  8
Defpoints
 62
     0
440
 16777216
100
AcDbPoint
 10
22873.03
 20
-1749.51
 30
0.0
  0
POINT
  5
365
330
35C
100
AcDbEntity
  8
Defpoints
 62
     0
440
 16777216
100
AcDbPoint
 10
35673.03
 20
-1749.51
 30
0.0
  0
POINT
  5
366
330
35C
100
AcDbEntity
  8
Defpoints
 62
     0
440
 16777216
100
AcDbPoint
 10
35673.03
 20
-5049.51
 30
0.0
  0
ENDBLK
  5
367
330
35C
100
AcDbEntity
  8
0
100
AcDbBlockEnd
  0
BLOCK
  5
3C2
330
3C1
100
AcDbEntity
  8
0
100
AcDbBlockBegin
  2
_AXISO
 70
     2
 10
0.0
 20
0.0
 30
0.0
  3
_AXISO
  1

  0
CIRCLE
  5
3C3
330
3C1
100
AcDbEntity
  8
0
100
AcDbCircle
 10
0.0
 20
0.0
 30
0.0
 40
0.5
  0
ATTDEF
  5
3C4
330
3C1
100
AcDbEntity
  8
HT-A-AXIS-TEXT-F01-NEW
100
AcDbText
 10
-0.25
 20
-0.28
 30
0.0
 40
0.56
  1

 41
1.04
  7
COMPLEX
 72
     5
 11
0.25
 21
-0.28
 31
0.0
100
AcDbAttributeDefinition
280
     0
  3

  2
A
 70
     0
280
     0
  0
ENDBLK
  5
3C7
330
3C1
100
AcDbEntity
  8
0
100
AcDbBlockEnd
  0
BLOCK
  5
4DD
330
4D9
100
AcDbEntity
  8
0
100
AcDbBlockBegin
  2
_FZH
 70
     0
 10
0.0
 20
0.0
 30
0.0
  3
_FZH
  1

  0
SOLID
  5
4DA
330
4D9
100
AcDbEntity
  8
PUB_HATCH
100
AcDbTrace
 10
-0.5
 20
-0.5
 30
0.0
 11
0.5
 21
-0.5
 31
0.0
 12
-0.5
 22
0.5
 32
0.0
 13
0.5
 23
0.5
 33
0.0
  0
LWPOLYLINE
  5
4DB
330
4D9
100
AcDbEntity
  8
0
100
AcDbPolyline
 90
        4
 70
     1
 43
0.0
 10
-0.5
 20
-0.5
 10
0.5
 20
-0.5
 10
0.5
 20
0.5
 10
-0.5
 20
0.5
  0
ENDBLK
  5
4DE
330
4D9
100
AcDbEntity
  8
0
100
AcDbBlockEnd
  0
BLOCK
  5
69B
330
69A
100
AcDbEntity
  8
0
100
AcDbBlockBegin
  2
*D47
 70
     1
 10
0.0
 20
0.0
 30
0.0
  3
*D47
  1

  0
LINE
  5
69D
330
69A
100
AcDbEntity
  8
HT-A-AXIS-F01-NEW
 62
     0
440
 16777216
370
    -2
100
AcDbLine
 10
69636.85
 20
-749.51
 30
0.0
 11
72086.85
 21
-749.51
 31
0.0
  0
LINE
  5
69E
330
69A
100
AcDbEntity
  8
HT-A-AXIS-F01-NEW
 62
     0
440
 16777216
370
    -2
100
AcDbLine
 10
69636.85
 20
750.49
 30
0.0
 11
72086.85
 21
750.49
 31
0.0
  0
LINE
  5
69F
330
69A
100
AcDbEntity
  8
HT-A-AXIS-F01-NEW
 62
     0
440
 16777216
370
    -2
100
AcDbLine
 10
71836.85
 20
-749.51
 30
0.0
 11
71836.85
 21
750.49
 31
0.0
  0
INSERT
  5
6A0
330
69A
100
AcDbEntity
  8
HT-A-AXIS-F01-NEW
 62
     0
440
 16777216
370
    -2
100
AcDbBlockReference
  2
_ArchTick
 10
71836.85
 20
-749.51
 30
0.0
 41
100.0
 42
100.0
 43
100.0
 50
270.0
  0
INSERT
  5
6A1
330
69A
100
AcDbEntity
  8
HT-A-AXIS-F01-NEW
 62
     0
440
 16777216
370
    -2
100
AcDbBlockReference
  2
_ArchTick
 10
71836.85
 20
750.49
 30
0.0
 41
100.0
 42
100.0
 43
100.0
 50
90.0
  0
MTEXT
  5
6A2
330
69A
100
AcDbEntity
  8
HT-A-AXIS-F01-NEW
 62
     7
440
 16777216
100
AcDbMText
 10
71561.85
 20
0.49
 30
0.0
 40
297.5
 41
0.0
 46
0.0
 71
     5
 72
     1
  1
\A1;1500
  7
_TCH_DIM_T3
 11
0.0
 21
1.0
 31
0.0
 73
     1
 44
1.0
  0
POINT
  5
6A3
330
69A
100
AcDbEntity
  8
Defpoints
 62
     0
440
 16777216
100
AcDbPoint
 10
69336.85
 20
-749.51
 30
0.0
  0
POINT
  5
6A4
330
69A
100
AcDbEntity
  8
Defpoints
 62
     0
440
 16777216
100
AcDbPoint
 10
69336.85
 20
750.49
 30
0.0
  0
POINT
  5
6A5
330
69A
100
AcDbEntity
  8
Defpoints
 62
     0
440
 16777216
100
AcDbPoint
 10
71836.85
 20
750.49
 30
0.0
  0
ENDBLK
  5
69C
330
69A
100
AcDbEntity
  8
0
100
AcDbBlockEnd
  0
BLOCK
  5
6A7
330
6A6
100
AcDbEntity
  8
0
100
AcDbBlockBegin
  2
*D48
 70
     1
 10
0.0
 20
0.0
 30
0.0
  3
*D48
  1

  0
LINE
  5
6A9
330
6A6
100
AcDbEntity
  8
HT-A-AXIS-F01-NEW
 62
     0
440
 16777216
370
    -2
100
AcDbLine
 10
69636.85
 20
750.49
 30
0.0
 11
72086.85
 21
750.49
 31
0.0
  0
LINE
  5
6AA
330
6A6
100
AcDbEntity
  8
HT-A-AXIS-F01-NEW
 62
     0
440
 16777216
370
    -2
100
AcDbLine
 10
69636.85
 20
4950.49
 30
0.0
 11
72086.85
 21
4950.49
 31
0.0
  0
LINE
  5
6AB
330
6A6
100
AcDbEntity
  8
HT-A-AXIS-F01-NEW
 62
     0
440
 16777216
370
    -2
100
AcDbLine
 10
71836.85
 20
750.49
 30
0.0
 11
71836.85
 21
4950.49
 31
0.0
  0
INSERT
  5
6AC
330
6A6
100
AcDbEntity
  8
HT-A-AXIS-F01-NEW
 62
     0
440
 16777216
370
    -2
100
AcDbBlockReference
  2
_ArchTick
 10
71836.85
 20
750.49
 30
0.0
 41
100.0
 42
100.0
 43
100.0
 50
270.0
  0
INSERT
  5
6AD
330
6A6
100
AcDbEntity
  8
HT-A-AXIS-F01-NEW
 62
     0
440
 16777216
370
    -2
100
AcDbBlockReference
  2
_ArchTick
 10
71836.85
 20
4950.49
 30
0.0
 41
100.0
 42
100.0
 43
100.0
 50
90.0
  0
MTEXT
  5
6AE
330
6A6
100
AcDbEntity
  8
HT-A-AXIS-F01-NEW
 62
     7
440
 16777216
100
AcDbMText
 10
71561.85
 20
2850.49
 30
0.0
 40
297.5
 41
0.0
 46
0.0
 71
     5
 72
     1
  1
\A1;4200
  7
_TCH_DIM_T3
 11
0.0
 21
1.0
 31
0.0
 73
     1
 44
1.0
  0
POINT
  5
6AF
330
6A6
100
AcDbEntity
  8
Defpoints
 62
     0
440
 16777216
100
AcDbPoint
 10
69336.85
 20
750.49
 30
0.0
  0
POINT
  5
6B0
330
6A6
100
AcDbEntity
  8
Defpoints
 62
     0
440
 16777216
100
AcDbPoint
 10
69336.85
 20
4950.49
 30
0.0
  0
POINT
  5
6B1
330
6A6
100
AcDbEntity
  8
Defpoints
 62
     0
440
 16777216
100
AcDbPoint
 10
71836.85
 20
4950.49
 30
0.0
  0
ENDBLK
  5
6A8
330
6A6
100
AcDbEntity
  8
0
100
AcDbBlockEnd
  0
BLOCK
  5
6B3
330
6B2
100
AcDbEntity
  8
0
100
AcDbBlockBegin
  2
*D49
 70
     1
 10
0.0
 20
0.0
 30
0.0
  3
*D49
  1

  0
LINE
  5
6B5
330
6B2
100
AcDbEntity
  8
HT-A-AXIS-F01-NEW
 62
     0
440
 16777216
370
    -2
100
AcDbLine
 10
69636.85
 20
4950.49
 30
0.0
 11
72086.85
 21
4950.49
 31
0.0
  0
LINE
  5
6B6
330
6B2
100
AcDbEntity
  8
HT-A-AXIS-F01-NEW
 62
     0
440
 16777216
370
    -2
100
AcDbLine
 10
69636.85
 20
6750.49
 30
0.0
 11
72086.85
 21
6750.49
 31
0.0
  0
LINE
  5
6B7
330
6B2
100
AcDbEntity
  8
HT-A-AXIS-F01-NEW
 62
     0
440
 16777216
370
    -2
100
AcDbLine
 10
71836.85
 20
4950.49
 30
0.0
 11
71836.85
 21
6750.49
 31
0.0
  0
INSERT
  5
6B8
330
6B2
100
AcDbEntity
  8
HT-A-AXIS-F01-NEW
 62
     0
440
 16777216
370
    -2
100
AcDbBlockReference
  2
_ArchTick
 10
71836.85
 20
4950.49
 30
0.0
 41
100.0
 42
100.0
 43
100.0
 50
270.0
  0
INSERT
  5
6B9
330
6B2
100
AcDbEntity
  8
HT-A-AXIS-F01-NEW
 62
     0
440
 16777216
370
    -2
100
AcDbBlockReference
  2
_ArchTick
 10
71836.85
 20
6750.49
 30
0.0
 41
100.0
 42
100.0
 43
100.0
 50
90.0
  0
MTEXT
  5
6BA
330
6B2
100
AcDbEntity
  8
HT-A-AXIS-F01-NEW
 62
     7
440
 16777216
100
AcDbMText
 10
71561.85
 20
5850.49
 30
0.0
 40
297.5
 41
0.0
 46
0.0
 71
     5
 72
     1
  1
\A1;1800
  7
_TCH_DIM_T3
 11
0.0
 21
1.0
 31
0.0
 73
     1
 44
1.0
  0
POINT
  5
6BB
330
6B2
100
AcDbEntity
  8
Defpoints
 62
     0
440
 16777216
100
AcDbPoint
 10
69336.85
 20
4950.49
 30
0.0
  0
POINT
  5
6BC
330
6B2
100
AcDbEntity
  8
Defpoints
 62
     0
440
 16777216
100
AcDbPoint
 10
69336.85
 20
6750.49
 30
0.0
  0
POINT
  5
6BD
330
6B2
100
AcDbEntity
  8
Defpoints
 62
     0
440
 16777216
100
AcDbPoint
 10
71836.85
 20
6750.49
 30
0.0
  0
ENDBLK
  5
6B4
330
6B2
100
AcDbEntity
  8
0
100
AcDbBlockEnd
  0
BLOCK
  5
6BF
330
6BE
100
AcDbEntity
  8
0
100
AcDbBlockBegin
  2
*D50
 70
     1
 10
0.0
 20
0.0
 30
0.0
  3
*D50
  1

  0
LINE
  5
6C1
330
6BE
100
AcDbEntity
  8
HT-A-AXIS-F01-NEW
 62
     0
440
 16777216
370
    -2
100
AcDbLine
 10
69636.85
 20
6750.49
 30
0.0
 11
72086.85
 21
6750.49
 31
0.0
  0
LINE
  5
6C2
330
6BE
100
AcDbEntity
  8
HT-A-AXIS-F01-NEW
 62
     0
440
 16777216
370
    -2
100
AcDbLine
 10
69636.85
 20
9150.49
 30
0.0
 11
72086.85
 21
9150.49
 31
0.0
  0
LINE
  5
6C3
330
6BE
100
AcDbEntity
  8
HT-A-AXIS-F01-NEW
 62
     0
440
 16777216
370
    -2
100
AcDbLine
 10
71836.85
 20
6750.49
 30
0.0
 11
71836.85
 21
9150.49
 31
0.0
  0
INSERT
  5
6C4
330
6BE
100
AcDbEntity
  8
HT-A-AXIS-F01-NEW
 62
     0
440
 16777216
370
    -2
100
AcDbBlockReference
  2
_ArchTick
 10
71836.85
 20
6750.49
 30
0.0
 41
100.0
 42
100.0
 43
100.0
 50
270.0
  0
INSERT
  5
6C5
330
6BE
100
AcDbEntity
  8
HT-A-AXIS-F01-NEW
 62
     0
440
 16777216
370
    -2
100
AcDbBlockReference
  2
_ArchTick
 10
71836.85
 20
9150.49
 30
0.0
 41
100.0
 42
100.0
 43
100.0
 50
90.0
  0
MTEXT
  5
6C6
330
6BE
100
AcDbEntity
  8
HT-A-AXIS-F01-NEW
 62
     7
440
 16777216
100
AcDbMText
 10
71561.85
 20
7950.49
 30
0.0
 40
297.5
 41
0.0
 46
0.0
 71
     5
 72
     1
  1
\A1;2400
  7
_TCH_DIM_T3
 11
0.0
 21
1.0
 31
0.0
 73
     1
 44
1.0
  0
POINT
  5
6C7
330
6BE
100
AcDbEntity
  8
Defpoints
 62
     0
440
 16777216
100
AcDbPoint
 10
69336.85
 20
6750.49
 30
0.0
  0
POINT
  5
6C8
330
6BE
100
AcDbEntity
  8
Defpoints
 62
     0
440
 16777216
100
AcDbPoint
 10
69336.85
 20
9150.49
 30
0.0
  0
POINT
  5
6C9
330
6BE
100
AcDbEntity
  8
Defpoints
 62
     0
440
 16777216
100
AcDbPoint
 10
71836.85
 20
9150.49
 30
0.0
  0
ENDBLK
  5
6C0
330
6BE
100
AcDbEntity
  8
0
100
AcDbBlockEnd
  0
BLOCK
  5
6CB
330
6CA
100
AcDbEntity
  8
0
100
AcDbBlockBegin
  2
*D51
 70
     1
 10
0.0
 20
0.0
 30
0.0
  3
*D51
  1

  0
LINE
  5
6CD
330
6CA
100
AcDbEntity
  8
HT-A-AXIS-F01-NEW
 62
     0
440
 16777216
370
    -2
100
AcDbLine
 10
69636.85
 20
-749.51
 30
0.0
 11
72886.85
 21
-749.51
 31
0.0
  0
LINE
  5
6CE
330
6CA
100
AcDbEntity
  8
HT-A-AXIS-F01-NEW
 62
     0
440
 16777216
370
    -2
100
AcDbLine
 10
69636.85
 20
9150.49
 30
0.0
 11
72886.85
 21
9150.49
 31
0.0
  0
LINE
  5
6CF
330
6CA
100
AcDbEntity
  8
HT-A-AXIS-F01-NEW
 62
     0
440
 16777216
370
    -2
100
AcDbLine
 10
72636.85
 20
-749.51
 30
0.0
 11
72636.85
 21
9150.49
 31
0.0
  0
INSERT
  5
6D0
330
6CA
100
AcDbEntity
  8
HT-A-AXIS-F01-NEW
 62
     0
440
 16777216
370
    -2
100
AcDbBlockReference
  2
_ArchTick
 10
72636.85
 20
-749.51
 30
0.0
 41
100.0
 42
100.0
 43
100.0
 50
270.0
  0
INSERT
  5
6D1
330
6CA
100
AcDbEntity
  8
HT-A-AXIS-F01-NEW
 62
     0
440
 16777216
370
    -2
100
AcDbBlockReference
  2
_ArchTick
 10
72636.85
 20
9150.49
 30
0.0
 41
100.0
 42
100.0
 43
100.0
 50
90.0
  0
MTEXT
  5
6D2
330
6CA
100
AcDbEntity
  8
HT-A-AXIS-F01-NEW
 62
     7
440
 16777216
100
AcDbMText
 10
72361.85
 20
4200.49
 30
0.0
 40
297.5
 41
0.0
 46
0.0
 71
     5
 72
     1
  1
\A1;9900
  7
_TCH_DIM_T3
 11
0.0
 21
1.0
 31
0.0
 73
     1
 44
1.0
  0
POINT
  5
6D3
330
6CA
100
AcDbEntity
  8
Defpoints
 62
     0
440
 16777216
100
AcDbPoint
 10
69336.85
 20
-749.51
 30
0.0
  0
POINT
  5
6D4
330
6CA
100
AcDbEntity
  8
Defpoints
 62
     0
440
 16777216
100
AcDbPoint
 10
69336.85
 20
9150.49
 30
0.0
  0
POINT
  5
6D5
330
6CA
100
AcDbEntity
  8
Defpoints
 62
     0
440
 16777216
100
AcDbPoint
 10
72636.85
 20
9150.49
 30
0.0
  0
ENDBLK
  5
6CC
330
6CA
100
AcDbEntity
  8
0
100
AcDbBlockEnd
  0
BLOCK
  5
6D7
330
6D6
100
AcDbEntity
  8
0
100
AcDbBlockBegin
  2
*D52
 70
     1
 10
0.0
 20
0.0
 30
0.0
  3
*D52
  1

  0
LINE
  5
6D9
330
6D6
100
AcDbEntity
  8
HT-A-AXIS-F01-NEW
 62
     0
440
 16777216
370
    -2
100
AcDbLine
 10
54236.85
 20
-749.51
 30
0.0
 11
51786.85
 21
-749.51
 31
0.0
  0
LINE
  5
6DA
330
6D6
100
AcDbEntity
  8
HT-A-AXIS-F01-NEW
 62
     0
440
 16777216
370
    -2
100
AcDbLine
 10
54236.85
 20
750.49
 30
0.0
 11
51786.85
 21
750.49
 31
0.0
  0
LINE
  5
6DB
330
6D6
100
AcDbEntity
  8
HT-A-AXIS-F01-NEW
 62
     0
440
 16777216
370
    -2
100
AcDbLine
 10
52036.85
 20
-749.51
 30
0.0
 11
52036.85
 21
750.49
 31
0.0
  0
INSERT
  5
6DC
330
6D6
100
AcDbEntity
  8
HT-A-AXIS-F01-NEW
 62
     0
440
 16777216
370
    -2
100
AcDbBlockReference
  2
_ArchTick
 10
52036.85
 20
-749.51
 30
0.0
 41
100.0
 42
100.0
 43
100.0
 50
270.0
  0
INSERT
  5
6DD
330
6D6
100
AcDbEntity
  8
HT-A-AXIS-F01-NEW
 62
     0
440
 16777216
370
    -2
100
AcDbBlockReference
  2
_ArchTick
 10
52036.85
 20
750.49
 30
0.0
 41
100.0
 42
100.0
 43
100.0
 50
90.0
  0
MTEXT
  5
6DE
330
6D6
100
AcDbEntity
  8
HT-A-AXIS-F01-NEW
 62
     7
440
 16777216
100
AcDbMText
 10
51761.85
 20
0.49
 30
0.0
 40
297.5
 41
0.0
 46
0.0
 71
     5
 72
     1
  1
\A1;1500
  7
_TCH_DIM_T3
 11
0.0
 21
1.0
 31
0.0
 73
     1
 44
1.0
  0
POINT
  5
6DF
330
6D6
100
AcDbEntity
  8
Defpoints
 62
     0
440
 16777216
100
AcDbPoint
 10
54536.85
 20
-749.51
 30
0.0
  0
POINT
  5
6E0
330
6D6
100
AcDbEntity
  8
Defpoints
 62
     0
440
 16777216
100
AcDbPoint
 10
54536.85
 20
750.49
 30
0.0
  0
POINT
  5
6E1
330
6D6
100
AcDbEntity
  8
Defpoints
 62
     0
440
 16777216
100
AcDbPoint
 10
52036.85
 20
750.49
 30
0.0
  0
ENDBLK
  5
6D8
330
6D6
100
AcDbEntity
  8
0
100
AcDbBlockEnd
  0
BLOCK
  5
6E3
330
6E2
100
AcDbEntity
  8
0
100
AcDbBlockBegin
  2
*D53
 70
     1
 10
0.0
 20
0.0
 30
0.0
  3
*D53
  1

  0
LINE
  5
6E5
330
6E2
100
AcDbEntity
  8
HT-A-AXIS-F01-NEW
 62
     0
440
 16777216
370
    -2
100
AcDbLine
 10
54236.85
 20
750.49
 30
0.0
 11
51786.85
 21
750.49
 31
0.0
  0
LINE
  5
6E6
330
6E2
100
AcDbEntity
  8
HT-A-AXIS-F01-NEW
 62
     0
440
 16777216
370
    -2
100
AcDbLine
 10
54236.85
 20
4950.49
 30
0.0
 11
51786.85
 21
4950.49
 31
0.0
  0
LINE
  5
6E7
330
6E2
100
AcDbEntity
  8
HT-A-AXIS-F01-NEW
 62
     0
440
 16777216
370
    -2
100
AcDbLine
 10
52036.85
 20
750.49
 30
0.0
 11
52036.85
 21
4950.49
 31
0.0
  0
INSERT
  5
6E8
330
6E2
100
AcDbEntity
  8
HT-A-AXIS-F01-NEW
 62
     0
440
 16777216
370
    -2
100
AcDbBlockReference
  2
_ArchTick
 10
52036.85
 20
750.49
 30
0.0
 41
100.0
 42
100.0
 43
100.0
 50
270.0
  0
INSERT
  5
6E9
330
6E2
100
AcDbEntity
  8
HT-A-AXIS-F01-NEW
 62
     0
440
 16777216
370
    -2
100
AcDbBlockReference
  2
_ArchTick
 10
52036.85
 20
4950.49
 30
0.0
 41
100.0
 42
100.0
 43
100.0
 50
90.0
  0
MTEXT
  5
6EA
330
6E2
100
AcDbEntity
  8
HT-A-AXIS-F01-NEW
 62
     7
440
 16777216
100
AcDbMText
 10
51761.85
 20
2850.49
 30
0.0
 40
297.5
 41
0.0
 46
0.0
 71
     5
 72
     1
  1
\A1;4200
  7
_TCH_DIM_T3
 11
0.0
 21
1.0
 31
0.0
 73
     1
 44
1.0
  0
POINT
  5
6EB
330
6E2
100
AcDbEntity
  8
Defpoints
 62
     0
440
 16777216
100
AcDbPoint
 10
54536.85
 20
750.49
 30
0.0
  0
POINT
  5
6EC
330
6E2
100
AcDbEntity
  8
Defpoints
 62
     0
440
 16777216
100
AcDbPoint
 10
54536.85
 20
4950.49
 30
0.0
  0
POINT
  5
6ED
330
6E2
100
AcDbEntity
  8
Defpoints
 62
     0
440
 16777216
100
AcDbPoint
 10
52036.85
 20
4950.49
 30
0.0
  0
ENDBLK
  5
6E4
330
6E2
100
AcDbEntity
  8
0
100
AcDbBlockEnd
  0
BLOCK
  5
6EF
330
6EE
100
AcDbEntity
  8
0
100
AcDbBlockBegin
  2
*D54
 70
     1
 10
0.0
 20
0.0
 30
0.0
  3
*D54
  1

  0
LINE
  5
6F1
330
6EE
100
AcDbEntity
  8
HT-A-AXIS-F01-NEW
 62
     0
440
 16777216
370
    -2
100
AcDbLine
 10
54236.85
 20
4950.49
 30
0.0
 11
51786.85
 21
4950.49
 31
0.0
  0
LINE
  5
6F2
330
6EE
100
AcDbEntity
  8
HT-A-AXIS-F01-NEW
 62
     0
440
 16777216
370
    -2
100
AcDbLine
 10
54236.85
 20
6750.49
 30
0.0
 11
51786.85
 21
6750.49
 31
0.0
  0
LINE
  5
6F3
330
6EE
100
AcDbEntity
  8
HT-A-AXIS-F01-NEW
 62
     0
440
 16777216
370
    -2
100
AcDbLine
 10
52036.85
 20
4950.49
 30
0.0
 11
52036.85
 21
6750.49
 31
0.0
  0
INSERT
  5
6F4
330
6EE
100
AcDbEntity
  8
HT-A-AXIS-F01-NEW
 62
     0
440
 16777216
370
    -2
100
AcDbBlockReference
  2
_ArchTick
 10
52036.85
 20
4950.49
 30
0.0
 41
100.0
 42
100.0
 43
100.0
 50
270.0
  0
INSERT
  5
6F5
330
6EE
100
AcDbEntity
  8
HT-A-AXIS-F01-NEW
 62
     0
440
 16777216
370
    -2
100
AcDbBlockReference
  2
_ArchTick
 10
52036.85
 20
6750.49
 30
0.0
 41
100.0
 42
100.0
 43
100.0
 50
90.0
  0
MTEXT
  5
6F6
330
6EE
100
AcDbEntity
  8
HT-A-AXIS-F01-NEW
 62
     7
440
 16777216
100
AcDbMText
 10
51761.85
 20
5850.49
 30
0.0
 40
297.5
 41
0.0
 46
0.0
 71
     5
 72
     1
  1
\A1;1800
  7
_TCH_DIM_T3
 11
0.0
 21
1.0
 31
0.0
 73
     1
 44
1.0
  0
POINT
  5
6F7
330
6EE
100
AcDbEntity
  8
Defpoints
 62
     0
440
 16777216
100
AcDbPoint
 10
54536.85
 20
4950.49
 30
0.0
  0
POINT
  5
6F8
330
6EE
100
AcDbEntity
  8
Defpoints
 62
     0
440
 16777216
100
AcDbPoint
 10
54536.85
 20
6750.49
 30
0.0
  0
POINT
  5
6F9
330
6EE
100
AcDbEntity
  8
Defpoints
 62
     0
440
 16777216
100
AcDbPoint
 10
52036.85
 20
6750.49
 30
0.0
  0
ENDBLK
  5
6F0
330
6EE
100
AcDbEntity
  8
0
100
AcDbBlockEnd
  0
BLOCK
  5
6FB
330
6FA
100
AcDbEntity
  8
0
100
AcDbBlockBegin
  2
*D55
 70
     1
 10
0.0
 20
0.0
 30
0.0
  3
*D55
  1

  0
LINE
  5
6FD
330
6FA
100
AcDbEntity
  8
HT-A-AXIS-F01-NEW
 62
     0
440
 16777216
370
    -2
100
AcDbLine
 10
54236.85
 20
6750.49
 30
0.0
 11
51786.85
 21
6750.49
 31
0.0
  0
LINE
  5
6FE
330
6FA
100
AcDbEntity
  8
HT-A-AXIS-F01-NEW
 62
     0
440
 16777216
370
    -2
100
AcDbLine
 10
54236.85
 20
9150.49
 30
0.0
 11
51786.85
 21
9150.49
 31
0.0
  0
LINE
  5
6FF
330
6FA
100
AcDbEntity
  8
HT-A-AXIS-F01-NEW
 62
     0
440
 16777216
370
    -2
100
AcDbLine
 10
52036.85
 20
6750.49
 30
0.0
 11
52036.85
 21
9150.49
 31
0.0
  0
INSERT
  5
700
330
6FA
100
AcDbEntity
  8
HT-A-AXIS-F01-NEW
 62
     0
440
 16777216
370
    -2
100
AcDbBlockReference
  2
_ArchTick
 10
52036.85
 20
6750.49
 30
0.0
 41
100.0
 42
100.0
 43
100.0
 50
270.0
  0
INSERT
  5
701
330
6FA
100
AcDbEntity
  8
HT-A-AXIS-F01-NEW
 62
     0
440
 16777216
370
    -2
100
AcDbBlockReference
  2
_ArchTick
 10
52036.85
 20
9150.49
 30
0.0
 41
100.0
 42
100.0
 43
100.0
 50
90.0
  0
MTEXT
  5
702
330
6FA
100
AcDbEntity
  8
HT-A-AXIS-F01-NEW
 62
     7
440
 16777216
100
AcDbMText
 10
51761.85
 20
7950.49
 30
0.0
 40
297.5
 41
0.0
 46
0.0
 71
     5
 72
     1
  1
\A1;2400
  7
_TCH_DIM_T3
 11
0.0
 21
1.0
 31
0.0
 73
     1
 44
1.0
  0
POINT
  5
703
330
6FA
100
AcDbEntity
  8
Defpoints
 62
     0
440
 16777216
100
AcDbPoint
 10
54536.85
 20
6750.49
 30
0.0
  0
POINT
  5
704
330
6FA
100
AcDbEntity
  8
Defpoints
 62
     0
440
 16777216
100
AcDbPoint
 10
54536.85
 20
9150.49
 30
0.0
  0
POINT
  5
705
330
6FA
100
AcDbEntity
  8
Defpoints
 62
     0
440
 16777216
100
AcDbPoint
 10
52036.85
 20
9150.49
 30
0.0
  0
ENDBLK
  5
6FC
330
6FA
100
AcDbEntity
  8
0
100
AcDbBlockEnd
  0
BLOCK
  5
707
330
706
100
AcDbEntity
  8
0
100
AcDbBlockBegin
  2
*D56
 70
     1
 10
0.0
 20
0.0
 30
0.0
  3
*D56
  1

  0
LINE
  5
709
330
706
100
AcDbEntity
  8
HT-A-AXIS-F01-NEW
 62
     0
440
 16777216
370
    -2
100
AcDbLine
 10
54236.85
 20
-749.51
 30
0.0
 11
50986.85
 21
-749.51
 31
0.0
  0
LINE
  5
70A
330
706
100
AcDbEntity
  8
HT-A-AXIS-F01-NEW
 62
     0
440
 16777216
370
    -2
100
AcDbLine
 10
54236.85
 20
9150.49
 30
0.0
 11
50986.85
 21
9150.49
 31
0.0
  0
LINE
  5
70B
330
706
100
AcDbEntity
  8
HT-A-AXIS-F01-NEW
 62
     0
440
 16777216
370
    -2
100
AcDbLine
 10
51236.85
 20
-749.51
 30
0.0
 11
51236.85
 21
9150.49
 31
0.0
  0
INSERT
  5
70C
330
706
100
AcDbEntity
  8
HT-A-AXIS-F01-NEW
 62
     0
440
 16777216
370
    -2
100
AcDbBlockReference
  2
_ArchTick
 10
51236.85
 20
-749.51
 30
0.0
 41
100.0
 42
100.0
 43
100.0
 50
270.0
  0
INSERT
  5
70D
330
706
100
AcDbEntity
  8
HT-A-AXIS-F01-NEW
 62
     0
440
 16777216
370
    -2
100
AcDbBlockReference
  2
_ArchTick
 10
51236.85
 20
9150.49
 30
0.0
 41
100.0
 42
100.0
 43
100.0
 50
90.0
  0
MTEXT
  5
70E
330
706
100
AcDbEntity
  8
HT-A-AXIS-F01-NEW
 62
     7
440
 16777216
100
AcDbMText
 10
50961.85
 20
4200.49
 30
0.0
 40
297.5
 41
0.0
 46
0.0
 71
     5
 72
     1
  1
\A1;9900
  7
_TCH_DIM_T3
 11
0.0
 21
1.0
 31
0.0
 73
     1
 44
1.0
  0
POINT
  5
70F
330
706
100
AcDbEntity
  8
Defpoints
 62
     0
440
 16777216
100
AcDbPoint
 10
54536.85
 20
-749.51
 30
0.0
  0
POINT
  5
710
330
706
100
AcDbEntity
  8
Defpoints
 62
     0
440
 16777216
100
AcDbPoint
 10
54536.85
 20
9150.49
 30
0.0
  0
POINT
  5
711
330
706
100
AcDbEntity
  8
Defpoints
 62
     0
440
 16777216
100
AcDbPoint
 10
51236.85
 20
9150.49
 30
0.0
  0
ENDBLK
  5
708
330
706
100
AcDbEntity
  8
0
100
AcDbBlockEnd
  0
BLOCK
  5
713
330
712
100
AcDbEntity
  8
0
100
AcDbBlockBegin
  2
*D57
 70
     1
 10
0.0
 20
0.0
 30
0.0
  3
*D57
  1

  0
LINE
  5
715
330
712
100
AcDbEntity
  8
HT-A-AXIS-F01-NEW
 62
     0
440
 16777216
370
    -2
100
AcDbLine
 10
55536.85
 20
10450.49
 30
0.0
 11
55536.85
 21
12900.49
 31
0.0
  0
LINE
  5
716
330
712
100
AcDbEntity
  8
HT-A-AXIS-F01-NEW
 62
     0
440
 16777216
370
    -2
100
AcDbLine
 10
59536.85
 20
10450.49
 30
0.0
 11
59536.85
 21
12900.49
 31
0.0
  0
LINE
  5
717
330
712
100
AcDbEntity
  8
HT-A-AXIS-F01-NEW
 62
     0
440
 16777216
370
    -2
100
AcDbLine
 10
55536.85
 20
12650.49
 30
0.0
 11
59536.85
 21
12650.49
 31
0.0
  0
INSERT
  5
718
330
712
100
AcDbEntity
  8
HT-A-AXIS-F01-NEW
 62
     0
440
 16777216
370
    -2
100
AcDbBlockReference
  2
_ArchTick
 10
55536.85
 20
12650.49
 30
0.0
 41
100.0
 42
100.0
 43
100.0
 50
180.0
  0
INSERT
  5
719
330
712
100
AcDbEntity
  8
HT-A-AXIS-F01-NEW
 62
     0
440
 16777216
370
    -2
100
AcDbBlockReference
  2
_ArchTick
 10
59536.85
 20
12650.49
 30
0.0
 41
100.0
 42
100.0
 43
100.0
  0
MTEXT
  5
71A
330
712
100
AcDbEntity
  8
HT-A-AXIS-F01-NEW
 62
     7
440
 16777216
100
AcDbMText
 10
57536.85
 20
12925.49
 30
0.0
 40
297.5
 41
0.0
 46
0.0
 71
     5
 72
     1
  1
\A1;4000
  7
_TCH_DIM_T3
 73
     1
 44
1.0
  0
POINT
  5
71B
330
712
100
AcDbEntity
  8
Defpoints
 62
     0
440
 16777216
100
AcDbPoint
 10
55536.85
 20
10150.49
 30
0.0
  0
POINT
  5
71C
330
712
100
AcDbEntity
  8
Defpoints
 62
     0
440
 16777216
100
AcDbPoint
 10
59536.85
 20
10150.49
 30
0.0
  0
POINT
  5
71D
330
712
100
AcDbEntity
  8
Defpoints
 62
     0
440
 16777216
100
AcDbPoint
 10
59536.85
 20
12650.49
 30
0.0
  0
ENDBLK
  5
714
330
712
100
AcDbEntity
  8
0
100
AcDbBlockEnd
  0
BLOCK
  5
71F
330
71E
100
AcDbEntity
  8
0
100
AcDbBlockBegin
  2
*D58
 70
     1
 10
0.0
 20
0.0
 30
0.0
  3
*D58
  1

  0
LINE
  5
721
330
71E
100
AcDbEntity
  8
HT-A-AXIS-F01-NEW
 62
     0
440
 16777216
370
    -2
100
AcDbLine
 10
59536.85
 20
10450.49
 30
0.0
 11
59536.85
 21
12900.49
 31
0.0
  0
LINE
  5
722
330
71E
100
AcDbEntity
  8
HT-A-AXIS-F01-NEW
 62
     0
440
 16777216
370
    -2
100
AcDbLine
 10
64336.85
 20
10450.49
 30
0.0
 11
64336.85
 21
12900.49
 31
0.0
  0
LINE
  5
723
330
71E
100
AcDbEntity
  8
HT-A-AXIS-F01-NEW
 62
     0
440
 16777216
370
    -2
100
AcDbLine
 10
59536.85
 20
12650.49
 30
0.0
 11
64336.85
 21
12650.49
 31
0.0
  0
INSERT
  5
724
330
71E
100
AcDbEntity
  8
HT-A-AXIS-F01-NEW
 62
     0
440
 16777216
370
    -2
100
AcDbBlockReference
  2
_ArchTick
 10
59536.85
 20
12650.49
 30
0.0
 41
100.0
 42
100.0
 43
100.0
 50
180.0
  0
INSERT
  5
725
330
71E
100
AcDbEntity
  8
HT-A-AXIS-F01-NEW
 62
     0
440
 16777216
370
    -2
100
AcDbBlockReference
  2
_ArchTick
 10
64336.85
 20
12650.49
 30
0.0
 41
100.0
 42
100.0
 43
100.0
  0
MTEXT
  5
726
330
71E
100
AcDbEntity
  8
HT-A-AXIS-F01-NEW
 62
     7
440
 16777216
100
AcDbMText
 10
61936.85
 20
12925.49
 30
0.0
 40
297.5
 41
0.0
 46
0.0
 71
     5
 72
     1
  1
\A1;4800
  7
_TCH_DIM_T3
 73
     1
 44
1.0
  0
POINT
  5
727
330
71E
100
AcDbEntity
  8
Defpoints
 62
     0
440
 16777216
100
AcDbPoint
 10
59536.85
 20
10150.49
 30
0.0
  0
POINT
  5
728
330
71E
100
AcDbEntity
  8
Defpoints
 62
     0
440
 16777216
100
AcDbPoint
 10
64336.85
 20
10150.49
 30
0.0
  0
POINT
  5
729
330
71E
100
AcDbEntity
  8
Defpoints
 62
     0
440
 16777216
100
AcDbPoint
 10
64336.85
 20
12650.49
 30
0.0
  0
ENDBLK
  5
720
330
71E
100
AcDbEntity
  8
0
100
AcDbBlockEnd
  0
BLOCK
  5
72B
330
72A
100
AcDbEntity
  8
0
100
AcDbBlockBegin
  2
*D59
 70
     1
 10
0.0
 20
0.0
 30
0.0
  3
*D59
  1

  0
LINE
  5
72D
330
72A
100
AcDbEntity
  8
HT-A-AXIS-F01-NEW
 62
     0
440
 16777216
370
    -2
100
AcDbLine
 10
64336.85
 20
10450.49
 30
0.0
 11
64336.85
 21
12900.49
 31
0.0
  0
LINE
  5
72E
330
72A
100
AcDbEntity
  8
HT-A-AXIS-F01-NEW
 62
     0
440
 16777216
370
    -2
100
AcDbLine
 10
68336.85
 20
10450.49
 30
0.0
 11
68336.85
 21
12900.49
 31
0.0
  0
LINE
  5
72F
330
72A
100
AcDbEntity
  8
HT-A-AXIS-F01-NEW
 62
     0
440
 16777216
370
    -2
100
AcDbLine
 10
64336.85
 20
12650.49
 30
0.0
 11
68336.85
 21
12650.49
 31
0.0
  0
INSERT
  5
730
330
72A
100
AcDbEntity
  8
HT-A-AXIS-F01-NEW
 62
     0
440
 16777216
370
    -2
100
AcDbBlockReference
  2
_ArchTick
 10
64336.85
 20
12650.49
 30
0.0
 41
100.0
 42
100.0
 43
100.0
 50
180.0
  0
INSERT
  5
731
330
72A
100
AcDbEntity
  8
HT-A-AXIS-F01-NEW
 62
     0
440
 16777216
370
    -2
100
AcDbBlockReference
  2
_ArchTick
 10
68336.85
 20
12650.49
 30
0.0
 41
100.0
 42
100.0
 43
100.0
  0
MTEXT
  5
732
330
72A
100
AcDbEntity
  8
HT-A-AXIS-F01-NEW
 62
     7
440
 16777216
100
AcDbMText
 10
66336.85
 20
12925.49
 30
0.0
 40
297.5
 41
0.0
 46
0.0
 71
     5
 72
     1
  1
\A1;4000
  7
_TCH_DIM_T3
 73
     1
 44
1.0
  0
POINT
  5
733
330
72A
100
AcDbEntity
  8
Defpoints
 62
     0
440
 16777216
100
AcDbPoint
 10
64336.85
 20
10150.49
 30
0.0
  0
POINT
  5
734
330
72A
100
AcDbEntity
  8
Defpoints
 62
     0
440
 16777216
100
AcDbPoint
 10
68336.85
 20
10150.49
 30
0.0
  0
POINT
  5
735
330
72A
100
AcDbEntity
  8
Defpoints
 62
     0
440
 16777216
100
AcDbPoint
 10
68336.85
 20
12650.49
 30
0.0
  0
ENDBLK
  5
72C
330
72A
100
AcDbEntity
  8
0
100
AcDbBlockEnd
  0
BLOCK
  5
737
330
736
100
AcDbEntity
  8
0
100
AcDbBlockBegin
  2
*D60
 70
     1
 10
0.0
 20
0.0
 30
0.0
  3
*D60
  1

  0
LINE
  5
739
330
736
100
AcDbEntity
  8
HT-A-AXIS-F01-NEW
 62
     0
440
 16777216
370
    -2
100
AcDbLine
 10
55536.85
 20
10450.49
 30
0.0
 11
55536.85
 21
13700.49
 31
0.0
  0
LINE
  5
73A
330
736
100
AcDbEntity
  8
HT-A-AXIS-F01-NEW
 62
     0
440
 16777216
370
    -2
100
AcDbLine
 10
68336.85
 20
10450.49
 30
0.0
 11
68336.85
 21
13700.49
 31
0.0
  0
LINE
  5
73B
330
736
100
AcDbEntity
  8
HT-A-AXIS-F01-NEW
 62
     0
440
 16777216
370
    -2
100
AcDbLine
 10
55536.85
 20
13450.49
 30
0.0
 11
68336.85
 21
13450.49
 31
0.0
  0
INSERT
  5
73C
330
736
100
AcDbEntity
  8
HT-A-AXIS-F01-NEW
 62
     0
440
 16777216
370
    -2
100
AcDbBlockReference
  2
_ArchTick
 10
55536.85
 20
13450.49
 30
0.0
 41
100.0
 42
100.0
 43
100.0
 50
180.0
  0
INSERT
  5
73D
330
736
100
AcDbEntity
  8
HT-A-AXIS-F01-NEW
 62
     0
440
 16777216
370
    -2
100
AcDbBlockReference
  2
_ArchTick
 10
68336.85
 20
13450.49
 30
0.0
 41
100.0
 42
100.0
 43
100.0
  0
MTEXT
  5
73E
330
736
100
AcDbEntity
  8
HT-A-AXIS-F01-NEW
 62
     7
440
 16777216
100
AcDbMText
 10
61936.85
 20
13725.49
 30
0.0
 40
297.5
 41
0.0
 46
0.0
 71
     5
 72
     1
  1
\A1;12800
  7
_TCH_DIM_T3
 73
     1
 44
1.0
  0
POINT
  5
73F
330
736
100
AcDbEntity
  8
Defpoints
 62
     0
440
 16777216
100
AcDbPoint
 10
55536.85
 20
10150.49
 30
0.0
  0
POINT
  5
740
330
736
100
AcDbEntity
  8
Defpoints
 62
     0
440
 16777216
100
AcDbPoint
 10
68336.85
 20
10150.49
 30
0.0
  0
POINT
  5
741
330
736
100
AcDbEntity
  8
Defpoints
 62
     0
440
 16777216
100
AcDbPoint
 10
68336.85
 20
13450.49
 30
0.0
  0
ENDBLK
  5
738
330
736
100
AcDbEntity
  8
0
100
AcDbBlockEnd
  0
BLOCK
  5
743
330
742
100
AcDbEntity
  8
0
100
AcDbBlockBegin
  2
*D61
 70
     1
 10
0.0
 20
0.0
 30
0.0
  3
*D61
  1

  0
LINE
  5
745
330
742
100
AcDbEntity
  8
HT-A-AXIS-F01-NEW
 62
     0
440
 16777216
370
    -2
100
AcDbLine
 10
55536.85
 20
-2049.51
 30
0.0
 11
55536.85
 21
-4499.51
 31
0.0
  0
LINE
  5
746
330
742
100
AcDbEntity
  8
HT-A-AXIS-F01-NEW
 62
     0
440
 16777216
370
    -2
100
AcDbLine
 10
59536.85
 20
-2049.51
 30
0.0
 11
59536.85
 21
-4499.51
 31
0.0
  0
LINE
  5
747
330
742
100
AcDbEntity
  8
HT-A-AXIS-F01-NEW
 62
     0
440
 16777216
370
    -2
100
AcDbLine
 10
55536.85
 20
-4249.51
 30
0.0
 11
59536.85
 21
-4249.51
 31
0.0
  0
INSERT
  5
748
330
742
100
AcDbEntity
  8
HT-A-AXIS-F01-NEW
 62
     0
440
 16777216
370
    -2
100
AcDbBlockReference
  2
_ArchTick
 10
55536.85
 20
-4249.51
 30
0.0
 41
100.0
 42
100.0
 43
100.0
 50
180.0
  0
INSERT
  5
749
330
742
100
AcDbEntity
  8
HT-A-AXIS-F01-NEW
 62
     0
440
 16777216
370
    -2
100
AcDbBlockReference
  2
_ArchTick
 10
59536.85
 20
-4249.51
 30
0.0
 41
100.0
 42
100.0
 43
100.0
  0
MTEXT
  5
74A
330
742
100
AcDbEntity
  8
HT-A-AXIS-F01-NEW
 62
     7
440
 16777216
100
AcDbMText
 10
57536.85
 20
-3974.51
 30
0.0
 40
297.5
 41
0.0
 46
0.0
 71
     5
 72
     1
  1
\A1;4000
  7
_TCH_DIM_T3
 73
     1
 44
1.0
  0
POINT
  5
74B
330
742
100
AcDbEntity
  8
Defpoints
 62
     0
440
 16777216
100
AcDbPoint
 10
55536.85
 20
-1749.51
 30
0.0
  0
POINT
  5
74C
330
742
100
AcDbEntity
  8
Defpoints
 62
     0
440
 16777216
100
AcDbPoint
 10
59536.85
 20
-1749.51
 30
0.0
  0
POINT
  5
74D
330
742
100
AcDbEntity
  8
Defpoints
 62
     0
440
 16777216
100
AcDbPoint
 10
59536.85
 20
-4249.51
 30
0.0
  0
ENDBLK
  5
744
330
742
100
AcDbEntity
  8
0
100
AcDbBlockEnd
  0
BLOCK
  5
74F
330
74E
100
AcDbEntity
  8
0
100
AcDbBlockBegin
  2
*D62
 70
     1
 10
0.0
 20
0.0
 30
0.0
  3
*D62
  1

  0
LINE
  5
751
330
74E
100
AcDbEntity
  8
HT-A-AXIS-F01-NEW
 62
     0
440
 16777216
370
    -2
100
AcDbLine
 10
59536.85
 20
-2049.51
 30
0.0
 11
59536.85
 21
-4499.51
 31
0.0
  0
LINE
  5
752
330
74E
100
AcDbEntity
  8
HT-A-AXIS-F01-NEW
 62
     0
440
 16777216
370
    -2
100
AcDbLine
 10
64336.85
 20
-2049.51
 30
0.0
 11
64336.85
 21
-4499.51
 31
0.0
  0
LINE
  5
753
330
74E
100
AcDbEntity
  8
HT-A-AXIS-F01-NEW
 62
     0
440
 16777216
370
    -2
100
AcDbLine
 10
59536.85
 20
-4249.51
 30
0.0
 11
64336.85
 21
-4249.51
 31
0.0
  0
INSERT
  5
754
330
74E
100
AcDbEntity
  8
HT-A-AXIS-F01-NEW
 62
     0
440
 16777216
370
    -2
100
AcDbBlockReference
  2
_ArchTick
 10
59536.85
 20
-4249.51
 30
0.0
 41
100.0
 42
100.0
 43
100.0
 50
180.0
  0
INSERT
  5
755
330
74E
100
AcDbEntity
  8
HT-A-AXIS-F01-NEW
 62
     0
440
 16777216
370
    -2
100
AcDbBlockReference
  2
_ArchTick
 10
64336.85
 20
-4249.51
 30
0.0
 41
100.0
 42
100.0
 43
100.0
  0
MTEXT
  5
756
330
74E
100
AcDbEntity
  8
HT-A-AXIS-F01-NEW
 62
     7
440
 16777216
100
AcDbMText
 10
61936.85
 20
-3974.51
 30
0.0
 40
297.5
 41
0.0
 46
0.0
 71
     5
 72
     1
  1
\A1;4800
  7
_TCH_DIM_T3
 73
     1
 44
1.0
  0
POINT
  5
757
330
74E
100
AcDbEntity
  8
Defpoints
 62
     0
440
 16777216
100
AcDbPoint
 10
59536.85
 20
-1749.51
 30
0.0
  0
POINT
  5
758
330
74E
100
AcDbEntity
  8
Defpoints
 62
     0
440
 16777216
100
AcDbPoint
 10
64336.85
 20
-1749.51
 30
0.0
  0
POINT
  5
759
330
74E
100
AcDbEntity
  8
Defpoints
 62
     0
440
 16777216
100
AcDbPoint
 10
64336.85
 20
-4249.51
 30
0.0
  0
ENDBLK
  5
750
330
74E
100
AcDbEntity
  8
0
100
AcDbBlockEnd
  0
BLOCK
  5
75B
330
75A
100
AcDbEntity
  8
0
100
AcDbBlockBegin
  2
*D63
 70
     1
 10
0.0
 20
0.0
 30
0.0
  3
*D63
  1

  0
LINE
  5
75D
330
75A
100
AcDbEntity
  8
HT-A-AXIS-F01-NEW
 62
     0
440
 16777216
370
    -2
100
AcDbLine
 10
64336.85
 20
-2049.51
 30
0.0
 11
64336.85
 21
-4499.51
 31
0.0
  0
LINE
  5
75E
330
75A
100
AcDbEntity
  8
HT-A-AXIS-F01-NEW
 62
     0
440
 16777216
370
    -2
100
AcDbLine
 10
68336.85
 20
-2049.51
 30
0.0
 11
68336.85
 21
-4499.51
 31
0.0
  0
LINE
  5
75F
330
75A
100
AcDbEntity
  8
HT-A-AXIS-F01-NEW
 62
     0
440
 16777216
370
    -2
100
AcDbLine
 10
64336.85
 20
-4249.51
 30
0.0
 11
68336.85
 21
-4249.51
 31
0.0
  0
INSERT
  5
760
330
75A
100
AcDbEntity
  8
HT-A-AXIS-F01-NEW
 62
     0
440
 16777216
370
    -2
100
AcDbBlockReference
  2
_ArchTick
 10
64336.85
 20
-4249.51
 30
0.0
 41
100.0
 42
100.0
 43
100.0
 50
180.0
  0
INSERT
  5
761
330
75A
100
AcDbEntity
  8
HT-A-AXIS-F01-NEW
 62
     0
440
 16777216
370
    -2
100
AcDbBlockReference
  2
_ArchTick
 10
68336.85
 20
-4249.51
 30
0.0
 41
100.0
 42
100.0
 43
100.0
  0
MTEXT
  5
762
330
75A
100
AcDbEntity
  8
HT-A-AXIS-F01-NEW
 62
     7
440
 16777216
100
AcDbMText
 10
66336.85
 20
-3974.51
 30
0.0
 40
297.5
 41
0.0
 46
0.0
 71
     5
 72
     1
  1
\A1;4000
  7
_TCH_DIM_T3
 73
     1
 44
1.0
  0
POINT
  5
763
330
75A
100
AcDbEntity
  8
Defpoints
 62
     0
440
 16777216
100
AcDbPoint
 10
64336.85
 20
-1749.51
 30
0.0
  0
POINT
  5
764
330
75A
100
AcDbEntity
  8
Defpoints
 62
     0
440
 16777216
100
AcDbPoint
 10
68336.85
 20
-1749.51
 30
0.0
  0
POINT
  5
765
330
75A
100
AcDbEntity
  8
Defpoints
 62
     0
440
 16777216
100
AcDbPoint
 10
68336.85
 20
-4249.51
 30
0.0
  0
ENDBLK
  5
75C
330
75A
100
AcDbEntity
  8
0
100
AcDbBlockEnd
  0
BLOCK
  5
767
330
766
100
AcDbEntity
  8
0
100
AcDbBlockBegin
  2
*D64
 70
     1
 10
0.0
 20
0.0
 30
0.0
  3
*D64
  1

  0
LINE
  5
769
330
766
100
AcDbEntity
  8
HT-A-AXIS-F01-NEW
 62
     0
440
 16777216
370
    -2
100
AcDbLine
 10
55536.85
 20
-2049.51
 30
0.0
 11
55536.85
 21
-5299.51
 31
0.0
  0
LINE
  5
76A
330
766
100
AcDbEntity
  8
HT-A-AXIS-F01-NEW
 62
     0
440
 16777216
370
    -2
100
AcDbLine
 10
68336.85
 20
-2049.51
 30
0.0
 11
68336.85
 21
-5299.51
 31
0.0
  0
LINE
  5
76B
330
766
100
AcDbEntity
  8
HT-A-AXIS-F01-NEW
 62
     0
440
 16777216
370
    -2
100
AcDbLine
 10
55536.85
 20
-5049.51
 30
0.0
 11
68336.85
 21
-5049.51
 31
0.0
  0
INSERT
  5
76C
330
766
100
AcDbEntity
  8
HT-A-AXIS-F01-NEW
 62
     0
440
 16777216
370
    -2
100
AcDbBlockReference
  2
_ArchTick
 10
55536.85
 20
-5049.51
 30
0.0
 41
100.0
 42
100.0
 43
100.0
 50
180.0
  0
INSERT
  5
76D
330
766
100
AcDbEntity
  8
HT-A-AXIS-F01-NEW
 62
     0
440
 16777216
370
    -2
100
AcDbBlockReference
  2
_ArchTick
 10
68336.85
 20
-5049.51
 30
0.0
 41
100.0
 42
100.0
 43
100.0
  0
MTEXT
  5
76E
330
766
100
AcDbEntity
  8
HT-A-AXIS-F01-NEW
 62
     7
440
 16777216
100
AcDbMText
 10
61936.85
 20
-4774.51
 30
0.0
 40
297.5
 41
0.0
 46
0.0
 71
     5
 72
     1
  1
\A1;12800
  7
_TCH_DIM_T3
 73
     1
 44
1.0
  0
POINT
  5
76F
330
766
100
AcDbEntity
  8
Defpoints
 62
     0
440
 16777216
100
AcDbPoint
 10
55536.85
 20
-1749.51
 30
0.0
  0
POINT
  5
770
330
766
100
AcDbEntity
  8
Defpoints
 62
     0
440
 16777216
100
AcDbPoint
 10
68336.85
 20
-1749.51
 30
0.0
  0
POINT
  5
771
330
766
100
AcDbEntity
  8
Defpoints
 62
     0
440
 16777216
100
AcDbPoint
 10
68336.85
 20
-5049.51
 30
0.0
  0
ENDBLK
  5
768
330
766
100
AcDbEntity
  8
0
100
AcDbBlockEnd
  0
ENDSEC
  0
SECTION
  2
ENTITIES
  0
LINE
  5
14
330
2
100
AcDbEntity
  8
HT-A-NOPLOT-F01-NEW
100
AcDbLine
 10
22873.03
 20
-1749.51
 30
0.0
 11
22873.03
 21
10150.49
 31
0.0
  0
LINE
  5
17
330
2
100
AcDbEntity
  8
HT-A-NOPLOT-F01-NEW
100
AcDbLine
 10
21873.03
 20
9150.49
 30
0.0
 11
36673.03
 21
9150.49
 31
0.0
  0
LINE
  5
18
330
2
100
AcDbEntity
  8
HT-A-NOPLOT-F01-NEW
100
AcDbLine
 10
26873.03
 20
-1749.51
 30
0.0
 11
26873.03
 21
10150.49
 31
0.0
  0
LINE
  5
19
330
2
100
AcDbEntity
  8
HT-A-NOPLOT-F01-NEW
100
AcDbLine
 10
31673.03
 20
-1749.51
 30
0.0
 11
31673.03
 21
10150.49
 31
0.0
  0
LINE
  5
1A
330
2
100
AcDbEntity
  8
HT-A-NOPLOT-F01-NEW
100
AcDbLine
 10
35673.03
 20
-1749.51
 30
0.0
 11
35673.03
 21
10150.49
 31
0.0
  0
LINE
  5
1B
330
2
100
AcDbEntity
  8
HT-A-NOPLOT-F01-NEW
100
AcDbLine
 10
21873.03
 20
6750.49
 30
0.0
 11
36673.03
 21
6750.49
 31
0.0
  0
LINE
  5
1C
330
2
100
AcDbEntity
  8
HT-A-NOPLOT-F01-NEW
100
AcDbLine
 10
21873.03
 20
4950.49
 30
0.0
 11
36673.03
 21
4950.49
 31
0.0
  0
LINE
  5
1D
330
2
100
AcDbEntity
  8
HT-A-NOPLOT-F01-NEW
100
AcDbLine
 10
21873.03
 20
750.49
 30
0.0
 11
36673.03
 21
750.49
 31
0.0
  0
LINE
  5
1E
330
2
100
AcDbEntity
  8
HT-A-NOPLOT-F01-NEW
100
AcDbLine
 10
21873.03
 20
-749.51
 30
0.0
 11
36673.03
 21
-749.51
 31
0.0
  0
LWPOLYLINE
  5
119
330
2
100
AcDbEntity
  8
0
100
AcDbPolyline
 90
        3
 70
     0
 43
0.0
 10
22773.03
 20
650.49
 10
22773.03
 20
-849.51
 10
31573.03
 20
-849.51
  0
LWPOLYLINE
  5
11A
330
2
100
AcDbEntity
  8
0
100
AcDbPolyline
 90
        3
 70
     0
 43
0.0
 10
23073.03
 20
650.49
 10
23073.03
 20
-549.51
 10
31573.03
 20
-549.51
  0
LINE
  5
12B
330
2
100
AcDbEntity
  8
HT-A-NOPLOT-F01-NEW
100
AcDbLine
 10
55536.85
 20
-1749.51
 30
0.0
 11
55536.85
 21
10150.49
 31
0.0
  0
LINE
  5
12C
330
2
100
AcDbEntity
  8
HT-A-NOPLOT-F01-NEW
100
AcDbLine
 10
59536.85
 20
-1749.51
 30
0.0
 11
59536.85
 21
10150.49
 31
0.0
  0
LINE
  5
12D
330
2
100
AcDbEntity
  8
HT-A-NOPLOT-F01-NEW
100
AcDbLine
 10
64336.85
 20
-1749.51
 30
0.0
 11
64336.85
 21
10150.49
 31
0.0
  0
LINE
  5
12E
330
2
100
AcDbEntity
  8
HT-A-NOPLOT-F01-NEW
100
AcDbLine
 10
68336.85
 20
-1749.51
 30
0.0
 11
68336.85
 21
10150.49
 31
0.0
  0
LINE
  5
12F
330
2
100
AcDbEntity
  8
HT-A-NOPLOT-F01-NEW
100
AcDbLine
 10
54536.85
 20
9150.49
 30
0.0
 11
69336.85
 21
9150.49
 31
0.0
  0
LINE
  5
130
330
2
100
AcDbEntity
  8
HT-A-NOPLOT-F01-NEW
100
AcDbLine
 10
54536.85
 20
6750.49
 30
0.0
 11
69336.85
 21
6750.49
 31
0.0
  0
LINE
  5
131
330
2
100
AcDbEntity
  8
HT-A-NOPLOT-F01-NEW
100
AcDbLine
 10
54536.85
 20
4950.49
 30
0.0
 11
69336.85
 21
4950.49
 31
0.0
  0
LINE
  5
132
330
2
100
AcDbEntity
  8
HT-A-NOPLOT-F01-NEW
100
AcDbLine
 10
54536.85
 20
750.49
 30
0.0
 11
69336.85
 21
750.49
 31
0.0
  0
LINE
  5
133
330
2
100
AcDbEntity
  8
HT-A-NOPLOT-F01-NEW
100
AcDbLine
 10
54536.85
 20
-749.51
 30
0.0
 11
69336.85
 21
-749.51
 31
0.0
  0
LWPOLYLINE
  5
171
330
2
100
AcDbEntity
  8
0
100
AcDbPolyline
 90
        3
 70
     0
 43
0.0
 10
55436.85
 20
650.49
 10
55436.85
 20
-849.51
 10
64236.85
 20
-849.51
  0
LWPOLYLINE
  5
172
330
2
100
AcDbEntity
  8
0
100
AcDbPolyline
 90
        3
 70
     0
 43
0.0
 10
55736.85
 20
650.49
 10
55736.85
 20
-549.51
 10
64236.85
 20
-549.51
  0
LWPOLYLINE
  5
184
330
2
100
AcDbEntity
  8
0
100
AcDbPolyline
 90
        3
 70
     0
 43
0.0
 10
55636.85
 20
650.49
 10
55636.85
 20
-649.51
 10
64236.85
 20
-649.51
  0
LWPOLYLINE
  5
188
330
2
100
AcDbEntity
  8
PUB_TITLE
100
AcDbPolyline
 90
        4
 70
     1
 43
0.0
 10
13453.76
 20
-7033.98
 10
44353.76
 20
-7033.98
 10
44353.76
 20
15166.02
 10
13453.76
 20
15166.02
  0
LWPOLYLINE
  5
18B
330
2
100
AcDbEntity
  8
PUB_TITLE
100
AcDbPolyline
 90
        4
 70
     1
 43
0.0
 10
46117.58
 20
-7033.98
 10
77017.58
 20
-7033.98
 10
77017.58
 20
15166.02
 10
46117.58
 20
15166.02
  0
DIMENSION
  5
18D
330
2
100
AcDbEntity
  8
HT-A-AXIS-F01-NEW
100
AcDbDimension
280
     0
  2
*D47
 10
71836.85
 20
750.49
 30
0.0
 11
71561.85
 21
0.49
 31
0.0
 70
    33
 71
     5
 42
1500.0
 73
     0
 74
     0
 75
     0
  3
_TCH_ARCH&&100
100
AcDbAlignedDimension
 13
69336.85
 23
-749.51
 33
0.0
 14
69336.85
 24
750.49
 34
0.0
  0
DIMENSION
  5
1A1
330
2
100
AcDbEntity
  8
HT-A-AXIS-F01-NEW
100
AcDbDimension
280
     0
  2
*D48
 10
71836.85
 20
4950.49
 30
0.0
 11
71561.85
 21
2850.49
 31
0.0
 70
    33
 71
     5
 42
4200.0
 73
     0
 74
     0
 75
     0
  3
_TCH_ARCH&&100
100
AcDbAlignedDimension
 13
69336.85
 23
750.49
 33
0.0
 14
69336.85
 24
4950.49
 34
0.0
  0
DIMENSION
  5
1AE
330
2
100
AcDbEntity
  8
HT-A-AXIS-F01-NEW
100
AcDbDimension
280
     0
  2
*D49
 10
71836.85
 20
6750.49
 30
0.0
 11
71561.85
 21
5850.49
 31
0.0
 70
    33
 71
     5
 42
1800.0
 73
     0
 74
     0
 75
     0
  3
_TCH_ARCH&&100
100
AcDbAlignedDimension
 13
69336.85
 23
4950.49
 33
0.0
 14
69336.85
 24
6750.49
 34
0.0
  0
DIMENSION
  5
1BB
330
2
100
AcDbEntity
  8
HT-A-AXIS-F01-NEW
100
AcDbDimension
280
     0
  2
*D50
 10
71836.85
 20
9150.49
 30
0.0
 11
71561.85
 21
7950.49
 31
0.0
 70
    33
 71
     5
 42
2400.0
 73
     0
 74
     0
 75
     0
  3
_TCH_ARCH&&100
100
AcDbAlignedDimension
 13
69336.85
 23
6750.49
 33
0.0
 14
69336.85
 24
9150.49
 34
0.0
  0
DIMENSION
  5
1C8
330
2
100
AcDbEntity
  8
HT-A-AXIS-F01-NEW
100
AcDbDimension
280
     0
  2
*D51
 10
72636.85
 20
9150.49
 30
0.0
 11
72361.85
 21
4200.49
 31
0.0
 70
    33
 71
     5
 42
9900.0
 73
     0
 74
     0
 75
     0
  3
_TCH_ARCH&&100
100
AcDbAlignedDimension
 13
69336.85
 23
-749.51
 33
0.0
 14
69336.85
 24
9150.49
 34
0.0
  0
DIMENSION
  5
1D5
330
2
100
AcDbEntity
  8
HT-A-AXIS-F01-NEW
100
AcDbDimension
280
     0
  2
*D52
 10
52036.85
 20
750.49
 30
0.0
 11
51761.85
 21
0.49
 31
0.0
 70
    33
 71
     5
 42
1500.0
 73
     0
 74
     0
 75
     0
  3
_TCH_ARCH&&100
100
AcDbAlignedDimension
 13
54536.85
 23
-749.51
 33
0.0
 14
54536.85
 24
750.49
 34
0.0
  0
DIMENSION
  5
1E2
330
2
100
AcDbEntity
  8
HT-A-AXIS-F01-NEW
100
AcDbDimension
280
     0
  2
*D53
 10
52036.85
 20
4950.49
 30
0.0
 11
51761.85
 21
2850.49
 31
0.0
 70
    33
 71
     5
 42
4200.0
 73
     0
 74
     0
 75
     0
  3
_TCH_ARCH&&100
100
AcDbAlignedDimension
 13
54536.85
 23
750.49
 33
0.0
 14
54536.85
 24
4950.49
 34
0.0
  0
DIMENSION
  5
1EF
330
2
100
AcDbEntity
  8
HT-A-AXIS-F01-NEW
100
AcDbDimension
280
     0
  2
*D54
 10
52036.85
 20
6750.49
 30
0.0
 11
51761.85
 21
5850.49
 31
0.0
 70
    33
 71
     5
 42
1800.0
 73
     0
 74
     0
 75
     0
  3
_TCH_ARCH&&100
100
AcDbAlignedDimension
 13
54536.85
 23
4950.49
 33
0.0
 14
54536.85
 24
6750.49
 34
0.0
  0
DIMENSION
  5
1FC
330
2
100
AcDbEntity
  8
HT-A-AXIS-F01-NEW
100
AcDbDimension
280
     0
  2
*D55
 10
52036.85
 20
9150.49
 30
0.0
 11
51761.85
 21
7950.49
 31
0.0
 70
    33
 71
     5
 42
2400.0
 73
     0
 74
     0
 75
     0
  3
_TCH_ARCH&&100
100
AcDbAlignedDimension
 13
54536.85
 23
6750.49
 33
0.0
 14
54536.85
 24
9150.49
 34
0.0
  0
DIMENSION
  5
209
330
2
100
AcDbEntity
  8
HT-A-AXIS-F01-NEW
100
AcDbDimension
280
     0
  2
*D56
 10
51236.85
 20
9150.49
 30
0.0
 11
50961.85
 21
4200.49
 31
0.0
 70
    33
 71
     5
 42
9900.0
 73
     0
 74
     0
 75
     0
  3
_TCH_ARCH&&100
100
AcDbAlignedDimension
 13
54536.85
 23
-749.51
 33
0.0
 14
54536.85
 24
9150.49
 34
0.0
  0
DIMENSION
  5
216
330
2
100
AcDbEntity
  8
HT-A-AXIS-F01-NEW
100
AcDbDimension
280
     0
  2
*D57
 10
59536.85
 20
12650.49
 30
0.0
 11
57536.85
 21
12925.49
 31
0.0
 70
    33
 71
     5
 42
4000.0
 73
     0
 74
     0
 75
     0
  3
_TCH_ARCH&&100
100
AcDbAlignedDimension
 13
55536.85
 23
10150.49
 33
0.0
 14
59536.85
 24
10150.49
 34
0.0
  0
DIMENSION
  5
223
330
2
100
AcDbEntity
  8
HT-A-AXIS-F01-NEW
100
AcDbDimension
280
     0
  2
*D58
 10
64336.85
 20
12650.49
 30
0.0
 11
61936.85
 21
12925.49
 31
0.0
 70
    33
 71
     5
 42
4800.0
 73
     0
 74
     0
 75
     0
  3
_TCH_ARCH&&100
100
AcDbAlignedDimension
 13
59536.85
 23
10150.49
 33
0.0
 14
64336.85
 24
10150.49
 34
0.0
  0
DIMENSION
  5
230
330
2
100
AcDbEntity
  8
HT-A-AXIS-F01-NEW
100
AcDbDimension
280
     0
  2
*D59
 10
68336.85
 20
12650.49
 30
0.0
 11
66336.85
 21
12925.49
 31
0.0
 70
    33
 71
     5
 42
4000.0
 73
     0
 74
     0
 75
     0
  3
_TCH_ARCH&&100
100
AcDbAlignedDimension
 13
64336.85
 23
10150.49
 33
0.0
 14
68336.85
 24
10150.49
 34
0.0
  0
DIMENSION
  5
23D
330
2
100
AcDbEntity
  8
HT-A-AXIS-F01-NEW
100
AcDbDimension
280
     0
  2
*D60
 10
68336.85
 20
13450.49
 30
0.0
 11
61936.85
 21
13725.49
 31
0.0
 70
    33
 71
     5
 42
12800.0
 73
     0
 74
     0
 75
     0
  3
_TCH_ARCH&&100
100
AcDbAlignedDimension
 13
55536.85
 23
10150.49
 33
0.0
 14
68336.85
 24
10150.49
 34
0.0
  0
DIMENSION
  5
24A
330
2
100
AcDbEntity
  8
HT-A-AXIS-F01-NEW
100
AcDbDimension
280
     0
  2
*D61
 10
59536.85
 20
-4249.51
 30
0.0
 11
57536.85
 21
-3974.51
 31
0.0
 70
    33
 71
     5
 42
4000.0
 73
     0
 74
     0
 75
     0
  3
_TCH_ARCH&&100
100
AcDbAlignedDimension
 13
55536.85
 23
-1749.51
 33
0.0
 14
59536.85
 24
-1749.51
 34
0.0
  0
DIMENSION
  5
257
330
2
100
AcDbEntity
  8
HT-A-AXIS-F01-NEW
100
AcDbDimension
280
     0
  2
*D62
 10
64336.85
 20
-4249.51
 30
0.0
 11
61936.85
 21
-3974.51
 31
0.0
 70
    33
 71
     5
 42
4800.0
 73
     0
 74
     0
 75
     0
  3
_TCH_ARCH&&100
100
AcDbAlignedDimension
 13
59536.85
 23
-1749.51
 33
0.0
 14
64336.85
 24
-1749.51
 34
0.0
  0
DIMENSION
  5
264
330
2
100
AcDbEntity
  8
HT-A-AXIS-F01-NEW
100
AcDbDimension
280
     0
  2
*D63
 10
68336.85
 20
-4249.51
 30
0.0
 11
66336.85
 21
-3974.51
 31
0.0
 70
    33
 71
     5
 42
4000.0
 73
     0
 74
     0
 75
     0
  3
_TCH_ARCH&&100
100
AcDbAlignedDimension
 13
64336.85
 23
-1749.51
 33
0.0
 14
68336.85
 24
-1749.51
 34
0.0
  0
DIMENSION
  5
271
330
2
100
AcDbEntity
  8
HT-A-AXIS-F01-NEW
100
AcDbDimension
280
     0
  2
*D64
 10
68336.85
 20
-5049.51
 30
0.0
 11
61936.85
 21
-4774.51
 31
0.0
 70
    33
 71
     5
 42
12800.0
 73
     0
 74
     0
 75
     0
  3
_TCH_ARCH&&100
100
AcDbAlignedDimension
 13
55536.85
 23
-1749.51
 33
0.0
 14
68336.85
 24
-1749.51
 34
0.0
  0
DIMENSION
  5
27E
330
2
100
AcDbEntity
  8
HT-A-AXIS-F01-NEW
100
AcDbDimension
280
     0
  2
*D27
 10
39173.03
 20
750.49
 30
0.0
 11
38898.03
 21
0.49
 31
0.0
 70
     1
 71
     5
 42
1500.0
 73
     0
 74
     0
 75
     0
  3
_TCH_ARCH&&100
100
AcDbAlignedDimension
 13
36673.03
 23
-749.51
 33
0.0
 14
36673.03
 24
750.49
 34
0.0
  0
DIMENSION
  5
28B
330
2
100
AcDbEntity
  8
HT-A-AXIS-F01-NEW
100
AcDbDimension
280
     0
  2
*D28
 10
39173.03
 20
4950.49
 30
0.0
 11
38898.03
 21
2850.49
 31
0.0
 70
     1
 71
     5
 42
4200.0
 73
     0
 74
     0
 75
     0
  3
_TCH_ARCH&&100
100
AcDbAlignedDimension
 13
36673.03
 23
750.49
 33
0.0
 14
36673.03
 24
4950.49
 34
0.0
  0
DIMENSION
  5
298
330
2
100
AcDbEntity
  8
HT-A-AXIS-F01-NEW
100
AcDbDimension
280
     0
  2
*D29
 10
39173.03
 20
6750.49
 30
0.0
 11
38898.03
 21
5850.49
 31
0.0
 70
     1
 71
     5
 42
1800.0
 73
     0
 74
     0
 75
     0
  3
_TCH_ARCH&&100
100
AcDbAlignedDimension
 13
36673.03
 23
4950.49
 33
0.0
 14
36673.03
 24
6750.49
 34
0.0
  0
DIMENSION
  5
2A5
330
2
100
AcDbEntity
  8
HT-A-AXIS-F01-NEW
100
AcDbDimension
280
     0
  2
*D30
 10
39173.03
 20
9150.49
 30
0.0
 11
38898.03
 21
7950.49
 31
0.0
 70
     1
 71
     5
 42
2400.0
 73
     0
 74
     0
 75
     0
  3
_TCH_ARCH&&100
100
AcDbAlignedDimension
 13
36673.03
 23
6750.49
 33
0.0
 14
36673.03
 24
9150.49
 34
0.0
  0
DIMENSION
  5
2B2
330
2
100
AcDbEntity
  8
HT-A-AXIS-F01-NEW
100
AcDbDimension
280
     0
  2
*D31
 10
39973.03
 20
9150.49
 30
0.0
 11
39698.03
 21
4200.49
 31
0.0
 70
     1
 71
     5
 42
9900.0
 73
     0
 74
     0
 75
     0
  3
_TCH_ARCH&&100
100
AcDbAlignedDimension
 13
36673.03
 23
-749.51
 33
0.0
 14
36673.03
 24
9150.49
 34
0.0
  0
DIMENSION
  5
2BF
330
2
100
AcDbEntity
  8
HT-A-AXIS-F01-NEW
100
AcDbDimension
280
     0
  2
*D32
 10
19373.03
 20
750.49
 30
0.0
 11
19098.03
 21
0.49
 31
0.0
 70
     1
 71
     5
 42
1500.0
 73
     0
 74
     0
 75
     0
  3
_TCH_ARCH&&100
100
AcDbAlignedDimension
 13
21873.03
 23
-749.51
 33
0.0
 14
21873.03
 24
750.49
 34
0.0
  0
DIMENSION
  5
2CC
330
2
100
AcDbEntity
  8
HT-A-AXIS-F01-NEW
100
AcDbDimension
280
     0
  2
*D33
 10
19373.03
 20
4950.49
 30
0.0
 11
19098.03
 21
2850.49
 31
0.0
 70
     1
 71
     5
 42
4200.0
 73
     0
 74
     0
 75
     0
  3
_TCH_ARCH&&100
100
AcDbAlignedDimension
 13
21873.03
 23
750.49
 33
0.0
 14
21873.03
 24
4950.49
 34
0.0
  0
DIMENSION
  5
2D9
330
2
100
AcDbEntity
  8
HT-A-AXIS-F01-NEW
100
AcDbDimension
280
     0
  2
*D34
 10
19373.03
 20
6750.49
 30
0.0
 11
19098.03
 21
5850.49
 31
0.0
 70
     1
 71
     5
 42
1800.0
 73
     0
 74
     0
 75
     0
  3
_TCH_ARCH&&100
100
AcDbAlignedDimension
 13
21873.03
 23
4950.49
 33
0.0
 14
21873.03
 24
6750.49
 34
0.0
  0
DIMENSION
  5
2E6
330
2
100
AcDbEntity
  8
HT-A-AXIS-F01-NEW
100
AcDbDimension
280
     0
  2
*D35
 10
19373.03
 20
9150.49
 30
0.0
 11
19098.03
 21
7950.49
 31
0.0
 70
     1
 71
     5
 42
2400.0
 73
     0
 74
     0
 75
     0
  3
_TCH_ARCH&&100
100
AcDbAlignedDimension
 13
21873.03
 23
6750.49
 33
0.0
 14
21873.03
 24
9150.49
 34
0.0
  0
DIMENSION
  5
2F3
330
2
100
AcDbEntity
  8
HT-A-AXIS-F01-NEW
100
AcDbDimension
280
     0
  2
*D36
 10
18573.03
 20
9150.49
 30
0.0
 11
18298.03
 21
4200.49
 31
0.0
 70
     1
 71
     5
 42
9900.0
 73
     0
 74
     0
 75
     0
  3
_TCH_ARCH&&100
100
AcDbAlignedDimension
 13
21873.03
 23
-749.51
 33
0.0
 14
21873.03
 24
9150.49
 34
0.0
  0
DIMENSION
  5
300
330
2
100
AcDbEntity
  8
HT-A-AXIS-F01-NEW
100
AcDbDimension
280
     0
  2
*D37
 10
26873.03
 20
12650.49
 30
0.0
 11
24873.03
 21
12925.49
 31
0.0
 70
     1
 71
     5
 42
4000.0
 73
     0
 74
     0
 75
     0
  3
_TCH_ARCH&&100
100
AcDbAlignedDimension
 13
22873.03
 23
10150.49
 33
0.0
 14
26873.03
 24
10150.49
 34
0.0
  0
DIMENSION
  5
30D
330
2
100
AcDbEntity
  8
HT-A-AXIS-F01-NEW
100
AcDbDimension
280
     0
  2
*D38
 10
31673.03
 20
12650.49
 30
0.0
 11
29273.03
 21
12925.49
 31
0.0
 70
     1
 71
     5
 42
4800.0
 73
     0
 74
     0
 75
     0
  3
_TCH_ARCH&&100
100
AcDbAlignedDimension
 13
26873.03
 23
10150.49
 33
0.0
 14
31673.03
 24
10150.49
 34
0.0
  0
DIMENSION
  5
31A
330
2
100
AcDbEntity
  8
HT-A-AXIS-F01-NEW
100
AcDbDimension
280
     0
  2
*D39
 10
35673.03
 20
12650.49
 30
0.0
 11
33673.03
 21
12925.49
 31
0.0
 70
     1
 71
     5
 42
4000.0
 73
     0
 74
     0
 75
     0
  3
_TCH_ARCH&&100
100
AcDbAlignedDimension
 13
31673.03
 23
10150.49
 33
0.0
 14
35673.03
 24
10150.49
 34
0.0
  0
DIMENSION
  5
327
330
2
100
AcDbEntity
  8
HT-A-AXIS-F01-NEW
100
AcDbDimension
280
     0
  2
*D40
 10
35673.03
 20
13450.49
 30
0.0
 11
29273.03
 21
13725.49
 31
0.0
 70
     1
 71
     5
 42
12800.0
 73
     0
 74
     0
 75
     0
  3
_TCH_ARCH&&100
100
AcDbAlignedDimension
 13
22873.03
 23
10150.49
 33
0.0
 14
35673.03
 24
10150.49
 34
0.0
  0
DIMENSION
  5
334
330
2
100
AcDbEntity
  8
HT-A-AXIS-F01-NEW
100
AcDbDimension
280
     0
  2
*D41
 10
26873.03
 20
-4249.51
 30
0.0
 11
24873.03
 21
-3974.51
 31
0.0
 70
     1
 71
     5
 42
4000.0
 73
     0
 74
     0
 75
     0
  3
_TCH_ARCH&&100
100
AcDbAlignedDimension
 13
22873.03
 23
-1749.51
 33
0.0
 14
26873.03
 24
-1749.51
 34
0.0
  0
DIMENSION
  5
341
330
2
100
AcDbEntity
  8
HT-A-AXIS-F01-NEW
100
AcDbDimension
280
     0
  2
*D42
 10
31673.03
 20
-4249.51
 30
0.0
 11
29273.03
 21
-3974.51
 31
0.0
 70
     1
 71
     5
 42
4800.0
 73
     0
 74
     0
 75
     0
  3
_TCH_ARCH&&100
100
AcDbAlignedDimension
 13
26873.03
 23
-1749.51
 33
0.0
 14
31673.03
 24
-1749.51
 34
0.0
  0
DIMENSION
  5
34E
330
2
100
AcDbEntity
  8
HT-A-AXIS-F01-NEW
100
AcDbDimension
280
     0
  2
*D43
 10
35673.03
 20
-4249.51
 30
0.0
 11
33673.03
 21
-3974.51
 31
0.0
 70
     1
 71
     5
 42
4000.0
 73
     0
 74
     0
 75
     0
  3
_TCH_ARCH&&100
100
AcDbAlignedDimension
 13
31673.03
 23
-1749.51
 33
0.0
 14
35673.03
 24
-1749.51
 34
0.0
  0
DIMENSION
  5
35B
330
2
100
AcDbEntity
  8
HT-A-AXIS-F01-NEW
100
AcDbDimension
280
     0
  2
*D44
 10
35673.03
 20
-5049.51
 30
0.0
 11
29273.03
 21
-4774.51
 31
0.0
 70
     1
 71
     5
 42
12800.0
 73
     0
 74
     0
 75
     0
  3
_TCH_ARCH&&100
100
AcDbAlignedDimension
 13
22873.03
 23
-1749.51
 33
0.0
 14
35673.03
 24
-1749.51
 34
0.0
  0
LINE
  5
3DB
330
2
100
AcDbEntity
  8
HT-A-WALL-F01-NEW
100
AcDbLine
 10
22973.03
 20
650.49
 30
0.0
 11
23773.03
 21
650.49
 31
0.0
  0
LINE
  5
3DC
330
2
100
AcDbEntity
  8
HT-A-WALL-F01-NEW
100
AcDbLine
 10
23773.03
 20
650.49
 30
0.0
 11
23773.03
 21
850.49
 31
0.0
  0
LINE
  5
3DD
330
2
100
AcDbEntity
  8
HT-A-WALL-F01-NEW
100
AcDbLine
 10
23773.03
 20
850.49
 30
0.0
 11
22973.03
 21
850.49
 31
0.0
  0
LINE
  5
3DE
330
2
100
AcDbEntity
  8
HT-A-WALL-F01-NEW
100
AcDbLine
 10
26773.03
 20
850.49
 30
0.0
 11
25973.03
 21
850.49
 31
0.0
  0
LINE
  5
3DF
330
2
100
AcDbEntity
  8
HT-A-WALL-F01-NEW
100
AcDbLine
 10
25973.03
 20
850.49
 30
0.0
 11
25973.03
 21
650.49
 31
0.0
  0
LINE
  5
3E0
330
2
100
AcDbEntity
  8
HT-A-WALL-F01-NEW
100
AcDbLine
 10
25973.03
 20
650.49
 30
0.0
 11
26773.03
 21
650.49
 31
0.0
  0
LINE
  5
3E1
330
2
100
AcDbEntity
  8
HT-A-WALL-F01-NEW
100
AcDbLine
 10
31773.03
 20
650.49
 30
0.0
 11
31773.03
 21
-649.51
 31
0.0
  0
LINE
  5
3E2
330
2
100
AcDbEntity
  8
HT-A-WALL-F01-NEW
100
AcDbLine
 10
31573.03
 20
650.49
 30
0.0
 11
31573.03
 21
-849.51
 31
0.0
  0
LINE
  5
3E3
330
2
100
AcDbEntity
  8
HT-A-WALL-F01-NEW
100
AcDbLine
 10
31573.03
 20
-849.51
 30
0.0
 11
32573.03
 21
-849.51
 31
0.0
  0
LINE
  5
3E4
330
2
100
AcDbEntity
  8
HT-A-WALL-F01-NEW
100
AcDbLine
 10
32573.03
 20
-849.51
 30
0.0
 11
32573.03
 21
-649.51
 31
0.0
  0
LINE
  5
3E5
330
2
100
AcDbEntity
  8
HT-A-WALL-F01-NEW
100
AcDbLine
 10
32573.03
 20
-649.51
 30
0.0
 11
31773.03
 21
-649.51
 31
0.0
  0
LINE
  5
3E6
330
2
100
AcDbEntity
  8
HT-A-WALL-F01-NEW
100
AcDbLine
 10
35573.03
 20
-649.51
 30
0.0
 11
34773.03
 21
-649.51
 31
0.0
  0
LINE
  5
3E7
330
2
100
AcDbEntity
  8
HT-A-WALL-F01-NEW
100
AcDbLine
 10
34773.03
 20
-649.51
 30
0.0
 11
34773.03
 21
-849.51
 31
0.0
  0
LINE
  5
3E8
330
2
100
AcDbEntity
  8
HT-A-WALL-F01-NEW
100
AcDbLine
 10
34773.03
 20
-849.51
 30
0.0
 11
35773.03
 21
-849.51
 31
0.0
  0
LINE
  5
3E9
330
2
100
AcDbEntity
  8
HT-A-WALL-F01-NEW
100
AcDbLine
 10
35573.03
 20
-649.51
 30
0.0
 11
35573.03
 21
650.49
 31
0.0
  0
LINE
  5
3EA
330
2
100
AcDbEntity
  8
HT-A-WALL-F01-NEW
100
AcDbLine
 10
35773.03
 20
-849.51
 30
0.0
 11
35773.03
 21
650.49
 31
0.0
  0
LINE
  5
3EB
330
2
100
AcDbEntity
  8
HT-A-WALL-F01-NEW
100
AcDbLine
 10
35573.03
 20
4850.49
 30
0.0
 11
32923.03
 21
4850.49
 31
0.0
  0
LINE
  5
3EC
330
2
100
AcDbEntity
  8
HT-A-WALL-F01-NEW
100
AcDbLine
 10
35573.03
 20
5050.49
 30
0.0
 11
32973.03
 21
5050.49
 31
0.0
  0
LINE
  5
3ED
330
2
100
AcDbEntity
  8
HT-A-WALL-F01-NEW
100
AcDbLine
 10
31773.03
 20
4850.49
 30
0.0
 11
31773.03
 21
850.49
 31
0.0
  0
LINE
  5
3EE
330
2
100
AcDbEntity
  8
HT-A-WALL-F01-NEW
100
AcDbLine
 10
31573.03
 20
4850.49
 30
0.0
 11
31573.03
 21
850.49
 31
0.0
  0
LINE
  5
3EF
330
2
100
AcDbEntity
  8
HT-A-WALL-F01-NEW
100
AcDbLine
 10
35573.03
 20
6650.49
 30
0.0
 11
35573.03
 21
6300.49
 31
0.0
  0
LINE
  5
3F0
330
2
100
AcDbEntity
  8
HT-A-WALL-F01-NEW
100
AcDbLine
 10
35573.03
 20
6300.49
 30
0.0
 11
35773.03
 21
6300.49
 31
0.0
  0
LINE
  5
3F1
330
2
100
AcDbEntity
  8
HT-A-WALL-F01-NEW
100
AcDbLine
 10
35773.03
 20
6300.49
 30
0.0
 11
35773.03
 21
6750.49
 31
0.0
  0
LINE
  5
3F2
330
2
100
AcDbEntity
  8
HT-A-WALL-F01-NEW
100
AcDbLine
 10
35773.03
 20
5050.49
 30
0.0
 11
35773.03
 21
5400.49
 31
0.0
  0
LINE
  5
3F3
330
2
100
AcDbEntity
  8
HT-A-WALL-F01-NEW
100
AcDbLine
 10
35773.03
 20
5400.49
 30
0.0
 11
35573.03
 21
5400.49
 31
0.0
  0
LINE
  5
3F4
330
2
100
AcDbEntity
  8
HT-A-WALL-F01-NEW
100
AcDbLine
 10
35573.03
 20
5400.49
 30
0.0
 11
35573.03
 21
5050.49
 31
0.0
  0
LINE
  5
3F5
330
2
100
AcDbEntity
  8
HT-A-WALL-F01-NEW
100
AcDbLine
 10
35573.03
 20
6650.49
 30
0.0
 11
32973.03
 21
6650.49
 31
0.0
  0
LINE
  5
3F6
330
2
100
AcDbEntity
  8
HT-A-WALL-F01-NEW
100
AcDbLine
 10
35573.03
 20
6850.49
 30
0.0
 11
32923.03
 21
6850.49
 31
0.0
  0
LINE
  5
3F7
330
2
100
AcDbEntity
  8
HT-A-WALL-F01-NEW
100
AcDbLine
 10
31573.03
 20
9050.49
 30
0.0
 11
31573.03
 21
7950.49
 31
0.0
  0
LINE
  5
3F8
330
2
100
AcDbEntity
  8
HT-A-WALL-F01-NEW
100
AcDbLine
 10
31573.03
 20
7950.49
 30
0.0
 11
31773.03
 21
7950.49
 31
0.0
  0
LINE
  5
3F9
330
2
100
AcDbEntity
  8
HT-A-WALL-F01-NEW
100
AcDbLine
 10
31773.03
 20
7950.49
 30
0.0
 11
31773.03
 21
9050.49
 31
0.0
  0
LINE
  5
3FA
330
2
100
AcDbEntity
  8
HT-A-WALL-F01-NEW
100
AcDbLine
 10
31773.03
 20
6850.49
 30
0.0
 11
31773.03
 21
6950.49
 31
0.0
  0
LINE
  5
3FB
330
2
100
AcDbEntity
  8
HT-A-WALL-F01-NEW
100
AcDbLine
 10
31773.03
 20
6950.49
 30
0.0
 11
31573.03
 21
6950.49
 31
0.0
  0
LINE
  5
3FC
330
2
100
AcDbEntity
  8
HT-A-WALL-F01-NEW
100
AcDbLine
 10
31573.03
 20
6950.49
 30
0.0
 11
31573.03
 21
6750.49
 31
0.0
  0
LINE
  5
3FD
330
2
100
AcDbEntity
  8
HT-A-WALL-F01-NEW
100
AcDbLine
 10
35573.03
 20
6850.49
 30
0.0
 11
35573.03
 21
9050.49
 31
0.0
  0
LINE
  5
3FE
330
2
100
AcDbEntity
  8
HT-A-WALL-F01-NEW
100
AcDbLine
 10
35773.03
 20
6750.49
 30
0.0
 11
35773.03
 21
9050.49
 31
0.0
  0
LINE
  5
3FF
330
2
100
AcDbEntity
  8
HT-A-WALL-F01-NEW
100
AcDbLine
 10
35573.03
 20
9250.49
 30
0.0
 11
34773.03
 21
9250.49
 31
0.0
  0
LINE
  5
400
330
2
100
AcDbEntity
  8
HT-A-WALL-F01-NEW
100
AcDbLine
 10
34773.03
 20
9250.49
 30
0.0
 11
34773.03
 21
9050.49
 31
0.0
  0
LINE
  5
401
330
2
100
AcDbEntity
  8
HT-A-WALL-F01-NEW
100
AcDbLine
 10
34773.03
 20
9050.49
 30
0.0
 11
35573.03
 21
9050.49
 31
0.0
  0
LINE
  5
402
330
2
100
AcDbEntity
  8
HT-A-WALL-F01-NEW
100
AcDbLine
 10
31773.03
 20
9050.49
 30
0.0
 11
32573.03
 21
9050.49
 31
0.0
  0
LINE
  5
403
330
2
100
AcDbEntity
  8
HT-A-WALL-F01-NEW
100
AcDbLine
 10
32573.03
 20
9050.49
 30
0.0
 11
32573.03
 21
9250.49
 31
0.0
  0
LINE
  5
404
330
2
100
AcDbEntity
  8
HT-A-WALL-F01-NEW
100
AcDbLine
 10
32573.03
 20
9250.49
 30
0.0
 11
31773.03
 21
9250.49
 31
0.0
  0
LINE
  5
405
330
2
100
AcDbEntity
  8
HT-A-WALL-F01-NEW
100
AcDbLine
 10
22773.03
 20
9050.49
 30
0.0
 11
22773.03
 21
8400.49
 31
0.0
  0
LINE
  5
406
330
2
100
AcDbEntity
  8
HT-A-WALL-F01-NEW
100
AcDbLine
 10
22773.03
 20
8400.49
 30
0.0
 11
22973.03
 21
8400.49
 31
0.0
  0
LINE
  5
407
330
2
100
AcDbEntity
  8
HT-A-WALL-F01-NEW
100
AcDbLine
 10
22973.03
 20
8400.49
 30
0.0
 11
22973.03
 21
9050.49
 31
0.0
  0
LINE
  5
408
330
2
100
AcDbEntity
  8
HT-A-WALL-F01-NEW
100
AcDbLine
 10
22973.03
 20
6850.49
 30
0.0
 11
22973.03
 21
7500.49
 31
0.0
  0
LINE
  5
409
330
2
100
AcDbEntity
  8
HT-A-WALL-F01-NEW
100
AcDbLine
 10
22973.03
 20
7500.49
 30
0.0
 11
22773.03
 21
7500.49
 31
0.0
  0
LINE
  5
40A
330
2
100
AcDbEntity
  8
HT-A-WALL-F01-NEW
100
AcDbLine
 10
22773.03
 20
7500.49
 30
0.0
 11
22773.03
 21
6750.49
 31
0.0
  0
LINE
  5
40B
330
2
100
AcDbEntity
  8
HT-A-WALL-F01-NEW
100
AcDbLine
 10
22973.03
 20
4850.49
 30
0.0
 11
22973.03
 21
850.49
 31
0.0
  0
LINE
  5
40C
330
2
100
AcDbEntity
  8
HT-A-WALL-F01-NEW
100
AcDbLine
 10
22773.03
 20
4850.49
 30
0.0
 11
22773.03
 21
850.49
 31
0.0
  0
LINE
  5
40D
330
2
100
AcDbEntity
  8
HT-A-WALL-F01-NEW
100
AcDbLine
 10
22973.03
 20
5000.49
 30
0.0
 11
25523.03
 21
5000.49
 31
0.0
  0
LINE
  5
40E
330
2
100
AcDbEntity
  8
HT-A-WALL-F01-NEW
100
AcDbLine
 10
22973.03
 20
4900.49
 30
0.0
 11
25623.03
 21
4900.49
 31
0.0
  0
LINE
  5
40F
330
2
100
AcDbEntity
  8
HT-A-WALL-F01-NEW
100
AcDbLine
 10
26973.03
 20
650.49
 30
0.0
 11
28373.03
 21
650.49
 31
0.0
  0
LINE
  5
410
330
2
100
AcDbEntity
  8
HT-A-WALL-F01-NEW
100
AcDbLine
 10
28373.03
 20
650.49
 30
0.0
 11
28373.03
 21
850.49
 31
0.0
  0
LINE
  5
411
330
2
100
AcDbEntity
  8
HT-A-WALL-F01-NEW
100
AcDbLine
 10
28373.03
 20
850.49
 30
0.0
 11
26973.03
 21
850.49
 31
0.0
  0
LINE
  5
412
330
2
100
AcDbEntity
  8
HT-A-WALL-F01-NEW
100
AcDbLine
 10
31573.03
 20
850.49
 30
0.0
 11
30173.03
 21
850.49
 31
0.0
  0
LINE
  5
413
330
2
100
AcDbEntity
  8
HT-A-WALL-F01-NEW
100
AcDbLine
 10
30173.03
 20
850.49
 30
0.0
 11
30173.03
 21
650.49
 31
0.0
  0
LINE
  5
414
330
2
100
AcDbEntity
  8
HT-A-WALL-F01-NEW
100
AcDbLine
 10
30173.03
 20
650.49
 30
0.0
 11
31573.03
 21
650.49
 31
0.0
  0
LINE
  5
415
330
2
100
AcDbEntity
  8
HT-A-WALL-F01-NEW
100
AcDbLine
 10
22773.03
 20
6750.49
 30
0.0
 11
22773.03
 21
6300.49
 31
0.0
  0
LINE
  5
416
330
2
100
AcDbEntity
  8
HT-A-WALL-F01-NEW
100
AcDbLine
 10
22773.03
 20
6300.49
 30
0.0
 11
22973.03
 21
6300.49
 31
0.0
  0
LINE
  5
417
330
2
100
AcDbEntity
  8
HT-A-WALL-F01-NEW
100
AcDbLine
 10
22973.03
 20
6300.49
 30
0.0
 11
22973.03
 21
6650.49
 31
0.0
  0
LINE
  5
418
330
2
100
AcDbEntity
  8
HT-A-WALL-F01-NEW
100
AcDbLine
 10
22973.03
 20
5050.49
 30
0.0
 11
22973.03
 21
5400.49
 31
0.0
  0
LINE
  5
419
330
2
100
AcDbEntity
  8
HT-A-WALL-F01-NEW
100
AcDbLine
 10
22973.03
 20
5400.49
 30
0.0
 11
22773.03
 21
5400.49
 31
0.0
  0
LINE
  5
41A
330
2
100
AcDbEntity
  8
HT-A-WALL-F01-NEW
100
AcDbLine
 10
22773.03
 20
5400.49
 30
0.0
 11
22773.03
 21
5050.49
 31
0.0
  0
LINE
  5
41B
330
2
100
AcDbEntity
  8
HT-A-WALL-F01-NEW
100
AcDbLine
 10
26773.03
 20
6650.49
 30
0.0
 11
26773.03
 21
6550.49
 31
0.0
  0
LINE
  5
41C
330
2
100
AcDbEntity
  8
HT-A-WALL-F01-NEW
100
AcDbLine
 10
26773.03
 20
6550.49
 30
0.0
 11
26973.03
 21
6550.49
 31
0.0
  0
LINE
  5
41D
330
2
100
AcDbEntity
  8
HT-A-WALL-F01-NEW
100
AcDbLine
 10
26973.03
 20
6550.49
 30
0.0
 11
26973.03
 21
6850.49
 31
0.0
  0
LINE
  5
41E
330
2
100
AcDbEntity
  8
HT-A-WALL-F01-NEW
100
AcDbLine
 10
26973.03
 20
5050.49
 30
0.0
 11
26973.03
 21
5550.49
 31
0.0
  0
LINE
  5
41F
330
2
100
AcDbEntity
  8
HT-A-WALL-F01-NEW
100
AcDbLine
 10
26973.03
 20
5550.49
 30
0.0
 11
26773.03
 21
5550.49
 31
0.0
  0
LINE
  5
420
330
2
100
AcDbEntity
  8
HT-A-WALL-F01-NEW
100
AcDbLine
 10
26773.03
 20
5550.49
 30
0.0
 11
26773.03
 21
5050.49
 31
0.0
  0
LINE
  5
421
330
2
100
AcDbEntity
  8
HT-A-WALL-F01-NEW
100
AcDbLine
 10
25523.03
 20
6650.49
 30
0.0
 11
25523.03
 21
5900.49
 31
0.0
  0
LINE
  5
422
330
2
100
AcDbEntity
  8
HT-A-WALL-F01-NEW
100
AcDbLine
 10
25523.03
 20
5900.49
 30
0.0
 11
25623.03
 21
5900.49
 31
0.0
  0
LINE
  5
423
330
2
100
AcDbEntity
  8
HT-A-WALL-F01-NEW
100
AcDbLine
 10
25623.03
 20
5900.49
 30
0.0
 11
25623.03
 21
6650.49
 31
0.0
  0
LINE
  5
424
330
2
100
AcDbEntity
  8
HT-A-WALL-F01-NEW
100
AcDbLine
 10
25623.03
 20
4900.49
 30
0.0
 11
25623.03
 21
5100.49
 31
0.0
  0
LINE
  5
425
330
2
100
AcDbEntity
  8
HT-A-WALL-F01-NEW
100
AcDbLine
 10
25623.03
 20
5100.49
 30
0.0
 11
25523.03
 21
5100.49
 31
0.0
  0
LINE
  5
426
330
2
100
AcDbEntity
  8
HT-A-WALL-F01-NEW
100
AcDbLine
 10
25523.03
 20
5100.49
 30
0.0
 11
25523.03
 21
5000.49
 31
0.0
  0
LINE
  5
427
330
2
100
AcDbEntity
  8
HT-A-WALL-F01-NEW
100
AcDbLine
 10
31573.03
 20
9250.49
 30
0.0
 11
30373.03
 21
9250.49
 31
0.0
  0
LINE
  5
428
330
2
100
AcDbEntity
  8
HT-A-WALL-F01-NEW
100
AcDbLine
 10
30373.03
 20
9250.49
 30
0.0
 11
30373.03
 21
9050.49
 31
0.0
  0
LINE
  5
429
330
2
100
AcDbEntity
  8
HT-A-WALL-F01-NEW
100
AcDbLine
 10
30373.03
 20
9050.49
 30
0.0
 11
31573.03
 21
9050.49
 31
0.0
  0
LINE
  5
42A
330
2
100
AcDbEntity
  8
HT-A-WALL-F01-NEW
100
AcDbLine
 10
26973.03
 20
9050.49
 30
0.0
 11
28173.03
 21
9050.49
 31
0.0
  0
LINE
  5
42B
330
2
100
AcDbEntity
  8
HT-A-WALL-F01-NEW
100
AcDbLine
 10
28173.03
 20
9050.49
 30
0.0
 11
28173.03
 21
9250.49
 31
0.0
  0
LINE
  5
42C
330
2
100
AcDbEntity
  8
HT-A-WALL-F01-NEW
100
AcDbLine
 10
28173.03
 20
9250.49
 30
0.0
 11
26973.03
 21
9250.49
 31
0.0
  0
TEXT
  5
42D
330
2
100
AcDbEntity
  8
HT-A-ROOM-F01-NEW
100
AcDbText
 10
23730.36
 20
5826.5
 30
0.0
 40
482.27
  1
卫生间
  7
_TCH_SPACE
100
AcDbText
  0
TEXT
  5
42E
330
2
100
AcDbEntity
  8
HT-A-ROOM-F01-NEW
100
AcDbText
 10
23694.09
 20
5314.62
 30
0.0
 40
297.5
  1
4.12m
 41
0.71
  7
_TCH_SPACE
100
AcDbText
  0
TEXT
  5
42F
330
2
100
AcDbEntity
  8
HT-A-ROOM-F01-NEW
100
AcDbText
 10
24654.09
 20
5489.62
 30
0.0
 40
148.75
  1
2
 41
0.71
  7
_TCH_SPACE
100
AcDbText
  0
TEXT
  5
430
330
2
100
AcDbEntity
  8
HT-A-ROOM-F01-NEW
100
AcDbText
 10
24141.64
 20
3316.06
 30
0.0
 40
482.27
  1
老人房
  7
_TCH_SPACE
100
AcDbText
  0
TEXT
  5
431
330
2
100
AcDbEntity
  8
HT-A-ROOM-F01-NEW
100
AcDbText
 10
24026.64
 20
2804.19
 30
0.0
 40
297.5
  1
17.58m
 41
0.71
  7
_TCH_SPACE
100
AcDbText
  0
TEXT
  5
432
330
2
100
AcDbEntity
  8
HT-A-ROOM-F01-NEW
100
AcDbText
 10
25186.64
 20
2979.19
 30
0.0
 40
148.75
  1
2
 41
0.71
  7
_TCH_SPACE
100
AcDbText
  0
TEXT
  5
433
330
2
100
AcDbEntity
  8
HT-A-ROOM-F01-NEW
100
AcDbText
 10
33308.58
 20
2474.13
 30
0.0
 40
482.27
  1
卧室
  7
_TCH_SPACE
100
AcDbText
  0
TEXT
  5
434
330
2
100
AcDbEntity
  8
HT-A-ROOM-F01-NEW
100
AcDbText
 10
32984.75
 20
1962.26
 30
0.0
 40
297.5
  1
20.90m
 41
0.71
  7
_TCH_SPACE
100
AcDbText
  0
TEXT
  5
435
330
2
100
AcDbEntity
  8
HT-A-ROOM-F01-NEW
100
AcDbText
 10
34184.75
 20
2137.26
 30
0.0
 40
148.75
  1
2
 41
0.71
  7
_TCH_SPACE
100
AcDbText
  0
TEXT
  5
436
330
2
100
AcDbEntity
  8
HT-A-ROOM-F01-NEW
100
AcDbText
 10
33686.69
 20
5838.78
 30
0.0
 40
482.27
  1
卫生间
  7
_TCH_SPACE
100
AcDbText
  0
TEXT
  5
437
330
2
100
AcDbEntity
  8
HT-A-ROOM-F01-NEW
100
AcDbText
 10
33650.41
 20
5326.9
 30
0.0
 40
297.5
  1
4.16m
 41
0.71
  7
_TCH_SPACE
100
AcDbText
  0
TEXT
  5
438
330
2
100
AcDbEntity
  8
HT-A-ROOM-F01-NEW
100
AcDbText
 10
34610.41
 20
5501.9
 30
0.0
 40
148.75
  1
2
 41
0.71
  7
_TCH_SPACE
100
AcDbText
  0
TEXT
  5
439
330
2
100
AcDbEntity
  8
HT-A-ROOM-F01-NEW
100
AcDbText
 10
33211.75
 20
8028.14
 30
0.0
 40
482.27
  1
厨房
  7
_TCH_SPACE
100
AcDbText
  0
TEXT
  5
43A
330
2
100
AcDbEntity
  8
HT-A-ROOM-F01-NEW
100
AcDbText
 10
33003.87
 20
7516.27
 30
0.0
 40
297.5
  1
8.36m
 41
0.71
  7
_TCH_SPACE
100
AcDbText
  0
TEXT
  5
43B
330
2
100
AcDbEntity
  8
HT-A-ROOM-F01-NEW
100
AcDbText
 10
34003.87
 20
7691.27
 30
0.0
 40
148.75
  1
2
 41
0.71
  7
_TCH_SPACE
100
AcDbText
  0
INSERT
  5
43C
330
2
100
AcDbEntity
  8
HT-A-WIND-F01-NEW
100
AcDbBlockReference
 66
     1
  2
$DorLib2D$00000001
 10
26873.03
 20
6050.49
 30
0.0
 41
-1000.0
 42
-1000.0
 43
-1000.0
 50
270.0
1001
WTHICK
1040
200.0
  0
ATTRIB
  5
43D
330
43C
100
AcDbEntity
  8
HT-A-WIND-TEXT-F01-NEW
100
AcDbText
 10
27496.78
 20
5855.49
 30
0.0
 40
297.5
  1

 50
90.0
 41
0.71
  7
_TCH_WINDOW
100
AcDbAttribute
280
     0
  2
A
 70
     0
280
     0
  0
SEQEND
  5
43E
330
43C
100
AcDbEntity
  8
HT-A-WIND-F01-NEW
  0
LINE
  5
43F
330
2
100
AcDbEntity
  8
HT-A-WALL-F01-NEW
100
AcDbLine
 10
32873.03
 20
6650.49
 30
0.0
 11
32873.03
 21
5950.49
 31
0.0
  0
LINE
  5
440
330
2
100
AcDbEntity
  8
HT-A-WALL-F01-NEW
100
AcDbLine
 10
32873.03
 20
5950.49
 30
0.0
 11
32973.03
 21
5950.49
 31
0.0
  0
LINE
  5
441
330
2
100
AcDbEntity
  8
HT-A-WALL-F01-NEW
100
AcDbLine
 10
32973.03
 20
5950.49
 30
0.0
 11
32973.03
 21
6650.49
 31
0.0
  0
LINE
  5
442
330
2
100
AcDbEntity
  8
HT-A-WALL-F01-NEW
100
AcDbLine
 10
32973.03
 20
5050.49
 30
0.0
 11
32973.03
 21
5150.49
 31
0.0
  0
LINE
  5
443
330
2
100
AcDbEntity
  8
HT-A-WALL-F01-NEW
100
AcDbLine
 10
32973.03
 20
5150.49
 30
0.0
 11
32873.03
 21
5150.49
 31
0.0
  0
LINE
  5
444
330
2
100
AcDbEntity
  8
HT-A-WALL-F01-NEW
100
AcDbLine
 10
32873.03
 20
5150.49
 30
0.0
 11
32873.03
 21
5050.49
 31
0.0
  0
LINE
  5
445
330
2
100
AcDbEntity
  8
HT-A-WALL-F01-NEW
100
AcDbLine
 10
31773.03
 20
6650.49
 30
0.0
 11
31773.03
 21
6250.49
 31
0.0
  0
LINE
  5
446
330
2
100
AcDbEntity
  8
HT-A-WALL-F01-NEW
100
AcDbLine
 10
31573.03
 20
6750.49
 30
0.0
 11
31573.03
 21
6250.49
 31
0.0
  0
LINE
  5
447
330
2
100
AcDbEntity
  8
HT-A-WALL-F01-NEW
100
AcDbLine
 10
31773.03
 20
6250.49
 30
0.0
 11
31573.03
 21
6250.49
 31
0.0
  0
TEXT
  5
448
330
2
100
AcDbEntity
  8
HT-A-TEXT-F01-NEW
 62
     7
100
AcDbText
 10
27113.03
 20
7225.49
 30
0.0
 40
337.59
  1
上
  7
_TCH_DIM
100
AcDbText
  0
LWPOLYLINE
  5
449
330
2
100
AcDbEntity
  8
HT-A-DIMS-SYMB-F01-NEW
100
AcDbPolyline
 90
        3
 70
     0
 10
27008.03
 20
7400.49
 40
0.0
 41
0.0
 10
25793.03
 20
7400.49
 40
0.0
 41
80.0
 10
26093.03
 20
7400.49
 40
0.0
 41
0.0
  0
LINE
  5
44A
330
2
100
AcDbEntity
  8
STAIR
100
AcDbLine
 10
26603.03
 20
6850.49
 30
0.0
 11
26603.03
 21
7890.49
 31
0.0
  0
LINE
  5
44B
330
2
100
AcDbEntity
  8
STAIR
100
AcDbLine
 10
26333.03
 20
6850.49
 30
0.0
 11
26333.03
 21
7890.49
 31
0.0
  0
LINE
  5
44C
330
2
100
AcDbEntity
  8
STAIR
100
AcDbLine
 10
26063.03
 20
6850.49
 30
0.0
 11
26063.03
 21
7890.49
 31
0.0
  0
LINE
  5
44D
330
2
100
AcDbEntity
  8
STAIR
100
AcDbLine
 10
25793.03
 20
7166.66
 30
0.0
 11
25793.03
 21
7890.49
 31
0.0
  0
LINE
  5
44E
330
2
100
AcDbEntity
  8
STAIR
100
AcDbLine
 10
25523.03
 20
7634.32
 30
0.0
 11
25523.03
 21
7890.49
 31
0.0
  0
LINE
  5
44F
330
2
100
AcDbEntity
  8
STAIR
100
AcDbLine
 10
26873.03
 20
6850.49
 30
0.0
 11
25975.57
 21
6850.49
 31
0.0
  0
LINE
  5
450
330
2
100
AcDbEntity
  8
STAIR
100
AcDbLine
 10
26873.03
 20
6850.49
 30
0.0
 11
26873.03
 21
7890.49
 31
0.0
  0
LINE
  5
451
330
2
100
AcDbEntity
  8
STAIR
100
AcDbLine
 10
26873.03
 20
7950.49
 30
0.0
 11
25340.49
 21
7950.49
 31
0.0
  0
LINE
  5
452
330
2
100
AcDbEntity
  8
STAIR
100
AcDbLine
 10
25340.49
 20
7950.49
 30
0.0
 11
25623.09
 21
7461.01
 31
0.0
  0
LINE
  5
453
330
2
100
AcDbEntity
  8
STAIR
100
AcDbLine
 10
25623.09
 20
7461.01
 30
0.0
 11
25753.49
 21
7495.95
 31
0.0
  0
LINE
  5
454
330
2
100
AcDbEntity
  8
STAIR
100
AcDbLine
 10
25753.49
 20
7495.95
 30
0.0
 11
25580.6
 21
7289.9
 31
0.0
  0
LINE
  5
455
330
2
100
AcDbEntity
  8
STAIR
100
AcDbLine
 10
25580.6
 20
7289.9
 30
0.0
 11
25702.95
 21
7322.69
 31
0.0
  0
LINE
  5
456
330
2
100
AcDbEntity
  8
STAIR
100
AcDbLine
 10
25702.95
 20
7322.69
 30
0.0
 11
25975.57
 21
6850.49
 31
0.0
  0
LINE
  5
457
330
2
100
AcDbEntity
  8
STAIR
100
AcDbLine
 10
26903.03
 20
7890.49
 30
0.0
 11
25375.13
 21
7890.49
 31
0.0
  0
LINE
  5
458
330
2
100
AcDbEntity
  8
STAIR
100
AcDbLine
 10
26903.03
 20
7950.49
 30
0.0
 11
25340.49
 21
7950.49
 31
0.0
  0
LINE
  5
459
330
2
100
AcDbEntity
  8
STAIR
100
AcDbLine
 10
26903.03
 20
7890.49
 30
0.0
 11
26903.03
 21
7950.49
 31
0.0
  0
INSERT
  5
45A
330
2
100
AcDbEntity
  8
HT-A-WIND-F01-NEW
100
AcDbBlockReference
 66
     1
  2
$DorLib2D$00000001
 10
31673.03
 20
7450.49
 30
0.0
 41
1000.0
 42
1000.0
 43
1000.0
 50
270.0
1001
WTHICK
1040
200.0
  0
ATTRIB
  5
45B
330
45A
100
AcDbEntity
  8
HT-A-WIND-TEXT-F01-NEW
100
AcDbText
 10
31346.78
 20
7255.49
 30
0.0
 40
297.5
  1

 50
90.0
 41
0.71
  7
_TCH_WINDOW
100
AcDbAttribute
280
     0
  2
A
 70
     0
280
     0
  0
SEQEND
  5
45C
330
45A
100
AcDbEntity
  8
HT-A-WIND-F01-NEW
  0
LINE
  5
45D
330
2
100
AcDbEntity
  8
HT-A-WALL-F01-NEW
100
AcDbLine
 10
22973.03
 20
6850.49
 30
0.0
 11
25573.03
 21
6850.49
 31
0.0
  0
LINE
  5
45E
330
2
100
AcDbEntity
  8
HT-A-WALL-F01-NEW
100
AcDbLine
 10
22973.03
 20
6650.49
 30
0.0
 11
25523.03
 21
6650.49
 31
0.0
  0
INSERT
  5
45F
330
2
100
AcDbEntity
  8
HT-A-WIND-F01-NEW
100
AcDbBlockReference
 66
     1
  2
$DorLib2D$00000001
 10
32323.03
 20
4950.49
 30
0.0
 41
1000.0
 42
1000.0
 43
1000.0
 50
180.0
1001
WTHICK
1040
200.0
  0
ATTRIB
  5
460
330
45F
100
AcDbEntity
  8
HT-A-WIND-TEXT-F01-NEW
100
AcDbText
 10
32128.03
 20
5176.74
 30
0.0
 40
297.5
  1

 41
0.71
  7
_TCH_WINDOW
100
AcDbAttribute
280
     0
  2
A
 70
     0
280
     0
  0
SEQEND
  5
461
330
45F
100
AcDbEntity
  8
HT-A-WIND-F01-NEW
  0
LINE
  5
462
330
2
100
AcDbEntity
  8
HT-A-WALL-F01-NEW
100
AcDbLine
 10
32873.03
 20
6650.49
 30
0.0
 11
31773.03
 21
6650.49
 31
0.0
  0
LINE
  5
463
330
2
100
AcDbEntity
  8
HT-A-WALL-F01-NEW
100
AcDbLine
 10
32923.03
 20
6850.49
 30
0.0
 11
31773.03
 21
6850.49
 31
0.0
  0
LINE
  5
464
330
2
100
AcDbEntity
  8
HT-A-WALL-F01-NEW
100
AcDbLine
 10
32873.03
 20
5050.49
 30
0.0
 11
32823.03
 21
5050.49
 31
0.0
  0
LINE
  5
465
330
2
100
AcDbEntity
  8
HT-A-WALL-F01-NEW
100
AcDbLine
 10
32823.03
 20
5050.49
 30
0.0
 11
32823.03
 21
4850.49
 31
0.0
  0
LINE
  5
466
330
2
100
AcDbEntity
  8
HT-A-WALL-F01-NEW
100
AcDbLine
 10
32823.03
 20
4850.49
 30
0.0
 11
32923.03
 21
4850.49
 31
0.0
  0
LINE
  5
467
330
2
100
AcDbEntity
  8
HT-A-WALL-F01-NEW
100
AcDbLine
 10
31773.03
 20
4850.49
 30
0.0
 11
31823.03
 21
4850.49
 31
0.0
  0
LINE
  5
468
330
2
100
AcDbEntity
  8
HT-A-WALL-F01-NEW
100
AcDbLine
 10
31823.03
 20
4850.49
 30
0.0
 11
31823.03
 21
5050.49
 31
0.0
  0
LINE
  5
469
330
2
100
AcDbEntity
  8
HT-A-WALL-F01-NEW
100
AcDbLine
 10
31823.03
 20
5050.49
 30
0.0
 11
31773.03
 21
5050.49
 31
0.0
  0
LINE
  5
46A
330
2
100
AcDbEntity
  8
HT-A-WALL-F01-NEW
100
AcDbLine
 10
25573.03
 20
6850.49
 30
0.0
 11
26973.03
 21
6850.49
 31
0.0
  0
LINE
  5
46B
330
2
100
AcDbEntity
  8
HT-A-WALL-F01-NEW
100
AcDbLine
 10
25623.03
 20
6650.49
 30
0.0
 11
26773.03
 21
6650.49
 31
0.0
  0
INSERT
  5
46C
330
2
100
AcDbEntity
  8
HT-A-WIND-F01-NEW
100
AcDbBlockReference
 66
     1
  2
$DorLib2D$00000001
 10
25573.03
 20
5500.49
 30
0.0
 41
800.0
 42
-800.0
 43
800.0
 50
270.0
1001
WTHICK
1040
100.0
  0
ATTRIB
  5
46D
330
46C
100
AcDbEntity
  8
HT-A-WIND-TEXT-F01-NEW
100
AcDbText
 10
26046.78
 20
5305.49
 30
0.0
 40
297.5
  1

 50
90.0
 41
0.71
  7
_TCH_WINDOW
100
AcDbAttribute
280
     0
  2
A
 70
     0
280
     0
  0
SEQEND
  5
46E
330
46C
100
AcDbEntity
  8
HT-A-WIND-F01-NEW
  0
INSERT
  5
46F
330
2
100
AcDbEntity
  8
HT-A-WIND-F01-NEW
100
AcDbBlockReference
 66
     1
  2
$DorLib2D$00000001
 10
32923.03
 20
5550.49
 30
0.0
 41
800.0
 42
800.0
 43
800.0
 50
270.0
1001
WTHICK
1040
100.0
  0
ATTRIB
  5
470
330
46F
100
AcDbEntity
  8
HT-A-WIND-TEXT-F01-NEW
100
AcDbText
 10
32796.78
 20
5355.49
 30
0.0
 40
297.5
  1

 50
90.0
 41
0.71
  7
_TCH_WINDOW
100
AcDbAttribute
280
     0
  2
A
 70
     0
280
     0
  0
SEQEND
  5
471
330
46F
100
AcDbEntity
  8
HT-A-WIND-F01-NEW
  0
TEXT
  5
472
330
2
100
AcDbEntity
  8
HT-A-ROOM-F01-NEW
100
AcDbText
 10
28575.33
 20
3974.13
 30
0.0
 40
482.27
  1
餐客厅
  7
_TCH_SPACE
100
AcDbText
  0
TEXT
  5
473
330
2
100
AcDbEntity
  8
HT-A-ROOM-F01-NEW
100
AcDbText
 10
28468.31
 20
3462.26
 30
0.0
 40
297.5
  1
38.18m
 41
0.71
  7
_TCH_SPACE
100
AcDbText
  0
TEXT
  5
474
330
2
100
AcDbEntity
  8
HT-A-ROOM-F01-NEW
100
AcDbText
 10
29628.31
 20
3637.26
 30
0.0
 40
148.75
  1
2
 41
0.71
  7
_TCH_SPACE
100
AcDbText
  0
LINE
  5
475
330
2
100
AcDbEntity
  8
HT-A-AXIS-F01-NEW
100
AcDbLine
 10
22873.03
 20
-1749.51
 30
0.0
 11
22873.03
 21
-5749.51
 31
0.0
  0
INSERT
  5
476
330
2
100
AcDbEntity
  8
HT-A-AXIS-F01-NEW
100
AcDbBlockReference
 66
     1
  2
_AXISO
 10
22873.03
 20
-6149.51
 30
0.0
 41
800.0
 42
800.0
 43
800.0
  0
ATTRIB
  5
477
330
476
100
AcDbEntity
  8
HT-A-AXIS-TEXT-F01-NEW
100
AcDbText
 10
22808.17
 20
-6421.9
 30
0.0
 40
544.77
  1
1
 41
0.56
  7
_TCH_AXIS
 72
     5
 11
22937.88
 21
-6421.9
 31
0.0
100
AcDbAttribute
280
     0
  2
A
 70
     0
280
     0
  0
SEQEND
  5
478
330
476
100
AcDbEntity
  8
HT-A-AXIS-F01-NEW
  0
LINE
  5
479
330
2
100
AcDbEntity
  8
HT-A-AXIS-F01-NEW
100
AcDbLine
 10
22873.03
 20
10150.49
 30
0.0
 11
22873.03
 21
14150.49
 31
0.0
  0
INSERT
  5
47A
330
2
100
AcDbEntity
  8
HT-A-AXIS-F01-NEW
100
AcDbBlockReference
 66
     1
  2
_AXISO
 10
22873.03
 20
14550.49
 30
0.0
 41
800.0
 42
800.0
 43
800.0
  0
ATTRIB
  5
47B
330
47A
100
AcDbEntity
  8
HT-A-AXIS-TEXT-F01-NEW
100
AcDbText
 10
22808.17
 20
14278.1
 30
0.0
 40
544.77
  1
1
 41
0.56
  7
_TCH_AXIS
 72
     5
 11
22937.88
 21
14278.1
 31
0.0
100
AcDbAttribute
280
     0
  2
A
 70
     0
280
     0
  0
SEQEND
  5
47C
330
47A
100
AcDbEntity
  8
HT-A-AXIS-F01-NEW
  0
LINE
  5
47D
330
2
100
AcDbEntity
  8
HT-A-AXIS-F01-NEW
100
AcDbLine
 10
26873.03
 20
-1749.51
 30
0.0
 11
26873.03
 21
-5749.51
 31
0.0
  0
INSERT
  5
47E
330
2
100
AcDbEntity
  8
HT-A-AXIS-F01-NEW
100
AcDbBlockReference
 66
     1
  2
_AXISO
 10
26873.03
 20
-6149.51
 30
0.0
 41
800.0
 42
800.0
 43
800.0
  0
ATTRIB
  5
47F
330
47E
100
AcDbEntity
  8
HT-A-AXIS-TEXT-F01-NEW
100
AcDbText
 10
26717.71
 20
-6382.48
 30
0.0
 40
465.95
  1
2
  7
_TCH_AXIS
 72
     5
 11
27028.34
 21
-6382.48
 31
0.0
100
AcDbAttribute
280
     0
  2
A
 70
     0
280
     0
  0
SEQEND
  5
480
330
47E
100
AcDbEntity
  8
HT-A-AXIS-F01-NEW
  0
LINE
  5
481
330
2
100
AcDbEntity
  8
HT-A-AXIS-F01-NEW
100
AcDbLine
 10
26873.03
 20
10150.49
 30
0.0
 11
26873.03
 21
14150.49
 31
0.0
  0
INSERT
  5
482
330
2
100
AcDbEntity
  8
HT-A-AXIS-F01-NEW
100
AcDbBlockReference
 66
     1
  2
_AXISO
 10
26873.03
 20
14550.49
 30
0.0
 41
800.0
 42
800.0
 43
800.0
  0
ATTRIB
  5
483
330
482
100
AcDbEntity
  8
HT-A-AXIS-TEXT-F01-NEW
100
AcDbText
 10
26717.71
 20
14317.52
 30
0.0
 40
465.95
  1
2
  7
_TCH_AXIS
 72
     5
 11
27028.34
 21
14317.52
 31
0.0
100
AcDbAttribute
280
     0
  2
A
 70
     0
280
     0
  0
SEQEND
  5
484
330
482
100
AcDbEntity
  8
HT-A-AXIS-F01-NEW
  0
LINE
  5
485
330
2
100
AcDbEntity
  8
HT-A-AXIS-F01-NEW
100
AcDbLine
 10
31673.03
 20
-1749.51
 30
0.0
 11
31673.03
 21
-5749.51
 31
0.0
  0
INSERT
  5
486
330
2
100
AcDbEntity
  8
HT-A-AXIS-F01-NEW
100
AcDbBlockReference
 66
     1
  2
_AXISO
 10
31673.03
 20
-6149.51
 30
0.0
 41
800.0
 42
800.0
 43
800.0
  0
ATTRIB
  5
487
330
486
100
AcDbEntity
  8
HT-A-AXIS-TEXT-F01-NEW
100
AcDbText
 10
31517.71
 20
-6382.48
 30
0.0
 40
465.95
  1
3
  7
_TCH_AXIS
 72
     5
 11
31828.34
 21
-6382.48
 31
0.0
100
AcDbAttribute
280
     0
  2
A
 70
     0
280
     0
  0
SEQEND
  5
488
330
486
100
AcDbEntity
  8
HT-A-AXIS-F01-NEW
  0
LINE
  5
489
330
2
100
AcDbEntity
  8
HT-A-AXIS-F01-NEW
100
AcDbLine
 10
31673.03
 20
10150.49
 30
0.0
 11
31673.03
 21
14150.49
 31
0.0
  0
INSERT
  5
48A
330
2
100
AcDbEntity
  8
HT-A-AXIS-F01-NEW
100
AcDbBlockReference
 66
     1
  2
_AXISO
 10
31673.03
 20
14550.49
 30
0.0
 41
800.0
 42
800.0
 43
800.0
  0
ATTRIB
  5
48B
330
48A
100
AcDbEntity
  8
HT-A-AXIS-TEXT-F01-NEW
100
AcDbText
 10
31517.71
 20
14317.52
 30
0.0
 40
465.95
  1
3
  7
_TCH_AXIS
 72
     5
 11
31828.34
 21
14317.52
 31
0.0
100
AcDbAttribute
280
     0
  2
A
 70
     0
280
     0
  0
SEQEND
  5
48C
330
48A
100
AcDbEntity
  8
HT-A-AXIS-F01-NEW
  0
LINE
  5
48D
330
2
100
AcDbEntity
  8
HT-A-AXIS-F01-NEW
100
AcDbLine
 10
35673.03
 20
-1749.51
 30
0.0
 11
35673.03
 21
-5749.51
 31
0.0
  0
INSERT
  5
48E
330
2
100
AcDbEntity
  8
HT-A-AXIS-F01-NEW
100
AcDbBlockReference
 66
     1
  2
_AXISO
 10
35673.03
 20
-6149.51
 30
0.0
 41
800.0
 42
800.0
 43
800.0
  0
ATTRIB
  5
48F
330
48E
100
AcDbEntity
  8
HT-A-AXIS-TEXT-F01-NEW
100
AcDbText
 10
35510.28
 20
-6377.36
 30
0.0
 40
455.69
  1
4
 41
0.94
  7
_TCH_AXIS
 72
     5
 11
35835.77
 21
-6377.36
 31
0.0
100
AcDbAttribute
280
     0
  2
A
 70
     0
280
     0
  0
SEQEND
  5
490
330
48E
100
AcDbEntity
  8
HT-A-AXIS-F01-NEW
  0
LINE
  5
491
330
2
100
AcDbEntity
  8
HT-A-AXIS-F01-NEW
100
AcDbLine
 10
35673.03
 20
10150.49
 30
0.0
 11
35673.03
 21
14150.49
 31
0.0
  0
INSERT
  5
492
330
2
100
AcDbEntity
  8
HT-A-AXIS-F01-NEW
100
AcDbBlockReference
 66
     1
  2
_AXISO
 10
35673.03
 20
14550.49
 30
0.0
 41
800.0
 42
800.0
 43
800.0
  0
ATTRIB
  5
493
330
492
100
AcDbEntity
  8
HT-A-AXIS-TEXT-F01-NEW
100
AcDbText
 10
35510.28
 20
14322.64
 30
0.0
 40
455.69
  1
4
 41
0.94
  7
_TCH_AXIS
 72
     5
 11
35835.77
 21
14322.64
 31
0.0
100
AcDbAttribute
280
     0
  2
A
 70
     0
280
     0
  0
SEQEND
  5
494
330
492
100
AcDbEntity
  8
HT-A-AXIS-F01-NEW
  0
LINE
  5
495
330
2
100
AcDbEntity
  8
HT-A-AXIS-F01-NEW
100
AcDbLine
 10
21873.03
 20
-749.51
 30
0.0
 11
17873.03
 21
-749.51
 31
0.0
  0
INSERT
  5
496
330
2
100
AcDbEntity
  8
HT-A-AXIS-F01-NEW
100
AcDbBlockReference
 66
     1
  2
_AXISO
 10
17473.03
 20
-749.51
 30
0.0
 41
800.0
 42
800.0
 43
800.0
  0
ATTRIB
  5
497
330
496
100
AcDbEntity
  8
HT-A-AXIS-TEXT-F01-NEW
100
AcDbText
 10
17303.34
 20
-972.23
 30
0.0
 40
445.44
  1
A
 41
0.89
  7
_TCH_AXIS
 72
     5
 11
17642.72
 21
-972.23
 31
0.0
100
AcDbAttribute
280
     0
  2
A
 70
     0
280
     0
  0
SEQEND
  5
498
330
496
100
AcDbEntity
  8
HT-A-AXIS-F01-NEW
  0
LINE
  5
499
330
2
100
AcDbEntity
  8
HT-A-AXIS-F01-NEW
100
AcDbLine
 10
36673.03
 20
-749.51
 30
0.0
 11
40673.03
 21
-749.51
 31
0.0
  0
INSERT
  5
49A
330
2
100
AcDbEntity
  8
HT-A-AXIS-F01-NEW
100
AcDbBlockReference
 66
     1
  2
_AXISO
 10
41073.03
 20
-749.51
 30
0.0
 41
800.0
 42
800.0
 43
800.0
  0
ATTRIB
  5
49B
330
49A
100
AcDbEntity
  8
HT-A-AXIS-TEXT-F01-NEW
100
AcDbText
 10
40903.34
 20
-972.23
 30
0.0
 40
445.44
  1
A
 41
0.89
  7
_TCH_AXIS
 72
     5
 11
41242.72
 21
-972.23
 31
0.0
100
AcDbAttribute
280
     0
  2
A
 70
     0
280
     0
  0
SEQEND
  5
49C
330
49A
100
AcDbEntity
  8
HT-A-AXIS-F01-NEW
  0
LINE
  5
49D
330
2
100
AcDbEntity
  8
HT-A-AXIS-F01-NEW
100
AcDbLine
 10
21873.03
 20
750.49
 30
0.0
 11
17873.03
 21
750.49
 31
0.0
  0
INSERT
  5
49E
330
2
100
AcDbEntity
  8
HT-A-AXIS-F01-NEW
100
AcDbBlockReference
 66
     1
  2
_AXISO
 10
17473.03
 20
750.49
 30
0.0
 41
800.0
 42
800.0
 43
800.0
  0
ATTRIB
  5
49F
330
49E
100
AcDbEntity
  8
HT-A-AXIS-TEXT-F01-NEW
100
AcDbText
 10
17317.71
 20
517.52
 30
0.0
 40
465.95
  1
B
 41
0.82
  7
_TCH_AXIS
 72
     5
 11
17628.34
 21
517.52
 31
0.0
100
AcDbAttribute
280
     0
  2
A
 70
     0
280
     0
  0
SEQEND
  5
4A0
330
49E
100
AcDbEntity
  8
HT-A-AXIS-F01-NEW
  0
LINE
  5
4A1
330
2
100
AcDbEntity
  8
HT-A-AXIS-F01-NEW
100
AcDbLine
 10
36673.03
 20
750.49
 30
0.0
 11
40673.03
 21
750.49
 31
0.0
  0
INSERT
  5
4A2
330
2
100
AcDbEntity
  8
HT-A-AXIS-F01-NEW
100
AcDbBlockReference
 66
     1
  2
_AXISO
 10
41073.03
 20
750.49
 30
0.0
 41
800.0
 42
800.0
 43
800.0
  0
ATTRIB
  5
4A3
330
4A2
100
AcDbEntity
  8
HT-A-AXIS-TEXT-F01-NEW
100
AcDbText
 10
40917.71
 20
517.52
 30
0.0
 40
465.95
  1
B
 41
0.82
  7
_TCH_AXIS
 72
     5
 11
41228.34
 21
517.52
 31
0.0
100
AcDbAttribute
280
     0
  2
A
 70
     0
280
     0
  0
SEQEND
  5
4A4
330
4A2
100
AcDbEntity
  8
HT-A-AXIS-F01-NEW
  0
LINE
  5
4A5
330
2
100
AcDbEntity
  8
HT-A-AXIS-F01-NEW
100
AcDbLine
 10
21873.03
 20
4950.49
 30
0.0
 11
17873.03
 21
4950.49
 31
0.0
  0
INSERT
  5
4A6
330
2
100
AcDbEntity
  8
HT-A-AXIS-F01-NEW
100
AcDbBlockReference
 66
     1
  2
_AXISO
 10
17473.03
 20
4950.49
 30
0.0
 41
800.0
 42
800.0
 43
800.0
  0
ATTRIB
  5
4A7
330
4A6
100
AcDbEntity
  8
HT-A-AXIS-TEXT-F01-NEW
100
AcDbText
 10
17310.28
 20
4722.64
 30
0.0
 40
455.69
  1
C
  7
_TCH_AXIS
 72
     5
 11
17635.77
 21
4722.64
 31
0.0
100
AcDbAttribute
280
     0
  2
A
 70
     0
280
     0
  0
SEQEND
  5
4A8
330
4A6
100
AcDbEntity
  8
HT-A-AXIS-F01-NEW
  0
LINE
  5
4A9
330
2
100
AcDbEntity
  8
HT-A-AXIS-F01-NEW
100
AcDbLine
 10
36673.03
 20
4950.49
 30
0.0
 11
40673.03
 21
4950.49
 31
0.0
  0
INSERT
  5
4AA
330
2
100
AcDbEntity
  8
HT-A-AXIS-F01-NEW
100
AcDbBlockReference
 66
     1
  2
_AXISO
 10
41073.03
 20
4950.49
 30
0.0
 41
800.0
 42
800.0
 43
800.0
  0
ATTRIB
  5
4AB
330
4AA
100
AcDbEntity
  8
HT-A-AXIS-TEXT-F01-NEW
100
AcDbText
 10
40910.28
 20
4722.64
 30
0.0
 40
455.69
  1
C
  7
_TCH_AXIS
 72
     5
 11
41235.77
 21
4722.64
 31
0.0
100
AcDbAttribute
280
     0
  2
A
 70
     0
280
     0
  0
SEQEND
  5
4AC
330
4AA
100
AcDbEntity
  8
HT-A-AXIS-F01-NEW
  0
LINE
  5
4AD
330
2
100
AcDbEntity
  8
HT-A-AXIS-F01-NEW
100
AcDbLine
 10
21873.03
 20
6750.49
 30
0.0
 11
17873.03
 21
6750.49
 31
0.0
  0
INSERT
  5
4AE
330
2
100
AcDbEntity
  8
HT-A-AXIS-F01-NEW
100
AcDbBlockReference
 66
     1
  2
_AXISO
 10
17473.03
 20
6750.49
 30
0.0
 41
800.0
 42
800.0
 43
800.0
  0
ATTRIB
  5
4AF
330
4AE
100
AcDbEntity
  8
HT-A-AXIS-TEXT-F01-NEW
100
AcDbText
 10
17317.71
 20
6517.52
 30
0.0
 40
465.95
  1
D
 41
0.82
  7
_TCH_AXIS
 72
     5
 11
17628.34
 21
6517.52
 31
0.0
100
AcDbAttribute
280
     0
  2
A
 70
     0
280
     0
  0
SEQEND
  5
4B0
330
4AE
100
AcDbEntity
  8
HT-A-AXIS-F01-NEW
  0
LINE
  5
4B1
330
2
100
AcDbEntity
  8
HT-A-AXIS-F01-NEW
100
AcDbLine
 10
36673.03
 20
6750.49
 30
0.0
 11
40673.03
 21
6750.49
 31
0.0
  0
INSERT
  5
4B2
330
2
100
AcDbEntity
  8
HT-A-AXIS-F01-NEW
100
AcDbBlockReference
 66
     1
  2
_AXISO
 10
41073.03
 20
6750.49
 30
0.0
 41
800.0
 42
800.0
 43
800.0
  0
ATTRIB
  5
4B3
330
4B2
100
AcDbEntity
  8
HT-A-AXIS-TEXT-F01-NEW
100
AcDbText
 10
40917.71
 20
6517.52
 30
0.0
 40
465.95
  1
D
 41
0.82
  7
_TCH_AXIS
 72
     5
 11
41228.34
 21
6517.52
 31
0.0
100
AcDbAttribute
280
     0
  2
A
 70
     0
280
     0
  0
SEQEND
  5
4B4
330
4B2
100
AcDbEntity
  8
HT-A-AXIS-F01-NEW
  0
LINE
  5
4B5
330
2
100
AcDbEntity
  8
HT-A-AXIS-F01-NEW
100
AcDbLine
 10
21873.03
 20
9150.49
 30
0.0
 11
17873.03
 21
9150.49
 31
0.0
  0
INSERT
  5
4B6
330
2
100
AcDbEntity
  8
HT-A-AXIS-F01-NEW
100
AcDbBlockReference
 66
     1
  2
_AXISO
 10
17473.03
 20
9150.49
 30
0.0
 41
800.0
 42
800.0
 43
800.0
  0
ATTRIB
  5
4B7
330
4B6
100
AcDbEntity
  8
HT-A-AXIS-TEXT-F01-NEW
100
AcDbText
 10
17325.65
 20
8912.42
 30
0.0
 40
476.15
  1
E
 41
0.81
  7
_TCH_AXIS
 72
     5
 11
17620.41
 21
8912.42
 31
0.0
100
AcDbAttribute
280
     0
  2
A
 70
     0
280
     0
  0
SEQEND
  5
4B8
330
4B6
100
AcDbEntity
  8
HT-A-AXIS-F01-NEW
  0
LINE
  5
4B9
330
2
100
AcDbEntity
  8
HT-A-AXIS-F01-NEW
100
AcDbLine
 10
36673.03
 20
9150.49
 30
0.0
 11
40673.03
 21
9150.49
 31
0.0
  0
INSERT
  5
4BA
330
2
100
AcDbEntity
  8
HT-A-AXIS-F01-NEW
100
AcDbBlockReference
 66
     1
  2
_AXISO
 10
41073.03
 20
9150.49
 30
0.0
 41
800.0
 42
800.0
 43
800.0
  0
ATTRIB
  5
4BB
330
4BA
100
AcDbEntity
  8
HT-A-AXIS-TEXT-F01-NEW
100
AcDbText
 10
40925.65
 20
8912.42
 30
0.0
 40
476.15
  1
E
 41
0.81
  7
_TCH_AXIS
 72
     5
 11
41220.41
 21
8912.42
 31
0.0
100
AcDbAttribute
280
     0
  2
A
 70
     0
280
     0
  0
SEQEND
  5
4BC
330
4BA
100
AcDbEntity
  8
HT-A-AXIS-F01-NEW
  0
INSERT
  5
4DF
330
2
100
AcDbEntity
  8
HT-A-COLUMN-F01-NEW
100
AcDbBlockReference
  2
_FZH
 10
22873.03
 20
750.49
 30
0.0
 41
200.0
 42
200.0
 43
200.0
  0
INSERT
  5
4E0
330
2
100
AcDbEntity
  8
HT-A-COLUMN-F01-NEW
100
AcDbBlockReference
  2
_FZH
 10
26873.03
 20
750.49
 30
0.0
 41
200.0
 42
200.0
 43
200.0
  0
INSERT
  5
4E1
330
2
100
AcDbEntity
  8
HT-A-COLUMN-F01-NEW
100
AcDbBlockReference
  2
_FZH
 10
22873.03
 20
4950.49
 30
0.0
 41
200.0
 42
200.0
 43
200.0
  0
INSERT
  5
4E2
330
2
100
AcDbEntity
  8
HT-A-COLUMN-F01-NEW
100
AcDbBlockReference
  2
_FZH
 10
26873.03
 20
4950.49
 30
0.0
 41
200.0
 42
200.0
 43
200.0
  0
LINE
  5
4E3
330
2
100
AcDbEntity
  8
HT-A-WALL-F01-NEW
100
AcDbLine
 10
26973.03
 20
4850.49
 30
0.0
 11
26973.03
 21
850.49
 31
0.0
  0
LINE
  5
4E4
330
2
100
AcDbEntity
  8
HT-A-WALL-F01-NEW
100
AcDbLine
 10
26773.03
 20
4850.49
 30
0.0
 11
26773.03
 21
850.49
 31
0.0
  0
INSERT
  5
4E5
330
2
100
AcDbEntity
  8
HT-A-COLUMN-F01-NEW
100
AcDbBlockReference
  2
_FZH
 10
22873.03
 20
9150.49
 30
0.0
 41
200.0
 42
200.0
 43
200.0
  0
INSERT
  5
4E6
330
2
100
AcDbEntity
  8
HT-A-COLUMN-F01-NEW
100
AcDbBlockReference
  2
_FZH
 10
26873.03
 20
9150.49
 30
0.0
 41
200.0
 42
200.0
 43
200.0
  0
LINE
  5
4E7
330
2
100
AcDbEntity
  8
HT-A-WALL-F01-NEW
100
AcDbLine
 10
26773.03
 20
9050.49
 30
0.0
 11
22973.03
 21
9050.49
 31
0.0
  0
LINE
  5
4E8
330
2
100
AcDbEntity
  8
HT-A-WALL-F01-NEW
100
AcDbLine
 10
26773.03
 20
9250.49
 30
0.0
 11
22973.03
 21
9250.49
 31
0.0
  0
INSERT
  5
4E9
330
2
100
AcDbEntity
  8
HT-A-COLUMN-F01-NEW
100
AcDbBlockReference
  2
_FZH
 10
31673.03
 20
750.49
 30
0.0
 41
200.0
 42
200.0
 43
200.0
  0
INSERT
  5
4EA
330
2
100
AcDbEntity
  8
HT-A-COLUMN-F01-NEW
100
AcDbBlockReference
  2
_FZH
 10
35673.03
 20
750.49
 30
0.0
 41
200.0
 42
200.0
 43
200.0
  0
LINE
  5
4EB
330
2
100
AcDbEntity
  8
HT-A-WALL-F01-NEW
100
AcDbLine
 10
35573.03
 20
850.49
 30
0.0
 11
35573.03
 21
4850.49
 31
0.0
  0
LINE
  5
4EC
330
2
100
AcDbEntity
  8
HT-A-WALL-F01-NEW
100
AcDbLine
 10
35773.03
 20
850.49
 30
0.0
 11
35773.03
 21
4850.49
 31
0.0
  0
INSERT
  5
4ED
330
2
100
AcDbEntity
  8
HT-A-COLUMN-F01-NEW
100
AcDbBlockReference
  2
_FZH
 10
35673.03
 20
4950.49
 30
0.0
 41
200.0
 42
200.0
 43
200.0
  0
INSERT
  5
4EE
330
2
100
AcDbEntity
  8
HT-A-COLUMN-F01-NEW
100
AcDbBlockReference
  2
_FZH
 10
31673.03
 20
4950.49
 30
0.0
 41
200.0
 42
200.0
 43
200.0
  0
INSERT
  5
4EF
330
2
100
AcDbEntity
  8
HT-A-COLUMN-F01-NEW
100
AcDbBlockReference
  2
_FZH
 10
31673.03
 20
9150.49
 30
0.0
 41
200.0
 42
200.0
 43
200.0
  0
INSERT
  5
4F0
330
2
100
AcDbEntity
  8
HT-A-COLUMN-F01-NEW
100
AcDbBlockReference
  2
_FZH
 10
35673.03
 20
9150.49
 30
0.0
 41
200.0
 42
200.0
 43
200.0
  0
INSERT
  5
4F1
330
2
100
AcDbEntity
  8
HT-A-WIND-F01-NEW
100
AcDbBlockReference
 66
     1
  2
$TCHSYS$WIN2D
 10
24873.03
 20
750.49
 30
0.0
 41
-2200.0
 42
200.0
 43
-2200.0
1001
WTHICK
1040
200.0
  0
ATTRIB
  5
4F2
330
4F1
100
AcDbEntity
  8
HT-A-WIND-TEXT-F01-NEW
100
AcDbText
 10
24678.03
 20
226.74
 30
0.0
 40
297.5
  1

 41
0.71
  7
_TCH_WINDOW
100
AcDbAttribute
280
     0
  2
A
 70
     0
280
     0
  0
SEQEND
  5
4F3
330
4F1
100
AcDbEntity
  8
HT-A-WIND-F01-NEW
  0
INSERT
  5
4F4
330
2
100
AcDbEntity
  8
HT-A-WIND-F01-NEW
100
AcDbBlockReference
 66
     1
  2
$TCHSYS$WIN2D
 10
33673.03
 20
-749.51
 30
0.0
 41
-2200.0
 42
200.0
 43
-2200.0
1001
WTHICK
1040
200.0
  0
ATTRIB
  5
4F5
330
4F4
100
AcDbEntity
  8
HT-A-WIND-TEXT-F01-NEW
100
AcDbText
 10
33478.03
 20
-1273.26
 30
0.0
 40
297.5
  1

 41
0.71
  7
_TCH_WINDOW
100
AcDbAttribute
280
     0
  2
A
 70
     0
280
     0
  0
SEQEND
  5
4F6
330
4F4
100
AcDbEntity
  8
HT-A-WIND-F01-NEW
  0
INSERT
  5
4F7
330
2
100
AcDbEntity
  8
HT-A-WIND-F01-NEW
100
AcDbBlockReference
 66
     1
  2
$TCHSYS$WIN2D
 10
29273.03
 20
9150.49
 30
0.0
 41
-2200.0
 42
-200.0
 43
-2200.0
 50
180.0
1001
WTHICK
1040
200.0
  0
ATTRIB
  5
4F8
330
4F7
100
AcDbEntity
  8
HT-A-WIND-TEXT-F01-NEW
100
AcDbText
 10
29078.03
 20
8626.74
 30
0.0
 40
297.5
  1

 41
0.71
  7
_TCH_WINDOW
100
AcDbAttribute
280
     0
  2
A
 70
     0
280
     0
  0
SEQEND
  5
4F9
330
4F7
100
AcDbEntity
  8
HT-A-WIND-F01-NEW
  0
INSERT
  5
4FA
330
2
100
AcDbEntity
  8
HT-A-WIND-F01-NEW
100
AcDbBlockReference
 66
     1
  2
$TCHSYS$WIN2D
 10
33673.03
 20
9150.49
 30
0.0
 41
-2200.0
 42
-200.0
 43
-2200.0
 50
180.0
1001
WTHICK
1040
200.0
  0
ATTRIB
  5
4FB
330
4FA
100
AcDbEntity
  8
HT-A-WIND-TEXT-F01-NEW
100
AcDbText
 10
33478.03
 20
8626.74
 30
0.0
 40
297.5
  1

 41
0.71
  7
_TCH_WINDOW
100
AcDbAttribute
280
     0
  2
A
 70
     0
280
     0
  0
SEQEND
  5
4FC
330
4FA
100
AcDbEntity
  8
HT-A-WIND-F01-NEW
  0
INSERT
  5
4FD
330
2
100
AcDbEntity
  8
HT-A-WIND-F01-NEW
100
AcDbBlockReference
 66
     1
  2
$TCHSYS$WIN2D
 10
22873.03
 20
5850.49
 30
0.0
 41
-900.0
 42
200.0
 43
-900.0
 50
270.0
1001
WTHICK
1040
200.0
  0
ATTRIB
  5
4FE
330
4FD
100
AcDbEntity
  8
HT-A-WIND-TEXT-F01-NEW
100
AcDbText
 10
22646.78
 20
5655.49
 30
0.0
 40
297.5
  1

 50
90.0
 41
0.71
  7
_TCH_WINDOW
100
AcDbAttribute
280
     0
  2
A
 70
     0
280
     0
  0
SEQEND
  5
4FF
330
4FD
100
AcDbEntity
  8
HT-A-WIND-F01-NEW
  0
INSERT
  5
500
330
2
100
AcDbEntity
  8
HT-A-WIND-F01-NEW
100
AcDbBlockReference
 66
     1
  2
$TCHSYS$WIN2D
 10
22873.03
 20
7950.49
 30
0.0
 41
-900.0
 42
200.0
 43
-900.0
 50
270.0
1001
WTHICK
1040
200.0
  0
ATTRIB
  5
501
330
500
100
AcDbEntity
  8
HT-A-WIND-TEXT-F01-NEW
100
AcDbText
 10
22646.78
 20
7755.49
 30
0.0
 40
297.5
  1

 50
90.0
 41
0.71
  7
_TCH_WINDOW
100
AcDbAttribute
280
     0
  2
A
 70
     0
280
     0
  0
SEQEND
  5
502
330
500
100
AcDbEntity
  8
HT-A-WIND-F01-NEW
  0
INSERT
  5
503
330
2
100
AcDbEntity
  8
HT-A-WIND-F01-NEW
100
AcDbBlockReference
 66
     1
  2
$TCHSYS$WIN2D
 10
35673.03
 20
5850.49
 30
0.0
 41
-900.0
 42
-200.0
 43
-900.0
 50
270.0
1001
WTHICK
1040
200.0
  0
ATTRIB
  5
504
330
503
100
AcDbEntity
  8
HT-A-WIND-TEXT-F01-NEW
100
AcDbText
 10
36196.78
 20
5655.49
 30
0.0
 40
297.5
  1

 50
90.0
 41
0.71
  7
_TCH_WINDOW
100
AcDbAttribute
280
     0
  2
A
 70
     0
280
     0
  0
SEQEND
  5
505
330
503
100
AcDbEntity
  8
HT-A-WIND-F01-NEW
  0
LINE
  5
506
330
2
100
AcDbEntity
  8
HT-A-WALL-F01-NEW
100
AcDbLine
 10
55636.85
 20
650.49
 30
0.0
 11
56436.85
 21
650.49
 31
0.0
  0
LINE
  5
507
330
2
100
AcDbEntity
  8
HT-A-WALL-F01-NEW
100
AcDbLine
 10
56436.85
 20
650.49
 30
0.0
 11
56436.85
 21
850.49
 31
0.0
  0
LINE
  5
508
330
2
100
AcDbEntity
  8
HT-A-WALL-F01-NEW
100
AcDbLine
 10
56436.85
 20
850.49
 30
0.0
 11
55636.85
 21
850.49
 31
0.0
  0
LINE
  5
509
330
2
100
AcDbEntity
  8
HT-A-WALL-F01-NEW
100
AcDbLine
 10
59436.85
 20
850.49
 30
0.0
 11
58636.85
 21
850.49
 31
0.0
  0
LINE
  5
50A
330
2
100
AcDbEntity
  8
HT-A-WALL-F01-NEW
100
AcDbLine
 10
58636.85
 20
850.49
 30
0.0
 11
58636.85
 21
650.49
 31
0.0
  0
LINE
  5
50B
330
2
100
AcDbEntity
  8
HT-A-WALL-F01-NEW
100
AcDbLine
 10
58636.85
 20
650.49
 30
0.0
 11
59436.85
 21
650.49
 31
0.0
  0
INSERT
  5
50C
330
2
100
AcDbEntity
  8
HT-A-WIND-F01-NEW
100
AcDbBlockReference
 66
     1
  2
$TCHSYS$WIN2D
 10
57536.85
 20
750.49
 30
0.0
 41
-2200.0
 42
200.0
 43
-2200.0
1001
WTHICK
1040
200.0
  0
ATTRIB
  5
50D
330
50C
100
AcDbEntity
  8
HT-A-WIND-TEXT-F01-NEW
100
AcDbText
 10
57341.85
 20
226.74
 30
0.0
 40
297.5
  1

 41
0.71
  7
_TCH_WINDOW
100
AcDbAttribute
280
     0
  2
A
 70
     0
280
     0
  0
SEQEND
  5
50E
330
50C
100
AcDbEntity
  8
HT-A-WIND-F01-NEW
  0
LINE
  5
50F
330
2
100
AcDbEntity
  8
HT-A-WALL-F01-NEW
100
AcDbLine
 10
64436.85
 20
650.49
 30
0.0
 11
64436.85
 21
-649.51
 31
0.0
  0
LINE
  5
510
330
2
100
AcDbEntity
  8
HT-A-WALL-F01-NEW
100
AcDbLine
 10
64236.85
 20
650.49
 30
0.0
 11
64236.85
 21
-849.51
 31
0.0
  0
LINE
  5
511
330
2
100
AcDbEntity
  8
HT-A-WALL-F01-NEW
100
AcDbLine
 10
64236.85
 20
-849.51
 30
0.0
 11
65236.85
 21
-849.51
 31
0.0
  0
LINE
  5
512
330
2
100
AcDbEntity
  8
HT-A-WALL-F01-NEW
100
AcDbLine
 10
65236.85
 20
-849.51
 30
0.0
 11
65236.85
 21
-649.51
 31
0.0
  0
LINE
  5
513
330
2
100
AcDbEntity
  8
HT-A-WALL-F01-NEW
100
AcDbLine
 10
65236.85
 20
-649.51
 30
0.0
 11
64436.85
 21
-649.51
 31
0.0
  0
LINE
  5
514
330
2
100
AcDbEntity
  8
HT-A-WALL-F01-NEW
100
AcDbLine
 10
68236.85
 20
-649.51
 30
0.0
 11
67436.85
 21
-649.51
 31
0.0
  0
LINE
  5
515
330
2
100
AcDbEntity
  8
HT-A-WALL-F01-NEW
100
AcDbLine
 10
67436.85
 20
-649.51
 30
0.0
 11
67436.85
 21
-849.51
 31
0.0
  0
LINE
  5
516
330
2
100
AcDbEntity
  8
HT-A-WALL-F01-NEW
100
AcDbLine
 10
67436.85
 20
-849.51
 30
0.0
 11
68436.85
 21
-849.51
 31
0.0
  0
INSERT
  5
517
330
2
100
AcDbEntity
  8
HT-A-WIND-F01-NEW
100
AcDbBlockReference
 66
     1
  2
$TCHSYS$WIN2D
 10
66336.85
 20
-749.51
 30
0.0
 41
-2200.0
 42
200.0
 43
-2200.0
1001
WTHICK
1040
200.0
  0
ATTRIB
  5
518
330
517
100
AcDbEntity
  8
HT-A-WIND-TEXT-F01-NEW
100
AcDbText
 10
66141.85
 20
-1273.26
 30
0.0
 40
297.5
  1

 41
0.71
  7
_TCH_WINDOW
100
AcDbAttribute
280
     0
  2
A
 70
     0
280
     0
  0
SEQEND
  5
519
330
517
100
AcDbEntity
  8
HT-A-WIND-F01-NEW
  0
LINE
  5
51A
330
2
100
AcDbEntity
  8
HT-A-WALL-F01-NEW
100
AcDbLine
 10
68236.85
 20
-649.51
 30
0.0
 11
68236.85
 21
650.49
 31
0.0
  0
LINE
  5
51B
330
2
100
AcDbEntity
  8
HT-A-WALL-F01-NEW
100
AcDbLine
 10
68436.85
 20
-849.51
 30
0.0
 11
68436.85
 21
650.49
 31
0.0
  0
LINE
  5
51C
330
2
100
AcDbEntity
  8
HT-A-WALL-F01-NEW
100
AcDbLine
 10
68236.85
 20
4850.49
 30
0.0
 11
65536.85
 21
4850.49
 31
0.0
  0
LINE
  5
51D
330
2
100
AcDbEntity
  8
HT-A-WALL-F01-NEW
100
AcDbLine
 10
68236.85
 20
5050.49
 30
0.0
 11
65636.85
 21
5050.49
 31
0.0
  0
LINE
  5
51E
330
2
100
AcDbEntity
  8
HT-A-WALL-F01-NEW
100
AcDbLine
 10
64436.85
 20
4850.49
 30
0.0
 11
64436.85
 21
850.49
 31
0.0
  0
LINE
  5
51F
330
2
100
AcDbEntity
  8
HT-A-WALL-F01-NEW
100
AcDbLine
 10
64236.85
 20
4850.49
 30
0.0
 11
64236.85
 21
850.49
 31
0.0
  0
LINE
  5
520
330
2
100
AcDbEntity
  8
HT-A-WALL-F01-NEW
100
AcDbLine
 10
68236.85
 20
6650.49
 30
0.0
 11
68236.85
 21
6300.49
 31
0.0
  0
LINE
  5
521
330
2
100
AcDbEntity
  8
HT-A-WALL-F01-NEW
100
AcDbLine
 10
68236.85
 20
6300.49
 30
0.0
 11
68436.85
 21
6300.49
 31
0.0
  0
LINE
  5
522
330
2
100
AcDbEntity
  8
HT-A-WALL-F01-NEW
100
AcDbLine
 10
68436.85
 20
6300.49
 30
0.0
 11
68436.85
 21
6750.49
 31
0.0
  0
LINE
  5
523
330
2
100
AcDbEntity
  8
HT-A-WALL-F01-NEW
100
AcDbLine
 10
68436.85
 20
5050.49
 30
0.0
 11
68436.85
 21
5400.49
 31
0.0
  0
LINE
  5
524
330
2
100
AcDbEntity
  8
HT-A-WALL-F01-NEW
100
AcDbLine
 10
68436.85
 20
5400.49
 30
0.0
 11
68236.85
 21
5400.49
 31
0.0
  0
LINE
  5
525
330
2
100
AcDbEntity
  8
HT-A-WALL-F01-NEW
100
AcDbLine
 10
68236.85
 20
5400.49
 30
0.0
 11
68236.85
 21
5050.49
 31
0.0
  0
INSERT
  5
526
330
2
100
AcDbEntity
  8
HT-A-WIND-F01-NEW
100
AcDbBlockReference
 66
     1
  2
$TCHSYS$WIN2D
 10
68336.85
 20
5850.49
 30
0.0
 41
-900.0
 42
-200.0
 43
-900.0
 50
270.0
1001
WTHICK
1040
200.0
  0
ATTRIB
  5
527
330
526
100
AcDbEntity
  8
HT-A-WIND-TEXT-F01-NEW
100
AcDbText
 10
68860.6
 20
5655.49
 30
0.0
 40
297.5
  1

 50
90.0
 41
0.71
  7
_TCH_WINDOW
100
AcDbAttribute
280
     0
  2
A
 70
     0
280
     0
  0
SEQEND
  5
528
330
526
100
AcDbEntity
  8
HT-A-WIND-F01-NEW
  0
LINE
  5
529
330
2
100
AcDbEntity
  8
HT-A-WALL-F01-NEW
100
AcDbLine
 10
68236.85
 20
6650.49
 30
0.0
 11
65636.85
 21
6650.49
 31
0.0
  0
LINE
  5
52A
330
2
100
AcDbEntity
  8
HT-A-WALL-F01-NEW
100
AcDbLine
 10
68236.85
 20
6850.49
 30
0.0
 11
65586.85
 21
6850.49
 31
0.0
  0
LINE
  5
52B
330
2
100
AcDbEntity
  8
HT-A-WALL-F01-NEW
100
AcDbLine
 10
64436.85
 20
9050.49
 30
0.0
 11
64436.85
 21
6850.49
 31
0.0
  0
LINE
  5
52C
330
2
100
AcDbEntity
  8
HT-A-WALL-F01-NEW
100
AcDbLine
 10
64236.85
 20
9050.49
 30
0.0
 11
64236.85
 21
6750.49
 31
0.0
  0
LINE
  5
52D
330
2
100
AcDbEntity
  8
HT-A-WALL-F01-NEW
100
AcDbLine
 10
68236.85
 20
6850.49
 30
0.0
 11
68236.85
 21
9050.49
 31
0.0
  0
LINE
  5
52E
330
2
100
AcDbEntity
  8
HT-A-WALL-F01-NEW
100
AcDbLine
 10
68436.85
 20
6750.49
 30
0.0
 11
68436.85
 21
9050.49
 31
0.0
  0
LINE
  5
52F
330
2
100
AcDbEntity
  8
HT-A-WALL-F01-NEW
100
AcDbLine
 10
68236.85
 20
9250.49
 30
0.0
 11
67436.85
 21
9250.49
 31
0.0
  0
LINE
  5
530
330
2
100
AcDbEntity
  8
HT-A-WALL-F01-NEW
100
AcDbLine
 10
67436.85
 20
9250.49
 30
0.0
 11
67436.85
 21
9050.49
 31
0.0
  0
LINE
  5
531
330
2
100
AcDbEntity
  8
HT-A-WALL-F01-NEW
100
AcDbLine
 10
67436.85
 20
9050.49
 30
0.0
 11
68236.85
 21
9050.49
 31
0.0
  0
LINE
  5
532
330
2
100
AcDbEntity
  8
HT-A-WALL-F01-NEW
100
AcDbLine
 10
64436.85
 20
9050.49
 30
0.0
 11
65236.85
 21
9050.49
 31
0.0
  0
LINE
  5
533
330
2
100
AcDbEntity
  8
HT-A-WALL-F01-NEW
100
AcDbLine
 10
65236.85
 20
9050.49
 30
0.0
 11
65236.85
 21
9250.49
 31
0.0
  0
LINE
  5
534
330
2
100
AcDbEntity
  8
HT-A-WALL-F01-NEW
100
AcDbLine
 10
65236.85
 20
9250.49
 30
0.0
 11
64436.85
 21
9250.49
 31
0.0
  0
INSERT
  5
535
330
2
100
AcDbEntity
  8
HT-A-WIND-F01-NEW
100
AcDbBlockReference
 66
     1
  2
$TCHSYS$WIN2D
 10
66336.85
 20
9150.49
 30
0.0
 41
-2200.0
 42
-200.0
 43
-2200.0
 50
180.0
1001
WTHICK
1040
200.0
  0
ATTRIB
  5
536
330
535
100
AcDbEntity
  8
HT-A-WIND-TEXT-F01-NEW
100
AcDbText
 10
66141.85
 20
8626.74
 30
0.0
 40
297.5
  1

 41
0.71
  7
_TCH_WINDOW
100
AcDbAttribute
280
     0
  2
A
 70
     0
280
     0
  0
SEQEND
  5
537
330
535
100
AcDbEntity
  8
HT-A-WIND-F01-NEW
  0
LINE
  5
538
330
2
100
AcDbEntity
  8
HT-A-WALL-F01-NEW
100
AcDbLine
 10
55436.85
 20
9050.49
 30
0.0
 11
55436.85
 21
8400.49
 31
0.0
  0
LINE
  5
539
330
2
100
AcDbEntity
  8
HT-A-WALL-F01-NEW
100
AcDbLine
 10
55436.85
 20
8400.49
 30
0.0
 11
55636.85
 21
8400.49
 31
0.0
  0
LINE
  5
53A
330
2
100
AcDbEntity
  8
HT-A-WALL-F01-NEW
100
AcDbLine
 10
55636.85
 20
8400.49
 30
0.0
 11
55636.85
 21
9050.49
 31
0.0
  0
LINE
  5
53B
330
2
100
AcDbEntity
  8
HT-A-WALL-F01-NEW
100
AcDbLine
 10
55636.85
 20
6850.49
 30
0.0
 11
55636.85
 21
7500.49
 31
0.0
  0
LINE
  5
53C
330
2
100
AcDbEntity
  8
HT-A-WALL-F01-NEW
100
AcDbLine
 10
55636.85
 20
7500.49
 30
0.0
 11
55436.85
 21
7500.49
 31
0.0
  0
LINE
  5
53D
330
2
100
AcDbEntity
  8
HT-A-WALL-F01-NEW
100
AcDbLine
 10
55436.85
 20
7500.49
 30
0.0
 11
55436.85
 21
6750.49
 31
0.0
  0
INSERT
  5
53E
330
2
100
AcDbEntity
  8
HT-A-WIND-F01-NEW
100
AcDbBlockReference
 66
     1
  2
$TCHSYS$WIN2D
 10
55536.85
 20
7950.49
 30
0.0
 41
-900.0
 42
200.0
 43
-900.0
 50
270.0
1001
WTHICK
1040
200.0
  0
ATTRIB
  5
53F
330
53E
100
AcDbEntity
  8
HT-A-WIND-TEXT-F01-NEW
100
AcDbText
 10
55310.6
 20
7755.49
 30
0.0
 40
297.5
  1

 50
90.0
 41
0.71
  7
_TCH_WINDOW
100
AcDbAttribute
280
     0
  2
A
 70
     0
280
     0
  0
SEQEND
  5
540
330
53E
100
AcDbEntity
  8
HT-A-WIND-F01-NEW
  0
LINE
  5
541
330
2
100
AcDbEntity
  8
HT-A-WALL-F01-NEW
100
AcDbLine
 10
55636.85
 20
4850.49
 30
0.0
 11
55636.85
 21
850.49
 31
0.0
  0
LINE
  5
542
330
2
100
AcDbEntity
  8
HT-A-WALL-F01-NEW
100
AcDbLine
 10
55436.85
 20
4850.49
 30
0.0
 11
55436.85
 21
850.49
 31
0.0
  0
LINE
  5
543
330
2
100
AcDbEntity
  8
HT-A-WALL-F01-NEW
100
AcDbLine
 10
55636.85
 20
5050.49
 30
0.0
 11
58186.85
 21
5050.49
 31
0.0
  0
LINE
  5
544
330
2
100
AcDbEntity
  8
HT-A-WALL-F01-NEW
100
AcDbLine
 10
55636.85
 20
4850.49
 30
0.0
 11
58236.85
 21
4850.49
 31
0.0
  0
LINE
  5
545
330
2
100
AcDbEntity
  8
HT-A-WALL-F01-NEW
100
AcDbLine
 10
59636.85
 20
650.49
 30
0.0
 11
60736.85
 21
650.49
 31
0.0
  0
LINE
  5
546
330
2
100
AcDbEntity
  8
HT-A-WALL-F01-NEW
100
AcDbLine
 10
60736.85
 20
650.49
 30
0.0
 11
60736.85
 21
850.49
 31
0.0
  0
LINE
  5
547
330
2
100
AcDbEntity
  8
HT-A-WALL-F01-NEW
100
AcDbLine
 10
60736.85
 20
850.49
 30
0.0
 11
59636.85
 21
850.49
 31
0.0
  0
LINE
  5
548
330
2
100
AcDbEntity
  8
HT-A-WALL-F01-NEW
100
AcDbLine
 10
64236.85
 20
850.49
 30
0.0
 11
63136.85
 21
850.49
 31
0.0
  0
LINE
  5
549
330
2
100
AcDbEntity
  8
HT-A-WALL-F01-NEW
100
AcDbLine
 10
63136.85
 20
850.49
 30
0.0
 11
63136.85
 21
650.49
 31
0.0
  0
LINE
  5
54A
330
2
100
AcDbEntity
  8
HT-A-WALL-F01-NEW
100
AcDbLine
 10
63136.85
 20
650.49
 30
0.0
 11
64236.85
 21
650.49
 31
0.0
  0
LINE
  5
54B
330
2
100
AcDbEntity
  8
HT-A-WALL-F01-NEW
100
AcDbLine
 10
55436.85
 20
6750.49
 30
0.0
 11
55436.85
 21
6300.49
 31
0.0
  0
LINE
  5
54C
330
2
100
AcDbEntity
  8
HT-A-WALL-F01-NEW
100
AcDbLine
 10
55436.85
 20
6300.49
 30
0.0
 11
55636.85
 21
6300.49
 31
0.0
  0
LINE
  5
54D
330
2
100
AcDbEntity
  8
HT-A-WALL-F01-NEW
100
AcDbLine
 10
55636.85
 20
6300.49
 30
0.0
 11
55636.85
 21
6650.49
 31
0.0
  0
LINE
  5
54E
330
2
100
AcDbEntity
  8
HT-A-WALL-F01-NEW
100
AcDbLine
 10
55636.85
 20
5050.49
 30
0.0
 11
55636.85
 21
5400.49
 31
0.0
  0
LINE
  5
54F
330
2
100
AcDbEntity
  8
HT-A-WALL-F01-NEW
100
AcDbLine
 10
55636.85
 20
5400.49
 30
0.0
 11
55436.85
 21
5400.49
 31
0.0
  0
LINE
  5
550
330
2
100
AcDbEntity
  8
HT-A-WALL-F01-NEW
100
AcDbLine
 10
55436.85
 20
5400.49
 30
0.0
 11
55436.85
 21
5050.49
 31
0.0
  0
INSERT
  5
551
330
2
100
AcDbEntity
  8
HT-A-WIND-F01-NEW
100
AcDbBlockReference
 66
     1
  2
$TCHSYS$WIN2D
 10
55536.85
 20
5850.49
 30
0.0
 41
-900.0
 42
200.0
 43
-900.0
 50
270.0
1001
WTHICK
1040
200.0
  0
ATTRIB
  5
552
330
551
100
AcDbEntity
  8
HT-A-WIND-TEXT-F01-NEW
100
AcDbText
 10
55310.6
 20
5655.49
 30
0.0
 40
297.5
  1

 50
90.0
 41
0.71
  7
_TCH_WINDOW
100
AcDbAttribute
280
     0
  2
A
 70
     0
280
     0
  0
SEQEND
  5
553
330
551
100
AcDbEntity
  8
HT-A-WIND-F01-NEW
  0
LINE
  5
554
330
2
100
AcDbEntity
  8
HT-A-WALL-F01-NEW
100
AcDbLine
 10
58186.85
 20
6650.49
 30
0.0
 11
58186.85
 21
5900.49
 31
0.0
  0
LINE
  5
555
330
2
100
AcDbEntity
  8
HT-A-WALL-F01-NEW
100
AcDbLine
 10
58186.85
 20
5900.49
 30
0.0
 11
58286.85
 21
5900.49
 31
0.0
  0
LINE
  5
556
330
2
100
AcDbEntity
  8
HT-A-WALL-F01-NEW
100
AcDbLine
 10
58286.85
 20
5900.49
 30
0.0
 11
58286.85
 21
6650.49
 31
0.0
  0
LINE
  5
557
330
2
100
AcDbEntity
  8
HT-A-WALL-F01-NEW
100
AcDbLine
 10
58286.85
 20
5050.49
 30
0.0
 11
58286.85
 21
5100.49
 31
0.0
  0
LINE
  5
558
330
2
100
AcDbEntity
  8
HT-A-WALL-F01-NEW
100
AcDbLine
 10
58286.85
 20
5100.49
 30
0.0
 11
58186.85
 21
5100.49
 31
0.0
  0
LINE
  5
559
330
2
100
AcDbEntity
  8
HT-A-WALL-F01-NEW
100
AcDbLine
 10
58186.85
 20
5100.49
 30
0.0
 11
58186.85
 21
5050.49
 31
0.0
  0
INSERT
  5
55A
330
2
100
AcDbEntity
  8
HT-A-WIND-F01-NEW
100
AcDbBlockReference
 66
     1
  2
$DorLib2D$00000001
 10
58236.85
 20
5500.49
 30
0.0
 41
800.0
 42
-800.0
 43
800.0
 50
270.0
1001
WTHICK
1040
100.0
  0
ATTRIB
  5
55B
330
55A
100
AcDbEntity
  8
HT-A-WIND-TEXT-F01-NEW
100
AcDbText
 10
58710.6
 20
5305.49
 30
0.0
 40
297.5
  1

 50
90.0
 41
0.71
  7
_TCH_WINDOW
100
AcDbAttribute
280
     0
  2
A
 70
     0
280
     0
  0
SEQEND
  5
55C
330
55A
100
AcDbEntity
  8
HT-A-WIND-F01-NEW
  0
LINE
  5
55D
330
2
100
AcDbEntity
  8
HT-A-WALL-F01-NEW
100
AcDbLine
 10
64236.85
 20
9250.49
 30
0.0
 11
63036.85
 21
9250.49
 31
0.0
  0
LINE
  5
55E
330
2
100
AcDbEntity
  8
HT-A-WALL-F01-NEW
100
AcDbLine
 10
63036.85
 20
9250.49
 30
0.0
 11
63036.85
 21
9050.49
 31
0.0
  0
LINE
  5
55F
330
2
100
AcDbEntity
  8
HT-A-WALL-F01-NEW
100
AcDbLine
 10
63036.85
 20
9050.49
 30
0.0
 11
64236.85
 21
9050.49
 31
0.0
  0
LINE
  5
560
330
2
100
AcDbEntity
  8
HT-A-WALL-F01-NEW
100
AcDbLine
 10
59636.85
 20
9050.49
 30
0.0
 11
60836.85
 21
9050.49
 31
0.0
  0
LINE
  5
561
330
2
100
AcDbEntity
  8
HT-A-WALL-F01-NEW
100
AcDbLine
 10
60836.85
 20
9050.49
 30
0.0
 11
60836.85
 21
9250.49
 31
0.0
  0
LINE
  5
562
330
2
100
AcDbEntity
  8
HT-A-WALL-F01-NEW
100
AcDbLine
 10
60836.85
 20
9250.49
 30
0.0
 11
59636.85
 21
9250.49
 31
0.0
  0
INSERT
  5
563
330
2
100
AcDbEntity
  8
HT-A-WIND-F01-NEW
100
AcDbBlockReference
 66
     1
  2
$TCHSYS$WIN2D
 10
61936.85
 20
9150.49
 30
0.0
 41
-2200.0
 42
-200.0
 43
-2200.0
 50
180.0
1001
WTHICK
1040
200.0
  0
ATTRIB
  5
564
330
563
100
AcDbEntity
  8
HT-A-WIND-TEXT-F01-NEW
100
AcDbText
 10
61741.85
 20
8626.74
 30
0.0
 40
297.5
  1

 41
0.71
  7
_TCH_WINDOW
100
AcDbAttribute
280
     0
  2
A
 70
     0
280
     0
  0
SEQEND
  5
565
330
563
100
AcDbEntity
  8
HT-A-WIND-F01-NEW
  0
TEXT
  5
566
330
2
100
AcDbEntity
  8
HT-A-ROOM-F01-NEW
100
AcDbText
 10
56394.19
 20
5826.5
 30
0.0
 40
482.27
  1
卫生间
  7
_TCH_SPACE
100
AcDbText
  0
TEXT
  5
567
330
2
100
AcDbEntity
  8
HT-A-ROOM-F01-NEW
100
AcDbText
 10
56357.91
 20
5314.62
 30
0.0
 40
297.5
  1
4.12m
 41
0.71
  7
_TCH_SPACE
100
AcDbText
  0
TEXT
  5
568
330
2
100
AcDbEntity
  8
HT-A-ROOM-F01-NEW
100
AcDbText
 10
57317.91
 20
5489.62
 30
0.0
 40
148.75
  1
2
 41
0.71
  7
_TCH_SPACE
100
AcDbText
  0
TEXT
  5
569
330
2
100
AcDbEntity
  8
HT-A-ROOM-F01-NEW
100
AcDbText
 10
56994.3
 20
3035.08
 30
0.0
 40
482.27
  1
卧室
  7
_TCH_SPACE
100
AcDbText
  0
TEXT
  5
56A
330
2
100
AcDbEntity
  8
HT-A-ROOM-F01-NEW
100
AcDbText
 10
56690.47
 20
2523.21
 30
0.0
 40
297.5
  1
15.20m
 41
0.71
  7
_TCH_SPACE
100
AcDbText
  0
TEXT
  5
56B
330
2
100
AcDbEntity
  8
HT-A-ROOM-F01-NEW
100
AcDbText
 10
57850.47
 20
2698.21
 30
0.0
 40
148.75
  1
2
 41
0.71
  7
_TCH_SPACE
100
AcDbText
  0
TEXT
  5
56C
330
2
100
AcDbEntity
  8
HT-A-ROOM-F01-NEW
100
AcDbText
 10
65964.43
 20
2474.13
 30
0.0
 40
482.27
  1
主卧
  7
_TCH_SPACE
100
AcDbText
  0
TEXT
  5
56D
330
2
100
AcDbEntity
  8
HT-A-ROOM-F01-NEW
100
AcDbText
 10
65648.58
 20
1962.26
 30
0.0
 40
297.5
  1
20.90m
 41
0.71
  7
_TCH_SPACE
100
AcDbText
  0
TEXT
  5
56E
330
2
100
AcDbEntity
  8
HT-A-ROOM-F01-NEW
100
AcDbText
 10
66848.58
 20
2137.26
 30
0.0
 40
148.75
  1
2
 41
0.71
  7
_TCH_SPACE
100
AcDbText
  0
TEXT
  5
56F
330
2
100
AcDbEntity
  8
HT-A-ROOM-F01-NEW
100
AcDbText
 10
66350.51
 20
5838.78
 30
0.0
 40
482.27
  1
卫生间
  7
_TCH_SPACE
100
AcDbText
  0
TEXT
  5
570
330
2
100
AcDbEntity
  8
HT-A-ROOM-F01-NEW
100
AcDbText
 10
66314.23
 20
5326.9
 30
0.0
 40
297.5
  1
4.16m
 41
0.71
  7
_TCH_SPACE
100
AcDbText
  0
TEXT
  5
571
330
2
100
AcDbEntity
  8
HT-A-ROOM-F01-NEW
100
AcDbText
 10
67274.23
 20
5501.9
 30
0.0
 40
148.75
  1
2
 41
0.71
  7
_TCH_SPACE
100
AcDbText
  0
TEXT
  5
572
330
2
100
AcDbEntity
  8
HT-A-ROOM-F01-NEW
100
AcDbText
 10
65723.97
 20
8028.14
 30
0.0
 40
482.27
  1
衣帽间
  7
_TCH_SPACE
100
AcDbText
  0
TEXT
  5
573
330
2
100
AcDbEntity
  8
HT-A-ROOM-F01-NEW
100
AcDbText
 10
65667.7
 20
7516.27
 30
0.0
 40
297.5
  1
8.36m
 41
0.71
  7
_TCH_SPACE
100
AcDbText
  0
TEXT
  5
574
330
2
100
AcDbEntity
  8
HT-A-ROOM-F01-NEW
100
AcDbText
 10
66667.7
 20
7691.27
 30
0.0
 40
148.75
  1
2
 41
0.71
  7
_TCH_SPACE
100
AcDbText
  0
LINE
  5
575
330
2
100
AcDbEntity
  8
HT-A-WALL-F01-NEW
100
AcDbLine
 10
65536.85
 20
6650.49
 30
0.0
 11
65536.85
 21
5950.49
 31
0.0
  0
LINE
  5
576
330
2
100
AcDbEntity
  8
HT-A-WALL-F01-NEW
100
AcDbLine
 10
65536.85
 20
5950.49
 30
0.0
 11
65636.85
 21
5950.49
 31
0.0
  0
LINE
  5
577
330
2
100
AcDbEntity
  8
HT-A-WALL-F01-NEW
100
AcDbLine
 10
65636.85
 20
5950.49
 30
0.0
 11
65636.85
 21
6650.49
 31
0.0
  0
LINE
  5
578
330
2
100
AcDbEntity
  8
HT-A-WALL-F01-NEW
100
AcDbLine
 10
65636.85
 20
5050.49
 30
0.0
 11
65636.85
 21
5150.49
 31
0.0
  0
LINE
  5
579
330
2
100
AcDbEntity
  8
HT-A-WALL-F01-NEW
100
AcDbLine
 10
65636.85
 20
5150.49
 30
0.0
 11
65536.85
 21
5150.49
 31
0.0
  0
LINE
  5
57A
330
2
100
AcDbEntity
  8
HT-A-WALL-F01-NEW
100
AcDbLine
 10
65536.85
 20
5150.49
 30
0.0
 11
65536.85
 21
4850.49
 31
0.0
  0
INSERT
  5
57B
330
2
100
AcDbEntity
  8
HT-A-WIND-F01-NEW
100
AcDbBlockReference
 66
     1
  2
$DorLib2D$00000001
 10
65586.85
 20
5550.49
 30
0.0
 41
800.0
 42
800.0
 43
800.0
 50
270.0
1001
WTHICK
1040
100.0
  0
ATTRIB
  5
57C
330
57B
100
AcDbEntity
  8
HT-A-WIND-TEXT-F01-NEW
100
AcDbText
 10
65460.6
 20
5355.49
 30
0.0
 40
297.5
  1

 50
90.0
 41
0.71
  7
_TCH_WINDOW
100
AcDbAttribute
280
     0
  2
A
 70
     0
280
     0
  0
SEQEND
  5
57D
330
57B
100
AcDbEntity
  8
HT-A-WIND-F01-NEW
  0
LINE
  5
57E
330
2
100
AcDbEntity
  8
HT-A-WALL-F01-NEW
100
AcDbLine
 10
64236.85
 20
6750.49
 30
0.0
 11
64236.85
 21
6150.49
 31
0.0
  0
LINE
  5
57F
330
2
100
AcDbEntity
  8
HT-A-WALL-F01-NEW
100
AcDbLine
 10
64236.85
 20
6150.49
 30
0.0
 11
64436.85
 21
6150.49
 31
0.0
  0
LINE
  5
580
330
2
100
AcDbEntity
  8
HT-A-WALL-F01-NEW
100
AcDbLine
 10
64436.85
 20
6150.49
 30
0.0
 11
64436.85
 21
6650.49
 31
0.0
  0
LINE
  5
581
330
2
100
AcDbEntity
  8
HT-A-WALL-F01-NEW
100
AcDbLine
 10
64436.85
 20
5050.49
 30
0.0
 11
64436.85
 21
5150.49
 31
0.0
  0
LINE
  5
582
330
2
100
AcDbEntity
  8
HT-A-WALL-F01-NEW
100
AcDbLine
 10
64436.85
 20
5150.49
 30
0.0
 11
64236.85
 21
5150.49
 31
0.0
  0
LINE
  5
583
330
2
100
AcDbEntity
  8
HT-A-WALL-F01-NEW
100
AcDbLine
 10
64236.85
 20
5150.49
 30
0.0
 11
64236.85
 21
5050.49
 31
0.0
  0
TEXT
  5
584
330
2
100
AcDbEntity
  8
HT-A-TEXT-F01-NEW
 62
     7
100
AcDbText
 10
59776.85
 20
8325.49
 30
0.0
 40
337.59
  1
下
  7
_TCH_DIM
100
AcDbText
  0
LWPOLYLINE
  5
585
330
2
100
AcDbEntity
  8
HT-A-DIMS-SYMB-F01-NEW
100
AcDbPolyline
 90
        5
 70
     0
 10
59671.85
 20
8500.49
 40
0.0
 41
0.0
 10
56236.85
 20
8500.49
 40
0.0
 41
0.0
 10
56236.85
 20
7400.49
 40
0.0
 41
0.0
 10
59401.85
 20
7400.49
 40
0.0
 41
80.0
 10
59101.85
 20
7400.49
 40
0.0
 41
0.0
  0
LINE
  5
586
330
2
100
AcDbEntity
  8
STAIR
100
AcDbLine
 10
59536.85
 20
6850.49
 30
0.0
 11
56836.85
 21
6850.49
 31
0.0
  0
LINE
  5
587
330
2
100
AcDbEntity
  8
STAIR
100
AcDbLine
 10
59266.85
 20
6850.49
 30
0.0
 11
59266.85
 21
7890.49
 31
0.0
  0
LINE
  5
588
330
2
100
AcDbEntity
  8
STAIR
100
AcDbLine
 10
58996.85
 20
6850.49
 30
0.0
 11
58996.85
 21
7890.49
 31
0.0
  0
LINE
  5
589
330
2
100
AcDbEntity
  8
STAIR
100
AcDbLine
 10
58726.85
 20
6850.49
 30
0.0
 11
58726.85
 21
7890.49
 31
0.0
  0
LINE
  5
58A
330
2
100
AcDbEntity
  8
STAIR
100
AcDbLine
 10
58456.85
 20
6850.49
 30
0.0
 11
58456.85
 21
7890.49
 31
0.0
  0
LINE
  5
58B
330
2
100
AcDbEntity
  8
STAIR
100
AcDbLine
 10
58186.85
 20
6850.49
 30
0.0
 11
58186.85
 21
7890.49
 31
0.0
  0
LINE
  5
58C
330
2
100
AcDbEntity
  8
STAIR
100
AcDbLine
 10
57916.85
 20
6850.49
 30
0.0
 11
57916.85
 21
7890.49
 31
0.0
  0
LINE
  5
58D
330
2
100
AcDbEntity
  8
STAIR
100
AcDbLine
 10
57646.85
 20
6850.49
 30
0.0
 11
57646.85
 21
7890.49
 31
0.0
  0
LINE
  5
58E
330
2
100
AcDbEntity
  8
STAIR
100
AcDbLine
 10
57376.85
 20
6850.49
 30
0.0
 11
57376.85
 21
7890.49
 31
0.0
  0
LINE
  5
58F
330
2
100
AcDbEntity
  8
STAIR
100
AcDbLine
 10
57106.85
 20
6850.49
 30
0.0
 11
57106.85
 21
7890.49
 31
0.0
  0
LINE
  5
590
330
2
100
AcDbEntity
  8
STAIR
100
AcDbLine
 10
56836.85
 20
6850.49
 30
0.0
 11
56836.85
 21
7890.49
 31
0.0
  0
LINE
  5
591
330
2
100
AcDbEntity
  8
STAIR
100
AcDbLine
 10
59536.85
 20
7950.49
 30
0.0
 11
56836.85
 21
7950.49
 31
0.0
  0
LINE
  5
592
330
2
100
AcDbEntity
  8
STAIR
100
AcDbLine
 10
59536.85
 20
6850.49
 30
0.0
 11
59536.85
 21
7890.49
 31
0.0
  0
LINE
  5
593
330
2
100
AcDbEntity
  8
STAIR
100
AcDbLine
 10
59536.85
 20
7890.49
 30
0.0
 11
59536.85
 21
7950.49
 31
0.0
  0
LINE
  5
594
330
2
100
AcDbEntity
  8
STAIR
100
AcDbLine
 10
56836.85
 20
9050.49
 30
0.0
 11
59536.85
 21
9050.49
 31
0.0
  0
LINE
  5
595
330
2
100
AcDbEntity
  8
STAIR
100
AcDbLine
 10
56836.85
 20
9050.49
 30
0.0
 11
56836.85
 21
8010.49
 31
0.0
  0
LINE
  5
596
330
2
100
AcDbEntity
  8
STAIR
100
AcDbLine
 10
57106.85
 20
9050.49
 30
0.0
 11
57106.85
 21
8010.49
 31
0.0
  0
LINE
  5
597
330
2
100
AcDbEntity
  8
STAIR
100
AcDbLine
 10
57376.85
 20
9050.49
 30
0.0
 11
57376.85
 21
8010.49
 31
0.0
  0
LINE
  5
598
330
2
100
AcDbEntity
  8
STAIR
100
AcDbLine
 10
57646.85
 20
9050.49
 30
0.0
 11
57646.85
 21
8010.49
 31
0.0
  0
LINE
  5
599
330
2
100
AcDbEntity
  8
STAIR
100
AcDbLine
 10
57916.85
 20
9050.49
 30
0.0
 11
57916.85
 21
8010.49
 31
0.0
  0
LINE
  5
59A
330
2
100
AcDbEntity
  8
STAIR
100
AcDbLine
 10
58186.85
 20
9050.49
 30
0.0
 11
58186.85
 21
8010.49
 31
0.0
  0
LINE
  5
59B
330
2
100
AcDbEntity
  8
STAIR
100
AcDbLine
 10
58456.85
 20
9050.49
 30
0.0
 11
58456.85
 21
8010.49
 31
0.0
  0
LINE
  5
59C
330
2
100
AcDbEntity
  8
STAIR
100
AcDbLine
 10
58726.85
 20
9050.49
 30
0.0
 11
58726.85
 21
8010.49
 31
0.0
  0
LINE
  5
59D
330
2
100
AcDbEntity
  8
STAIR
100
AcDbLine
 10
58996.85
 20
9050.49
 30
0.0
 11
58996.85
 21
8010.49
 31
0.0
  0
LINE
  5
59E
330
2
100
AcDbEntity
  8
STAIR
100
AcDbLine
 10
59266.85
 20
9050.49
 30
0.0
 11
59266.85
 21
8010.49
 31
0.0
  0
LINE
  5
59F
330
2
100
AcDbEntity
  8
STAIR
100
AcDbLine
 10
59536.85
 20
9050.49
 30
0.0
 11
59536.85
 21
8010.49
 31
0.0
  0
LINE
  5
5A0
330
2
100
AcDbEntity
  8
STAIR
100
AcDbLine
 10
56836.85
 20
7950.49
 30
0.0
 11
59536.85
 21
7950.49
 31
0.0
  0
LINE
  5
5A1
330
2
100
AcDbEntity
  8
STAIR
100
AcDbLine
 10
59536.85
 20
7890.49
 30
0.0
 11
56776.85
 21
7890.49
 31
0.0
  0
LINE
  5
5A2
330
2
100
AcDbEntity
  8
STAIR
100
AcDbLine
 10
56776.85
 20
7890.49
 30
0.0
 11
56776.85
 21
8010.49
 31
0.0
  0
LINE
  5
5A3
330
2
100
AcDbEntity
  8
STAIR
100
AcDbLine
 10
56776.85
 20
8010.49
 30
0.0
 11
59596.85
 21
8010.49
 31
0.0
  0
LINE
  5
5A4
330
2
100
AcDbEntity
  8
STAIR
100
AcDbLine
 10
59596.85
 20
8010.49
 30
0.0
 11
59596.85
 21
6850.49
 31
0.0
  0
LINE
  5
5A5
330
2
100
AcDbEntity
  8
STAIR
100
AcDbLine
 10
59536.85
 20
7950.49
 30
0.0
 11
56836.85
 21
7950.49
 31
0.0
  0
LINE
  5
5A6
330
2
100
AcDbEntity
  8
STAIR
100
AcDbLine
 10
56836.85
 20
7950.49
 30
0.0
 11
56836.85
 21
7950.49
 31
0.0
  0
LINE
  5
5A7
330
2
100
AcDbEntity
  8
STAIR
100
AcDbLine
 10
56836.85
 20
7950.49
 30
0.0
 11
59536.85
 21
7950.49
 31
0.0
  0
LINE
  5
5A8
330
2
100
AcDbEntity
  8
STAIR
100
AcDbLine
 10
59536.85
 20
7950.49
 30
0.0
 11
59536.85
 21
6850.49
 31
0.0
  0
LINE
  5
5A9
330
2
100
AcDbEntity
  8
STAIR
100
AcDbLine
 10
59536.85
 20
7890.49
 30
0.0
 11
59536.85
 21
7950.49
 31
0.0
  0
LINE
  5
5AA
330
2
100
AcDbEntity
  8
STAIR
100
AcDbLine
 10
59596.85
 20
6850.49
 30
0.0
 11
59536.85
 21
6850.49
 31
0.0
  0
LINE
  5
5AB
330
2
100
AcDbEntity
  8
STAIR
100
AcDbLine
 10
56836.85
 20
9050.49
 30
0.0
 11
55636.85
 21
9050.49
 31
0.0
  0
LINE
  5
5AC
330
2
100
AcDbEntity
  8
STAIR
100
AcDbLine
 10
55636.85
 20
9050.49
 30
0.0
 11
55636.85
 21
6850.49
 31
0.0
  0
LINE
  5
5AD
330
2
100
AcDbEntity
  8
STAIR
100
AcDbLine
 10
55636.85
 20
6850.49
 30
0.0
 11
56836.85
 21
6850.49
 31
0.0
  0
LINE
  5
5AE
330
2
100
AcDbEntity
  8
STAIR
100
AcDbLine
 10
56836.85
 20
6850.49
 30
0.0
 11
56836.85
 21
7890.49
 31
0.0
  0
LINE
  5
5AF
330
2
100
AcDbEntity
  8
STAIR
100
AcDbLine
 10
56836.85
 20
8010.49
 30
0.0
 11
56836.85
 21
9050.49
 31
0.0
  0
LINE
  5
5B0
330
2
100
AcDbEntity
  8
STAIR
100
AcDbLine
 10
59536.85
 20
7950.49
 30
0.0
 11
59536.85
 21
7950.49
 31
0.0
  0
LINE
  5
5B1
330
2
100
AcDbEntity
  8
HT-A-WALL-F01-NEW
100
AcDbLine
 10
55636.85
 20
6850.49
 30
0.0
 11
58236.85
 21
6850.49
 31
0.0
  0
LINE
  5
5B2
330
2
100
AcDbEntity
  8
HT-A-WALL-F01-NEW
100
AcDbLine
 10
55636.85
 20
6650.49
 30
0.0
 11
58186.85
 21
6650.49
 31
0.0
  0
LINE
  5
5B3
330
2
100
AcDbEntity
  8
HT-A-WALL-F01-NEW
100
AcDbLine
 10
65586.85
 20
6850.49
 30
0.0
 11
65486.85
 21
6850.49
 31
0.0
  0
LINE
  5
5B4
330
2
100
AcDbEntity
  8
HT-A-WALL-F01-NEW
100
AcDbLine
 10
65486.85
 20
6850.49
 30
0.0
 11
65486.85
 21
6650.49
 31
0.0
  0
LINE
  5
5B5
330
2
100
AcDbEntity
  8
HT-A-WALL-F01-NEW
100
AcDbLine
 10
65486.85
 20
6650.49
 30
0.0
 11
65536.85
 21
6650.49
 31
0.0
  0
LINE
  5
5B6
330
2
100
AcDbEntity
  8
HT-A-WALL-F01-NEW
100
AcDbLine
 10
64436.85
 20
6650.49
 30
0.0
 11
64486.85
 21
6650.49
 31
0.0
  0
LINE
  5
5B7
330
2
100
AcDbEntity
  8
HT-A-WALL-F01-NEW
100
AcDbLine
 10
64486.85
 20
6650.49
 30
0.0
 11
64486.85
 21
6850.49
 31
0.0
  0
LINE
  5
5B8
330
2
100
AcDbEntity
  8
HT-A-WALL-F01-NEW
100
AcDbLine
 10
64486.85
 20
6850.49
 30
0.0
 11
64436.85
 21
6850.49
 31
0.0
  0
LINE
  5
5B9
330
2
100
AcDbEntity
  8
HT-A-WALL-F01-NEW
100
AcDbLine
 10
58236.85
 20
6850.49
 30
0.0
 11
59636.85
 21
6850.49
 31
0.0
  0
LINE
  5
5BA
330
2
100
AcDbEntity
  8
HT-A-WALL-F01-NEW
100
AcDbLine
 10
58286.85
 20
6650.49
 30
0.0
 11
59636.85
 21
6650.49
 31
0.0
  0
LINE
  5
5BB
330
2
100
AcDbEntity
  8
HT-A-WALL-F01-NEW
100
AcDbLine
 10
59636.85
 20
6850.49
 30
0.0
 11
59636.85
 21
6650.49
 31
0.0
  0
TEXT
  5
5BC
330
2
100
AcDbEntity
  8
HT-A-ROOM-F01-NEW
100
AcDbText
 10
61435.96
 20
2977.69
 30
0.0
 40
482.27
  1
卧室
  7
_TCH_SPACE
100
AcDbText
  0
TEXT
  5
5BD
330
2
100
AcDbEntity
  8
HT-A-ROOM-F01-NEW
100
AcDbText
 10
61132.14
 20
2465.81
 30
0.0
 40
297.5
  1
18.40m
 41
0.71
  7
_TCH_SPACE
100
AcDbText
  0
TEXT
  5
5BE
330
2
100
AcDbEntity
  8
HT-A-ROOM-F01-NEW
100
AcDbText
 10
62292.14
 20
2640.81
 30
0.0
 40
148.75
  1
2
 41
0.71
  7
_TCH_SPACE
100
AcDbText
  0
LINE
  5
5BF
330
2
100
AcDbEntity
  8
HT-A-AXIS-F01-NEW
100
AcDbLine
 10
55536.85
 20
-1749.51
 30
0.0
 11
55536.85
 21
-5749.51
 31
0.0
  0
INSERT
  5
5C0
330
2
100
AcDbEntity
  8
HT-A-AXIS-F01-NEW
100
AcDbBlockReference
 66
     1
  2
_AXISO
 10
55536.85
 20
-6149.51
 30
0.0
 41
800.0
 42
800.0
 43
800.0
  0
ATTRIB
  5
5C1
330
5C0
100
AcDbEntity
  8
HT-A-AXIS-TEXT-F01-NEW
100
AcDbText
 10
55472.0
 20
-6421.9
 30
0.0
 40
544.77
  1
1
 41
0.56
  7
_TCH_AXIS
 72
     5
 11
55601.7
 21
-6421.9
 31
0.0
100
AcDbAttribute
280
     0
  2
A
 70
     0
280
     0
  0
SEQEND
  5
5C2
330
5C0
100
AcDbEntity
  8
HT-A-AXIS-F01-NEW
  0
LINE
  5
5C3
330
2
100
AcDbEntity
  8
HT-A-AXIS-F01-NEW
100
AcDbLine
 10
55536.85
 20
10150.49
 30
0.0
 11
55536.85
 21
14150.49
 31
0.0
  0
INSERT
  5
5C4
330
2
100
AcDbEntity
  8
HT-A-AXIS-F01-NEW
100
AcDbBlockReference
 66
     1
  2
_AXISO
 10
55536.85
 20
14550.49
 30
0.0
 41
800.0
 42
800.0
 43
800.0
  0
ATTRIB
  5
5C5
330
5C4
100
AcDbEntity
  8
HT-A-AXIS-TEXT-F01-NEW
100
AcDbText
 10
55472.0
 20
14278.1
 30
0.0
 40
544.77
  1
1
 41
0.56
  7
_TCH_AXIS
 72
     5
 11
55601.7
 21
14278.1
 31
0.0
100
AcDbAttribute
280
     0
  2
A
 70
     0
280
     0
  0
SEQEND
  5
5C6
330
5C4
100
AcDbEntity
  8
HT-A-AXIS-F01-NEW
  0
LINE
  5
5C7
330
2
100
AcDbEntity
  8
HT-A-AXIS-F01-NEW
100
AcDbLine
 10
59536.85
 20
-1749.51
 30
0.0
 11
59536.85
 21
-5749.51
 31
0.0
  0
INSERT
  5
5C8
330
2
100
AcDbEntity
  8
HT-A-AXIS-F01-NEW
100
AcDbBlockReference
 66
     1
  2
_AXISO
 10
59536.85
 20
-6149.51
 30
0.0
 41
800.0
 42
800.0
 43
800.0
  0
ATTRIB
  5
5C9
330
5C8
100
AcDbEntity
  8
HT-A-AXIS-TEXT-F01-NEW
100
AcDbText
 10
59381.53
 20
-6382.48
 30
0.0
 40
465.95
  1
2
  7
_TCH_AXIS
 72
     5
 11
59692.17
 21
-6382.48
 31
0.0
100
AcDbAttribute
280
     0
  2
A
 70
     0
280
     0
  0
SEQEND
  5
5CA
330
5C8
100
AcDbEntity
  8
HT-A-AXIS-F01-NEW
  0
LINE
  5
5CB
330
2
100
AcDbEntity
  8
HT-A-AXIS-F01-NEW
100
AcDbLine
 10
59536.85
 20
10150.49
 30
0.0
 11
59536.85
 21
14150.49
 31
0.0
  0
INSERT
  5
5CC
330
2
100
AcDbEntity
  8
HT-A-AXIS-F01-NEW
100
AcDbBlockReference
 66
     1
  2
_AXISO
 10
59536.85
 20
14550.49
 30
0.0
 41
800.0
 42
800.0
 43
800.0
  0
ATTRIB
  5
5CD
330
5CC
100
AcDbEntity
  8
HT-A-AXIS-TEXT-F01-NEW
100
AcDbText
 10
59381.53
 20
14317.52
 30
0.0
 40
465.95
  1
2
  7
_TCH_AXIS
 72
     5
 11
59692.17
 21
14317.52
 31
0.0
100
AcDbAttribute
280
     0
  2
A
 70
     0
280
     0
  0
SEQEND
  5
5CE
330
5CC
100
AcDbEntity
  8
HT-A-AXIS-F01-NEW
  0
LINE
  5
5CF
330
2
100
AcDbEntity
  8
HT-A-AXIS-F01-NEW
100
AcDbLine
 10
64336.85
 20
-1749.51
 30
0.0
 11
64336.85
 21
-5749.51
 31
0.0
  0
INSERT
  5
5D0
330
2
100
AcDbEntity
  8
HT-A-AXIS-F01-NEW
100
AcDbBlockReference
 66
     1
  2
_AXISO
 10
64336.85
 20
-6149.51
 30
0.0
 41
800.0
 42
800.0
 43
800.0
  0
ATTRIB
  5
5D1
330
5D0
100
AcDbEntity
  8
HT-A-AXIS-TEXT-F01-NEW
100
AcDbText
 10
64181.53
 20
-6382.48
 30
0.0
 40
465.95
  1
3
  7
_TCH_AXIS
 72
     5
 11
64492.17
 21
-6382.48
 31
0.0
100
AcDbAttribute
280
     0
  2
A
 70
     0
280
     0
  0
SEQEND
  5
5D2
330
5D0
100
AcDbEntity
  8
HT-A-AXIS-F01-NEW
  0
LINE
  5
5D3
330
2
100
AcDbEntity
  8
HT-A-AXIS-F01-NEW
100
AcDbLine
 10
64336.85
 20
10150.49
 30
0.0
 11
64336.85
 21
14150.49
 31
0.0
  0
INSERT
  5
5D4
330
2
100
AcDbEntity
  8
HT-A-AXIS-F01-NEW
100
AcDbBlockReference
 66
     1
  2
_AXISO
 10
64336.85
 20
14550.49
 30
0.0
 41
800.0
 42
800.0
 43
800.0
  0
ATTRIB
  5
5D5
330
5D4
100
AcDbEntity
  8
HT-A-AXIS-TEXT-F01-NEW
100
AcDbText
 10
64181.53
 20
14317.52
 30
0.0
 40
465.95
  1
3
  7
_TCH_AXIS
 72
     5
 11
64492.17
 21
14317.52
 31
0.0
100
AcDbAttribute
280
     0
  2
A
 70
     0
280
     0
  0
SEQEND
  5
5D6
330
5D4
100
AcDbEntity
  8
HT-A-AXIS-F01-NEW
  0
LINE
  5
5D7
330
2
100
AcDbEntity
  8
HT-A-AXIS-F01-NEW
100
AcDbLine
 10
68336.85
 20
-1749.51
 30
0.0
 11
68336.85
 21
-5749.51
 31
0.0
  0
INSERT
  5
5D8
330
2
100
AcDbEntity
  8
HT-A-AXIS-F01-NEW
100
AcDbBlockReference
 66
     1
  2
_AXISO
 10
68336.85
 20
-6149.51
 30
0.0
 41
800.0
 42
800.0
 43
800.0
  0
ATTRIB
  5
5D9
330
5D8
100
AcDbEntity
  8
HT-A-AXIS-TEXT-F01-NEW
100
AcDbText
 10
68174.1
 20
-6377.36
 30
0.0
 40
455.69
  1
4
 41
0.94
  7
_TCH_AXIS
 72
     5
 11
68499.6
 21
-6377.36
 31
0.0
100
AcDbAttribute
280
     0
  2
A
 70
     0
280
     0
  0
SEQEND
  5
5DA
330
5D8
100
AcDbEntity
  8
HT-A-AXIS-F01-NEW
  0
LINE
  5
5DB
330
2
100
AcDbEntity
  8
HT-A-AXIS-F01-NEW
100
AcDbLine
 10
68336.85
 20
10150.49
 30
0.0
 11
68336.85
 21
14150.49
 31
0.0
  0
INSERT
  5
5DC
330
2
100
AcDbEntity
  8
HT-A-AXIS-F01-NEW
100
AcDbBlockReference
 66
     1
  2
_AXISO
 10
68336.85
 20
14550.49
 30
0.0
 41
800.0
 42
800.0
 43
800.0
  0
ATTRIB
  5
5DD
330
5DC
100
AcDbEntity
  8
HT-A-AXIS-TEXT-F01-NEW
100
AcDbText
 10
68174.1
 20
14322.64
 30
0.0
 40
455.69
  1
4
 41
0.94
  7
_TCH_AXIS
 72
     5
 11
68499.6
 21
14322.64
 31
0.0
100
AcDbAttribute
280
     0
  2
A
 70
     0
280
     0
  0
SEQEND
  5
5DE
330
5DC
100
AcDbEntity
  8
HT-A-AXIS-F01-NEW
  0
LINE
  5
5DF
330
2
100
AcDbEntity
  8
HT-A-AXIS-F01-NEW
100
AcDbLine
 10
54536.85
 20
-749.51
 30
0.0
 11
50536.85
 21
-749.51
 31
0.0
  0
INSERT
  5
5E0
330
2
100
AcDbEntity
  8
HT-A-AXIS-F01-NEW
100
AcDbBlockReference
 66
     1
  2
_AXISO
 10
50136.85
 20
-749.51
 30
0.0
 41
800.0
 42
800.0
 43
800.0
  0
ATTRIB
  5
5E1
330
5E0
100
AcDbEntity
  8
HT-A-AXIS-TEXT-F01-NEW
100
AcDbText
 10
49967.16
 20
-972.23
 30
0.0
 40
445.44
  1
A
 41
0.89
  7
_TCH_AXIS
 72
     5
 11
50306.54
 21
-972.23
 31
0.0
100
AcDbAttribute
280
     0
  2
A
 70
     0
280
     0
  0
SEQEND
  5
5E2
330
5E0
100
AcDbEntity
  8
HT-A-AXIS-F01-NEW
  0
LINE
  5
5E3
330
2
100
AcDbEntity
  8
HT-A-AXIS-F01-NEW
100
AcDbLine
 10
69336.85
 20
-749.51
 30
0.0
 11
73336.85
 21
-749.51
 31
0.0
  0
INSERT
  5
5E4
330
2
100
AcDbEntity
  8
HT-A-AXIS-F01-NEW
100
AcDbBlockReference
 66
     1
  2
_AXISO
 10
73736.85
 20
-749.51
 30
0.0
 41
800.0
 42
800.0
 43
800.0
  0
ATTRIB
  5
5E5
330
5E4
100
AcDbEntity
  8
HT-A-AXIS-TEXT-F01-NEW
100
AcDbText
 10
73567.16
 20
-972.23
 30
0.0
 40
445.44
  1
A
 41
0.89
  7
_TCH_AXIS
 72
     5
 11
73906.54
 21
-972.23
 31
0.0
100
AcDbAttribute
280
     0
  2
A
 70
     0
280
     0
  0
SEQEND
  5
5E6
330
5E4
100
AcDbEntity
  8
HT-A-AXIS-F01-NEW
  0
LINE
  5
5E7
330
2
100
AcDbEntity
  8
HT-A-AXIS-F01-NEW
100
AcDbLine
 10
54536.85
 20
750.49
 30
0.0
 11
50536.85
 21
750.49
 31
0.0
  0
INSERT
  5
5E8
330
2
100
AcDbEntity
  8
HT-A-AXIS-F01-NEW
100
AcDbBlockReference
 66
     1
  2
_AXISO
 10
50136.85
 20
750.49
 30
0.0
 41
800.0
 42
800.0
 43
800.0
  0
ATTRIB
  5
5E9
330
5E8
100
AcDbEntity
  8
HT-A-AXIS-TEXT-F01-NEW
100
AcDbText
 10
49981.53
 20
517.52
 30
0.0
 40
465.95
  1
B
 41
0.82
  7
_TCH_AXIS
 72
     5
 11
50292.17
 21
517.52
 31
0.0
100
AcDbAttribute
280
     0
  2
A
 70
     0
280
     0
  0
SEQEND
  5
5EA
330
5E8
100
AcDbEntity
  8
HT-A-AXIS-F01-NEW
  0
LINE
  5
5EB
330
2
100
AcDbEntity
  8
HT-A-AXIS-F01-NEW
100
AcDbLine
 10
69336.85
 20
750.49
 30
0.0
 11
73336.85
 21
750.49
 31
0.0
  0
INSERT
  5
5EC
330
2
100
AcDbEntity
  8
HT-A-AXIS-F01-NEW
100
AcDbBlockReference
 66
     1
  2
_AXISO
 10
73736.85
 20
750.49
 30
0.0
 41
800.0
 42
800.0
 43
800.0
  0
ATTRIB
  5
5ED
330
5EC
100
AcDbEntity
  8
HT-A-AXIS-TEXT-F01-NEW
100
AcDbText
 10
73581.53
 20
517.52
 30
0.0
 40
465.95
  1
B
 41
0.82
  7
_TCH_AXIS
 72
     5
 11
73892.17
 21
517.52
 31
0.0
100
AcDbAttribute
280
     0
  2
A
 70
     0
280
     0
  0
SEQEND
  5
5EE
330
5EC
100
AcDbEntity
  8
HT-A-AXIS-F01-NEW
  0
LINE
  5
5EF
330
2
100
AcDbEntity
  8
HT-A-AXIS-F01-NEW
100
AcDbLine
 10
54536.85
 20
4950.49
 30
0.0
 11
50536.85
 21
4950.49
 31
0.0
  0
INSERT
  5
5F0
330
2
100
AcDbEntity
  8
HT-A-AXIS-F01-NEW
100
AcDbBlockReference
 66
     1
  2
_AXISO
 10
50136.85
 20
4950.49
 30
0.0
 41
800.0
 42
800.0
 43
800.0
  0
ATTRIB
  5
5F1
330
5F0
100
AcDbEntity
  8
HT-A-AXIS-TEXT-F01-NEW
100
AcDbText
 10
49974.1
 20
4722.64
 30
0.0
 40
455.69
  1
C
  7
_TCH_AXIS
 72
     5
 11
50299.6
 21
4722.64
 31
0.0
100
AcDbAttribute
280
     0
  2
A
 70
     0
280
     0
  0
SEQEND
  5
5F2
330
5F0
100
AcDbEntity
  8
HT-A-AXIS-F01-NEW
  0
LINE
  5
5F3
330
2
100
AcDbEntity
  8
HT-A-AXIS-F01-NEW
100
AcDbLine
 10
69336.85
 20
4950.49
 30
0.0
 11
73336.85
 21
4950.49
 31
0.0
  0
INSERT
  5
5F4
330
2
100
AcDbEntity
  8
HT-A-AXIS-F01-NEW
100
AcDbBlockReference
 66
     1
  2
_AXISO
 10
73736.85
 20
4950.49
 30
0.0
 41
800.0
 42
800.0
 43
800.0
  0
ATTRIB
  5
5F5
330
5F4
100
AcDbEntity
  8
HT-A-AXIS-TEXT-F01-NEW
100
AcDbText
 10
73574.1
 20
4722.64
 30
0.0
 40
455.69
  1
C
  7
_TCH_AXIS
 72
     5
 11
73899.6
 21
4722.64
 31
0.0
100
AcDbAttribute
280
     0
  2
A
 70
     0
280
     0
  0
SEQEND
  5
5F6
330
5F4
100
AcDbEntity
  8
HT-A-AXIS-F01-NEW
  0
LINE
  5
5F7
330
2
100
AcDbEntity
  8
HT-A-AXIS-F01-NEW
100
AcDbLine
 10
54536.85
 20
6750.49
 30
0.0
 11
50536.85
 21
6750.49
 31
0.0
  0
INSERT
  5
5F8
330
2
100
AcDbEntity
  8
HT-A-AXIS-F01-NEW
100
AcDbBlockReference
 66
     1
  2
_AXISO
 10
50136.85
 20
6750.49
 30
0.0
 41
800.0
 42
800.0
 43
800.0
  0
ATTRIB
  5
5F9
330
5F8
100
AcDbEntity
  8
HT-A-AXIS-TEXT-F01-NEW
100
AcDbText
 10
49981.53
 20
6517.52
 30
0.0
 40
465.95
  1
D
 41
0.82
  7
_TCH_AXIS
 72
     5
 11
50292.17
 21
6517.52
 31
0.0
100
AcDbAttribute
280
     0
  2
A
 70
     0
280
     0
  0
SEQEND
  5
5FA
330
5F8
100
AcDbEntity
  8
HT-A-AXIS-F01-NEW
  0
LINE
  5
5FB
330
2
100
AcDbEntity
  8
HT-A-AXIS-F01-NEW
100
AcDbLine
 10
69336.85
 20
6750.49
 30
0.0
 11
73336.85
 21
6750.49
 31
0.0
  0
INSERT
  5
5FC
330
2
100
AcDbEntity
  8
HT-A-AXIS-F01-NEW
100
AcDbBlockReference
 66
     1
  2
_AXISO
 10
73736.85
 20
6750.49
 30
0.0
 41
800.0
 42
800.0
 43
800.0
  0
ATTRIB
  5
5FD
330
5FC
100
AcDbEntity
  8
HT-A-AXIS-TEXT-F01-NEW
100
AcDbText
 10
73581.53
 20
6517.52
 30
0.0
 40
465.95
  1
D
 41
0.82
  7
_TCH_AXIS
 72
     5
 11
73892.17
 21
6517.52
 31
0.0
100
AcDbAttribute
280
     0
  2
A
 70
     0
280
     0
  0
SEQEND
  5
5FE
330
5FC
100
AcDbEntity
  8
HT-A-AXIS-F01-NEW
  0
LINE
  5
5FF
330
2
100
AcDbEntity
  8
HT-A-AXIS-F01-NEW
100
AcDbLine
 10
54536.85
 20
9150.49
 30
0.0
 11
50536.85
 21
9150.49
 31
0.0
  0
INSERT
  5
600
330
2
100
AcDbEntity
  8
HT-A-AXIS-F01-NEW
100
AcDbBlockReference
 66
     1
  2
_AXISO
 10
50136.85
 20
9150.49
 30
0.0
 41
800.0
 42
800.0
 43
800.0
  0
ATTRIB
  5
601
330
600
100
AcDbEntity
  8
HT-A-AXIS-TEXT-F01-NEW
100
AcDbText
 10
49989.47
 20
8912.42
 30
0.0
 40
476.15
  1
E
 41
0.81
  7
_TCH_AXIS
 72
     5
 11
50284.23
 21
8912.42
 31
0.0
100
AcDbAttribute
280
     0
  2
A
 70
     0
280
     0
  0
SEQEND
  5
602
330
600
100
AcDbEntity
  8
HT-A-AXIS-F01-NEW
  0
LINE
  5
603
330
2
100
AcDbEntity
  8
HT-A-AXIS-F01-NEW
100
AcDbLine
 10
69336.85
 20
9150.49
 30
0.0
 11
73336.85
 21
9150.49
 31
0.0
  0
INSERT
  5
604
330
2
100
AcDbEntity
  8
HT-A-AXIS-F01-NEW
100
AcDbBlockReference
 66
     1
  2
_AXISO
 10
73736.85
 20
9150.49
 30
0.0
 41
800.0
 42
800.0
 43
800.0
  0
ATTRIB
  5
605
330
604
100
AcDbEntity
  8
HT-A-AXIS-TEXT-F01-NEW
100
AcDbText
 10
73589.47
 20
8912.42
 30
0.0
 40
476.15
  1
E
 41
0.81
  7
_TCH_AXIS
 72
     5
 11
73884.23
 21
8912.42
 31
0.0
100
AcDbAttribute
280
     0
  2
A
 70
     0
280
     0
  0
SEQEND
  5
606
330
604
100
AcDbEntity
  8
HT-A-AXIS-F01-NEW
  0
INSERT
  5
607
330
2
100
AcDbEntity
  8
HT-A-COLUMN-F01-NEW
100
AcDbBlockReference
  2
_FZH
 10
55536.85
 20
750.49
 30
0.0
 41
200.0
 42
200.0
 43
200.0
  0
INSERT
  5
608
330
2
100
AcDbEntity
  8
HT-A-COLUMN-F01-NEW
100
AcDbBlockReference
  2
_FZH
 10
59536.85
 20
750.49
 30
0.0
 41
200.0
 42
200.0
 43
200.0
  0
INSERT
  5
609
330
2
100
AcDbEntity
  8
HT-A-COLUMN-F01-NEW
100
AcDbBlockReference
  2
_FZH
 10
55536.85
 20
4950.49
 30
0.0
 41
200.0
 42
200.0
 43
200.0
  0
INSERT
  5
60A
330
2
100
AcDbEntity
  8
HT-A-COLUMN-F01-NEW
100
AcDbBlockReference
  2
_FZH
 10
59536.85
 20
4950.49
 30
0.0
 41
200.0
 42
200.0
 43
200.0
  0
LINE
  5
60B
330
2
100
AcDbEntity
  8
HT-A-WALL-F01-NEW
100
AcDbLine
 10
59636.85
 20
4850.49
 30
0.0
 11
59636.85
 21
850.49
 31
0.0
  0
LINE
  5
60C
330
2
100
AcDbEntity
  8
HT-A-WALL-F01-NEW
100
AcDbLine
 10
59436.85
 20
4850.49
 30
0.0
 11
59436.85
 21
850.49
 31
0.0
  0
INSERT
  5
60D
330
2
100
AcDbEntity
  8
HT-A-COLUMN-F01-NEW
100
AcDbBlockReference
  2
_FZH
 10
55536.85
 20
9150.49
 30
0.0
 41
200.0
 42
200.0
 43
200.0
  0
INSERT
  5
60E
330
2
100
AcDbEntity
  8
HT-A-COLUMN-F01-NEW
100
AcDbBlockReference
  2
_FZH
 10
59536.85
 20
9150.49
 30
0.0
 41
200.0
 42
200.0
 43
200.0
  0
LINE
  5
60F
330
2
100
AcDbEntity
  8
HT-A-WALL-F01-NEW
100
AcDbLine
 10
59436.85
 20
9050.49
 30
0.0
 11
55636.85
 21
9050.49
 31
0.0
  0
LINE
  5
610
330
2
100
AcDbEntity
  8
HT-A-WALL-F01-NEW
100
AcDbLine
 10
59436.85
 20
9250.49
 30
0.0
 11
55636.85
 21
9250.49
 31
0.0
  0
INSERT
  5
611
330
2
100
AcDbEntity
  8
HT-A-COLUMN-F01-NEW
100
AcDbBlockReference
  2
_FZH
 10
64336.85
 20
750.49
 30
0.0
 41
200.0
 42
200.0
 43
200.0
  0
INSERT
  5
612
330
2
100
AcDbEntity
  8
HT-A-COLUMN-F01-NEW
100
AcDbBlockReference
  2
_FZH
 10
68336.85
 20
750.49
 30
0.0
 41
200.0
 42
200.0
 43
200.0
  0
LINE
  5
613
330
2
100
AcDbEntity
  8
HT-A-WALL-F01-NEW
100
AcDbLine
 10
68236.85
 20
850.49
 30
0.0
 11
68236.85
 21
4850.49
 31
0.0
  0
LINE
  5
614
330
2
100
AcDbEntity
  8
HT-A-WALL-F01-NEW
100
AcDbLine
 10
68436.85
 20
850.49
 30
0.0
 11
68436.85
 21
4850.49
 31
0.0
  0
INSERT
  5
615
330
2
100
AcDbEntity
  8
HT-A-COLUMN-F01-NEW
100
AcDbBlockReference
  2
_FZH
 10
68336.85
 20
4950.49
 30
0.0
 41
200.0
 42
200.0
 43
200.0
  0
INSERT
  5
616
330
2
100
AcDbEntity
  8
HT-A-COLUMN-F01-NEW
100
AcDbBlockReference
  2
_FZH
 10
64336.85
 20
4950.49
 30
0.0
 41
200.0
 42
200.0
 43
200.0
  0
INSERT
  5
617
330
2
100
AcDbEntity
  8
HT-A-COLUMN-F01-NEW
100
AcDbBlockReference
  2
_FZH
 10
64336.85
 20
9150.49
 30
0.0
 41
200.0
 42
200.0
 43
200.0
  0
INSERT
  5
618
330
2
100
AcDbEntity
  8
HT-A-COLUMN-F01-NEW
100
AcDbBlockReference
  2
_FZH
 10
68336.85
 20
9150.49
 30
0.0
 41
200.0
 42
200.0
 43
200.0
  0
INSERT
  5
619
330
2
100
AcDbEntity
  8
HT-A-WIND-F01-NEW
100
AcDbBlockReference
 66
     1
  2
$DorLib2D$00000002
 10
29273.03
 20
750.49
 30
0.0
 41
-1800.0
 42
-1800.0
 43
-1800.0
1001
WTHICK
1040
200.0
  0
ATTRIB
  5
61A
330
619
100
AcDbEntity
  8
HT-A-WIND-TEXT-F01-NEW
100
AcDbText
 10
29078.03
 20
976.74
 30
0.0
 40
297.5
  1

 41
0.71
  7
_TCH_WINDOW
100
AcDbAttribute
280
     0
  2
A
 70
     0
280
     0
  0
SEQEND
  5
61B
330
619
100
AcDbEntity
  8
HT-A-WIND-F01-NEW
  0
LINE
  5
61C
330
2
100
AcDbEntity
  8
HT-A-WALL-F01-NEW
100
AcDbLine
 10
58236.85
 20
4850.49
 30
0.0
 11
58386.85
 21
4850.49
 31
0.0
  0
LINE
  5
61D
330
2
100
AcDbEntity
  8
HT-A-WALL-F01-NEW
100
AcDbLine
 10
58386.85
 20
4850.49
 30
0.0
 11
58386.85
 21
5050.49
 31
0.0
  0
LINE
  5
61E
330
2
100
AcDbEntity
  8
HT-A-WALL-F01-NEW
100
AcDbLine
 10
58386.85
 20
5050.49
 30
0.0
 11
58286.85
 21
5050.49
 31
0.0
  0
LINE
  5
61F
330
2
100
AcDbEntity
  8
HT-A-WALL-F01-NEW
100
AcDbLine
 10
59436.85
 20
5050.49
 30
0.0
 11
59386.85
 21
5050.49
 31
0.0
  0
LINE
  5
620
330
2
100
AcDbEntity
  8
HT-A-WALL-F01-NEW
100
AcDbLine
 10
59386.85
 20
5050.49
 30
0.0
 11
59386.85
 21
4850.49
 31
0.0
  0
LINE
  5
621
330
2
100
AcDbEntity
  8
HT-A-WALL-F01-NEW
100
AcDbLine
 10
59386.85
 20
4850.49
 30
0.0
 11
59436.85
 21
4850.49
 31
0.0
  0
INSERT
  5
622
330
2
100
AcDbEntity
  8
HT-A-WIND-F01-NEW
100
AcDbBlockReference
 66
     1
  2
$DorLib2D$00000001
 10
58886.85
 20
4950.49
 30
0.0
 41
1000.0
 42
-1000.0
 43
1000.0
1001
WTHICK
1040
200.0
  0
ATTRIB
  5
623
330
622
100
AcDbEntity
  8
HT-A-WIND-TEXT-F01-NEW
100
AcDbText
 10
58691.85
 20
5176.74
 30
0.0
 40
297.5
  1

 41
0.71
  7
_TCH_WINDOW
100
AcDbAttribute
280
     0
  2
A
 70
     0
280
     0
  0
SEQEND
  5
624
330
622
100
AcDbEntity
  8
HT-A-WIND-F01-NEW
  0
INSERT
  5
625
330
2
100
AcDbEntity
  8
HT-A-WIND-F01-NEW
100
AcDbBlockReference
 66
     1
  2
$DorLib2D$00000001
 10
64986.85
 20
6750.49
 30
0.0
 41
1000.0
 42
-1000.0
 43
1000.0
 50
180.0
1001
WTHICK
1040
200.0
  0
ATTRIB
  5
626
330
625
100
AcDbEntity
  8
HT-A-WIND-TEXT-F01-NEW
100
AcDbText
 10
64791.85
 20
6226.74
 30
0.0
 40
297.5
  1

 41
0.71
  7
_TCH_WINDOW
100
AcDbAttribute
280
     0
  2
A
 70
     0
280
     0
  0
SEQEND
  5
627
330
625
100
AcDbEntity
  8
HT-A-WIND-F01-NEW
  0
LINE
  5
628
330
2
100
AcDbEntity
  8
HT-A-WALL-F01-NEW
100
AcDbLine
 10
59636.85
 20
4850.49
 30
0.0
 11
59686.85
 21
4850.49
 31
0.0
  0
LINE
  5
629
330
2
100
AcDbEntity
  8
HT-A-WALL-F01-NEW
100
AcDbLine
 10
59686.85
 20
4850.49
 30
0.0
 11
59686.85
 21
5050.49
 31
0.0
  0
LINE
  5
62A
330
2
100
AcDbEntity
  8
HT-A-WALL-F01-NEW
100
AcDbLine
 10
59686.85
 20
5050.49
 30
0.0
 11
59636.85
 21
5050.49
 31
0.0
  0
LINE
  5
62B
330
2
100
AcDbEntity
  8
HT-A-WALL-F01-NEW
100
AcDbLine
 10
64236.85
 20
5050.49
 30
0.0
 11
60686.85
 21
5050.49
 31
0.0
  0
LINE
  5
62C
330
2
100
AcDbEntity
  8
HT-A-WALL-F01-NEW
100
AcDbLine
 10
60686.85
 20
5050.49
 30
0.0
 11
60686.85
 21
4850.49
 31
0.0
  0
LINE
  5
62D
330
2
100
AcDbEntity
  8
HT-A-WALL-F01-NEW
100
AcDbLine
 10
60686.85
 20
4850.49
 30
0.0
 11
64236.85
 21
4850.49
 31
0.0
  0
INSERT
  5
62E
330
2
100
AcDbEntity
  8
HT-A-WIND-F01-NEW
100
AcDbBlockReference
 66
     1
  2
$DorLib2D$00000001
 10
60186.85
 20
4950.49
 30
0.0
 41
-1000.0
 42
-1000.0
 43
-1000.0
1001
WTHICK
1040
200.0
  0
ATTRIB
  5
62F
330
62E
100
AcDbEntity
  8
HT-A-WIND-TEXT-F01-NEW
100
AcDbText
 10
59991.85
 20
5176.74
 30
0.0
 40
297.5
  1

 41
0.71
  7
_TCH_WINDOW
100
AcDbAttribute
280
     0
  2
A
 70
     0
280
     0
  0
SEQEND
  5
630
330
62E
100
AcDbEntity
  8
HT-A-WIND-F01-NEW
  0
INSERT
  5
631
330
2
100
AcDbEntity
  8
HT-A-WIND-F01-NEW
100
AcDbBlockReference
 66
     1
  2
$DorLib2D$00000001
 10
64336.85
 20
5650.49
 30
0.0
 41
1000.0
 42
1000.0
 43
1000.0
 50
270.0
1001
WTHICK
1040
200.0
  0
ATTRIB
  5
632
330
631
100
AcDbEntity
  8
HT-A-WIND-TEXT-F01-NEW
100
AcDbText
 10
64010.6
 20
5455.49
 30
0.0
 40
297.5
  1

 50
90.0
 41
0.71
  7
_TCH_WINDOW
100
AcDbAttribute
280
     0
  2
A
 70
     0
280
     0
  0
SEQEND
  5
633
330
631
100
AcDbEntity
  8
HT-A-WIND-F01-NEW
  0
TEXT
  5
634
330
2
100
AcDbEntity
  8
HT-A-ROOM-F01-NEW
100
AcDbText
 10
61090.22
 20
7177.69
 30
0.0
 40
482.27
  1
多功能厅
  7
_TCH_SPACE
100
AcDbText
  0
TEXT
  5
635
330
2
100
AcDbEntity
  8
HT-A-ROOM-F01-NEW
100
AcDbText
 10
61132.14
 20
6665.81
 30
0.0
 40
297.5
  1
18.40m
 41
0.71
  7
_TCH_SPACE
100
AcDbText
  0
TEXT
  5
636
330
2
100
AcDbEntity
  8
HT-A-ROOM-F01-NEW
100
AcDbText
 10
62292.14
 20
6840.81
 30
0.0
 40
148.75
  1
2
 41
0.71
  7
_TCH_SPACE
100
AcDbText
  0
INSERT
  5
637
330
2
100
AcDbEntity
  8
HT-A-WIND-F01-NEW
100
AcDbBlockReference
 66
     1
  2
$DorLib2D$00000131
 10
61936.85
 20
750.49
 30
0.0
 41
-2400.0
 42
-200.0
 43
-2400.0
1001
WTHICK
1040
200.0
  0
ATTRIB
  5
638
330
637
100
AcDbEntity
  8
HT-A-WIND-TEXT-F01-NEW
100
AcDbText
 10
61741.85
 20
976.74
 30
0.0
 40
297.5
  1

 41
0.71
  7
_TCH_WINDOW
100
AcDbAttribute
280
     0
  2
A
 70
     0
280
     0
  0
SEQEND
  5
639
330
637
100
AcDbEntity
  8
HT-A-WIND-F01-NEW
  0
TEXT
  5
63A
330
2
100
AcDbEntity
  8
HT-A-ROOM-F01-NEW
100
AcDbText
 10
39687.52
 20
-4715.84
 30
0.0
 40
482.27
  1
一层平面图
  7
_TCH_SPACE
100
AcDbText
  0
TEXT
  5
63B
330
2
100
AcDbEntity
  8
HT-A-ROOM-F01-NEW
100
AcDbText
 10
72351.34
 20
-4715.84
 30
0.0
 40
482.27
  1
二层平面图
  7
_TCH_SPACE
100
AcDbText
  0
ENDSEC
  0
SECTION
  2
OBJECTS
  0
DICTIONARY
  5
9
330
0
100
AcDbDictionary
281
     1
  3
ACAD_CIP_PREVIOUS_PRODUCT_INFO
350
699
  3
ACAD_COLOR
350
39D
  3
ACAD_DETAILVIEWSTYLE
350
4D7
  3
ACAD_GROUP
350
38A
  3
ACAD_LAYOUT
350
36A
  3
ACAD_MATERIAL
350
B
  3
ACAD_MLEADERSTYLE
350
3A0
  3
ACAD_MLINESTYLE
350
38B
  3
ACAD_PLOTSETTINGS
350
38C
  3
ACAD_PLOTSTYLENAME
350
8
  3
ACAD_SCALELIST
350
39E
  3
ACAD_SECTIONVIEWSTYLE
350
4D5
  3
ACAD_TABLESTYLE
350
39F
  3
ACAD_VISUALSTYLE
350
384
  3
ACDB_RECOMPOSE_DATA
350
782
  3
AcDbVariableDictionary
350
3A1
  3
TCH_DBCONFIG
350
772
  0
DICTIONARY
  5
374
330
373
100
AcDbDictionary
280
     1
281
     1
  3
ACAD_LAYERFILTERS
360
375
  3
ACAD_LAYERSTATES
360
376
  3
ACLYDICTIONARY
360
377
  0
DICTIONARY
  5
3
330
2
100
AcDbDictionary
280
     1
281
     1
  3
ACAD_SORTENTS
360
3C8
  0
DICTIONARY
  5
22
330
21
100
AcDbDictionary
280
     1
281
     1
  3
ACAD_SORTENTS
360
3BE
  0
DICTIONARY
  5
78
330
77
100
AcDbDictionary
280
     1
281
     1
  0
DICTIONARY
  5
E7
330
E6
100
AcDbDictionary
280
     1
281
     1
  0
DICTIONARY
  5
4DC
330
4D9
100
AcDbDictionary
280
     1
281
     1
  0
XRECORD
  5
699
102
{ACAD_REACTORS
330
9
102
}
330
9
100
AcDbXrecord
280
     1
300
ACD
300
2021
300

  0
DICTIONARY
  5
39D
102
{ACAD_REACTORS
330
9
102
}
330
9
100
AcDbDictionary
281
     1
  0
DICTIONARY
  5
4D7
102
{ACAD_REACTORS
330
9
102
}
330
9
100
AcDbDictionary
281
     1
  3
Imperial24
350
4D8
  3
Metric50
350
691
  0
DICTIONARY
  5
38A
102
{ACAD_REACTORS
330
9
102
}
330
9
100
AcDbDictionary
281
     1
  0
DICTIONARY
  5
36A
102
{ACAD_REACTORS
330
9
102
}
330
9
100
AcDbDictionary
281
     1
  3
Model
350
369
  3
布局1
350
36E
  3
布局2
350
372
  0
DICTIONARY
  5
B
102
{ACAD_REACTORS
330
9
102
}
330
9
100
AcDbDictionary
281
     1
  3
ByBlock
350
395
  3
ByLayer
350
38D
  3
Global
350
A
  0
DICTIONARY
  5
3A0
102
{ACAD_REACTORS
330
9
102
}
330
9
100
AcDbDictionary
281
     1
  3
Standard
350
4D4
  0
DICTIONARY
  5
38B
102
{ACAD_REACTORS
330
9
102
}
330
9
100
AcDbDictionary
281
     1
  3
Standard
350
3A9
  0
DICTIONARY
  5
38C
102
{ACAD_REACTORS
330
9
102
}
330
9
100
AcDbDictionary
281
     1
  0
ACDBDICTIONARYWDFLT
  5
8
102
{ACAD_REACTORS
330
9
102
}
330
9
100
AcDbDictionary
281
     1
  3
Normal
350
7
100
AcDbDictionaryWithDefault
340
7
  0
DICTIONARY
  5
39E
102
{ACAD_REACTORS
330
9
102
}
330
9
100
AcDbDictionary
281
     1
  3
A0
350
3AD
  3
A1
350
3AE
  3
A2
350
3AF
  3
A3
350
3B0
  3
A4
350
3B1
  3
A5
350
3B2
  3
A6
350
3B3
  3
A7
350
3B4
  3
A8
350
3B5
  3
A9
350
3B6
  3
B0
350
3B7
  3
B1
350
3B8
  3
B2
350
3B9
  3
B3
350
3BA
  3
B4
350
3BB
  3
B5
350
3BC
  3
B6
350
3BD
  0
DICTIONARY
  5
4D5
102
{ACAD_REACTORS
330
9
102
}
330
9
100
AcDbDictionary
281
     1
  3
Imperial24
350
4D6
  3
Metric50
350
690
  0
DICTIONARY
  5
39F
102
{ACAD_REACTORS
330
9
102
}
330
9
100
AcDbDictionary
281
     1
  3
Standard
350
3AA
  0
DICTIONARY
  5
384
102
{ACAD_REACTORS
330
9
102
}
330
9
100
AcDbDictionary
281
     1
  3
2dWireframe
350
383
  3
Basic
350
4BF
  3
Brighten
350
4C0
  3
ColorChange
350
4C1
  3
Conceptual
350
4C2
  3
Dim
350
4C3
  3
EdgeColorOff
350
4C4
  3
Facepattern
350
4C5
  3
Flat
350
4C6
  3
FlatWithEdges
350
4C7
  3
Gouraud
350
4C8
  3
GouraudWithEdges
350
4C9
  3
Hidden
350
4CA
  3
JitterOff
350
4CB
  3
Linepattern
350
4CC
  3
OverhangOff
350
4CD
  3
Realistic
350
3AB
  3
Shaded
350
4CE
  3
Shaded with edges
350
4CF
  3
Shades of Gray
350
4D0
  3
Sketchy
350
4D1
  3
Thicken
350
4D2
  3
Wireframe
350
3AC
  3
X-Ray
350
4D3
  0
XRECORD
  5
782
102
{ACAD_REACTORS
330
9
102
}
330
9
100
AcDbXrecord
280
     1
 90
        1
330
3AA
  0
DICTIONARY
  5
3A1
102
{ACAD_REACTORS
330
9
102
}
330
9
100
AcDbDictionary
281
     1
  3
CANNOSCALE
350
3A2
  3
CENTEREXE
350
3A3
  3
CENTERLTYPEFILE
350
3A4
  3
CMLEADERSTYLE
350
3A5
  3
CTABLESTYLE
350
3A6
  3
CVIEWDETAILSTYLE
350
3A7
  3
CVIEWSECTIONSTYLE
350
3A8
  3
LAYEREVAL
350
68C
  3
LAYERNOTIFY
350
68D
  3
LIGHTINGUNITS
350
68B
  3
MSLTSCALE
350
68A
  0
TCH_DBCONFIG
  5
772
102
{ACAD_REACTORS
330
9
102
}
330
9
100
TDbConfig
  0
DICTIONARY
  5
375
102
{ACAD_REACTORS
330
374
102
}
330
374
100
AcDbDictionary
281
     1
  0
DICTIONARY
  5
376
102
{ACAD_REACTORS
330
374
102
}
330
374
100
AcDbDictionary
281
     1
  0
DICTIONARY
  5
377
102
{ACAD_REACTORS
330
374
102
}
330
374
100
AcDbDictionary
281
     1
1001
ACAD
1000
<All
  0
SORTENTSTABLE
  5
3C8
102
{ACAD_REACTORS
330
3
102
}
330
3
100
AcDbSortentsTable
330
2
  0
SORTENTSTABLE
  5
3BE
102
{ACAD_REACTORS
330
22
102
}
330
22
100
AcDbSortentsTable
330
21
  0
ACDBDETAILVIEWSTYLE
  5
4D8
102
{ACAD_REACTORS
330
4D7
102
}
330
4D7
100
AcDbModelDocViewStyle
 70
     0
  3
Imperial24
290
     0
300
Imperial24
 90
        0
100
AcDbDetailViewStyle
 70
     0
 71
     0
 90
        3
 71
     1
340
37A
 62
   256
 40
0.24
340
0
 62
   256
 40
0.24
300

 40
0.36
280
     3
 71
     2
340
13
 90
       25
 62
   256
 71
     3
340
37A
 62
   256
 40
0.24
 90
        1
 40
0.75
 90
        1
300
%<\AcVar ViewType \f "%tc1">% %<\AcVar ViewDetailId>%\PSCALE %<\AcVar ViewScale \f "%sn">%
 71
     4
340
13
 90
       25
 62
   256
340
13
 90
       25
 62
   256
280
     0
  0
ACDBDETAILVIEWSTYLE
  5
691
102
{ACAD_REACTORS
330
4D7
102
}
330
4D7
100
AcDbModelDocViewStyle
 70
     0
  3
Metric50
290
     1
300
Metric50
 90
        0
100
AcDbDetailViewStyle
 70
     0
 71
     0
 90
        3
 71
     1
340
37A
 62
   256
 40
5.0
340
0
 62
   256
 40
5.0
300

 40
0.0
280
     1
 71
     2
340
13
 90
       25
 62
   256
 71
     3
340
37A
 62
   256
 40
5.0
 90
        0
 40
15.0
 90
        1
300
%<\AcVar ViewDetailId>% (%<\AcVar ViewScale \f "%sn">%)
 71
     4
340
13
 90
       25
 62
   256
340
13
 90
       25
 62
   256
280
     0
  0
LAYOUT
  5
369
102
{ACAD_XDICTIONARY
360
64D
102
}
102
{ACAD_REACTORS
330
36A
102
}
330
36A
100
AcDbPlotSettings
  1

  2
Microsoft Print to PDF
  4

  6

 40
0.0
 41
0.0
 42
0.0
 43
0.0
 44
0.0
 45
0.0
 46
0.0
 47
0.0
 48
0.0
 49
0.0
140
0.0
141
0.0
142
1.0
143
1.0
 70
  1712
 72
     0
 73
     0
 74
     0
  7
TArch20V8.ctb
 75
     0
147
1.0
 76
     0
 77
     2
 78
   300
148
0.0
149
0.0
100
AcDbLayout
  1
Model
 70
     1
 71
     0
 10
0.0
 20
0.0
 11
12.0
 21
9.0
 12
0.0
 22
0.0
 32
0.0
 14
0.0
 24
0.0
 34
0.0
 15
0.0
 25
0.0
 35
0.0
146
0.0
 13
0.0
 23
0.0
 33
0.0
 16
1.0
 26
0.0
 36
0.0
 17
0.0
 27
1.0
 37
0.0
 76
     0
330
2
331
382
  0
LAYOUT
  5
36E
102
{ACAD_REACTORS
330
36A
102
}
330
36A
100
AcDbPlotSettings
  1

  2
Microsoft Print to PDF
  4

  6

 40
0.0
 41
0.0
 42
0.0
 43
0.0
 44
0.0
 45
0.0
 46
0.0
 47
0.0
 48
0.0
 49
0.0
140
0.0
141
0.0
142
1.0
143
1.0
 70
   688
 72
     0
 73
     0
 74
     5
  7
TArch20V8.ctb
 75
    16
147
1.0
 76
     0
 77
     2
 78
   300
148
0.0
149
0.0
100
AcDbLayout
  1
布局1
 70
     1
 71
     1
 10
0.0
 20
0.0
 11
420.0
 21
297.0
 12
0.0
 22
0.0
 32
0.0
 14
1.00E+20
 24
1.00E+20
 34
1.00E+20
 15
-1.00E+20
 25
-1.00E+20
 35
-1.00E+20
146
0.0
 13
0.0
 23
0.0
 33
0.0
 16
1.0
 26
0.0
 36
0.0
 17
0.0
 27
1.0
 37
0.0
 76
     0
330
36B
  0
LAYOUT
  5
372
102
{ACAD_REACTORS
330
36A
102
}
330
36A
100
AcDbPlotSettings
  1

  2
Microsoft Print to PDF
  4

  6

 40
0.0
 41
0.0
 42
0.0
 43
0.0
 44
0.0
 45
0.0
 46
0.0
 47
0.0
 48
0.0
 49
0.0
140
0.0
141
0.0
142
1.0
143
1.0
 70
   688
 72
     0
 73
     0
 74
     5
  7
TArch20V8.ctb
 75
    16
147
1.0
 76
     0
 77
     2
 78
   300
148
0.0
149
0.0
100
AcDbLayout
  1
布局2
 70
     1
 71
     2
 10
0.0
 20
0.0
 11
12.0
 21
9.0
 12
0.0
 22
0.0
 32
0.0
 14
0.0
 24
0.0
 34
0.0
 15
0.0
 25
0.0
 35
0.0
146
0.0
 13
0.0
 23
0.0
 33
0.0
 16
1.0
 26
0.0
 36
0.0
 17
0.0
 27
1.0
 37
0.0
 76
     0
330
36F
  0
MATERIAL
  5
395
102
{ACAD_XDICTIONARY
360
396
102
}
102
{ACAD_REACTORS
330
B
102
}
330
B
100
AcDbMaterial
  1
ByBlock
 72
     0
 43
0.02
 43
0.0
 43
0.0
 43
0.0
 43
0.0
 43
0.02
 43
0.0
 43
0.0
 43
0.0
 43
0.0
 43
1.0
 43
0.0
 43
0.0
 43
0.0
 43
0.0
 43
1.0
 77
     0
 47
0.02
 47
0.0
 47
0.0
 47
0.0
 47
0.0
 47
0.02
 47
0.0
 47
0.0
 47
0.0
 47
0.0
 47
1.0
 47
0.0
 47
0.0
 47
0.0
 47
0.0
 47
1.0
171
     0
 49
0.02
 49
0.0
 49
0.0
 49
0.0
 49
0.0
 49
0.02
 49
0.0
 49
0.0
 49
0.0
 49
0.0
 49
1.0
 49
0.0
 49
0.0
 49
0.0
 49
0.0
 49
1.0
175
     0
142
0.02
142
0.0
142
0.0
142
0.0
142
0.0
142
0.02
142
0.0
142
0.0
142
0.0
142
0.0
142
1.0
142
0.0
142
0.0
142
0.0
142
0.0
142
1.0
179
     0
144
0.02
144
0.0
144
0.0
144
0.0
144
0.0
144
0.02
144
0.0
144
0.0
144
0.0
144
0.0
144
1.0
144
0.0
144
0.0
144
0.0
144
0.0
144
1.0
147
0.02
147
0.0
147
0.0
147
0.0
147
0.0
147
0.02
147
0.0
147
0.0
147
0.0
147
0.0
147
1.0
147
0.0
147
0.0
147
0.0
147
0.0
147
1.0
  0
MATERIAL
  5
38D
102
{ACAD_XDICTIONARY
360
38E
102
}
102
{ACAD_REACTORS
330
B
102
}
330
B
100
AcDbMaterial
  1
ByLayer
 72
     0
 43
0.02
 43
0.0
 43
0.0
 43
0.0
 43
0.0
 43
0.02
 43
0.0
 43
0.0
 43
0.0
 43
0.0
 43
1.0
 43
0.0
 43
0.0
 43
0.0
 43
0.0
 43
1.0
 77
     0
 47
0.02
 47
0.0
 47
0.0
 47
0.0
 47
0.0
 47
0.02
 47
0.0
 47
0.0
 47
0.0
 47
0.0
 47
1.0
 47
0.0
 47
0.0
 47
0.0
 47
0.0
 47
1.0
171
     0
 49
0.02
 49
0.0
 49
0.0
 49
0.0
 49
0.0
 49
0.02
 49
0.0
 49
0.0
 49
0.0
 49
0.0
 49
1.0
 49
0.0
 49
0.0
 49
0.0
 49
0.0
 49
1.0
175
     0
142
0.02
142
0.0
142
0.0
142
0.0
142
0.0
142
0.02
142
0.0
142
0.0
142
0.0
142
0.0
142
1.0
142
0.0
142
0.0
142
0.0
142
0.0
142
1.0
179
     0
144
0.02
144
0.0
144
0.0
144
0.0
144
0.0
144
0.02
144
0.0
144
0.0
144
0.0
144
0.0
144
1.0
144
0.0
144
0.0
144
0.0
144
0.0
144
1.0
147
0.02
147
0.0
147
0.0
147
0.0
147
0.0
147
0.02
147
0.0
147
0.0
147
0.0
147
0.0
147
1.0
147
0.0
147
0.0
147
0.0
147
0.0
147
1.0
  0
MATERIAL
  5
A
102
{ACAD_XDICTIONARY
360
C
102
}
102
{ACAD_REACTORS
330
B
102
}
330
B
100
AcDbMaterial
  1
Global
 72
     0
 43
0.02
 43
0.0
 43
0.0
 43
0.0
 43
0.0
 43
0.02
 43
0.0
 43
0.0
 43
0.0
 43
0.0
 43
1.0
 43
0.0
 43
0.0
 43
0.0
 43
0.0
 43
1.0
 77
     0
 47
0.02
 47
0.0
 47
0.0
 47
0.0
 47
0.0
 47
0.02
 47
0.0
 47
0.0
 47
0.0
 47
0.0
 47
1.0
 47
0.0
 47
0.0
 47
0.0
 47
0.0
 47
1.0
171
     0
 49
0.02
 49
0.0
 49
0.0
 49
0.0
 49
0.0
 49
0.02
 49
0.0
 49
0.0
 49
0.0
 49
0.0
 49
1.0
 49
0.0
 49
0.0
 49
0.0
 49
0.0
 49
1.0
175
     0
142
0.02
142
0.0
142
0.0
142
0.0
142
0.0
142
0.02
142
0.0
142
0.0
142
0.0
142
0.0
142
1.0
142
0.0
142
0.0
142
0.0
142
0.0
142
1.0
179
     0
144
0.02
144
0.0
144
0.0
144
0.0
144
0.0
144
0.02
144
0.0
144
0.0
144
0.0
144
0.0
144
1.0
144
0.0
144
0.0
144
0.0
144
0.0
144
1.0
147
0.02
147
0.0
147
0.0
147
0.0
147
0.0
147
0.02
147
0.0
147
0.0
147
0.0
147
0.0
147
1.0
147
0.0
147
0.0
147
0.0
147
0.0
147
1.0
  0
MLEADERSTYLE
  5
4D4
102
{ACAD_REACTORS
330
3A0
102
}
330
3A0
100
AcDbMLeaderStyle
179
     2
170
     2
171
     1
172
     0
 90
        2
 40
0.0
 41
0.0
173
     1
 91
-1056964608
340
37D
 92
       -2
290
     1
 42
0.09
291
     1
 43
0.36
  3
Standard
 44
0.18
300

342
37A
174
     1
178
     6
175
     1
176
     0
 93
-1056964608
 45
0.18
292
     0
297
     0
 46
0.18
 94
-1056964608
 47
1.0
 49
1.0
140
1.0
293
     1
141
0.0
294
     1
177
     0
142
1.0
295
     0
296
     0
143
0.13
271
     0
272
     9
273
     9
298
     1
  0
MLINESTYLE
  5
3A9
102
{ACAD_REACTORS
330
38B
102
}
330
38B
100
AcDbMlineStyle
  2
STANDARD
 70
     0
  3

 62
   256
 51
90.0
 52
90.0
 71
     2
 49
0.5
 62
   256
  6
BYLAYER
 49
-0.5
 62
   256
  6
BYLAYER
  0
ACDBPLACEHOLDER
  5
7
102
{ACAD_REACTORS
330
8
102
}
330
8
  0
SCALE
  5
3AD
102
{ACAD_REACTORS
330
39E
102
}
330
39E
100
AcDbScale
 70
     0
300
1:1
140
1.0
141
1.0
290
     1
  0
SCALE
  5
3AE
102
{ACAD_REACTORS
330
39E
102
}
330
39E
100
AcDbScale
 70
     0
300
1:2
140
1.0
141
2.0
290
     0
  0
SCALE
  5
3AF
102
{ACAD_REACTORS
330
39E
102
}
330
39E
100
AcDbScale
 70
     0
300
1:4
140
1.0
141
4.0
290
     0
  0
SCALE
  5
3B0
102
{ACAD_REACTORS
330
39E
102
}
330
39E
100
AcDbScale
 70
     0
300
1:5
140
1.0
141
5.0
290
     0
  0
SCALE
  5
3B1
102
{ACAD_REACTORS
330
39E
102
}
330
39E
100
AcDbScale
 70
     0
300
1:8
140
1.0
141
8.0
290
     0
  0
SCALE
  5
3B2
102
{ACAD_REACTORS
330
39E
102
}
330
39E
100
AcDbScale
 70
     0
300
1:10
140
1.0
141
10.0
290
     0
  0
SCALE
  5
3B3
102
{ACAD_REACTORS
330
39E
102
}
330
39E
100
AcDbScale
 70
     0
300
1:16
140
1.0
141
16.0
290
     0
  0
SCALE
  5
3B4
102
{ACAD_REACTORS
330
39E
102
}
330
39E
100
AcDbScale
 70
     0
300
1:20
140
1.0
141
20.0
290
     0
  0
SCALE
  5
3B5
102
{ACAD_REACTORS
330
39E
102
}
330
39E
100
AcDbScale
 70
     0
300
1:30
140
1.0
141
30.0
290
     0
  0
SCALE
  5
3B6
102
{ACAD_REACTORS
330
39E
102
}
330
39E
100
AcDbScale
 70
     0
300
1:40
140
1.0
141
40.0
290
     0
  0
SCALE
  5
3B7
102
{ACAD_REACTORS
330
39E
102
}
330
39E
100
AcDbScale
 70
     0
300
1:50
140
1.0
141
50.0
290
     0
  0
SCALE
  5
3B8
102
{ACAD_REACTORS
330
39E
102
}
330
39E
100
AcDbScale
 70
     0
300
1:100
140
1.0
141
100.0
290
     0
  0
SCALE
  5
3B9
102
{ACAD_REACTORS
330
39E
102
}
330
39E
100
AcDbScale
 70
     0
300
2:1
140
2.0
141
1.0
290
     0
  0
SCALE
  5
3BA
102
{ACAD_REACTORS
330
39E
102
}
330
39E
100
AcDbScale
 70
     0
300
4:1
140
4.0
141
1.0
290
     0
  0
SCALE
  5
3BB
102
{ACAD_REACTORS
330
39E
102
}
330
39E
100
AcDbScale
 70
     0
300
8:1
140
8.0
141
1.0
290
     0
  0
SCALE
  5
3BC
102
{ACAD_REACTORS
330
39E
102
}
330
39E
100
AcDbScale
 70
     0
300
10:1
140
10.0
141
1.0
290
     0
  0
SCALE
  5
3BD
102
{ACAD_REACTORS
330
39E
102
}
330
39E
100
AcDbScale
 70
     0
300
100:1
140
100.0
141
1.0
290
     0
  0
ACDBSECTIONVIEWSTYLE
  5
4D6
102
{ACAD_REACTORS
330
4D5
102
}
330
4D5
100
AcDbModelDocViewStyle
 70
     0
  3
Imperial24
290
     0
300
Imperial24
 90
        0
100
AcDbSectionViewStyle
 70
     0
 71
     0
 90
       78
 71
     1
340
37A
 62
   256
 40
0.24
340
0
340
0
 62
   256
 40
0.24
300
I, O, Q, S, X, Z
 40
0.48
 90
        3
 40
0.18
 90
        1
 71
     2
340
13
 90
       25
 62
   256
340
13
 90
       50
 62
   256
 40
0.24
 40
0.0
 40
0.24
 71
     3
340
37A
 62
   256
 40
0.24
 90
        1
 40
0.75
 90
        1
300
%<\AcVar ViewType \f "%tc1">% %<\AcVar ViewSectionStartId>%-%<\AcVar ViewSectionEndId>%\PSCALE %<\AcVar ViewScale \f "%sn">%
 71
     4
 62
   256
 62
   257
300
ANSI31
 40
1.0
 90
        0
290
     0
290
     0
 90
        6
 40
0.0
 40
1.57
 40
0.26
 40
1.31
 40
-0.26
 40
1.83
  0
ACDBSECTIONVIEWSTYLE
  5
690
102
{ACAD_REACTORS
330
4D5
102
}
330
4D5
100
AcDbModelDocViewStyle
 70
     0
  3
Metric50
290
     1
300
Metric50
 90
        0
100
AcDbSectionViewStyle
 70
     0
 71
     0
 90
      102
 71
     1
340
37A
 62
   256
 40
5.0
340
0
340
0
 62
   256
 40
5.0
300
I, O, Q, S, X, Z
 40
10.0
 90
        0
 40
2.5
 90
        0
 71
     2
340
13
 90
       25
 62
   256
340
13
 90
       50
 62
   256
 40
5.0
 40
2.5
 40
5.0
 71
     3
340
37A
 62
   256
 40
5.0
 90
        0
 40
15.0
 90
        1
300
%<\AcVar ViewSectionStartId>%-%<\AcVar ViewSectionEndId>% (%<\AcVar ViewScale \f "%sn">%)
 71
     4
 62
   256
 62
   257
300
ANSI31
 40
1.0
 90
        0
290
     0
290
     0
 90
        6
 40
0.0
 40
1.57
 40
0.26
 40
1.31
 40
-0.26
 40
1.83
  0
TABLESTYLE
  5
3AA
102
{ACAD_XDICTIONARY
360
63E
102
}
102
{ACAD_REACTORS
330
39F
102
}
330
39F
100
AcDbTableStyle
280
     0
  3
Standard
 70
     0
 71
     0
 40
1.5
 41
1.5
280
     0
281
     0
  7
Standard
140
4.5
170
     2
 62
     0
 63
     7
283
     0
 90
      512
 91
        0
  1

274
    -2
284
     1
 64
     0
275
    -2
285
     1
 65
     0
276
    -2
286
     1
 66
     0
277
    -2
287
     1
 67
     0
278
    -2
288
     1
 68
     0
279
    -2
289
     1
 69
     0
  7
Standard
140
6.0
170
     5
 62
     0
 63
     7
283
     0
 90
      512
 91
        0
  1

274
    -2
284
     1
 64
     0
275
    -2
285
     1
 65
     0
276
    -2
286
     1
 66
     0
277
    -2
287
     1
 67
     0
278
    -2
288
     1
 68
     0
279
    -2
289
     1
 69
     0
  7
Standard
140
4.5
170
     5
 62
     0
 63
     7
283
     0
 90
      512
 91
        0
  1

274
    -2
284
     1
 64
     0
275
    -2
285
     1
 65
     0
276
    -2
286
     1
 66
     0
277
    -2
287
     1
 67
     0
278
    -2
288
     1
 68
     0
279
    -2
289
     1
 69
     0
  0
VISUALSTYLE
  5
383
102
{ACAD_REACTORS
330
384
102
}
330
384
100
AcDbVisualStyle
  2
2dWireframe
 70
     4
177
     3
291
     0
 70
    58
 90
        0
176
     1
 90
        2
176
     1
 90
        0
176
     1
 90
        0
176
     1
 40
0.6
176
     1
 40
30.0
176
     1
 62
     7
420
 16777215
176
     1
 90
        1
176
     1
 90
        4
176
     1
 62
     7
176
     1
 62
   257
176
     1
 90
        1
176
     1
 90
        1
176
     1
 40
1.0
176
     1
 90
        0
176
     1
 62
   257
176
     1
 40
1.0
176
     1
 90
        1
176
     1
 90
        6
176
     1
 90
        2
176
     1
 62
     7
176
     1
 90
        5
176
     1
 90
        0
176
     1
 90
        0
176
     1
290
     0
176
     1
 90
        1
176
     1
 40
0.0
176
     1
 90
        0
176
     1
290
     1
176
     1
290
     1
176
     1
290
     0
176
     1
290
     0
176
     1
290
     0
176
     1
290
     0
176
     1
290
     0
176
     1
290
     0
176
     1
290
     0
176
     1
 90
       50
176
     1
 40
0.0
176
     1
 40
1.0
176
     1
 90
        0
176
     1
 62
    18
420
        0
176
     1
 90
       50
176
     1
 90
        3
176
     1
 62
     5
420
      255
176
     1
290
     0
176
     1
 90
       50
176
     1
 90
       50
176
     1
 90
       50
176
     1
290
     0
176
     1
 90
       50
176
     1
 62
   256
176
     0
 40
1.0
176
     0
 90
        2
176
     1
  1
strokes_ogs.tif
176
     1
290
     0
176
     1
 40
1.0
176
     1
 40
1.0
176
     1
  0
VISUALSTYLE
  5
4BF
102
{ACAD_REACTORS
330
384
102
}
330
384
100
AcDbVisualStyle
  2
Basic
 70
     7
177
     3
291
     1
 70
    58
 90
        1
176
     1
 90
        0
176
     1
 90
        1
176
     1
 90
        0
176
     1
 40
0.6
176
     1
 40
30.0
176
     1
 62
     7
420
 16777215
176
     1
 90
        0
176
     1
 90
        4
176
     1
 62
     7
176
     1
 62
   257
176
     1
 90
        1
176
     1
 90
        1
176
     1
 40
1.0
176
     1
 90
        8
176
     1
 62
     7
176
     1
 40
1.0
176
     1
 90
        1
176
     1
 90
        6
176
     1
 90
        2
176
     1
 62
     7
176
     1
 90
        5
176
     1
 90
        0
176
     1
 90
        0
176
     1
290
     0
176
     1
 90
        1
176
     1
 40
0.0
176
     1
 90
        0
176
     1
290
     0
176
     1
290
     1
176
     1
290
     1
176
     1
290
     0
176
     1
290
     0
176
     1
290
     0
176
     1
290
     0
176
     1
290
     0
176
     1
290
     0
176
     1
 90
       50
176
     1
 40
0.0
176
     1
 40
1.0
176
     1
 90
        0
176
     1
 62
    18
420
        0
176
     1
 90
       50
176
     1
 90
        3
176
     1
 62
     5
420
      255
176
     1
290
     0
176
     1
 90
       50
176
     1
 90
       50
176
     1
 90
       50
176
     1
290
     0
176
     1
 90
       50
176
     1
 62
   256
176
     0
 40
1.0
176
     0
 90
        2
176
     1
  1
strokes_ogs.tif
176
     1
290
     0
176
     1
 40
1.0
176
     1
 40
1.0
176
     1
  0
VISUALSTYLE
  5
4C0
102
{ACAD_REACTORS
330
384
102
}
330
384
100
AcDbVisualStyle
  2
Brighten
 70
    12
177
     3
291
     1
 70
    58
 90
        2
176
     1
 90
        2
176
     1
 90
        0
176
     1
 90
        0
176
     1
 40
0.6
176
     1
 40
30.0
176
     1
 62
     7
420
 16777215
176
     1
 90
        1
176
     1
 90
        4
176
     1
 62
     7
176
     1
 62
   257
176
     1
 90
        1
176
     1
 90
        1
176
     1
 40
1.0
176
     1
 90
        8
176
     1
 62
     7
176
     1
 40
1.0
176
     1
 90
        1
176
     1
 90
        6
176
     1
 90
        2
176
     1
 62
     7
176
     1
 90
        5
176
     1
 90
        0
176
     1
 90
        0
176
     1
290
     0
176
     1
 90
        1
176
     1
 40
50.0
176
     1
 90
        0
176
     1
290
     0
176
     1
290
     1
176
     1
290
     1
176
     1
290
     0
176
     1
290
     0
176
     1
290
     0
176
     1
290
     0
176
     1
290
     0
176
     1
290
     0
176
     1
 90
       50
176
     1
 40
0.0
176
     1
 40
1.0
176
     1
 90
        0
176
     1
 62
    18
420
        0
176
     1
 90
       50
176
     1
 90
        3
176
     1
 62
     5
420
      255
176
     1
290
     0
176
     1
 90
       50
176
     1
 90
       50
176
     1
 90
       50
176
     1
290
     0
176
     1
 90
       50
176
     1
 62
   256
176
     0
 40
1.0
176
     0
 90
        2
176
     1
  1
strokes_ogs.tif
176
     1
290
     0
176
     1
 40
1.0
176
     1
 40
1.0
176
     1
  0
VISUALSTYLE
  5
4C1
102
{ACAD_REACTORS
330
384
102
}
330
384
100
AcDbVisualStyle
  2
ColorChange
 70
    16
177
     3
291
     1
 70
    58
 90
        2
176
     1
 90
        2
176
     1
 90
        3
176
     1
 90
        0
176
     1
 40
0.6
176
     1
 40
30.0
176
     1
 62
     8
420
  8421504
176
     1
 90
        1
176
     1
 90
        4
176
     1
 62
     7
176
     1
 62
   257
176
     1
 90
        1
176
     1
 90
        1
176
     1
 40
1.0
176
     1
 90
        8
176
     1
 62
     8
420
  8421504
176
     1
 40
1.0
176
     1
 90
        1
176
     1
 90
        6
176
     1
 90
        2
176
     1
 62
     7
176
     1
 90
        5
176
     1
 90
        0
176
     1
 90
        0
176
     1
290
     0
176
     1
 90
        1
176
     1
 40
0.0
176
     1
 90
        0
176
     1
290
     0
176
     1
290
     1
176
     1
290
     1
176
     1
290
     0
176
     1
290
     0
176
     1
290
     0
176
     1
290
     0
176
     1
290
     0
176
     1
290
     0
176
     1
 90
       50
176
     1
 40
0.0
176
     1
 40
1.0
176
     1
 90
        0
176
     1
 62
    18
420
        0
176
     1
 90
       50
176
     1
 90
        3
176
     1
 62
     5
420
      255
176
     1
290
     0
176
     1
 90
       50
176
     1
 90
       50
176
     1
 90
       50
176
     1
290
     0
176
     1
 90
       50
176
     1
 62
   256
176
     0
 40
1.0
176
     0
 90
        2
176
     1
  1
strokes_ogs.tif
176
     1
290
     0
176
     1
 40
1.0
176
     1
 40
1.0
176
     1
  0
VISUALSTYLE
  5
4C2
102
{ACAD_REACTORS
330
384
102
}
330
384
100
AcDbVisualStyle
  2
Conceptual
 70
     9
177
     3
291
     0
 70
    58
 90
        3
176
     1
 90
        2
176
     1
 90
        0
176
     1
 90
        0
176
     1
 40
0.6
176
     1
 40
30.0
176
     1
 62
     7
420
 16777215
176
     1
 90
        2
176
     1
 90
        2
176
     1
 62
     7
176
     1
 62
   257
176
     1
 90
        1
176
     1
 90
        1
176
     1
 40
179.0
176
     1
 90
        8
176
     1
 62
     7
176
     1
 40
1.0
176
     1
 90
        1
176
     1
 90
        6
176
     1
 90
        2
176
     1
 62
     7
176
     1
 90
        3
176
     1
 90
        0
176
     1
 90
        0
176
     1
290
     0
176
     1
 90
        1
176
     1
 40
0.0
176
     1
 90
        0
176
     1
290
     0
176
     1
290
     1
176
     1
290
     1
176
     1
290
     0
176
     1
290
     0
176
     1
290
     0
176
     1
290
     0
176
     1
290
     0
176
     1
290
     0
176
     1
 90
       50
176
     1
 40
0.0
176
     1
 40
1.0
176
     1
 90
        0
176
     1
 62
    18
420
        0
176
     1
 90
       50
176
     1
 90
        3
176
     1
 62
     5
420
      255
176
     1
290
     0
176
     1
 90
       50
176
     1
 90
       50
176
     1
 90
       50
176
     1
290
     0
176
     1
 90
       50
176
     1
 62
   256
176
     0
 40
1.0
176
     0
 90
        2
176
     1
  1
strokes_ogs.tif
176
     1
290
     0
176
     1
 40
1.0
176
     1
 40
1.0
176
     1
  0
VISUALSTYLE
  5
4C3
102
{ACAD_REACTORS
330
384
102
}
330
384
100
AcDbVisualStyle
  2
Dim
 70
    11
177
     3
291
     1
 70
    58
 90
        2
176
     1
 90
        2
176
     1
 90
        0
176
     1
 90
        0
176
     1
 40
0.6
176
     1
 40
30.0
176
     1
 62
     7
420
 16777215
176
     1
 90
        1
176
     1
 90
        4
176
     1
 62
     7
176
     1
 62
   257
176
     1
 90
        1
176
     1
 90
        1
176
     1
 40
1.0
176
     1
 90
        8
176
     1
 62
     7
176
     1
 40
1.0
176
     1
 90
        1
176
     1
 90
        6
176
     1
 90
        2
176
     1
 62
     7
176
     1
 90
        5
176
     1
 90
        0
176
     1
 90
        0
176
     1
290
     0
176
     1
 90
        1
176
     1
 40
-50.0
176
     1
 90
        0
176
     1
290
     0
176
     1
290
     1
176
     1
290
     1
176
     1
290
     0
176
     1
290
     0
176
     1
290
     0
176
     1
290
     0
176
     1
290
     0
176
     1
290
     0
176
     1
 90
       50
176
     1
 40
0.0
176
     1
 40
1.0
176
     1
 90
        0
176
     1
 62
    18
420
        0
176
     1
 90
       50
176
     1
 90
        3
176
     1
 62
     5
420
      255
176
     1
290
     0
176
     1
 90
       50
176
     1
 90
       50
176
     1
 90
       50
176
     1
290
     0
176
     1
 90
       50
176
     1
 62
   256
176
     0
 40
1.0
176
     0
 90
        2
176
     1
  1
strokes_ogs.tif
176
     1
290
     0
176
     1
 40
1.0
176
     1
 40
1.0
176
     1
  0
VISUALSTYLE
  5
4C4
102
{ACAD_REACTORS
330
384
102
}
330
384
100
AcDbVisualStyle
  2
EdgeColorOff
 70
    22
177
     3
291
     1
 70
    58
 90
        2
176
     0
 90
        2
176
     0
 90
        0
176
     0
 90
        0
176
     0
 40
0.6
176
     0
 40
30.0
176
     0
 62
     7
420
 16777215
176
     0
 90
        1
176
     0
 90
        4
176
     0
 62
     7
176
     0
 62
   257
176
     0
 90
        1
176
     0
 90
        1
176
     0
 40
1.0
176
     0
 90
        8
176
     2
 62
     7
176
     0
 40
1.0
176
     0
 90
        1
176
     0
 90
        6
176
     0
 90
        2
176
     0
 62
     7
176
     0
 90
        5
176
     0
 90
        0
176
     0
 90
        0
176
     0
290
     0
176
     0
 90
        1
176
     0
 40
0.0
176
     0
 90
        0
176
     0
290
     0
176
     0
290
     1
176
     0
290
     1
176
     0
290
     0
176
     0
290
     0
176
     0
290
     0
176
     0
290
     0
176
     0
290
     0
176
     0
290
     0
176
     0
 90
       50
176
     0
 40
0.0
176
     0
 40
1.0
176
     0
 90
        0
176
     0
 62
    18
420
        0
176
     0
 90
       50
176
     0
 90
        3
176
     0
 62
     5
420
      255
176
     0
290
     0
176
     0
 90
       50
176
     0
 90
       50
176
     0
 90
       50
176
     0
290
     0
176
     0
 90
       50
176
     0
 62
   256
176
     0
 40
1.0
176
     0
 90
        2
176
     0
  1
strokes_ogs.tif
176
     0
290
     0
176
     0
 40
1.0
176
     0
 40
1.0
176
     0
  0
VISUALSTYLE
  5
4C5
102
{ACAD_REACTORS
330
384
102
}
330
384
100
AcDbVisualStyle
  2
Facepattern
 70
    15
177
     3
291
     1
 70
    58
 90
        2
176
     1
 90
        2
176
     1
 90
        0
176
     1
 90
        0
176
     1
 40
0.6
176
     1
 40
30.0
176
     1
 62
     7
420
 16777215
176
     1
 90
        1
176
     1
 90
        4
176
     1
 62
     7
176
     1
 62
   257
176
     1
 90
        1
176
     1
 90
        1
176
     1
 40
1.0
176
     1
 90
        8
176
     1
 62
     7
176
     1
 40
1.0
176
     1
 90
        1
176
     1
 90
        6
176
     1
 90
        2
176
     1
 62
     7
176
     1
 90
        5
176
     1
 90
        0
176
     1
 90
        0
176
     1
290
     0
176
     1
 90
        1
176
     1
 40
0.0
176
     1
 90
        0
176
     1
290
     0
176
     1
290
     1
176
     1
290
     1
176
     1
290
     0
176
     1
290
     0
176
     1
290
     0
176
     1
290
     0
176
     1
290
     0
176
     1
290
     0
176
     1
 90
       50
176
     1
 40
0.0
176
     1
 40
1.0
176
     1
 90
        0
176
     1
 62
    18
420
        0
176
     1
 90
       50
176
     1
 90
        3
176
     1
 62
     5
420
      255
176
     1
290
     0
176
     1
 90
       50
176
     1
 90
       50
176
     1
 90
       50
176
     1
290
     0
176
     1
 90
       50
176
     1
 62
   256
176
     0
 40
1.0
176
     0
 90
        2
176
     1
  1
strokes_ogs.tif
176
     1
290
     0
176
     1
 40
1.0
176
     1
 40
1.0
176
     1
  0
VISUALSTYLE
  5
4C6
102
{ACAD_REACTORS
330
384
102
}
330
384
100
AcDbVisualStyle
  2
Flat
 70
     0
177
     3
291
     1
 70
    58
 90
        2
176
     1
 90
        1
176
     1
 90
        1
176
     1
 90
        2
176
     1
 40
0.6
176
     1
 40
30.0
176
     1
 62
     7
420
 16777215
176
     1
 90
        0
176
     1
 90
        0
176
     1
 62
     7
176
     1
 62
   257
176
     1
 90
        1
176
     1
 90
        1
176
     1
 40
1.0
176
     1
 90
        8
176
     1
 62
     7
176
     1
 40
1.0
176
     1
 90
        1
176
     1
 90
        6
176
     1
 90
        2
176
     1
 62
     7
176
     1
 90
        5
176
     1
 90
        0
176
     1
 90
        0
176
     1
290
     0
176
     1
 90
       13
176
     1
 40
0.0
176
     1
 90
        0
176
     1
290
     0
176
     1
290
     1
176
     1
290
     1
176
     1
290
     0
176
     1
290
     0
176
     1
290
     0
176
     1
290
     0
176
     1
290
     0
176
     1
290
     0
176
     1
 90
       50
176
     1
 40
0.0
176
     1
 40
1.0
176
     1
 90
        0
176
     1
 62
    18
420
        0
176
     1
 90
       50
176
     1
 90
        3
176
     1
 62
     5
420
      255
176
     1
290
     0
176
     1
 90
       50
176
     1
 90
       50
176
     1
 90
       50
176
     1
290
     0
176
     1
 90
       50
176
     1
 62
   256
176
     0
 40
1.0
176
     0
 90
        2
176
     1
  1
strokes_ogs.tif
176
     1
290
     0
176
     1
 40
1.0
176
     1
 40
1.0
176
     1
  0
VISUALSTYLE
  5
4C7
102
{ACAD_REACTORS
330
384
102
}
330
384
100
AcDbVisualStyle
  2
FlatWithEdges
 70
     1
177
     3
291
     1
 70
    58
 90
        2
176
     1
 90
        1
176
     1
 90
        1
176
     1
 90
        2
176
     1
 40
0.6
176
     1
 40
30.0
176
     1
 62
     7
420
 16777215
176
     1
 90
        1
176
     1
 90
        0
176
     1
 62
     7
176
     1
 62
   257
176
     1
 90
        1
176
     1
 90
        1
176
     1
 40
1.0
176
     1
 90
        0
176
     1
 62
   257
176
     1
 40
1.0
176
     1
 90
        1
176
     1
 90
        6
176
     1
 90
        2
176
     1
 62
     7
176
     1
 90
        5
176
     1
 90
        0
176
     1
 90
        0
176
     1
290
     0
176
     1
 90
       13
176
     1
 40
0.0
176
     1
 90
        0
176
     1
290
     0
176
     1
290
     1
176
     1
290
     1
176
     1
290
     0
176
     1
290
     0
176
     1
290
     0
176
     1
290
     0
176
     1
290
     0
176
     1
290
     0
176
     1
 90
       50
176
     1
 40
0.0
176
     1
 40
1.0
176
     1
 90
        0
176
     1
 62
    18
420
        0
176
     1
 90
       50
176
     1
 90
        3
176
     1
 62
     5
420
      255
176
     1
290
     0
176
     1
 90
       50
176
     1
 90
       50
176
     1
 90
       50
176
     1
290
     0
176
     1
 90
       50
176
     1
 62
   256
176
     0
 40
1.0
176
     0
 90
        2
176
     1
  1
strokes_ogs.tif
176
     1
290
     0
176
     1
 40
1.0
176
     1
 40
1.0
176
     1
  0
VISUALSTYLE
  5
4C8
102
{ACAD_REACTORS
330
384
102
}
330
384
100
AcDbVisualStyle
  2
Gouraud
 70
     2
177
     3
291
     1
 70
    58
 90
        2
176
     1
 90
        2
176
     1
 90
        1
176
     1
 90
        2
176
     1
 40
0.6
176
     1
 40
30.0
176
     1
 62
     7
420
 16777215
176
     1
 90
        0
176
     1
 90
        0
176
     1
 62
     7
176
     1
 62
   257
176
     1
 90
        1
176
     1
 90
        1
176
     1
 40
1.0
176
     1
 90
        0
176
     1
 62
     7
176
     1
 40
1.0
176
     1
 90
        1
176
     1
 90
        6
176
     1
 90
        2
176
     1
 62
     7
176
     1
 90
        5
176
     1
 90
        0
176
     1
 90
        0
176
     1
290
     0
176
     1
 90
       13
176
     1
 40
0.0
176
     1
 90
        0
176
     1
290
     0
176
     1
290
     1
176
     1
290
     1
176
     1
290
     0
176
     1
290
     0
176
     1
290
     0
176
     1
290
     0
176
     1
290
     0
176
     1
290
     0
176
     1
 90
       50
176
     1
 40
0.0
176
     1
 40
1.0
176
     1
 90
        0
176
     1
 62
    18
420
        0
176
     1
 90
       50
176
     1
 90
        3
176
     1
 62
     5
420
      255
176
     1
290
     0
176
     1
 90
       50
176
     1
 90
       50
176
     1
 90
       50
176
     1
290
     0
176
     1
 90
       50
176
     1
 62
   256
176
     0
 40
1.0
176
     0
 90
        2
176
     1
  1
strokes_ogs.tif
176
     1
290
     0
176
     1
 40
1.0
176
     1
 40
1.0
176
     1
  0
VISUALSTYLE
  5
4C9
102
{ACAD_REACTORS
330
384
102
}
330
384
100
AcDbVisualStyle
  2
GouraudWithEdges
 70
     3
177
     3
291
     1
 70
    58
 90
        2
176
     1
 90
        2
176
     1
 90
        1
176
     1
 90
        2
176
     1
 40
0.6
176
     1
 40
30.0
176
     1
 62
     7
420
 16777215
176
     1
 90
        1
176
     1
 90
        0
176
     1
 62
     7
176
     1
 62
   257
176
     1
 90
        1
176
     1
 90
        1
176
     1
 40
1.0
176
     1
 90
        0
176
     1
 62
   257
176
     1
 40
1.0
176
     1
 90
        1
176
     1
 90
        6
176
     1
 90
        2
176
     1
 62
     7
176
     1
 90
        5
176
     1
 90
        0
176
     1
 90
        0
176
     1
290
     0
176
     1
 90
       13
176
     1
 40
0.0
176
     1
 90
        0
176
     1
290
     0
176
     1
290
     1
176
     1
290
     1
176
     1
290
     0
176
     1
290
     0
176
     1
290
     0
176
     1
290
     0
176
     1
290
     0
176
     1
290
     0
176
     1
 90
       50
176
     1
 40
0.0
176
     1
 40
1.0
176
     1
 90
        0
176
     1
 62
    18
420
        0
176
     1
 90
       50
176
     1
 90
        3
176
     1
 62
     5
420
      255
176
     1
290
     0
176
     1
 90
       50
176
     1
 90
       50
176
     1
 90
       50
176
     1
290
     0
176
     1
 90
       50
176
     1
 62
   256
176
     0
 40
1.0
176
     0
 90
        2
176
     1
  1
strokes_ogs.tif
176
     1
290
     0
176
     1
 40
1.0
176
     1
 40
1.0
176
     1
  0
VISUALSTYLE
  5
4CA
102
{ACAD_REACTORS
330
384
102
}
330
384
100
AcDbVisualStyle
  2
Hidden
 70
     6
177
     3
291
     0
 70
    58
 90
        1
176
     1
 90
        2
176
     1
 90
        2
176
     1
 90
        0
176
     1
 40
0.6
176
     1
 40
30.0
176
     1
 62
     7
420
 16777215
176
     1
 90
        2
176
     1
 90
        2
176
     1
 62
     7
176
     1
 62
   257
176
     1
 90
        2
176
     1
 90
        1
176
     1
 40
40.0
176
     1
 90
        0
176
     1
 62
   257
176
     1
 40
1.0
176
     1
 90
        1
176
     1
 90
        6
176
     1
 90
        2
176
     1
 62
     7
176
     1
 90
        3
176
     1
 90
        0
176
     1
 90
        0
176
     1
290
     0
176
     1
 90
        1
176
     1
 40
0.0
176
     1
 90
        0
176
     1
290
     0
176
     1
290
     1
176
     1
290
     1
176
     1
290
     0
176
     1
290
     0
176
     1
290
     0
176
     1
290
     0
176
     1
290
     0
176
     1
290
     0
176
     1
 90
       50
176
     1
 40
0.0
176
     1
 40
1.0
176
     1
 90
        0
176
     1
 62
    18
420
        0
176
     1
 90
       50
176
     1
 90
        3
176
     1
 62
     5
420
      255
176
     1
290
     0
176
     1
 90
       50
176
     1
 90
       50
176
     1
 90
       50
176
     1
290
     0
176
     1
 90
       50
176
     1
 62
   256
176
     0
 40
1.0
176
     0
 90
        2
176
     1
  1
strokes_ogs.tif
176
     1
290
     0
176
     1
 40
1.0
176
     1
 40
1.0
176
     1
  0
VISUALSTYLE
  5
4CB
102
{ACAD_REACTORS
330
384
102
}
330
384
100
AcDbVisualStyle
  2
JitterOff
 70
    20
177
     3
291
     1
 70
    58
 90
        2
176
     0
 90
        2
176
     0
 90
        0
176
     0
 90
        0
176
     0
 40
0.6
176
     0
 40
30.0
176
     0
 62
     7
420
 16777215
176
     0
 90
        1
176
     0
 90
        4
176
     0
 62
     7
176
     0
 62
   257
176
     0
 90
        1
176
     0
 90
        1
176
     0
 40
1.0
176
     0
 90
       10
176
     2
 62
     7
176
     0
 40
1.0
176
     0
 90
        1
176
     0
 90
        6
176
     0
 90
        2
176
     0
 62
     7
176
     0
 90
        5
176
     0
 90
        0
176
     0
 90
        0
176
     0
290
     0
176
     0
 90
        1
176
     0
 40
0.0
176
     0
 90
        0
176
     0
290
     0
176
     0
290
     1
176
     0
290
     1
176
     0
290
     0
176
     0
290
     0
176
     0
290
     0
176
     0
290
     0
176
     0
290
     0
176
     0
290
     0
176
     0
 90
       50
176
     0
 40
0.0
176
     0
 40
1.0
176
     0
 90
        0
176
     0
 62
    18
420
        0
176
     0
 90
       50
176
     0
 90
        3
176
     0
 62
     5
420
      255
176
     0
290
     0
176
     0
 90
       50
176
     0
 90
       50
176
     0
 90
       50
176
     0
290
     0
176
     0
 90
       50
176
     0
 62
   256
176
     0
 40
1.0
176
     0
 90
        2
176
     0
  1
strokes_ogs.tif
176
     0
290
     0
176
     0
 40
1.0
176
     0
 40
1.0
176
     0
  0
VISUALSTYLE
  5
4CC
102
{ACAD_REACTORS
330
384
102
}
330
384
100
AcDbVisualStyle
  2
Linepattern
 70
    14
177
     3
291
     1
 70
    58
 90
        2
176
     1
 90
        2
176
     1
 90
        0
176
     1
 90
        0
176
     1
 40
0.6
176
     1
 40
30.0
176
     1
 62
     7
420
 16777215
176
     1
 90
        1
176
     1
 90
        4
176
     1
 62
     7
176
     1
 62
   257
176
     1
 90
        7
176
     1
 90
        7
176
     1
 40
1.0
176
     1
 90
        8
176
     1
 62
     7
176
     1
 40
1.0
176
     1
 90
        1
176
     1
 90
        6
176
     1
 90
        2
176
     1
 62
     7
176
     1
 90
        5
176
     1
 90
        0
176
     1
 90
        0
176
     1
290
     0
176
     1
 90
        1
176
     1
 40
0.0
176
     1
 90
        0
176
     1
290
     0
176
     1
290
     1
176
     1
290
     1
176
     1
290
     0
176
     1
290
     0
176
     1
290
     0
176
     1
290
     0
176
     1
290
     0
176
     1
290
     0
176
     1
 90
       50
176
     1
 40
0.0
176
     1
 40
1.0
176
     1
 90
        0
176
     1
 62
    18
420
        0
176
     1
 90
       50
176
     1
 90
        3
176
     1
 62
     5
420
      255
176
     1
290
     0
176
     1
 90
       50
176
     1
 90
       50
176
     1
 90
       50
176
     1
290
     0
176
     1
 90
       50
176
     1
 62
   256
176
     0
 40
1.0
176
     0
 90
        2
176
     1
  1
strokes_ogs.tif
176
     1
290
     0
176
     1
 40
1.0
176
     1
 40
1.0
176
     1
  0
VISUALSTYLE
  5
4CD
102
{ACAD_REACTORS
330
384
102
}
330
384
100
AcDbVisualStyle
  2
OverhangOff
 70
    21
177
     3
291
     1
 70
    58
 90
        2
176
     0
 90
        2
176
     0
 90
        0
176
     0
 90
        0
176
     0
 40
0.6
176
     0
 40
30.0
176
     0
 62
     7
420
 16777215
176
     0
 90
        1
176
     0
 90
        4
176
     0
 62
     7
176
     0
 62
   257
176
     0
 90
        1
176
     0
 90
        1
176
     0
 40
1.0
176
     0
 90
        9
176
     2
 62
     7
176
     0
 40
1.0
176
     0
 90
        1
176
     0
 90
        6
176
     0
 90
        2
176
     0
 62
     7
176
     0
 90
        5
176
     0
 90
        0
176
     0
 90
        0
176
     0
290
     0
176
     0
 90
        1
176
     0
 40
0.0
176
     0
 90
        0
176
     0
290
     0
176
     0
290
     1
176
     0
290
     1
176
     0
290
     0
176
     0
290
     0
176
     0
290
     0
176
     0
290
     0
176
     0
290
     0
176
     0
290
     0
176
     0
 90
       50
176
     0
 40
0.0
176
     0
 40
1.0
176
     0
 90
        0
176
     0
 62
    18
420
        0
176
     0
 90
       50
176
     0
 90
        3
176
     0
 62
     5
420
      255
176
     0
290
     0
176
     0
 90
       50
176
     0
 90
       50
176
     0
 90
       50
176
     0
290
     0
176
     0
 90
       50
176
     0
 62
   256
176
     0
 40
1.0
176
     0
 90
        2
176
     0
  1
strokes_ogs.tif
176
     0
290
     0
176
     0
 40
1.0
176
     0
 40
1.0
176
     0
  0
VISUALSTYLE
  5
3AB
102
{ACAD_REACTORS
330
384
102
}
330
384
100
AcDbVisualStyle
  2
Realistic
 70
     8
177
     3
291
     0
 70
    58
 90
        2
176
     1
 90
        2
176
     1
 90
        0
176
     1
 90
        2
176
     1
 40
0.6
176
     1
 40
30.0
176
     1
 62
     7
420
 16777215
176
     1
 90
        0
176
     1
 90
        0
176
     1
 62
     7
176
     1
 62
   257
176
     1
 90
        1
176
     1
 90
        1
176
     1
 40
1.0
176
     1
 90
        8
176
     1
 62
   257
176
     1
 40
1.0
176
     1
 90
        1
176
     1
 90
        6
176
     1
 90
        2
176
     1
 62
     7
176
     1
 90
        3
176
     1
 90
        0
176
     1
 90
        0
176
     1
290
     0
176
     1
 90
       13
176
     1
 40
0.0
176
     1
 90
        0
176
     1
290
     0
176
     1
290
     1
176
     1
290
     1
176
     1
290
     0
176
     1
290
     0
176
     1
290
     0
176
     1
290
     0
176
     1
290
     0
176
     1
290
     0
176
     1
 90
       50
176
     1
 40
0.0
176
     1
 40
1.0
176
     1
 90
        0
176
     1
 62
    18
420
        0
176
     1
 90
       50
176
     1
 90
        3
176
     1
 62
     5
420
      255
176
     1
290
     0
176
     1
 90
       50
176
     1
 90
       50
176
     1
 90
       50
176
     1
290
     0
176
     1
 90
       50
176
     1
 62
   256
176
     0
 40
1.0
176
     0
 90
        2
176
     1
  1
strokes_ogs.tif
176
     1
290
     0
176
     1
 40
1.0
176
     1
 40
1.0
176
     1
  0
VISUALSTYLE
  5
4CE
102
{ACAD_REACTORS
330
384
102
}
330
384
100
AcDbVisualStyle
  2
Shaded
 70
    27
177
     3
291
     0
 70
    58
 90
        2
176
     1
 90
        2
176
     1
 90
        1
176
     1
 90
        2
176
     1
 40
0.6
176
     1
 40
30.0
176
     1
 62
     7
420
 16777215
176
     1
 90
        0
176
     1
 90
        4
176
     1
 62
     7
176
     1
 62
   257
176
     1
 90
        1
176
     1
 90
        1
176
     1
 40
1.0
176
     1
 90
        8
176
     1
 62
   257
176
     1
 40
1.0
176
     1
 90
        1
176
     1
 90
        6
176
     1
 90
        2
176
     1
 62
     8
420
  7895160
176
     1
 90
        3
176
     1
 90
        0
176
     1
 90
        0
176
     1
290
     0
176
     1
 90
        5
176
     1
 40
0.0
176
     1
 90
        0
176
     1
290
     0
176
     1
290
     1
176
     1
290
     1
176
     1
290
     0
176
     1
290
     0
176
     1
290
     0
176
     1
290
     0
176
     1
290
     0
176
     1
290
     0
176
     1
 90
       50
176
     1
 40
0.0
176
     1
 40
1.0
176
     1
 90
        0
176
     1
 62
    18
420
        0
176
     1
 90
       50
176
     1
 90
        3
176
     1
 62
     5
420
      255
176
     1
290
     0
176
     1
 90
       50
176
     1
 90
       50
176
     1
 90
       50
176
     1
290
     0
176
     1
 90
       50
176
     1
 62
   256
176
     0
 40
1.0
176
     0
 90
        2
176
     1
  1
strokes_ogs.tif
176
     1
290
     0
176
     1
 40
1.0
176
     1
 40
1.0
176
     1
  0
VISUALSTYLE
  5
4CF
102
{ACAD_REACTORS
330
384
102
}
330
384
100
AcDbVisualStyle
  2
Shaded with edges
 70
    26
177
     3
291
     0
 70
    58
 90
        2
176
     1
 90
        2
176
     1
 90
        1
176
     1
 90
        2
176
     1
 40
0.6
176
     1
 40
30.0
176
     1
 62
     7
420
 16777215
176
     1
 90
        1
176
     1
 90
        2
176
     1
 62
     7
176
     1
 62
   257
176
     1
 90
        2
176
     1
 90
        1
176
     1
 40
1.0
176
     1
 90
        8
176
     1
 62
   257
176
     1
 40
1.0
176
     1
 90
        1
176
     1
 90
        6
176
     1
 90
        2
176
     1
 62
     7
176
     1
 90
        3
176
     1
 90
        0
176
     1
 90
        0
176
     1
290
     0
176
     1
 90
        5
176
     1
 40
0.0
176
     1
 90
        0
176
     1
290
     0
176
     1
290
     1
176
     1
290
     1
176
     1
290
     0
176
     1
290
     0
176
     1
290
     0
176
     1
290
     0
176
     1
290
     0
176
     1
290
     0
176
     1
 90
       50
176
     1
 40
0.0
176
     1
 40
1.0
176
     1
 90
        0
176
     1
 62
    18
420
        0
176
     1
 90
       50
176
     1
 90
        3
176
     1
 62
     5
420
      255
176
     1
290
     0
176
     1
 90
       50
176
     1
 90
       50
176
     1
 90
       50
176
     1
290
     0
176
     1
 90
       50
176
     1
 62
   256
176
     0
 40
1.0
176
     0
 90
        2
176
     1
  1
strokes_ogs.tif
176
     1
290
     0
176
     1
 40
1.0
176
     1
 40
1.0
176
     1
  0
VISUALSTYLE
  5
4D0
102
{ACAD_REACTORS
330
384
102
}
330
384
100
AcDbVisualStyle
  2
Shades of Gray
 70
    23
177
     3
291
     0
 70
    58
 90
        2
176
     1
 90
        2
176
     1
 90
        3
176
     1
 90
        0
176
     1
 40
0.6
176
     1
 40
30.0
176
     1
 62
     7
420
 16777215
176
     1
 90
        2
176
     1
 90
        2
176
     1
 62
     7
176
     1
 62
     7
176
     1
 90
        1
176
     1
 90
        1
176
     1
 40
40.0
176
     1
 90
        8
176
     1
 62
     7
176
     1
 40
1.0
176
     1
 90
        1
176
     1
 90
        6
176
     1
 90
        2
176
     1
 62
     7
176
     1
 90
        3
176
     1
 90
        0
176
     1
 90
        0
176
     1
290
     0
176
     1
 90
        1
176
     1
 40
0.0
176
     1
 90
        0
176
     1
290
     0
176
     1
290
     1
176
     1
290
     1
176
     1
290
     0
176
     1
290
     0
176
     1
290
     0
176
     1
290
     0
176
     1
290
     0
176
     1
290
     0
176
     1
 90
       50
176
     1
 40
0.0
176
     1
 40
1.0
176
     1
 90
        0
176
     1
 62
    18
420
        0
176
     1
 90
       50
176
     1
 90
        3
176
     1
 62
     5
420
      255
176
     1
290
     0
176
     1
 90
       50
176
     1
 90
       50
176
     1
 90
       50
176
     1
290
     0
176
     1
 90
       50
176
     1
 62
   256
176
     0
 40
1.0
176
     0
 90
        2
176
     1
  1
strokes_ogs.tif
176
     1
290
     0
176
     1
 40
1.0
176
     1
 40
1.0
176
     1
  0
VISUALSTYLE
  5
4D1
102
{ACAD_REACTORS
330
384
102
}
330
384
100
AcDbVisualStyle
  2
Sketchy
 70
    24
177
     3
291
     0
 70
    58
 90
        1
176
     1
 90
        2
176
     1
 90
        2
176
     1
 90
        0
176
     1
 40
0.6
176
     1
 40
30.0
176
     1
 62
     7
420
 16777215
176
     1
 90
        2
176
     1
 90
        2
176
     1
 62
     7
176
     1
 62
     7
176
     1
 90
        1
176
     1
 90
        1
176
     1
 40
40.0
176
     1
 90
       11
176
     1
 62
     7
176
     1
 40
1.0
176
     1
 90
        1
176
     1
 90
        6
176
     1
 90
        2
176
     1
 62
     7
176
     1
 90
        6
176
     1
 90
        0
176
     1
 90
        0
176
     1
290
     0
176
     1
 90
        1
176
     1
 40
0.0
176
     1
 90
        0
176
     1
290
     0
176
     1
290
     1
176
     1
290
     1
176
     1
290
     0
176
     1
290
     0
176
     1
290
     0
176
     1
290
     0
176
     1
290
     0
176
     1
290
     0
176
     1
 90
       50
176
     1
 40
0.0
176
     1
 40
1.0
176
     1
 90
        0
176
     1
 62
    18
420
        0
176
     1
 90
       50
176
     1
 90
        3
176
     1
 62
     5
420
      255
176
     1
290
     0
176
     1
 90
       50
176
     1
 90
       50
176
     1
 90
       50
176
     1
290
     0
176
     1
 90
       50
176
     1
 62
   256
176
     0
 40
1.0
176
     0
 90
        2
176
     1
  1
strokes_ogs.tif
176
     1
290
     0
176
     1
 40
1.0
176
     1
 40
1.0
176
     1
  0
VISUALSTYLE
  5
4D2
102
{ACAD_REACTORS
330
384
102
}
330
384
100
AcDbVisualStyle
  2
Thicken
 70
    13
177
     3
291
     1
 70
    58
 90
        2
176
     1
 90
        2
176
     1
 90
        0
176
     1
 90
        0
176
     1
 40
0.6
176
     1
 40
30.0
176
     1
 62
     7
420
 16777215
176
     1
 90
        1
176
     1
 90
        4
176
     1
 62
     7
176
     1
 62
   257
176
     1
 90
        1
176
     1
 90
        1
176
     1
 40
1.0
176
     1
 90
       12
176
     1
 62
     7
176
     1
 40
1.0
176
     1
 90
        1
176
     1
 90
        6
176
     1
 90
        2
176
     1
 62
     7
176
     1
 90
        5
176
     1
 90
        0
176
     1
 90
        0
176
     1
290
     0
176
     1
 90
        1
176
     1
 40
0.0
176
     1
 90
        0
176
     1
290
     0
176
     1
290
     1
176
     1
290
     1
176
     1
290
     0
176
     1
290
     0
176
     1
290
     0
176
     1
290
     0
176
     1
290
     0
176
     1
290
     0
176
     1
 90
       50
176
     1
 40
0.0
176
     1
 40
1.0
176
     1
 90
        0
176
     1
 62
    18
420
        0
176
     1
 90
       50
176
     1
 90
        3
176
     1
 62
     5
420
      255
176
     1
290
     0
176
     1
 90
       50
176
     1
 90
       50
176
     1
 90
       50
176
     1
290
     0
176
     1
 90
       50
176
     1
 62
   256
176
     0
 40
1.0
176
     0
 90
        2
176
     1
  1
strokes_ogs.tif
176
     1
290
     0
176
     1
 40
1.0
176
     1
 40
1.0
176
     1
  0
VISUALSTYLE
  5
3AC
102
{ACAD_REACTORS
330
384
102
}
330
384
100
AcDbVisualStyle
  2
Wireframe
 70
     5
177
     3
291
     0
 70
    58
 90
        0
176
     1
 90
        2
176
     1
 90
        0
176
     1
 90
        0
176
     1
 40
0.6
176
     1
 40
30.0
176
     1
 62
     7
420
 16777215
176
     1
 90
        1
176
     1
 90
        4
176
     1
 62
     7
176
     1
 62
   257
176
     1
 90
        1
176
     1
 90
        1
176
     1
 40
1.0
176
     1
 90
        0
176
     1
 62
   257
176
     1
 40
1.0
176
     1
 90
        1
176
     1
 90
        6
176
     1
 90
        2
176
     1
 62
     7
176
     1
 90
        3
176
     1
 90
        0
176
     1
 90
        0
176
     1
290
     0
176
     1
 90
        1
176
     1
 40
0.0
176
     1
 90
        0
176
     1
290
     0
176
     1
290
     1
176
     1
290
     1
176
     1
290
     0
176
     1
290
     0
176
     1
290
     0
176
     1
290
     0
176
     1
290
     0
176
     1
290
     0
176
     1
 90
       50
176
     1
 40
0.0
176
     1
 40
1.0
176
     1
 90
        0
176
     1
 62
    18
420
        0
176
     1
 90
       50
176
     1
 90
        3
176
     1
 62
     5
420
      255
176
     1
290
     0
176
     1
 90
       50
176
     1
 90
       50
176
     1
 90
       50
176
     1
290
     0
176
     1
 90
       50
176
     1
 62
   256
176
     0
 40
1.0
176
     0
 90
        2
176
     1
  1
strokes_ogs.tif
176
     1
290
     0
176
     1
 40
1.0
176
     1
 40
1.0
176
     1
  0
VISUALSTYLE
  5
4D3
102
{ACAD_REACTORS
330
384
102
}
330
384
100
AcDbVisualStyle
  2
X-Ray
 70
    25
177
     3
291
     0
 70
    58
 90
        2
176
     1
 90
        2
176
     1
 90
        1
176
     1
 90
        1
176
     1
 40
0.5
176
     1
 40
30.0
176
     1
 62
     7
420
 16777215
176
     1
 90
        1
176
     1
 90
        0
176
     1
 62
     7
176
     1
 62
   257
176
     1
 90
        1
176
     1
 90
        1
176
     1
 40
1.0
176
     1
 90
        8
176
     1
 62
     7
176
     1
 40
1.0
176
     1
 90
        1
176
     1
 90
        6
176
     1
 90
        2
176
     1
 62
     7
176
     1
 90
        3
176
     1
 90
        0
176
     1
 90
        0
176
     1
290
     0
176
     1
 90
       13
176
     1
 40
0.0
176
     1
 90
        0
176
     1
290
     0
176
     1
290
     1
176
     1
290
     1
176
     1
290
     0
176
     1
290
     0
176
     1
290
     0
176
     1
290
     0
176
     1
290
     0
176
     1
290
     0
176
     1
 90
       50
176
     1
 40
0.0
176
     1
 40
1.0
176
     1
 90
        0
176
     1
 62
    18
420
        0
176
     1
 90
       50
176
     1
 90
        3
176
     1
 62
     5
420
      255
176
     1
290
     0
176
     1
 90
       50
176
     1
 90
       50
176
     1
 90
       50
176
     1
290
     0
176
     1
 90
       50
176
     1
 62
   256
176
     0
 40
1.0
176
     0
 90
        2
176
     1
  1
strokes_ogs.tif
176
     1
290
     0
176
     1
 40
1.0
176
     1
 40
1.0
176
     1
  0
DICTIONARYVAR
  5
3A2
102
{ACAD_REACTORS
330
3A1
102
}
330
3A1
100
DictionaryVariables
280
     0
  1
1:1
  0
DICTIONARYVAR
  5
3A3
102
{ACAD_REACTORS
330
3A1
102
}
330
3A1
100
DictionaryVariables
280
     0
  1
3.500000
  0
DICTIONARYVAR
  5
3A4
102
{ACAD_REACTORS
330
3A1
102
}
330
3A1
100
DictionaryVariables
280
     0
  1
acadiso.lin
  0
DICTIONARYVAR
  5
3A5
102
{ACAD_REACTORS
330
3A1
102
}
330
3A1
100
DictionaryVariables
280
     0
  1
STANDARD
  0
DICTIONARYVAR
  5
3A6
102
{ACAD_REACTORS
330
3A1
102
}
330
3A1
100
DictionaryVariables
280
     0
  1
STANDARD
  0
DICTIONARYVAR
  5
3A7
102
{ACAD_REACTORS
330
3A1
102
}
330
3A1
100
DictionaryVariables
280
     0
  1
Imperial24
  0
DICTIONARYVAR
  5
3A8
102
{ACAD_REACTORS
330
3A1
102
}
330
3A1
100
DictionaryVariables
280
     0
  1
Imperial24
  0
DICTIONARYVAR
  5
68C
102
{ACAD_REACTORS
330
3A1
102
}
330
3A1
100
DictionaryVariables
280
     0
  1
0
  0
DICTIONARYVAR
  5
68D
102
{ACAD_REACTORS
330
3A1
102
}
330
3A1
100
DictionaryVariables
280
     0
  1
0
  0
DICTIONARYVAR
  5
68B
102
{ACAD_REACTORS
330
3A1
102
}
330
3A1
100
DictionaryVariables
280
     0
  1
2
  0
DICTIONARYVAR
  5
68A
102
{ACAD_REACTORS
330
3A1
102
}
330
3A1
100
DictionaryVariables
280
     0
  1
1
  0
DICTIONARY
  5
64D
330
369
100
AcDbDictionary
280
     1
281
     1
  0
DICTIONARY
  5
396
330
395
100
AcDbDictionary
280
     1
281
     1
  3
BUMPTILE
360
397
  3
DIFFUSETILE
360
398
  3
OPACITYTILE
360
399
  3
REFLECTIONTILE
360
39A
  3
REFRACTIONTILE
360
39B
  3
SPECULARTILE
360
39C
  0
DICTIONARY
  5
38E
330
38D
100
AcDbDictionary
280
     1
281
     1
  3
BUMPTILE
360
38F
  3
DIFFUSETILE
360
390
  3
OPACITYTILE
360
391
  3
REFLECTIONTILE
360
392
  3
REFRACTIONTILE
360
393
  3
SPECULARTILE
360
394
  0
DICTIONARY
  5
C
330
A
100
AcDbDictionary
280
     1
281
     1
  3
BUMPTILE
360
D
  3
DIFFUSETILE
360
E
  3
OPACITYTILE
360
F
  3
REFLECTIONTILE
360
10
  3
REFRACTIONTILE
360
11
  3
SPECULARTILE
360
12
  0
DICTIONARY
  5
63E
330
3AA
100
AcDbDictionary
280
     1
281
     1
  3
ACAD_ROUNDTRIP_2008_TABLESTYLE_CELLSTYLEMAP
360
781
  0
XRECORD
  5
397
102
{ACAD_REACTORS
330
396
102
}
330
396
100
AcDbXrecord
280
     1
270
     1
271
     1
  0
XRECORD
  5
398
102
{ACAD_REACTORS
330
396
102
}
330
396
100
AcDbXrecord
280
     1
270
     1
271
     1
  0
XRECORD
  5
399
102
{ACAD_REACTORS
330
396
102
}
330
396
100
AcDbXrecord
280
     1
270
     1
271
     1
  0
XRECORD
  5
39A
102
{ACAD_REACTORS
330
396
102
}
330
396
100
AcDbXrecord
280
     1
270
     1
271
     1
  0
XRECORD
  5
39B
102
{ACAD_REACTORS
330
396
102
}
330
396
100
AcDbXrecord
280
     1
270
     1
271
     1
  0
XRECORD
  5
39C
102
{ACAD_REACTORS
330
396
102
}
330
396
100
AcDbXrecord
280
     1
270
     1
271
     1
  0
XRECORD
  5
38F
102
{ACAD_REACTORS
330
38E
102
}
330
38E
100
AcDbXrecord
280
     1
270
     1
271
     1
  0
XRECORD
  5
390
102
{ACAD_REACTORS
330
38E
102
}
330
38E
100
AcDbXrecord
280
     1
270
     1
271
     1
  0
XRECORD
  5
391
102
{ACAD_REACTORS
330
38E
102
}
330
38E
100
AcDbXrecord
280
     1
270
     1
271
     1
  0
XRECORD
  5
392
102
{ACAD_REACTORS
330
38E
102
}
330
38E
100
AcDbXrecord
280
     1
270
     1
271
     1
  0
XRECORD
  5
393
102
{ACAD_REACTORS
330
38E
102
}
330
38E
100
AcDbXrecord
280
     1
270
     1
271
     1
  0
XRECORD
  5
394
102
{ACAD_REACTORS
330
38E
102
}
330
38E
100
AcDbXrecord
280
     1
270
     1
271
     1
  0
XRECORD
  5
D
102
{ACAD_REACTORS
330
C
102
}
330
C
100
AcDbXrecord
280
     1
270
     1
271
     1
  0
XRECORD
  5
E
102
{ACAD_REACTORS
330
C
102
}
330
C
100
AcDbXrecord
280
     1
270
     1
271
     1
  0
XRECORD
  5
F
102
{ACAD_REACTORS
330
C
102
}
330
C
100
AcDbXrecord
280
     1
270
     1
271
     1
  0
XRECORD
  5
10
102
{ACAD_REACTORS
330
C
102
}
330
C
100
AcDbXrecord
280
     1
270
     1
271
     1
  0
XRECORD
  5
11
102
{ACAD_REACTORS
330
C
102
}
330
C
100
AcDbXrecord
280
     1
270
     1
271
     1
  0
XRECORD
  5
12
102
{ACAD_REACTORS
330
C
102
}
330
C
100
AcDbXrecord
280
     1
270
     1
271
     1
  0
CELLSTYLEMAP
  5
781
102
{ACAD_REACTORS
330
63E
102
}
330
63E
100
AcDbCellStyleMap
 90
        3
300
CELLSTYLE
  1
TABLEFORMAT_BEGIN
 90
        5
170
     1
 91
        0
 92
    32768
 62
   257
 93
        1
300
CONTENTFORMAT
  1
CONTENTFORMAT_BEGIN
 90
        0
 91
        0
 92
      512
 93
        0
300

 40
0.0
140
1.0
 94
        5
 62
     0
340
37A
144
6.0
309
CONTENTFORMAT_END
171
     1
301
MARGIN
  1
CELLMARGIN_BEGIN
 40
1.5
 40
1.5
 40
1.5
 40
1.5
 40
4.5
 40
4.5
309
CELLMARGIN_END
 94
        6
 95
        1
302
GRIDFORMAT
  1
GRIDFORMAT_BEGIN
 90
        0
 91
        1
 62
     0
 92
       -2
340
0
 93
        0
 40
1.13
309
GRIDFORMAT_END
 95
        2
302
GRIDFORMAT
  1
GRIDFORMAT_BEGIN
 90
        0
 91
        1
 62
     0
 92
       -2
340
0
 93
        0
 40
1.13
309
GRIDFORMAT_END
 95
        4
302
GRIDFORMAT
  1
GRIDFORMAT_BEGIN
 90
        0
 91
        1
 62
     0
 92
       -2
340
0
 93
        0
 40
1.13
309
GRIDFORMAT_END
 95
        8
302
GRIDFORMAT
  1
GRIDFORMAT_BEGIN
 90
        0
 91
        1
 62
     0
 92
       -2
340
0
 93
        0
 40
1.13
309
GRIDFORMAT_END
 95
       16
302
GRIDFORMAT
  1
GRIDFORMAT_BEGIN
 90
        0
 91
        1
 62
     0
 92
       -2
340
0
 93
        0
 40
1.13
309
GRIDFORMAT_END
 95
       32
302
GRIDFORMAT
  1
GRIDFORMAT_BEGIN
 90
        0
 91
        1
 62
     0
 92
       -2
340
0
 93
        0
 40
1.13
309
GRIDFORMAT_END
309
TABLEFORMAT_END
  1
CELLSTYLE_BEGIN
 90
        1
 91
        1
300
_TITLE
309
CELLSTYLE_END
300
CELLSTYLE
  1
TABLEFORMAT_BEGIN
 90
        5
170
     1
 91
        0
 92
        0
 62
   257
 93
        1
300
CONTENTFORMAT
  1
CONTENTFORMAT_BEGIN
 90
        0
 91
        0
 92
      512
 93
        0
300

 40
0.0
140
1.0
 94
        5
 62
     0
340
37A
144
4.5
309
CONTENTFORMAT_END
171
     1
301
MARGIN
  1
CELLMARGIN_BEGIN
 40
1.5
 40
1.5
 40
1.5
 40
1.5
 40
4.5
 40
4.5
309
CELLMARGIN_END
 94
        6
 95
        1
302
GRIDFORMAT
  1
GRIDFORMAT_BEGIN
 90
        0
 91
        1
 62
     0
 92
       -2
340
0
 93
        0
 40
1.13
309
GRIDFORMAT_END
 95
        2
302
GRIDFORMAT
  1
GRIDFORMAT_BEGIN
 90
        0
 91
        1
 62
     0
 92
       -2
340
0
 93
        0
 40
1.13
309
GRIDFORMAT_END
 95
        4
302
GRIDFORMAT
  1
GRIDFORMAT_BEGIN
 90
        0
 91
        1
 62
     0
 92
       -2
340
0
 93
        0
 40
1.13
309
GRIDFORMAT_END
 95
        8
302
GRIDFORMAT
  1
GRIDFORMAT_BEGIN
 90
        0
 91
        1
 62
     0
 92
       -2
340
0
 93
        0
 40
1.13
309
GRIDFORMAT_END
 95
       16
302
GRIDFORMAT
  1
GRIDFORMAT_BEGIN
 90
        0
 91
        1
 62
     0
 92
       -2
340
0
 93
        0
 40
1.13
309
GRIDFORMAT_END
 95
       32
302
GRIDFORMAT
  1
GRIDFORMAT_BEGIN
 90
        0
 91
        1
 62
     0
 92
       -2
340
0
 93
        0
 40
1.13
309
GRIDFORMAT_END
309
TABLEFORMAT_END
  1
CELLSTYLE_BEGIN
 90
        2
 91
        1
300
_HEADER
309
CELLSTYLE_END
300
CELLSTYLE
  1
TABLEFORMAT_BEGIN
 90
        5
170
     1
 91
        0
 92
        0
 62
   257
 93
        1
300
CONTENTFORMAT
  1
CONTENTFORMAT_BEGIN
 90
        0
 91
        0
 92
      512
 93
        0
300

 40
0.0
140
1.0
 94
        2
 62
     0
340
37A
144
4.5
309
CONTENTFORMAT_END
171
     1
301
MARGIN
  1
CELLMARGIN_BEGIN
 40
1.5
 40
1.5
 40
1.5
 40
1.5
 40
4.5
 40
4.5
309
CELLMARGIN_END
 94
        6
 95
        1
302
GRIDFORMAT
  1
GRIDFORMAT_BEGIN
 90
        0
 91
        1
 62
     0
 92
       -2
340
0
 93
        0
 40
1.13
309
GRIDFORMAT_END
 95
        2
302
GRIDFORMAT
  1
GRIDFORMAT_BEGIN
 90
        0
 91
        1
 62
     0
 92
       -2
340
0
 93
        0
 40
1.13
309
GRIDFORMAT_END
 95
        4
302
GRIDFORMAT
  1
GRIDFORMAT_BEGIN
 90
        0
 91
        1
 62
     0
 92
       -2
340
0
 93
        0
 40
1.13
309
GRIDFORMAT_END
 95
        8
302
GRIDFORMAT
  1
GRIDFORMAT_BEGIN
 90
        0
 91
        1
 62
     0
 92
       -2
340
0
 93
        0
 40
1.13
309
GRIDFORMAT_END
 95
       16
302
GRIDFORMAT
  1
GRIDFORMAT_BEGIN
 90
        0
 91
        1
 62
     0
 92
       -2
340
0
 93
        0
 40
1.13
309
GRIDFORMAT_END
 95
       32
302
GRIDFORMAT
  1
GRIDFORMAT_BEGIN
 90
        0
 91
        1
 62
     0
 92
       -2
340
0
 93
        0
 40
1.13
309
GRIDFORMAT_END
309
TABLEFORMAT_END
  1
CELLSTYLE_BEGIN
 90
        3
 91
        2
300
_DATA
309
CELLSTYLE_END
  0
ENDSEC
  0
SECTION
  2
ACDSDATA
 70
     2
 71
     8
  0
ACDSSCHEMA
 90
        0
  1
AcDb_Thumbnail_Schema
  2
AcDbDs::ID
280
    10
 91
        8
  2
Thumbnail_Data
280
    15
 91
        0
101
ACDSRECORD
 95
        0
 90
        1
  2
AcDbDs::TreatedAsObjectData
280
     1
291
     1
101
ACDSRECORD
 95
        0
 90
        2
  2
AcDbDs::Legacy
280
     1
291
     1
101
ACDSRECORD
  1
AcDbDs::ID
 90
        3
  2
AcDs:Indexable
280
     1
291
     1
101
ACDSRECORD
  1
AcDbDs::ID
 90
        4
  2
AcDbDs::HandleAttribute
280
     7
282
     1
  0
ACDSSCHEMA
 90
        1
  1
AcDbDs::TreatedAsObjectDataSchema
  2
AcDbDs::TreatedAsObjectData
280
     1
 91
        0
  0
ACDSSCHEMA
 90
        2
  1
AcDbDs::LegacySchema
  2
AcDbDs::Legacy
280
     1
 91
        0
  0
ACDSSCHEMA
 90
        3
  1
AcDbDs::IndexedPropertySchema
  2
AcDs:Indexable
280
     1
 91
        0
  0
ACDSSCHEMA
 90
        4
  1
AcDbDs::HandleAttributeSchema
  2
AcDbDs::HandleAttribute
280
     7
 91
        1
284
     1
  0
ACDSRECORD
 90
        0
  2
AcDbDs::ID
280
    10
320
369
  2
Thumbnail_Data
280
    15
 94
     2425
310
89504E470D0A1A0A0000000D49484452000001710000010008030000007227B6F200000300504C5445000000FFFFFF0000000000000000000000000000000000000000000000000000000000330000660000990000CC0000FF0033000033330033660033990033CC0033FF0066000066330066660066990066CC0066FF0099
310
000099330099660099990099CC0099FF00CC0000CC3300CC6600CC9900CCCC00CCFF00FF0000FF3300FF6600FF9900FFCC00FFFF3300003300333300663300993300CC3300FF3333003333333333663333993333CC3333FF3366003366333366663366993366CC3366FF3399003399333399663399993399CC3399FF33CC00
310
33CC3333CC6633CC9933CCCC33CCFF33FF0033FF3333FF6633FF9933FFCC33FFFF6600006600336600666600996600CC6600FF6633006633336633666633996633CC6633FF6666006666336666666666996666CC6666FF6699006699336699666699996699CC6699FF66CC0066CC3366CC6666CC9966CCCC66CCFF66FF0066
310
FF3366FF6666FF9966FFCC66FFFF9900009900339900669900999900CC9900FF9933009933339933669933999933CC9933FF9966009966339966669966999966CC9966FF9999009999339999669999999999CC9999FF99CC0099CC3399CC6699CC9999CCCC99CCFF99FF0099FF3399FF6699FF9999FFCC99FFFFCC0000CC00
310
33CC0066CC0099CC00CCCC00FFCC3300CC3333CC3366CC3399CC33CCCC33FFCC6600CC6633CC6666CC6699CC66CCCC66FFCC9900CC9933CC9966CC9999CC99CCCC99FFCCCC00CCCC33CCCC66CCCC99CCCCCCCCCCFFCCFF00CCFF33CCFF66CCFF99CCFFCCCCFFFFFF0000FF0033FF0066FF0099FF00CCFF00FFFF3300FF3333
310
FF3366FF3399FF33CCFF33FFFF6600FF6633FF6666FF6699FF66CCFF66FFFF9900FF9933FF9966FF9999FF99CCFF99FFFFCC00FFCC33FFCC66FFCC99FFCCCCFFCCFFFFFF00FFFF33FFFF66FFFF99FFFFCCFFFFFF0000000D0D0D1A1A1A2828283535354343435050505D5D5D6B6B6B787878868686939393A1A1A1AEAEAEBB
310
BBBBC9C9C9D6D6D6E4E4E4F1F1F1FFFFFF0000000000000000000000000000000000000000000000000000000000003AE5ACE9000006344944415478DAED9C4976DB3A1405B11C4CB0FF1957C245FCC99B7F4BA4643668881E88AB8E13278A225D961FD1101095020000000000000000000000000000000000000000000000
310
0000000000000000000000000000000000000038607AD13F417AE45C74C4A329CFB7FFA42D7FCA8CAC55ABC89988E8C78F6EFF22B6F4A2DB19B786D3D65C9E83498F9C5BE162F961BFE23B0A436CF9EDAF52C9B8359C761789FD603222E72A2F52E3E2AEB0116A5CA20EB17AAB325D3B6E8F3C4D3B4ECF399C71793395F1CA
310
91AB1B57F31957231BD721B682093EADA1F1DE91B38D9768C71B1B2FD18EEBFEADCAE94CBCB68A8EE74BDF56C595E09CB874E4A2C6652AE3E2332E18AF5DE37A12E3BA1023F59C9523330362CE89718C631CE318C738C6318E718C631CE318C738C631FE378C2F118FA63CBF82F1253241E1C818C738C67B1BB7EC420B180F
310
6CAAAB6FDC1B3993FFBC9C36507B1FB7F74CEFDE49A71AD7F6FEAD77E4BC025F4AC55F7E70AD6EDD3755FA8D6BF76E93D7DBF48E9C5DE371A79CFDF9DE8291D235BE6EDFD775FBDABFA95691C7376EB116EA39B5EA6BDC1BB99B7151F2307EEA58C563FC75EAAFEBF6B57F73EE203F843B644E8F9C89E313454F8C1F4EBD7B
310
FCAD21CC356E1DB498757BE16B8D878CCB69CF6D7A648C3F6D5502C6A58BF1F54BD0F869DB530FE3EB954791E733AEF64F366EE16526E35BE2C18CABCF19BAFA2670A660A358AE55590FDDE3E504DCAA64C856E55D39EFAE5F8967CA6CAE9FFC683A5631F6B1CA7A6A3BCEC68B462E3B3A5C3F25233EE3B7B76F3E3ABC8EC7
310
83C60B462E3D1E7FD0AAC4C66F33035ACF8DCAD5F8F59D3ACE80ECE43FBFDE2CDF1FC151E3CA948A5CE94AD6E2C0F7FC7257B254CA95AC3DE12EFC18D9BCBE995291CBB62ADF6B6C81E7DFFE5BD31AB7FD7551AD22971DABFCE4304FE69CBF635CE7CCB55A3B7E8F1C653C3B7211E3DF962FCAF86F7B798F5F733C7E8BFCDC
310
B82772DBF1F829BE51E155B7ED28E630BE4F9343919B1AFFF4EEAFD591EDC583EB9CAFA3E859E397C8A1754E138EDCBCC67F7E99CBB593C05545F37B69A54F8D1F238756964D3072871A37FE8EFC7E6446796ABCC89C539C3DE775D01D5CCB3F28CF8C5C6474186FFC3D84FC1E73DB39A735B2BF1D7F9DB5A522979B736EAB
310
DC01E3FB5CEDBFEB52799F39E73DB27B79BF58E4D273CE7D9AE699735AE77D9E099C549E736E33CA1F6C13CBE331158A5CFA4A56B0C6A32F0BE9BA73CEED25F679B2C93AC4063B84EA1AFF9C9B69EDB873E850D3F8A7B69BEF9E38AF1F1F7FE031179BDDDB079F8C551E1BFF0CB68DE3D5528CABC18C1B3594F1D78B6CA311
310
F56F1AB74C8F3A1B57DE0B9EA31A1765DB0D21E735FBD8F8AD8C07BA9E218DBB965DEF0B2AD11D7FC69CB3B9F186EB9C0EE3726F55C631EE2A85CB8DC9E6329E5C3015AF64D532DEE84AD6FEC612DAF1F3EF1B97C6C655B4F16E3B3DBF45A25CBBDA5CC6BD91A54B8DABA98CDB8B44DC9DFD48C6133AFE418CC774F6931BDF
310
5BA3E94687D9913B193F9FBB53182F15B9AF71359F7135A971E69C18C738C631FE678CA7ACE577365EFFDE13AEDB071C6279F7F2B7BFF78433F1FDE0865A59FEEC2970E67FEF48D87EF3EDE56F7FEF8947B79830552267228B759D6639BC8FF9FEA686B8F7847D69695193B42AB58C1F2F52A4EF82B3CAAD645C9E46AE6E7C
310
FFCA305EF84A560BE3AA9F7173DC7F83F136ADCAAE1EE34D8C277743B4E31EE35124DD584D471ADFFF877BACD23572E6785C9638B6B1ED29FEF7E162E371E51D8FF78E9C5BE3D50AC6D70A64DD61B277E4EC325751ED78CA2D4953DBF1A80865EFA25AB11DE7BEB5D191313E9B71EEF88E718C631CE318C738C6318E718C63
310
1CE318C738C6319E69FCF4598E439CCB673C82CF6F68DC95A06EE43F6C5CA634AE0BE17879B9DE7EBD80F1EA91C51F79EC763C187FB476FC77B1AE9B71719DA265E2D7309E1D594D6BBC4EAB52D5F8E7D695D31AEF323AAC1C79EC9EB386F1DE91990131E7C438C687326EDF6FE6DE85E6F8176968BC77E46CE3FAF1A39FB1
310
93A55E44B734AE6D0924EE10D323E7B629B65B7CBFE23B4E45B1E5B73F5AC9B8359CE7BE79CEC84A53E37FA1C6E939DB1BEF8299EF400A0535BDE89F203D3200000000000000000000000000000000000000000000000000000000000000000000000000000000000000000000000000000000404DFE0798F395BD388DB20C
310
0000000049454E44AE426082
  0
ENDSEC
  0
EOF
