  0
SECTION
  2
HEADER
  9
$ACADVER
  1
AC1032
  9
$ACADMAINTVER
 90
      174
  9
$DWGCODEPAGE
  3
ANSI_936
  9
$LASTSAVEDBY
  1
10333
  9
$REQUIREDVERSIONS
160
                 0
  9
$INSBASE
 10
0.0
 20
0.0
 30
0.0
  9
$EXTMIN
 10
275322022.87
 20
188976676.64
 30
0.0
  9
$EXTMAX
 10
275354122.87
 20
189002776.64
 30
0.0
  9
$LIMMIN
 10
0.0
 20
0.0
  9
$LIMMAX
 10
420.0
 20
297.0
  9
$ORTHOMODE
 70
     0
  9
$REGENMODE
 70
     1
  9
$FILLMODE
 70
     1
  9
$QTEXTMODE
 70
     0
  9
$MIRRTEXT
 70
     0
  9
$LTSCALE
 40
1.0
  9
$ATTMODE
 70
     1
  9
$TEXTSIZE
 40
2.5
  9
$TRACEWID
 40
1.0
  9
$TEXTSTYLE
  7
Standard
  9
$CLAYER
  8
0
  9
$CELTYPE
  6
ByLayer
  9
$CECOLOR
 62
   256
  9
$CELTSCALE
 40
1.0
  9
$DISPSILH
 70
     0
  9
$DIMSCALE
 40
1.0
  9
$DIMASZ
 40
2.5
  9
$DIMEXO
 40
0.63
  9
$DIMDLI
 40
3.75
  9
$DIMRND
 40
0.0
  9
$DIMDLE
 40
0.0
  9
$DIMEXE
 40
1.25
  9
$DIMTP
 40
0.0
  9
$DIMTM
 40
0.0
  9
$DIMTXT
 40
2.5
  9
$DIMCEN
 40
2.5
  9
$DIMTSZ
 40
0.0
  9
$DIMTOL
 70
     0
  9
$DIMLIM
 70
     0
  9
$DIMTIH
 70
     0
  9
$DIMTOH
 70
     0
  9
$DIMSE1
 70
     0
  9
$DIMSE2
 70
     0
  9
$DIMTAD
 70
     1
  9
$DIMZIN
 70
     8
  9
$DIMBLK
  1

  9
$DIMASO
 70
     1
  9
$DIMSHO
 70
     1
  9
$DIMPOST
  1

  9
$DIMAPOST
  1

  9
$DIMALT
 70
     0
  9
$DIMALTD
 70
     3
  9
$DIMALTF
 40
0.04
  9
$DIMLFAC
 40
1.0
  9
$DIMTOFL
 70
     1
  9
$DIMTVP
 40
0.0
  9
$DIMTIX
 70
     0
  9
$DIMSOXD
 70
     0
  9
$DIMSAH
 70
     0
  9
$DIMBLK1
  1

  9
$DIMBLK2
  1

  9
$DIMSTYLE
  2
ISO-25
  9
$DIMCLRD
 70
     0
  9
$DIMCLRE
 70
     0
  9
$DIMCLRT
 70
     0
  9
$DIMTFAC
 40
1.0
  9
$DIMGAP
 40
0.63
  9
$DIMJUST
 70
     0
  9
$DIMSD1
 70
     0
  9
$DIMSD2
 70
     0
  9
$DIMTOLJ
 70
     0
  9
$DIMTZIN
 70
     8
  9
$DIMALTZ
 70
     0
  9
$DIMALTTZ
 70
     0
  9
$DIMUPT
 70
     0
  9
$DIMDEC
 70
     2
  9
$DIMTDEC
 70
     2
  9
$DIMALTU
 70
     2
  9
$DIMALTTD
 70
     3
  9
$DIMTXSTY
  7
Standard
  9
$DIMAUNIT
 70
     0
  9
$DIMADEC
 70
     0
  9
$DIMALTRND
 40
0.0
  9
$DIMAZIN
 70
     0
  9
$DIMDSEP
 70
    46
  9
$DIMATFIT
 70
     3
  9
$DIMFRAC
 70
     0
  9
$DIMLDRBLK
  1

  9
$DIMLUNIT
 70
     2
  9
$DIMLWD
 70
    -2
  9
$DIMLWE
 70
    -2
  9
$DIMTMOVE
 70
     0
  9
$DIMFXL
 40
100.0
  9
$DIMFXLON
 70
     0
  9
$DIMJOGANG
 40
1.57
  9
$DIMTFILL
 70
     0
  9
$DIMTFILLCLR
 70
     0
  9
$DIMARCSYM
 70
     0
  9
$DIMLTYPE
  6

  9
$DIMLTEX1
  6

  9
$DIMLTEX2
  6

  9
$DIMTXTDIRECTION
 70
     0
  9
$LUNITS
 70
     2
  9
$LUPREC
 70
     4
  9
$SKETCHINC
 40
1.0
  9
$FILLETRAD
 40
0.0
  9
$AUNITS
 70
     0
  9
$AUPREC
 70
     0
  9
$MENU
  1
.
  9
$ELEVATION
 40
0.0
  9
$PELEVATION
 40
0.0
  9
$THICKNESS
 40
0.0
  9
$LIMCHECK
 70
     0
  9
$CHAMFERA
 40
0.0
  9
$CHAMFERB
 40
0.0
  9
$CHAMFERC
 40
0.0
  9
$CHAMFERD
 40
0.0
  9
$SKPOLY
 70
     0
  9
$TDCREATE
 40
2461267.628506945
  9
$TDUCREATE
 40
2461267.295173611
  9
$TDUPDATE
 40
2461268.465451389
  9
$TDUUPDATE
 40
2461268.132118056
  9
$TDINDWG
 40
0.3806481481
  9
$TDUSRTIMER
 40
0.3806481481
  9
$USRTIMER
 70
     1
  9
$ANGBASE
 50
0.0
  9
$ANGDIR
 70
     0
  9
$PDMODE
 70
     0
  9
$PDSIZE
 40
0.0
  9
$PLINEWID
 40
0.0
  9
$SPLFRAME
 70
     0
  9
$SPLINETYPE
 70
     6
  9
$SPLINESEGS
 70
     8
  9
$HANDSEED
  5
497
  9
$SURFTAB1
 70
     6
  9
$SURFTAB2
 70
     6
  9
$SURFTYPE
 70
     6
  9
$SURFU
 70
     6
  9
$SURFV
 70
     6
  9
$UCSBASE
  2

  9
$UCSNAME
  2

  9
$UCSORG
 10
0.0
 20
0.0
 30
0.0
  9
$UCSXDIR
 10
1.0
 20
0.0
 30
0.0
  9
$UCSYDIR
 10
0.0
 20
1.0
 30
0.0
  9
$UCSORTHOREF
  2

  9
$UCSORTHOVIEW
 70
     0
  9
$UCSORGTOP
 10
0.0
 20
0.0
 30
0.0
  9
$UCSORGBOTTOM
 10
0.0
 20
0.0
 30
0.0
  9
$UCSORGLEFT
 10
0.0
 20
0.0
 30
0.0
  9
$UCSORGRIGHT
 10
0.0
 20
0.0
 30
0.0
  9
$UCSORGFRONT
 10
0.0
 20
0.0
 30
0.0
  9
$UCSORGBACK
 10
0.0
 20
0.0
 30
0.0
  9
$PUCSBASE
  2

  9
$PUCSNAME
  2

  9
$PUCSORG
 10
0.0
 20
0.0
 30
0.0
  9
$PUCSXDIR
 10
1.0
 20
0.0
 30
0.0
  9
$PUCSYDIR
 10
0.0
 20
1.0
 30
0.0
  9
$PUCSORTHOREF
  2

  9
$PUCSORTHOVIEW
 70
     0
  9
$PUCSORGTOP
 10
0.0
 20
0.0
 30
0.0
  9
$PUCSORGBOTTOM
 10
0.0
 20
0.0
 30
0.0
  9
$PUCSORGLEFT
 10
0.0
 20
0.0
 30
0.0
  9
$PUCSORGRIGHT
 10
0.0
 20
0.0
 30
0.0
  9
$PUCSORGFRONT
 10
0.0
 20
0.0
 30
0.0
  9
$PUCSORGBACK
 10
0.0
 20
0.0
 30
0.0
  9
$USERI1
 70
     0
  9
$USERI2
 70
     0
  9
$USERI3
 70
     0
  9
$USERI4
 70
     0
  9
$USERI5
 70
     0
  9
$USERR1
 40
0.0
  9
$USERR2
 40
0.0
  9
$USERR3
 40
0.0
  9
$USERR4
 40
0.0
  9
$USERR5
 40
0.0
  9
$WORLDVIEW
 70
     1
  9
$SHADEDGE
 70
     3
  9
$SHADEDIF
 70
    70
  9
$TILEMODE
 70
     1
  9
$MAXACTVP
 70
    64
  9
$PINSBASE
 10
0.0
 20
0.0
 30
0.0
  9
$PLIMCHECK
 70
     0
  9
$PEXTMIN
 10
1.00E+20
 20
1.00E+20
 30
1.00E+20
  9
$PEXTMAX
 10
-1.00E+20
 20
-1.00E+20
 30
-1.00E+20
  9
$PLIMMIN
 10
0.0
 20
0.0
  9
$PLIMMAX
 10
420.0
 20
297.0
  9
$UNITMODE
 70
     0
  9
$VISRETAIN
 70
     1
  9
$PLINEGEN
 70
     0
  9
$PSLTSCALE
 70
     1
  9
$TREEDEPTH
 70
  3020
  9
$CMLSTYLE
  2
Standard
  9
$CMLJUST
 70
     0
  9
$CMLSCALE
 40
20.0
  9
$PROXYGRAPHICS
 70
     1
  9
$MEASUREMENT
 70
     1
  9
$CELWEIGHT
370
    -1
  9
$ENDCAPS
280
     0
  9
$JOINSTYLE
280
     0
  9
$LWDISPLAY
290
     0
  9
$INSUNITS
 70
     4
  9
$HYPERLINKBASE
  1

  9
$STYLESHEET
  1

  9
$XEDIT
290
     1
  9
$CEPSNTYPE
380
     0
  9
$PSTYLEMODE
290
     1
  9
$FINGERPRINTGUID
  2
{ED8C8962-CFD2-4246-8817-37A5C6C85E74}
  9
$VERSIONGUID
  2
{817A2874-133A-3142-A05D-A9E9F7A55AC6}
  9
$EXTNAMES
290
     1
  9
$PSVPSCALE
 40
0.0
  9
$OLESTARTUP
290
     0
  9
$SORTENTS
280
   127
  9
$INDEXCTL
280
     0
  9
$HIDETEXT
280
     1
  9
$XCLIPFRAME
280
     2
  9
$HALOGAP
280
     0
  9
$OBSCOLOR
 70
   257
  9
$OBSLTYPE
280
     0
  9
$INTERSECTIONDISPLAY
280
     0
  9
$INTERSECTIONCOLOR
 70
   257
  9
$DIMASSOC
280
     2
  9
$PROJECTNAME
  1

  9
$CAMERADISPLAY
290
     0
  9
$LENSLENGTH
 40
50.0
  9
$CAMERAHEIGHT
 40
0.0
  9
$STEPSPERSEC
 40
2.0
  9
$STEPSIZE
 40
6.0
  9
$3DDWFPREC
 40
2.0
  9
$PSOLWIDTH
 40
0.25
  9
$PSOLHEIGHT
 40
4.0
  9
$LOFTANG1
 40
1.57
  9
$LOFTANG2
 40
1.57
  9
$LOFTMAG1
 40
0.0
  9
$LOFTMAG2
 40
0.0
  9
$LOFTPARAM
 70
     7
  9
$LOFTNORMALS
280
     1
  9
$LATITUDE
 40
37.8
  9
$LONGITUDE
 40
-122.39
  9
$NORTHDIRECTION
 40
0.0
  9
$TIMEZONE
 70
 -8000
  9
$LIGHTGLYPHDISPLAY
280
     1
  9
$TILEMODELIGHTSYNCH
280
     1
  9
$CMATERIAL
347
273
  9
$SOLIDHIST
280
     0
  9
$SHOWHIST
280
     1
  9
$DWFFRAME
280
     2
  9
$DGNFRAME
280
     0
  9
$REALWORLDSCALE
290
     1
  9
$INTERFERECOLOR
 62
     1
  9
$INTERFEREOBJVS
345
291
  9
$INTERFEREVPVS
346
292
  9
$CSHADOW
280
     0
  9
$SHADOWPLANELOCATION
 40
0.0
  0
ENDSEC
  0
SECTION
  2
CLASSES
  0
CLASS
  1
ACDBDICTIONARYWDFLT
  2
AcDbDictionaryWithDefault
  3
ObjectDBX Classes
 90
        0
 91
        1
280
     0
281
     0
  0
CLASS
  1
MATERIAL
  2
AcDbMaterial
  3
ObjectDBX Classes
 90
     1153
 91
        3
280
     0
281
     0
  0
CLASS
  1
VISUALSTYLE
  2
AcDbVisualStyle
  3
ObjectDBX Classes
 90
     4095
 91
       24
280
     0
281
     0
  0
CLASS
  1
SCALE
  2
AcDbScale
  3
ObjectDBX Classes
 90
     1153
 91
       17
280
     0
281
     0
  0
CLASS
  1
TABLESTYLE
  2
AcDbTableStyle
  3
ObjectDBX Classes
 90
     4095
 91
        1
280
     0
281
     0
  0
CLASS
  1
MLEADERSTYLE
  2
AcDbMLeaderStyle
  3
ACDB_MLEADERSTYLE_CLASS
 90
     4095
 91
        1
280
     0
281
     0
  0
CLASS
  1
ACDBSECTIONVIEWSTYLE
  2
AcDbSectionViewStyle
  3
ObjectDBX Classes
 90
     1025
 91
        1
280
     0
281
     0
  0
CLASS
  1
ACDBDETAILVIEWSTYLE
  2
AcDbDetailViewStyle
  3
ObjectDBX Classes
 90
     1025
 91
        1
280
     0
281
     0
  0
CLASS
  1
DICTIONARYVAR
  2
AcDbDictionaryVar
  3
ObjectDBX Classes
 90
        0
 91
       12
280
     0
281
     0
  0
CLASS
  1
SORTENTSTABLE
  2
AcDbSortentsTable
  3
ObjectDBX Classes
 90
        0
 91
        2
280
     0
281
     0
  0
CLASS
  1
TCH_DBCONFIG
  2
TDbConfig
  3
"TCH_KERNAL|缺乏解释器天正图形看不见, 请下载天正插件|网址: www.tangent.com.cn"
 90
        1
 91
        1
280
     0
281
     0
  0
CLASS
  1
TCH_WALL
  2
TDbWall
  3
"TCH_KERNAL|缺乏解释器天正图形看不见, 请下载天正插件|网址: www.tangent.com.cn"
 90
        1
 91
        0
280
     0
281
     1
  0
CLASS
  1
TCH_SPACE
  2
TDbSpace
  3
"TCH_KERNAL|缺乏解释器天正图形看不见, 请下载天正插件|网址: www.tangent.com.cn"
 90
        1
 91
        0
280
     0
281
     1
  0
CLASS
  1
TCH_OPENING
  2
TDbOpening
  3
"TCH_KERNAL|缺乏解释器天正图形看不见, 请下载天正插件|网址: www.tangent.com.cn"
 90
        1
 91
        0
280
     0
281
     1
  0
CLASS
  1
TCH_DIMENSION2
  2
TDbDimension2
  3
"TCH_KERNAL|缺乏解释器天正图形看不见, 请下载天正插件|网址: www.tangent.com.cn"
 90
        1
 91
        0
280
     0
281
     1
  0
CLASS
  1
TCH_TEXT
  2
TDbText
  3
"TCH_KERNAL|缺乏解释器天正图形看不见, 请下载天正插件|网址: www.tangent.com.cn"
 90
        1
 91
        0
280
     0
281
     1
  0
CLASS
  1
WIPEOUT
  2
AcDbWipeout
  3
WipeOut|Product Desc: Object Enabler for WipeOut entity | Company: Autodesk, Inc. | WEB Address: www.autodesk.com
 90
     2175
 91
        0
280
     0
281
     1
  0
CLASS
  1
WIPEOUTVARIABLES
  2
AcDbWipeoutVariables
  3
"WipeOut|Product Desc:     WipeOut Dbx Application|Company:          Autodesk, Inc.|WEB Address:      www.autodesk.com"
 90
        0
 91
        0
280
     0
281
     0
  0
CLASS
  1
TCH_AXIS_LABEL
  2
TDbAxisLabelSet
  3
"TCH_KERNAL|缺乏解释器天正图形看不见, 请下载天正插件|网址: www.tangent.com.cn"
 90
        1
 91
        0
280
     0
281
     1
  0
CLASS
  1
CELLSTYLEMAP
  2
AcDbCellStyleMap
  3
ObjectDBX Classes
 90
     1152
 91
        3
280
     0
281
     0
  0
ENDSEC
  0
SECTION
  2
TABLES
  0
TABLE
  2
VPORT
  5
267
330
0
100
AcDbSymbolTable
 70
     1
  0
VPORT
  5
268
330
267
100
AcDbSymbolTableRecord
100
AcDbViewportTableRecord
  2
*Active
 70
     0
 10
0.0
 20
0.0
 11
1.0
 21
1.0
 12
275344124.78
 22
188987746.47
 13
0.0
 23
0.0
 14
10.0
 24
10.0
 15
10.0
 25
10.0
 16
0.0
 26
0.0
 36
1.0
 17
0.0
 27
0.0
 37
0.0
 40
38270.25
 41
1.44
 42
50.0
 43
0.0
 44
0.0
 50
0.0
 51
0.0
 71
     0
 72
  1000
 73
     1
 74
     3
 75
     0
 76
     0
 77
     0
 78
     0
281
     0
 65
     1
110
0.0
120
0.0
130
0.0
111
1.0
121
0.0
131
0.0
112
0.0
122
1.0
132
0.0
 79
     0
146
0.0
348
269
 60
     3
 61
     5
292
     1
282
     1
141
0.0
142
0.0
 63
   250
421
  3355443
1001
ACAD_NAV_VCDISPLAY
1070
     1
  0
ENDTAB
  0
TABLE
  2
LTYPE
  5
262
330
0
100
AcDbSymbolTable
 70
     6
  0
LTYPE
  5
263
330
262
100
AcDbSymbolTableRecord
100
AcDbLinetypeTableRecord
  2
ByBlock
 70
     0
  3

 72
    65
 73
     0
 40
0.0
  0
LTYPE
  5
264
330
262
100
AcDbSymbolTableRecord
100
AcDbLinetypeTableRecord
  2
ByLayer
 70
     0
  3

 72
    65
 73
     0
 40
0.0
  0
LTYPE
  5
14
330
262
100
AcDbSymbolTableRecord
100
AcDbLinetypeTableRecord
  2
Continuous
 70
     0
  3
Solid line
 72
    65
 73
     0
 40
0.0
  0
LTYPE
  5
2B8
330
262
100
AcDbSymbolTableRecord
100
AcDbLinetypeTableRecord
  2
ACAD_ISO05W100
 70
     0
  3
ISO long-dash double-dot ____ .. ____ .. ____ .
 72
    65
 73
     6
 40
34.0
 49
24.0
 74
     0
 49
-3.0
 74
     0
 49
0.5
 74
     0
 49
-3.0
 74
     0
 49
0.5
 74
     0
 49
-3.0
 74
     0
  0
LTYPE
  5
2B9
330
262
100
AcDbSymbolTableRecord
100
AcDbLinetypeTableRecord
  2
DASH
 70
     0
  3
__ __ __ __ __ __ __ __ __ __ __ __ __ __ __ __
 72
    65
 73
     2
 40
0.35
 49
0.25
 74
     0
 49
-0.1
 74
     0
  0
LTYPE
  5
2BA
330
262
100
AcDbSymbolTableRecord
100
AcDbLinetypeTableRecord
  2
CENTERX2
 70
     0
  3
Center (2x) ________  __  ________  __  _____
 72
    65
 73
     4
 40
4.0
 49
2.5
 74
     0
 49
-0.5
 74
     0
 49
0.5
 74
     0
 49
-0.5
 74
     0
  0
LTYPE
  5
2BB
330
262
100
AcDbSymbolTableRecord
100
AcDbLinetypeTableRecord
  2
DASHED
 70
     0
  3
Dashed __ __ __ __ __ __ __ __ __ __ __ __ __ _
 72
    65
 73
     2
 40
0.75
 49
0.5
 74
     0
 49
-0.25
 74
     0
  0
LTYPE
  5
2BC
330
262
100
AcDbSymbolTableRecord
100
AcDbLinetypeTableRecord
  2
DOTE
 70
     0
  3
____ . ____ . ____ . ____ . ____ . ____ . ____ 
 72
    65
 73
     4
 40
2.42
 49
2.0
 74
     0
 49
-0.2
 74
     0
 49
0.02
 74
     0
 49
-0.2
 74
     0
  0
ENDTAB
  0
TABLE
  2
LAYER
  5
259
102
{ACAD_XDICTIONARY
360
25A
102
}
330
0
100
AcDbSymbolTable
 70
    17
  0
LAYER
  5
6
330
259
100
AcDbSymbolTableRecord
100
AcDbLayerTableRecord
  2
0
 70
     0
 62
     7
  6
Continuous
370
    -3
390
7
347
A
348
0
  0
LAYER
  5
16
330
259
100
AcDbSymbolTableRecord
100
AcDbLayerTableRecord
  2
DOTE
 70
     0
 62
     1
  6
Continuous
370
    -3
390
7
347
A
348
0
1001
AcAecLayerStandard
1000

1000
此图层的直线和弧认为是平面轴线
  0
LAYER
  5
2E
330
259
100
AcDbSymbolTableRecord
100
AcDbLayerTableRecord
  2
WINDOW
 70
     0
 62
     4
  6
Continuous
370
    -3
390
7
347
A
348
0
1001
AcAecLayerStandard
1000

1000
存放插入的门图块
1001
_LayerManage
1070
     0
1070
     0
1070
     0
  0
LAYER
  5
158
330
259
100
AcDbSymbolTableRecord
100
AcDbLayerTableRecord
  2
AXIS
 70
     0
 62
     3
  6
Continuous
370
    -3
390
7
347
A
348
0
1001
AcAecLayerStandard
1000

1000
存放轴号对象
1001
_LayerManage
1070
     0
1070
     0
1070
     0
  0
LAYER
  5
1E
330
259
100
AcDbSymbolTableRecord
100
AcDbLayerTableRecord
  2
WALL
 70
     0
 62
     9
  6
Continuous
370
    -3
390
7
347
A
348
0
1001
AcAecLayerStandard
1000

1000
存放各种材质的墙对象
1001
_LayerManage
1070
     0
1070
     0
1070
     0
  0
LAYER
  5
135
330
259
100
AcDbSymbolTableRecord
100
AcDbLayerTableRecord
  2
WALL-PARAPET
 70
     0
 62
     6
  6
Continuous
370
    -3
390
7
347
A
348
0
1001
AcAecLayerStandard
1000

1000
用于表示檐口、女儿墙、侧墩等半高墙对象
1001
_LayerManage
1070
     0
1070
     0
1070
     0
  0
LAYER
  5
2B
330
259
100
AcDbSymbolTableRecord
100
AcDbLayerTableRecord
  2
SURFACE
 70
     0
 62
     6
  6
Continuous
370
    -3
390
7
347
A
348
0
1001
AcAecLayerStandard
1000

1000
粉刷层、保温层、详图饰面层
1001
_LayerManage
1070
     0
1070
     0
1070
     0
  0
LAYER
  5
139
330
259
100
AcDbSymbolTableRecord
100
AcDbLayerTableRecord
  2
SPACE
 70
     0
 62
     7
  6
Continuous
370
    -3
390
7
347
A
348
0
1001
AcAecLayerStandard
1000

1000
房间名称、编号
1001
_LayerManage
1070
     0
1070
     0
1070
     0
  0
LAYER
  5
13D
330
259
100
AcDbSymbolTableRecord
100
AcDbLayerTableRecord
  2
SPACE_HATCH
 70
     0
 62
     8
  6
Continuous
370
    -3
390
7
347
A
348
0
1001
AcAecLayerStandard
1000

1000
房间面积填充图案
1001
_LayerManage
1070
     0
1070
     0
1070
     0
  0
LAYER
  5
15A
330
259
100
AcDbSymbolTableRecord
100
AcDbLayerTableRecord
  2
AXIS_TEXT
 70
     0
 62
     7
  6
Continuous
370
    -3
390
7
347
A
348
0
1001
AcAecLayerStandard
1000

1000
轴号对象的轴号文字
1001
_LayerManage
1070
     0
1070
     0
1070
     0
  0
LAYER
  5
2A
330
259
100
AcDbSymbolTableRecord
100
AcDbLayerTableRecord
  2
PUB_HATCH
 70
     0
 62
     8
  6
Continuous
370
    -3
390
7
347
A
348
0
1001
AcAecLayerStandard
1000

1000
填充图案
1001
_LayerManage
1070
     0
1070
     0
1070
     0
  0
LAYER
  5
6B
330
259
100
AcDbSymbolTableRecord
100
AcDbLayerTableRecord
  2
WINDOW_TEXT
 70
     0
 62
     7
  6
Continuous
370
    -3
390
7
347
A
348
0
1001
AcAecLayerStandard
1000

1000
门窗编号
1001
_LayerManage
1070
     0
1070
     0
1070
     0
  0
LAYER
  5
3B
330
259
100
AcDbSymbolTableRecord
100
AcDbLayerTableRecord
  2
3T_BAR
 70
     0
 62
     7
  6
Continuous
370
    -3
390
7
347
A
348
0
1001
_LayerManage
1070
     0
1070
     0
1070
     0
  0
LAYER
  5
48
330
259
100
AcDbSymbolTableRecord
100
AcDbLayerTableRecord
  2
3T_GLASS
 70
     0
 62
     5
  6
Continuous
370
    -3
390
7
347
A
348
0
1001
_LayerManage
1070
     0
1070
     0
1070
     0
  0
LAYER
  5
81
330
259
100
AcDbSymbolTableRecord
100
AcDbLayerTableRecord
  2
3T_WOOD
 70
     0
 62
    21
  6
Continuous
370
    -3
390
7
347
A
348
0
1001
_LayerManage
1070
     0
1070
     0
1070
     0
  0
LAYER
  5
16B
330
259
100
AcDbSymbolTableRecord
100
AcDbLayerTableRecord
  2
Defpoints
 70
     0
 62
     7
  6
Continuous
290
     0
370
    -3
390
7
347
A
348
0
  0
LAYER
  5
2BE
330
259
100
AcDbSymbolTableRecord
100
AcDbLayerTableRecord
  2
PUB_WALL
 70
     0
 62
     9
  6
Continuous
370
    -3
390
7
347
A
348
0
  0
ENDTAB
  0
TABLE
  2
STYLE
  5
25F
330
0
100
AcDbSymbolTable
 70
    10
  0
STYLE
  5
260
330
25F
100
AcDbSymbolTableRecord
100
AcDbTextStyleTableRecord
  2
Standard
 70
     0
 40
0.0
 41
1.0
 50
0.0
 71
     0
 42
2.5
  3
txt
  4

  0
STYLE
  5
13A
330
25F
100
AcDbSymbolTableRecord
100
AcDbTextStyleTableRecord
  2
_TCH_SPACE
 70
     0
 40
0.0
 41
1.0
 50
0.0
 71
     0
 42
2.5
  3
SIMPLEX
  4
GBCBIG
1001
_TCH
1040
0.85
1040
0.6
1070
     7
  0
STYLE
  5
6A
330
25F
100
AcDbSymbolTableRecord
100
AcDbTextStyleTableRecord
  2
_TCH_WINDOW
 70
     0
 40
0.0
 41
1.0
 50
0.0
 71
     0
 42
2.5
  3
SIMPLEX
  4
GBCBIG
1001
_TCH
1040
0.85
1040
0.6
1070
     7
  0
STYLE
  5
159
330
25F
100
AcDbSymbolTableRecord
100
AcDbTextStyleTableRecord
  2
_TCH_AXIS
 70
     0
 40
0.0
 41
1.0
 50
0.0
 71
     0
 42
2.5
  3
COMPLEX
  4
GBCBIG
1001
_TCH
1040
0.85
1040
0.6
1070
     7
  0
STYLE
  5
169
330
25F
100
AcDbSymbolTableRecord
100
AcDbTextStyleTableRecord
  2
_TCH_DIM_T3
 70
     0
 40
0.0
 41
0.71
 50
0.0
 71
     0
 42
2.5
  3
SIMPLEX
  4
GBCBIG
1001
_TCH
1040
0.85
1040
0.6
1070
     7
  0
STYLE
  5
2AB
330
25F
100
AcDbSymbolTableRecord
100
AcDbTextStyleTableRecord
  2
COMPLEX
 70
     0
 40
0.0
 41
1.0
 50
0.0
 71
     0
 42
0.6
  3
COMPLEX
  4

1001
AcadAnnotative
1000
AnnotativeData
1002
{
1070
     1
1070
     1
1002
}
  0
STYLE
  5
2AF
330
25F
100
AcDbSymbolTableRecord
100
AcDbTextStyleTableRecord
  2
Annotative
 70
     0
 40
0.0
 41
1.0
 50
0.0
 71
     0
 42
0.2
  3
txt
  4

1001
AcadAnnotative
1000
AnnotativeData
1002
{
1070
     1
1070
     1
1002
}
  0
STYLE
  5
2B0
330
25F
100
AcDbSymbolTableRecord
100
AcDbTextStyleTableRecord
  2
_TCH_DIM
 70
     0
 40
0.0
 41
1.0
 50
0.0
 71
     0
 42
2.5
  3
SIMPLEX
  4
GBCBIG
1001
_TCH
1040
0.85
1040
0.6
1070
     7
  0
STYLE
  5
2B1
330
25F
100
AcDbSymbolTableRecord
100
AcDbTextStyleTableRecord
  2
_TCH_DYN
 70
     0
 40
0.0
 41
1.0
 50
0.0
 71
     0
 42
2.5
  3

  4

1001
ACAD
1000
SimSun
1071
        0
  0
STYLE
  5
2B5
330
25F
100
AcDbSymbolTableRecord
100
AcDbTextStyleTableRecord
  2
DIM_FONT
 70
     0
 40
0.0
 41
0.7
 50
0.0
 71
     0
 42
2.5
  3
SIMPLEX
  4
GBCBIG
1001
_TCH
1040
0.85
1040
0.6
1070
     7
  0
ENDTAB
  0
TABLE
  2
VIEW
  5
265
330
0
100
AcDbSymbolTable
 70
     2
  0
ENDTAB
  0
TABLE
  2
UCS
  5
266
330
0
100
AcDbSymbolTable
 70
     0
  0
ENDTAB
  0
TABLE
  2
APPID
  5
26C
330
0
100
AcDbSymbolTable
 70
    10
  0
APPID
  5
25E
330
26C
100
AcDbSymbolTableRecord
100
AcDbRegAppTableRecord
  2
ACAD
 70
     0
  0
APPID
  5
26B
330
26C
100
AcDbSymbolTableRecord
100
AcDbRegAppTableRecord
  2
ACAD_NAV_VCDISPLAY
 70
     0
  0
APPID
  5
17
330
26C
100
AcDbSymbolTableRecord
100
AcDbRegAppTableRecord
  2
AcAecLayerStandard
 70
     0
  0
APPID
  5
69
330
26C
100
AcDbSymbolTableRecord
100
AcDbRegAppTableRecord
  2
_TCH
 70
     0
  0
APPID
  5
250
330
26C
100
AcDbSymbolTableRecord
100
AcDbRegAppTableRecord
  2
ACAD_PSEXT
 70
     0
  0
APPID
  5
1F
330
26C
100
AcDbSymbolTableRecord
100
AcDbRegAppTableRecord
  2
_LayerManage
 70
     0
  0
APPID
  5
2AC
330
26C
100
AcDbSymbolTableRecord
100
AcDbRegAppTableRecord
  2
AcadAnnotative
 70
     0
  0
APPID
  5
2BF
330
26C
100
AcDbSymbolTableRecord
100
AcDbRegAppTableRecord
  2
WTHICK
 70
     0
  0
APPID
  5
450
330
26C
100
AcDbSymbolTableRecord
100
AcDbRegAppTableRecord
  2
ACAD_DSTYLE_DIMEXT_LENGTH
 70
     0
  0
APPID
  5
455
330
26C
100
AcDbSymbolTableRecord
100
AcDbRegAppTableRecord
  2
ACAD_DSTYLE_DIMJOGGED_JOGANGLE_SYMBOL
 70
     0
  0
ENDTAB
  0
TABLE
  2
DIMSTYLE
  5
26D
330
0
100
AcDbSymbolTable
 70
     2
100
AcDbDimStyleTable
 71
     2
340
16F
340
26E
  0
DIMSTYLE
105
26E
330
26D
100
AcDbSymbolTableRecord
100
AcDbDimStyleTableRecord
  2
ISO-25
 70
     0
 41
2.5
 42
0.63
 43
3.75
 44
1.25
 50
90.0
 73
     0
 74
     0
 77
     1
 78
     8
140
2.5
141
2.5
143
0.04
147
0.63
171
     3
172
     1
271
     2
272
     2
274
     3
283
     0
284
     8
340
260
1001
ACAD_DSTYLE_DIMJOGGED_JOGANGLE_SYMBOL
1070
   384
1040
1.57
  0
DIMSTYLE
105
16F
102
{ACAD_REACTORS
330
15C
330
170
330
17D
330
18A
330
197
330
1A4
330
1B1
330
1BE
330
1CB
330
1D8
330
1E5
330
1F2
330
1FF
330
20C
330
219
330
226
330
233
330
240
102
}
330
26D
100
AcDbSymbolTableRecord
100
AcDbDimStyleTableRecord
  2
_TCH_ARCH&&100
 70
     0
 41
100.0
 42
300.0
 43
0.0
 44
250.0
 49
100.0
 73
     0
 74
     0
 77
     1
 79
     2
140
297.5
147
126.25
172
     1
174
     1
178
     7
179
     2
271
     0
272
     0
279
     2
340
169
342
163
  0
ENDTAB
  0
TABLE
  2
BLOCK_RECORD
  5
1
330
0
100
AcDbSymbolTable
 70
    28
  0
BLOCK_RECORD
  5
2
102
{ACAD_XDICTIONARY
360
3
102
}
330
1
100
AcDbSymbolTableRecord
100
AcDbBlockTableRecord
  2
*Model_Space
340
24E
 70
     0
280
     1
281
     0
  0
BLOCK_RECORD
  5
251
330
1
100
AcDbSymbolTableRecord
100
AcDbBlockTableRecord
  2
*Paper_Space
340
254
 70
     0
280
     1
281
     0
  0
BLOCK_RECORD
  5
255
330
1
100
AcDbSymbolTableRecord
100
AcDbBlockTableRecord
  2
*Paper_Space0
340
258
 70
     0
280
     1
281
     0
  0
BLOCK_RECORD
  5
20
102
{ACAD_XDICTIONARY
360
21
102
}
330
1
100
AcDbSymbolTableRecord
100
AcDbBlockTableRecord
  2
$LinePat$保温层
340
0
 70
     0
280
     1
281
     0
  0
BLOCK_RECORD
  5
163
330
1
100
AcDbSymbolTableRecord
100
AcDbBlockTableRecord
  2
_ArchTick
340
0
102
{BLKREFS
331
205
331
206
331
212
331
213
331
21F
331
220
331
22C
331
22D
331
239
331
23A
331
246
331
247
331
162
331
167
331
176
331
177
331
183
331
184
331
190
331
191
331
19D
331
19E
331
1AA
331
1AB
331
1B7
331
1B8
331
1C4
331
1C5
331
1D1
331
1D2
331
1DE
331
1DF
331
1EB
331
1EC
331
1F8
331
1F9
102
}
 70
     0
280
     1
281
     0
  0
BLOCK_RECORD
  5
110
102
{ACAD_XDICTIONARY
360
111
102
}
330
1
100
AcDbSymbolTableRecord
100
AcDbBlockTableRecord
  2
$DorLib2D$00000002
340
0
102
{BLKREFS
331
386
331
3B9
331
3BC
102
}
 70
     0
280
     1
281
     0
  0
BLOCK_RECORD
  5
7E
330
1
100
AcDbSymbolTableRecord
100
AcDbBlockTableRecord
  2
$TCHSYS$DOOR3D
340
0
 70
     0
280
     1
281
     0
1001
_TCH
1040
900.0
1040
2100.0
  0
BLOCK_RECORD
  5
75
102
{ACAD_XDICTIONARY
360
76
102
}
330
1
100
AcDbSymbolTableRecord
100
AcDbBlockTableRecord
  2
$DorLib2D$00000001
340
0
102
{BLKREFS
331
3F0
331
36E
331
371
331
374
331
377
331
37A
331
37D
331
380
331
39B
102
}
 70
     0
280
     1
281
     0
  0
BLOCK_RECORD
  5
F7
330
1
100
AcDbSymbolTableRecord
100
AcDbBlockTableRecord
  2
$DorLib2D$00000131
340
0
102
{BLKREFS
331
383
102
}
 70
     0
280
     1
281
     0
1001
_TCH
1040
1.0
  0
BLOCK_RECORD
  5
2F
330
1
100
AcDbSymbolTableRecord
100
AcDbBlockTableRecord
  2
$TCHSYS$WIN2D
340
0
102
{BLKREFS
331
389
331
38C
331
38F
331
392
331
395
331
398
331
39E
331
3A1
331
3A4
331
3A7
331
3AA
331
3AD
331
3B0
102
}
 70
     0
280
     1
281
     0
  0
BLOCK_RECORD
  5
38
330
1
100
AcDbSymbolTableRecord
100
AcDbBlockTableRecord
  2
$TCHSYS$WIN3D
340
0
 70
     0
280
     1
281
     0
1001
_TCH
1040
1200.0
1040
1800.0
  0
BLOCK_RECORD
  5
15D
330
1
100
AcDbSymbolTableRecord
100
AcDbBlockTableRecord
  2
*D9
340
0
 70
     0
280
     1
281
     0
  0
BLOCK_RECORD
  5
171
330
1
100
AcDbSymbolTableRecord
100
AcDbBlockTableRecord
  2
*D10
340
0
 70
     0
280
     1
281
     0
  0
BLOCK_RECORD
  5
17E
330
1
100
AcDbSymbolTableRecord
100
AcDbBlockTableRecord
  2
*D11
340
0
 70
     0
280
     1
281
     0
  0
BLOCK_RECORD
  5
18B
330
1
100
AcDbSymbolTableRecord
100
AcDbBlockTableRecord
  2
*D12
340
0
 70
     0
280
     1
281
     0
  0
BLOCK_RECORD
  5
198
330
1
100
AcDbSymbolTableRecord
100
AcDbBlockTableRecord
  2
*D13
340
0
 70
     0
280
     1
281
     0
  0
BLOCK_RECORD
  5
1A5
330
1
100
AcDbSymbolTableRecord
100
AcDbBlockTableRecord
  2
*D14
340
0
 70
     0
280
     1
281
     0
  0
BLOCK_RECORD
  5
1B2
330
1
100
AcDbSymbolTableRecord
100
AcDbBlockTableRecord
  2
*D15
340
0
 70
     0
280
     1
281
     0
  0
BLOCK_RECORD
  5
1BF
330
1
100
AcDbSymbolTableRecord
100
AcDbBlockTableRecord
  2
*D16
340
0
 70
     0
280
     1
281
     0
  0
BLOCK_RECORD
  5
1CC
330
1
100
AcDbSymbolTableRecord
100
AcDbBlockTableRecord
  2
*D17
340
0
 70
     0
280
     1
281
     0
  0
BLOCK_RECORD
  5
1D9
330
1
100
AcDbSymbolTableRecord
100
AcDbBlockTableRecord
  2
*D18
340
0
 70
     0
280
     1
281
     0
  0
BLOCK_RECORD
  5
1E6
330
1
100
AcDbSymbolTableRecord
100
AcDbBlockTableRecord
  2
*D19
340
0
 70
     0
280
     1
281
     0
  0
BLOCK_RECORD
  5
1F3
330
1
100
AcDbSymbolTableRecord
100
AcDbBlockTableRecord
  2
*D20
340
0
 70
     0
280
     1
281
     0
  0
BLOCK_RECORD
  5
200
330
1
100
AcDbSymbolTableRecord
100
AcDbBlockTableRecord
  2
*D21
340
0
 70
     0
280
     1
281
     0
  0
BLOCK_RECORD
  5
20D
330
1
100
AcDbSymbolTableRecord
100
AcDbBlockTableRecord
  2
*D22
340
0
 70
     0
280
     1
281
     0
  0
BLOCK_RECORD
  5
21A
330
1
100
AcDbSymbolTableRecord
100
AcDbBlockTableRecord
  2
*D23
340
0
 70
     0
280
     1
281
     0
  0
BLOCK_RECORD
  5
227
330
1
100
AcDbSymbolTableRecord
100
AcDbBlockTableRecord
  2
*D24
340
0
 70
     0
280
     1
281
     0
  0
BLOCK_RECORD
  5
234
330
1
100
AcDbSymbolTableRecord
100
AcDbBlockTableRecord
  2
*D25
340
0
 70
     0
280
     1
281
     0
  0
BLOCK_RECORD
  5
241
330
1
100
AcDbSymbolTableRecord
100
AcDbBlockTableRecord
  2
*D26
340
0
 70
     0
280
     1
281
     0
  0
BLOCK_RECORD
  5
2A7
330
1
100
AcDbSymbolTableRecord
100
AcDbBlockTableRecord
  2
_AXISO
340
0
102
{BLKREFS
331
3F9
331
3FD
331
401
331
405
331
409
331
40D
331
411
331
415
331
419
331
41D
331
421
331
425
331
429
331
42D
331
431
331
435
331
439
331
43D
102
}
 70
     0
280
     1
281
     0
  0
ENDTAB
  0
ENDSEC
  0
SECTION
  2
BLOCKS
  0
BLOCK
  5
5
330
2
100
AcDbEntity
  8
0
100
AcDbBlockBegin
  2
*Model_Space
 70
     0
 10
0.0
 20
0.0
 30
0.0
  3
*Model_Space
  1

  0
ENDBLK
  5
24D
330
2
100
AcDbEntity
  8
0
100
AcDbBlockEnd
  0
BLOCK
  5
252
330
251
100
AcDbEntity
 67
     1
  8
0
100
AcDbBlockBegin
  2
*Paper_Space
 70
     0
 10
0.0
 20
0.0
 30
0.0
  3
*Paper_Space
  1

  0
ENDBLK
  5
253
330
251
100
AcDbEntity
 67
     1
  8
0
100
AcDbBlockEnd
  0
BLOCK
  5
256
330
255
100
AcDbEntity
 67
     1
  8
0
100
AcDbBlockBegin
  2
*Paper_Space0
 70
     0
 10
0.0
 20
0.0
 30
0.0
  3
*Paper_Space0
  1

  0
ENDBLK
  5
257
330
255
100
AcDbEntity
 67
     1
  8
0
100
AcDbBlockEnd
  0
BLOCK
  5
23
330
20
100
AcDbEntity
  8
0
100
AcDbBlockBegin
  2
$LinePat$保温层
 70
     0
 10
0.0
 20
0.0
 30
0.0
  3
$LinePat$保温层
  1

  0
LINE
  5
24
330
20
100
AcDbEntity
  8
0
 62
     0
100
AcDbLine
 10
24.0
 20
-24.0
 30
0.0
 11
24.0
 21
-56.0
 31
0.0
  0
LINE
  5
25
330
20
100
AcDbEntity
  8
0
 62
     0
100
AcDbLine
 10
72.0
 20
-56.0
 30
0.0
 11
72.0
 21
-24.0
 31
0.0
  0
ARC
  5
26
330
20
100
AcDbEntity
  8
0
 62
     0
100
AcDbCircle
 10
0.0
 20
-24.0
 30
0.0
 40
23.99999999999855
100
AcDbArc
 50
0.0
 51
90.0
  0
ARC
  5
27
330
20
100
AcDbEntity
  8
0
 62
     0
100
AcDbCircle
 10
96.0
 20
-24.0
 30
0.0
 40
24.00000000000037
100
AcDbArc
 50
90.0
 51
180.0
  0
ARC
  5
28
330
20
100
AcDbEntity
  8
0
 62
     0
100
AcDbCircle
 10
48.0
 20
-56.0
 30
0.0
 40
24.00000000000037
100
AcDbArc
 50
180.0
 51
0.0
  0
ENDBLK
  5
29
330
20
100
AcDbEntity
  8
0
100
AcDbBlockEnd
  0
BLOCK
  5
164
330
163
100
AcDbEntity
  8
0
100
AcDbBlockBegin
  2
_ArchTick
 70
     0
 10
0.0
 20
0.0
 30
0.0
  3
_ArchTick
  1

  0
LWPOLYLINE
  5
165
330
163
100
AcDbEntity
  8
0
  6
ByBlock
 62
     0
100
AcDbPolyline
 90
        2
 70
     0
 43
0.15
 10
-0.5
 20
-0.5
 10
0.5
 20
0.5
  0
ENDBLK
  5
166
330
163
100
AcDbEntity
  8
0
100
AcDbBlockEnd
  0
BLOCK
  5
112
330
110
100
AcDbEntity
  8
0
100
AcDbBlockBegin
  2
$DorLib2D$00000002
 70
     0
 10
0.0
 20
0.0
 30
0.0
  3
$DorLib2D$00000002
  1

  0
LINE
  5
113
330
110
100
AcDbEntity
  8
0
100
AcDbLine
 10
-0.5
 20
0.0
 30
0.0
 11
-0.5
 21
0.49
 31
0.0
  0
LINE
  5
114
330
110
100
AcDbEntity
  8
0
100
AcDbLine
 10
-0.48
 20
0.0
 30
0.0
 11
-0.48
 21
0.49
 31
0.0
  0
LINE
  5
115
330
110
100
AcDbEntity
  8
0
100
AcDbLine
 10
-0.5
 20
0.0
 30
0.0
 11
-0.48
 21
0.0
 31
0.0
  0
LINE
  5
116
330
110
100
AcDbEntity
  8
0
100
AcDbLine
 10
-0.48
 20
0.49
 30
0.0
 11
-0.5
 21
0.49
 31
0.0
  0
ARC
  5
117
330
110
100
AcDbEntity
  8
0
370
    13
100
AcDbCircle
 10
-0.49
 20
0.0
 30
0.0
 40
0.4875
100
AcDbArc
 50
0.0
 51
88.53
  0
ARC
  5
118
330
110
100
AcDbEntity
  8
0
370
    13
100
AcDbCircle
 10
0.49
 20
0.0
 30
0.0
 40
0.4875
100
AcDbArc
 50
91.47
 51
180.0
  0
LINE
  5
119
330
110
100
AcDbEntity
  8
0
100
AcDbLine
 10
0.48
 20
0.0
 30
0.0
 11
0.48
 21
0.49
 31
0.0
  0
LINE
  5
11A
330
110
100
AcDbEntity
  8
0
100
AcDbLine
 10
0.5
 20
0.0
 30
0.0
 11
0.5
 21
0.49
 31
0.0
  0
LINE
  5
11B
330
110
100
AcDbEntity
  8
0
100
AcDbLine
 10
0.48
 20
0.49
 30
0.0
 11
0.5
 21
0.49
 31
0.0
  0
LINE
  5
11C
330
110
100
AcDbEntity
  8
0
100
AcDbLine
 10
0.5
 20
0.0
 30
0.0
 11
0.48
 21
0.0
 31
0.0
  0
ENDBLK
  5
11D
330
110
100
AcDbEntity
  8
0
100
AcDbBlockEnd
  0
BLOCK
  5
7F
330
7E
100
AcDbEntity
  8
0
100
AcDbBlockBegin
  2
$TCHSYS$DOOR3D
 70
     0
 10
0.0
 20
0.0
 30
0.0
  3
$TCHSYS$DOOR3D
  1

  0
3DFACE
  5
80
330
7E
100
AcDbEntity
  8
3T_WOOD
100
AcDbFace
 10
409.41
 20
-10.0
 30
2055.56
 11
-411.02
 21
-10.0
 31
2055.56
 12
-411.02
 22
-10.0
 32
1.21
 13
409.41
 23
-10.0
 33
1.21
  0
3DFACE
  5
82
330
7E
100
AcDbEntity
  8
3T_WOOD
100
AcDbFace
 10
-450.0
 20
50.0
 30
2100.0
 11
409.09
 21
50.0
 31
2055.58
 12
-409.09
 22
50.0
 32
2055.58
 13
-409.09
 23
50.0
 33
2055.58
 70
    13
  0
3DFACE
  5
83
330
7E
100
AcDbEntity
  8
3T_WOOD
100
AcDbFace
 10
409.09
 20
50.0
 30
2055.58
 11
-450.0
 21
50.0
 31
2100.0
 12
450.0
 22
50.0
 32
2100.0
 13
450.0
 23
50.0
 33
2100.0
 70
    13
  0
3DFACE
  5
84
330
7E
100
AcDbEntity
  8
3T_WOOD
100
AcDbFace
 10
-450.0
 20
-50.0
 30
2100.0
 11
-409.09
 21
-50.0
 31
2055.58
 12
409.09
 22
-50.0
 32
2055.58
 13
409.09
 23
-50.0
 33
2055.58
 70
    13
  0
3DFACE
  5
85
330
7E
100
AcDbEntity
  8
3T_WOOD
100
AcDbFace
 10
409.09
 20
-50.0
 30
2055.58
 11
450.0
 21
-50.0
 31
2100.0
 12
-450.0
 22
-50.0
 32
2100.0
 13
-450.0
 23
-50.0
 33
2100.0
 70
    13
  0
3DFACE
  5
86
330
7E
100
AcDbEntity
  8
3T_WOOD
100
AcDbFace
 10
-409.09
 20
-50.0
 30
2055.58
 11
-409.09
 21
50.0
 31
2055.58
 12
409.09
 22
50.0
 32
2055.58
 13
409.09
 23
-50.0
 33
2055.58
  0
3DFACE
  5
87
330
7E
100
AcDbEntity
  8
3T_WOOD
100
AcDbFace
 10
-450.0
 20
50.0
 30
0.0
 11
-409.09
 21
50.0
 31
2055.58
 12
-409.09
 22
50.0
 32
0.0
 13
-409.09
 23
50.0
 33
0.0
 70
     1
  0
3DFACE
  5
88
330
7E
100
AcDbEntity
  8
3T_WOOD
100
AcDbFace
 10
409.09
 20
50.0
 30
2055.58
 11
450.0
 21
50.0
 31
0.0
 12
409.09
 22
50.0
 32
0.0
 13
409.09
 23
50.0
 33
0.0
 70
     1
  0
3DFACE
  5
89
330
7E
100
AcDbEntity
  8
3T_WOOD
100
AcDbFace
 10
409.09
 20
50.0
 30
2055.58
 11
450.0
 21
50.0
 31
2100.0
 12
450.0
 22
50.0
 32
0.0
 13
450.0
 23
50.0
 33
0.0
 70
    13
  0
3DFACE
  5
8A
330
7E
100
AcDbEntity
  8
3T_WOOD
100
AcDbFace
 10
-450.0
 20
50.0
 30
2100.0
 11
-409.09
 21
50.0
 31
2055.58
 12
-450.0
 22
50.0
 32
0.0
 13
-450.0
 23
50.0
 33
0.0
 70
     3
  0
3DFACE
  5
8B
330
7E
100
AcDbEntity
  8
3T_WOOD
100
AcDbFace
 10
-450.0
 20
-50.0
 30
0.0
 11
-409.09
 21
-50.0
 31
0.0
 12
-409.09
 22
-50.0
 32
2055.58
 13
-409.09
 23
-50.0
 33
2055.58
 70
    12
  0
3DFACE
  5
8C
330
7E
100
AcDbEntity
  8
3T_WOOD
100
AcDbFace
 10
409.09
 20
-50.0
 30
2055.58
 11
409.09
 21
-50.0
 31
0.0
 12
450.0
 22
-50.0
 32
0.0
 13
450.0
 23
-50.0
 33
0.0
 70
    12
  0
3DFACE
  5
8D
330
7E
100
AcDbEntity
  8
3T_WOOD
100
AcDbFace
 10
409.09
 20
-50.0
 30
2055.58
 11
450.0
 21
-50.0
 31
0.0
 12
450.0
 22
-50.0
 32
2100.0
 13
450.0
 23
-50.0
 33
2100.0
 70
    13
  0
3DFACE
  5
8E
330
7E
100
AcDbEntity
  8
3T_WOOD
100
AcDbFace
 10
-450.0
 20
-50.0
 30
2100.0
 11
-450.0
 21
-50.0
 31
0.0
 12
-409.09
 22
-50.0
 32
2055.58
 13
-409.09
 23
-50.0
 33
2055.58
 70
    14
  0
3DFACE
  5
8F
330
7E
100
AcDbEntity
  8
3T_WOOD
100
AcDbFace
 10
450.0
 20
-50.0
 30
0.0
 11
450.0
 21
50.0
 31
0.0
 12
450.0
 22
50.0
 32
2100.0
 13
450.0
 23
50.0
 33
2100.0
 70
    13
  0
3DFACE
  5
90
330
7E
100
AcDbEntity
  8
3T_WOOD
100
AcDbFace
 10
450.0
 20
-50.0
 30
2100.0
 11
450.0
 21
-50.0
 31
0.0
 12
450.0
 22
50.0
 32
2100.0
 13
450.0
 23
50.0
 33
2100.0
 70
    14
  0
3DFACE
  5
91
330
7E
100
AcDbEntity
  8
3T_WOOD
100
AcDbFace
 10
-450.0
 20
-50.0
 30
0.0
 11
-450.0
 21
-50.0
 31
2100.0
 12
-450.0
 22
50.0
 32
2100.0
 13
-450.0
 23
50.0
 33
2100.0
 70
    14
  0
3DFACE
  5
92
330
7E
100
AcDbEntity
  8
3T_WOOD
100
AcDbFace
 10
-450.0
 20
-50.0
 30
0.0
 11
-450.0
 21
50.0
 31
2100.0
 12
-450.0
 22
50.0
 32
0.0
 13
-450.0
 23
50.0
 33
0.0
 70
    13
  0
3DFACE
  5
93
330
7E
100
AcDbEntity
  8
3T_WOOD
100
AcDbFace
 10
409.09
 20
-50.0
 30
0.0
 11
409.09
 21
-50.0
 31
2055.58
 12
409.09
 22
50.0
 32
2055.58
 13
409.09
 23
50.0
 33
0.0
  0
3DFACE
  5
94
330
7E
100
AcDbEntity
  8
3T_WOOD
100
AcDbFace
 10
-409.09
 20
50.0
 30
0.0
 11
-409.09
 21
50.0
 31
2055.58
 12
-409.09
 22
-50.0
 32
2055.58
 13
-409.09
 23
-50.0
 33
0.0
  0
3DFACE
  5
95
330
7E
100
AcDbEntity
  8
3T_BAR
100
AcDbFace
 10
-330.18
 20
80.44
 30
907.28
 11
-341.34
 21
80.44
 31
920.52
 12
-341.34
 22
-63.56
 32
920.52
 13
-330.18
 23
-63.56
 33
907.28
  0
3DFACE
  5
96
330
7E
100
AcDbEntity
  8
3T_BAR
100
AcDbFace
 10
-341.34
 20
80.44
 30
920.52
 11
-352.49
 21
80.44
 31
907.28
 12
-352.49
 22
-63.56
 32
907.28
 13
-341.34
 23
-63.56
 33
920.52
  0
3DFACE
  5
97
330
7E
100
AcDbEntity
  8
3T_BAR
100
AcDbFace
 10
-352.49
 20
80.44
 30
907.28
 11
-341.34
 21
80.44
 31
894.03
 12
-341.34
 22
-63.56
 32
894.03
 13
-352.49
 23
-63.56
 33
907.28
  0
3DFACE
  5
98
330
7E
100
AcDbEntity
  8
3T_BAR
100
AcDbFace
 10
-341.34
 20
80.44
 30
894.03
 11
-330.18
 21
80.44
 31
907.28
 12
-330.18
 22
-63.56
 32
907.28
 13
-341.34
 23
-63.56
 33
894.03
  0
3DFACE
  5
99
330
7E
100
AcDbEntity
  8
3T_BAR
100
AcDbFace
 10
-351.72
 20
-63.56
 30
907.27
 11
-351.72
 21
-87.56
 31
907.27
 12
-350.12
 22
-87.56
 32
913.54
 13
-351.72
 23
-63.56
 33
907.27
 70
     4
  0
3DFACE
  5
9A
330
7E
100
AcDbEntity
  8
3T_BAR
100
AcDbFace
 10
-351.72
 20
-63.56
 30
907.27
 11
-350.12
 21
-87.56
 31
913.54
 12
-350.12
 22
-63.56
 32
913.54
 13
-351.72
 23
-63.56
 33
907.27
 70
     3
  0
3DFACE
  5
9B
330
7E
100
AcDbEntity
  8
3T_BAR
100
AcDbFace
 10
-350.12
 20
-63.56
 30
913.54
 11
-350.12
 21
-87.56
 31
913.54
 12
-346.14
 22
-87.56
 32
918.08
 13
-350.12
 23
-63.56
 33
913.54
 70
     5
  0
3DFACE
  5
9C
330
7E
100
AcDbEntity
  8
3T_BAR
100
AcDbFace
 10
-350.12
 20
-63.56
 30
913.54
 11
-346.14
 21
-87.56
 31
918.08
 12
-346.14
 22
-63.56
 32
918.08
 13
-350.12
 23
-63.56
 33
913.54
 70
     3
  0
3DFACE
  5
9D
330
7E
100
AcDbEntity
  8
3T_BAR
100
AcDbFace
 10
-346.14
 20
-87.56
 30
918.08
 11
-340.81
 21
-87.56
 31
919.73
 12
-340.81
 22
-63.56
 32
919.73
 13
-346.14
 23
-87.56
 33
918.08
 70
     6
  0
3DFACE
  5
9E
330
7E
100
AcDbEntity
  8
3T_BAR
100
AcDbFace
 10
-346.14
 20
-87.56
 30
918.08
 11
-340.81
 21
-63.56
 31
919.73
 12
-346.14
 22
-63.56
 32
918.08
 13
-346.14
 23
-87.56
 33
918.08
 70
     5
  0
3DFACE
  5
9F
330
7E
100
AcDbEntity
  8
3T_BAR
100
AcDbFace
 10
-340.81
 20
-87.56
 30
919.73
 11
-335.47
 21
-87.56
 31
918.08
 12
-335.47
 22
-63.56
 32
918.08
 13
-340.81
 23
-87.56
 33
919.73
 70
     6
  0
3DFACE
  5
A0
330
7E
100
AcDbEntity
  8
3T_BAR
100
AcDbFace
 10
-340.81
 20
-87.56
 30
919.73
 11
-335.47
 21
-63.56
 31
918.08
 12
-340.81
 22
-63.56
 32
919.73
 13
-340.81
 23
-87.56
 33
919.73
 70
     5
  0
3DFACE
  5
A1
330
7E
100
AcDbEntity
  8
3T_BAR
100
AcDbFace
 10
-335.47
 20
-63.56
 30
918.08
 11
-335.47
 21
-87.56
 31
918.08
 12
-331.49
 22
-87.56
 32
913.54
 13
-335.47
 23
-63.56
 33
918.08
 70
     5
  0
3DFACE
  5
A2
330
7E
100
AcDbEntity
  8
3T_BAR
100
AcDbFace
 10
-335.47
 20
-63.56
 30
918.08
 11
-331.49
 21
-87.56
 31
913.54
 12
-331.49
 22
-63.56
 32
913.54
 13
-335.47
 23
-63.56
 33
918.08
 70
     3
  0
3DFACE
  5
A3
330
7E
100
AcDbEntity
  8
3T_BAR
100
AcDbFace
 10
-331.49
 20
-63.56
 30
913.54
 11
-331.49
 21
-87.56
 31
913.54
 12
-329.89
 22
-87.56
 32
907.27
 13
-331.49
 23
-63.56
 33
913.54
 70
     5
  0
3DFACE
  5
A4
330
7E
100
AcDbEntity
  8
3T_BAR
100
AcDbFace
 10
-331.49
 20
-63.56
 30
913.54
 11
-329.89
 21
-87.56
 31
907.27
 12
-329.89
 22
-63.56
 32
907.27
 13
-331.49
 23
-63.56
 33
913.54
 70
     1
  0
3DFACE
  5
A5
330
7E
100
AcDbEntity
  8
3T_BAR
100
AcDbFace
 10
-329.89
 20
-87.56
 30
907.27
 11
-333.71
 21
-87.56
 31
812.63
 12
-333.71
 22
-63.56
 32
812.63
 13
-329.89
 23
-87.56
 33
907.27
 70
     4
  0
3DFACE
  5
A6
330
7E
100
AcDbEntity
  8
3T_BAR
100
AcDbFace
 10
-329.89
 20
-87.56
 30
907.27
 11
-333.71
 21
-63.56
 31
812.63
 12
-329.89
 22
-63.56
 32
907.27
 13
-329.89
 23
-87.56
 33
907.27
 70
     1
  0
3DFACE
  5
A7
330
7E
100
AcDbEntity
  8
3T_BAR
100
AcDbFace
 10
-333.71
 20
-63.56
 30
812.63
 11
-333.71
 21
-87.56
 31
812.63
 12
-348.45
 22
-87.56
 32
812.63
 13
-333.71
 23
-63.56
 33
812.63
 70
     4
  0
3DFACE
  5
A8
330
7E
100
AcDbEntity
  8
3T_BAR
100
AcDbFace
 10
-333.71
 20
-63.56
 30
812.63
 11
-348.45
 21
-87.56
 31
812.63
 12
-348.45
 22
-63.56
 32
812.63
 13
-333.71
 23
-63.56
 33
812.63
 70
     1
  0
3DFACE
  5
A9
330
7E
100
AcDbEntity
  8
3T_BAR
100
AcDbFace
 10
-348.45
 20
-63.56
 30
812.63
 11
-348.45
 21
-87.56
 31
812.63
 12
-351.72
 22
-87.56
 32
907.27
 13
-348.45
 23
-63.56
 33
812.63
 70
     4
  0
3DFACE
  5
AA
330
7E
100
AcDbEntity
  8
3T_BAR
100
AcDbFace
 10
-348.45
 20
-63.56
 30
812.63
 11
-351.72
 21
-87.56
 31
907.27
 12
-351.72
 22
-63.56
 32
907.27
 13
-348.45
 23
-63.56
 33
812.63
 70
     1
  0
3DFACE
  5
AB
330
7E
100
AcDbEntity
  8
3T_BAR
100
AcDbFace
 10
-348.45
 20
-63.56
 30
812.63
 11
-351.72
 21
-63.56
 31
907.27
 12
-346.14
 22
-63.56
 32
918.08
 13
-348.45
 23
-63.56
 33
812.63
 70
     6
  0
3DFACE
  5
AC
330
7E
100
AcDbEntity
  8
3T_BAR
100
AcDbFace
 10
-348.45
 20
-63.56
 30
812.63
 11
-346.14
 21
-63.56
 31
918.08
 12
-340.81
 22
-63.56
 32
919.73
 13
-348.45
 23
-63.56
 33
812.63
 70
     5
  0
3DFACE
  5
AD
330
7E
100
AcDbEntity
  8
3T_BAR
100
AcDbFace
 10
-348.45
 20
-63.56
 30
812.63
 11
-340.81
 21
-63.56
 31
919.73
 12
-333.71
 22
-63.56
 32
812.63
 13
-348.45
 23
-63.56
 33
812.63
 70
     3
  0
3DFACE
  5
AE
330
7E
100
AcDbEntity
  8
3T_BAR
100
AcDbFace
 10
-351.72
 20
-63.56
 30
907.27
 11
-350.12
 21
-63.56
 31
913.54
 12
-346.14
 22
-63.56
 32
918.08
 13
-351.72
 23
-63.56
 33
907.27
 70
     4
  0
3DFACE
  5
AF
330
7E
100
AcDbEntity
  8
3T_BAR
100
AcDbFace
 10
-340.81
 20
-63.56
 30
919.73
 11
-335.47
 21
-63.56
 31
918.08
 12
-333.71
 22
-63.56
 32
812.63
 13
-340.81
 23
-63.56
 33
919.73
 70
     6
  0
3DFACE
  5
B0
330
7E
100
AcDbEntity
  8
3T_BAR
100
AcDbFace
 10
-335.47
 20
-63.56
 30
918.08
 11
-331.49
 21
-63.56
 31
913.54
 12
-329.89
 22
-63.56
 32
907.27
 13
-335.47
 23
-63.56
 33
918.08
 70
     4
  0
3DFACE
  5
B1
330
7E
100
AcDbEntity
  8
3T_BAR
100
AcDbFace
 10
-335.47
 20
-63.56
 30
918.08
 11
-329.89
 21
-63.56
 31
907.27
 12
-333.71
 22
-63.56
 32
812.63
 13
-335.47
 23
-63.56
 33
918.08
 70
     5
  0
3DFACE
  5
B2
330
7E
100
AcDbEntity
  8
3T_BAR
100
AcDbFace
 10
-329.89
 20
-87.56
 30
907.27
 11
-331.49
 21
-87.56
 31
913.54
 12
-335.47
 22
-87.56
 32
918.08
 13
-329.89
 23
-87.56
 33
907.27
 70
     4
  0
3DFACE
  5
B3
330
7E
100
AcDbEntity
  8
3T_BAR
100
AcDbFace
 10
-329.89
 20
-87.56
 30
907.27
 11
-335.47
 21
-87.56
 31
918.08
 12
-333.71
 22
-87.56
 32
812.63
 13
-329.89
 23
-87.56
 33
907.27
 70
     3
  0
3DFACE
  5
B4
330
7E
100
AcDbEntity
  8
3T_BAR
100
AcDbFace
 10
-333.71
 20
-87.56
 30
812.63
 11
-335.47
 21
-87.56
 31
918.08
 12
-340.81
 22
-87.56
 32
919.73
 13
-333.71
 23
-87.56
 33
812.63
 70
     5
  0
3DFACE
  5
B5
330
7E
100
AcDbEntity
  8
3T_BAR
100
AcDbFace
 10
-333.71
 20
-87.56
 30
812.63
 11
-340.81
 21
-87.56
 31
919.73
 12
-348.45
 22
-87.56
 32
812.63
 13
-333.71
 23
-87.56
 33
812.63
 70
     3
  0
3DFACE
  5
B6
330
7E
100
AcDbEntity
  8
3T_BAR
100
AcDbFace
 10
-340.81
 20
-87.56
 30
919.73
 11
-346.14
 21
-87.56
 31
918.08
 12
-348.45
 22
-87.56
 32
812.63
 13
-340.81
 23
-87.56
 33
919.73
 70
     6
  0
3DFACE
  5
B7
330
7E
100
AcDbEntity
  8
3T_BAR
100
AcDbFace
 10
-346.14
 20
-87.56
 30
918.08
 11
-350.12
 21
-87.56
 31
913.54
 12
-351.72
 22
-87.56
 32
907.27
 13
-346.14
 23
-87.56
 33
918.08
 70
     4
  0
3DFACE
  5
B8
330
7E
100
AcDbEntity
  8
3T_BAR
100
AcDbFace
 10
-346.14
 20
-87.56
 30
918.08
 11
-351.72
 21
-87.56
 31
907.27
 12
-348.45
 22
-87.56
 32
812.63
 13
-346.14
 23
-87.56
 33
918.08
 70
     5
  0
3DFACE
  5
B9
330
7E
100
AcDbEntity
  8
3T_BAR
100
AcDbFace
 10
-351.72
 20
80.44
 30
907.27
 11
-351.72
 21
56.44
 31
907.27
 12
-350.12
 22
56.44
 32
913.54
 13
-351.72
 23
80.44
 33
907.27
 70
     4
  0
3DFACE
  5
BA
330
7E
100
AcDbEntity
  8
3T_BAR
100
AcDbFace
 10
-351.72
 20
80.44
 30
907.27
 11
-350.12
 21
56.44
 31
913.54
 12
-350.12
 22
80.44
 32
913.54
 13
-351.72
 23
80.44
 33
907.27
 70
     3
  0
3DFACE
  5
BB
330
7E
100
AcDbEntity
  8
3T_BAR
100
AcDbFace
 10
-350.12
 20
80.44
 30
913.54
 11
-350.12
 21
56.44
 31
913.54
 12
-346.14
 22
56.44
 32
918.08
 13
-350.12
 23
80.44
 33
913.54
 70
     5
  0
3DFACE
  5
BC
330
7E
100
AcDbEntity
  8
3T_BAR
100
AcDbFace
 10
-350.12
 20
80.44
 30
913.54
 11
-346.14
 21
56.44
 31
918.08
 12
-346.14
 22
80.44
 32
918.08
 13
-350.12
 23
80.44
 33
913.54
 70
     3
  0
3DFACE
  5
BD
330
7E
100
AcDbEntity
  8
3T_BAR
100
AcDbFace
 10
-346.14
 20
56.44
 30
918.08
 11
-340.81
 21
56.44
 31
919.73
 12
-340.81
 22
80.44
 32
919.73
 13
-346.14
 23
56.44
 33
918.08
 70
     6
  0
3DFACE
  5
BE
330
7E
100
AcDbEntity
  8
3T_BAR
100
AcDbFace
 10
-346.14
 20
56.44
 30
918.08
 11
-340.81
 21
80.44
 31
919.73
 12
-346.14
 22
80.44
 32
918.08
 13
-346.14
 23
56.44
 33
918.08
 70
     5
  0
3DFACE
  5
BF
330
7E
100
AcDbEntity
  8
3T_BAR
100
AcDbFace
 10
-340.81
 20
56.44
 30
919.73
 11
-335.47
 21
56.44
 31
918.08
 12
-335.47
 22
80.44
 32
918.08
 13
-340.81
 23
56.44
 33
919.73
 70
     6
  0
3DFACE
  5
C0
330
7E
100
AcDbEntity
  8
3T_BAR
100
AcDbFace
 10
-340.81
 20
56.44
 30
919.73
 11
-335.47
 21
80.44
 31
918.08
 12
-340.81
 22
80.44
 32
919.73
 13
-340.81
 23
56.44
 33
919.73
 70
     5
  0
3DFACE
  5
C1
330
7E
100
AcDbEntity
  8
3T_BAR
100
AcDbFace
 10
-335.47
 20
80.44
 30
918.08
 11
-335.47
 21
56.44
 31
918.08
 12
-331.49
 22
56.44
 32
913.54
 13
-335.47
 23
80.44
 33
918.08
 70
     5
  0
3DFACE
  5
C2
330
7E
100
AcDbEntity
  8
3T_BAR
100
AcDbFace
 10
-335.47
 20
80.44
 30
918.08
 11
-331.49
 21
56.44
 31
913.54
 12
-331.49
 22
80.44
 32
913.54
 13
-335.47
 23
80.44
 33
918.08
 70
     3
  0
3DFACE
  5
C3
330
7E
100
AcDbEntity
  8
3T_BAR
100
AcDbFace
 10
-331.49
 20
80.44
 30
913.54
 11
-331.49
 21
56.44
 31
913.54
 12
-329.89
 22
56.44
 32
907.27
 13
-331.49
 23
80.44
 33
913.54
 70
     5
  0
3DFACE
  5
C4
330
7E
100
AcDbEntity
  8
3T_BAR
100
AcDbFace
 10
-331.49
 20
80.44
 30
913.54
 11
-329.89
 21
56.44
 31
907.27
 12
-329.89
 22
80.44
 32
907.27
 13
-331.49
 23
80.44
 33
913.54
 70
     1
  0
3DFACE
  5
C5
330
7E
100
AcDbEntity
  8
3T_BAR
100
AcDbFace
 10
-329.89
 20
56.44
 30
907.27
 11
-333.71
 21
56.44
 31
812.63
 12
-333.71
 22
80.44
 32
812.63
 13
-329.89
 23
56.44
 33
907.27
 70
     4
  0
3DFACE
  5
C6
330
7E
100
AcDbEntity
  8
3T_BAR
100
AcDbFace
 10
-329.89
 20
56.44
 30
907.27
 11
-333.71
 21
80.44
 31
812.63
 12
-329.89
 22
80.44
 32
907.27
 13
-329.89
 23
56.44
 33
907.27
 70
     1
  0
3DFACE
  5
C7
330
7E
100
AcDbEntity
  8
3T_BAR
100
AcDbFace
 10
-333.71
 20
80.44
 30
812.63
 11
-333.71
 21
56.44
 31
812.63
 12
-348.45
 22
56.44
 32
812.63
 13
-333.71
 23
80.44
 33
812.63
 70
     4
  0
3DFACE
  5
C8
330
7E
100
AcDbEntity
  8
3T_BAR
100
AcDbFace
 10
-333.71
 20
80.44
 30
812.63
 11
-348.45
 21
56.44
 31
812.63
 12
-348.45
 22
80.44
 32
812.63
 13
-333.71
 23
80.44
 33
812.63
 70
     1
  0
3DFACE
  5
C9
330
7E
100
AcDbEntity
  8
3T_BAR
100
AcDbFace
 10
-348.45
 20
80.44
 30
812.63
 11
-348.45
 21
56.44
 31
812.63
 12
-351.72
 22
56.44
 32
907.27
 13
-348.45
 23
80.44
 33
812.63
 70
     4
  0
3DFACE
  5
CA
330
7E
100
AcDbEntity
  8
3T_BAR
100
AcDbFace
 10
-348.45
 20
80.44
 30
812.63
 11
-351.72
 21
56.44
 31
907.27
 12
-351.72
 22
80.44
 32
907.27
 13
-348.45
 23
80.44
 33
812.63
 70
     1
  0
3DFACE
  5
CB
330
7E
100
AcDbEntity
  8
3T_BAR
100
AcDbFace
 10
-348.45
 20
80.44
 30
812.63
 11
-351.72
 21
80.44
 31
907.27
 12
-346.14
 22
80.44
 32
918.08
 13
-348.45
 23
80.44
 33
812.63
 70
     6
  0
3DFACE
  5
CC
330
7E
100
AcDbEntity
  8
3T_BAR
100
AcDbFace
 10
-348.45
 20
80.44
 30
812.63
 11
-346.14
 21
80.44
 31
918.08
 12
-340.81
 22
80.44
 32
919.73
 13
-348.45
 23
80.44
 33
812.63
 70
     5
  0
3DFACE
  5
CD
330
7E
100
AcDbEntity
  8
3T_BAR
100
AcDbFace
 10
-348.45
 20
80.44
 30
812.63
 11
-340.81
 21
80.44
 31
919.73
 12
-333.71
 22
80.44
 32
812.63
 13
-348.45
 23
80.44
 33
812.63
 70
     3
  0
3DFACE
  5
CE
330
7E
100
AcDbEntity
  8
3T_BAR
100
AcDbFace
 10
-351.72
 20
80.44
 30
907.27
 11
-350.12
 21
80.44
 31
913.54
 12
-346.14
 22
80.44
 32
918.08
 13
-351.72
 23
80.44
 33
907.27
 70
     4
  0
3DFACE
  5
CF
330
7E
100
AcDbEntity
  8
3T_BAR
100
AcDbFace
 10
-340.81
 20
80.44
 30
919.73
 11
-335.47
 21
80.44
 31
918.08
 12
-333.71
 22
80.44
 32
812.63
 13
-340.81
 23
80.44
 33
919.73
 70
     6
  0
3DFACE
  5
D0
330
7E
100
AcDbEntity
  8
3T_BAR
100
AcDbFace
 10
-335.47
 20
80.44
 30
918.08
 11
-331.49
 21
80.44
 31
913.54
 12
-329.89
 22
80.44
 32
907.27
 13
-335.47
 23
80.44
 33
918.08
 70
     4
  0
3DFACE
  5
D1
330
7E
100
AcDbEntity
  8
3T_BAR
100
AcDbFace
 10
-335.47
 20
80.44
 30
918.08
 11
-329.89
 21
80.44
 31
907.27
 12
-333.71
 22
80.44
 32
812.63
 13
-335.47
 23
80.44
 33
918.08
 70
     5
  0
3DFACE
  5
D2
330
7E
100
AcDbEntity
  8
3T_BAR
100
AcDbFace
 10
-329.89
 20
56.44
 30
907.27
 11
-331.49
 21
56.44
 31
913.54
 12
-335.47
 22
56.44
 32
918.08
 13
-329.89
 23
56.44
 33
907.27
 70
     4
  0
3DFACE
  5
D3
330
7E
100
AcDbEntity
  8
3T_BAR
100
AcDbFace
 10
-329.89
 20
56.44
 30
907.27
 11
-335.47
 21
56.44
 31
918.08
 12
-333.71
 22
56.44
 32
812.63
 13
-329.89
 23
56.44
 33
907.27
 70
     3
  0
3DFACE
  5
D4
330
7E
100
AcDbEntity
  8
3T_BAR
100
AcDbFace
 10
-333.71
 20
56.44
 30
812.63
 11
-335.47
 21
56.44
 31
918.08
 12
-340.81
 22
56.44
 32
919.73
 13
-333.71
 23
56.44
 33
812.63
 70
     5
  0
3DFACE
  5
D5
330
7E
100
AcDbEntity
  8
3T_BAR
100
AcDbFace
 10
-333.71
 20
56.44
 30
812.63
 11
-340.81
 21
56.44
 31
919.73
 12
-348.45
 22
56.44
 32
812.63
 13
-333.71
 23
56.44
 33
812.63
 70
     3
  0
3DFACE
  5
D6
330
7E
100
AcDbEntity
  8
3T_BAR
100
AcDbFace
 10
-340.81
 20
56.44
 30
919.73
 11
-346.14
 21
56.44
 31
918.08
 12
-348.45
 22
56.44
 32
812.63
 13
-340.81
 23
56.44
 33
919.73
 70
     6
  0
3DFACE
  5
D7
330
7E
100
AcDbEntity
  8
3T_BAR
100
AcDbFace
 10
-346.14
 20
56.44
 30
918.08
 11
-350.12
 21
56.44
 31
913.54
 12
-351.72
 22
56.44
 32
907.27
 13
-346.14
 23
56.44
 33
918.08
 70
     4
  0
3DFACE
  5
D8
330
7E
100
AcDbEntity
  8
3T_BAR
100
AcDbFace
 10
-346.14
 20
56.44
 30
918.08
 11
-351.72
 21
56.44
 31
907.27
 12
-348.45
 22
56.44
 32
812.63
 13
-346.14
 23
56.44
 33
918.08
 70
     5
  0
3DFACE
  5
D9
330
7E
100
AcDbEntity
  8
3T_WOOD
100
AcDbFace
 10
409.41
 20
10.0
 30
2055.56
 11
-411.02
 21
10.0
 31
2055.56
 12
-411.02
 22
10.0
 32
1.21
 13
409.41
 23
10.0
 33
1.21
  0
ENDBLK
  5
DA
330
7E
100
AcDbEntity
  8
0
100
AcDbBlockEnd
  0
BLOCK
  5
77
330
75
100
AcDbEntity
  8
0
100
AcDbBlockBegin
  2
$DorLib2D$00000001
 70
     0
 10
0.0
 20
0.0
 30
0.0
  3
$DorLib2D$00000001
  1

  0
LINE
  5
78
330
75
100
AcDbEntity
  8
0
100
AcDbLine
 10
0.45
 20
0.98
 30
0.0
 11
0.5
 21
0.98
 31
0.0
  0
LINE
  5
79
330
75
100
AcDbEntity
  8
0
100
AcDbLine
 10
0.5
 20
0.0
 30
0.0
 11
0.45
 21
0.0
 31
0.0
  0
ARC
  5
7A
330
75
100
AcDbEntity
  8
0
370
    13
100
AcDbCircle
 10
0.48
 20
0.0
 30
0.0
 40
0.975
100
AcDbArc
 50
91.47
 51
180.0
  0
LINE
  5
7B
330
75
100
AcDbEntity
  8
0
100
AcDbLine
 10
0.5
 20
0.0
 30
0.0
 11
0.5
 21
0.98
 31
0.0
  0
LINE
  5
7C
330
75
100
AcDbEntity
  8
0
100
AcDbLine
 10
0.45
 20
0.0
 30
0.0
 11
0.45
 21
0.98
 31
0.0
  0
ENDBLK
  5
7D
330
75
100
AcDbEntity
  8
0
100
AcDbBlockEnd
  0
BLOCK
  5
F8
330
F7
100
AcDbEntity
  8
0
100
AcDbBlockBegin
  2
$DorLib2D$00000131
 70
     0
 10
0.0
 20
0.0
 30
0.0
  3
$DorLib2D$00000131
  1

  0
LINE
  5
F9
330
F7
100
AcDbEntity
  8
0
  6
Continuous
 62
     0
100
AcDbLine
 10
-0.23
 20
-0.2
 30
0.0
 11
-0.23
 21
-0.13
 31
0.0
  0
LINE
  5
FA
330
F7
100
AcDbEntity
  8
0
  6
Continuous
 62
     0
100
AcDbLine
 10
-0.15
 20
-0.13
 30
0.0
 11
-0.23
 21
-0.2
 31
0.0
  0
LINE
  5
FB
330
F7
100
AcDbEntity
  8
0
  6
Continuous
 62
     0
100
AcDbLine
 10
-0.35
 20
-0.13
 30
0.0
 11
-0.15
 21
-0.13
 31
0.0
  0
LINE
  5
FC
330
F7
100
AcDbEntity
  8
0
  6
Continuous
 62
     0
100
AcDbLine
 10
0.23
 20
0.2
 30
0.0
 11
0.23
 21
0.13
 31
0.0
  0
LINE
  5
FD
330
F7
100
AcDbEntity
  8
0
  6
Continuous
 62
     0
100
AcDbLine
 10
0.15
 20
0.13
 30
0.0
 11
0.23
 21
0.2
 31
0.0
  0
LINE
  5
FE
330
F7
100
AcDbEntity
  8
0
  6
Continuous
 62
     0
100
AcDbLine
 10
0.35
 20
0.13
 30
0.0
 11
0.15
 21
0.13
 31
0.0
  0
LINE
  5
FF
330
F7
100
AcDbEntity
  8
0
  6
Continuous
 62
     0
100
AcDbLine
 10
0.5
 20
0.0
 30
0.0
 11
0.5
 21
-0.13
 31
0.0
  0
LINE
  5
100
330
F7
100
AcDbEntity
  8
0
  6
Continuous
 62
     0
100
AcDbLine
 10
-0.02
 20
0.0
 30
0.0
 11
0.5
 21
0.0
 31
0.0
  0
LINE
  5
101
330
F7
100
AcDbEntity
  8
0
  6
Continuous
 62
     0
100
AcDbLine
 10
-0.02
 20
-0.13
 30
0.0
 11
-0.02
 21
0.0
 31
0.0
  0
LINE
  5
102
330
F7
100
AcDbEntity
  8
0
  6
Continuous
 62
     0
100
AcDbLine
 10
0.5
 20
-0.13
 30
0.0
 11
-0.02
 21
-0.13
 31
0.0
  0
LINE
  5
103
330
F7
100
AcDbEntity
  8
0
  6
Continuous
 62
     0
100
AcDbLine
 10
-0.5
 20
0.13
 30
0.0
 11
-0.5
 21
0.0
 31
0.0
  0
LINE
  5
104
330
F7
100
AcDbEntity
  8
0
  6
Continuous
 62
     0
100
AcDbLine
 10
0.02
 20
0.13
 30
0.0
 11
-0.5
 21
0.13
 31
0.0
  0
LINE
  5
105
330
F7
100
AcDbEntity
  8
0
  6
Continuous
 62
     0
100
AcDbLine
 10
0.02
 20
0.0
 30
0.0
 11
0.02
 21
0.13
 31
0.0
  0
LINE
  5
106
330
F7
100
AcDbEntity
  8
0
  6
Continuous
 62
     0
100
AcDbLine
 10
-0.5
 20
0.0
 30
0.0
 11
0.02
 21
0.0
 31
0.0
  0
ENDBLK
  5
107
330
F7
100
AcDbEntity
  8
0
100
AcDbBlockEnd
  0
BLOCK
  5
30
330
2F
100
AcDbEntity
  8
0
100
AcDbBlockBegin
  2
$TCHSYS$WIN2D
 70
     0
 10
0.0
 20
0.0
 30
0.0
  3
$TCHSYS$WIN2D
  1

  0
LINE
  5
31
330
2F
100
AcDbEntity
  8
0
100
AcDbLine
 10
-0.5
 20
0.5
 30
0.0
 11
0.5
 21
0.5
 31
0.0
  0
LINE
  5
32
330
2F
100
AcDbEntity
  8
0
100
AcDbLine
 10
-0.5
 20
-0.5
 30
0.0
 11
0.5
 21
-0.5
 31
0.0
  0
LINE
  5
33
330
2F
100
AcDbEntity
  8
0
100
AcDbLine
 10
0.5
 20
-0.17
 30
0.0
 11
-0.5
 21
-0.17
 31
0.0
  0
LINE
  5
34
330
2F
100
AcDbEntity
  8
0
100
AcDbLine
 10
0.5
 20
0.17
 30
0.0
 11
-0.5
 21
0.17
 31
0.0
  0
LINE
  5
35
330
2F
100
AcDbEntity
  8
0
100
AcDbLine
 10
-0.5
 20
0.5
 30
0.0
 11
-0.5
 21
-0.5
 31
0.0
  0
LINE
  5
36
330
2F
100
AcDbEntity
  8
0
100
AcDbLine
 10
0.5
 20
0.5
 30
0.0
 11
0.5
 21
-0.5
 31
0.0
  0
ENDBLK
  5
37
330
2F
100
AcDbEntity
  8
0
100
AcDbBlockEnd
  0
BLOCK
  5
39
330
38
100
AcDbEntity
  8
0
100
AcDbBlockBegin
  2
$TCHSYS$WIN3D
 70
     0
 10
0.0
 20
0.0
 30
0.0
  3
$TCHSYS$WIN3D
  1

  0
3DFACE
  5
3A
330
38
100
AcDbEntity
  8
3T_BAR
100
AcDbFace
 10
580.0
 20
25.0
 30
1780.0
 11
530.0
 21
25.0
 31
1720.0
 12
50.0
 22
25.0
 32
1720.0
 13
0.0
 23
25.0
 33
1780.0
 70
     5
  0
3DFACE
  5
3C
330
38
100
AcDbEntity
  8
3T_BAR
100
AcDbFace
 10
50.0
 20
-25.0
 30
1720.0
 11
530.0
 21
-25.0
 31
1720.0
 12
580.0
 22
-25.0
 32
1780.0
 13
0.0
 23
-25.0
 33
1780.0
 70
    10
  0
3DFACE
  5
3D
330
38
100
AcDbEntity
  8
3T_BAR
100
AcDbFace
 10
600.0
 20
25.0
 30
1800.0
 11
580.0
 21
25.0
 31
1780.0
 12
-580.0
 22
25.0
 32
1780.0
 13
-600.0
 23
25.0
 33
1800.0
 70
     5
  0
3DFACE
  5
3E
330
38
100
AcDbEntity
  8
3T_BAR
100
AcDbFace
 10
-580.0
 20
-25.0
 30
1780.0
 11
580.0
 21
-25.0
 31
1780.0
 12
600.0
 22
-25.0
 32
1800.0
 13
-600.0
 23
-25.0
 33
1800.0
 70
    10
  0
3DFACE
  5
3F
330
38
100
AcDbEntity
  8
3T_BAR
100
AcDbFace
 10
-580.0
 20
-25.0
 30
1780.0
 11
-580.0
 21
25.0
 31
1780.0
 12
580.0
 22
25.0
 32
1780.0
 13
580.0
 23
-25.0
 33
1780.0
  0
3DFACE
  5
40
330
38
100
AcDbEntity
  8
3T_BAR
100
AcDbFace
 10
0.0
 20
25.0
 30
20.0
 11
50.0
 21
25.0
 31
80.0
 12
530.0
 22
25.0
 32
80.0
 13
580.0
 23
25.0
 33
20.0
 70
     5
  0
3DFACE
  5
41
330
38
100
AcDbEntity
  8
3T_BAR
100
AcDbFace
 10
0.0
 20
-25.0
 30
20.0
 11
580.0
 21
-25.0
 31
20.0
 12
530.0
 22
-25.0
 32
80.0
 13
50.0
 23
-25.0
 33
80.0
 70
    10
  0
3DFACE
  5
42
330
38
100
AcDbEntity
  8
3T_BAR
100
AcDbFace
 10
-600.0
 20
25.0
 30
0.0
 11
-580.0
 21
25.0
 31
20.0
 12
580.0
 22
25.0
 32
20.0
 13
600.0
 23
25.0
 33
0.0
 70
     5
  0
3DFACE
  5
43
330
38
100
AcDbEntity
  8
3T_BAR
100
AcDbFace
 10
-600.0
 20
-25.0
 30
0.0
 11
600.0
 21
-25.0
 31
0.0
 12
580.0
 22
-25.0
 32
20.0
 13
-580.0
 23
-25.0
 33
20.0
 70
    10
  0
3DFACE
  5
44
330
38
100
AcDbEntity
  8
3T_BAR
100
AcDbFace
 10
-580.0
 20
-25.0
 30
20.0
 11
580.0
 21
-25.0
 31
20.0
 12
580.0
 22
25.0
 32
20.0
 13
-580.0
 23
25.0
 33
20.0
  0
3DFACE
  5
45
330
38
100
AcDbEntity
  8
3T_BAR
100
AcDbFace
 10
0.0
 20
25.0
 30
1780.0
 11
50.0
 21
25.0
 31
1720.0
 12
50.0
 22
25.0
 32
80.0
 13
0.0
 23
25.0
 33
20.0
 70
     5
  0
3DFACE
  5
46
330
38
100
AcDbEntity
  8
3T_BAR
100
AcDbFace
 10
50.0
 20
-25.0
 30
80.0
 11
50.0
 21
-25.0
 31
1720.0
 12
0.0
 22
-25.0
 32
1780.0
 13
0.0
 23
-25.0
 33
20.0
 70
    10
  0
3DFACE
  5
47
330
38
100
AcDbEntity
  8
3T_GLASS
100
AcDbFace
 10
-529.34
 20
-15.0
 30
39.86
 11
-529.34
 21
-15.0
 31
1701.4
 12
530.7
 22
-15.0
 32
1701.4
 13
530.7
 23
-15.0
 33
39.86
  0
3DFACE
  5
49
330
38
100
AcDbEntity
  8
3T_BAR
100
AcDbFace
 10
-530.0
 20
-25.0
 30
1720.0
 11
-530.0
 21
25.0
 31
1720.0
 12
-50.0
 22
25.0
 32
1720.0
 13
-50.0
 23
-25.0
 33
1720.0
  0
3DFACE
  5
4A
330
38
100
AcDbEntity
  8
3T_BAR
100
AcDbFace
 10
-530.0
 20
-25.0
 30
80.0
 11
-50.0
 21
-25.0
 31
80.0
 12
-50.0
 22
25.0
 32
80.0
 13
-530.0
 23
25.0
 33
80.0
  0
LINE
  5
4B
330
38
100
AcDbEntity
  8
3T_BAR
100
AcDbLine
 10
-600.0
 20
0.5
 30
0.0
 11
-600.0
 21
-0.5
 31
0.0
  0
3DFACE
  5
4C
330
38
100
AcDbEntity
  8
3T_BAR
100
AcDbFace
 10
0.0
 20
25.0
 30
20.0
 11
0.0
 21
-25.0
 31
20.0
 12
0.0
 22
-25.0
 32
1780.0
 13
0.0
 23
25.0
 33
1780.0
  0
3DFACE
  5
4D
330
38
100
AcDbEntity
  8
3T_BAR
100
AcDbFace
 10
0.0
 20
-25.0
 30
20.0
 11
0.0
 21
25.0
 31
20.0
 12
0.0
 22
25.0
 32
1780.0
 13
0.0
 23
-25.0
 33
1780.0
  0
3DFACE
  5
4E
330
38
100
AcDbEntity
  8
3T_BAR
100
AcDbFace
 10
-580.0
 20
25.0
 30
20.0
 11
-580.0
 21
-25.0
 31
20.0
 12
-580.0
 22
-25.0
 32
1780.0
 13
-580.0
 23
25.0
 33
1780.0
  0
3DFACE
  5
4F
330
38
100
AcDbEntity
  8
3T_BAR
100
AcDbFace
 10
-50.0
 20
-25.0
 30
80.0
 11
-50.0
 21
-25.0
 31
1720.0
 12
-50.0
 22
25.0
 32
1720.0
 13
-50.0
 23
25.0
 33
80.0
  0
3DFACE
  5
50
330
38
100
AcDbEntity
  8
3T_BAR
100
AcDbFace
 10
-530.0
 20
-25.0
 30
80.0
 11
-530.0
 21
25.0
 31
80.0
 12
-530.0
 22
25.0
 32
1720.0
 13
-530.0
 23
-25.0
 33
1720.0
  0
3DFACE
  5
51
330
38
100
AcDbEntity
  8
3T_BAR
100
AcDbFace
 10
-600.0
 20
25.0
 30
0.0
 11
-600.0
 21
-25.0
 31
0.0
 12
-600.0
 22
-25.0
 32
1800.0
 13
-600.0
 23
25.0
 33
1800.0
  0
3DFACE
  5
52
330
38
100
AcDbEntity
  8
3T_BAR
100
AcDbFace
 10
-580.0
 20
-25.0
 30
20.0
 11
-580.0
 21
25.0
 31
20.0
 12
-580.0
 22
25.0
 32
1780.0
 13
-580.0
 23
-25.0
 33
1780.0
  0
3DFACE
  5
53
330
38
100
AcDbEntity
  8
3T_BAR
100
AcDbFace
 10
-530.0
 20
-25.0
 30
80.0
 11
-530.0
 21
-25.0
 31
1720.0
 12
-580.0
 22
-25.0
 32
1780.0
 13
-580.0
 23
-25.0
 33
20.0
 70
    10
  0
3DFACE
  5
54
330
38
100
AcDbEntity
  8
3T_BAR
100
AcDbFace
 10
0.0
 20
-25.0
 30
20.0
 11
0.0
 21
-25.0
 31
1780.0
 12
-50.0
 22
-25.0
 32
1720.0
 13
-50.0
 23
-25.0
 33
80.0
 70
    10
  0
3DFACE
  5
55
330
38
100
AcDbEntity
  8
3T_BAR
100
AcDbFace
 10
-580.0
 20
-25.0
 30
20.0
 11
-580.0
 21
-25.0
 31
1780.0
 12
-600.0
 22
-25.0
 32
1800.0
 13
-600.0
 23
-25.0
 33
0.0
 70
    10
  0
3DFACE
  5
56
330
38
100
AcDbEntity
  8
3T_BAR
100
AcDbFace
 10
-580.0
 20
-25.0
 30
20.0
 11
0.0
 21
-25.0
 31
20.0
 12
-50.0
 22
-25.0
 32
80.0
 13
-530.0
 23
-25.0
 33
80.0
 70
    10
  0
3DFACE
  5
57
330
38
100
AcDbEntity
  8
3T_BAR
100
AcDbFace
 10
-530.0
 20
-25.0
 30
1720.0
 11
-50.0
 21
-25.0
 31
1720.0
 12
0.0
 22
-25.0
 32
1780.0
 13
-580.0
 23
-25.0
 33
1780.0
 70
    10
  0
3DFACE
  5
58
330
38
100
AcDbEntity
  8
3T_BAR
100
AcDbFace
 10
-580.0
 20
25.0
 30
1780.0
 11
-530.0
 21
25.0
 31
1720.0
 12
-530.0
 22
25.0
 32
80.0
 13
-580.0
 23
25.0
 33
20.0
 70
     5
  0
3DFACE
  5
59
330
38
100
AcDbEntity
  8
3T_BAR
100
AcDbFace
 10
0.0
 20
25.0
 30
20.0
 11
-50.0
 21
25.0
 31
80.0
 12
-50.0
 22
25.0
 32
1720.0
 13
0.0
 23
25.0
 33
1780.0
 70
     5
  0
3DFACE
  5
5A
330
38
100
AcDbEntity
  8
3T_BAR
100
AcDbFace
 10
-600.0
 20
25.0
 30
1800.0
 11
-580.0
 21
25.0
 31
1780.0
 12
-580.0
 22
25.0
 32
20.0
 13
-600.0
 23
25.0
 33
0.0
 70
     5
  0
3DFACE
  5
5B
330
38
100
AcDbEntity
  8
3T_BAR
100
AcDbFace
 10
-580.0
 20
25.0
 30
20.0
 11
-530.0
 21
25.0
 31
80.0
 12
-50.0
 22
25.0
 32
80.0
 13
0.0
 23
25.0
 33
20.0
 70
     5
  0
3DFACE
  5
5C
330
38
100
AcDbEntity
  8
3T_BAR
100
AcDbFace
 10
0.0
 20
25.0
 30
1780.0
 11
-50.0
 21
25.0
 31
1720.0
 12
-530.0
 22
25.0
 32
1720.0
 13
-580.0
 23
25.0
 33
1780.0
 70
     5
  0
3DFACE
  5
5D
330
38
100
AcDbEntity
  8
3T_BAR
100
AcDbFace
 10
50.0
 20
-25.0
 30
1720.0
 11
50.0
 21
25.0
 31
1720.0
 12
530.0
 22
25.0
 32
1720.0
 13
530.0
 23
-25.0
 33
1720.0
  0
3DFACE
  5
5E
330
38
100
AcDbEntity
  8
3T_BAR
100
AcDbFace
 10
50.0
 20
-25.0
 30
80.0
 11
530.0
 21
-25.0
 31
80.0
 12
530.0
 22
25.0
 32
80.0
 13
50.0
 23
25.0
 33
80.0
  0
3DFACE
  5
5F
330
38
100
AcDbEntity
  8
3T_BAR
100
AcDbFace
 10
580.0
 20
-25.0
 30
20.0
 11
580.0
 21
25.0
 31
20.0
 12
580.0
 22
25.0
 32
1780.0
 13
580.0
 23
-25.0
 33
1780.0
  0
3DFACE
  5
60
330
38
100
AcDbEntity
  8
3T_BAR
100
AcDbFace
 10
530.0
 20
-25.0
 30
80.0
 11
530.0
 21
-25.0
 31
1720.0
 12
530.0
 22
25.0
 32
1720.0
 13
530.0
 23
25.0
 33
80.0
  0
3DFACE
  5
61
330
38
100
AcDbEntity
  8
3T_BAR
100
AcDbFace
 10
50.0
 20
-25.0
 30
80.0
 11
50.0
 21
25.0
 31
80.0
 12
50.0
 22
25.0
 32
1720.0
 13
50.0
 23
-25.0
 33
1720.0
  0
3DFACE
  5
62
330
38
100
AcDbEntity
  8
3T_BAR
100
AcDbFace
 10
600.0
 20
-25.0
 30
0.0
 11
600.0
 21
25.0
 31
0.0
 12
600.0
 22
25.0
 32
1800.0
 13
600.0
 23
-25.0
 33
1800.0
  0
3DFACE
  5
63
330
38
100
AcDbEntity
  8
3T_BAR
100
AcDbFace
 10
580.0
 20
-25.0
 30
20.0
 11
580.0
 21
-25.0
 31
1780.0
 12
580.0
 22
25.0
 32
1780.0
 13
580.0
 23
25.0
 33
20.0
  0
3DFACE
  5
64
330
38
100
AcDbEntity
  8
3T_BAR
100
AcDbFace
 10
580.0
 20
-25.0
 30
20.0
 11
580.0
 21
-25.0
 31
1780.0
 12
530.0
 22
-25.0
 32
1720.0
 13
530.0
 23
-25.0
 33
80.0
 70
    10
  0
3DFACE
  5
65
330
38
100
AcDbEntity
  8
3T_BAR
100
AcDbFace
 10
600.0
 20
-25.0
 30
0.0
 11
600.0
 21
-25.0
 31
1800.0
 12
580.0
 22
-25.0
 32
1780.0
 13
580.0
 23
-25.0
 33
20.0
 70
    10
  0
3DFACE
  5
66
330
38
100
AcDbEntity
  8
3T_BAR
100
AcDbFace
 10
580.0
 20
25.0
 30
20.0
 11
530.0
 21
25.0
 31
80.0
 12
530.0
 22
25.0
 32
1720.0
 13
580.0
 23
25.0
 33
1780.0
 70
     5
  0
3DFACE
  5
67
330
38
100
AcDbEntity
  8
3T_BAR
100
AcDbFace
 10
600.0
 20
25.0
 30
0.0
 11
580.0
 21
25.0
 31
20.0
 12
580.0
 22
25.0
 32
1780.0
 13
600.0
 23
25.0
 33
1800.0
 70
     5
  0
ENDBLK
  5
68
330
38
100
AcDbEntity
  8
0
100
AcDbBlockEnd
  0
BLOCK
  5
15E
330
15D
100
AcDbEntity
  8
0
100
AcDbBlockBegin
  2
*D9
 70
     1
 10
0.0
 20
0.0
 30
0.0
  3
*D9
  1

  0
LINE
  5
15F
330
15D
100
AcDbEntity
  8
AXIS
 62
     0
440
 16777216
370
    -2
100
AcDbLine
 10
275349622.87
 20
188982476.64
 30
0.0
 11
275352072.87
 21
188982476.64
 31
0.0
  0
LINE
  5
160
330
15D
100
AcDbEntity
  8
AXIS
 62
     0
440
 16777216
370
    -2
100
AcDbLine
 10
275349622.87
 20
188987476.64
 30
0.0
 11
275352072.87
 21
188987476.64
 31
0.0
  0
LINE
  5
161
330
15D
100
AcDbEntity
  8
AXIS
 62
     0
440
 16777216
370
    -2
100
AcDbLine
 10
275351822.87
 20
188982476.64
 30
0.0
 11
275351822.87
 21
188987476.64
 31
0.0
  0
INSERT
  5
162
330
15D
100
AcDbEntity
  8
AXIS
 62
     0
440
 16777216
370
    -2
100
AcDbBlockReference
  2
_ArchTick
 10
275351822.87
 20
188982476.64
 30
0.0
 41
100.0
 42
100.0
 43
100.0
 50
270.0
  0
INSERT
  5
167
330
15D
100
AcDbEntity
  8
AXIS
 62
     0
440
 16777216
370
    -2
100
AcDbBlockReference
  2
_ArchTick
 10
275351822.87
 20
188987476.64
 30
0.0
 41
100.0
 42
100.0
 43
100.0
 50
90.0
  0
MTEXT
  5
168
330
15D
100
AcDbEntity
  8
AXIS
 62
     7
440
 16777216
100
AcDbMText
 10
275351547.87
 20
188984976.64
 30
0.0
 40
297.5
 41
0.0
 46
0.0
 71
     5
 72
     1
  1
\A1;5000
  7
_TCH_DIM_T3
 11
0.0
 21
1.0
 31
0.0
 73
     1
 44
1.0
  0
POINT
  5
16A
330
15D
100
AcDbEntity
  8
Defpoints
 62
     0
440
 16777216
100
AcDbPoint
 10
275349322.87
 20
188982476.64
 30
0.0
  0
POINT
  5
16C
330
15D
100
AcDbEntity
  8
Defpoints
 62
     0
440
 16777216
100
AcDbPoint
 10
275349322.87
 20
188987476.64
 30
0.0
  0
POINT
  5
16D
330
15D
100
AcDbEntity
  8
Defpoints
 62
     0
440
 16777216
100
AcDbPoint
 10
275351822.87
 20
188987476.64
 30
0.0
  0
ENDBLK
  5
16E
330
15D
100
AcDbEntity
  8
0
100
AcDbBlockEnd
  0
BLOCK
  5
172
330
171
100
AcDbEntity
  8
0
100
AcDbBlockBegin
  2
*D10
 70
     1
 10
0.0
 20
0.0
 30
0.0
  3
*D10
  1

  0
LINE
  5
173
330
171
100
AcDbEntity
  8
AXIS
 62
     0
440
 16777216
370
    -2
100
AcDbLine
 10
275349622.87
 20
188987476.64
 30
0.0
 11
275352072.87
 21
188987476.64
 31
0.0
  0
LINE
  5
174
330
171
100
AcDbEntity
  8
AXIS
 62
     0
440
 16777216
370
    -2
100
AcDbLine
 10
275349622.87
 20
188991976.64
 30
0.0
 11
275352072.87
 21
188991976.64
 31
0.0
  0
LINE
  5
175
330
171
100
AcDbEntity
  8
AXIS
 62
     0
440
 16777216
370
    -2
100
AcDbLine
 10
275351822.87
 20
188987476.64
 30
0.0
 11
275351822.87
 21
188991976.64
 31
0.0
  0
INSERT
  5
176
330
171
100
AcDbEntity
  8
AXIS
 62
     0
440
 16777216
370
    -2
100
AcDbBlockReference
  2
_ArchTick
 10
275351822.87
 20
188987476.64
 30
0.0
 41
100.0
 42
100.0
 43
100.0
 50
270.0
  0
INSERT
  5
177
330
171
100
AcDbEntity
  8
AXIS
 62
     0
440
 16777216
370
    -2
100
AcDbBlockReference
  2
_ArchTick
 10
275351822.87
 20
188991976.64
 30
0.0
 41
100.0
 42
100.0
 43
100.0
 50
90.0
  0
MTEXT
  5
178
330
171
100
AcDbEntity
  8
AXIS
 62
     7
440
 16777216
100
AcDbMText
 10
275351547.87
 20
188989726.64
 30
0.0
 40
297.5
 41
0.0
 46
0.0
 71
     5
 72
     1
  1
\A1;4500
  7
_TCH_DIM_T3
 11
0.0
 21
1.0
 31
0.0
 73
     1
 44
1.0
  0
POINT
  5
179
330
171
100
AcDbEntity
  8
Defpoints
 62
     0
440
 16777216
100
AcDbPoint
 10
275349322.87
 20
188987476.64
 30
0.0
  0
POINT
  5
17A
330
171
100
AcDbEntity
  8
Defpoints
 62
     0
440
 16777216
100
AcDbPoint
 10
275349322.87
 20
188991976.64
 30
0.0
  0
POINT
  5
17B
330
171
100
AcDbEntity
  8
Defpoints
 62
     0
440
 16777216
100
AcDbPoint
 10
275351822.87
 20
188991976.64
 30
0.0
  0
ENDBLK
  5
17C
330
171
100
AcDbEntity
  8
0
100
AcDbBlockEnd
  0
BLOCK
  5
17F
330
17E
100
AcDbEntity
  8
0
100
AcDbBlockBegin
  2
*D11
 70
     1
 10
0.0
 20
0.0
 30
0.0
  3
*D11
  1

  0
LINE
  5
180
330
17E
100
AcDbEntity
  8
AXIS
 62
     0
440
 16777216
370
    -2
100
AcDbLine
 10
275349622.87
 20
188991976.64
 30
0.0
 11
275352072.87
 21
188991976.64
 31
0.0
  0
LINE
  5
181
330
17E
100
AcDbEntity
  8
AXIS
 62
     0
440
 16777216
370
    -2
100
AcDbLine
 10
275349622.87
 20
188996976.64
 30
0.0
 11
275352072.87
 21
188996976.64
 31
0.0
  0
LINE
  5
182
330
17E
100
AcDbEntity
  8
AXIS
 62
     0
440
 16777216
370
    -2
100
AcDbLine
 10
275351822.87
 20
188991976.64
 30
0.0
 11
275351822.87
 21
188996976.64
 31
0.0
  0
INSERT
  5
183
330
17E
100
AcDbEntity
  8
AXIS
 62
     0
440
 16777216
370
    -2
100
AcDbBlockReference
  2
_ArchTick
 10
275351822.87
 20
188991976.64
 30
0.0
 41
100.0
 42
100.0
 43
100.0
 50
270.0
  0
INSERT
  5
184
330
17E
100
AcDbEntity
  8
AXIS
 62
     0
440
 16777216
370
    -2
100
AcDbBlockReference
  2
_ArchTick
 10
275351822.87
 20
188996976.64
 30
0.0
 41
100.0
 42
100.0
 43
100.0
 50
90.0
  0
MTEXT
  5
185
330
17E
100
AcDbEntity
  8
AXIS
 62
     7
440
 16777216
100
AcDbMText
 10
275351547.87
 20
188994476.64
 30
0.0
 40
297.5
 41
0.0
 46
0.0
 71
     5
 72
     1
  1
\A1;5000
  7
_TCH_DIM_T3
 11
0.0
 21
1.0
 31
0.0
 73
     1
 44
1.0
  0
POINT
  5
186
330
17E
100
AcDbEntity
  8
Defpoints
 62
     0
440
 16777216
100
AcDbPoint
 10
275349322.87
 20
188991976.64
 30
0.0
  0
POINT
  5
187
330
17E
100
AcDbEntity
  8
Defpoints
 62
     0
440
 16777216
100
AcDbPoint
 10
275349322.87
 20
188996976.64
 30
0.0
  0
POINT
  5
188
330
17E
100
AcDbEntity
  8
Defpoints
 62
     0
440
 16777216
100
AcDbPoint
 10
275351822.87
 20
188996976.64
 30
0.0
  0
ENDBLK
  5
189
330
17E
100
AcDbEntity
  8
0
100
AcDbBlockEnd
  0
BLOCK
  5
18C
330
18B
100
AcDbEntity
  8
0
100
AcDbBlockBegin
  2
*D12
 70
     1
 10
0.0
 20
0.0
 30
0.0
  3
*D12
  1

  0
LINE
  5
18D
330
18B
100
AcDbEntity
  8
AXIS
 62
     0
440
 16777216
370
    -2
100
AcDbLine
 10
275349622.87
 20
188982476.64
 30
0.0
 11
275352872.87
 21
188982476.64
 31
0.0
  0
LINE
  5
18E
330
18B
100
AcDbEntity
  8
AXIS
 62
     0
440
 16777216
370
    -2
100
AcDbLine
 10
275349622.87
 20
188996976.64
 30
0.0
 11
275352872.87
 21
188996976.64
 31
0.0
  0
LINE
  5
18F
330
18B
100
AcDbEntity
  8
AXIS
 62
     0
440
 16777216
370
    -2
100
AcDbLine
 10
275352622.87
 20
188982476.64
 30
0.0
 11
275352622.87
 21
188996976.64
 31
0.0
  0
INSERT
  5
190
330
18B
100
AcDbEntity
  8
AXIS
 62
     0
440
 16777216
370
    -2
100
AcDbBlockReference
  2
_ArchTick
 10
275352622.87
 20
188982476.64
 30
0.0
 41
100.0
 42
100.0
 43
100.0
 50
270.0
  0
INSERT
  5
191
330
18B
100
AcDbEntity
  8
AXIS
 62
     0
440
 16777216
370
    -2
100
AcDbBlockReference
  2
_ArchTick
 10
275352622.87
 20
188996976.64
 30
0.0
 41
100.0
 42
100.0
 43
100.0
 50
90.0
  0
MTEXT
  5
192
330
18B
100
AcDbEntity
  8
AXIS
 62
     7
440
 16777216
100
AcDbMText
 10
275352347.87
 20
188989726.64
 30
0.0
 40
297.5
 41
0.0
 46
0.0
 71
     5
 72
     1
  1
\A1;14500
  7
_TCH_DIM_T3
 11
0.0
 21
1.0
 31
0.0
 73
     1
 44
1.0
  0
POINT
  5
193
330
18B
100
AcDbEntity
  8
Defpoints
 62
     0
440
 16777216
100
AcDbPoint
 10
275349322.87
 20
188982476.64
 30
0.0
  0
POINT
  5
194
330
18B
100
AcDbEntity
  8
Defpoints
 62
     0
440
 16777216
100
AcDbPoint
 10
275349322.87
 20
188996976.64
 30
0.0
  0
POINT
  5
195
330
18B
100
AcDbEntity
  8
Defpoints
 62
     0
440
 16777216
100
AcDbPoint
 10
275352622.87
 20
188996976.64
 30
0.0
  0
ENDBLK
  5
196
330
18B
100
AcDbEntity
  8
0
100
AcDbBlockEnd
  0
BLOCK
  5
199
330
198
100
AcDbEntity
  8
0
100
AcDbBlockBegin
  2
*D13
 70
     1
 10
0.0
 20
0.0
 30
0.0
  3
*D13
  1

  0
LINE
  5
19A
330
198
100
AcDbEntity
  8
AXIS
 62
     0
440
 16777216
370
    -2
100
AcDbLine
 10
275326522.87
 20
188982476.64
 30
0.0
 11
275324072.87
 21
188982476.64
 31
0.0
  0
LINE
  5
19B
330
198
100
AcDbEntity
  8
AXIS
 62
     0
440
 16777216
370
    -2
100
AcDbLine
 10
275326522.87
 20
188987476.64
 30
0.0
 11
275324072.87
 21
188987476.64
 31
0.0
  0
LINE
  5
19C
330
198
100
AcDbEntity
  8
AXIS
 62
     0
440
 16777216
370
    -2
100
AcDbLine
 10
275324322.87
 20
188982476.64
 30
0.0
 11
275324322.87
 21
188987476.64
 31
0.0
  0
INSERT
  5
19D
330
198
100
AcDbEntity
  8
AXIS
 62
     0
440
 16777216
370
    -2
100
AcDbBlockReference
  2
_ArchTick
 10
275324322.87
 20
188982476.64
 30
0.0
 41
100.0
 42
100.0
 43
100.0
 50
270.0
  0
INSERT
  5
19E
330
198
100
AcDbEntity
  8
AXIS
 62
     0
440
 16777216
370
    -2
100
AcDbBlockReference
  2
_ArchTick
 10
275324322.87
 20
188987476.64
 30
0.0
 41
100.0
 42
100.0
 43
100.0
 50
90.0
  0
MTEXT
  5
19F
330
198
100
AcDbEntity
  8
AXIS
 62
     7
440
 16777216
100
AcDbMText
 10
275324047.87
 20
188984976.64
 30
0.0
 40
297.5
 41
0.0
 46
0.0
 71
     5
 72
     1
  1
\A1;5000
  7
_TCH_DIM_T3
 11
0.0
 21
1.0
 31
0.0
 73
     1
 44
1.0
  0
POINT
  5
1A0
330
198
100
AcDbEntity
  8
Defpoints
 62
     0
440
 16777216
100
AcDbPoint
 10
275326822.87
 20
188982476.64
 30
0.0
  0
POINT
  5
1A1
330
198
100
AcDbEntity
  8
Defpoints
 62
     0
440
 16777216
100
AcDbPoint
 10
275326822.87
 20
188987476.64
 30
0.0
  0
POINT
  5
1A2
330
198
100
AcDbEntity
  8
Defpoints
 62
     0
440
 16777216
100
AcDbPoint
 10
275324322.87
 20
188987476.64
 30
0.0
  0
ENDBLK
  5
1A3
330
198
100
AcDbEntity
  8
0
100
AcDbBlockEnd
  0
BLOCK
  5
1A6
330
1A5
100
AcDbEntity
  8
0
100
AcDbBlockBegin
  2
*D14
 70
     1
 10
0.0
 20
0.0
 30
0.0
  3
*D14
  1

  0
LINE
  5
1A7
330
1A5
100
AcDbEntity
  8
AXIS
 62
     0
440
 16777216
370
    -2
100
AcDbLine
 10
275326522.87
 20
188987476.64
 30
0.0
 11
275324072.87
 21
188987476.64
 31
0.0
  0
LINE
  5
1A8
330
1A5
100
AcDbEntity
  8
AXIS
 62
     0
440
 16777216
370
    -2
100
AcDbLine
 10
275326522.87
 20
188991976.64
 30
0.0
 11
275324072.87
 21
188991976.64
 31
0.0
  0
LINE
  5
1A9
330
1A5
100
AcDbEntity
  8
AXIS
 62
     0
440
 16777216
370
    -2
100
AcDbLine
 10
275324322.87
 20
188987476.64
 30
0.0
 11
275324322.87
 21
188991976.64
 31
0.0
  0
INSERT
  5
1AA
330
1A5
100
AcDbEntity
  8
AXIS
 62
     0
440
 16777216
370
    -2
100
AcDbBlockReference
  2
_ArchTick
 10
275324322.87
 20
188987476.64
 30
0.0
 41
100.0
 42
100.0
 43
100.0
 50
270.0
  0
INSERT
  5
1AB
330
1A5
100
AcDbEntity
  8
AXIS
 62
     0
440
 16777216
370
    -2
100
AcDbBlockReference
  2
_ArchTick
 10
275324322.87
 20
188991976.64
 30
0.0
 41
100.0
 42
100.0
 43
100.0
 50
90.0
  0
MTEXT
  5
1AC
330
1A5
100
AcDbEntity
  8
AXIS
 62
     7
440
 16777216
100
AcDbMText
 10
275324047.87
 20
188989726.64
 30
0.0
 40
297.5
 41
0.0
 46
0.0
 71
     5
 72
     1
  1
\A1;4500
  7
_TCH_DIM_T3
 11
0.0
 21
1.0
 31
0.0
 73
     1
 44
1.0
  0
POINT
  5
1AD
330
1A5
100
AcDbEntity
  8
Defpoints
 62
     0
440
 16777216
100
AcDbPoint
 10
275326822.87
 20
188987476.64
 30
0.0
  0
POINT
  5
1AE
330
1A5
100
AcDbEntity
  8
Defpoints
 62
     0
440
 16777216
100
AcDbPoint
 10
275326822.87
 20
188991976.64
 30
0.0
  0
POINT
  5
1AF
330
1A5
100
AcDbEntity
  8
Defpoints
 62
     0
440
 16777216
100
AcDbPoint
 10
275324322.87
 20
188991976.64
 30
0.0
  0
ENDBLK
  5
1B0
330
1A5
100
AcDbEntity
  8
0
100
AcDbBlockEnd
  0
BLOCK
  5
1B3
330
1B2
100
AcDbEntity
  8
0
100
AcDbBlockBegin
  2
*D15
 70
     1
 10
0.0
 20
0.0
 30
0.0
  3
*D15
  1

  0
LINE
  5
1B4
330
1B2
100
AcDbEntity
  8
AXIS
 62
     0
440
 16777216
370
    -2
100
AcDbLine
 10
275326522.87
 20
188991976.64
 30
0.0
 11
275324072.87
 21
188991976.64
 31
0.0
  0
LINE
  5
1B5
330
1B2
100
AcDbEntity
  8
AXIS
 62
     0
440
 16777216
370
    -2
100
AcDbLine
 10
275326522.87
 20
188996976.64
 30
0.0
 11
275324072.87
 21
188996976.64
 31
0.0
  0
LINE
  5
1B6
330
1B2
100
AcDbEntity
  8
AXIS
 62
     0
440
 16777216
370
    -2
100
AcDbLine
 10
275324322.87
 20
188991976.64
 30
0.0
 11
275324322.87
 21
188996976.64
 31
0.0
  0
INSERT
  5
1B7
330
1B2
100
AcDbEntity
  8
AXIS
 62
     0
440
 16777216
370
    -2
100
AcDbBlockReference
  2
_ArchTick
 10
275324322.87
 20
188991976.64
 30
0.0
 41
100.0
 42
100.0
 43
100.0
 50
270.0
  0
INSERT
  5
1B8
330
1B2
100
AcDbEntity
  8
AXIS
 62
     0
440
 16777216
370
    -2
100
AcDbBlockReference
  2
_ArchTick
 10
275324322.87
 20
188996976.64
 30
0.0
 41
100.0
 42
100.0
 43
100.0
 50
90.0
  0
MTEXT
  5
1B9
330
1B2
100
AcDbEntity
  8
AXIS
 62
     7
440
 16777216
100
AcDbMText
 10
275324047.87
 20
188994476.64
 30
0.0
 40
297.5
 41
0.0
 46
0.0
 71
     5
 72
     1
  1
\A1;5000
  7
_TCH_DIM_T3
 11
0.0
 21
1.0
 31
0.0
 73
     1
 44
1.0
  0
POINT
  5
1BA
330
1B2
100
AcDbEntity
  8
Defpoints
 62
     0
440
 16777216
100
AcDbPoint
 10
275326822.87
 20
188991976.64
 30
0.0
  0
POINT
  5
1BB
330
1B2
100
AcDbEntity
  8
Defpoints
 62
     0
440
 16777216
100
AcDbPoint
 10
275326822.87
 20
188996976.64
 30
0.0
  0
POINT
  5
1BC
330
1B2
100
AcDbEntity
  8
Defpoints
 62
     0
440
 16777216
100
AcDbPoint
 10
275324322.87
 20
188996976.64
 30
0.0
  0
ENDBLK
  5
1BD
330
1B2
100
AcDbEntity
  8
0
100
AcDbBlockEnd
  0
BLOCK
  5
1C0
330
1BF
100
AcDbEntity
  8
0
100
AcDbBlockBegin
  2
*D16
 70
     1
 10
0.0
 20
0.0
 30
0.0
  3
*D16
  1

  0
LINE
  5
1C1
330
1BF
100
AcDbEntity
  8
AXIS
 62
     0
440
 16777216
370
    -2
100
AcDbLine
 10
275326522.87
 20
188982476.64
 30
0.0
 11
275323272.87
 21
188982476.64
 31
0.0
  0
LINE
  5
1C2
330
1BF
100
AcDbEntity
  8
AXIS
 62
     0
440
 16777216
370
    -2
100
AcDbLine
 10
275326522.87
 20
188996976.64
 30
0.0
 11
275323272.87
 21
188996976.64
 31
0.0
  0
LINE
  5
1C3
330
1BF
100
AcDbEntity
  8
AXIS
 62
     0
440
 16777216
370
    -2
100
AcDbLine
 10
275323522.87
 20
188982476.64
 30
0.0
 11
275323522.87
 21
188996976.64
 31
0.0
  0
INSERT
  5
1C4
330
1BF
100
AcDbEntity
  8
AXIS
 62
     0
440
 16777216
370
    -2
100
AcDbBlockReference
  2
_ArchTick
 10
275323522.87
 20
188982476.64
 30
0.0
 41
100.0
 42
100.0
 43
100.0
 50
270.0
  0
INSERT
  5
1C5
330
1BF
100
AcDbEntity
  8
AXIS
 62
     0
440
 16777216
370
    -2
100
AcDbBlockReference
  2
_ArchTick
 10
275323522.87
 20
188996976.64
 30
0.0
 41
100.0
 42
100.0
 43
100.0
 50
90.0
  0
MTEXT
  5
1C6
330
1BF
100
AcDbEntity
  8
AXIS
 62
     7
440
 16777216
100
AcDbMText
 10
275323247.87
 20
188989726.64
 30
0.0
 40
297.5
 41
0.0
 46
0.0
 71
     5
 72
     1
  1
\A1;14500
  7
_TCH_DIM_T3
 11
0.0
 21
1.0
 31
0.0
 73
     1
 44
1.0
  0
POINT
  5
1C7
330
1BF
100
AcDbEntity
  8
Defpoints
 62
     0
440
 16777216
100
AcDbPoint
 10
275326822.87
 20
188982476.64
 30
0.0
  0
POINT
  5
1C8
330
1BF
100
AcDbEntity
  8
Defpoints
 62
     0
440
 16777216
100
AcDbPoint
 10
275326822.87
 20
188996976.64
 30
0.0
  0
POINT
  5
1C9
330
1BF
100
AcDbEntity
  8
Defpoints
 62
     0
440
 16777216
100
AcDbPoint
 10
275323522.87
 20
188996976.64
 30
0.0
  0
ENDBLK
  5
1CA
330
1BF
100
AcDbEntity
  8
0
100
AcDbBlockEnd
  0
BLOCK
  5
1CD
330
1CC
100
AcDbEntity
  8
0
100
AcDbBlockBegin
  2
*D17
 70
     1
 10
0.0
 20
0.0
 30
0.0
  3
*D17
  1

  0
LINE
  5
1CE
330
1CC
100
AcDbEntity
  8
AXIS
 62
     0
440
 16777216
370
    -2
100
AcDbLine
 10
275327822.87
 20
188998276.64
 30
0.0
 11
275327822.87
 21
189000726.64
 31
0.0
  0
LINE
  5
1CF
330
1CC
100
AcDbEntity
  8
AXIS
 62
     0
440
 16777216
370
    -2
100
AcDbLine
 10
275332322.87
 20
188998276.64
 30
0.0
 11
275332322.87
 21
189000726.64
 31
0.0
  0
LINE
  5
1D0
330
1CC
100
AcDbEntity
  8
AXIS
 62
     0
440
 16777216
370
    -2
100
AcDbLine
 10
275327822.87
 20
189000476.64
 30
0.0
 11
275332322.87
 21
189000476.64
 31
0.0
  0
INSERT
  5
1D1
330
1CC
100
AcDbEntity
  8
AXIS
 62
     0
440
 16777216
370
    -2
100
AcDbBlockReference
  2
_ArchTick
 10
275327822.87
 20
189000476.64
 30
0.0
 41
100.0
 42
100.0
 43
100.0
 50
180.0
  0
INSERT
  5
1D2
330
1CC
100
AcDbEntity
  8
AXIS
 62
     0
440
 16777216
370
    -2
100
AcDbBlockReference
  2
_ArchTick
 10
275332322.87
 20
189000476.64
 30
0.0
 41
100.0
 42
100.0
 43
100.0
  0
MTEXT
  5
1D3
330
1CC
100
AcDbEntity
  8
AXIS
 62
     7
440
 16777216
100
AcDbMText
 10
275330072.87
 20
189000751.64
 30
0.0
 40
297.5
 41
0.0
 46
0.0
 71
     5
 72
     1
  1
\A1;4500
  7
_TCH_DIM_T3
 73
     1
 44
1.0
  0
POINT
  5
1D4
330
1CC
100
AcDbEntity
  8
Defpoints
 62
     0
440
 16777216
100
AcDbPoint
 10
275327822.87
 20
188997976.64
 30
0.0
  0
POINT
  5
1D5
330
1CC
100
AcDbEntity
  8
Defpoints
 62
     0
440
 16777216
100
AcDbPoint
 10
275332322.87
 20
188997976.64
 30
0.0
  0
POINT
  5
1D6
330
1CC
100
AcDbEntity
  8
Defpoints
 62
     0
440
 16777216
100
AcDbPoint
 10
275332322.87
 20
189000476.64
 30
0.0
  0
ENDBLK
  5
1D7
330
1CC
100
AcDbEntity
  8
0
100
AcDbBlockEnd
  0
BLOCK
  5
1DA
330
1D9
100
AcDbEntity
  8
0
100
AcDbBlockBegin
  2
*D18
 70
     1
 10
0.0
 20
0.0
 30
0.0
  3
*D18
  1

  0
LINE
  5
1DB
330
1D9
100
AcDbEntity
  8
AXIS
 62
     0
440
 16777216
370
    -2
100
AcDbLine
 10
275332322.87
 20
188998276.64
 30
0.0
 11
275332322.87
 21
189000726.64
 31
0.0
  0
LINE
  5
1DC
330
1D9
100
AcDbEntity
  8
AXIS
 62
     0
440
 16777216
370
    -2
100
AcDbLine
 10
275336822.87
 20
188998276.64
 30
0.0
 11
275336822.87
 21
189000726.64
 31
0.0
  0
LINE
  5
1DD
330
1D9
100
AcDbEntity
  8
AXIS
 62
     0
440
 16777216
370
    -2
100
AcDbLine
 10
275332322.87
 20
189000476.64
 30
0.0
 11
275336822.87
 21
189000476.64
 31
0.0
  0
INSERT
  5
1DE
330
1D9
100
AcDbEntity
  8
AXIS
 62
     0
440
 16777216
370
    -2
100
AcDbBlockReference
  2
_ArchTick
 10
275332322.87
 20
189000476.64
 30
0.0
 41
100.0
 42
100.0
 43
100.0
 50
180.0
  0
INSERT
  5
1DF
330
1D9
100
AcDbEntity
  8
AXIS
 62
     0
440
 16777216
370
    -2
100
AcDbBlockReference
  2
_ArchTick
 10
275336822.87
 20
189000476.64
 30
0.0
 41
100.0
 42
100.0
 43
100.0
  0
MTEXT
  5
1E0
330
1D9
100
AcDbEntity
  8
AXIS
 62
     7
440
 16777216
100
AcDbMText
 10
275334572.87
 20
189000751.64
 30
0.0
 40
297.5
 41
0.0
 46
0.0
 71
     5
 72
     1
  1
\A1;4500
  7
_TCH_DIM_T3
 73
     1
 44
1.0
  0
POINT
  5
1E1
330
1D9
100
AcDbEntity
  8
Defpoints
 62
     0
440
 16777216
100
AcDbPoint
 10
275332322.87
 20
188997976.64
 30
0.0
  0
POINT
  5
1E2
330
1D9
100
AcDbEntity
  8
Defpoints
 62
     0
440
 16777216
100
AcDbPoint
 10
275336822.87
 20
188997976.64
 30
0.0
  0
POINT
  5
1E3
330
1D9
100
AcDbEntity
  8
Defpoints
 62
     0
440
 16777216
100
AcDbPoint
 10
275336822.87
 20
189000476.64
 30
0.0
  0
ENDBLK
  5
1E4
330
1D9
100
AcDbEntity
  8
0
100
AcDbBlockEnd
  0
BLOCK
  5
1E7
330
1E6
100
AcDbEntity
  8
0
100
AcDbBlockBegin
  2
*D19
 70
     1
 10
0.0
 20
0.0
 30
0.0
  3
*D19
  1

  0
LINE
  5
1E8
330
1E6
100
AcDbEntity
  8
AXIS
 62
     0
440
 16777216
370
    -2
100
AcDbLine
 10
275336822.87
 20
188998276.64
 30
0.0
 11
275336822.87
 21
189000726.64
 31
0.0
  0
LINE
  5
1E9
330
1E6
100
AcDbEntity
  8
AXIS
 62
     0
440
 16777216
370
    -2
100
AcDbLine
 10
275342822.87
 20
188998276.64
 30
0.0
 11
275342822.87
 21
189000726.64
 31
0.0
  0
LINE
  5
1EA
330
1E6
100
AcDbEntity
  8
AXIS
 62
     0
440
 16777216
370
    -2
100
AcDbLine
 10
275336822.87
 20
189000476.64
 30
0.0
 11
275342822.87
 21
189000476.64
 31
0.0
  0
INSERT
  5
1EB
330
1E6
100
AcDbEntity
  8
AXIS
 62
     0
440
 16777216
370
    -2
100
AcDbBlockReference
  2
_ArchTick
 10
275336822.87
 20
189000476.64
 30
0.0
 41
100.0
 42
100.0
 43
100.0
 50
180.0
  0
INSERT
  5
1EC
330
1E6
100
AcDbEntity
  8
AXIS
 62
     0
440
 16777216
370
    -2
100
AcDbBlockReference
  2
_ArchTick
 10
275342822.87
 20
189000476.64
 30
0.0
 41
100.0
 42
100.0
 43
100.0
  0
MTEXT
  5
1ED
330
1E6
100
AcDbEntity
  8
AXIS
 62
     7
440
 16777216
100
AcDbMText
 10
275339822.87
 20
189000751.64
 30
0.0
 40
297.5
 41
0.0
 46
0.0
 71
     5
 72
     1
  1
\A1;6000
  7
_TCH_DIM_T3
 73
     1
 44
1.0
  0
POINT
  5
1EE
330
1E6
100
AcDbEntity
  8
Defpoints
 62
     0
440
 16777216
100
AcDbPoint
 10
275336822.87
 20
188997976.64
 30
0.0
  0
POINT
  5
1EF
330
1E6
100
AcDbEntity
  8
Defpoints
 62
     0
440
 16777216
100
AcDbPoint
 10
275342822.87
 20
188997976.64
 30
0.0
  0
POINT
  5
1F0
330
1E6
100
AcDbEntity
  8
Defpoints
 62
     0
440
 16777216
100
AcDbPoint
 10
275342822.87
 20
189000476.64
 30
0.0
  0
ENDBLK
  5
1F1
330
1E6
100
AcDbEntity
  8
0
100
AcDbBlockEnd
  0
BLOCK
  5
1F4
330
1F3
100
AcDbEntity
  8
0
100
AcDbBlockBegin
  2
*D20
 70
     1
 10
0.0
 20
0.0
 30
0.0
  3
*D20
  1

  0
LINE
  5
1F5
330
1F3
100
AcDbEntity
  8
AXIS
 62
     0
440
 16777216
370
    -2
100
AcDbLine
 10
275342822.87
 20
188998276.64
 30
0.0
 11
275342822.87
 21
189000726.64
 31
0.0
  0
LINE
  5
1F6
330
1F3
100
AcDbEntity
  8
AXIS
 62
     0
440
 16777216
370
    -2
100
AcDbLine
 10
275348322.87
 20
188998276.64
 30
0.0
 11
275348322.87
 21
189000726.64
 31
0.0
  0
LINE
  5
1F7
330
1F3
100
AcDbEntity
  8
AXIS
 62
     0
440
 16777216
370
    -2
100
AcDbLine
 10
275342822.87
 20
189000476.64
 30
0.0
 11
275348322.87
 21
189000476.64
 31
0.0
  0
INSERT
  5
1F8
330
1F3
100
AcDbEntity
  8
AXIS
 62
     0
440
 16777216
370
    -2
100
AcDbBlockReference
  2
_ArchTick
 10
275342822.87
 20
189000476.64
 30
0.0
 41
100.0
 42
100.0
 43
100.0
 50
180.0
  0
INSERT
  5
1F9
330
1F3
100
AcDbEntity
  8
AXIS
 62
     0
440
 16777216
370
    -2
100
AcDbBlockReference
  2
_ArchTick
 10
275348322.87
 20
189000476.64
 30
0.0
 41
100.0
 42
100.0
 43
100.0
  0
MTEXT
  5
1FA
330
1F3
100
AcDbEntity
  8
AXIS
 62
     7
440
 16777216
100
AcDbMText
 10
275345572.87
 20
189000751.64
 30
0.0
 40
297.5
 41
0.0
 46
0.0
 71
     5
 72
     1
  1
\A1;5500
  7
_TCH_DIM_T3
 73
     1
 44
1.0
  0
POINT
  5
1FB
330
1F3
100
AcDbEntity
  8
Defpoints
 62
     0
440
 16777216
100
AcDbPoint
 10
275342822.87
 20
188997976.64
 30
0.0
  0
POINT
  5
1FC
330
1F3
100
AcDbEntity
  8
Defpoints
 62
     0
440
 16777216
100
AcDbPoint
 10
275348322.87
 20
188997976.64
 30
0.0
  0
POINT
  5
1FD
330
1F3
100
AcDbEntity
  8
Defpoints
 62
     0
440
 16777216
100
AcDbPoint
 10
275348322.87
 20
189000476.64
 30
0.0
  0
ENDBLK
  5
1FE
330
1F3
100
AcDbEntity
  8
0
100
AcDbBlockEnd
  0
BLOCK
  5
201
330
200
100
AcDbEntity
  8
0
100
AcDbBlockBegin
  2
*D21
 70
     1
 10
0.0
 20
0.0
 30
0.0
  3
*D21
  1

  0
LINE
  5
202
330
200
100
AcDbEntity
  8
AXIS
 62
     0
440
 16777216
370
    -2
100
AcDbLine
 10
275327822.87
 20
188998276.64
 30
0.0
 11
275327822.87
 21
189001526.64
 31
0.0
  0
LINE
  5
203
330
200
100
AcDbEntity
  8
AXIS
 62
     0
440
 16777216
370
    -2
100
AcDbLine
 10
275348322.87
 20
188998276.64
 30
0.0
 11
275348322.87
 21
189001526.64
 31
0.0
  0
LINE
  5
204
330
200
100
AcDbEntity
  8
AXIS
 62
     0
440
 16777216
370
    -2
100
AcDbLine
 10
275327822.87
 20
189001276.64
 30
0.0
 11
275348322.87
 21
189001276.64
 31
0.0
  0
INSERT
  5
205
330
200
100
AcDbEntity
  8
AXIS
 62
     0
440
 16777216
370
    -2
100
AcDbBlockReference
  2
_ArchTick
 10
275327822.87
 20
189001276.64
 30
0.0
 41
100.0
 42
100.0
 43
100.0
 50
180.0
  0
INSERT
  5
206
330
200
100
AcDbEntity
  8
AXIS
 62
     0
440
 16777216
370
    -2
100
AcDbBlockReference
  2
_ArchTick
 10
275348322.87
 20
189001276.64
 30
0.0
 41
100.0
 42
100.0
 43
100.0
  0
MTEXT
  5
207
330
200
100
AcDbEntity
  8
AXIS
 62
     7
440
 16777216
100
AcDbMText
 10
275338072.87
 20
189001551.64
 30
0.0
 40
297.5
 41
0.0
 46
0.0
 71
     5
 72
     1
  1
\A1;20500
  7
_TCH_DIM_T3
 73
     1
 44
1.0
  0
POINT
  5
208
330
200
100
AcDbEntity
  8
Defpoints
 62
     0
440
 16777216
100
AcDbPoint
 10
275327822.87
 20
188997976.64
 30
0.0
  0
POINT
  5
209
330
200
100
AcDbEntity
  8
Defpoints
 62
     0
440
 16777216
100
AcDbPoint
 10
275348322.87
 20
188997976.64
 30
0.0
  0
POINT
  5
20A
330
200
100
AcDbEntity
  8
Defpoints
 62
     0
440
 16777216
100
AcDbPoint
 10
275348322.87
 20
189001276.64
 30
0.0
  0
ENDBLK
  5
20B
330
200
100
AcDbEntity
  8
0
100
AcDbBlockEnd
  0
BLOCK
  5
20E
330
20D
100
AcDbEntity
  8
0
100
AcDbBlockBegin
  2
*D22
 70
     1
 10
0.0
 20
0.0
 30
0.0
  3
*D22
  1

  0
LINE
  5
20F
330
20D
100
AcDbEntity
  8
AXIS
 62
     0
440
 16777216
370
    -2
100
AcDbLine
 10
275327822.87
 20
188981176.64
 30
0.0
 11
275327822.87
 21
188978726.64
 31
0.0
  0
LINE
  5
210
330
20D
100
AcDbEntity
  8
AXIS
 62
     0
440
 16777216
370
    -2
100
AcDbLine
 10
275332322.87
 20
188981176.64
 30
0.0
 11
275332322.87
 21
188978726.64
 31
0.0
  0
LINE
  5
211
330
20D
100
AcDbEntity
  8
AXIS
 62
     0
440
 16777216
370
    -2
100
AcDbLine
 10
275327822.87
 20
188978976.64
 30
0.0
 11
275332322.87
 21
188978976.64
 31
0.0
  0
INSERT
  5
212
330
20D
100
AcDbEntity
  8
AXIS
 62
     0
440
 16777216
370
    -2
100
AcDbBlockReference
  2
_ArchTick
 10
275327822.87
 20
188978976.64
 30
0.0
 41
100.0
 42
100.0
 43
100.0
 50
180.0
  0
INSERT
  5
213
330
20D
100
AcDbEntity
  8
AXIS
 62
     0
440
 16777216
370
    -2
100
AcDbBlockReference
  2
_ArchTick
 10
275332322.87
 20
188978976.64
 30
0.0
 41
100.0
 42
100.0
 43
100.0
  0
MTEXT
  5
214
330
20D
100
AcDbEntity
  8
AXIS
 62
     7
440
 16777216
100
AcDbMText
 10
275330072.87
 20
188979251.64
 30
0.0
 40
297.5
 41
0.0
 46
0.0
 71
     5
 72
     1
  1
\A1;4500
  7
_TCH_DIM_T3
 73
     1
 44
1.0
  0
POINT
  5
215
330
20D
100
AcDbEntity
  8
Defpoints
 62
     0
440
 16777216
100
AcDbPoint
 10
275327822.87
 20
188981476.64
 30
0.0
  0
POINT
  5
216
330
20D
100
AcDbEntity
  8
Defpoints
 62
     0
440
 16777216
100
AcDbPoint
 10
275332322.87
 20
188981476.64
 30
0.0
  0
POINT
  5
217
330
20D
100
AcDbEntity
  8
Defpoints
 62
     0
440
 16777216
100
AcDbPoint
 10
275332322.87
 20
188978976.64
 30
0.0
  0
ENDBLK
  5
218
330
20D
100
AcDbEntity
  8
0
100
AcDbBlockEnd
  0
BLOCK
  5
21B
330
21A
100
AcDbEntity
  8
0
100
AcDbBlockBegin
  2
*D23
 70
     1
 10
0.0
 20
0.0
 30
0.0
  3
*D23
  1

  0
LINE
  5
21C
330
21A
100
AcDbEntity
  8
AXIS
 62
     0
440
 16777216
370
    -2
100
AcDbLine
 10
275332322.87
 20
188981176.64
 30
0.0
 11
275332322.87
 21
188978726.64
 31
0.0
  0
LINE
  5
21D
330
21A
100
AcDbEntity
  8
AXIS
 62
     0
440
 16777216
370
    -2
100
AcDbLine
 10
275336822.87
 20
188981176.64
 30
0.0
 11
275336822.87
 21
188978726.64
 31
0.0
  0
LINE
  5
21E
330
21A
100
AcDbEntity
  8
AXIS
 62
     0
440
 16777216
370
    -2
100
AcDbLine
 10
275332322.87
 20
188978976.64
 30
0.0
 11
275336822.87
 21
188978976.64
 31
0.0
  0
INSERT
  5
21F
330
21A
100
AcDbEntity
  8
AXIS
 62
     0
440
 16777216
370
    -2
100
AcDbBlockReference
  2
_ArchTick
 10
275332322.87
 20
188978976.64
 30
0.0
 41
100.0
 42
100.0
 43
100.0
 50
180.0
  0
INSERT
  5
220
330
21A
100
AcDbEntity
  8
AXIS
 62
     0
440
 16777216
370
    -2
100
AcDbBlockReference
  2
_ArchTick
 10
275336822.87
 20
188978976.64
 30
0.0
 41
100.0
 42
100.0
 43
100.0
  0
MTEXT
  5
221
330
21A
100
AcDbEntity
  8
AXIS
 62
     7
440
 16777216
100
AcDbMText
 10
275334572.87
 20
188979251.64
 30
0.0
 40
297.5
 41
0.0
 46
0.0
 71
     5
 72
     1
  1
\A1;4500
  7
_TCH_DIM_T3
 73
     1
 44
1.0
  0
POINT
  5
222
330
21A
100
AcDbEntity
  8
Defpoints
 62
     0
440
 16777216
100
AcDbPoint
 10
275332322.87
 20
188981476.64
 30
0.0
  0
POINT
  5
223
330
21A
100
AcDbEntity
  8
Defpoints
 62
     0
440
 16777216
100
AcDbPoint
 10
275336822.87
 20
188981476.64
 30
0.0
  0
POINT
  5
224
330
21A
100
AcDbEntity
  8
Defpoints
 62
     0
440
 16777216
100
AcDbPoint
 10
275336822.87
 20
188978976.64
 30
0.0
  0
ENDBLK
  5
225
330
21A
100
AcDbEntity
  8
0
100
AcDbBlockEnd
  0
BLOCK
  5
228
330
227
100
AcDbEntity
  8
0
100
AcDbBlockBegin
  2
*D24
 70
     1
 10
0.0
 20
0.0
 30
0.0
  3
*D24
  1

  0
LINE
  5
229
330
227
100
AcDbEntity
  8
AXIS
 62
     0
440
 16777216
370
    -2
100
AcDbLine
 10
275336822.87
 20
188981176.64
 30
0.0
 11
275336822.87
 21
188978726.64
 31
0.0
  0
LINE
  5
22A
330
227
100
AcDbEntity
  8
AXIS
 62
     0
440
 16777216
370
    -2
100
AcDbLine
 10
275342822.87
 20
188981176.64
 30
0.0
 11
275342822.87
 21
188978726.64
 31
0.0
  0
LINE
  5
22B
330
227
100
AcDbEntity
  8
AXIS
 62
     0
440
 16777216
370
    -2
100
AcDbLine
 10
275336822.87
 20
188978976.64
 30
0.0
 11
275342822.87
 21
188978976.64
 31
0.0
  0
INSERT
  5
22C
330
227
100
AcDbEntity
  8
AXIS
 62
     0
440
 16777216
370
    -2
100
AcDbBlockReference
  2
_ArchTick
 10
275336822.87
 20
188978976.64
 30
0.0
 41
100.0
 42
100.0
 43
100.0
 50
180.0
  0
INSERT
  5
22D
330
227
100
AcDbEntity
  8
AXIS
 62
     0
440
 16777216
370
    -2
100
AcDbBlockReference
  2
_ArchTick
 10
275342822.87
 20
188978976.64
 30
0.0
 41
100.0
 42
100.0
 43
100.0
  0
MTEXT
  5
22E
330
227
100
AcDbEntity
  8
AXIS
 62
     7
440
 16777216
100
AcDbMText
 10
275339822.87
 20
188979251.64
 30
0.0
 40
297.5
 41
0.0
 46
0.0
 71
     5
 72
     1
  1
\A1;6000
  7
_TCH_DIM_T3
 73
     1
 44
1.0
  0
POINT
  5
22F
330
227
100
AcDbEntity
  8
Defpoints
 62
     0
440
 16777216
100
AcDbPoint
 10
275336822.87
 20
188981476.64
 30
0.0
  0
POINT
  5
230
330
227
100
AcDbEntity
  8
Defpoints
 62
     0
440
 16777216
100
AcDbPoint
 10
275342822.87
 20
188981476.64
 30
0.0
  0
POINT
  5
231
330
227
100
AcDbEntity
  8
Defpoints
 62
     0
440
 16777216
100
AcDbPoint
 10
275342822.87
 20
188978976.64
 30
0.0
  0
ENDBLK
  5
232
330
227
100
AcDbEntity
  8
0
100
AcDbBlockEnd
  0
BLOCK
  5
235
330
234
100
AcDbEntity
  8
0
100
AcDbBlockBegin
  2
*D25
 70
     1
 10
0.0
 20
0.0
 30
0.0
  3
*D25
  1

  0
LINE
  5
236
330
234
100
AcDbEntity
  8
AXIS
 62
     0
440
 16777216
370
    -2
100
AcDbLine
 10
275342822.87
 20
188981176.64
 30
0.0
 11
275342822.87
 21
188978726.64
 31
0.0
  0
LINE
  5
237
330
234
100
AcDbEntity
  8
AXIS
 62
     0
440
 16777216
370
    -2
100
AcDbLine
 10
275348322.87
 20
188981176.64
 30
0.0
 11
275348322.87
 21
188978726.64
 31
0.0
  0
LINE
  5
238
330
234
100
AcDbEntity
  8
AXIS
 62
     0
440
 16777216
370
    -2
100
AcDbLine
 10
275342822.87
 20
188978976.64
 30
0.0
 11
275348322.87
 21
188978976.64
 31
0.0
  0
INSERT
  5
239
330
234
100
AcDbEntity
  8
AXIS
 62
     0
440
 16777216
370
    -2
100
AcDbBlockReference
  2
_ArchTick
 10
275342822.87
 20
188978976.64
 30
0.0
 41
100.0
 42
100.0
 43
100.0
 50
180.0
  0
INSERT
  5
23A
330
234
100
AcDbEntity
  8
AXIS
 62
     0
440
 16777216
370
    -2
100
AcDbBlockReference
  2
_ArchTick
 10
275348322.87
 20
188978976.64
 30
0.0
 41
100.0
 42
100.0
 43
100.0
  0
MTEXT
  5
23B
330
234
100
AcDbEntity
  8
AXIS
 62
     7
440
 16777216
100
AcDbMText
 10
275345572.87
 20
188979251.64
 30
0.0
 40
297.5
 41
0.0
 46
0.0
 71
     5
 72
     1
  1
\A1;5500
  7
_TCH_DIM_T3
 73
     1
 44
1.0
  0
POINT
  5
23C
330
234
100
AcDbEntity
  8
Defpoints
 62
     0
440
 16777216
100
AcDbPoint
 10
275342822.87
 20
188981476.64
 30
0.0
  0
POINT
  5
23D
330
234
100
AcDbEntity
  8
Defpoints
 62
     0
440
 16777216
100
AcDbPoint
 10
275348322.87
 20
188981476.64
 30
0.0
  0
POINT
  5
23E
330
234
100
AcDbEntity
  8
Defpoints
 62
     0
440
 16777216
100
AcDbPoint
 10
275348322.87
 20
188978976.64
 30
0.0
  0
ENDBLK
  5
23F
330
234
100
AcDbEntity
  8
0
100
AcDbBlockEnd
  0
BLOCK
  5
242
330
241
100
AcDbEntity
  8
0
100
AcDbBlockBegin
  2
*D26
 70
     1
 10
0.0
 20
0.0
 30
0.0
  3
*D26
  1

  0
LINE
  5
243
330
241
100
AcDbEntity
  8
AXIS
 62
     0
440
 16777216
370
    -2
100
AcDbLine
 10
275327822.87
 20
188981176.64
 30
0.0
 11
275327822.87
 21
188977926.64
 31
0.0
  0
LINE
  5
244
330
241
100
AcDbEntity
  8
AXIS
 62
     0
440
 16777216
370
    -2
100
AcDbLine
 10
275348322.87
 20
188981176.64
 30
0.0
 11
275348322.87
 21
188977926.64
 31
0.0
  0
LINE
  5
245
330
241
100
AcDbEntity
  8
AXIS
 62
     0
440
 16777216
370
    -2
100
AcDbLine
 10
275327822.87
 20
188978176.64
 30
0.0
 11
275348322.87
 21
188978176.64
 31
0.0
  0
INSERT
  5
246
330
241
100
AcDbEntity
  8
AXIS
 62
     0
440
 16777216
370
    -2
100
AcDbBlockReference
  2
_ArchTick
 10
275327822.87
 20
188978176.64
 30
0.0
 41
100.0
 42
100.0
 43
100.0
 50
180.0
  0
INSERT
  5
247
330
241
100
AcDbEntity
  8
AXIS
 62
     0
440
 16777216
370
    -2
100
AcDbBlockReference
  2
_ArchTick
 10
275348322.87
 20
188978176.64
 30
0.0
 41
100.0
 42
100.0
 43
100.0
  0
MTEXT
  5
248
330
241
100
AcDbEntity
  8
AXIS
 62
     7
440
 16777216
100
AcDbMText
 10
275338072.87
 20
188978451.64
 30
0.0
 40
297.5
 41
0.0
 46
0.0
 71
     5
 72
     1
  1
\A1;20500
  7
_TCH_DIM_T3
 73
     1
 44
1.0
  0
POINT
  5
249
330
241
100
AcDbEntity
  8
Defpoints
 62
     0
440
 16777216
100
AcDbPoint
 10
275327822.87
 20
188981476.64
 30
0.0
  0
POINT
  5
24A
330
241
100
AcDbEntity
  8
Defpoints
 62
     0
440
 16777216
100
AcDbPoint
 10
275348322.87
 20
188981476.64
 30
0.0
  0
POINT
  5
24B
330
241
100
AcDbEntity
  8
Defpoints
 62
     0
440
 16777216
100
AcDbPoint
 10
275348322.87
 20
188978176.64
 30
0.0
  0
ENDBLK
  5
24C
330
241
100
AcDbEntity
  8
0
100
AcDbBlockEnd
  0
BLOCK
  5
2A8
330
2A7
100
AcDbEntity
  8
0
100
AcDbBlockBegin
  2
_AXISO
 70
     2
 10
0.0
 20
0.0
 30
0.0
  3
_AXISO
  1

  0
CIRCLE
  5
2A9
330
2A7
100
AcDbEntity
  8
0
100
AcDbCircle
 10
0.0
 20
0.0
 30
0.0
 40
0.5
  0
ATTDEF
  5
2AA
330
2A7
100
AcDbEntity
  8
AXIS_TEXT
100
AcDbText
 10
-0.25
 20
-0.28
 30
0.0
 40
0.56
  1

 41
1.04
  7
COMPLEX
 72
     5
 11
0.25
 21
-0.28
 31
0.0
100
AcDbAttributeDefinition
280
     0
  3

  2
A
 70
     0
280
     0
  0
ENDBLK
  5
2AD
330
2A7
100
AcDbEntity
  8
0
100
AcDbBlockEnd
  0
ENDSEC
  0
SECTION
  2
ENTITIES
  0
LINE
  5
15
330
2
100
AcDbEntity
  8
DOTE
100
AcDbLine
 10
275327822.87
 20
188981476.64
 30
0.0
 11
275327822.87
 21
188997976.64
 31
0.0
  0
LINE
  5
18
330
2
100
AcDbEntity
  8
DOTE
100
AcDbLine
 10
275336822.87
 20
188981476.64
 30
0.0
 11
275336822.87
 21
188997976.64
 31
0.0
  0
LINE
  5
19
330
2
100
AcDbEntity
  8
DOTE
100
AcDbLine
 10
275326822.87
 20
188982476.64
 30
0.0
 11
275349322.87
 21
188982476.64
 31
0.0
  0
LINE
  5
1A
330
2
100
AcDbEntity
  8
DOTE
100
AcDbLine
 10
275326822.87
 20
188996976.64
 30
0.0
 11
275349358.78
 21
188996976.64
 31
0.0
  0
LINE
  5
1B
330
2
100
AcDbEntity
  8
DOTE
100
AcDbLine
 10
275326822.87
 20
188991976.64
 30
0.0
 11
275349358.78
 21
188991976.64
 31
0.0
  0
LINE
  5
1C
330
2
100
AcDbEntity
  8
DOTE
100
AcDbLine
 10
275326822.87
 20
188987476.64
 30
0.0
 11
275349322.87
 21
188987476.64
 31
0.0
  0
LINE
  5
6D
330
2
100
AcDbEntity
  8
DOTE
100
AcDbLine
 10
275342822.87
 20
188981476.64
 30
0.0
 11
275342822.87
 21
188997976.64
 31
0.0
  0
LINE
  5
6E
330
2
100
AcDbEntity
  8
DOTE
100
AcDbLine
 10
275348322.87
 20
188981476.64
 30
0.0
 11
275348322.87
 21
188997976.64
 31
0.0
  0
LWPOLYLINE
  5
12D
330
2
100
AcDbEntity
  8
0
100
AcDbPolyline
 90
        4
 70
     0
 43
0.0
 10
275333822.87
 20
188996876.64
 10
275333822.87
 20
188988976.64
 10
275348222.87
 20
188988976.64
 10
275348222.87
 20
188987576.64
  0
LWPOLYLINE
  5
130
330
2
100
AcDbEntity
  8
0
100
AcDbPolyline
 90
        2
 70
     0
 43
0.0
 10
275337822.87
 20
188996876.64
 10
275337822.87
 20
188989276.64
  0
LWPOLYLINE
  5
131
330
2
100
AcDbEntity
  8
0
100
AcDbPolyline
 90
        2
 70
     0
 43
0.0
 10
275337822.87
 20
188991475.14
 10
275334122.87
 20
188991476.64
  0
LWPOLYLINE
  5
132
330
2
100
AcDbEntity
  8
0
100
AcDbPolyline
 90
        4
 70
     0
 43
0.0
 10
275334122.87
 20
188996876.64
 10
275334122.87
 20
188989276.64
 10
275348222.87
 20
188989276.64
 10
275348222.87
 20
188987576.64
  0
CIRCLE
  5
147
330
2
100
AcDbEntity
  8
0
100
AcDbCircle
 10
275341522.87
 20
188994205.96
 30
0.0
 40
2500.0
  0
CIRCLE
  5
148
330
2
100
AcDbEntity
  8
0
100
AcDbCircle
 10
275341522.87
 20
188994205.96
 30
0.0
 40
2200.0
  0
LWPOLYLINE
  5
14F
330
2
100
AcDbEntity
  8
0
100
AcDbPolyline
 90
        2
 70
     0
 43
0.0
 10
275345222.87
 20
188994876.64
 10
275345222.87
 20
188989276.64
  0
LWPOLYLINE
  5
150
330
2
100
AcDbEntity
  8
0
100
AcDbPolyline
 90
        3
 70
     0
 43
0.0
 10
275348222.87
 20
188991776.64
 10
275348222.87
 20
188991776.64
 10
275345222.87
 20
188991776.64
  0
LINE
  5
153
330
2
100
AcDbEntity
  8
DOTE
100
AcDbLine
 10
275332322.87
 20
188981476.64
 30
0.0
 11
275332322.87
 21
188997976.64
 31
0.0
  0
DIMENSION
  5
15C
330
2
100
AcDbEntity
  8
AXIS
100
AcDbDimension
280
     0
  2
*D9
 10
275351822.87
 20
188987476.64
 30
0.0
 11
275351547.87
 21
188984976.64
 31
0.0
 70
     1
 71
     5
 42
5000.0
 73
     0
 74
     0
 75
     0
  3
_TCH_ARCH&&100
100
AcDbAlignedDimension
 13
275349322.87
 23
188982476.64
 33
0.0
 14
275349322.87
 24
188987476.64
 34
0.0
  0
DIMENSION
  5
170
330
2
100
AcDbEntity
  8
AXIS
100
AcDbDimension
280
     0
  2
*D10
 10
275351822.87
 20
188991976.64
 30
0.0
 11
275351547.87
 21
188989726.64
 31
0.0
 70
     1
 71
     5
 42
4500.0
 73
     0
 74
     0
 75
     0
  3
_TCH_ARCH&&100
100
AcDbAlignedDimension
 13
275349322.87
 23
188987476.64
 33
0.0
 14
275349322.87
 24
188991976.64
 34
0.0
  0
DIMENSION
  5
17D
330
2
100
AcDbEntity
  8
AXIS
100
AcDbDimension
280
     0
  2
*D11
 10
275351822.87
 20
188996976.64
 30
0.0
 11
275351547.87
 21
188994476.64
 31
0.0
 70
     1
 71
     5
 42
5000.0
 73
     0
 74
     0
 75
     0
  3
_TCH_ARCH&&100
100
AcDbAlignedDimension
 13
275349322.87
 23
188991976.64
 33
0.0
 14
275349322.87
 24
188996976.64
 34
0.0
  0
DIMENSION
  5
18A
330
2
100
AcDbEntity
  8
AXIS
100
AcDbDimension
280
     0
  2
*D12
 10
275352622.87
 20
188996976.64
 30
0.0
 11
275352347.87
 21
188989726.64
 31
0.0
 70
     1
 71
     5
 42
14500.0
 73
     0
 74
     0
 75
     0
  3
_TCH_ARCH&&100
100
AcDbAlignedDimension
 13
275349322.87
 23
188982476.64
 33
0.0
 14
275349322.87
 24
188996976.64
 34
0.0
  0
DIMENSION
  5
197
330
2
100
AcDbEntity
  8
AXIS
100
AcDbDimension
280
     0
  2
*D13
 10
275324322.87
 20
188987476.64
 30
0.0
 11
275324047.87
 21
188984976.64
 31
0.0
 70
     1
 71
     5
 42
5000.0
 73
     0
 74
     0
 75
     0
  3
_TCH_ARCH&&100
100
AcDbAlignedDimension
 13
275326822.87
 23
188982476.64
 33
0.0
 14
275326822.87
 24
188987476.64
 34
0.0
  0
DIMENSION
  5
1A4
330
2
100
AcDbEntity
  8
AXIS
100
AcDbDimension
280
     0
  2
*D14
 10
275324322.87
 20
188991976.64
 30
0.0
 11
275324047.87
 21
188989726.64
 31
0.0
 70
     1
 71
     5
 42
4500.0
 73
     0
 74
     0
 75
     0
  3
_TCH_ARCH&&100
100
AcDbAlignedDimension
 13
275326822.87
 23
188987476.64
 33
0.0
 14
275326822.87
 24
188991976.64
 34
0.0
  0
DIMENSION
  5
1B1
330
2
100
AcDbEntity
  8
AXIS
100
AcDbDimension
280
     0
  2
*D15
 10
275324322.87
 20
188996976.64
 30
0.0
 11
275324047.87
 21
188994476.64
 31
0.0
 70
     1
 71
     5
 42
5000.0
 73
     0
 74
     0
 75
     0
  3
_TCH_ARCH&&100
100
AcDbAlignedDimension
 13
275326822.87
 23
188991976.64
 33
0.0
 14
275326822.87
 24
188996976.64
 34
0.0
  0
DIMENSION
  5
1BE
330
2
100
AcDbEntity
  8
AXIS
100
AcDbDimension
280
     0
  2
*D16
 10
275323522.87
 20
188996976.64
 30
0.0
 11
275323247.87
 21
188989726.64
 31
0.0
 70
     1
 71
     5
 42
14500.0
 73
     0
 74
     0
 75
     0
  3
_TCH_ARCH&&100
100
AcDbAlignedDimension
 13
275326822.87
 23
188982476.64
 33
0.0
 14
275326822.87
 24
188996976.64
 34
0.0
  0
DIMENSION
  5
1CB
330
2
100
AcDbEntity
  8
AXIS
100
AcDbDimension
280
     0
  2
*D17
 10
275332322.87
 20
189000476.64
 30
0.0
 11
275330072.87
 21
189000751.64
 31
0.0
 70
     1
 71
     5
 42
4500.0
 73
     0
 74
     0
 75
     0
  3
_TCH_ARCH&&100
100
AcDbAlignedDimension
 13
275327822.87
 23
188997976.64
 33
0.0
 14
275332322.87
 24
188997976.64
 34
0.0
  0
DIMENSION
  5
1D8
330
2
100
AcDbEntity
  8
AXIS
100
AcDbDimension
280
     0
  2
*D18
 10
275336822.87
 20
189000476.64
 30
0.0
 11
275334572.87
 21
189000751.64
 31
0.0
 70
     1
 71
     5
 42
4500.0
 73
     0
 74
     0
 75
     0
  3
_TCH_ARCH&&100
100
AcDbAlignedDimension
 13
275332322.87
 23
188997976.64
 33
0.0
 14
275336822.87
 24
188997976.64
 34
0.0
  0
DIMENSION
  5
1E5
330
2
100
AcDbEntity
  8
AXIS
100
AcDbDimension
280
     0
  2
*D19
 10
275342822.87
 20
189000476.64
 30
0.0
 11
275339822.87
 21
189000751.64
 31
0.0
 70
     1
 71
     5
 42
6000.0
 73
     0
 74
     0
 75
     0
  3
_TCH_ARCH&&100
100
AcDbAlignedDimension
 13
275336822.87
 23
188997976.64
 33
0.0
 14
275342822.87
 24
188997976.64
 34
0.0
  0
DIMENSION
  5
1F2
330
2
100
AcDbEntity
  8
AXIS
100
AcDbDimension
280
     0
  2
*D20
 10
275348322.87
 20
189000476.64
 30
0.0
 11
275345572.87
 21
189000751.64
 31
0.0
 70
     1
 71
     5
 42
5500.0
 73
     0
 74
     0
 75
     0
  3
_TCH_ARCH&&100
100
AcDbAlignedDimension
 13
275342822.87
 23
188997976.64
 33
0.0
 14
275348322.87
 24
188997976.64
 34
0.0
  0
DIMENSION
  5
1FF
330
2
100
AcDbEntity
  8
AXIS
100
AcDbDimension
280
     0
  2
*D21
 10
275348322.87
 20
189001276.64
 30
0.0
 11
275338072.87
 21
189001551.64
 31
0.0
 70
     1
 71
     5
 42
20500.0
 73
     0
 74
     0
 75
     0
  3
_TCH_ARCH&&100
100
AcDbAlignedDimension
 13
275327822.87
 23
188997976.64
 33
0.0
 14
275348322.87
 24
188997976.64
 34
0.0
  0
DIMENSION
  5
20C
330
2
100
AcDbEntity
  8
AXIS
100
AcDbDimension
280
     0
  2
*D22
 10
275332322.87
 20
188978976.64
 30
0.0
 11
275330072.87
 21
188979251.64
 31
0.0
 70
     1
 71
     5
 42
4500.0
 73
     0
 74
     0
 75
     0
  3
_TCH_ARCH&&100
100
AcDbAlignedDimension
 13
275327822.87
 23
188981476.64
 33
0.0
 14
275332322.87
 24
188981476.64
 34
0.0
  0
DIMENSION
  5
219
330
2
100
AcDbEntity
  8
AXIS
100
AcDbDimension
280
     0
  2
*D23
 10
275336822.87
 20
188978976.64
 30
0.0
 11
275334572.87
 21
188979251.64
 31
0.0
 70
     1
 71
     5
 42
4500.0
 73
     0
 74
     0
 75
     0
  3
_TCH_ARCH&&100
100
AcDbAlignedDimension
 13
275332322.87
 23
188981476.64
 33
0.0
 14
275336822.87
 24
188981476.64
 34
0.0
  0
DIMENSION
  5
226
330
2
100
AcDbEntity
  8
AXIS
100
AcDbDimension
280
     0
  2
*D24
 10
275342822.87
 20
188978976.64
 30
0.0
 11
275339822.87
 21
188979251.64
 31
0.0
 70
     1
 71
     5
 42
6000.0
 73
     0
 74
     0
 75
     0
  3
_TCH_ARCH&&100
100
AcDbAlignedDimension
 13
275336822.87
 23
188981476.64
 33
0.0
 14
275342822.87
 24
188981476.64
 34
0.0
  0
DIMENSION
  5
233
330
2
100
AcDbEntity
  8
AXIS
100
AcDbDimension
280
     0
  2
*D25
 10
275348322.87
 20
188978976.64
 30
0.0
 11
275345572.87
 21
188979251.64
 31
0.0
 70
     1
 71
     5
 42
5500.0
 73
     0
 74
     0
 75
     0
  3
_TCH_ARCH&&100
100
AcDbAlignedDimension
 13
275342822.87
 23
188981476.64
 33
0.0
 14
275348322.87
 24
188981476.64
 34
0.0
  0
DIMENSION
  5
240
330
2
100
AcDbEntity
  8
AXIS
100
AcDbDimension
280
     0
  2
*D26
 10
275348322.87
 20
188978176.64
 30
0.0
 11
275338072.87
 21
188978451.64
 31
0.0
 70
     1
 71
     5
 42
20500.0
 73
     0
 74
     0
 75
     0
  3
_TCH_ARCH&&100
100
AcDbAlignedDimension
 13
275327822.87
 23
188981476.64
 33
0.0
 14
275348322.87
 24
188981476.64
 34
0.0
  0
LINE
  5
2C0
330
2
100
AcDbEntity
  8
WALL
100
AcDbLine
 10
275327722.87
 20
188997076.64
 30
0.0
 11
275329422.87
 21
188997076.64
 31
0.0
  0
LINE
  5
2C1
330
2
100
AcDbEntity
  8
WALL
100
AcDbLine
 10
275327922.87
 20
188996876.64
 30
0.0
 11
275329322.87
 21
188996876.64
 31
0.0
  0
LINE
  5
2C2
330
2
100
AcDbEntity
  8
WALL
100
AcDbLine
 10
275332222.87
 20
188996876.64
 30
0.0
 11
275332222.87
 21
188996776.64
 31
0.0
  0
LINE
  5
2C3
330
2
100
AcDbEntity
  8
WALL
100
AcDbLine
 10
275332222.87
 20
188996776.64
 30
0.0
 11
275332422.87
 21
188996776.64
 31
0.0
  0
LINE
  5
2C4
330
2
100
AcDbEntity
  8
WALL
100
AcDbLine
 10
275332422.87
 20
188996776.64
 30
0.0
 11
275332422.87
 21
188997076.64
 31
0.0
  0
LINE
  5
2C5
330
2
100
AcDbEntity
  8
WALL
100
AcDbLine
 10
275332422.87
 20
188991976.64
 30
0.0
 11
275332422.87
 21
188992176.64
 31
0.0
  0
LINE
  5
2C6
330
2
100
AcDbEntity
  8
WALL
100
AcDbLine
 10
275332422.87
 20
188992176.64
 30
0.0
 11
275332222.87
 21
188992176.64
 31
0.0
  0
LINE
  5
2C7
330
2
100
AcDbEntity
  8
WALL
100
AcDbLine
 10
275332222.87
 20
188992176.64
 30
0.0
 11
275332222.87
 21
188992076.64
 31
0.0
  0
LINE
  5
2C8
330
2
100
AcDbEntity
  8
WALL
100
AcDbLine
 10
275332222.87
 20
188994976.64
 30
0.0
 11
275332222.87
 21
188993976.64
 31
0.0
  0
LINE
  5
2C9
330
2
100
AcDbEntity
  8
WALL
100
AcDbLine
 10
275332222.87
 20
188993976.64
 30
0.0
 11
275332422.87
 21
188993976.64
 31
0.0
  0
LINE
  5
2CA
330
2
100
AcDbEntity
  8
WALL
100
AcDbLine
 10
275332422.87
 20
188993976.64
 30
0.0
 11
275332422.87
 21
188994976.64
 31
0.0
  0
LINE
  5
2CB
330
2
100
AcDbEntity
  8
WALL
100
AcDbLine
 10
275332422.87
 20
188994976.64
 30
0.0
 11
275332222.87
 21
188994976.64
 31
0.0
  0
LINE
  5
2CC
330
2
100
AcDbEntity
  8
WALL
100
AcDbLine
 10
275348422.87
 20
188997076.64
 30
0.0
 11
275348422.87
 21
188997076.64
 31
0.0
  0
LINE
  5
2CD
330
2
100
AcDbEntity
  8
WALL
100
AcDbLine
 10
275348222.87
 20
188997076.64
 30
0.0
 11
275348222.87
 21
188997076.64
 31
0.0
  0
LINE
  5
2CE
330
2
100
AcDbEntity
  8
WALL
100
AcDbLine
 10
275348422.87
 20
188997076.64
 30
0.0
 11
275348222.87
 21
188997076.64
 31
0.0
  0
LINE
  5
2CF
330
2
100
AcDbEntity
  8
WALL
100
AcDbLine
 10
275348422.87
 20
188982376.64
 30
0.0
 11
275345322.87
 21
188982376.64
 31
0.0
  0
LINE
  5
2D0
330
2
100
AcDbEntity
  8
WALL
100
AcDbLine
 10
275348222.87
 20
188982576.64
 30
0.0
 11
275345422.87
 21
188982576.64
 31
0.0
  0
LINE
  5
2D1
330
2
100
AcDbEntity
  8
WALL
100
AcDbLine
 10
275345322.87
 20
188982376.64
 30
0.0
 11
275332322.87
 21
188982376.64
 31
0.0
  0
LINE
  5
2D2
330
2
100
AcDbEntity
  8
WALL
100
AcDbLine
 10
275345222.87
 20
188982576.64
 30
0.0
 11
275332422.87
 21
188982576.64
 31
0.0
  0
LINE
  5
2D3
330
2
100
AcDbEntity
  8
WALL
100
AcDbLine
 10
275344822.87
 20
188987376.64
 30
0.0
 11
275344822.87
 21
188984076.64
 31
0.0
  0
LINE
  5
2D4
330
2
100
AcDbEntity
  8
WALL
100
AcDbLine
 10
275344622.87
 20
188987376.64
 30
0.0
 11
275344622.87
 21
188984076.64
 31
0.0
  0
LINE
  5
2D5
330
2
100
AcDbEntity
  8
WALL
100
AcDbLine
 10
275345222.87
 20
188983876.64
 30
0.0
 11
275345222.87
 21
188983676.64
 31
0.0
  0
LINE
  5
2D6
330
2
100
AcDbEntity
  8
WALL
100
AcDbLine
 10
275345222.87
 20
188983676.64
 30
0.0
 11
275345422.87
 21
188983676.64
 31
0.0
  0
LINE
  5
2D7
330
2
100
AcDbEntity
  8
WALL
100
AcDbLine
 10
275345422.87
 20
188983676.64
 30
0.0
 11
275345422.87
 21
188984076.64
 31
0.0
  0
LINE
  5
2D8
330
2
100
AcDbEntity
  8
WALL
100
AcDbLine
 10
275345422.87
 20
188982576.64
 30
0.0
 11
275345422.87
 21
188982676.64
 31
0.0
  0
LINE
  5
2D9
330
2
100
AcDbEntity
  8
WALL
100
AcDbLine
 10
275345422.87
 20
188982676.64
 30
0.0
 11
275345222.87
 21
188982676.64
 31
0.0
  0
LINE
  5
2DA
330
2
100
AcDbEntity
  8
WALL
100
AcDbLine
 10
275345222.87
 20
188982676.64
 30
0.0
 11
275345222.87
 21
188982576.64
 31
0.0
  0
LINE
  5
2DB
330
2
100
AcDbEntity
  8
WALL
100
AcDbLine
 10
275342722.87
 20
188984076.64
 30
0.0
 11
275342722.87
 21
188987376.64
 31
0.0
  0
LINE
  5
2DC
330
2
100
AcDbEntity
  8
WALL
100
AcDbLine
 10
275342922.87
 20
188984076.64
 30
0.0
 11
275342922.87
 21
188987376.64
 31
0.0
  0
LINE
  5
2DD
330
2
100
AcDbEntity
  8
WALL
100
AcDbLine
 10
275336922.87
 20
188987376.64
 30
0.0
 11
275337422.87
 21
188987376.64
 31
0.0
  0
LINE
  5
2DE
330
2
100
AcDbEntity
  8
WALL
100
AcDbLine
 10
275337422.87
 20
188987376.64
 30
0.0
 11
275337422.87
 21
188987576.64
 31
0.0
  0
LINE
  5
2DF
330
2
100
AcDbEntity
  8
WALL
100
AcDbLine
 10
275337422.87
 20
188987576.64
 30
0.0
 11
275336722.87
 21
188987576.64
 31
0.0
  0
LINE
  5
2E0
330
2
100
AcDbEntity
  8
WALL
100
AcDbLine
 10
275339822.87
 20
188987576.64
 30
0.0
 11
275339222.87
 21
188987576.64
 31
0.0
  0
LINE
  5
2E1
330
2
100
AcDbEntity
  8
WALL
100
AcDbLine
 10
275339222.87
 20
188987576.64
 30
0.0
 11
275339222.87
 21
188987376.64
 31
0.0
  0
LINE
  5
2E2
330
2
100
AcDbEntity
  8
WALL
100
AcDbLine
 10
275339222.87
 20
188987376.64
 30
0.0
 11
275339722.87
 21
188987376.64
 31
0.0
  0
LINE
  5
2E3
330
2
100
AcDbEntity
  8
WALL
100
AcDbLine
 10
275336922.87
 20
188987376.64
 30
0.0
 11
275336922.87
 21
188985976.64
 31
0.0
  0
LINE
  5
2E4
330
2
100
AcDbEntity
  8
WALL
100
AcDbLine
 10
275336722.87
 20
188987576.64
 30
0.0
 11
275336722.87
 21
188986076.64
 31
0.0
  0
LINE
  5
2E5
330
2
100
AcDbEntity
  8
WALL
100
AcDbLine
 10
275339922.87
 20
188987376.64
 30
0.0
 11
275340422.87
 21
188987376.64
 31
0.0
  0
LINE
  5
2E6
330
2
100
AcDbEntity
  8
WALL
100
AcDbLine
 10
275340422.87
 20
188987376.64
 30
0.0
 11
275340422.87
 21
188987576.64
 31
0.0
  0
LINE
  5
2E7
330
2
100
AcDbEntity
  8
WALL
100
AcDbLine
 10
275340422.87
 20
188987576.64
 30
0.0
 11
275339822.87
 21
188987576.64
 31
0.0
  0
LINE
  5
2E8
330
2
100
AcDbEntity
  8
WALL
100
AcDbLine
 10
275342822.87
 20
188987576.64
 30
0.0
 11
275342222.87
 21
188987576.64
 31
0.0
  0
LINE
  5
2E9
330
2
100
AcDbEntity
  8
WALL
100
AcDbLine
 10
275342222.87
 20
188987576.64
 30
0.0
 11
275342222.87
 21
188987376.64
 31
0.0
  0
LINE
  5
2EA
330
2
100
AcDbEntity
  8
WALL
100
AcDbLine
 10
275342222.87
 20
188987376.64
 30
0.0
 11
275342722.87
 21
188987376.64
 31
0.0
  0
LINE
  5
2EB
330
2
100
AcDbEntity
  8
WALL
100
AcDbLine
 10
275339822.87
 20
188983876.64
 30
0.0
 11
275340522.87
 21
188983876.64
 31
0.0
  0
LINE
  5
2EC
330
2
100
AcDbEntity
  8
WALL
100
AcDbLine
 10
275340522.87
 20
188983876.64
 30
0.0
 11
275340522.87
 21
188984076.64
 31
0.0
  0
LINE
  5
2ED
330
2
100
AcDbEntity
  8
WALL
100
AcDbLine
 10
275340522.87
 20
188984076.64
 30
0.0
 11
275339922.87
 21
188984076.64
 31
0.0
  0
LINE
  5
2EE
330
2
100
AcDbEntity
  8
WALL
100
AcDbLine
 10
275342722.87
 20
188984076.64
 30
0.0
 11
275341522.87
 21
188984076.64
 31
0.0
  0
LINE
  5
2EF
330
2
100
AcDbEntity
  8
WALL
100
AcDbLine
 10
275341522.87
 20
188984076.64
 30
0.0
 11
275341522.87
 21
188983876.64
 31
0.0
  0
LINE
  5
2F0
330
2
100
AcDbEntity
  8
WALL
100
AcDbLine
 10
275341522.87
 20
188983876.64
 30
0.0
 11
275342822.87
 21
188983876.64
 31
0.0
  0
LINE
  5
2F1
330
2
100
AcDbEntity
  8
WALL
100
AcDbLine
 10
275339722.87
 20
188984076.64
 30
0.0
 11
275339722.87
 21
188987376.64
 31
0.0
  0
LINE
  5
2F2
330
2
100
AcDbEntity
  8
WALL
100
AcDbLine
 10
275339922.87
 20
188984076.64
 30
0.0
 11
275339922.87
 21
188987376.64
 31
0.0
  0
LINE
  5
2F3
330
2
100
AcDbEntity
  8
WALL
100
AcDbLine
 10
275332422.87
 20
188986076.64
 30
0.0
 11
275333822.87
 21
188986076.64
 31
0.0
  0
LINE
  5
2F4
330
2
100
AcDbEntity
  8
WALL
100
AcDbLine
 10
275332222.87
 20
188985876.64
 30
0.0
 11
275333722.87
 21
188985876.64
 31
0.0
  0
LINE
  5
2F5
330
2
100
AcDbEntity
  8
WALL
100
AcDbLine
 10
275327922.87
 20
188994076.64
 30
0.0
 11
275327722.87
 21
188994076.64
 31
0.0
  0
LINE
  5
2F6
330
2
100
AcDbEntity
  8
WALL
100
AcDbLine
 10
275327722.87
 20
188994076.64
 30
0.0
 11
275327722.87
 21
188993976.64
 31
0.0
  0
LINE
  5
2F7
330
2
100
AcDbEntity
  8
WALL
100
AcDbLine
 10
275327722.87
 20
188997076.64
 30
0.0
 11
275327722.87
 21
188996876.64
 31
0.0
  0
LINE
  5
2F8
330
2
100
AcDbEntity
  8
WALL
100
AcDbLine
 10
275327722.87
 20
188996876.64
 30
0.0
 11
275327922.87
 21
188996876.64
 31
0.0
  0
LINE
  5
2F9
330
2
100
AcDbEntity
  8
WALL
100
AcDbLine
 10
275327922.87
 20
188994976.64
 30
0.0
 11
275327922.87
 21
188995976.64
 31
0.0
  0
LINE
  5
2FA
330
2
100
AcDbEntity
  8
WALL
100
AcDbLine
 10
275327922.87
 20
188995976.64
 30
0.0
 11
275327722.87
 21
188995976.64
 31
0.0
  0
LINE
  5
2FB
330
2
100
AcDbEntity
  8
WALL
100
AcDbLine
 10
275327722.87
 20
188995976.64
 30
0.0
 11
275327722.87
 21
188994976.64
 31
0.0
  0
LINE
  5
2FC
330
2
100
AcDbEntity
  8
WALL
100
AcDbLine
 10
275327722.87
 20
188994976.64
 30
0.0
 11
275327922.87
 21
188994976.64
 31
0.0
  0
LINE
  5
2FD
330
2
100
AcDbEntity
  8
WALL
100
AcDbLine
 10
275327922.87
 20
188993876.64
 30
0.0
 11
275328022.87
 21
188993876.64
 31
0.0
  0
LINE
  5
2FE
330
2
100
AcDbEntity
  8
WALL
100
AcDbLine
 10
275328022.87
 20
188993876.64
 30
0.0
 11
275328022.87
 21
188994076.64
 31
0.0
  0
LINE
  5
2FF
330
2
100
AcDbEntity
  8
WALL
100
AcDbLine
 10
275328022.87
 20
188994076.64
 30
0.0
 11
275327922.87
 21
188994076.64
 31
0.0
  0
LINE
  5
300
330
2
100
AcDbEntity
  8
WALL
100
AcDbLine
 10
275329322.87
 20
188994076.64
 30
0.0
 11
275328822.87
 21
188994076.64
 31
0.0
  0
LINE
  5
301
330
2
100
AcDbEntity
  8
WALL
100
AcDbLine
 10
275328822.87
 20
188994076.64
 30
0.0
 11
275328822.87
 21
188993876.64
 31
0.0
  0
LINE
  5
302
330
2
100
AcDbEntity
  8
WALL
100
AcDbLine
 10
275328822.87
 20
188993876.64
 30
0.0
 11
275329422.87
 21
188993876.64
 31
0.0
  0
LINE
  5
303
330
2
100
AcDbEntity
  8
WALL
100
AcDbLine
 10
275330922.87
 20
188991876.64
 30
0.0
 11
275331018.25
 21
188991876.64
 31
0.0
  0
LINE
  5
304
330
2
100
AcDbEntity
  8
WALL
100
AcDbLine
 10
275331018.25
 20
188991876.64
 30
0.0
 11
275331018.25
 21
188992076.64
 31
0.0
  0
LINE
  5
305
330
2
100
AcDbEntity
  8
WALL
100
AcDbLine
 10
275331018.25
 20
188992076.64
 30
0.0
 11
275330922.87
 21
188992076.64
 31
0.0
  0
LINE
  5
306
330
2
100
AcDbEntity
  8
WALL
100
AcDbLine
 10
275332222.87
 20
188992076.64
 30
0.0
 11
275332018.25
 21
188992076.64
 31
0.0
  0
LINE
  5
307
330
2
100
AcDbEntity
  8
WALL
100
AcDbLine
 10
275332018.25
 20
188992076.64
 30
0.0
 11
275332018.25
 21
188991876.64
 31
0.0
  0
LINE
  5
308
330
2
100
AcDbEntity
  8
WALL
100
AcDbLine
 10
275332018.25
 20
188991876.64
 30
0.0
 11
275332222.87
 21
188991876.64
 31
0.0
  0
LINE
  5
309
330
2
100
AcDbEntity
  8
WALL
100
AcDbLine
 10
275330922.87
 20
188994076.64
 30
0.0
 11
275330922.87
 21
188992076.64
 31
0.0
  0
LINE
  5
30A
330
2
100
AcDbEntity
  8
WALL
100
AcDbLine
 10
275330722.87
 20
188993876.64
 30
0.0
 11
275330722.87
 21
188992076.64
 31
0.0
  0
LINE
  5
30B
330
2
100
AcDbEntity
  8
WALL
100
AcDbLine
 10
275327922.87
 20
188992076.64
 30
0.0
 11
275327922.87
 21
188992176.64
 31
0.0
  0
LINE
  5
30C
330
2
100
AcDbEntity
  8
WALL
100
AcDbLine
 10
275327922.87
 20
188992176.64
 30
0.0
 11
275327722.87
 21
188992176.64
 31
0.0
  0
LINE
  5
30D
330
2
100
AcDbEntity
  8
WALL
100
AcDbLine
 10
275327722.87
 20
188992176.64
 30
0.0
 11
275327722.87
 21
188991976.64
 31
0.0
  0
LINE
  5
30E
330
2
100
AcDbEntity
  8
WALL
100
AcDbLine
 10
275327722.87
 20
188993976.64
 30
0.0
 11
275327722.87
 21
188993076.64
 31
0.0
  0
LINE
  5
30F
330
2
100
AcDbEntity
  8
WALL
100
AcDbLine
 10
275327722.87
 20
188993076.64
 30
0.0
 11
275327922.87
 21
188993076.64
 31
0.0
  0
LINE
  5
310
330
2
100
AcDbEntity
  8
WALL
100
AcDbLine
 10
275327922.87
 20
188993076.64
 30
0.0
 11
275327922.87
 21
188993876.64
 31
0.0
  0
LINE
  5
311
330
2
100
AcDbEntity
  8
WALL
100
AcDbLine
 10
275330722.87
 20
188991876.64
 30
0.0
 11
275327922.87
 21
188991876.64
 31
0.0
  0
LINE
  5
312
330
2
100
AcDbEntity
  8
WALL
100
AcDbLine
 10
275330722.87
 20
188992076.64
 30
0.0
 11
275327922.87
 21
188992076.64
 31
0.0
  0
LINE
  5
313
330
2
100
AcDbEntity
  8
WALL
100
AcDbLine
 10
275330922.87
 20
188991876.64
 30
0.0
 11
275330922.87
 21
188989376.64
 31
0.0
  0
LINE
  5
314
330
2
100
AcDbEntity
  8
WALL
100
AcDbLine
 10
275330722.87
 20
188991876.64
 30
0.0
 11
275330722.87
 21
188989576.64
 31
0.0
  0
LINE
  5
315
330
2
100
AcDbEntity
  8
WALL
100
AcDbLine
 10
275327922.87
 20
188982576.64
 30
0.0
 11
275327922.87
 21
188983476.64
 31
0.0
  0
LINE
  5
316
330
2
100
AcDbEntity
  8
WALL
100
AcDbLine
 10
275327922.87
 20
188983476.64
 30
0.0
 11
275327722.87
 21
188983476.64
 31
0.0
  0
LINE
  5
317
330
2
100
AcDbEntity
  8
WALL
100
AcDbLine
 10
275327722.87
 20
188983476.64
 30
0.0
 11
275327722.87
 21
188982376.64
 31
0.0
  0
LINE
  5
318
330
2
100
AcDbEntity
  8
WALL
100
AcDbLine
 10
275327722.87
 20
188989476.64
 30
0.0
 11
275327722.87
 21
188989276.64
 31
0.0
  0
LINE
  5
319
330
2
100
AcDbEntity
  8
WALL
100
AcDbLine
 10
275327722.87
 20
188989276.64
 30
0.0
 11
275327922.87
 21
188989276.64
 31
0.0
  0
LINE
  5
31A
330
2
100
AcDbEntity
  8
WALL
100
AcDbLine
 10
275327922.87
 20
188989276.64
 30
0.0
 11
275327922.87
 21
188989376.64
 31
0.0
  0
LINE
  5
31B
330
2
100
AcDbEntity
  8
WALL
100
AcDbLine
 10
275327922.87
 20
188984676.64
 30
0.0
 11
275327922.87
 21
188985676.64
 31
0.0
  0
LINE
  5
31C
330
2
100
AcDbEntity
  8
WALL
100
AcDbLine
 10
275327922.87
 20
188985676.64
 30
0.0
 11
275327722.87
 21
188985676.64
 31
0.0
  0
LINE
  5
31D
330
2
100
AcDbEntity
  8
WALL
100
AcDbLine
 10
275327722.87
 20
188985676.64
 30
0.0
 11
275327722.87
 21
188984676.64
 31
0.0
  0
LINE
  5
31E
330
2
100
AcDbEntity
  8
WALL
100
AcDbLine
 10
275327722.87
 20
188984676.64
 30
0.0
 11
275327922.87
 21
188984676.64
 31
0.0
  0
LINE
  5
31F
330
2
100
AcDbEntity
  8
WALL
100
AcDbLine
 10
275327922.87
 20
188986876.64
 30
0.0
 11
275327922.87
 21
188988076.64
 31
0.0
  0
LINE
  5
320
330
2
100
AcDbEntity
  8
WALL
100
AcDbLine
 10
275327922.87
 20
188988076.64
 30
0.0
 11
275327722.87
 21
188988076.64
 31
0.0
  0
LINE
  5
321
330
2
100
AcDbEntity
  8
WALL
100
AcDbLine
 10
275327722.87
 20
188988076.64
 30
0.0
 11
275327722.87
 21
188986876.64
 31
0.0
  0
LINE
  5
322
330
2
100
AcDbEntity
  8
WALL
100
AcDbLine
 10
275327722.87
 20
188986876.64
 30
0.0
 11
275327922.87
 21
188986876.64
 31
0.0
  0
LINE
  5
323
330
2
100
AcDbEntity
  8
WALL
100
AcDbLine
 10
275330722.87
 20
188989576.64
 30
0.0
 11
275330222.87
 21
188989576.64
 31
0.0
  0
LINE
  5
324
330
2
100
AcDbEntity
  8
WALL
100
AcDbLine
 10
275330222.87
 20
188989576.64
 30
0.0
 11
275330222.87
 21
188989376.64
 31
0.0
  0
LINE
  5
325
330
2
100
AcDbEntity
  8
WALL
100
AcDbLine
 10
275330222.87
 20
188989376.64
 30
0.0
 11
275330922.87
 21
188989376.64
 31
0.0
  0
LINE
  5
326
330
2
100
AcDbEntity
  8
WALL
100
AcDbLine
 10
275327922.87
 20
188989376.64
 30
0.0
 11
275328422.87
 21
188989376.64
 31
0.0
  0
LINE
  5
327
330
2
100
AcDbEntity
  8
WALL
100
AcDbLine
 10
275328422.87
 20
188989376.64
 30
0.0
 11
275328422.87
 21
188989576.64
 31
0.0
  0
LINE
  5
328
330
2
100
AcDbEntity
  8
WALL
100
AcDbLine
 10
275328422.87
 20
188989576.64
 30
0.0
 11
275327922.87
 21
188989576.64
 31
0.0
  0
LINE
  5
329
330
2
100
AcDbEntity
  8
WALL
100
AcDbLine
 10
275329322.87
 20
188994076.64
 30
0.0
 11
275329322.87
 21
188996876.64
 31
0.0
  0
LINE
  5
32A
330
2
100
AcDbEntity
  8
WALL
100
AcDbLine
 10
275329522.87
 20
188994076.64
 30
0.0
 11
275329522.87
 21
188996876.64
 31
0.0
  0
LINE
  5
32B
330
2
100
AcDbEntity
  8
WALL
100
AcDbLine
 10
275329422.87
 20
188993876.64
 30
0.0
 11
275329822.87
 21
188993876.64
 31
0.0
  0
LINE
  5
32C
330
2
100
AcDbEntity
  8
WALL
100
AcDbLine
 10
275329822.87
 20
188993876.64
 30
0.0
 11
275329822.87
 21
188994076.64
 31
0.0
  0
LINE
  5
32D
330
2
100
AcDbEntity
  8
WALL
100
AcDbLine
 10
275329822.87
 20
188994076.64
 30
0.0
 11
275329522.87
 21
188994076.64
 31
0.0
  0
LINE
  5
32E
330
2
100
AcDbEntity
  8
WALL
100
AcDbLine
 10
275330922.87
 20
188994076.64
 30
0.0
 11
275330622.87
 21
188994076.64
 31
0.0
  0
LINE
  5
32F
330
2
100
AcDbEntity
  8
WALL
100
AcDbLine
 10
275330622.87
 20
188994076.64
 30
0.0
 11
275330622.87
 21
188993876.64
 31
0.0
  0
LINE
  5
330
330
2
100
AcDbEntity
  8
WALL
100
AcDbLine
 10
275330622.87
 20
188993876.64
 30
0.0
 11
275330722.87
 21
188993876.64
 31
0.0
  0
LINE
  5
331
330
2
100
AcDbEntity
  8
WALL
100
AcDbLine
 10
275329422.87
 20
188997076.64
 30
0.0
 11
275332422.87
 21
188997076.64
 31
0.0
  0
LINE
  5
332
330
2
100
AcDbEntity
  8
WALL
100
AcDbLine
 10
275329522.87
 20
188996876.64
 30
0.0
 11
275332222.87
 21
188996876.64
 31
0.0
  0
LINE
  5
333
330
2
100
AcDbEntity
  8
WALL
100
AcDbLine
 10
275327922.87
 20
188989576.64
 30
0.0
 11
275327922.87
 21
188990276.64
 31
0.0
  0
LINE
  5
334
330
2
100
AcDbEntity
  8
WALL
100
AcDbLine
 10
275327922.87
 20
188990276.64
 30
0.0
 11
275327722.87
 21
188990276.64
 31
0.0
  0
LINE
  5
335
330
2
100
AcDbEntity
  8
WALL
100
AcDbLine
 10
275327722.87
 20
188990276.64
 30
0.0
 11
275327722.87
 21
188989476.64
 31
0.0
  0
LINE
  5
336
330
2
100
AcDbEntity
  8
WALL
100
AcDbLine
 10
275327722.87
 20
188991976.64
 30
0.0
 11
275327722.87
 21
188991176.64
 31
0.0
  0
LINE
  5
337
330
2
100
AcDbEntity
  8
WALL
100
AcDbLine
 10
275327722.87
 20
188991176.64
 30
0.0
 11
275327922.87
 21
188991176.64
 31
0.0
  0
LINE
  5
338
330
2
100
AcDbEntity
  8
WALL
100
AcDbLine
 10
275327922.87
 20
188991176.64
 30
0.0
 11
275327922.87
 21
188991876.64
 31
0.0
  0
LINE
  5
339
330
2
100
AcDbEntity
  8
WALL
100
AcDbLine
 10
275332222.87
 20
188991876.64
 30
0.0
 11
275332222.87
 21
188991176.64
 31
0.0
  0
LINE
  5
33A
330
2
100
AcDbEntity
  8
WALL
100
AcDbLine
 10
275332222.87
 20
188991176.64
 30
0.0
 11
275332422.87
 21
188991176.64
 31
0.0
  0
LINE
  5
33B
330
2
100
AcDbEntity
  8
WALL
100
AcDbLine
 10
275332422.87
 20
188991176.64
 30
0.0
 11
275332422.87
 21
188991976.64
 31
0.0
  0
LINE
  5
33C
330
2
100
AcDbEntity
  8
WALL
100
AcDbLine
 10
275332422.87
 20
188986076.64
 30
0.0
 11
275332422.87
 21
188986576.64
 31
0.0
  0
LINE
  5
33D
330
2
100
AcDbEntity
  8
WALL
100
AcDbLine
 10
275332422.87
 20
188986576.64
 30
0.0
 11
275332222.87
 21
188986576.64
 31
0.0
  0
LINE
  5
33E
330
2
100
AcDbEntity
  8
WALL
100
AcDbLine
 10
275332222.87
 20
188986576.64
 30
0.0
 11
275332222.87
 21
188985876.64
 31
0.0
  0
LINE
  5
33F
330
2
100
AcDbEntity
  8
WALL
100
AcDbLine
 10
275332222.87
 20
188989376.64
 30
0.0
 11
275332222.87
 21
188988376.64
 31
0.0
  0
LINE
  5
340
330
2
100
AcDbEntity
  8
WALL
100
AcDbLine
 10
275332222.87
 20
188988376.64
 30
0.0
 11
275332422.87
 21
188988376.64
 31
0.0
  0
LINE
  5
341
330
2
100
AcDbEntity
  8
WALL
100
AcDbLine
 10
275332422.87
 20
188988376.64
 30
0.0
 11
275332422.87
 21
188989376.64
 31
0.0
  0
LINE
  5
342
330
2
100
AcDbEntity
  8
WALL
100
AcDbLine
 10
275332422.87
 20
188989376.64
 30
0.0
 11
275332222.87
 21
188989376.64
 31
0.0
  0
LINE
  5
343
330
2
100
AcDbEntity
  8
WALL
100
AcDbLine
 10
275342922.87
 20
188987376.64
 30
0.0
 11
275343322.87
 21
188987376.64
 31
0.0
  0
LINE
  5
344
330
2
100
AcDbEntity
  8
WALL
100
AcDbLine
 10
275343322.87
 20
188987376.64
 30
0.0
 11
275343322.87
 21
188987576.64
 31
0.0
  0
LINE
  5
345
330
2
100
AcDbEntity
  8
WALL
100
AcDbLine
 10
275343322.87
 20
188987576.64
 30
0.0
 11
275342822.87
 21
188987576.64
 31
0.0
  0
LINE
  5
346
330
2
100
AcDbEntity
  8
WALL
100
AcDbLine
 10
275344722.87
 20
188987576.64
 30
0.0
 11
275344222.87
 21
188987576.64
 31
0.0
  0
LINE
  5
347
330
2
100
AcDbEntity
  8
WALL
100
AcDbLine
 10
275344222.87
 20
188987576.64
 30
0.0
 11
275344222.87
 21
188987376.64
 31
0.0
  0
LINE
  5
348
330
2
100
AcDbEntity
  8
WALL
100
AcDbLine
 10
275344222.87
 20
188987376.64
 30
0.0
 11
275344622.87
 21
188987376.64
 31
0.0
  0
LINE
  5
349
330
2
100
AcDbEntity
  8
WALL
100
AcDbLine
 10
275342822.87
 20
188983876.64
 30
0.0
 11
275343022.87
 21
188983876.64
 31
0.0
  0
LINE
  5
34A
330
2
100
AcDbEntity
  8
WALL
100
AcDbLine
 10
275343022.87
 20
188983876.64
 30
0.0
 11
275343022.87
 21
188984076.64
 31
0.0
  0
LINE
  5
34B
330
2
100
AcDbEntity
  8
WALL
100
AcDbLine
 10
275343022.87
 20
188984076.64
 30
0.0
 11
275342922.87
 21
188984076.64
 31
0.0
  0
LINE
  5
34C
330
2
100
AcDbEntity
  8
WALL
100
AcDbLine
 10
275344622.87
 20
188984076.64
 30
0.0
 11
275343822.87
 21
188984076.64
 31
0.0
  0
LINE
  5
34D
330
2
100
AcDbEntity
  8
WALL
100
AcDbLine
 10
275343822.87
 20
188984076.64
 30
0.0
 11
275343822.87
 21
188983876.64
 31
0.0
  0
LINE
  5
34E
330
2
100
AcDbEntity
  8
WALL
100
AcDbLine
 10
275343822.87
 20
188983876.64
 30
0.0
 11
275344722.87
 21
188983876.64
 31
0.0
  0
LINE
  5
34F
330
2
100
AcDbEntity
  8
WALL
100
AcDbLine
 10
275344822.87
 20
188987376.64
 30
0.0
 11
275345572.87
 21
188987376.64
 31
0.0
  0
LINE
  5
350
330
2
100
AcDbEntity
  8
WALL
100
AcDbLine
 10
275345572.87
 20
188987376.64
 30
0.0
 11
275345572.87
 21
188987576.64
 31
0.0
  0
LINE
  5
351
330
2
100
AcDbEntity
  8
WALL
100
AcDbLine
 10
275345572.87
 20
188987576.64
 30
0.0
 11
275344722.87
 21
188987576.64
 31
0.0
  0
LINE
  5
352
330
2
100
AcDbEntity
  8
WALL
100
AcDbLine
 10
275348422.87
 20
188987576.64
 30
0.0
 11
275347372.87
 21
188987576.64
 31
0.0
  0
LINE
  5
353
330
2
100
AcDbEntity
  8
WALL
100
AcDbLine
 10
275347372.87
 20
188987576.64
 30
0.0
 11
275347372.87
 21
188987376.64
 31
0.0
  0
LINE
  5
354
330
2
100
AcDbEntity
  8
WALL
100
AcDbLine
 10
275347372.87
 20
188987376.64
 30
0.0
 11
275348222.87
 21
188987376.64
 31
0.0
  0
LINE
  5
355
330
2
100
AcDbEntity
  8
WALL
100
AcDbLine
 10
275344822.87
 20
188984076.64
 30
0.0
 11
275345422.87
 21
188984076.64
 31
0.0
  0
LINE
  5
356
330
2
100
AcDbEntity
  8
WALL
100
AcDbLine
 10
275344722.87
 20
188983876.64
 30
0.0
 11
275345222.87
 21
188983876.64
 31
0.0
  0
LINE
  5
357
330
2
100
AcDbEntity
  8
WALL
100
AcDbLine
 10
275332422.87
 20
188983976.64
 30
0.0
 11
275332422.87
 21
188982576.64
 31
0.0
  0
LINE
  5
358
330
2
100
AcDbEntity
  8
WALL
100
AcDbLine
 10
275332222.87
 20
188983976.64
 30
0.0
 11
275332222.87
 21
188982576.64
 31
0.0
  0
LINE
  5
359
330
2
100
AcDbEntity
  8
WALL
100
AcDbLine
 10
275332422.87
 20
188983976.64
 30
0.0
 11
275332222.87
 21
188983976.64
 31
0.0
  0
LINE
  5
35A
330
2
100
AcDbEntity
  8
WALL
100
AcDbLine
 10
275332322.87
 20
188982376.64
 30
0.0
 11
275327722.87
 21
188982376.64
 31
0.0
  0
LINE
  5
35B
330
2
100
AcDbEntity
  8
WALL
100
AcDbLine
 10
275332222.87
 20
188982576.64
 30
0.0
 11
275327922.87
 21
188982576.64
 31
0.0
  0
LINE
  5
35C
330
2
100
AcDbEntity
  8
WALL
100
AcDbLine
 10
275336822.87
 20
188983876.64
 30
0.0
 11
275338122.87
 21
188983876.64
 31
0.0
  0
LINE
  5
35D
330
2
100
AcDbEntity
  8
WALL
100
AcDbLine
 10
275338122.87
 20
188983876.64
 30
0.0
 11
275338122.87
 21
188984076.64
 31
0.0
  0
LINE
  5
35E
330
2
100
AcDbEntity
  8
WALL
100
AcDbLine
 10
275338122.87
 20
188984076.64
 30
0.0
 11
275336922.87
 21
188984076.64
 31
0.0
  0
LINE
  5
35F
330
2
100
AcDbEntity
  8
WALL
100
AcDbLine
 10
275339722.87
 20
188984076.64
 30
0.0
 11
275339122.87
 21
188984076.64
 31
0.0
  0
LINE
  5
360
330
2
100
AcDbEntity
  8
WALL
100
AcDbLine
 10
275339122.87
 20
188984076.64
 30
0.0
 11
275339122.87
 21
188983876.64
 31
0.0
  0
LINE
  5
361
330
2
100
AcDbEntity
  8
WALL
100
AcDbLine
 10
275339122.87
 20
188983876.64
 30
0.0
 11
275339822.87
 21
188983876.64
 31
0.0
  0
LINE
  5
362
330
2
100
AcDbEntity
  8
WALL
100
AcDbLine
 10
275333822.87
 20
188986076.64
 30
0.0
 11
275336722.87
 21
188986076.64
 31
0.0
  0
LINE
  5
363
330
2
100
AcDbEntity
  8
WALL
100
AcDbLine
 10
275333922.87
 20
188985876.64
 30
0.0
 11
275336722.87
 21
188985876.64
 31
0.0
  0
LINE
  5
364
330
2
100
AcDbEntity
  8
WALL
100
AcDbLine
 10
275333722.87
 20
188983876.64
 30
0.0
 11
275334104.81
 21
188983876.64
 31
0.0
  0
LINE
  5
365
330
2
100
AcDbEntity
  8
WALL
100
AcDbLine
 10
275334104.81
 20
188983876.64
 30
0.0
 11
275334104.81
 21
188984076.64
 31
0.0
  0
LINE
  5
366
330
2
100
AcDbEntity
  8
WALL
100
AcDbLine
 10
275334104.81
 20
188984076.64
 30
0.0
 11
275333922.87
 21
188984076.64
 31
0.0
  0
LINE
  5
367
330
2
100
AcDbEntity
  8
WALL
100
AcDbLine
 10
275336722.87
 20
188984076.64
 30
0.0
 11
275334904.81
 21
188984076.64
 31
0.0
  0
LINE
  5
368
330
2
100
AcDbEntity
  8
WALL
100
AcDbLine
 10
275334904.81
 20
188984076.64
 30
0.0
 11
275334904.81
 21
188983876.64
 31
0.0
  0
LINE
  5
369
330
2
100
AcDbEntity
  8
WALL
100
AcDbLine
 10
275334904.81
 20
188983876.64
 30
0.0
 11
275336822.87
 21
188983876.64
 31
0.0
  0
LINE
  5
36A
330
2
100
AcDbEntity
  8
WALL
100
AcDbLine
 10
275333922.87
 20
188985876.64
 30
0.0
 11
275333922.87
 21
188984076.64
 31
0.0
  0
LINE
  5
36B
330
2
100
AcDbEntity
  8
WALL
100
AcDbLine
 10
275333722.87
 20
188985876.64
 30
0.0
 11
275333722.87
 21
188983876.64
 31
0.0
  0
LINE
  5
36C
330
2
100
AcDbEntity
  8
WALL
100
AcDbLine
 10
275336922.87
 20
188985976.64
 30
0.0
 11
275336922.87
 21
188984076.64
 31
0.0
  0
LINE
  5
36D
330
2
100
AcDbEntity
  8
WALL
100
AcDbLine
 10
275336722.87
 20
188985876.64
 30
0.0
 11
275336722.87
 21
188984076.64
 31
0.0
  0
INSERT
  5
36E
330
2
100
AcDbEntity
  8
WINDOW
100
AcDbBlockReference
 66
     1
  2
$DorLib2D$00000001
 10
275331518.25
 20
188991976.64
 30
0.0
 41
-1000.0
 42
1000.0
 43
-1000.0
1001
WTHICK
1040
200.0
  0
ATTRIB
  5
36F
330
36E
100
AcDbEntity
  8
WINDOW_TEXT
100
AcDbText
 10
275331323.25
 20
188991452.89
 30
0.0
 40
297.5
  1

 41
0.71
  7
_TCH_WINDOW
100
AcDbAttribute
280
     0
  2
A
 70
     0
280
     0
  0
SEQEND
  5
370
330
36E
100
AcDbEntity
  8
WINDOW
  0
INSERT
  5
371
330
2
100
AcDbEntity
  8
WINDOW
100
AcDbBlockReference
 66
     1
  2
$DorLib2D$00000001
 10
275341022.87
 20
188983976.64
 30
0.0
 41
-1000.0
 42
1000.0
 43
-1000.0
1001
WTHICK
1040
200.0
  0
ATTRIB
  5
372
330
371
100
AcDbEntity
  8
WINDOW_TEXT
100
AcDbText
 10
275340827.87
 20
188983652.89
 30
0.0
 40
297.5
  1

 41
0.71
  7
_TCH_WINDOW
100
AcDbAttribute
280
     0
  2
A
 70
     0
280
     0
  0
SEQEND
  5
373
330
371
100
AcDbEntity
  8
WINDOW
  0
INSERT
  5
374
330
2
100
AcDbEntity
  8
WINDOW
100
AcDbBlockReference
 66
     1
  2
$DorLib2D$00000001
 10
275345322.87
 20
188983176.64
 30
0.0
 41
1000.0
 42
1000.0
 43
1000.0
 50
270.0
1001
WTHICK
1040
200.0
  0
ATTRIB
  5
375
330
374
100
AcDbEntity
  8
WINDOW_TEXT
100
AcDbText
 10
275344996.62
 20
188982981.64
 30
0.0
 40
297.5
  1

 50
90.0
 41
0.71
  7
_TCH_WINDOW
100
AcDbAttribute
280
     0
  2
A
 70
     0
280
     0
  0
SEQEND
  5
376
330
374
100
AcDbEntity
  8
WINDOW
  0
INSERT
  5
377
330
2
100
AcDbEntity
  8
WINDOW
100
AcDbBlockReference
 66
     1
  2
$DorLib2D$00000001
 10
275330222.87
 20
188993976.64
 30
0.0
 41
800.0
 42
-800.0
 43
800.0
1001
WTHICK
1040
200.0
  0
ATTRIB
  5
378
330
377
100
AcDbEntity
  8
WINDOW_TEXT
100
AcDbText
 10
275330027.87
 20
188994102.89
 30
0.0
 40
297.5
  1

 41
0.71
  7
_TCH_WINDOW
100
AcDbAttribute
280
     0
  2
A
 70
     0
280
     0
  0
SEQEND
  5
379
330
377
100
AcDbEntity
  8
WINDOW
  0
INSERT
  5
37A
330
2
100
AcDbEntity
  8
WINDOW
100
AcDbBlockReference
 66
     1
  2
$DorLib2D$00000001
 10
275328422.87
 20
188993976.64
 30
0.0
 41
-800.0
 42
-800.0
 43
-800.0
1001
WTHICK
1040
200.0
  0
ATTRIB
  5
37B
330
37A
100
AcDbEntity
  8
WINDOW_TEXT
100
AcDbText
 10
275328227.87
 20
188994302.89
 30
0.0
 40
297.5
  1

 41
0.71
  7
_TCH_WINDOW
100
AcDbAttribute
280
     0
  2
A
 70
     0
280
     0
  0
SEQEND
  5
37C
330
37A
100
AcDbEntity
  8
WINDOW
  0
INSERT
  5
37D
330
2
100
AcDbEntity
  8
WINDOW
100
AcDbBlockReference
 66
     1
  2
$DorLib2D$00000001
 10
275334504.81
 20
188983976.64
 30
0.0
 41
-800.0
 42
800.0
 43
-800.0
1001
WTHICK
1040
200.0
  0
ATTRIB
  5
37E
330
37D
100
AcDbEntity
  8
WINDOW_TEXT
100
AcDbText
 10
275334309.81
 20
188983452.89
 30
0.0
 40
297.5
  1

 41
0.71
  7
_TCH_WINDOW
100
AcDbAttribute
280
     0
  2
A
 70
     0
280
     0
  0
SEQEND
  5
37F
330
37D
100
AcDbEntity
  8
WINDOW
  0
INSERT
  5
380
330
2
100
AcDbEntity
  8
WINDOW
100
AcDbBlockReference
 66
     1
  2
$DorLib2D$00000001
 10
275343422.87
 20
188983976.64
 30
0.0
 41
-800.0
 42
800.0
 43
-800.0
1001
WTHICK
1040
200.0
  0
ATTRIB
  5
381
330
380
100
AcDbEntity
  8
WINDOW_TEXT
100
AcDbText
 10
275343227.87
 20
188983552.89
 30
0.0
 40
297.5
  1

 41
0.71
  7
_TCH_WINDOW
100
AcDbAttribute
280
     0
  2
A
 70
     0
280
     0
  0
SEQEND
  5
382
330
380
100
AcDbEntity
  8
WINDOW
  0
INSERT
  5
383
330
2
100
AcDbEntity
  8
WINDOW
100
AcDbBlockReference
 66
     1
  2
$DorLib2D$00000131
 10
275329322.87
 20
188989476.64
 30
0.0
 41
-1800.0
 42
-200.0
 43
-1800.0
 50
180.0
1001
WTHICK
1040
200.0
  0
ATTRIB
  5
384
330
383
100
AcDbEntity
  8
WINDOW_TEXT
100
AcDbText
 10
275329127.87
 20
188988952.89
 30
0.0
 40
297.5
  1

 41
0.71
  7
_TCH_WINDOW
100
AcDbAttribute
280
     0
  2
A
 70
     0
280
     0
  0
SEQEND
  5
385
330
383
100
AcDbEntity
  8
WINDOW
  0
INSERT
  5
386
330
2
100
AcDbEntity
  8
WINDOW
100
AcDbBlockReference
 66
     1
  2
$DorLib2D$00000002
 10
275332322.87
 20
188987476.64
 30
0.0
 41
-1800.0
 42
1800.0
 43
-1800.0
 50
270.0
1001
WTHICK
1040
200.0
  0
ATTRIB
  5
387
330
386
100
AcDbEntity
  8
WINDOW_TEXT
100
AcDbText
 10
275332096.62
 20
188987281.64
 30
0.0
 40
297.5
  1

 50
90.0
 41
0.71
  7
_TCH_WINDOW
100
AcDbAttribute
280
     0
  2
A
 70
     0
280
     0
  0
SEQEND
  5
388
330
386
100
AcDbEntity
  8
WINDOW
  0
INSERT
  5
389
330
2
100
AcDbEntity
  8
WINDOW
100
AcDbBlockReference
 66
     1
  2
$TCHSYS$WIN2D
 10
275332322.87
 20
188993076.64
 30
0.0
 41
-1800.0
 42
-200.0
 43
-1800.0
 50
270.0
1001
WTHICK
1040
200.0
  0
ATTRIB
  5
38A
330
389
100
AcDbEntity
  8
WINDOW_TEXT
100
AcDbText
 10
275332913.29
 20
188992881.64
 30
0.0
 40
297.5
  1

 50
90.0
 41
0.71
  7
_TCH_WINDOW
100
AcDbAttribute
280
     0
  2
A
 70
     0
280
     0
  0
SEQEND
  5
38B
330
389
100
AcDbEntity
  8
WINDOW
  0
INSERT
  5
38C
330
2
100
AcDbEntity
  8
WINDOW
100
AcDbBlockReference
 66
     1
  2
$TCHSYS$WIN2D
 10
275332322.87
 20
188995876.64
 30
0.0
 41
-1800.0
 42
-200.0
 43
-1800.0
 50
270.0
1001
WTHICK
1040
200.0
  0
ATTRIB
  5
38D
330
38C
100
AcDbEntity
  8
WINDOW_TEXT
100
AcDbText
 10
275332913.29
 20
188995681.64
 30
0.0
 40
297.5
  1

 50
90.0
 41
0.71
  7
_TCH_WINDOW
100
AcDbAttribute
280
     0
  2
A
 70
     0
280
     0
  0
SEQEND
  5
38E
330
38C
100
AcDbEntity
  8
WINDOW
  0
INSERT
  5
38F
330
2
100
AcDbEntity
  8
WINDOW
100
AcDbBlockReference
 66
     1
  2
$TCHSYS$WIN2D
 10
275338322.87
 20
188987476.64
 30
0.0
 41
-1800.0
 42
-200.0
 43
-1800.0
1001
WTHICK
1040
200.0
  0
ATTRIB
  5
390
330
38F
100
AcDbEntity
  8
WINDOW_TEXT
100
AcDbText
 10
275338127.87
 20
188987702.89
 30
0.0
 40
297.5
  1

 41
0.71
  7
_TCH_WINDOW
100
AcDbAttribute
280
     0
  2
A
 70
     0
280
     0
  0
SEQEND
  5
391
330
38F
100
AcDbEntity
  8
WINDOW
  0
INSERT
  5
392
330
2
100
AcDbEntity
  8
WINDOW
100
AcDbBlockReference
 66
     1
  2
$TCHSYS$WIN2D
 10
275341322.87
 20
188987476.64
 30
0.0
 41
-1800.0
 42
-200.0
 43
-1800.0
1001
WTHICK
1040
200.0
  0
ATTRIB
  5
393
330
392
100
AcDbEntity
  8
WINDOW_TEXT
100
AcDbText
 10
275341127.87
 20
188987702.89
 30
0.0
 40
297.5
  1

 41
0.71
  7
_TCH_WINDOW
100
AcDbAttribute
280
     0
  2
A
 70
     0
280
     0
  0
SEQEND
  5
394
330
392
100
AcDbEntity
  8
WINDOW
  0
INSERT
  5
395
330
2
100
AcDbEntity
  8
WINDOW
100
AcDbBlockReference
 66
     1
  2
$TCHSYS$WIN2D
 10
275346472.87
 20
188987476.64
 30
0.0
 41
-1800.0
 42
-200.0
 43
-1800.0
1001
WTHICK
1040
200.0
  0
ATTRIB
  5
396
330
395
100
AcDbEntity
  8
WINDOW_TEXT
100
AcDbText
 10
275346277.87
 20
188987702.89
 30
0.0
 40
297.5
  1

 41
0.71
  7
_TCH_WINDOW
100
AcDbAttribute
280
     0
  2
A
 70
     0
280
     0
  0
SEQEND
  5
397
330
395
100
AcDbEntity
  8
WINDOW
  0
INSERT
  5
398
330
2
100
AcDbEntity
  8
WINDOW
100
AcDbBlockReference
 66
     1
  2
$TCHSYS$WIN2D
 10
275343772.87
 20
188987476.64
 30
0.0
 41
-900.0
 42
200.0
 43
-900.0
1001
WTHICK
1040
200.0
  0
ATTRIB
  5
399
330
398
100
AcDbEntity
  8
WINDOW_TEXT
100
AcDbText
 10
275343577.87
 20
188986952.89
 30
0.0
 40
297.5
  1

 41
0.71
  7
_TCH_WINDOW
100
AcDbAttribute
280
     0
  2
A
 70
     0
280
     0
  0
SEQEND
  5
39A
330
398
100
AcDbEntity
  8
WINDOW
  0
INSERT
  5
39B
330
2
100
AcDbEntity
  8
WINDOW
100
AcDbBlockReference
 66
     1
  2
$DorLib2D$00000001
 10
275338622.87
 20
188983976.64
 30
0.0
 41
1000.0
 42
1000.0
 43
1000.0
1001
WTHICK
1040
200.0
  0
ATTRIB
  5
39C
330
39B
100
AcDbEntity
  8
WINDOW_TEXT
100
AcDbText
 10
275338427.87
 20
188983652.89
 30
0.0
 40
297.5
  1

 41
0.71
  7
_TCH_WINDOW
100
AcDbAttribute
280
     0
  2
A
 70
     0
280
     0
  0
SEQEND
  5
39D
330
39B
100
AcDbEntity
  8
WINDOW
  0
INSERT
  5
39E
330
2
100
AcDbEntity
  8
WINDOW
100
AcDbBlockReference
 66
     1
  2
$TCHSYS$WIN2D
 10
275327822.87
 20
188984076.64
 30
0.0
 41
-1200.0
 42
-200.0
 43
-1200.0
 50
90.0
1001
WTHICK
1040
200.0
  0
ATTRIB
  5
39F
330
39E
100
AcDbEntity
  8
WINDOW_TEXT
100
AcDbText
 10
275327596.62
 20
188983881.64
 30
0.0
 40
297.5
  1

 50
90.0
 41
0.71
  7
_TCH_WINDOW
100
AcDbAttribute
280
     0
  2
A
 70
     0
280
     0
  0
SEQEND
  5
3A0
330
39E
100
AcDbEntity
  8
WINDOW
  0
INSERT
  5
3A1
330
2
100
AcDbEntity
  8
WINDOW
100
AcDbBlockReference
 66
     1
  2
$TCHSYS$WIN2D
 10
275327822.87
 20
188986276.64
 30
0.0
 41
-1200.0
 42
-200.0
 43
-1200.0
 50
90.0
1001
WTHICK
1040
200.0
  0
ATTRIB
  5
3A2
330
3A1
100
AcDbEntity
  8
WINDOW_TEXT
100
AcDbText
 10
275327596.62
 20
188986081.64
 30
0.0
 40
297.5
  1

 50
90.0
 41
0.71
  7
_TCH_WINDOW
100
AcDbAttribute
280
     0
  2
A
 70
     0
280
     0
  0
SEQEND
  5
3A3
330
3A1
100
AcDbEntity
  8
WINDOW
  0
INSERT
  5
3A4
330
2
100
AcDbEntity
  8
WINDOW
100
AcDbBlockReference
 66
     1
  2
$TCHSYS$WIN2D
 10
275327822.87
 20
188988676.64
 30
0.0
 41
-1200.0
 42
-200.0
 43
-1200.0
 50
90.0
1001
WTHICK
1040
200.0
  0
ATTRIB
  5
3A5
330
3A4
100
AcDbEntity
  8
WINDOW_TEXT
100
AcDbText
 10
275327596.62
 20
188988481.64
 30
0.0
 40
297.5
  1

 50
90.0
 41
0.71
  7
_TCH_WINDOW
100
AcDbAttribute
280
     0
  2
A
 70
     0
280
     0
  0
SEQEND
  5
3A6
330
3A4
100
AcDbEntity
  8
WINDOW
  0
INSERT
  5
3A7
330
2
100
AcDbEntity
  8
WINDOW
100
AcDbBlockReference
 66
     1
  2
$TCHSYS$WIN2D
 10
275327822.87
 20
188990726.64
 30
0.0
 41
900.0
 42
-200.0
 43
900.0
 50
90.0
1001
WTHICK
1040
200.0
  0
ATTRIB
  5
3A8
330
3A7
100
AcDbEntity
  8
WINDOW_TEXT
100
AcDbText
 10
275327596.62
 20
188990531.64
 30
0.0
 40
297.5
  1

 50
90.0
 41
0.71
  7
_TCH_WINDOW
100
AcDbAttribute
280
     0
  2
A
 70
     0
280
     0
  0
SEQEND
  5
3A9
330
3A7
100
AcDbEntity
  8
WINDOW
  0
INSERT
  5
3AA
330
2
100
AcDbEntity
  8
WINDOW
100
AcDbBlockReference
 66
     1
  2
$TCHSYS$WIN2D
 10
275327822.87
 20
188992626.64
 30
0.0
 41
900.0
 42
-200.0
 43
900.0
 50
90.0
1001
WTHICK
1040
200.0
  0
ATTRIB
  5
3AB
330
3AA
100
AcDbEntity
  8
WINDOW_TEXT
100
AcDbText
 10
275327596.62
 20
188992431.64
 30
0.0
 40
297.5
  1

 50
90.0
 41
0.71
  7
_TCH_WINDOW
100
AcDbAttribute
280
     0
  2
A
 70
     0
280
     0
  0
SEQEND
  5
3AC
330
3AA
100
AcDbEntity
  8
WINDOW
  0
INSERT
  5
3AD
330
2
100
AcDbEntity
  8
WINDOW
100
AcDbBlockReference
 66
     1
  2
$TCHSYS$WIN2D
 10
275327822.87
 20
188994526.64
 30
0.0
 41
900.0
 42
-200.0
 43
900.0
 50
90.0
1001
WTHICK
1040
200.0
  0
ATTRIB
  5
3AE
330
3AD
100
AcDbEntity
  8
WINDOW_TEXT
100
AcDbText
 10
275327596.62
 20
188994331.64
 30
0.0
 40
297.5
  1

 50
90.0
 41
0.71
  7
_TCH_WINDOW
100
AcDbAttribute
280
     0
  2
A
 70
     0
280
     0
  0
SEQEND
  5
3AF
330
3AD
100
AcDbEntity
  8
WINDOW
  0
INSERT
  5
3B0
330
2
100
AcDbEntity
  8
WINDOW
100
AcDbBlockReference
 66
     1
  2
$TCHSYS$WIN2D
 10
275327822.87
 20
188996426.64
 30
0.0
 41
900.0
 42
-200.0
 43
900.0
 50
90.0
1001
WTHICK
1040
200.0
  0
ATTRIB
  5
3B1
330
3B0
100
AcDbEntity
  8
WINDOW_TEXT
100
AcDbText
 10
275327596.62
 20
188996231.64
 30
0.0
 40
297.5
  1

 50
90.0
 41
0.71
  7
_TCH_WINDOW
100
AcDbAttribute
280
     0
  2
A
 70
     0
280
     0
  0
SEQEND
  5
3B2
330
3B0
100
AcDbEntity
  8
WINDOW
  0
LINE
  5
3B3
330
2
100
AcDbEntity
  8
WALL
100
AcDbLine
 10
275348422.87
 20
188987576.64
 30
0.0
 11
275348422.87
 21
188982376.64
 31
0.0
  0
LINE
  5
3B4
330
2
100
AcDbEntity
  8
WALL
100
AcDbLine
 10
275348222.87
 20
188987376.64
 30
0.0
 11
275348222.87
 21
188982576.64
 31
0.0
  0
LINE
  5
3B5
330
2
100
AcDbEntity
  8
WALL-PARAPET
100
AcDbLine
 10
275332422.87
 20
188997076.64
 30
0.0
 11
275345322.87
 21
188997076.64
 31
0.0
  0
LINE
  5
3B6
330
2
100
AcDbEntity
  8
WALL-PARAPET
100
AcDbLine
 10
275332422.87
 20
188996876.64
 30
0.0
 11
275345222.87
 21
188996876.64
 31
0.0
  0
LINE
  5
3B7
330
2
100
AcDbEntity
  8
WALL-PARAPET
100
AcDbLine
 10
275348422.87
 20
188997076.64
 30
0.0
 11
275348422.87
 21
188994976.64
 31
0.0
  0
LINE
  5
3B8
330
2
100
AcDbEntity
  8
WALL-PARAPET
100
AcDbLine
 10
275348222.87
 20
188996876.64
 30
0.0
 11
275348222.87
 21
188995076.64
 31
0.0
  0
INSERT
  5
3B9
330
2
100
AcDbEntity
  8
WINDOW
100
AcDbBlockReference
 66
     1
  2
$DorLib2D$00000002
 10
275348322.87
 20
188990376.64
 30
0.0
 41
-1800.0
 42
-1800.0
 43
-1800.0
 50
270.0
1001
WTHICK
1040
200.0
  0
ATTRIB
  5
3BA
330
3B9
100
AcDbEntity
  8
WINDOW_TEXT
100
AcDbText
 10
275348746.62
 20
188990181.64
 30
0.0
 40
297.5
  1

 50
90.0
 41
0.71
  7
_TCH_WINDOW
100
AcDbAttribute
280
     0
  2
A
 70
     0
280
     0
  0
SEQEND
  5
3BB
330
3B9
100
AcDbEntity
  8
WINDOW
  0
INSERT
  5
3BC
330
2
100
AcDbEntity
  8
WINDOW
100
AcDbBlockReference
 66
     1
  2
$DorLib2D$00000002
 10
275332322.87
 20
188990276.64
 30
0.0
 41
-1800.0
 42
1800.0
 43
-1800.0
 50
270.0
1001
WTHICK
1040
200.0
  0
ATTRIB
  5
3BD
330
3BC
100
AcDbEntity
  8
WINDOW_TEXT
100
AcDbText
 10
275332096.62
 20
188990081.64
 30
0.0
 40
297.5
  1

 50
90.0
 41
0.71
  7
_TCH_WINDOW
100
AcDbAttribute
280
     0
  2
A
 70
     0
280
     0
  0
SEQEND
  5
3BE
330
3BC
100
AcDbEntity
  8
WINDOW
  0
TEXT
  5
3BF
330
2
100
AcDbEntity
  8
SPACE
100
AcDbText
 10
275337964.74
 20
188988049.33
 30
0.0
 40
482.27
  1
门廊
  7
_TCH_SPACE
100
AcDbText
  0
TEXT
  5
3C0
330
2
100
AcDbEntity
  8
SPACE
100
AcDbText
 10
275334950.26
 20
188993673.37
 30
0.0
 40
482.27
  1
室外就餐区
  7
_TCH_SPACE
100
AcDbText
  0
TEXT
  5
3C1
330
2
100
AcDbEntity
  8
SPACE
100
AcDbText
 10
275329485.11
 20
188985944.27
 30
0.0
 40
482.27
  1
餐客厅
  7
_TCH_SPACE
100
AcDbText
  0
TEXT
  5
3C2
330
2
100
AcDbEntity
  8
SPACE
100
AcDbText
 10
275329358.09
 20
188985432.4
 30
0.0
 40
297.5
  1
29.24m
 41
0.71
  7
_TCH_SPACE
100
AcDbText
  0
TEXT
  5
3C3
330
2
100
AcDbEntity
  8
SPACE
100
AcDbText
 10
275330558.09
 20
188985607.4
 30
0.0
 40
148.75
  1
2
 41
0.71
  7
_TCH_SPACE
100
AcDbText
  0
TEXT
  5
3C4
330
2
100
AcDbEntity
  8
SPACE
100
AcDbText
 10
275334826.37
 20
188984969.86
 30
0.0
 40
482.27
  1
卫生间
  7
_TCH_SPACE
100
AcDbText
  0
TEXT
  5
3C5
330
2
100
AcDbEntity
  8
SPACE
100
AcDbText
 10
275334770.09
 20
188984457.98
 30
0.0
 40
297.5
  1
5.04m
 41
0.71
  7
_TCH_SPACE
100
AcDbText
  0
TEXT
  5
3C6
330
2
100
AcDbEntity
  8
SPACE
100
AcDbText
 10
275335770.09
 20
188984632.98
 30
0.0
 40
148.75
  1
2
 41
0.71
  7
_TCH_SPACE
100
AcDbText
  0
TEXT
  5
3C7
330
2
100
AcDbEntity
  8
SPACE
100
AcDbText
 10
275346315.27
 20
188985768.2
 30
0.0
 40
482.27
  1
卧室
  7
_TCH_SPACE
100
AcDbText
  0
TEXT
  5
3C8
330
2
100
AcDbEntity
  8
SPACE
100
AcDbText
 10
275346011.44
 20
188985256.33
 30
0.0
 40
297.5
  1
15.42m
 41
0.71
  7
_TCH_SPACE
100
AcDbText
  0
TEXT
  5
3C9
330
2
100
AcDbEntity
  8
SPACE
100
AcDbText
 10
275347171.44
 20
188985431.33
 30
0.0
 40
148.75
  1
2
 41
0.71
  7
_TCH_SPACE
100
AcDbText
  0
TEXT
  5
3CA
330
2
100
AcDbEntity
  8
SPACE
100
AcDbText
 10
275343247.83
 20
188985706.11
 30
0.0
 40
482.27
  1
卫生间
  7
_TCH_SPACE
100
AcDbText
  0
TEXT
  5
3CB
330
2
100
AcDbEntity
  8
SPACE
100
AcDbText
 10
275343211.55
 20
188985194.23
 30
0.0
 40
297.5
  1
5.61m
 41
0.71
  7
_TCH_SPACE
100
AcDbText
  0
TEXT
  5
3CC
330
2
100
AcDbEntity
  8
SPACE
100
AcDbText
 10
275344171.55
 20
188985369.23
 30
0.0
 40
148.75
  1
2
 41
0.71
  7
_TCH_SPACE
100
AcDbText
  0
TEXT
  5
3CD
330
2
100
AcDbEntity
  8
SPACE
100
AcDbText
 10
275340831.6
 20
188986202.86
 30
0.0
 40
482.27
  1
卧室
  7
_TCH_SPACE
100
AcDbText
  0
TEXT
  5
3CE
330
2
100
AcDbEntity
  8
SPACE
100
AcDbText
 10
275340607.77
 20
188985690.98
 30
0.0
 40
297.5
  1
9.24m
 41
0.71
  7
_TCH_SPACE
100
AcDbText
  0
TEXT
  5
3CF
330
2
100
AcDbEntity
  8
SPACE
100
AcDbText
 10
275341607.77
 20
188985865.98
 30
0.0
 40
148.75
  1
2
 41
0.71
  7
_TCH_SPACE
100
AcDbText
  0
TEXT
  5
3D0
330
2
100
AcDbEntity
  8
SPACE
100
AcDbText
 10
275337954.1
 20
188986226.93
 30
0.0
 40
482.27
  1
卧室
  7
_TCH_SPACE
100
AcDbText
  0
TEXT
  5
3D1
330
2
100
AcDbEntity
  8
SPACE
100
AcDbText
 10
275337730.27
 20
188985715.06
 30
0.0
 40
297.5
  1
9.24m
 41
0.71
  7
_TCH_SPACE
100
AcDbText
  0
TEXT
  5
3D2
330
2
100
AcDbEntity
  8
SPACE
100
AcDbText
 10
275338730.27
 20
188985890.06
 30
0.0
 40
148.75
  1
2
 41
0.71
  7
_TCH_SPACE
100
AcDbText
  0
TEXT
  5
3D3
330
2
100
AcDbEntity
  8
SPACE
100
AcDbText
 10
275329198.33
 20
188991071.5
 30
0.0
 40
482.27
  1
厨房
  7
_TCH_SPACE
100
AcDbText
  0
TEXT
  5
3D4
330
2
100
AcDbEntity
  8
SPACE
100
AcDbText
 10
275328990.45
 20
188990559.62
 30
0.0
 40
297.5
  1
6.44m
 41
0.71
  7
_TCH_SPACE
100
AcDbText
  0
TEXT
  5
3D5
330
2
100
AcDbEntity
  8
SPACE
100
AcDbText
 10
275329990.45
 20
188990734.62
 30
0.0
 40
148.75
  1
2
 41
0.71
  7
_TCH_SPACE
100
AcDbText
  0
TEXT
  5
3D6
330
2
100
AcDbEntity
  8
SPACE
100
AcDbText
 10
275328758.28
 20
188993140.86
 30
0.0
 40
482.27
  1
衣帽间
  7
_TCH_SPACE
100
AcDbText
  0
TEXT
  5
3D7
330
2
100
AcDbEntity
  8
SPACE
100
AcDbText
 10
275328702.0
 20
188992628.99
 30
0.0
 40
297.5
  1
5.04m
 41
0.71
  7
_TCH_SPACE
100
AcDbText
  0
TEXT
  5
3D8
330
2
100
AcDbEntity
  8
SPACE
100
AcDbText
 10
275329702.0
 20
188992803.99
 30
0.0
 40
148.75
  1
2
 41
0.71
  7
_TCH_SPACE
100
AcDbText
  0
TEXT
  5
3D9
330
2
100
AcDbEntity
  8
SPACE
100
AcDbText
 10
275328223.58
 20
188995955.35
 30
0.0
 40
482.27
  1
卫生间
  7
_TCH_SPACE
100
AcDbText
  0
TEXT
  5
3DA
330
2
100
AcDbEntity
  8
SPACE
100
AcDbText
 10
275328167.31
 20
188995443.47
 30
0.0
 40
297.5
  1
3.92m
 41
0.71
  7
_TCH_SPACE
100
AcDbText
  0
TEXT
  5
3DB
330
2
100
AcDbEntity
  8
SPACE
100
AcDbText
 10
275329167.31
 20
188995618.47
 30
0.0
 40
148.75
  1
2
 41
0.71
  7
_TCH_SPACE
100
AcDbText
  0
TEXT
  5
3DC
330
2
100
AcDbEntity
  8
SPACE
100
AcDbText
 10
275330685.51
 20
188995850.17
 30
0.0
 40
482.27
  1
主卧
  7
_TCH_SPACE
100
AcDbText
  0
TEXT
  5
3DD
330
2
100
AcDbEntity
  8
SPACE
100
AcDbText
 10
275330409.66
 20
188995338.29
 30
0.0
 40
297.5
  1
10.16m
 41
0.71
  7
_TCH_SPACE
100
AcDbText
  0
TEXT
  5
3DE
330
2
100
AcDbEntity
  8
SPACE
100
AcDbText
 10
275331529.66
 20
188995513.29
 30
0.0
 40
148.75
  1
2
 41
0.71
  7
_TCH_SPACE
100
AcDbText
  0
TEXT
  5
3DF
330
2
100
AcDbEntity
  8
SPACE
100
AcDbText
 10
275341203.72
 20
188993955.96
 30
0.0
 40
482.27
  1
泳池
  7
_TCH_SPACE
100
AcDbText
  0
LINE
  5
3E0
330
2
100
AcDbEntity
  8
WALL-PARAPET
100
AcDbLine
 10
275348222.87
 20
188994876.64
 30
0.0
 11
275348222.87
 21
188991276.64
 31
0.0
  0
LINE
  5
3E1
330
2
100
AcDbEntity
  8
WALL-PARAPET
100
AcDbLine
 10
275348222.87
 20
188991276.64
 30
0.0
 11
275348422.87
 21
188991276.64
 31
0.0
  0
LINE
  5
3E2
330
2
100
AcDbEntity
  8
WALL-PARAPET
100
AcDbLine
 10
275348422.87
 20
188991276.64
 30
0.0
 11
275348422.87
 21
188994976.64
 31
0.0
  0
LINE
  5
3E3
330
2
100
AcDbEntity
  8
WALL-PARAPET
100
AcDbLine
 10
275348422.87
 20
188987576.64
 30
0.0
 11
275348422.87
 21
188989476.64
 31
0.0
  0
LINE
  5
3E4
330
2
100
AcDbEntity
  8
WALL-PARAPET
100
AcDbLine
 10
275348422.87
 20
188989476.64
 30
0.0
 11
275348222.87
 21
188989476.64
 31
0.0
  0
LINE
  5
3E5
330
2
100
AcDbEntity
  8
WALL-PARAPET
100
AcDbLine
 10
275348222.87
 20
188989476.64
 30
0.0
 11
275348222.87
 21
188987576.64
 31
0.0
  0
LINE
  5
3E6
330
2
100
AcDbEntity
  8
WALL-PARAPET
100
AcDbLine
 10
275345422.87
 20
188996876.64
 30
0.0
 11
275345422.87
 21
188995076.64
 31
0.0
  0
LINE
  5
3E7
330
2
100
AcDbEntity
  8
WALL-PARAPET
100
AcDbLine
 10
275345222.87
 20
188996876.64
 30
0.0
 11
275345222.87
 21
188994876.64
 31
0.0
  0
LINE
  5
3E8
330
2
100
AcDbEntity
  8
WALL-PARAPET
100
AcDbLine
 10
275345322.87
 20
188997076.64
 30
0.0
 11
275348422.87
 21
188997076.64
 31
0.0
  0
LINE
  5
3E9
330
2
100
AcDbEntity
  8
WALL-PARAPET
100
AcDbLine
 10
275345422.87
 20
188996876.64
 30
0.0
 11
275348222.87
 21
188996876.64
 31
0.0
  0
LINE
  5
3EA
330
2
100
AcDbEntity
  8
WALL-PARAPET
100
AcDbLine
 10
275345222.87
 20
188994876.64
 30
0.0
 11
275347322.87
 21
188994876.64
 31
0.0
  0
LINE
  5
3EB
330
2
100
AcDbEntity
  8
WALL-PARAPET
100
AcDbLine
 10
275347322.87
 20
188994876.64
 30
0.0
 11
275347322.87
 21
188995076.64
 31
0.0
  0
LINE
  5
3EC
330
2
100
AcDbEntity
  8
WALL-PARAPET
100
AcDbLine
 10
275347322.87
 20
188995076.64
 30
0.0
 11
275345422.87
 21
188995076.64
 31
0.0
  0
LINE
  5
3ED
330
2
100
AcDbEntity
  8
WALL-PARAPET
100
AcDbLine
 10
275348222.87
 20
188995076.64
 30
0.0
 11
275348122.87
 21
188995076.64
 31
0.0
  0
LINE
  5
3EE
330
2
100
AcDbEntity
  8
WALL-PARAPET
100
AcDbLine
 10
275348122.87
 20
188995076.64
 30
0.0
 11
275348122.87
 21
188994876.64
 31
0.0
  0
LINE
  5
3EF
330
2
100
AcDbEntity
  8
WALL-PARAPET
100
AcDbLine
 10
275348122.87
 20
188994876.64
 30
0.0
 11
275348222.87
 21
188994876.64
 31
0.0
  0
INSERT
  5
3F0
330
2
100
AcDbEntity
  8
WINDOW
100
AcDbBlockReference
 66
     1
  2
$DorLib2D$00000001
 10
275347722.87
 20
188994976.64
 30
0.0
 41
800.0
 42
800.0
 43
800.0
1001
WTHICK
1040
200.0
  0
ATTRIB
  5
3F1
330
3F0
100
AcDbEntity
  8
WINDOW_TEXT
100
AcDbText
 10
275347527.87
 20
188994652.89
 30
0.0
 40
297.5
  1

 41
0.71
  7
_TCH_WINDOW
100
AcDbAttribute
280
     0
  2
A
 70
     0
280
     0
  0
SEQEND
  5
3F2
330
3F0
100
AcDbEntity
  8
WINDOW
  0
TEXT
  5
3F3
330
2
100
AcDbEntity
  8
SPACE
100
AcDbText
 10
275346419.66
 20
188993241.81
 30
0.0
 40
482.27
  1
绿化
  7
_TCH_SPACE
100
AcDbText
  0
TEXT
  5
3F4
330
2
100
AcDbEntity
  8
SPACE
100
AcDbText
 10
275346226.85
 20
188995852.46
 30
0.0
 40
482.27
  1
淋浴间
  7
_TCH_SPACE
100
AcDbText
  0
TEXT
  5
3F5
330
2
100
AcDbEntity
  8
SPACE
100
AcDbText
 10
275335107.29
 20
188990113.11
 30
0.0
 40
482.27
  1
硬质铺地
  7
_TCH_SPACE
100
AcDbText
  0
TEXT
  5
3F6
330
2
100
AcDbEntity
  8
SPACE
100
AcDbText
 10
275345980.27
 20
188990237.66
 30
0.0
 40
482.27
  1
硬质铺地
  7
_TCH_SPACE
100
AcDbText
  0
TEXT
  5
3F7
330
2
100
AcDbEntity
  8
SPACE
100
AcDbText
 10
275340885.02
 20
188990334.98
 30
0.0
 40
482.27
  1
防滑铺地
  7
_TCH_SPACE
100
AcDbText
  0
LINE
  5
3F8
330
2
100
AcDbEntity
  8
AXIS
100
AcDbLine
 10
275327822.87
 20
188981476.64
 30
0.0
 11
275327822.87
 21
188977476.64
 31
0.0
  0
INSERT
  5
3F9
330
2
100
AcDbEntity
  8
AXIS
100
AcDbBlockReference
 66
     1
  2
_AXISO
 10
275327822.87
 20
188977076.64
 30
0.0
 41
800.0
 42
800.0
 43
800.0
  0
ATTRIB
  5
3FA
330
3F9
100
AcDbEntity
  8
AXIS_TEXT
100
AcDbText
 10
275327656.95
 20
188976851.09
 30
0.0
 40
451.09
  1
1
 41
1.72
  7
_TCH_AXIS
 72
     5
 11
275327988.79
 21
188976851.09
 31
0.0
100
AcDbAttribute
280
     0
  2
A
 70
     0
280
     0
  0
SEQEND
  5
3FB
330
3F9
100
AcDbEntity
  8
AXIS
  0
LINE
  5
3FC
330
2
100
AcDbEntity
  8
AXIS
100
AcDbLine
 10
275327822.87
 20
188997976.64
 30
0.0
 11
275327822.87
 21
189001976.64
 31
0.0
  0
INSERT
  5
3FD
330
2
100
AcDbEntity
  8
AXIS
100
AcDbBlockReference
 66
     1
  2
_AXISO
 10
275327822.87
 20
189002376.64
 30
0.0
 41
800.0
 42
800.0
 43
800.0
  0
ATTRIB
  5
3FE
330
3FD
100
AcDbEntity
  8
AXIS_TEXT
100
AcDbText
 10
275327656.95
 20
189002151.09
 30
0.0
 40
451.09
  1
1
 41
1.72
  7
_TCH_AXIS
 72
     5
 11
275327988.79
 21
189002151.09
 31
0.0
100
AcDbAttribute
280
     0
  2
A
 70
     0
280
     0
  0
SEQEND
  5
3FF
330
3FD
100
AcDbEntity
  8
AXIS
  0
LINE
  5
400
330
2
100
AcDbEntity
  8
AXIS
100
AcDbLine
 10
275332322.87
 20
188981476.64
 30
0.0
 11
275332322.87
 21
188977476.64
 31
0.0
  0
INSERT
  5
401
330
2
100
AcDbEntity
  8
AXIS
100
AcDbBlockReference
 66
     1
  2
_AXISO
 10
275332322.87
 20
188977076.64
 30
0.0
 41
800.0
 42
800.0
 43
800.0
  0
ATTRIB
  5
402
330
401
100
AcDbEntity
  8
AXIS_TEXT
100
AcDbText
 10
275332156.33
 20
188976851.55
 30
0.0
 40
450.18
  1
2
 41
1.11
  7
_TCH_AXIS
 72
     5
 11
275332489.41
 21
188976851.55
 31
0.0
100
AcDbAttribute
280
     0
  2
A
 70
     0
280
     0
  0
SEQEND
  5
403
330
401
100
AcDbEntity
  8
AXIS
  0
LINE
  5
404
330
2
100
AcDbEntity
  8
AXIS
100
AcDbLine
 10
275332322.87
 20
188997976.64
 30
0.0
 11
275332322.87
 21
189001976.64
 31
0.0
  0
INSERT
  5
405
330
2
100
AcDbEntity
  8
AXIS
100
AcDbBlockReference
 66
     1
  2
_AXISO
 10
275332322.87
 20
189002376.64
 30
0.0
 41
800.0
 42
800.0
 43
800.0
  0
ATTRIB
  5
406
330
405
100
AcDbEntity
  8
AXIS_TEXT
100
AcDbText
 10
275332156.33
 20
189002151.55
 30
0.0
 40
450.18
  1
2
 41
1.11
  7
_TCH_AXIS
 72
     5
 11
275332489.41
 21
189002151.55
 31
0.0
100
AcDbAttribute
280
     0
  2
A
 70
     0
280
     0
  0
SEQEND
  5
407
330
405
100
AcDbEntity
  8
AXIS
  0
LINE
  5
408
330
2
100
AcDbEntity
  8
AXIS
100
AcDbLine
 10
275336822.87
 20
188981476.64
 30
0.0
 11
275336822.87
 21
188977476.64
 31
0.0
  0
INSERT
  5
409
330
2
100
AcDbEntity
  8
AXIS
100
AcDbBlockReference
 66
     1
  2
_AXISO
 10
275336822.87
 20
188977076.64
 30
0.0
 41
800.0
 42
800.0
 43
800.0
  0
ATTRIB
  5
40A
330
409
100
AcDbEntity
  8
AXIS_TEXT
100
AcDbText
 10
275336657.57
 20
188976850.64
 30
0.0
 40
452.0
  1
3
 41
1.1
  7
_TCH_AXIS
 72
     5
 11
275336988.17
 21
188976850.64
 31
0.0
100
AcDbAttribute
280
     0
  2
A
 70
     0
280
     0
  0
SEQEND
  5
40B
330
409
100
AcDbEntity
  8
AXIS
  0
LINE
  5
40C
330
2
100
AcDbEntity
  8
AXIS
100
AcDbLine
 10
275336822.87
 20
188997976.64
 30
0.0
 11
275336822.87
 21
189001976.64
 31
0.0
  0
INSERT
  5
40D
330
2
100
AcDbEntity
  8
AXIS
100
AcDbBlockReference
 66
     1
  2
_AXISO
 10
275336822.87
 20
189002376.64
 30
0.0
 41
800.0
 42
800.0
 43
800.0
  0
ATTRIB
  5
40E
330
40D
100
AcDbEntity
  8
AXIS_TEXT
100
AcDbText
 10
275336657.57
 20
189002150.64
 30
0.0
 40
452.0
  1
3
 41
1.1
  7
_TCH_AXIS
 72
     5
 11
275336988.17
 21
189002150.64
 31
0.0
100
AcDbAttribute
280
     0
  2
A
 70
     0
280
     0
  0
SEQEND
  5
40F
330
40D
100
AcDbEntity
  8
AXIS
  0
LINE
  5
410
330
2
100
AcDbEntity
  8
AXIS
100
AcDbLine
 10
275342822.87
 20
188981476.64
 30
0.0
 11
275342822.87
 21
188977476.64
 31
0.0
  0
INSERT
  5
411
330
2
100
AcDbEntity
  8
AXIS
100
AcDbBlockReference
 66
     1
  2
_AXISO
 10
275342822.87
 20
188977076.64
 30
0.0
 41
800.0
 42
800.0
 43
800.0
  0
ATTRIB
  5
412
330
411
100
AcDbEntity
  8
AXIS_TEXT
100
AcDbText
 10
275342656.33
 20
188976851.55
 30
0.0
 40
450.18
  1
4
 41
0.97
  7
_TCH_AXIS
 72
     5
 11
275342989.41
 21
188976851.55
 31
0.0
100
AcDbAttribute
280
     0
  2
A
 70
     0
280
     0
  0
SEQEND
  5
413
330
411
100
AcDbEntity
  8
AXIS
  0
LINE
  5
414
330
2
100
AcDbEntity
  8
AXIS
100
AcDbLine
 10
275342822.87
 20
188997976.64
 30
0.0
 11
275342822.87
 21
189001976.64
 31
0.0
  0
INSERT
  5
415
330
2
100
AcDbEntity
  8
AXIS
100
AcDbBlockReference
 66
     1
  2
_AXISO
 10
275342822.87
 20
189002376.64
 30
0.0
 41
800.0
 42
800.0
 43
800.0
  0
ATTRIB
  5
416
330
415
100
AcDbEntity
  8
AXIS_TEXT
100
AcDbText
 10
275342656.33
 20
189002151.55
 30
0.0
 40
450.18
  1
4
 41
0.97
  7
_TCH_AXIS
 72
     5
 11
275342989.41
 21
189002151.55
 31
0.0
100
AcDbAttribute
280
     0
  2
A
 70
     0
280
     0
  0
SEQEND
  5
417
330
415
100
AcDbEntity
  8
AXIS
  0
LINE
  5
418
330
2
100
AcDbEntity
  8
AXIS
100
AcDbLine
 10
275348322.87
 20
188981476.64
 30
0.0
 11
275348322.87
 21
188977476.64
 31
0.0
  0
INSERT
  5
419
330
2
100
AcDbEntity
  8
AXIS
100
AcDbBlockReference
 66
     1
  2
_AXISO
 10
275348322.87
 20
188977076.64
 30
0.0
 41
800.0
 42
800.0
 43
800.0
  0
ATTRIB
  5
41A
330
419
100
AcDbEntity
  8
AXIS_TEXT
100
AcDbText
 10
275348156.33
 20
188976851.55
 30
0.0
 40
450.18
  1
5
 41
1.11
  7
_TCH_AXIS
 72
     5
 11
275348489.41
 21
188976851.55
 31
0.0
100
AcDbAttribute
280
     0
  2
A
 70
     0
280
     0
  0
SEQEND
  5
41B
330
419
100
AcDbEntity
  8
AXIS
  0
LINE
  5
41C
330
2
100
AcDbEntity
  8
AXIS
100
AcDbLine
 10
275348322.87
 20
188997976.64
 30
0.0
 11
275348322.87
 21
189001976.64
 31
0.0
  0
INSERT
  5
41D
330
2
100
AcDbEntity
  8
AXIS
100
AcDbBlockReference
 66
     1
  2
_AXISO
 10
275348322.87
 20
189002376.64
 30
0.0
 41
800.0
 42
800.0
 43
800.0
  0
ATTRIB
  5
41E
330
41D
100
AcDbEntity
  8
AXIS_TEXT
100
AcDbText
 10
275348156.33
 20
189002151.55
 30
0.0
 40
450.18
  1
5
 41
1.11
  7
_TCH_AXIS
 72
     5
 11
275348489.41
 21
189002151.55
 31
0.0
100
AcDbAttribute
280
     0
  2
A
 70
     0
280
     0
  0
SEQEND
  5
41F
330
41D
100
AcDbEntity
  8
AXIS
  0
LINE
  5
420
330
2
100
AcDbEntity
  8
AXIS
100
AcDbLine
 10
275326822.87
 20
188982476.64
 30
0.0
 11
275322822.87
 21
188982476.64
 31
0.0
  0
INSERT
  5
421
330
2
100
AcDbEntity
  8
AXIS
100
AcDbBlockReference
 66
     1
  2
_AXISO
 10
275322422.87
 20
188982476.64
 30
0.0
 41
800.0
 42
800.0
 43
800.0
  0
ATTRIB
  5
422
330
421
100
AcDbEntity
  8
AXIS_TEXT
100
AcDbText
 10
275322257.57
 20
188982250.64
 30
0.0
 40
452.0
  1
A
 41
0.85
  7
_TCH_AXIS
 72
     5
 11
275322588.17
 21
188982250.64
 31
0.0
100
AcDbAttribute
280
     0
  2
A
 70
     0
280
     0
  0
SEQEND
  5
423
330
421
100
AcDbEntity
  8
AXIS
  0
LINE
  5
424
330
2
100
AcDbEntity
  8
AXIS
100
AcDbLine
 10
275349322.87
 20
188982476.64
 30
0.0
 11
275353322.87
 21
188982476.64
 31
0.0
  0
INSERT
  5
425
330
2
100
AcDbEntity
  8
AXIS
100
AcDbBlockReference
 66
     1
  2
_AXISO
 10
275353722.87
 20
188982476.64
 30
0.0
 41
800.0
 42
800.0
 43
800.0
  0
ATTRIB
  5
426
330
425
100
AcDbEntity
  8
AXIS_TEXT
100
AcDbText
 10
275353557.57
 20
188982250.64
 30
0.0
 40
452.0
  1
A
 41
0.85
  7
_TCH_AXIS
 72
     5
 11
275353888.17
 21
188982250.64
 31
0.0
100
AcDbAttribute
280
     0
  2
A
 70
     0
280
     0
  0
SEQEND
  5
427
330
425
100
AcDbEntity
  8
AXIS
  0
LINE
  5
428
330
2
100
AcDbEntity
  8
AXIS
100
AcDbLine
 10
275326822.87
 20
188987476.64
 30
0.0
 11
275322822.87
 21
188987476.64
 31
0.0
  0
INSERT
  5
429
330
2
100
AcDbEntity
  8
AXIS
100
AcDbBlockReference
 66
     1
  2
_AXISO
 10
275322422.87
 20
188987476.64
 30
0.0
 41
800.0
 42
800.0
 43
800.0
  0
ATTRIB
  5
42A
330
429
100
AcDbEntity
  8
AXIS_TEXT
100
AcDbText
 10
275322255.08
 20
188987252.48
 30
0.0
 40
448.31
  1
B
 41
0.92
  7
_TCH_AXIS
 72
     5
 11
275322590.66
 21
188987252.48
 31
0.0
100
AcDbAttribute
280
     0
  2
A
 70
     0
280
     0
  0
SEQEND
  5
42B
330
429
100
AcDbEntity
  8
AXIS
  0
LINE
  5
42C
330
2
100
AcDbEntity
  8
AXIS
100
AcDbLine
 10
275349322.87
 20
188987476.64
 30
0.0
 11
275353322.87
 21
188987476.64
 31
0.0
  0
INSERT
  5
42D
330
2
100
AcDbEntity
  8
AXIS
100
AcDbBlockReference
 66
     1
  2
_AXISO
 10
275353722.87
 20
188987476.64
 30
0.0
 41
800.0
 42
800.0
 43
800.0
  0
ATTRIB
  5
42E
330
42D
100
AcDbEntity
  8
AXIS_TEXT
100
AcDbText
 10
275353555.08
 20
188987252.48
 30
0.0
 40
448.31
  1
B
 41
0.92
  7
_TCH_AXIS
 72
     5
 11
275353890.66
 21
188987252.48
 31
0.0
100
AcDbAttribute
280
     0
  2
A
 70
     0
280
     0
  0
SEQEND
  5
42F
330
42D
100
AcDbEntity
  8
AXIS
  0
LINE
  5
430
330
2
100
AcDbEntity
  8
AXIS
100
AcDbLine
 10
275326822.87
 20
188991976.64
 30
0.0
 11
275322822.87
 21
188991976.64
 31
0.0
  0
INSERT
  5
431
330
2
100
AcDbEntity
  8
AXIS
100
AcDbBlockReference
 66
     1
  2
_AXISO
 10
275322422.87
 20
188991976.64
 30
0.0
 41
800.0
 42
800.0
 43
800.0
  0
ATTRIB
  5
432
330
431
100
AcDbEntity
  8
AXIS_TEXT
100
AcDbText
 10
275322257.57
 20
188991750.64
 30
0.0
 40
452.0
  1
C
 41
1.02
  7
_TCH_AXIS
 72
     5
 11
275322588.17
 21
188991750.64
 31
0.0
100
AcDbAttribute
280
     0
  2
A
 70
     0
280
     0
  0
SEQEND
  5
433
330
431
100
AcDbEntity
  8
AXIS
  0
LINE
  5
434
330
2
100
AcDbEntity
  8
AXIS
100
AcDbLine
 10
275349322.87
 20
188991976.64
 30
0.0
 11
275353322.87
 21
188991976.64
 31
0.0
  0
INSERT
  5
435
330
2
100
AcDbEntity
  8
AXIS
100
AcDbBlockReference
 66
     1
  2
_AXISO
 10
275353722.87
 20
188991976.64
 30
0.0
 41
800.0
 42
800.0
 43
800.0
  0
ATTRIB
  5
436
330
435
100
AcDbEntity
  8
AXIS_TEXT
100
AcDbText
 10
275353557.57
 20
188991750.64
 30
0.0
 40
452.0
  1
C
 41
1.02
  7
_TCH_AXIS
 72
     5
 11
275353888.17
 21
188991750.64
 31
0.0
100
AcDbAttribute
280
     0
  2
A
 70
     0
280
     0
  0
SEQEND
  5
437
330
435
100
AcDbEntity
  8
AXIS
  0
LINE
  5
438
330
2
100
AcDbEntity
  8
AXIS
100
AcDbLine
 10
275326822.87
 20
188996976.64
 30
0.0
 11
275322822.87
 21
188996976.64
 31
0.0
  0
INSERT
  5
439
330
2
100
AcDbEntity
  8
AXIS
100
AcDbBlockReference
 66
     1
  2
_AXISO
 10
275322422.87
 20
188996976.64
 30
0.0
 41
800.0
 42
800.0
 43
800.0
  0
ATTRIB
  5
43A
330
439
100
AcDbEntity
  8
AXIS_TEXT
100
AcDbText
 10
275322255.08
 20
188996752.48
 30
0.0
 40
448.31
  1
D
 41
0.92
  7
_TCH_AXIS
 72
     5
 11
275322590.66
 21
188996752.48
 31
0.0
100
AcDbAttribute
280
     0
  2
A
 70
     0
280
     0
  0
SEQEND
  5
43B
330
439
100
AcDbEntity
  8
AXIS
  0
LINE
  5
43C
330
2
100
AcDbEntity
  8
AXIS
100
AcDbLine
 10
275349322.87
 20
188996976.64
 30
0.0
 11
275353322.87
 21
188996976.64
 31
0.0
  0
INSERT
  5
43D
330
2
100
AcDbEntity
  8
AXIS
100
AcDbBlockReference
 66
     1
  2
_AXISO
 10
275353722.87
 20
188996976.64
 30
0.0
 41
800.0
 42
800.0
 43
800.0
  0
ATTRIB
  5
43E
330
43D
100
AcDbEntity
  8
AXIS_TEXT
100
AcDbText
 10
275353555.08
 20
188996752.48
 30
0.0
 40
448.31
  1
D
 41
0.92
  7
_TCH_AXIS
 72
     5
 11
275353890.66
 21
188996752.48
 31
0.0
100
AcDbAttribute
280
     0
  2
A
 70
     0
280
     0
  0
SEQEND
  5
43F
330
43D
100
AcDbEntity
  8
AXIS
  0
ENDSEC
  0
SECTION
  2
OBJECTS
  0
DICTIONARY
  5
9
330
0
100
AcDbDictionary
281
     1
  3
ACAD_CIP_PREVIOUS_PRODUCT_INFO
350
483
  3
ACAD_COLOR
350
283
  3
ACAD_DETAILVIEWSTYLE
350
47B
  3
ACAD_GROUP
350
270
  3
ACAD_LAYOUT
350
24F
  3
ACAD_MATERIAL
350
B
  3
ACAD_MLEADERSTYLE
350
286
  3
ACAD_MLINESTYLE
350
271
  3
ACAD_PLOTSETTINGS
350
272
  3
ACAD_PLOTSTYLENAME
350
8
  3
ACAD_SCALELIST
350
284
  3
ACAD_SECTIONVIEWSTYLE
350
479
  3
ACAD_TABLESTYLE
350
285
  3
ACAD_VISUALSTYLE
350
26A
  3
ACDB_RECOMPOSE_DATA
350
496
  3
AcDbVariableDictionary
350
287
  3
TCH_DBCONFIG
350
484
  0
DICTIONARY
  5
25A
330
259
100
AcDbDictionary
280
     1
281
     1
  3
ACAD_LAYERFILTERS
360
25B
  3
ACAD_LAYERSTATES
360
25C
  3
ACLYDICTIONARY
360
25D
  0
DICTIONARY
  5
3
330
2
100
AcDbDictionary
280
     1
281
     1
  3
ACAD_SORTENTS
360
2AE
  0
DICTIONARY
  5
21
330
20
100
AcDbDictionary
280
     1
281
     1
  3
ACAD_SORTENTS
360
2A4
  0
DICTIONARY
  5
111
330
110
100
AcDbDictionary
280
     1
281
     1
  0
DICTIONARY
  5
76
330
75
100
AcDbDictionary
280
     1
281
     1
  0
XRECORD
  5
483
102
{ACAD_REACTORS
330
9
102
}
330
9
100
AcDbXrecord
280
     1
300
ACD
300
2021
300

  0
DICTIONARY
  5
283
102
{ACAD_REACTORS
330
9
102
}
330
9
100
AcDbDictionary
281
     1
  0
DICTIONARY
  5
47B
102
{ACAD_REACTORS
330
9
102
}
330
9
100
AcDbDictionary
281
     1
  3
Metric50
350
47C
  0
DICTIONARY
  5
270
102
{ACAD_REACTORS
330
9
102
}
330
9
100
AcDbDictionary
281
     1
  0
DICTIONARY
  5
24F
102
{ACAD_REACTORS
330
9
102
}
330
9
100
AcDbDictionary
281
     1
  3
Model
350
24E
  3
布局1
350
254
  3
布局2
350
258
  0
DICTIONARY
  5
B
102
{ACAD_REACTORS
330
9
102
}
330
9
100
AcDbDictionary
281
     1
  3
ByBlock
350
27B
  3
ByLayer
350
273
  3
Global
350
A
  0
DICTIONARY
  5
286
102
{ACAD_REACTORS
330
9
102
}
330
9
100
AcDbDictionary
281
     1
  3
Standard
350
478
  0
DICTIONARY
  5
271
102
{ACAD_REACTORS
330
9
102
}
330
9
100
AcDbDictionary
281
     1
  3
Standard
350
28F
  0
DICTIONARY
  5
272
102
{ACAD_REACTORS
330
9
102
}
330
9
100
AcDbDictionary
281
     1
  0
ACDBDICTIONARYWDFLT
  5
8
102
{ACAD_REACTORS
330
9
102
}
330
9
100
AcDbDictionary
281
     1
  3
Normal
350
7
100
AcDbDictionaryWithDefault
340
7
  0
DICTIONARY
  5
284
102
{ACAD_REACTORS
330
9
102
}
330
9
100
AcDbDictionary
281
     1
  3
A0
350
293
  3
A1
350
294
  3
A2
350
295
  3
A3
350
296
  3
A4
350
297
  3
A5
350
298
  3
A6
350
299
  3
A7
350
29A
  3
A8
350
29B
  3
A9
350
29C
  3
B0
350
29D
  3
B1
350
29E
  3
B2
350
29F
  3
B3
350
2A0
  3
B4
350
2A1
  3
B5
350
2A2
  3
B6
350
2A3
  0
DICTIONARY
  5
479
102
{ACAD_REACTORS
330
9
102
}
330
9
100
AcDbDictionary
281
     1
  3
Metric50
350
47A
  0
DICTIONARY
  5
285
102
{ACAD_REACTORS
330
9
102
}
330
9
100
AcDbDictionary
281
     1
  3
Standard
350
290
  0
DICTIONARY
  5
26A
102
{ACAD_REACTORS
330
9
102
}
330
9
100
AcDbDictionary
281
     1
  3
2dWireframe
350
269
  3
Basic
350
467
  3
Brighten
350
46B
  3
ColorChange
350
46F
  3
Conceptual
350
469
  3
Dim
350
46A
  3
EdgeColorOff
350
477
  3
Facepattern
350
46E
  3
Flat
350
463
  3
FlatWithEdges
350
464
  3
Gouraud
350
465
  3
GouraudWithEdges
350
466
  3
Hidden
350
468
  3
JitterOff
350
475
  3
Linepattern
350
46D
  3
OverhangOff
350
476
  3
Realistic
350
291
  3
Shaded
350
474
  3
Shaded with edges
350
473
  3
Shades of Gray
350
470
  3
Sketchy
350
471
  3
Thicken
350
46C
  3
Wireframe
350
292
  3
X-Ray
350
472
  0
XRECORD
  5
496
102
{ACAD_REACTORS
330
9
102
}
330
9
100
AcDbXrecord
280
     1
 90
        1
330
290
  0
DICTIONARY
  5
287
102
{ACAD_REACTORS
330
9
102
}
330
9
100
AcDbDictionary
281
     1
  3
CANNOSCALE
350
288
  3
CENTEREXE
350
289
  3
CENTERLTYPEFILE
350
28A
  3
CMLEADERSTYLE
350
28B
  3
CTABLESTYLE
350
28C
  3
CVIEWDETAILSTYLE
350
28D
  3
CVIEWSECTIONSTYLE
350
28E
  3
LAYEREVAL
350
45F
  3
LAYERNOTIFY
350
460
  3
LIGHTINGUNITS
350
45E
  3
MSLTSCALE
350
45D
  0
TCH_DBCONFIG
  5
484
102
{ACAD_REACTORS
330
9
102
}
330
9
100
TDbConfig
  0
DICTIONARY
  5
25B
102
{ACAD_REACTORS
330
25A
102
}
330
25A
100
AcDbDictionary
281
     1
  0
DICTIONARY
  5
25C
102
{ACAD_REACTORS
330
25A
102
}
330
25A
100
AcDbDictionary
281
     1
  0
DICTIONARY
  5
25D
102
{ACAD_REACTORS
330
25A
102
}
330
25A
100
AcDbDictionary
281
     1
1001
ACAD
1000
<All
  0
SORTENTSTABLE
  5
2AE
102
{ACAD_REACTORS
330
3
102
}
330
3
100
AcDbSortentsTable
330
2
  0
SORTENTSTABLE
  5
2A4
102
{ACAD_REACTORS
330
21
102
}
330
21
100
AcDbSortentsTable
330
20
  0
ACDBDETAILVIEWSTYLE
  5
47C
102
{ACAD_REACTORS
330
47B
102
}
330
47B
100
AcDbModelDocViewStyle
 70
     0
  3
Metric50
290
     1
300
Metric50
 90
        0
100
AcDbDetailViewStyle
 70
     0
 71
     0
 90
        3
 71
     1
340
260
 62
   256
 40
5.0
340
0
 62
   256
 40
5.0
300

 40
0.0
280
     1
 71
     2
340
14
 90
       25
 62
   256
 71
     3
340
260
 62
   256
 40
5.0
 90
        0
 40
15.0
 90
        1
300
%<\AcVar ViewDetailId>% (%<\AcVar ViewScale \f "%sn">%)
 71
     4
340
14
 90
       25
 62
   256
340
14
 90
       25
 62
   256
280
     0
  0
LAYOUT
  5
24E
102
{ACAD_XDICTIONARY
360
451
102
}
102
{ACAD_REACTORS
330
24F
102
}
330
24F
100
AcDbPlotSettings
  1

  2
Microsoft Print to PDF
  4
A4
  6

 40
0.0
 41
0.0
 42
0.0
 43
0.0
 44
210.02
 45
297.01
 46
0.0
 47
0.0
 48
0.0
 49
0.0
140
0.0
141
0.0
142
1.0
143
137.87
 70
 11952
 72
     1
 73
     1
 74
     0
  7
TArch20V8.ctb
 75
     0
147
0.01
 76
     0
 77
     2
 78
   300
148
-275321624.95
149
-188984679.72
100
AcDbLayout
  1
Model
 70
     1
 71
     0
 10
0.0
 20
0.0
 11
12.0
 21
9.0
 12
0.0
 22
0.0
 32
0.0
 14
0.0
 24
0.0
 34
0.0
 15
0.0
 25
0.0
 35
0.0
146
0.0
 13
0.0
 23
0.0
 33
0.0
 16
1.0
 26
0.0
 36
0.0
 17
0.0
 27
1.0
 37
0.0
 76
     0
330
2
331
268
1001
ACAD_PSEXT
1000
Microsoft Print to PDF
1000
Microsoft Print To PDF
1000
PORTPROMPT:
1000

1070
     0
  0
LAYOUT
  5
254
102
{ACAD_REACTORS
330
24F
102
}
330
24F
100
AcDbPlotSettings
  1

  2
Microsoft Print to PDF
  4

  6

 40
0.0
 41
0.0
 42
0.0
 43
0.0
 44
0.0
 45
0.0
 46
0.0
 47
0.0
 48
0.0
 49
0.0
140
0.0
141
0.0
142
1.0
143
1.0
 70
   688
 72
     0
 73
     0
 74
     5
  7
TArch20V8.ctb
 75
    16
147
1.0
 76
     0
 77
     2
 78
   300
148
0.0
149
0.0
100
AcDbLayout
  1
布局1
 70
     1
 71
     1
 10
0.0
 20
0.0
 11
420.0
 21
297.0
 12
0.0
 22
0.0
 32
0.0
 14
1.00E+20
 24
1.00E+20
 34
1.00E+20
 15
-1.00E+20
 25
-1.00E+20
 35
-1.00E+20
146
0.0
 13
0.0
 23
0.0
 33
0.0
 16
1.0
 26
0.0
 36
0.0
 17
0.0
 27
1.0
 37
0.0
 76
     0
330
251
  0
LAYOUT
  5
258
102
{ACAD_REACTORS
330
24F
102
}
330
24F
100
AcDbPlotSettings
  1

  2
Microsoft Print to PDF
  4

  6

 40
0.0
 41
0.0
 42
0.0
 43
0.0
 44
0.0
 45
0.0
 46
0.0
 47
0.0
 48
0.0
 49
0.0
140
0.0
141
0.0
142
1.0
143
1.0
 70
   688
 72
     0
 73
     0
 74
     5
  7
TArch20V8.ctb
 75
    16
147
1.0
 76
     0
 77
     2
 78
   300
148
0.0
149
0.0
100
AcDbLayout
  1
布局2
 70
     1
 71
     2
 10
0.0
 20
0.0
 11
12.0
 21
9.0
 12
0.0
 22
0.0
 32
0.0
 14
0.0
 24
0.0
 34
0.0
 15
0.0
 25
0.0
 35
0.0
146
0.0
 13
0.0
 23
0.0
 33
0.0
 16
1.0
 26
0.0
 36
0.0
 17
0.0
 27
1.0
 37
0.0
 76
     0
330
255
  0
MATERIAL
  5
27B
102
{ACAD_XDICTIONARY
360
27C
102
}
102
{ACAD_REACTORS
330
B
102
}
330
B
100
AcDbMaterial
  1
ByBlock
 72
     0
 43
0.02
 43
0.0
 43
0.0
 43
0.0
 43
0.0
 43
0.02
 43
0.0
 43
0.0
 43
0.0
 43
0.0
 43
1.0
 43
0.0
 43
0.0
 43
0.0
 43
0.0
 43
1.0
 77
     0
 47
0.02
 47
0.0
 47
0.0
 47
0.0
 47
0.0
 47
0.02
 47
0.0
 47
0.0
 47
0.0
 47
0.0
 47
1.0
 47
0.0
 47
0.0
 47
0.0
 47
0.0
 47
1.0
171
     0
 49
0.02
 49
0.0
 49
0.0
 49
0.0
 49
0.0
 49
0.02
 49
0.0
 49
0.0
 49
0.0
 49
0.0
 49
1.0
 49
0.0
 49
0.0
 49
0.0
 49
0.0
 49
1.0
175
     0
142
0.02
142
0.0
142
0.0
142
0.0
142
0.0
142
0.02
142
0.0
142
0.0
142
0.0
142
0.0
142
1.0
142
0.0
142
0.0
142
0.0
142
0.0
142
1.0
179
     0
144
0.02
144
0.0
144
0.0
144
0.0
144
0.0
144
0.02
144
0.0
144
0.0
144
0.0
144
0.0
144
1.0
144
0.0
144
0.0
144
0.0
144
0.0
144
1.0
147
0.02
147
0.0
147
0.0
147
0.0
147
0.0
147
0.02
147
0.0
147
0.0
147
0.0
147
0.0
147
1.0
147
0.0
147
0.0
147
0.0
147
0.0
147
1.0
  0
MATERIAL
  5
273
102
{ACAD_XDICTIONARY
360
274
102
}
102
{ACAD_REACTORS
330
B
102
}
330
B
100
AcDbMaterial
  1
ByLayer
 72
     0
 43
0.02
 43
0.0
 43
0.0
 43
0.0
 43
0.0
 43
0.02
 43
0.0
 43
0.0
 43
0.0
 43
0.0
 43
1.0
 43
0.0
 43
0.0
 43
0.0
 43
0.0
 43
1.0
 77
     0
 47
0.02
 47
0.0
 47
0.0
 47
0.0
 47
0.0
 47
0.02
 47
0.0
 47
0.0
 47
0.0
 47
0.0
 47
1.0
 47
0.0
 47
0.0
 47
0.0
 47
0.0
 47
1.0
171
     0
 49
0.02
 49
0.0
 49
0.0
 49
0.0
 49
0.0
 49
0.02
 49
0.0
 49
0.0
 49
0.0
 49
0.0
 49
1.0
 49
0.0
 49
0.0
 49
0.0
 49
0.0
 49
1.0
175
     0
142
0.02
142
0.0
142
0.0
142
0.0
142
0.0
142
0.02
142
0.0
142
0.0
142
0.0
142
0.0
142
1.0
142
0.0
142
0.0
142
0.0
142
0.0
142
1.0
179
     0
144
0.02
144
0.0
144
0.0
144
0.0
144
0.0
144
0.02
144
0.0
144
0.0
144
0.0
144
0.0
144
1.0
144
0.0
144
0.0
144
0.0
144
0.0
144
1.0
147
0.02
147
0.0
147
0.0
147
0.0
147
0.0
147
0.02
147
0.0
147
0.0
147
0.0
147
0.0
147
1.0
147
0.0
147
0.0
147
0.0
147
0.0
147
1.0
  0
MATERIAL
  5
A
102
{ACAD_XDICTIONARY
360
C
102
}
102
{ACAD_REACTORS
330
B
102
}
330
B
100
AcDbMaterial
  1
Global
 72
     0
 43
0.02
 43
0.0
 43
0.0
 43
0.0
 43
0.0
 43
0.02
 43
0.0
 43
0.0
 43
0.0
 43
0.0
 43
1.0
 43
0.0
 43
0.0
 43
0.0
 43
0.0
 43
1.0
 77
     0
 47
0.02
 47
0.0
 47
0.0
 47
0.0
 47
0.0
 47
0.02
 47
0.0
 47
0.0
 47
0.0
 47
0.0
 47
1.0
 47
0.0
 47
0.0
 47
0.0
 47
0.0
 47
1.0
171
     0
 49
0.02
 49
0.0
 49
0.0
 49
0.0
 49
0.0
 49
0.02
 49
0.0
 49
0.0
 49
0.0
 49
0.0
 49
1.0
 49
0.0
 49
0.0
 49
0.0
 49
0.0
 49
1.0
175
     0
142
0.02
142
0.0
142
0.0
142
0.0
142
0.0
142
0.02
142
0.0
142
0.0
142
0.0
142
0.0
142
1.0
142
0.0
142
0.0
142
0.0
142
0.0
142
1.0
179
     0
144
0.02
144
0.0
144
0.0
144
0.0
144
0.0
144
0.02
144
0.0
144
0.0
144
0.0
144
0.0
144
1.0
144
0.0
144
0.0
144
0.0
144
0.0
144
1.0
147
0.02
147
0.0
147
0.0
147
0.0
147
0.0
147
0.02
147
0.0
147
0.0
147
0.0
147
0.0
147
1.0
147
0.0
147
0.0
147
0.0
147
0.0
147
1.0
  0
MLEADERSTYLE
  5
478
102
{ACAD_REACTORS
330
286
102
}
330
286
100
AcDbMLeaderStyle
179
     2
170
     2
171
     1
172
     0
 90
        2
 40
0.0
 41
0.0
173
     1
 91
-1056964608
340
263
 92
       -2
290
     1
 42
2.0
291
     1
 43
0.36
  3
Standard
 44
4.0
300

342
260
174
     1
178
     6
175
     1
176
     0
 93
-1056964608
 45
4.0
292
     0
297
     0
 46
4.0
 94
-1056964608
 47
1.0
 49
1.0
140
1.0
293
     1
141
0.0
294
     1
177
     0
142
1.0
295
     1
296
     0
143
0.13
271
     0
272
     9
273
     9
298
     1
  0
MLINESTYLE
  5
28F
102
{ACAD_REACTORS
330
271
102
}
330
271
100
AcDbMlineStyle
  2
STANDARD
 70
     0
  3

 62
   256
 51
90.0
 52
90.0
 71
     2
 49
0.5
 62
   256
  6
BYLAYER
 49
-0.5
 62
   256
  6
BYLAYER
  0
ACDBPLACEHOLDER
  5
7
102
{ACAD_REACTORS
330
8
102
}
330
8
  0
SCALE
  5
293
102
{ACAD_REACTORS
330
284
102
}
330
284
100
AcDbScale
 70
     0
300
1:1
140
1.0
141
1.0
290
     1
  0
SCALE
  5
294
102
{ACAD_REACTORS
330
284
102
}
330
284
100
AcDbScale
 70
     0
300
1:2
140
1.0
141
2.0
290
     0
  0
SCALE
  5
295
102
{ACAD_REACTORS
330
284
102
}
330
284
100
AcDbScale
 70
     0
300
1:4
140
1.0
141
4.0
290
     0
  0
SCALE
  5
296
102
{ACAD_REACTORS
330
284
102
}
330
284
100
AcDbScale
 70
     0
300
1:5
140
1.0
141
5.0
290
     0
  0
SCALE
  5
297
102
{ACAD_REACTORS
330
284
102
}
330
284
100
AcDbScale
 70
     0
300
1:8
140
1.0
141
8.0
290
     0
  0
SCALE
  5
298
102
{ACAD_REACTORS
330
284
102
}
330
284
100
AcDbScale
 70
     0
300
1:10
140
1.0
141
10.0
290
     0
  0
SCALE
  5
299
102
{ACAD_REACTORS
330
284
102
}
330
284
100
AcDbScale
 70
     0
300
1:16
140
1.0
141
16.0
290
     0
  0
SCALE
  5
29A
102
{ACAD_REACTORS
330
284
102
}
330
284
100
AcDbScale
 70
     0
300
1:20
140
1.0
141
20.0
290
     0
  0
SCALE
  5
29B
102
{ACAD_REACTORS
330
284
102
}
330
284
100
AcDbScale
 70
     0
300
1:30
140
1.0
141
30.0
290
     0
  0
SCALE
  5
29C
102
{ACAD_REACTORS
330
284
102
}
330
284
100
AcDbScale
 70
     0
300
1:40
140
1.0
141
40.0
290
     0
  0
SCALE
  5
29D
102
{ACAD_REACTORS
330
284
102
}
330
284
100
AcDbScale
 70
     0
300
1:50
140
1.0
141
50.0
290
     0
  0
SCALE
  5
29E
102
{ACAD_REACTORS
330
284
102
}
330
284
100
AcDbScale
 70
     0
300
1:100
140
1.0
141
100.0
290
     0
  0
SCALE
  5
29F
102
{ACAD_REACTORS
330
284
102
}
330
284
100
AcDbScale
 70
     0
300
2:1
140
2.0
141
1.0
290
     0
  0
SCALE
  5
2A0
102
{ACAD_REACTORS
330
284
102
}
330
284
100
AcDbScale
 70
     0
300
4:1
140
4.0
141
1.0
290
     0
  0
SCALE
  5
2A1
102
{ACAD_REACTORS
330
284
102
}
330
284
100
AcDbScale
 70
     0
300
8:1
140
8.0
141
1.0
290
     0
  0
SCALE
  5
2A2
102
{ACAD_REACTORS
330
284
102
}
330
284
100
AcDbScale
 70
     0
300
10:1
140
10.0
141
1.0
290
     0
  0
SCALE
  5
2A3
102
{ACAD_REACTORS
330
284
102
}
330
284
100
AcDbScale
 70
     0
300
100:1
140
100.0
141
1.0
290
     0
  0
ACDBSECTIONVIEWSTYLE
  5
47A
102
{ACAD_REACTORS
330
479
102
}
330
479
100
AcDbModelDocViewStyle
 70
     0
  3
Metric50
290
     1
300
Metric50
 90
        0
100
AcDbSectionViewStyle
 70
     0
 71
     0
 90
      102
 71
     1
340
260
 62
   256
 40
5.0
340
0
340
0
 62
   256
 40
5.0
300
I, O, Q, S, X, Z
 40
10.0
 90
        0
 40
2.5
 90
        0
 71
     2
340
14
 90
       25
 62
   256
340
14
 90
       50
 62
   256
 40
5.0
 40
2.5
 40
5.0
 71
     3
340
260
 62
   256
 40
5.0
 90
        0
 40
15.0
 90
        1
300
%<\AcVar ViewSectionStartId>%-%<\AcVar ViewSectionEndId>% (%<\AcVar ViewScale \f "%sn">%)
 71
     4
 62
   256
 62
   257
300
ANSI31
 40
1.0
 90
        0
290
     0
290
     0
 90
        6
 40
0.0
 40
1.57
 40
0.26
 40
1.31
 40
-0.26
 40
1.83
  0
TABLESTYLE
  5
290
102
{ACAD_XDICTIONARY
360
442
102
}
102
{ACAD_REACTORS
330
285
102
}
330
285
100
AcDbTableStyle
280
     0
  3
Standard
 70
     0
 71
     0
 40
1.5
 41
1.5
280
     0
281
     0
  7
Standard
140
4.5
170
     2
 62
     0
 63
     7
283
     0
 90
      512
 91
        0
  1

274
    -2
284
     1
 64
     0
275
    -2
285
     1
 65
     0
276
    -2
286
     1
 66
     0
277
    -2
287
     1
 67
     0
278
    -2
288
     1
 68
     0
279
    -2
289
     1
 69
     0
  7
Standard
140
6.0
170
     5
 62
     0
 63
     7
283
     0
 90
      512
 91
        0
  1

274
    -2
284
     1
 64
     0
275
    -2
285
     1
 65
     0
276
    -2
286
     1
 66
     0
277
    -2
287
     1
 67
     0
278
    -2
288
     1
 68
     0
279
    -2
289
     1
 69
     0
  7
Standard
140
4.5
170
     5
 62
     0
 63
     7
283
     0
 90
      512
 91
        0
  1

274
    -2
284
     1
 64
     0
275
    -2
285
     1
 65
     0
276
    -2
286
     1
 66
     0
277
    -2
287
     1
 67
     0
278
    -2
288
     1
 68
     0
279
    -2
289
     1
 69
     0
  0
VISUALSTYLE
  5
269
102
{ACAD_REACTORS
330
26A
102
}
330
26A
100
AcDbVisualStyle
  2
2dWireframe
 70
     4
177
     3
291
     0
 70
    58
 90
        0
176
     1
 90
        2
176
     1
 90
        0
176
     1
 90
        0
176
     1
 40
0.6
176
     1
 40
30.0
176
     1
 62
     7
420
 16777215
176
     1
 90
        1
176
     1
 90
        4
176
     1
 62
     7
176
     1
 62
   257
176
     1
 90
        1
176
     1
 90
        1
176
     1
 40
1.0
176
     1
 90
        0
176
     1
 62
   257
176
     1
 40
1.0
176
     1
 90
        1
176
     1
 90
        6
176
     1
 90
        2
176
     1
 62
     7
176
     1
 90
        5
176
     1
 90
        0
176
     1
 90
        0
176
     1
290
     0
176
     1
 90
        1
176
     1
 40
0.0
176
     1
 90
        0
176
     1
290
     1
176
     1
290
     1
176
     1
290
     0
176
     1
290
     0
176
     1
290
     0
176
     1
290
     0
176
     1
290
     0
176
     1
290
     0
176
     1
290
     0
176
     1
 90
       50
176
     1
 40
0.0
176
     1
 40
1.0
176
     1
 90
        0
176
     1
 62
    18
420
        0
176
     1
 90
       50
176
     1
 90
        3
176
     1
 62
     5
420
      255
176
     1
290
     0
176
     1
 90
       50
176
     1
 90
       50
176
     1
 90
       50
176
     1
290
     0
176
     1
 90
       50
176
     1
 62
   256
176
     0
 40
1.0
176
     0
 90
        2
176
     1
  1
strokes_ogs.tif
176
     1
290
     0
176
     1
 40
1.0
176
     1
 40
1.0
176
     1
  0
VISUALSTYLE
  5
467
102
{ACAD_REACTORS
330
26A
102
}
330
26A
100
AcDbVisualStyle
  2
Basic
 70
     7
177
     3
291
     1
 70
    58
 90
        1
176
     1
 90
        0
176
     1
 90
        1
176
     1
 90
        0
176
     1
 40
0.6
176
     1
 40
30.0
176
     1
 62
     7
420
 16777215
176
     1
 90
        0
176
     1
 90
        4
176
     1
 62
     7
176
     1
 62
   257
176
     1
 90
        1
176
     1
 90
        1
176
     1
 40
1.0
176
     1
 90
        8
176
     1
 62
     7
176
     1
 40
1.0
176
     1
 90
        1
176
     1
 90
        6
176
     1
 90
        2
176
     1
 62
     7
176
     1
 90
        5
176
     1
 90
        0
176
     1
 90
        0
176
     1
290
     0
176
     1
 90
        1
176
     1
 40
0.0
176
     1
 90
        0
176
     1
290
     0
176
     1
290
     1
176
     1
290
     1
176
     1
290
     0
176
     1
290
     0
176
     1
290
     0
176
     1
290
     0
176
     1
290
     0
176
     1
290
     0
176
     1
 90
       50
176
     1
 40
0.0
176
     1
 40
1.0
176
     1
 90
        0
176
     1
 62
    18
420
        0
176
     1
 90
       50
176
     1
 90
        3
176
     1
 62
     5
420
      255
176
     1
290
     0
176
     1
 90
       50
176
     1
 90
       50
176
     1
 90
       50
176
     1
290
     0
176
     1
 90
       50
176
     1
 62
   256
176
     0
 40
1.0
176
     0
 90
        2
176
     1
  1
strokes_ogs.tif
176
     1
290
     0
176
     1
 40
1.0
176
     1
 40
1.0
176
     1
  0
VISUALSTYLE
  5
46B
102
{ACAD_REACTORS
330
26A
102
}
330
26A
100
AcDbVisualStyle
  2
Brighten
 70
    12
177
     3
291
     1
 70
    58
 90
        2
176
     1
 90
        2
176
     1
 90
        0
176
     1
 90
        0
176
     1
 40
0.6
176
     1
 40
30.0
176
     1
 62
     7
420
 16777215
176
     1
 90
        1
176
     1
 90
        4
176
     1
 62
     7
176
     1
 62
   257
176
     1
 90
        1
176
     1
 90
        1
176
     1
 40
1.0
176
     1
 90
        8
176
     1
 62
     7
176
     1
 40
1.0
176
     1
 90
        1
176
     1
 90
        6
176
     1
 90
        2
176
     1
 62
     7
176
     1
 90
        5
176
     1
 90
        0
176
     1
 90
        0
176
     1
290
     0
176
     1
 90
        1
176
     1
 40
50.0
176
     1
 90
        0
176
     1
290
     0
176
     1
290
     1
176
     1
290
     1
176
     1
290
     0
176
     1
290
     0
176
     1
290
     0
176
     1
290
     0
176
     1
290
     0
176
     1
290
     0
176
     1
 90
       50
176
     1
 40
0.0
176
     1
 40
1.0
176
     1
 90
        0
176
     1
 62
    18
420
        0
176
     1
 90
       50
176
     1
 90
        3
176
     1
 62
     5
420
      255
176
     1
290
     0
176
     1
 90
       50
176
     1
 90
       50
176
     1
 90
       50
176
     1
290
     0
176
     1
 90
       50
176
     1
 62
   256
176
     0
 40
1.0
176
     0
 90
        2
176
     1
  1
strokes_ogs.tif
176
     1
290
     0
176
     1
 40
1.0
176
     1
 40
1.0
176
     1
  0
VISUALSTYLE
  5
46F
102
{ACAD_REACTORS
330
26A
102
}
330
26A
100
AcDbVisualStyle
  2
ColorChange
 70
    16
177
     3
291
     1
 70
    58
 90
        2
176
     1
 90
        2
176
     1
 90
        3
176
     1
 90
        0
176
     1
 40
0.6
176
     1
 40
30.0
176
     1
 62
     8
420
  8421504
176
     1
 90
        1
176
     1
 90
        4
176
     1
 62
     7
176
     1
 62
   257
176
     1
 90
        1
176
     1
 90
        1
176
     1
 40
1.0
176
     1
 90
        8
176
     1
 62
     8
420
  8421504
176
     1
 40
1.0
176
     1
 90
        1
176
     1
 90
        6
176
     1
 90
        2
176
     1
 62
     7
176
     1
 90
        5
176
     1
 90
        0
176
     1
 90
        0
176
     1
290
     0
176
     1
 90
        1
176
     1
 40
0.0
176
     1
 90
        0
176
     1
290
     0
176
     1
290
     1
176
     1
290
     1
176
     1
290
     0
176
     1
290
     0
176
     1
290
     0
176
     1
290
     0
176
     1
290
     0
176
     1
290
     0
176
     1
 90
       50
176
     1
 40
0.0
176
     1
 40
1.0
176
     1
 90
        0
176
     1
 62
    18
420
        0
176
     1
 90
       50
176
     1
 90
        3
176
     1
 62
     5
420
      255
176
     1
290
     0
176
     1
 90
       50
176
     1
 90
       50
176
     1
 90
       50
176
     1
290
     0
176
     1
 90
       50
176
     1
 62
   256
176
     0
 40
1.0
176
     0
 90
        2
176
     1
  1
strokes_ogs.tif
176
     1
290
     0
176
     1
 40
1.0
176
     1
 40
1.0
176
     1
  0
VISUALSTYLE
  5
469
102
{ACAD_REACTORS
330
26A
102
}
330
26A
100
AcDbVisualStyle
  2
Conceptual
 70
     9
177
     3
291
     0
 70
    58
 90
        3
176
     1
 90
        2
176
     1
 90
        0
176
     1
 90
        0
176
     1
 40
0.6
176
     1
 40
30.0
176
     1
 62
     7
420
 16777215
176
     1
 90
        2
176
     1
 90
        2
176
     1
 62
     7
176
     1
 62
   257
176
     1
 90
        1
176
     1
 90
        1
176
     1
 40
179.0
176
     1
 90
        8
176
     1
 62
     7
176
     1
 40
1.0
176
     1
 90
        1
176
     1
 90
        6
176
     1
 90
        2
176
     1
 62
     7
176
     1
 90
        3
176
     1
 90
        0
176
     1
 90
        0
176
     1
290
     0
176
     1
 90
        1
176
     1
 40
0.0
176
     1
 90
        0
176
     1
290
     0
176
     1
290
     1
176
     1
290
     1
176
     1
290
     0
176
     1
290
     0
176
     1
290
     0
176
     1
290
     0
176
     1
290
     0
176
     1
290
     0
176
     1
 90
       50
176
     1
 40
0.0
176
     1
 40
1.0
176
     1
 90
        0
176
     1
 62
    18
420
        0
176
     1
 90
       50
176
     1
 90
        3
176
     1
 62
     5
420
      255
176
     1
290
     0
176
     1
 90
       50
176
     1
 90
       50
176
     1
 90
       50
176
     1
290
     0
176
     1
 90
       50
176
     1
 62
   256
176
     0
 40
1.0
176
     0
 90
        2
176
     1
  1
strokes_ogs.tif
176
     1
290
     0
176
     1
 40
1.0
176
     1
 40
1.0
176
     1
  0
VISUALSTYLE
  5
46A
102
{ACAD_REACTORS
330
26A
102
}
330
26A
100
AcDbVisualStyle
  2
Dim
 70
    11
177
     3
291
     1
 70
    58
 90
        2
176
     1
 90
        2
176
     1
 90
        0
176
     1
 90
        0
176
     1
 40
0.6
176
     1
 40
30.0
176
     1
 62
     7
420
 16777215
176
     1
 90
        1
176
     1
 90
        4
176
     1
 62
     7
176
     1
 62
   257
176
     1
 90
        1
176
     1
 90
        1
176
     1
 40
1.0
176
     1
 90
        8
176
     1
 62
     7
176
     1
 40
1.0
176
     1
 90
        1
176
     1
 90
        6
176
     1
 90
        2
176
     1
 62
     7
176
     1
 90
        5
176
     1
 90
        0
176
     1
 90
        0
176
     1
290
     0
176
     1
 90
        1
176
     1
 40
-50.0
176
     1
 90
        0
176
     1
290
     0
176
     1
290
     1
176
     1
290
     1
176
     1
290
     0
176
     1
290
     0
176
     1
290
     0
176
     1
290
     0
176
     1
290
     0
176
     1
290
     0
176
     1
 90
       50
176
     1
 40
0.0
176
     1
 40
1.0
176
     1
 90
        0
176
     1
 62
    18
420
        0
176
     1
 90
       50
176
     1
 90
        3
176
     1
 62
     5
420
      255
176
     1
290
     0
176
     1
 90
       50
176
     1
 90
       50
176
     1
 90
       50
176
     1
290
     0
176
     1
 90
       50
176
     1
 62
   256
176
     0
 40
1.0
176
     0
 90
        2
176
     1
  1
strokes_ogs.tif
176
     1
290
     0
176
     1
 40
1.0
176
     1
 40
1.0
176
     1
  0
VISUALSTYLE
  5
477
102
{ACAD_REACTORS
330
26A
102
}
330
26A
100
AcDbVisualStyle
  2
EdgeColorOff
 70
    22
177
     3
291
     1
 70
    58
 90
        2
176
     0
 90
        2
176
     0
 90
        0
176
     0
 90
        0
176
     0
 40
0.6
176
     0
 40
30.0
176
     0
 62
     7
420
 16777215
176
     0
 90
        1
176
     0
 90
        4
176
     0
 62
     7
176
     0
 62
   257
176
     0
 90
        1
176
     0
 90
        1
176
     0
 40
1.0
176
     0
 90
        8
176
     2
 62
     7
176
     0
 40
1.0
176
     0
 90
        1
176
     0
 90
        6
176
     0
 90
        2
176
     0
 62
     7
176
     0
 90
        5
176
     0
 90
        0
176
     0
 90
        0
176
     0
290
     0
176
     0
 90
        1
176
     0
 40
0.0
176
     0
 90
        0
176
     0
290
     0
176
     0
290
     1
176
     0
290
     1
176
     0
290
     0
176
     0
290
     0
176
     0
290
     0
176
     0
290
     0
176
     0
290
     0
176
     0
290
     0
176
     0
 90
       50
176
     0
 40
0.0
176
     0
 40
1.0
176
     0
 90
        0
176
     0
 62
    18
420
        0
176
     0
 90
       50
176
     0
 90
        3
176
     0
 62
     5
420
      255
176
     0
290
     0
176
     0
 90
       50
176
     0
 90
       50
176
     0
 90
       50
176
     0
290
     0
176
     0
 90
       50
176
     0
 62
   256
176
     0
 40
1.0
176
     0
 90
        2
176
     0
  1
strokes_ogs.tif
176
     0
290
     0
176
     0
 40
1.0
176
     0
 40
1.0
176
     0
  0
VISUALSTYLE
  5
46E
102
{ACAD_REACTORS
330
26A
102
}
330
26A
100
AcDbVisualStyle
  2
Facepattern
 70
    15
177
     3
291
     1
 70
    58
 90
        2
176
     1
 90
        2
176
     1
 90
        0
176
     1
 90
        0
176
     1
 40
0.6
176
     1
 40
30.0
176
     1
 62
     7
420
 16777215
176
     1
 90
        1
176
     1
 90
        4
176
     1
 62
     7
176
     1
 62
   257
176
     1
 90
        1
176
     1
 90
        1
176
     1
 40
1.0
176
     1
 90
        8
176
     1
 62
     7
176
     1
 40
1.0
176
     1
 90
        1
176
     1
 90
        6
176
     1
 90
        2
176
     1
 62
     7
176
     1
 90
        5
176
     1
 90
        0
176
     1
 90
        0
176
     1
290
     0
176
     1
 90
        1
176
     1
 40
0.0
176
     1
 90
        0
176
     1
290
     0
176
     1
290
     1
176
     1
290
     1
176
     1
290
     0
176
     1
290
     0
176
     1
290
     0
176
     1
290
     0
176
     1
290
     0
176
     1
290
     0
176
     1
 90
       50
176
     1
 40
0.0
176
     1
 40
1.0
176
     1
 90
        0
176
     1
 62
    18
420
        0
176
     1
 90
       50
176
     1
 90
        3
176
     1
 62
     5
420
      255
176
     1
290
     0
176
     1
 90
       50
176
     1
 90
       50
176
     1
 90
       50
176
     1
290
     0
176
     1
 90
       50
176
     1
 62
   256
176
     0
 40
1.0
176
     0
 90
        2
176
     1
  1
strokes_ogs.tif
176
     1
290
     0
176
     1
 40
1.0
176
     1
 40
1.0
176
     1
  0
VISUALSTYLE
  5
463
102
{ACAD_REACTORS
330
26A
102
}
330
26A
100
AcDbVisualStyle
  2
Flat
 70
     0
177
     3
291
     1
 70
    58
 90
        2
176
     1
 90
        1
176
     1
 90
        1
176
     1
 90
        2
176
     1
 40
0.6
176
     1
 40
30.0
176
     1
 62
     7
420
 16777215
176
     1
 90
        0
176
     1
 90
        0
176
     1
 62
     7
176
     1
 62
   257
176
     1
 90
        1
176
     1
 90
        1
176
     1
 40
1.0
176
     1
 90
        8
176
     1
 62
     7
176
     1
 40
1.0
176
     1
 90
        1
176
     1
 90
        6
176
     1
 90
        2
176
     1
 62
     7
176
     1
 90
        5
176
     1
 90
        0
176
     1
 90
        0
176
     1
290
     0
176
     1
 90
       13
176
     1
 40
0.0
176
     1
 90
        0
176
     1
290
     0
176
     1
290
     1
176
     1
290
     1
176
     1
290
     0
176
     1
290
     0
176
     1
290
     0
176
     1
290
     0
176
     1
290
     0
176
     1
290
     0
176
     1
 90
       50
176
     1
 40
0.0
176
     1
 40
1.0
176
     1
 90
        0
176
     1
 62
    18
420
        0
176
     1
 90
       50
176
     1
 90
        3
176
     1
 62
     5
420
      255
176
     1
290
     0
176
     1
 90
       50
176
     1
 90
       50
176
     1
 90
       50
176
     1
290
     0
176
     1
 90
       50
176
     1
 62
   256
176
     0
 40
1.0
176
     0
 90
        2
176
     1
  1
strokes_ogs.tif
176
     1
290
     0
176
     1
 40
1.0
176
     1
 40
1.0
176
     1
  0
VISUALSTYLE
  5
464
102
{ACAD_REACTORS
330
26A
102
}
330
26A
100
AcDbVisualStyle
  2
FlatWithEdges
 70
     1
177
     3
291
     1
 70
    58
 90
        2
176
     1
 90
        1
176
     1
 90
        1
176
     1
 90
        2
176
     1
 40
0.6
176
     1
 40
30.0
176
     1
 62
     7
420
 16777215
176
     1
 90
        1
176
     1
 90
        0
176
     1
 62
     7
176
     1
 62
   257
176
     1
 90
        1
176
     1
 90
        1
176
     1
 40
1.0
176
     1
 90
        0
176
     1
 62
   257
176
     1
 40
1.0
176
     1
 90
        1
176
     1
 90
        6
176
     1
 90
        2
176
     1
 62
     7
176
     1
 90
        5
176
     1
 90
        0
176
     1
 90
        0
176
     1
290
     0
176
     1
 90
       13
176
     1
 40
0.0
176
     1
 90
        0
176
     1
290
     0
176
     1
290
     1
176
     1
290
     1
176
     1
290
     0
176
     1
290
     0
176
     1
290
     0
176
     1
290
     0
176
     1
290
     0
176
     1
290
     0
176
     1
 90
       50
176
     1
 40
0.0
176
     1
 40
1.0
176
     1
 90
        0
176
     1
 62
    18
420
        0
176
     1
 90
       50
176
     1
 90
        3
176
     1
 62
     5
420
      255
176
     1
290
     0
176
     1
 90
       50
176
     1
 90
       50
176
     1
 90
       50
176
     1
290
     0
176
     1
 90
       50
176
     1
 62
   256
176
     0
 40
1.0
176
     0
 90
        2
176
     1
  1
strokes_ogs.tif
176
     1
290
     0
176
     1
 40
1.0
176
     1
 40
1.0
176
     1
  0
VISUALSTYLE
  5
465
102
{ACAD_REACTORS
330
26A
102
}
330
26A
100
AcDbVisualStyle
  2
Gouraud
 70
     2
177
     3
291
     1
 70
    58
 90
        2
176
     1
 90
        2
176
     1
 90
        1
176
     1
 90
        2
176
     1
 40
0.6
176
     1
 40
30.0
176
     1
 62
     7
420
 16777215
176
     1
 90
        0
176
     1
 90
        0
176
     1
 62
     7
176
     1
 62
   257
176
     1
 90
        1
176
     1
 90
        1
176
     1
 40
1.0
176
     1
 90
        0
176
     1
 62
     7
176
     1
 40
1.0
176
     1
 90
        1
176
     1
 90
        6
176
     1
 90
        2
176
     1
 62
     7
176
     1
 90
        5
176
     1
 90
        0
176
     1
 90
        0
176
     1
290
     0
176
     1
 90
       13
176
     1
 40
0.0
176
     1
 90
        0
176
     1
290
     0
176
     1
290
     1
176
     1
290
     1
176
     1
290
     0
176
     1
290
     0
176
     1
290
     0
176
     1
290
     0
176
     1
290
     0
176
     1
290
     0
176
     1
 90
       50
176
     1
 40
0.0
176
     1
 40
1.0
176
     1
 90
        0
176
     1
 62
    18
420
        0
176
     1
 90
       50
176
     1
 90
        3
176
     1
 62
     5
420
      255
176
     1
290
     0
176
     1
 90
       50
176
     1
 90
       50
176
     1
 90
       50
176
     1
290
     0
176
     1
 90
       50
176
     1
 62
   256
176
     0
 40
1.0
176
     0
 90
        2
176
     1
  1
strokes_ogs.tif
176
     1
290
     0
176
     1
 40
1.0
176
     1
 40
1.0
176
     1
  0
VISUALSTYLE
  5
466
102
{ACAD_REACTORS
330
26A
102
}
330
26A
100
AcDbVisualStyle
  2
GouraudWithEdges
 70
     3
177
     3
291
     1
 70
    58
 90
        2
176
     1
 90
        2
176
     1
 90
        1
176
     1
 90
        2
176
     1
 40
0.6
176
     1
 40
30.0
176
     1
 62
     7
420
 16777215
176
     1
 90
        1
176
     1
 90
        0
176
     1
 62
     7
176
     1
 62
   257
176
     1
 90
        1
176
     1
 90
        1
176
     1
 40
1.0
176
     1
 90
        0
176
     1
 62
   257
176
     1
 40
1.0
176
     1
 90
        1
176
     1
 90
        6
176
     1
 90
        2
176
     1
 62
     7
176
     1
 90
        5
176
     1
 90
        0
176
     1
 90
        0
176
     1
290
     0
176
     1
 90
       13
176
     1
 40
0.0
176
     1
 90
        0
176
     1
290
     0
176
     1
290
     1
176
     1
290
     1
176
     1
290
     0
176
     1
290
     0
176
     1
290
     0
176
     1
290
     0
176
     1
290
     0
176
     1
290
     0
176
     1
 90
       50
176
     1
 40
0.0
176
     1
 40
1.0
176
     1
 90
        0
176
     1
 62
    18
420
        0
176
     1
 90
       50
176
     1
 90
        3
176
     1
 62
     5
420
      255
176
     1
290
     0
176
     1
 90
       50
176
     1
 90
       50
176
     1
 90
       50
176
     1
290
     0
176
     1
 90
       50
176
     1
 62
   256
176
     0
 40
1.0
176
     0
 90
        2
176
     1
  1
strokes_ogs.tif
176
     1
290
     0
176
     1
 40
1.0
176
     1
 40
1.0
176
     1
  0
VISUALSTYLE
  5
468
102
{ACAD_REACTORS
330
26A
102
}
330
26A
100
AcDbVisualStyle
  2
Hidden
 70
     6
177
     3
291
     0
 70
    58
 90
        1
176
     1
 90
        2
176
     1
 90
        2
176
     1
 90
        0
176
     1
 40
0.6
176
     1
 40
30.0
176
     1
 62
     7
420
 16777215
176
     1
 90
        2
176
     1
 90
        2
176
     1
 62
     7
176
     1
 62
   257
176
     1
 90
        2
176
     1
 90
        1
176
     1
 40
40.0
176
     1
 90
        0
176
     1
 62
   257
176
     1
 40
1.0
176
     1
 90
        1
176
     1
 90
        6
176
     1
 90
        2
176
     1
 62
     7
176
     1
 90
        3
176
     1
 90
        0
176
     1
 90
        0
176
     1
290
     0
176
     1
 90
        1
176
     1
 40
0.0
176
     1
 90
        0
176
     1
290
     0
176
     1
290
     1
176
     1
290
     1
176
     1
290
     0
176
     1
290
     0
176
     1
290
     0
176
     1
290
     0
176
     1
290
     0
176
     1
290
     0
176
     1
 90
       50
176
     1
 40
0.0
176
     1
 40
1.0
176
     1
 90
        0
176
     1
 62
    18
420
        0
176
     1
 90
       50
176
     1
 90
        3
176
     1
 62
     5
420
      255
176
     1
290
     0
176
     1
 90
       50
176
     1
 90
       50
176
     1
 90
       50
176
     1
290
     0
176
     1
 90
       50
176
     1
 62
   256
176
     0
 40
1.0
176
     0
 90
        2
176
     1
  1
strokes_ogs.tif
176
     1
290
     0
176
     1
 40
1.0
176
     1
 40
1.0
176
     1
  0
VISUALSTYLE
  5
475
102
{ACAD_REACTORS
330
26A
102
}
330
26A
100
AcDbVisualStyle
  2
JitterOff
 70
    20
177
     3
291
     1
 70
    58
 90
        2
176
     0
 90
        2
176
     0
 90
        0
176
     0
 90
        0
176
     0
 40
0.6
176
     0
 40
30.0
176
     0
 62
     7
420
 16777215
176
     0
 90
        1
176
     0
 90
        4
176
     0
 62
     7
176
     0
 62
   257
176
     0
 90
        1
176
     0
 90
        1
176
     0
 40
1.0
176
     0
 90
       10
176
     2
 62
     7
176
     0
 40
1.0
176
     0
 90
        1
176
     0
 90
        6
176
     0
 90
        2
176
     0
 62
     7
176
     0
 90
        5
176
     0
 90
        0
176
     0
 90
        0
176
     0
290
     0
176
     0
 90
        1
176
     0
 40
0.0
176
     0
 90
        0
176
     0
290
     0
176
     0
290
     1
176
     0
290
     1
176
     0
290
     0
176
     0
290
     0
176
     0
290
     0
176
     0
290
     0
176
     0
290
     0
176
     0
290
     0
176
     0
 90
       50
176
     0
 40
0.0
176
     0
 40
1.0
176
     0
 90
        0
176
     0
 62
    18
420
        0
176
     0
 90
       50
176
     0
 90
        3
176
     0
 62
     5
420
      255
176
     0
290
     0
176
     0
 90
       50
176
     0
 90
       50
176
     0
 90
       50
176
     0
290
     0
176
     0
 90
       50
176
     0
 62
   256
176
     0
 40
1.0
176
     0
 90
        2
176
     0
  1
strokes_ogs.tif
176
     0
290
     0
176
     0
 40
1.0
176
     0
 40
1.0
176
     0
  0
VISUALSTYLE
  5
46D
102
{ACAD_REACTORS
330
26A
102
}
330
26A
100
AcDbVisualStyle
  2
Linepattern
 70
    14
177
     3
291
     1
 70
    58
 90
        2
176
     1
 90
        2
176
     1
 90
        0
176
     1
 90
        0
176
     1
 40
0.6
176
     1
 40
30.0
176
     1
 62
     7
420
 16777215
176
     1
 90
        1
176
     1
 90
        4
176
     1
 62
     7
176
     1
 62
   257
176
     1
 90
        7
176
     1
 90
        7
176
     1
 40
1.0
176
     1
 90
        8
176
     1
 62
     7
176
     1
 40
1.0
176
     1
 90
        1
176
     1
 90
        6
176
     1
 90
        2
176
     1
 62
     7
176
     1
 90
        5
176
     1
 90
        0
176
     1
 90
        0
176
     1
290
     0
176
     1
 90
        1
176
     1
 40
0.0
176
     1
 90
        0
176
     1
290
     0
176
     1
290
     1
176
     1
290
     1
176
     1
290
     0
176
     1
290
     0
176
     1
290
     0
176
     1
290
     0
176
     1
290
     0
176
     1
290
     0
176
     1
 90
       50
176
     1
 40
0.0
176
     1
 40
1.0
176
     1
 90
        0
176
     1
 62
    18
420
        0
176
     1
 90
       50
176
     1
 90
        3
176
     1
 62
     5
420
      255
176
     1
290
     0
176
     1
 90
       50
176
     1
 90
       50
176
     1
 90
       50
176
     1
290
     0
176
     1
 90
       50
176
     1
 62
   256
176
     0
 40
1.0
176
     0
 90
        2
176
     1
  1
strokes_ogs.tif
176
     1
290
     0
176
     1
 40
1.0
176
     1
 40
1.0
176
     1
  0
VISUALSTYLE
  5
476
102
{ACAD_REACTORS
330
26A
102
}
330
26A
100
AcDbVisualStyle
  2
OverhangOff
 70
    21
177
     3
291
     1
 70
    58
 90
        2
176
     0
 90
        2
176
     0
 90
        0
176
     0
 90
        0
176
     0
 40
0.6
176
     0
 40
30.0
176
     0
 62
     7
420
 16777215
176
     0
 90
        1
176
     0
 90
        4
176
     0
 62
     7
176
     0
 62
   257
176
     0
 90
        1
176
     0
 90
        1
176
     0
 40
1.0
176
     0
 90
        9
176
     2
 62
     7
176
     0
 40
1.0
176
     0
 90
        1
176
     0
 90
        6
176
     0
 90
        2
176
     0
 62
     7
176
     0
 90
        5
176
     0
 90
        0
176
     0
 90
        0
176
     0
290
     0
176
     0
 90
        1
176
     0
 40
0.0
176
     0
 90
        0
176
     0
290
     0
176
     0
290
     1
176
     0
290
     1
176
     0
290
     0
176
     0
290
     0
176
     0
290
     0
176
     0
290
     0
176
     0
290
     0
176
     0
290
     0
176
     0
 90
       50
176
     0
 40
0.0
176
     0
 40
1.0
176
     0
 90
        0
176
     0
 62
    18
420
        0
176
     0
 90
       50
176
     0
 90
        3
176
     0
 62
     5
420
      255
176
     0
290
     0
176
     0
 90
       50
176
     0
 90
       50
176
     0
 90
       50
176
     0
290
     0
176
     0
 90
       50
176
     0
 62
   256
176
     0
 40
1.0
176
     0
 90
        2
176
     0
  1
strokes_ogs.tif
176
     0
290
     0
176
     0
 40
1.0
176
     0
 40
1.0
176
     0
  0
VISUALSTYLE
  5
291
102
{ACAD_REACTORS
330
26A
102
}
330
26A
100
AcDbVisualStyle
  2
Realistic
 70
     8
177
     3
291
     0
 70
    58
 90
        2
176
     1
 90
        2
176
     1
 90
        0
176
     1
 90
        2
176
     1
 40
0.6
176
     1
 40
30.0
176
     1
 62
     7
420
 16777215
176
     1
 90
        0
176
     1
 90
        0
176
     1
 62
     7
176
     1
 62
   257
176
     1
 90
        1
176
     1
 90
        1
176
     1
 40
1.0
176
     1
 90
        8
176
     1
 62
   257
176
     1
 40
1.0
176
     1
 90
        1
176
     1
 90
        6
176
     1
 90
        2
176
     1
 62
     7
176
     1
 90
        3
176
     1
 90
        0
176
     1
 90
        0
176
     1
290
     0
176
     1
 90
       13
176
     1
 40
0.0
176
     1
 90
        0
176
     1
290
     0
176
     1
290
     1
176
     1
290
     1
176
     1
290
     0
176
     1
290
     0
176
     1
290
     0
176
     1
290
     0
176
     1
290
     0
176
     1
290
     0
176
     1
 90
       50
176
     1
 40
0.0
176
     1
 40
1.0
176
     1
 90
        0
176
     1
 62
    18
420
        0
176
     1
 90
       50
176
     1
 90
        3
176
     1
 62
     5
420
      255
176
     1
290
     0
176
     1
 90
       50
176
     1
 90
       50
176
     1
 90
       50
176
     1
290
     0
176
     1
 90
       50
176
     1
 62
   256
176
     0
 40
1.0
176
     0
 90
        2
176
     1
  1
strokes_ogs.tif
176
     1
290
     0
176
     1
 40
1.0
176
     1
 40
1.0
176
     1
  0
VISUALSTYLE
  5
474
102
{ACAD_REACTORS
330
26A
102
}
330
26A
100
AcDbVisualStyle
  2
Shaded
 70
    27
177
     3
291
     0
 70
    58
 90
        2
176
     1
 90
        2
176
     1
 90
        1
176
     1
 90
        2
176
     1
 40
0.6
176
     1
 40
30.0
176
     1
 62
     7
420
 16777215
176
     1
 90
        0
176
     1
 90
        4
176
     1
 62
     7
176
     1
 62
   257
176
     1
 90
        1
176
     1
 90
        1
176
     1
 40
1.0
176
     1
 90
        8
176
     1
 62
   257
176
     1
 40
1.0
176
     1
 90
        1
176
     1
 90
        6
176
     1
 90
        2
176
     1
 62
     8
420
  7895160
176
     1
 90
        3
176
     1
 90
        0
176
     1
 90
        0
176
     1
290
     0
176
     1
 90
        5
176
     1
 40
0.0
176
     1
 90
        0
176
     1
290
     0
176
     1
290
     1
176
     1
290
     1
176
     1
290
     0
176
     1
290
     0
176
     1
290
     0
176
     1
290
     0
176
     1
290
     0
176
     1
290
     0
176
     1
 90
       50
176
     1
 40
0.0
176
     1
 40
1.0
176
     1
 90
        0
176
     1
 62
    18
420
        0
176
     1
 90
       50
176
     1
 90
        3
176
     1
 62
     5
420
      255
176
     1
290
     0
176
     1
 90
       50
176
     1
 90
       50
176
     1
 90
       50
176
     1
290
     0
176
     1
 90
       50
176
     1
 62
   256
176
     0
 40
1.0
176
     0
 90
        2
176
     1
  1
strokes_ogs.tif
176
     1
290
     0
176
     1
 40
1.0
176
     1
 40
1.0
176
     1
  0
VISUALSTYLE
  5
473
102
{ACAD_REACTORS
330
26A
102
}
330
26A
100
AcDbVisualStyle
  2
Shaded with edges
 70
    26
177
     3
291
     0
 70
    58
 90
        2
176
     1
 90
        2
176
     1
 90
        1
176
     1
 90
        2
176
     1
 40
0.6
176
     1
 40
30.0
176
     1
 62
     7
420
 16777215
176
     1
 90
        1
176
     1
 90
        2
176
     1
 62
     7
176
     1
 62
   257
176
     1
 90
        2
176
     1
 90
        1
176
     1
 40
1.0
176
     1
 90
        8
176
     1
 62
   257
176
     1
 40
1.0
176
     1
 90
        1
176
     1
 90
        6
176
     1
 90
        2
176
     1
 62
     7
176
     1
 90
        3
176
     1
 90
        0
176
     1
 90
        0
176
     1
290
     0
176
     1
 90
        5
176
     1
 40
0.0
176
     1
 90
        0
176
     1
290
     0
176
     1
290
     1
176
     1
290
     1
176
     1
290
     0
176
     1
290
     0
176
     1
290
     0
176
     1
290
     0
176
     1
290
     0
176
     1
290
     0
176
     1
 90
       50
176
     1
 40
0.0
176
     1
 40
1.0
176
     1
 90
        0
176
     1
 62
    18
420
        0
176
     1
 90
       50
176
     1
 90
        3
176
     1
 62
     5
420
      255
176
     1
290
     0
176
     1
 90
       50
176
     1
 90
       50
176
     1
 90
       50
176
     1
290
     0
176
     1
 90
       50
176
     1
 62
   256
176
     0
 40
1.0
176
     0
 90
        2
176
     1
  1
strokes_ogs.tif
176
     1
290
     0
176
     1
 40
1.0
176
     1
 40
1.0
176
     1
  0
VISUALSTYLE
  5
470
102
{ACAD_REACTORS
330
26A
102
}
330
26A
100
AcDbVisualStyle
  2
Shades of Gray
 70
    23
177
     3
291
     0
 70
    58
 90
        2
176
     1
 90
        2
176
     1
 90
        3
176
     1
 90
        0
176
     1
 40
0.6
176
     1
 40
30.0
176
     1
 62
     7
420
 16777215
176
     1
 90
        2
176
     1
 90
        2
176
     1
 62
     7
176
     1
 62
     7
176
     1
 90
        1
176
     1
 90
        1
176
     1
 40
40.0
176
     1
 90
        8
176
     1
 62
     7
176
     1
 40
1.0
176
     1
 90
        1
176
     1
 90
        6
176
     1
 90
        2
176
     1
 62
     7
176
     1
 90
        3
176
     1
 90
        0
176
     1
 90
        0
176
     1
290
     0
176
     1
 90
        1
176
     1
 40
0.0
176
     1
 90
        0
176
     1
290
     0
176
     1
290
     1
176
     1
290
     1
176
     1
290
     0
176
     1
290
     0
176
     1
290
     0
176
     1
290
     0
176
     1
290
     0
176
     1
290
     0
176
     1
 90
       50
176
     1
 40
0.0
176
     1
 40
1.0
176
     1
 90
        0
176
     1
 62
    18
420
        0
176
     1
 90
       50
176
     1
 90
        3
176
     1
 62
     5
420
      255
176
     1
290
     0
176
     1
 90
       50
176
     1
 90
       50
176
     1
 90
       50
176
     1
290
     0
176
     1
 90
       50
176
     1
 62
   256
176
     0
 40
1.0
176
     0
 90
        2
176
     1
  1
strokes_ogs.tif
176
     1
290
     0
176
     1
 40
1.0
176
     1
 40
1.0
176
     1
  0
VISUALSTYLE
  5
471
102
{ACAD_REACTORS
330
26A
102
}
330
26A
100
AcDbVisualStyle
  2
Sketchy
 70
    24
177
     3
291
     0
 70
    58
 90
        1
176
     1
 90
        2
176
     1
 90
        2
176
     1
 90
        0
176
     1
 40
0.6
176
     1
 40
30.0
176
     1
 62
     7
420
 16777215
176
     1
 90
        2
176
     1
 90
        2
176
     1
 62
     7
176
     1
 62
     7
176
     1
 90
        1
176
     1
 90
        1
176
     1
 40
40.0
176
     1
 90
       11
176
     1
 62
     7
176
     1
 40
1.0
176
     1
 90
        1
176
     1
 90
        6
176
     1
 90
        2
176
     1
 62
     7
176
     1
 90
        6
176
     1
 90
        0
176
     1
 90
        0
176
     1
290
     0
176
     1
 90
        1
176
     1
 40
0.0
176
     1
 90
        0
176
     1
290
     0
176
     1
290
     1
176
     1
290
     1
176
     1
290
     0
176
     1
290
     0
176
     1
290
     0
176
     1
290
     0
176
     1
290
     0
176
     1
290
     0
176
     1
 90
       50
176
     1
 40
0.0
176
     1
 40
1.0
176
     1
 90
        0
176
     1
 62
    18
420
        0
176
     1
 90
       50
176
     1
 90
        3
176
     1
 62
     5
420
      255
176
     1
290
     0
176
     1
 90
       50
176
     1
 90
       50
176
     1
 90
       50
176
     1
290
     0
176
     1
 90
       50
176
     1
 62
   256
176
     0
 40
1.0
176
     0
 90
        2
176
     1
  1
strokes_ogs.tif
176
     1
290
     0
176
     1
 40
1.0
176
     1
 40
1.0
176
     1
  0
VISUALSTYLE
  5
46C
102
{ACAD_REACTORS
330
26A
102
}
330
26A
100
AcDbVisualStyle
  2
Thicken
 70
    13
177
     3
291
     1
 70
    58
 90
        2
176
     1
 90
        2
176
     1
 90
        0
176
     1
 90
        0
176
     1
 40
0.6
176
     1
 40
30.0
176
     1
 62
     7
420
 16777215
176
     1
 90
        1
176
     1
 90
        4
176
     1
 62
     7
176
     1
 62
   257
176
     1
 90
        1
176
     1
 90
        1
176
     1
 40
1.0
176
     1
 90
       12
176
     1
 62
     7
176
     1
 40
1.0
176
     1
 90
        1
176
     1
 90
        6
176
     1
 90
        2
176
     1
 62
     7
176
     1
 90
        5
176
     1
 90
        0
176
     1
 90
        0
176
     1
290
     0
176
     1
 90
        1
176
     1
 40
0.0
176
     1
 90
        0
176
     1
290
     0
176
     1
290
     1
176
     1
290
     1
176
     1
290
     0
176
     1
290
     0
176
     1
290
     0
176
     1
290
     0
176
     1
290
     0
176
     1
290
     0
176
     1
 90
       50
176
     1
 40
0.0
176
     1
 40
1.0
176
     1
 90
        0
176
     1
 62
    18
420
        0
176
     1
 90
       50
176
     1
 90
        3
176
     1
 62
     5
420
      255
176
     1
290
     0
176
     1
 90
       50
176
     1
 90
       50
176
     1
 90
       50
176
     1
290
     0
176
     1
 90
       50
176
     1
 62
   256
176
     0
 40
1.0
176
     0
 90
        2
176
     1
  1
strokes_ogs.tif
176
     1
290
     0
176
     1
 40
1.0
176
     1
 40
1.0
176
     1
  0
VISUALSTYLE
  5
292
102
{ACAD_REACTORS
330
26A
102
}
330
26A
100
AcDbVisualStyle
  2
Wireframe
 70
     5
177
     3
291
     0
 70
    58
 90
        0
176
     1
 90
        2
176
     1
 90
        0
176
     1
 90
        0
176
     1
 40
0.6
176
     1
 40
30.0
176
     1
 62
     7
420
 16777215
176
     1
 90
        1
176
     1
 90
        4
176
     1
 62
     7
176
     1
 62
   257
176
     1
 90
        1
176
     1
 90
        1
176
     1
 40
1.0
176
     1
 90
        0
176
     1
 62
   257
176
     1
 40
1.0
176
     1
 90
        1
176
     1
 90
        6
176
     1
 90
        2
176
     1
 62
     7
176
     1
 90
        3
176
     1
 90
        0
176
     1
 90
        0
176
     1
290
     0
176
     1
 90
        1
176
     1
 40
0.0
176
     1
 90
        0
176
     1
290
     0
176
     1
290
     1
176
     1
290
     1
176
     1
290
     0
176
     1
290
     0
176
     1
290
     0
176
     1
290
     0
176
     1
290
     0
176
     1
290
     0
176
     1
 90
       50
176
     1
 40
0.0
176
     1
 40
1.0
176
     1
 90
        0
176
     1
 62
    18
420
        0
176
     1
 90
       50
176
     1
 90
        3
176
     1
 62
     5
420
      255
176
     1
290
     0
176
     1
 90
       50
176
     1
 90
       50
176
     1
 90
       50
176
     1
290
     0
176
     1
 90
       50
176
     1
 62
   256
176
     0
 40
1.0
176
     0
 90
        2
176
     1
  1
strokes_ogs.tif
176
     1
290
     0
176
     1
 40
1.0
176
     1
 40
1.0
176
     1
  0
VISUALSTYLE
  5
472
102
{ACAD_REACTORS
330
26A
102
}
330
26A
100
AcDbVisualStyle
  2
X-Ray
 70
    25
177
     3
291
     0
 70
    58
 90
        2
176
     1
 90
        2
176
     1
 90
        1
176
     1
 90
        1
176
     1
 40
0.5
176
     1
 40
30.0
176
     1
 62
     7
420
 16777215
176
     1
 90
        1
176
     1
 90
        0
176
     1
 62
     7
176
     1
 62
   257
176
     1
 90
        1
176
     1
 90
        1
176
     1
 40
1.0
176
     1
 90
        8
176
     1
 62
     7
176
     1
 40
1.0
176
     1
 90
        1
176
     1
 90
        6
176
     1
 90
        2
176
     1
 62
     7
176
     1
 90
        3
176
     1
 90
        0
176
     1
 90
        0
176
     1
290
     0
176
     1
 90
       13
176
     1
 40
0.0
176
     1
 90
        0
176
     1
290
     0
176
     1
290
     1
176
     1
290
     1
176
     1
290
     0
176
     1
290
     0
176
     1
290
     0
176
     1
290
     0
176
     1
290
     0
176
     1
290
     0
176
     1
 90
       50
176
     1
 40
0.0
176
     1
 40
1.0
176
     1
 90
        0
176
     1
 62
    18
420
        0
176
     1
 90
       50
176
     1
 90
        3
176
     1
 62
     5
420
      255
176
     1
290
     0
176
     1
 90
       50
176
     1
 90
       50
176
     1
 90
       50
176
     1
290
     0
176
     1
 90
       50
176
     1
 62
   256
176
     0
 40
1.0
176
     0
 90
        2
176
     1
  1
strokes_ogs.tif
176
     1
290
     0
176
     1
 40
1.0
176
     1
 40
1.0
176
     1
  0
DICTIONARYVAR
  5
288
102
{ACAD_REACTORS
330
287
102
}
330
287
100
DictionaryVariables
280
     0
  1
1:1
  0
DICTIONARYVAR
  5
289
102
{ACAD_REACTORS
330
287
102
}
330
287
100
DictionaryVariables
280
     0
  1
3.500000
  0
DICTIONARYVAR
  5
28A
102
{ACAD_REACTORS
330
287
102
}
330
287
100
DictionaryVariables
280
     0
  1
acadiso.lin
  0
DICTIONARYVAR
  5
28B
102
{ACAD_REACTORS
330
287
102
}
330
287
100
DictionaryVariables
280
     0
  1
STANDARD
  0
DICTIONARYVAR
  5
28C
102
{ACAD_REACTORS
330
287
102
}
330
287
100
DictionaryVariables
280
     0
  1
STANDARD
  0
DICTIONARYVAR
  5
28D
102
{ACAD_REACTORS
330
287
102
}
330
287
100
DictionaryVariables
280
     0
  1
Metric50
  0
DICTIONARYVAR
  5
28E
102
{ACAD_REACTORS
330
287
102
}
330
287
100
DictionaryVariables
280
     0
  1
Metric50
  0
DICTIONARYVAR
  5
45F
102
{ACAD_REACTORS
330
287
102
}
330
287
100
DictionaryVariables
280
     0
  1
0
  0
DICTIONARYVAR
  5
460
102
{ACAD_REACTORS
330
287
102
}
330
287
100
DictionaryVariables
280
     0
  1
0
  0
DICTIONARYVAR
  5
45E
102
{ACAD_REACTORS
330
287
102
}
330
287
100
DictionaryVariables
280
     0
  1
2
  0
DICTIONARYVAR
  5
45D
102
{ACAD_REACTORS
330
287
102
}
330
287
100
DictionaryVariables
280
     0
  1
1
  0
DICTIONARY
  5
451
330
24E
100
AcDbDictionary
280
     1
281
     1
  0
DICTIONARY
  5
27C
330
27B
100
AcDbDictionary
280
     1
281
     1
  3
BUMPTILE
360
27D
  3
DIFFUSETILE
360
27E
  3
OPACITYTILE
360
27F
  3
REFLECTIONTILE
360
280
  3
REFRACTIONTILE
360
281
  3
SPECULARTILE
360
282
  0
DICTIONARY
  5
274
330
273
100
AcDbDictionary
280
     1
281
     1
  3
BUMPTILE
360
275
  3
DIFFUSETILE
360
276
  3
OPACITYTILE
360
277
  3
REFLECTIONTILE
360
278
  3
REFRACTIONTILE
360
279
  3
SPECULARTILE
360
27A
  0
DICTIONARY
  5
C
330
A
100
AcDbDictionary
280
     1
281
     1
  3
BUMPTILE
360
D
  3
DIFFUSETILE
360
E
  3
FBXASSET
360
F
  3
OPACITYTILE
360
10
  3
REFLECTIONTILE
360
11
  3
REFRACTIONTILE
360
12
  3
SPECULARTILE
360
13
  0
DICTIONARY
  5
442
330
290
100
AcDbDictionary
280
     1
281
     1
  3
ACAD_ROUNDTRIP_2008_TABLESTYLE_CELLSTYLEMAP
360
495
  0
XRECORD
  5
27D
102
{ACAD_REACTORS
330
27C
102
}
330
27C
100
AcDbXrecord
280
     1
270
     1
271
     1
  0
XRECORD
  5
27E
102
{ACAD_REACTORS
330
27C
102
}
330
27C
100
AcDbXrecord
280
     1
270
     1
271
     1
  0
XRECORD
  5
27F
102
{ACAD_REACTORS
330
27C
102
}
330
27C
100
AcDbXrecord
280
     1
270
     1
271
     1
  0
XRECORD
  5
280
102
{ACAD_REACTORS
330
27C
102
}
330
27C
100
AcDbXrecord
280
     1
270
     1
271
     1
  0
XRECORD
  5
281
102
{ACAD_REACTORS
330
27C
102
}
330
27C
100
AcDbXrecord
280
     1
270
     1
271
     1
  0
XRECORD
  5
282
102
{ACAD_REACTORS
330
27C
102
}
330
27C
100
AcDbXrecord
280
     1
270
     1
271
     1
  0
XRECORD
  5
275
102
{ACAD_REACTORS
330
274
102
}
330
274
100
AcDbXrecord
280
     1
270
     1
271
     1
  0
XRECORD
  5
276
102
{ACAD_REACTORS
330
274
102
}
330
274
100
AcDbXrecord
280
     1
270
     1
271
     1
  0
XRECORD
  5
277
102
{ACAD_REACTORS
330
274
102
}
330
274
100
AcDbXrecord
280
     1
270
     1
271
     1
  0
XRECORD
  5
278
102
{ACAD_REACTORS
330
274
102
}
330
274
100
AcDbXrecord
280
     1
270
     1
271
     1
  0
XRECORD
  5
279
102
{ACAD_REACTORS
330
274
102
}
330
274
100
AcDbXrecord
280
     1
270
     1
271
     1
  0
XRECORD
  5
27A
102
{ACAD_REACTORS
330
274
102
}
330
274
100
AcDbXrecord
280
     1
270
     1
271
     1
  0
XRECORD
  5
D
102
{ACAD_REACTORS
330
C
102
}
330
C
100
AcDbXrecord
280
     1
270
     1
271
     1
  0
XRECORD
  5
E
102
{ACAD_REACTORS
330
C
102
}
330
C
100
AcDbXrecord
280
     1
270
     1
271
     1
  0
XRECORD
  5
F
102
{ACAD_REACTORS
330
C
102
}
330
C
100
AcDbXrecord
280
     1
 70
     1
 90
1959938040
 71
     1
  1
5858B8AF-9995-4B6A-912A-01156E64EF37
311
504B03041400060808003C560F5D845F987C1C010000A80100004F00000031463731323142442D463439462D343641302D393346422D4530354145334338453145462F4173736574446174612F446566696E6974696F6E4974657261746F7250726F706572746965732E62696E4D903D4EC43010850D05888202890350D09A
311
D889EDC4480825C4A682020E80BCC1EC46F26657EB44946CB9741C8363EC31380625A281B170242CCD7CF3FC33F3E40D42E8272E28D10EC41AF221F0DA7676D536F7CDCCCE0DDA0B3B6E3131EE142A424B91712130CF6B8A192102CB1C529E16695DB19C159CEEC2BD7D88DA3E99C1F5A1E54DEB1BEB9CE9EC62F047B01167
311
9CCC4D0FB38C3B0B8F0E100A5843A0F1C0874ED33F47C1E43384795C9E5F1AEF6D7F91509DD3945635D64C6ACC4449B0CC748515E1A5CAAE0A45954EEEAC5F0CABC6FA8417BCA88A52632925C7AC122596342D31A1940B2598D2599EF4B3217CCD71B031E94CEB1292440B0FCB6EFAFD021E5FBF6EFF7313F5C8B7A847BE47
311
3D721BF5C88FA8477E46FD0B504B03041400060808003C560F5DFA8716B11E010000300200004500000031463731323142442D463439462D343641302D393346422D4530354145334338453145462F4173736574446174612F496E7374616E636550726F706572746965732E62696EEB606060F80F0540260323103700495E
311
20ED9E9A975A94991C9C9C919A9BA8021430B530B570B27074D3B5B4B434D535713273D4B5343472D4353034343573353371753336674768046931363471713532B5D435353131D635313332D475727372D13534373670367376B67474B5042A03DBCBA019D37FE8ABC6157B20CD04146B0062181F4C03F940F0C11EA29A81
311
41C08141002C0426541C106CAC2CA046088033B02A030AC2157C6006F21A8018AAF50194E6010A610250382264E08660284CD9E98021862280A91564B406929A0FF62C401E28B6F88038B83CB1243943D7A928312F25350524A327CCC0F0AB9E81C10CA86433303041E1090220FF780339AC40FACBBFFFFF61EAD88012A240
311
AC0814D766085D05A4C0EA4034B23A00504B03041400060808003C560F5DB5A795FFE3790000DE7900006B00000031463731323142442D463439462D343641302D393346422D4530354145334338453145462F5265736F75726365732F35383538423841462D393939352D344236412D393132412D30313135364536344546
311
33372F7468756D626E61696C2F302F67656E657269635F706E6701DE79218689504E470D0A1A0A0000000D49484452000001000000010008030000006BAC58540000000467414D410000B18F0BFC6105000000017352474200AECE1CE900000192504C5445818181B3B3B35A5A5A4848486060605C5C5C6464648383835E5E
311
5E6262624E4E4EAFAFAF4A4A4AB5B5B54C4C4CB1B1B1858585B7B7B7585858ADADAD7C7C7C464646787878ABABAB747474A7A7A7686868707070B9B9B96E6E6E6A6A6A8B8B8B666666545454565656A5A5A5505050A1A1A1BBBBBB8F8F8F9F9F9F4242425252527676764040403E3E3E9B9B9B7A7A7A8989897E7E7E939393
311
9797974444448787873C3C3C727272BDBDBD3A3A3A6C6C6CA9A9A9A3A3A32020209D9D9DBFBFBF8D8D8D9595959191912626269999992222222424241E1E1EC1C1C1282828C3C3C32C2C2C2A2A2A2E2E2E303030C5C5C53232321C1C1C363636383838343434C7C7C71A1A1A0E0E0E121212484A484C4E4C1616160A0A0A4A
311
4C4A787A781414147C7E7C9193915E605E464846838583878987B1B3B18587856668665A5C5A626462818381A7A7A5A3A3A1B1B1AFADAFAD7072705C5E5C9D9D9BABADAB7E817EB7B9B7585A58BBBDBB4C4C4A8D8F8D747674B5B5B3B7B7B59FA19F606260ABABA9A5A5A39B9B99A9A9A78F8F8D6C6C6AC7C7C5451AD12700
311
002000494441547801DCBD89771BD7B5A70B8EE04C702641712605CE034890E220088028C93245451215B713AF388E7DFD9EEDB8DDCE6ABFF4B57D97137BE50FEFEFDBA74049B6AEED74869B7E87404D2814EBB7F76F0F67A8835CEEBFA0E42B854AA5B2BB5B6BCC951A8D52A93657A914FE0BEEE39FFE2FF395B9B9C6CAD2
311
D4C4606F4B7FFF8D1B37EEDCB97587F7CD9B4343BD134BABE7DB48E3FFA7A228ECD6F6574E4786C0FC8B5FFCE2CD5FFCE297BF7CF3CD5FFC92B52FFE58BFF9E69B776E0EF5F79E55CBBBF9FC3F5D3DFFB07F5898ABAF7CDA3B74E74EC0CE20230561BF096E97E05712BFFCC59BC80539DCE83DDD6E54FE61B7747DE17FB898
311
0BBBFB2BBD4337DF487881AAE6C5ACC6AF25207877B2B527BFF1CB3B77FA47561ABBD7F7FA7FE146A5B6BD74E3164C7F51449AE95DB412200EC539418717E7F2F11B376FF62E95FEAF1442BED0581DBCA1BD2780D23F506AFA16E1A7AD974EF17876F00DD7BCB187A1A97AE51FCED5BF2BC1F2BBE5B3C19BE27B43CF26DE00
311
933658FE129B109C2FFF922CC22C4260FA01BEFB462A77DEBC35F42F600C3F5B0795D2E9E02DAD5E650B4438A92801B65C35CBAB7B1EE5041CE69D3B6F1822DFB873EBD6AD3B6FBC71EBC6C86AE967DFC2DFA4CEBFF1BF54F6276EBC114E2F43FEC60B01A0D440A868B2920E5C4BC10D60931ADCB871F3268B21D3851B08E1
311
D6AD9BFD4BF57F7577909FAB86F29B982571136AF01DF5FE32AC3BD9406CAAF2440A54CF176EDD01FBADA1FEFEFE21FE4C9858DFF4183458A9FD2B6708A5A5A137E0EE1D11A9EC0C7C58B2C73C0AD6B479BD76B7790CF899E287FA5B06FB7B07C9195B7851FA8794031EF1FC5F9406BBFB23375420286399B631E93B08022A
311
785C4DBF9996EC3551874094D71B6F487E80F6837E50F483BDBDBD83232323AC420A18C68DA196EDDADF68A77F938F78FD972BABBDB7B87FB164AC6FC2CB760365821ACB74AED44FFAD7E7431ECD7E08AC421F391D199998989A383D9D98E8E56F84A318C58D9BFD2DAB73FF5222C8EFAEF4DE7AF30D756E5108683DA471E7
311
0D0502099A7240F19E4089D3FD203E620F1B47BF43501E85031AE44B4B9F2E4D2D9D4D51D8970983FA861B3706FF950CA170DE82F6B312CC4F42C8966295F7D725ED29882415DC055F36DEA1FE96FEC141493F05FAA9A9A5A595B333DED5B3D5A533F62183323032F46EFF13EA0AAFA5FBF7C8976F8C10F7280A014832593B
311
90004D52341980D907EAEB73411EB2F1EBC9F507F92746C40E7AE0AFAE54292BAB2BAB67CAE0746264A277B06508168C94BF772BE9765F7BF0B548FE1E07F3B5A521340A5CB5297C4B12811B89E82191ECF3E41B3259C529F135E23CF4C7F961FB13537F5A02ECCAEA76B5BA5D3D3FDF3F2FEFEFB3AA22053E5008833428DC
311
6C59FA2F770595F311F235D427F379BB8A121BD901B96076A388DC4C3C61C7933CCCD770FF375A6E0CE9F535FE2534BF5ADD3E3FAFD71BF57AA951B6D4CFEBFB8864758A26154430080B06ABFF557610ECC93726224F155D1471041E0D42F82F4891C926C1355B0831649FF365F46FF05300A7A790BD8ADEEB0D4AA9569A9B
311
DBADCCD56AA55AE377F5F3F3EA2A34983A1DE91D810543138D7F28E57FF4E2B5335A3928B76EA1CB9B00BF158C8F63A2E788826896D0B5E7C461949ECE089144F8EBEFC7FB4D8C9C4E9DAD60F7FBE572B416C2F2423ECF8B86C439E450DA970634ACFDA977629098D0B2FAF313A36B3869E37AF7853378CDA1171FBEBA95DF
311
1E44FD5144A420588641B0055A79ED91CC0DC41E27064512FB33F1F04D09D0D2DF0203A646A6CECE80DF28356A348CED8C4F1EF137B9319E1BCD29867CA556AA97F7B757567006A447FD375A26CAAFDED9CFDCFB2BB0BEEE8AA5911BC2C7F85DF88A3775389990AA72219D582409210F85A4E66F2987D875C30848023088FD
311
F77E87F96FD7CBA5B9DCCEF4F4C9FC7C676777577B7B7B67E7ECCCE4E8DEE85E81A6D55AA3BC7FBEB242589CE8ED4770E785D7DDE23FF2587EBF57F50B9E820527316488E5C32D50F979BCA58207297E2B6D658702FFCD211840FE43FC9F3A5BAD9E97E6F21B9FCF16BBBB3A3A5A175B5B1787875B5B3B86DFEFFC687A7267
311
4F19D46A8DFDF3EACA59E405375ACE76FFA922C817CE86A89BDD92F400F2C55B7462F610459837D3A61ACF50C7471C8F2F2A9D38C3DA2F068007F80EFCDBFBE5DCC674B1D83EBCBEB8BCBCBC3ED0D3D333D0B3DE33BCBEB0D8DA35FBF9F8CECE68AE020BCE61C112A4C1138CD47F9AD13F7DC6AB9CF9CFCFAF9D0E01FFE6CD
311
503F5B91C5218E2899CA15098714848B04FCE5654884ABF0E554F11F6C21D73D5D5AADD64B7B9327DDAD8B0B7D7D6D6D07070763BC0F3E38E8EB4310EBEB8BC3DDB347E3E37B5842B97C4E44A0C630427E5CFDFB71E03F471E12CA9FF70E055AE141042DD81234B879EB4606361D9328149037D7D76A571A7E974FA20AD032
311
3832713AB5BA7ABE3B3E3D3FBC30307070B0B9B645D93C3CDC3CDCA41CFC6AAC2D64D0D579B4B1B397A7C1BDBEBD7D36657A3CD4B2F44F4909F2B9CA597F4245C59DEC354316F0587020D0C661742BC02869435FD12CF195C422DB3C5A3E2305C000CE6B7B27ED8B7D63079B5B5B878787C787C7C7C757C76C51B60ED60EDA
311
FA06D67B965B3B672677080BB5329E60E9B477847AE2E9EB53E35779FD37EFCD2D0DDD68AA355B6B0D81860502B8B68C801F5C697E9AD62F4B406244CB975560BAC756AAA577675B07C6D03778C17E7C95CAF1B3ABABE3E3ADADE3CDB1B1B6B681014470343EBA979F8B90383545727C63E43549D14FD0F927E5F1FDEFD726
311
3058FE02EBCD1BDCBCA053496BD58E69BC44F9F854D4D979AE9ADB908824382AC1D4014E9756EAF9CE85B6B54DB01F02F8EA5908E0D9D5F1B3E72188C3C3AB67879B07C8A0A767B8B831FE5E7EB754DEAE5261460243FFF07858D8EF0D658BDC563A2C5EF5833C13C90B69248C4DD97842B61DFA7F210A2F6108A0F96B62E2
311
D3B3F3DD939EA47E30ABF5AB2B903F4BE5F9B36757CF65021E616DAC6F60A1FB647274B4B05B2E5341B082D43278F67D8DFDA48AFF9A13F22B34C7586C9992BA6E66CABC190E313E7C811AA57304B421A75B289B9D174CC868C24548823E230B9A5A2DCD2CAFE1F98E61C015CA7E96B083FC59F3ED06EE60F360B3AD6F7978
311
7ED278D0A86FAFE00BA9220EAEFE1D5DE1F7855939C3FCC1332426B377F692406E022C010DB437EF009803F0DCFD3B7C94440571D8F2C328F115F47FD324802070BAB43FBA80EFDB92FCA1F7E7CF9FA875CBB327CF9EB08C4DE4815BC4210E2CB7CF1CEDECEDCED5B757490968286899FAF95583BF46F9393CEE6A86D6F618
311
CAAD9BFF0BE22B042412C5CFB50556815CC5BBE33E9F61ECEC26A9BCB8145FD10590078F9C9E953B513FAE1FE387FAC246E14F9E3CE7F5F8194BD6594140876B6B84C5D6799C61A16434201E5237582AFD75C07EEED9863F463284E2E13425A036BD41061259289B6BDC1ED656FC8B8592C9D00701E27CEA749F0D8EF44EAD
311
8C1F80FFF8F8F9D513191F6803384C800097F24069C407CFAE88136B7DCB3D5D4A60B711F19070D83235F77331FD35E715966889038E2E0B346EAB7936C4162043E1A1F144093695443A570144898BC4079CEF1912809A3035A1D3F361235F90FFF1E3E0FB93C7E2750719F88E7D8E68123883ADB5B18185AE99F1D11C1238
311
A792DC4BEDE8EC6FF503DF377E0445F68FAF4E08D43082D02170F30131A154206CC559A8D9CFDD762B31273E4947A581E0D9BB71E33FFA07CD02CE2A6BE1EC80167497F2A81CFA3F7EFE58D0CF5D5D170DE4F89070B0BC4040CC17BEAC6B0586C3D3FF0309BC06F44B04A1E13729929B4DF73C44070692C810B08AC3012E8E
311
E9EAE22067796288C193B2139B970B86F47FAD0F98382B1E035D9C32FD318A4FAFCB274F2E1FA772F94411B0CD42493C23393A685B5FEF3E1ACF554AF5F3552A478383374E6B2FDDFC4F6DFE38F4F4ED7A7FE838F488EA852482F412D3CB07E293D02C9F074F12E84C5AAC423271450572A385449844706475FD38DC3C2248
311
6A0639E5F1E38B0CFE93CB4B25910EF309A2224BD8DAD40C682C28341AD69047E8539A6AFC14EC573F7FAD10AE0FE6EB13E87B28E093B513B5803514DE408809BC12A14876DE0A25F643009E9176D9F0C330164285A7444DC8CAF0E9FE41429EE0A2F6A6DE91C0856C501272404A8468822E24C807030B1D33D40D4AFBDBAB
311
B411D093D88C86D7205E05FC57EDD1F805FA4CED5920F0CED39157E007CE21757C5DE440ECBCB46CD283E378029B43FB077B4F47E60E9F61E8D01BE017D7E843EB49F50A2028F1E442FCC90C9EE308E4C0C2C94EAE30B75FAD3A0EAFA57FE9EF960F14BE15638840EAF3BA490BB6850EDB38EECAFD21A0C746D0C4234DBD03
311
5EFC7EDD121FA585FAB73DB89FE6A03CF833AB0730E5E2F1A36CE3F202A128934B44E396961121E1F2C9F32BFCC0C140CFE22C1CA8E109B182919696BFB98120234F61B59F7BF46EC30CF067B21A33B0FB3E402448EE266CCD93135A8E823DB31F85E677434E608F53F8100BC0098EA2FD6BC01770E0F2F2D1E5452A711C4B
311
B8486248FAD756D852026B6DC90A2AA5C6B69E9068B8F27AFABFFEE8AB36F1D23985D5960014FD711940800B560250D2272CC54FF1D3A660B275AC3881E349689C1616E1E9044129D032313509DE4700BC867C71F128C400159407C761022BA8A040F40A244788808C60B3AD67A17576279F6F946923191921B0545FC2F12A
311
C0EFEFBD7262B6935679FC7F80629160ABFAEC88E8430E76D82A8DE62ACE50BD4A42FBF03B387B37FD321B37E31C3F063D99703F5160E6C9E5A300CF32A91E0A085A29C0FC507F6C21012303C6104B82C1F1E156DB3229D1A855A32A8352C9077AF733A0AFE0FB3EF81FDF2F0F82C21B0EB06998866878B103305E31EC17F4
311
FD43831E570A2118D1667632D4FFFFB125782F96168A833DBE78C3F11F8383A79D49F58F1E3DBC780417AE6581381E8610604888E2913E12492881274822C221AD04CB0B1D273B8542837460898C686864FF6F801E8269F40AD0481DFAF5E6E9C1F3BE391C325004DF0746A4E4448F7B52C0D5EAD39EC46896B888C4210D68
311
E99DFA2820DF7FF850EC407EB55C3EBC5028611409BFCB8889C90F1C52355AEF98B18100094C9D0EF6F64FD47E5CBF3FF5293DDFB4B50DDD54F351446FA1F14580DC3902C085F593CB24ACC917B213BBC11B3F0A61042FD8B24F4FB9C4556D0CB9E1A880DE89934CE9607F18F81FDD950DD0E1D143F41D56110E227C250621
311
FF098838042BC85B5B6BCBCBC31DD37B34966E9FFD9936A2FEFEA9EBA4182E5CD3E17AE35501FCE0707E5525A7DBC64DFD077825BE37CE0BBE1BBEC061410C660B6E49912665E2B3749C7C9F93834022F74CDE6CA5EB501D9CBC04B768292C5CCB84478F3CA83074092C6082169015E5800D5839DC6C1B58EFE83ECA513BDE
311
3EFB8EF1242D2D4B3FD55AFE03D42F8492AF8A3F21444FA2FA9ABBF525EAF84C09F0168527B0138A85D1EC0443C467B28BF844EAF76323BE13D7C11F72FED783837B970FEFDE7D7817E077C17EF7E2A1C2C0FE851FE4C008388C15E818958746129E1009D054B67530D6B3D8DA3D59D82D9D57CF70039FF50FFE0DE94089DB
311
269C3655A4F25B38C49D0BD48E59F1526887C18FC5272197F85CA72862A593A4843CD25F920487DDF7AA0441A2C0600D062001F103FCEEA3D8560CEC3EBACB01CAE5A51E420349F602191E5F901893142381351CE17047E764BE50DEAF9E4D8C38B6ECFFACEB141E54A6865A88A60133EE9CBB4C256930B0B168C1C3AB59FE
311
1743FB422C7166082E934AFA5EFA3E4BCE0B69362FA7041818B7FDECE1DDFB4D022007CA23E521F0700AAEB5888BBBF08023E128B4045381542FA256B0D04E28A0C3804E233A1BFB476A2F48FD135BAF9843BEDA3264EB42BA499601F16B566E72C7EA35908ABCB9176BBED43204C696AFD3D7B24B08D3AFA44BE243D88A6D
311
9D0B6562B52F741E1610C0EFBBAF2B0829289A640EC4C8A4FF66A24430786CEBE1E1E61AF9507BFB496EAEB64F8F49B4129EBDEC065EC1F8A3F228A3CD0950883B41BEC6D1944AE06147289600A7726313AC69A3F91197F1438BCB743E76F01F6EF1D1C854071670FFFE43FF1EDED702EE5A14C85D0C42DF90B86068800659
311
AC88981855E3E774A71C0CAC2F76754EE7CC87C808D1E1E0F6CF47FD4224731337BE1E39C5010823EE997B1491BBD99FC8D8EF77482BEB5EB2CF66499A8E0F7511B19B3EFBDACB6507BC78731B1B383D02FFDD7BE8DD9256F7D0BA7B46015941097B80018F700FFA024CC08078F51806100ADBFA163ABA8A3B95B9D2F92AC3
311
0BC908ED31FABE0CBEBFFF0279B675868F9AA24E9530B08C174055B7F48E4F58002F3E82F0BDFA003E8B431EB6C4A91E4D9B5FFB791265BA8827BBE5F1BCFA7F789F72F75EC800F8AE43FFAEC42F13009FB905A9A0132015D0068ED7682AC608BA6771038DEDB3B33082891FAB1ABF5614F93238079726B833958796B845B7
311
31FCB86316713C1DC581B1E19B424EE32674093F80776F7E27C6FBFAC85C536CD955B96EDA2A3FBF770FF4BE11845470EB3E42D022000E0FE07D161811020742162444668308801E133A4C163BE68F6826A5523071CA78B2FED51F28F8C70FE4190073A3E5D3259D7A288CD19BDE623F10021BAB0C6E327FD507B274162772
311
7EA00D31856492F9F009D7F152D930704E642795C1C1B336E0DEBB7F0FDCB79318543B25341F36802D64A981A690B94259607DE0B19D466BF8C1C5E1CEF9A3FC5C639FD6117B4BAEAB453F8EFBDA500A67E8BAF76C8A06566E36EE1184E8329419161F83D843D5DE7D8221163E145F56921C3EE383978072129E290A9B7166
311
E63D26BAB1FCDBF710009E4051842390031845F20077CD079407C575F20364C4910ED2A574BC357630B0BCD8DE39335EB175646A698458F6A346F003A93002E846FFE0C459B8006E506D79BF902908A0AA05CB5E73530E33BA1D3C2EF99C712B7C8B41DF4D2A7830BE8707485FCFAEEB85A09AB6D39BBF7B4F23E00509C20D
311
B04E240822A4B810E04D8D53D10D504C059ED86BB8697F514777717A8F8144D48A4C89077F7EDB00E2D89DC02A7B975640A282C49A4AA84B70B12BFED8EA6584860DFB7EE23FCB00C6BAF7332FF259FA3C9346508813E372F1DDE425065BB61FDF8300F7EEDDBE8D0C6EDF46F7D8823478590AE23759D60DA6B7A9F125EDE8
311
F4A5D2B37470D0B63C30DCDE3D3D59A8D1501EB1B0A5377517BDD6E301F995E3F955F0F58FAC2E81CE172A8344AC03DC6781939D2484B8FFC15E8F3ACCD3954CE19576B942D0A029188EC7013FE59AE90B71292DE774F1F63D60230180B30A2EDC65291B6211B4081128856001A680015CE000708254891851D4B3BED0FA4D
311
7166B466BFF1D2A924885AD12B387FC0FCE6819AC3AE06A7AA4B715F0927B74D119D4A668FB54B8A8C268D8B038A207D10A7B1E95E42195B695BE0240F7408B311257C23F581E987C180140C584A02B1670CB817CEC0A080F259F1360E58452013200E3EC107AC1DF4FD7B0F6D23F33347F9527D9F51E6138E31AF35F1BDAA
311
EEEBA3D71BB402E2FB47CECEE96B4DB85536772B07C82A34F3E66D0BCEC207FEB9E70643761276F7B50D5EE963CFF80C7AF4A2130F5BF8C4EBFB5F07B709840480DBD8007FB7EF3F90104908BA457D43AA2A6A02C91422285E5AAC143F3313A0CB74D9D164933B86C25587134E8D342B453FC982860D09FD13ABE72055ED02
311
0E85D3E312F74C25CB0293D978A1C4001927C80B86FD06349126EC219F0C735C8053D8F5F310817EA01F1B7851F406144C211C6362C27DD51F1E310C0102280ADB891E9B085CC528A2B1369A46BA195B9A2B351862CE43174BA73FB7CBB430A5798F4C54B7333B96C3224A9863AD02B9FBD8E63092191924E77C199D92887D
311
A594B6DCF0112857162FD0949FE6A441F5E62E42FB2105BC405A2301A3424601DC807912CB2C39C604A27908021CDA30C4C8C2019A883B3A8BD393BB3546136EAF561980FB63E9E035FF73B96D09A905ACB2C11D79571C5159026227DDBDB81396EB03F14100BEB66DE1FA9EF82C3ECCBE318119C4269FD014E66361FC8BB0
311
B4EA9A98EF3D8848A01360430284335004C183CC25BCA82D2302EB03B8419241C64DF4F5ADAF77B533BE786334BFCBB8DA72BDBEFFC36103AFB30608A0B39B58D93F0BF42180841DD26BDC22CF0A770E90240006BAC65197D90920131C7B2EB3CFD3C71C6378A305EE8488FC1FF8D391E2BDDB0F6E3F45E7C8207C419800DB
311
410073A3173942CA8D5242642A74496FF115832A6314D9FA4257577BF7FCF8F8E8CEE8DEDE5EBE76DD3CF892BA7FB8B90F629431B5525E92A15A3A4A6FEA3FDD73136172060959206591F4C927196CF645AA285CF3014630121754261C0D31E1A7E3DA2DBDB54B04703BDE3A4209F02045C4BB0F529A14BED07098A2A1CD47
311
513DA64B512F409BC01663090796D787173B5AA141B1B39BB470EEBCF1E30F9D263ACC4D05110797CEF7B923B027F089F74D1D06F0A4D8C0CDA6604023FCA45B76C5CDE0BF3845ECBE13E0C0ED73700A8A753C1AC8AEFFF1B407FC8A20F42F0D94019121DE304077A027D4112283BB8FF0072444D68AAD111D6F591BC00618
311
54BBC048EBBE9E81F6A33A95C21BFD13AF3C7E7DCDFFEB0DE8903F77B41DF178E99C289895B0EA8CD640549D68935BA7C5294E0A1D66DA0CC419BD398E6265789CA1241441AC94532A3C19C95340BEFC68703077EFC1D307B71F3C500859C11494838E902203A2BE90EACC5135B80B078804340C920C2300BCC06F7A1C71B8
311
75DC572C9BD1D84BD5FB9363CA6BA7D03E5C40FDFC54FC23C9B4B9DDD028787D89219038523BF64E638BB37CC25335937A00DFD32869C5B390C8C32FF25C8C47A7181B4A599A224A9DADB0E0406FEFF9F183B7448F081E3C55024FB33828784AB61704482CD0160C04174F9E33BA9291D58C2F1F1B1B3B5863B0D9F3E51C35
311
C253D54A23E560E2C0CB3A6F7A81382601C2079CAE96B7B1560D20A341E85A928A4E01083256420576C2ED477E2E565FD9223BCC691CF394D3D8E281501E0EE5C1C8159E92585D255CF30CC854C75318006EA4A01028EC853F9407C6053910BE105348324002260254886C156260F9189EE0F8C9A3CBAE9D5A992184568A69
311
D5183A7DB97DB089FDC57AEE54F858FE54F577DBA85309640290F2D220952620750C5811FB772A7876D1E4040FBFC6474D51246D8B3FB378283FB514F8AB3C20B8BF7DBE5DE541C9A5D3D38DDB30E00151E02523081BC89C2214103E0BC1B3D0199A08E002681A2613A2616CEDF0F0F9C5DDC75DA395C25C0309C03DEC8091
311
A4AFD3FEB504AAC6633930556DAC86EE3561941E862C4A75DD6B6BB3A0C59BE153DFA73EDFCBC3CE2188D3D378FC976D0EF9A95B7C8532F527CE3CF539581E0FE501291E9139FFB65EFF5DBD8E0C18DE3077170A64E033FD278F18068028802F156C3809FDEB11B1019C208D020C9BA2870457F0F8E1FDC7EDD393E3B9FC9C
311
4308E9315704233F960E554802C14716B0B45DAB5EAB5E25AB7830EBB8D25E6CA94E4AA01794FB1EE164FE9F040FE82C940A4BCEF913075D087E85A7237D3CF29C47E4E676777779528C4781761F0BFBC1D3A77880E40C9A2E5109180D5255317890394229F0F082010354082D574F1E3FBAB7D6553C2113DACB97BEB5526C
311
7C6F69F9310A94C46CD89FF8F379AD1AA035FD00FF3F320180F01417A6F255A3A8D86319FE0C0B0E06A0DCD33F79841339C01E5BBE1911AFCFF7C1E0A540BFBDBFCF2372352686D863F83F59CB6865F43104007EE06F52406F680341102048A01BB048823082CBCB0B6AC48C313F3E7CFEF8F2D1FDC3D6F6F9F9D9E98D9D7C
311
AE5EADE2A6512FAD7AB526E17F600C85550DDE9ACFE9D97E694513103BC69F8A2813176032C890C1E9C49FC09C61670FF8705B1D7386260E7C8E7122C7F8208A55139E8C8D4763F7EBF5728DF9C34677364E3A3F9AEFDEC9CD95470788834F9FBEC512379890B38C94205B2557987C4186DF5C0837608DF0F9F3CB87B7EF6E
311
920475752A01460E556919B2B64296FB9FB70DD5F47232A0F77465BF140CD001F00ADCA175090E2665A14E6329B62660E02A1CB50C6025E3DA252A670B3F0FFAA5EAD94A509FE7036B159E0D1D9F2E76B7AE1FD5A606198D3A747AF450023CBDFD162278B9446688111009B4029B0F2180AE20A542D40610C073B47FEFE141
311
6B2B12200F3C991C2F54EC2491027A816B0A34A9D05C6F437AC23462385DADD75642EDDA738AF1600DBE07EE8437804D2D011A94DF71C2085EDD40266A407FFA1D1C00B0C03927E60338E3B9D8C47D1F8CAED578E06F7CFAA4BB63B175FA7C301B747CB377F45192003CB8FD34B12009224543D8604494011A80C1903CE051
311
8C986208E1C5FDDB8FDA161686873BBABABAE74FA637BEA894A44078C19696F326E057D7F95D061A6B0394A9D5F2DCAAFE4C2388D8A6E9AB7695CB0BDD0A332430F1A9333DA41D1FFB97FA09AE84E738C75C407C260408F8DBD5EDED7DE1570A7BE333C54F16963B46AB0C2B71208EA3D16EF4EEDCD7005241166C005A73C0
311
3164792151205C007288AE337B4D7103741BDE7B7AC913350B348B2D767515674EC6F72A0402BBCB41C81305AFCF05F2758D3ECAC8D26AB97606DB9581A4B7A8FFB068CD5C0604E6849046B70C2B60FF0CDDF93C13822B4E82FA0479A68220E66D9FD775FB3C1A9CDBDB9829B6AF2F77EC9E0678FB20ED8D1B1A1A39D10F98
311
12E20D6281F5673121AACAA9C53424000DAC173F7E18C3052EEE3E78E7F1160F5AAEAFB70E0F7775CFCE4EF384DDEEBEB9C0889D5243BDF557559FEDE5F17AB21E118C4C31A3DF6A96B56AC62180293910ECD6B721047664BCFCC6B2DD3C65CA0F0C823DFEF84083C7ECCDF05898EEF158F4FEF97EB9C123F1B9D1D1A3D9F9
311
AEC5F5CEDA84A3C96C14A55584D62893D6A54D8D2028D05C8B1F124884543F3223B29D208B04910D3FC43F5C52196AEB5B5F5E58E8E82610F08C21BD443801233C0CE8BD1E40F84A1CA86001990048031ABBAB11EF83F9283EA89F181F2A0D9A9F62D94B7F625FD727E6A93F63F200F614F7CF100D4511C07DB45FC5F0CB4C
311
A359ABE4774631FDAE85E599EA0878A3C33D5AD6430CF4C055EE5FDB80629000D7855DED3F436F3B61B3DC7FFACEFD2B1BC6FB0696312CFA477CE87A87070C7998E04FBA78AE3F915A065E819FCF35B410321D9ABB308146A11AD5196CDDD7C477A171C8AFC74B45CBC6F641AB53C8D4ADA5870C02379BC0470CF83DB55F07
311
3E29CF5CE5F7A3F8FD62EB7AEB1774C2C6780B9523F9287193FD23DDB79FBEA513B45200E2E0C1B51350163AC19043C600F2C1DBF7DEBA7BB9B5457BC0D840CF325EB0BBABBB786D301437000020004944415472B491ABCCEDAFC0591201CAC8EBFACBF367FE7B6E40E69F551BBBE7123E3C00AC560CE20C62436E8C3C54CC
311
225EE08C0D74CE26148877689EDD004FB2BFBFFFBB984035373A7954EC5EE8591FE531348654514DB1D1C56411DFA2A7C212BE5ED91278F2851A432244C6822C29C85A8B320ADCBDFDD63BF71FD32648E7D098CD018BC35D7FE89E250EF2AC75F96C15271602687965C844B8807C6E7729D93F22E81D39ABD62A0820C1FE9F
311
11CFA7208125D33E96FD69E83AF6052DD32D49FF0802CD9F9DFD39260389A950887A647CCC99BAB17132DFB5DED35138FB3A060F6295AA5E195BF0BB56495A5A4A8FA440026E46A047D40ED2520A441C302D240F201FB8F7E0EDDB0E12A04D8816215A0579E8FE1B1281E9F19C9900DE79842E2A7CCD48E9876EB01C75DBA0
311
E0C8D44AB5512947A00BE7CF5DE9E1A6A6BE43CF1A78783DFD5A404E4477336C1ED8B18908B2A847B2AFE9839E891137A6673BBB96FBBA2A4B8E9373B001F08369BA11BE8ABC4302FD2345FD6014A127068427D007BE28B41D9B0D40FFB7EE531FA673C8870A69135B1CEEE8D009C08042A5B4EDA314920B635BF941E7487E
311
45256439DFE9D276295F87E698389CD49FB394FE19720412DEDDC40E9CE9C6DD605E0B719FADC416CB15AB3A61F9B5B9B9426E54F81D8B03DD950946D432B40CEDAB7BB5AF11213CBA73C9BCCCDAFBCF06127C7980FE6D1DC9B4DF14832D6568FEAEEBA76FBF438300B541064ED33F3AC0B0D10505306FD370AED028592344
311
02F6C3FED006766DDED2034D90D119057225EEE3DAF787EBF30EC51ACB4F551678BD6728E1944730C095F13E4D81A4DFFBF67C5BEE37E62A85FCCEC6CC6C7BC77A5B477E22223ECA4FCC0F87E2A5E3EB782BDB25B8CFC6736A044DE5A7CDA604526361D650484FE283B77EFBD65D52C1C73C4F48E7D0D81ACF572F2E2280F9
311
8FB230508FA906B42DE240ED651B301CEC83DE1790C9FD96B6CBF986BECF3BD332C18EF627A0B6EECD5B152E02088D03D828AFFAD26B05BF671B4F9A09A8CE0CD2707F67F2A4B3BB75B9ADA331C1305BBAC182FB4A79820B7EEAF73199B8404C0B81231CDCBB871B80FC41FF5860E8E108222A1A076C29E6E03B6F3FBD4F1F
311
295DC457573C7ADED636D6B7B8C88413DDF3B327E1046AA51040B40CB50C7E3F1D2E44DAD34CFA604029BFFBE714DF0C069908027EB275F1F366C132E1A7450B04011CF82B2B647CE754F650FF6E25BF37AAF65B7BDA16CAA791F1D09F6CAB989EC5AB7809BE145FA459E8D3E4B0FB47DAEF093B946FED585B80FE1A0305FD
311
5330FEDB4FDF79FBF6BDE81D8300CF6815E5F9896552412A03F31FCDCC7CB5E32365550CD9365FDCCEC8752E943161D78047336F8AF6539840A1F2E764FDA2970999F205CD2BD1F5CF496571F76EAEFA0E1CF8FD2A55FD06391F9EEF8B9DC9994E72BEBEE1FC928E2F223EBA0FBFBFB4F2DF137BC894B8087643D64ADE6EDE
311
D67F7680FAC9060239E845FC94AE93D880F994FBF71FBCF5F66F9F32C292EA900F9C1E6F1105E81C5B5F58A067A448143842008D7275EA3BBA3D2516FDF02FF79260020D6B3C714711F3CFB61BFF56A826E627E82256F7400FB387FEF23C1C1E77FD6A21EBB1B2B35F2F95E7760BE1FA3ABB3A981423477517EEE36FF96F12
311
2B942F6FB64D9502BD1B9089162532A2FEFED255028FE653C9F46FA321E0B588B7DE79FBED07C44106CC85133CA65190543004D01D02D8181DDDA5A9C91A7110805B7875B689FC3902200FB192E7DFD936B37B57D9C338BD49E99E181F4E5FCAB2ABC1CA7AAB382CBC7D515457CFABE6FBC63D525E5CDF74B16378B9AD6774
311
A58531912D232DF01BAA913DFB7D3AAFF912984302B84D0500077800D26C60A4742101DE420C610C2E92FA93056022EFBCFD5BB6B38651470CD33BD87630C05831BA864C85997B8754B05167F0706499DC442FCD22592AEC2ABF3FF13F950039BF159FA9B36ABDB2778EFF83F70972B83BFD3F4899E64DD8346AA495CB155A
311
7499F2CE39B0AAE755125EB84FD8CF8D8E4F4E9FB4B72E8F1DBCCB98B31BC4607C2CFF21C8145FB48EA0F2159F86A3098415609554DEFA7B27EF1301033DD06D274BAF6821D220DEF96FA4CBB60B3CA241C021D38E1AA76B4406B4767576166766A6C7F77273F5F395291BBA19F64F2E3095C14F3E60371827741CB27E8954
311
3857D6D96BF9A47C6A9A26057840332EB843717AAD171880217B71FCCC0355AED3D4819911F79D0EA8AD6DA31A83E36C5DC2D470295C011302387069158F6C9966022367ECF1D00BA9BB95C389AE7B6105A1FB640689033A7FCCFFEDB762189103A61C3A4FEFE0D6A6B5A19EC5755A443AE78BC5E9235B047890A65919A0D2
311
F96AA3C01CEE913BB3ED239C3E0CD8DDAB99E4348BF3F8B977B6C43DEBEFBD7721A839A63B94C06A10DB87FCBFA3C2932F8C26F88B6D6BB30C3C4E09AFE40FAB52EFAA1EC0316920E031A46D65A0FFE45A673432E907FBCF86717AC04F2CD0EF512D665FF53F05BFCDC43489F150890C60A8E0314E70A06F619D30D841189C
311
A15D3417F3CD50191AE4396543F0C42BCFD696C58DF163F5B46D708BD5FDDA5E5E5FDF9401BC4F7E00E8A17520833D1CBFF495B5D1CE037C664123EEE74737268B5D1D3DBFDA6AAD8C08DF2C0BC7A737E10AAB2A7B958990CEBF556CDBEE823CB09FB344143463C630CFFF585D330CF0320E921744A7918280FEEF98116100
311
8E9FBC78C830217A07B7D6985E83F9A79884ABB5AB383B4D7D788F9FB3D867A2112A43F19042B33A108690CF6F472F8661CFAC971478757F6E6F2F7AEB82FEA85E5715941778B278281F28C268AB24BDB470EF3303E09C359E9DF1CF990D8A096106E6A66C8620DDE7D281DF0B2831F20439A30D68386CE13E002F7EDA8D78
311
06162B205D6A19AA1FABFD6B1B400EC2BFFDD66FDF7E8755B4883C043F43046C1326136680404F1F934EBDDFDD39CB58A98DF1BD7880E0532E671FA1435E9D6EA5E9071000BE8F262E7C4044FD95D5FD526EB40A05A634775F32205C3D779FDC168CD5E56BF982508BF572BDA4F6F57D3304BE9EB18149461B12F760D74858
311
91CA47CFC44909136FBF4931716A2E100123FC6CCAA6A644F25EDF4AC980B14039009BECE8B798BF69A05DC5B6885CD23F8E13A46FF0C0A986D617F001C52241801E87C2974C31411DA3A5D7B6175472763D637D3E57C33B908F867F4A59CFCA7923375E5F027A983E18BD7BD4E6FDDBB2250C1529F4202EFAAF979DFFB1F2
311
612E87EBEFEC58581EDB9AA95AD1D7C1905F7305BF8182D5BBB524D47C4E3B81CD843220DE1E6536497C0962C225F75A2D6A998303B23FC501F0B3F736EE1FF01200FC8C99F5515207C9C40081DF304C0A17D06E26CCBC5B3C47459308178301FA8057C2C0AE9D99B05F038828B08400F2E3251254DD7EB8BC4853B101F99A
311
B48E387457C96951E5DB670648BAB70A7B04FE93EEC5F5B183F9739C98952C6845C380D401B8FC86E70A20744EC720E09D35955D96A9041720196D183AC2CFE6AEA816652D0234883D788BEC8F5DF2615261DB031C2381092401B48D8D2D870FECEA9C3D99DDB036C8A051058030E32190976718C89F031DFBFF2EEA3D8860
311
6A8A19BD0AE305BDFD12BA4FF46F1A0002B07137989C748936E9DB2C91F43B07E4E4D16C3779CF5A4FFE8CC981F07C29E34B7C012AF0054FAEA4A6A3D49D3A16D2B3CF220A029003366663053C89B3FB1827080DEC2780076FBFFD8E39810CB0593CC68B5D9009F2D400418028B0BC6CC74067E7C9CC0C2690FBB084AA5254
311
A12AF63543B35EB40D17B693F7E3464D5094C00AA9E04E0E0524F5C35C5EC6BA94B21AAF2440725E2A9FF94FE7A8F0E769EB83FDEB039B631B18BF396F5C13CF89ACC02C387DA56DC3B1CD84B96CFAAA37B55FE723B611062258257D331F186AC93D8AD600B4FEF4AD777E4BF68F2168FF08C081A37AC13446C85996480396
311
1928476D78F68419390D830C1935B5C2A0A22A3AB17D3D6428BF12DC373B8D464E04C0A496BB3B3B75639DCC2500E0F0B15FB6F47B5A7ED0183A87CAE8D535F2EDBD4B3B7FC762DFE65A07C30B2851DB890082ADC07131EEEFA3DB7DD5CD32C0860CA83CD4B7993A175F422A8149B1C1D94C1145059D9C78A8A572A90B7C8B
311
1E3392FF77A80C50220880FF3669004E90F101740D2B808181455A044904674E7482CC3EC85C4BCE339404C0B0BF6A5611E4F9B8157BAB6DE327EC9BFBA1B4557ECB609C1F45326499EFB90EE78F18227F09E563C9E63D847EDB3B68EB9C39E95AC4F7ADCF7D87F6752BB6912040281E4A0D8A8314E80D60470999B8A51FB1
311
488A66A9F3F81FFA61C83F4FA6969E472288FADFD61B005E0EA4284822E018911828E868614DA0C36E11F3A051070BF2F0840E35F200E2C0C80A776CC9E7E6841C0503D0EDF15ED9AFE527E798D23BEE5F0604E58DFB7099D739BF0BA5D332EF29F1535995BDBD0DE681C4F71DFE6A7AC5A13554AE6910963E9ABC9A0DB5B2
311
02225545F5CFACC942B5B93C207352B6E5310BF349AF200175D7DFDF78F6D683B7C87E087FA9B35812C4F8F13452CED610A2207541E6D659A739441F3833CD0C9C3C3DC2B0712F62333C4FA9327C9CA1124904B4FDE0FE21C119776CB0C212AAFBA5CAF80EB43772ADFE77CD9FA8A4144C54C2FB2304C65F62FC3678E4F6C6
311
8F30FEE1BE8383CE7DB86F58B1AE0C51F0F055E188D02F00911DDB0991832228B3172B3E623E513FF1734FF414A611A603163F401BEA790FC9FF7FC3FD3DB02DC00184145B850D01D120424DC03C00FCEB7880EEEE939399F1F18DBD4AA54C939899304D913CC2D5CFBC55E50C7FBE4C0E14AEEF53D6843DFF56BE2D554637
311
EA047D3C210E2C61077875FB5B40E19F43AB7470CAFE1C0D3ED3B3B4778D1DF6D4F837C08747180FE8394F2CA1E0A46B6DA62CE2B2DABEDE0B1924098580FC16B369730E9E90541D3730D47FDE16EE1FFAD3419CDA05ED1F2715C607F2E81893AFC5936303F40EB776F1D808BDE393A3FA401E1C706E154C892860AD74A294
311
9C409E28A8FB3349C764D13E4D1D3468952B7B1B35001BF41142CAD58D6011C8B78961EACAB66E9AFBC627673B61FFDA4167950A274145BF11EA17BA9AA60815C2C43AE1F648E3772E53C94E6364AF826019E723069A8AA353A3BF7FB5359281700061FF64C28C10B9AF0B70B0B0D30A31CD1CFD22F68C76DA1E4455886925
311
7892363C091D313EFA46B57C3BEB252E9C6BF5B4799EC58F1910F469E25AA17B343799DB3E33CF410061F96C6D63FA91B1000CEBB7D2971BDD39A2A76361E000F5DBC1688D47CB812DD60F8001AF25B328D173A9E4BAC18CE9F1F628704330741B2649B92E9714447C68559C6CD2F681919367E4811100750058809D0230C0
311
87A89FF3C80C23C4C60882E481F48D531764BABD5CCECA308DE2F63D3BB50373D630796126803C2D1FBAC148F7592881B395ED7D26B7DD38D7096AF98841CB37592561D9C6565317AFBE9FC4AF7371E060736C7635E0CBA1809FC80F544DBAA1F2F9393D970D44C0615A0C6930E758B9E63AE690F73045F0C8C0731DE9CD80
311
F718E94652383458799E02C06D328010011C7090D8C5E5336A83D4059953877EA1E1D66FBE994F04608C4C991917230FB61F9AEE183A40AB9108D032449FD1A7283DD25ED15360EF7EA9303EDDC0043403531EDEAB10DFF87F5E2FD56DF0F1B701A9F614DB17FA0E0EDF6FD0B1622A81FA3D1DE5A33F551930335C353A87F9
311
AB05C60455193448246944A232C5D07636D864CDD7A50D0B4440CDCC465D1C418321F50E1648D500294065D869559EF3C40C8FCC6C323E989AD0F0C73142480B200842802C061008B480A9954AF282052B3AF67350FD0DD30D1F4075AC303A5D490250F5400ACF479656861E4C77AFF327F3EBECA4B57B6B6C8FF62602BF15
311
0744656A87DABD7BC6BED50527B2120C001A0B3718C74F0C65CD34F275164D7968148DDF259AB8AD6CA81CDA4E8819509B996A7F642D987A401A2B04018C01E6C169A8700F9DE3B489DB2BC49C9B7B858A4F50D22AE15428FCA4A1EDB20C83492690CFE361CC7F8C8066FFD0D77AEE797977F468A36E0B0DFC87F90EE6348B
311
C748F7CB73B5B9DD5C6EE7AB19ADBF6DF359F1DC2A0F9E44F213F8041F64274C0859A2AB7C37440FEDDD2F95BE44065F22067E3EA0CC3BD8C0D8194EAB291CCEE20B9CD8E02950AD806080047A279F19024C837C848816719AC4A34DF8F0706CED904E8185753A458A27E4C1E37B5F30A104932BE140E0BF4E400160F320B0
311
54A8705042FFC47B4940810173F9C9E97240C7FCC3F3813EA239B745DE9F1B1F3FC2F9330374DBD1A7B475923F9A2ED81716D18D1B577DAAB9D1A0458655AD3CA7E211867AE7C702DCACCD291E0F798013DC01BC326087775C0833E04EA3778FBCB8DA4687A0255CA0AD210C15661E4E92001A4449031D1DD27D327334BE83
311
0B64DAD90CBF537A45FBD4E94A7A88888E715B7E74FCD040E818BDC1BF5AC609CCCC015DED23877080FCDC47BD8EF3A7B783A17D33F3ADEB6D6BC7AD75EA7C7852C5B6FDADA6AFEFC2D181C03F8C40DD8A4AB5024F0B72E34B57BC1182472DC80946789AFB711DB7F1193C03C893B0345F420246114D3EA71D04FBA731C0DA
311
B0D3CD311B218F0D5A15ECC105D02F3AC32F13600084731A83220040019B03180634B5923D438300B05BAC80881F061095FED5D572A3323ABD83F1D37A2301A8C930AB3F66ADF7CBEFED30BAAD7D78A06DEB6A87F15491F5AB7E25842B6B34BEFC12C8A159F187C64B3CBD2356DE5FBAB98BBE9583F0E3280C0076DA15BF34
311
C15238145742B07080B1EFB83382F9FEF2239D003541041083C5AF9EF3C8944DC2030BC3ADEDDD9D27475800693049E05413BFB3FEB4308731512F13400D06F813368A0101D8D863EB3E75FCCADED124F532AD3F123F131AB46A93DF1ECE7F96CE9EB6C365C6D6A07EEC461FC919FE288AF7AE1A7D012D291EB073735FF26B
311
BB1C99FB706E972192819B7A34BF22424BEA1CC7958AC2E04BFC8E02DB90A4A1DD04811ACDBC181037864672C78F6C0EC3073A40CC49D5E813593B7002763BC6A909D31AC86F3F6E335C9E1C309BC58F16418642E2AF6B290A34FEDC0CFEE08FCA0F56700699CB73B9C99302AA17BD516D7F1FD755A2B32B3FBE7134D3BEC8
311
13195BD355020A7DBB541539CD2C06E45F46FC0EE08293E6C0E1972176D9B678340AA1A4823404EF79B1E2347E47C35D0A2260730E0B513025DC0BD1C07E3366E9B9D17F767405FB531070700035618606F0B40C73C974CFD321B0C174A80C0F3AA54945FFEF348F5488895713E89B5C98DA501E06D8D24FF04FF0CD7ECD7B
311
AA755A854EC6A180AD13BE094E8D5D63BFD6DFA5F5D3E4DB1BA18FD8473DC6E17FFC9832B71A2A94D96E808BB53F9192955D62C82E282B05168AA0927D54AB20A20A74800B7CC9655C8B15F62377CA4C91641F9F4D0478F4FEFDCE273A002CC0A725EC165CE3A149F0333E8E9600B2C05A7D15FD831F0938DBE5D0FF13E3C0
311
F0765965A0961C3FA86DEEB0E28304747BFBA5FCDEE44C23544F7BB7BF7A132DDE34F99E44EC3FEEAE92F667A10F7E90B0E8C6442DF5A5318B0F816311DB2E6DC6F172C363FC800EE09186BB9EC82A24C0117700CD884AA42023B81EA6E0CF8B3056411110D78606EBC5AD5417B45BCC8E61EA01C4006AC233933E35D860BC
311
1B6CB9C9CCCE7840D2E0C1C1FFC11CCE54D59300F2B47D66A10F09D8E24B71B9BDDF98FB62A3B897C53EC88D16D1FFE8C649B17BB8E760EB20B784F52F992544753F2CBF642CD3C9C70D8722C197142C567E74FB431EE248A8F3FC00377F5142144A82FFC28AC2970A780C85A7EE9146FA4B2981F3C93BCB0F3FBCB6DD3DE6
311
9C72B6073B99140DE28B8E919D9D9E7C2F5FA99FC1FFD07E9AC0965CDAEA0A945FADE52C791EA989E8E7A21A355FB37E44405D171B98A6E946DB26AE71DBD01FEF07FD378F5B4B518724481820890E7486E3FCE61A60E096D577701890EE07CA5D7F2B086040749FCEF3F81972E510A86359C9BB579883035887542090614E
311
5C4461705D7CA1CF84DB564838606CF1597E8119790D021080C935A908324EDE9F60A04B7830A33F0670CB08605B8D01BF9A3D435693FAB4FD84EF6754930640C1F9D74B052A7ABBA9F502B39DA3BF6BC7514EA4BEC71D752BFDC198EDA8DFE8F32B3EF811E4576B0A2074B99B070A069F60173E7427BDF285024E35A4418B
311
7A412914F2800F1965C4F1120A2D5D2C64400563D5942044807BE7C738EBF3034C4A6F4D70C04ED1F97673C039FABC4CFF18866E08200BB66BDC9CCDCC3FFD1E43BEFC52C317F0F5E64900FBFCDA4DEE68768FFF46350E0EDADB7B34DBBEDE3776BC55599AF84E312229F931E700D04478D66A0D88D09B2276141AF0F8811C
311
5F8067DC04C0F90929F7F1AC9CCD368488AFB965C97B855A3E2E93AE5B4866502E55991B82D4388614F2C36B8484A5FA06E3EFFA984A6AF17D5C2073299D9F12FD63826F67FC460E54030981684E9FBFC22009A3006962285FDF4FC84B699FB5BEF3736C6072F6844C15EDF25883037DE6BB7AFAD6AE164B367812FA8CFCA6
311
FA25725D99AEC5C6EDEEC64ADDA2BE0056002032E1D7A20A54CF444E360D520A5B69816C0A953CE0434A8A898BF18E2B704588C01BDB2133342F5404FEE698957C200EF54E31BE6DF4E888C9C67F5F3F1B41F922777E7FA6332677C20098C59F762F5DFE4A23F9801A3BB6F8A4F66E0D40EC867E92DEFCE84C714FC7CE8DD3
311
DD3BDBF9C781B1C3B549FAD2C89D711808CAB100E09700BB85240374A7209212F320CA577222A7020E7824500179FC7096C714884BDFD9499E027ABEB3CB0226CD293CAE6E0C41A6788F396606A073E28CBE5CC67D584D36CA39D37974FE1023253E3FFB007A26F657FFC901D851130DDC2BF54884F20D5D40A0B7E5C7BCC7
311
CC87B84F2ED820192CCE1AABA1FF24ADBE1D03635B5B3B53D4A5F84120125FADC36A0E792D3AD7E255792CD5241A4C84171F1104090017DA493D0A7790A7BDE6DF326180398E4B0DEADA5C2763825E43E05C388E184678C88CE6422606C017F030366981353DF03A753DBF6370879F79889DD0BF75408724DB53C5B0063AB6
311
568D02DC47AE4627B58D7E367A6000267E7840C23A0940B992DB98ED1C4731B4FB4DCFB6D3EAFB6CAC7646F0335C5031888CD74E2103380260AD47176D703960230370FBBF28813524C17FFFBD6288BB28E4F905ADB4A788B40B4A6201C1878BED224DE9906C4C79EF32EE679B9F5D3B5DFA137327320643909A823F62106C
311
B8F9BFE4BFEAFF0FC7A6393EC7F64A698EFF8ACE31BA05ECE6DAB6DF124118D1D13F892F3D3530602E3F3ED3D59DFB821ECFA3D9AE85B1ADAB9E328DE738BF55D5DFD039445AE76D0194180F57B15BEE5F09C07F952F9A10372BC894CF7DA12CF6507E2A8916E0DF430C519485C55D61EFE209912D8C32866214E121611E22
311
A0B1238DB18E86636A3BFAFD5B4EE02FF1E505F902BDF424D0516907BFC95EF3A76B6B3872769D67E25B548F0DA46E2B93DFDFD5F2B9E9EEE1EE1DCC7FBE6380DFBF38A165CAC73DF912AD76A4690D2B766A3EB4AFA2D05BE543EA20B095FB17AE3F1928D84482049B659E671A4763CFA567C08824913D37F2F92F841FC244
311
085C1681225C04AD6DE1684831682CE0D6096B56101C0D4FB3A1BD3F11FC1105AECF5660BD3FEEDF162B0D9DEC6DB55AF27FC98050BDDEDFF63ED14B01336053A19DE9AEF5F5D9E9D9F9E19ECDADCD497BCC57681922F327EB41FF681E17C1921B04FBAE371AC69E53F98183E91B84897A5DB164158BD1D12FF6F6BEF0E028
311
47727BF2628F9FD48B6FB11DF6928C868B29590A0606F92140D0C08850DAA7DD8A5FE8A50389F61288AEB743E9C801BB67DBE0A7F64F63BC87770FDF57AA73FE1F5A84F8DD3AADDFC32087FBC0A7D645C327B97D65E7A8BBA76DFD9BCEE1B1CDE3F5F7CE4E6DF4013ECD7CB60BD1239E8A4E9A5722AD9C4FAC8F7FF17B214A
311
F8801950430639A08E3ABD05A0D94E253BD5951C885B0CE750309070555FF21F2EF83FF53F4E15038B8D8A244740A5C9CBC120043DA0B323FB1DA0A4EDA268C05A304619505000BE10415DE898809DB6B66896E60AE347ED3D6DC707CB7D5B5BC374A158EDC343D0EA61C217D4878CBBDC1D85686782C3CF4272E7DCFB5E9E
311
F628F5A95AC1AC0C6848F5771329EF8DF2BB79EFEDEC8DBEC72EB7F245287FD4B31008AB38EA4D52F2BF57167159E3004CD8950E217DDD6F699FC763E9D1A0AECC701F7BD4430A3E030374066938F883C01DE40E7DAFD609345E33570F4CE6BE467FBD7F793B5AF2A9D331D86DBA7BF98067918F9FCDD609A0384B523F4413
311
B574B818C6889FAEFC5E7B8F90CEFD62BC2C85B2478D54DD076635BE434FCADE68B3ECF1C8708E27863DBEC352D87BCC7A92A8E135700CDE65BC114026DE5DB68275E656D2C0D4087293D43BB4C9C14EA83C0D806783B40DD7CD4F19EE9F33801F55A3F1FD600017A6CD5DE607783D5F74E34680E7DAB98D99F6E5B5ABC7F7
311
DF19D8278322F6A97FDB2FADE1539BD945DDF868EE2B8B70D9EDAA45D1BB0A5801198CF1DA891540474745BF0317F8A3703E02510AE94B084221F887FE950272D62D4232781054A87C58D015CD45EBF9B70E60820A2056E9D4D619E8494BBFA68B61EBDD8CF52CCBA124BACD4A4077E8420A7F36FCDAF661E577B792A7E1B7
311
E337C7CF1FDEBB3B49F501F3C7366C1730E793F51FA20A9C3D2E9F18E63DC277449054CEADA36DA0807467D45F8A744E1BDED725A033868703F1392BBE221158220588F30574A0B0893D0515B0B7C404AD0E7F40C11D504C49BD7DA39A85A19CD7357DFC966E5D92272FF06D59CA5A6A1C8AE30E52F1247C1F1D78F81887F9
311
F3E387075B170F9F5EEE4A7F5BFC69DF02FD8795FCFFAB472E7C88D563DA514861B85BD41594A75F5E866BE69471110A9F75C8609C7E6BF6C7C727431EE3E9E3773D2378C25226E82C08104A57ED273FE0921D6990E02B006BD038263BA360355E8DC446A380F0BA35FA9945A80CF60DFD54054202F91897C241C147D59F8E
311
0FC67CD0F2BF377A3463F8BBBABCFBD6833C57E214AC3F5AE9C2FDE88852968F20337972C7E04EE5658223008AE82D93BC37D8DDD900BD6B16EF221F0D4149045D740A8A215D4FC186C658E01994B8CCD317465828704BB630DA2243B3B4ADD3EA554A97408454148C04A1A0CAAC2E04033C04073851F54380E0BF2DFFA43F
311
AD3D6B574F2E1E5EF6E5F4FEFBD1CA87C161FCBCF5C7AAE2F726F814027BAE10F79BC3D765D61D1803952210A9AA07F8C6BB2105B61145B324F96014EF223D4A9261080239F03FF6F4DD4975C183B887E081F7A467A25EAA0C94028FEB808637768B07400A8235D4EF33143253198900E079E3FACB0C59B00F827A5785A6FF
311
E2FCF0C0E6F1714F11CDE5140D931D707950631F3DE877F300002000494441540ADFB08704E252AADE1BD4E8DF55796A32B9B6F17737C67702E5C638682737286CB0E0A89B624D5BF28222432848C9AB8C07170C97B814FF492A61072407D638006F7C8400860444C01B1930A522788045633DFA9507267A3A42BA05925BAD
311
705CDD3792FA23C1075C6EE768A673919EB6C3FCFE7629B7310AA794CC9C0D14A1FB88F95C845BF22543F57996E0B26C9E4C2ADF187F979F8A55F11B47BC26594C52588518D25E6C2B1CCED231EA1B748F093E5726A21A54C91EF95789041030C20FD5AD68613432E19A4D0DA2505B6BD843516E10BB00AF9AC315EE9FDB39
311
CC1F9EA59CD88F9CD071D470C86C4647FDEDDBB1CDAB81DA94034747A779F4CED497CFF817348F69F52E55490840E48840BA72DB71F3E84F6DA2F4717AA928F153DA6E4C7E8E00363CEC9A2E1C8E65F298FC4A52F087FCDEE5CBA38A80CBE11FF7BC2AFF249203FFAB77A128A001B1987BD334AD9B901890A8C2005B6B2481
311
96AD09C0025ED841325B31845032E327C531C839E66DBAB39566B631C2FF0A1DA5A3CC47E665AD8751B47CFE33899DF047C9F3C365E3B11278D49DF939298E09002F6430F9958803309827A7C791048CA070061B7E9A64C557D235F83EE24822E5EAB805F9862F20FC58F483DC0EF02181F572930205107E00E523861895A2
311
811309808F2B6C14B2AA579E893753C155D2F54302007E9FF36AC5FEDBCAD47E182D91A73920CFA5C18E01F8FFF4C3F1FF553BCAD0E58DEF85DD63B91BE38ECE1A9FFC4AD4A1FBA30D462C328C5A0340DFD393D3D3D3C0659195C96990F391EFF4175213BC74C020922D4830FE215E76940962BC0713A3B82784C0CB6623DC
311
40D6E1485BAD454F6892200B225096127FBD82D2B12006BAE2E329C771E25FEBC0DAB3B5395289D56D7A8A89081B34EE06F80F819EFE75C67DEEE95D227E283FE98A7B9F1C97D2D05B4D07A469153C3DA3048EA68FA667A6D90E291C7D7E2D063E4D044964D055F2DBF3E31BB851AE9F78A0A7314F0AD24901F581D74A6929
311
142039C65AF5830D1C809536CDC05E4BA51038F79D713DA930CF18BA3010E385351CF47F74D439BCBC793556A1F99814926AF12835E251C59BEA3C083EC2B2760FEBDF4304C9EB87B35769E1EB24B648542CFA4EBA9EF93CD42F03C08F249A2C98897D8E2225E90077823F4A52171A61219998CED6FA050992B6B0A74A2220
311
ED12123004FB977084208F8E2AFC80F456CB110BCA647A3A0F854085D84FE0052BE31FFE7F925610BAFEC06FC33F9931BF063F39DB3D1BB20EE357F594045F4226131578582CB055A59A073AE0413989D215019B6EB8A21CF154D71164E0D8F4E730C2CD382D098DA5261456A425643686BC8301710F2C50665881399156AA
311
2B4C3191BC555728384800CE10040F746A3D8A80A5F0E500A93456FEC52833BBB45203DACCA37FE1D3EE4B9BF0EC27ED47D89B8266F11EA2DB8B5A8BB93EAEDF0C06B7AD0402B9EAC6E787365535AF19F15158308A9D9785C1BC1C01377F8C6B4D07B50DAD25649764A91DC9812C7B34CA98184084F7C01055466B48058CD4
311
4085AF26648520C85C41C67805462D8425680425559F4440F3ABBE1F3F81B1EC72708767DDC8FFB6465796C8FE310FEABE0C9B242A74137EC3E0427091967023299BE5D6D4D0C6D15747DC2AEA4ECC57C72856E827D33CBD319D70FF854369EB841282F84B7CA4881447ACFCB257E252E00FBB3272120A75B9911984085848
311
6615636E0E0334031AAA8C08A62E080053A0AAA4158431EC727A084021D41CF5D630C94184F6FE7432E8F5F9A4FCDF3EA7CF136FC2988093F98ED622E38E4976E1BF0CF49D2889E6DF3566719FE1F9B47A2D3BF89C69155DCF24F88C609EE551160F0415900B4C48FB013D8900A9192A700748002924771A3686A0A580FE40
311
09E00ACC090253E280B90AC15048E047020483A038A60ED232831F2CC90498648690D960C48E439F18F4DDBEB0B6F5AC7B7B89F6230243B4FA160A7B9327F3AD5D937C8BFFE5FF8B3A5E64283BEF8EAB9F71159514CFED62DBC880614AA1F7994CCFAE7D8C87057F451733699B8DF87056E1F0654B5021E38097E4E23221B8
311
10DE20559AD183A61C2C88A648DB096081E9801CA00BC1DA0124E08DAAC15FD2936905CA8DA1C40E42B13F1764E0C4015EAD7F8BFEC99A310B1B7C0BCC7746D3C0702759C89EAD57122092122D1F857067684A578F1DAB7EAC400841F493A468113282FFE42316CC74C756B1C880FE78795C692813CF4644480EE9B02991BC
311
A257A71861F00666D9410288487618D120D0E80D7773E2B7DD180E100EC98B221C94BFC4FF531A09B986230F1CD08378A8E4D0FDD7D9B1BC75F5C12EAD7FF83F3ED19EB018620303C217A6A35D826E72ABF2D8E2BB1B783F6E48D2E3F360806E1D192085D022103473A10375B63853EC54F500B5B064DBC20945B88160DCF7
311
E4F83A0200BF6FAEAC88E9F54D22D898E43F378D20B51B5D6B1457000922202800DD401A9266483029C0D6D57ED80D42A0E6E08835F0F3AC73D7FAE6D56185F04FC44472B854EB7D9CBF7134DF3DDC35A9F6B38417DD6F508B37C1A718B0D054124176F7222F62DFB327F34D451799D56216880193254FF782D7DDE26C271B
311
F38C6E422E271CE4AB8823C9510F021126A7A944E00DB4031D013C88EA0746C96D4574069BD5439C4110403B40020C30B07A604F1E41D19C21A93FD9002DFC35F23B1E7B98E95E38387E3603FE7393680410D702FF9ED5A3C5E5CE68B5827D721FA78F3A9A0C08A79722D9C9B418F46C0057BB1640C70AA4A03D29CECF3398
311
7596D53CFB27B32C3BE304C540E14BF8464E080918268D254838C91A01F0FFB99154FD8A9C0495EAA6534A6C464440B4A71E16100E7405088122A35F7A511DC003D002E6C8E7E15F6D1D2FD09014139EC11FDC89394621F77B9F88EB5A583C41E2FEDBC8F82334494C0BFA97FF3C3A34ADE60385B60E5A30CF036E5E75370B
311
E3B83AE73B3B7DC0BB337DA0045299ED0C66681E4AE223D01B1BC3BD4C921E2005FEB5114739040758189BA8A320067B62A3995E4720055065AC2B4A8006BF8CFCC907C0063EACE41813C5F017065AD46CFDC6FF1BFEE052932CA3478C8E5A6F25DC8503D40F61FC1B047E4DFFE8E84407C81F1AC7B5C79DA358551CD0D137
311
85A9AEB38D6EB68A0A8087FC6543E7471082873CDCE5CBEA1EFC5CC0579469E225428E9A43D6A6000B4219DE52E8DF00A55F4BF5035960661C2DB88AC1F67C2890A93FC420193C8326409E7B595FBBBA9AE1D1511B3F6D65B09AC10A71C2317201A603E88C56CC68C91279E83F5C147787EFE6C675F00941D23EF092920330
311
982DF38C65EDFCA89DA98E8ADDECCD77CB86D85118F3DD9884820B1128010D02F1060F582871CC8FF42024C02239273A1CC3BF71E770DFB7E96081682803188118B50310BD620234F230B12711B063E0F0490FCDA9248B580D3D3DE944A30CFCF2A1E0F6E59E8FBEA289CCCC943785BB8880ADA9C2FD70F6A13F5418444E3A
311
669273C006C4B4EEEC067827539FFBEA9CFF04D84E7F170480037005AAC8829084329899F90B5E013927F8E646514B4824B01D11F72C012CEACD163B6358A4454A4221D06E68A71062520649BF9E9127D0772D6E5EADED52FF216BC2FC513C7D3C5CC4C8AF009811826AE20203B076A2AA66D8D32E317DEE0EFC000FCE16D9
311
E0BEB17C74AB009256C5D8AD1CBABBDA61402612C675FBD72D07E633B1A42F2421208CE01397560811204306617A5141706105C9F4984C459F2D0F6C392FA05BED808512B0B9A8A9FC6CED89640EA347D31F0DF76D3D9E61E800FE9F7601BE4C9614A1C58E6C839F13A12D0EB426DE6386B82369A9E6A7F1F9146EB578A2EF
311
4289AA109B4F6CEFEC0463E0072A05CC9DEDEDFE08407B173B8AA65399C80B2911252E6290C82CC1B8909140C11B7AE161B42B93905045D017E00CED6D27AAA15F2C2179F1E83D411A7020B9408D202381E7E5DEE5A9E7E5CDE3B186433F488AC81554BEC09BC579018ADD1DCB3D9D70F02B14BF9159A4DA376225FE43DA22
311
4FED327941705DA582B2FD1BB5DC0540667B650BECDD1D5DDFB0C7F36DEE2B94F6EE2EE4E426F20A1174C31DF153321A24114C4FFF25E505475F6906D4149B21F1BD9D9DF7B059F8E0FD83323CB97991FE80EE131A9003B81C491B218B1D42C0C0D593D9D548003839DC29A740298B0C23F0CE14BB167BD61989AEF0B985C8
311
FAC8F923A73F31953989F0F6C96CA6C4D0A9A88184BEDBBBDA3BBADE77CD8E2FFEDEEF46184A86671D7DDC51417477BE9F04804F305AC82C2D018A21EA903866A0F959FBD4139916D036635EE03DDB7408BCF0627A03027AD314C09B0A27F0A79490D53839D0DAF1416995CAB24101FA63F75029D57A4CBBA9FB4D120ADB17
311
FB5A999FC9420DFE04FA670430B90FE7F589F7FE8D50A4B5F004CE5F07EB4EA007F8AEAE8E8EF7DB3BE2F81F42166C7246FA9E62D02C8209BA1024414C483498B50229FD923F2414040B2081390AAC353B5283EADA12A30B1080866D746B9ABF5BC107F33C2A015B275480759334B83AB02175EFD0DEC785DFC505E0064F4E
311
BA5A97073A74C5C9FEC97BD25D819E28AEE661FD2732B8BBFB1BF13441B3C1F45E8AC1752BBF80C113DE960E0AC7D9D02C58C80505A19BA0E84B14402601A590A4AE00A825E98C3212342302EE10FC5100681F86834A2804BC409D70270A2091DCE874B16BE0706C974EB3D26EFEDFFCA6C4579AA4DB781708469F055532A7
311
046C6BEB0CF39F3ED2EC4FBCA3D00EA91CA68FD2B87B5C191E0EB2C300F00A1C9881F263571C6CFD83D079D09F176FAD839340CF030F70458F81F09AEE1329505150CA0A00576B56C06D58070B23086F685E44232D9D53DE3FC3731044F286D19F459351863F749F1104198D6E14BBC68E17CAE70D7AFD958E350BEBBC70C9
311
C4DFBA075240DA27D40AD7DB063A097DD3F041EDB3E4B682A7A12A548F3393DB01945547175879989302521EEB1431B08759B632B174E0F700E774FCA1BB83F95029ED1A084288C8893520E49415E00DA080AE8027C34206D35491D050A4C6B080F6A20889A2FF82379AB6234F6710C05F9080ADF002B9C9F9C583AB220F45
311
D618D7E7F7547FB27CED8A8B7A7D24EDA4988B0C1C2A1AFB53FDC61BF3DE50D63C560F0120B0372F0839DDDAF13E583B868717C1CB8CC71D1D7F440CC82184803144196EFD58BBE00B7EE77DE8C015942357FB06FC906A5E2B8882CCF9FFE184B0035A5CF186A962A63F84B3AAEE3D5A2C830008807568B6A9F424086D2095
311
A3E262DBF124350082C4B5DF4704A9D2C93553DE47BD6766B69349610716999FA25854F759CA9792599D3837ACF6247CE8597B0F960FA3EC45B61715050260C5844FCCFEC9666BC71F875B17E3BCB4CB151405D7D08F846B4CB952248B4603CC402B609E90F0044A007FA800EC46D07A51232B00E5683C55D5096E1374DA4F
311
CBBDE2C25A5B8D26008227CA7758033D7D70DF12CAF7F247939F93F1CC63047D63ADA0B7CC8771B234D8095FCDB577B586D1834062035670E204B245EC093FCBE15626C10D210CB38A13F50E10A0D5C0814B0C4B30AA9858516001669002229618F100767AA3D6D2528595FE7A398C2D2300ED0013A0AE60B91644A057327B
311
D3C36BEBF48C91279B45F8BD145494674AFB211A91977CB838DF35DCB3D6D6AA2FB2784B591ED785DFD7DB77747DAC9D2F7674810EFC2895F9ED8007EC7885101679C06F21E4B1C8A6120956F80518D1DAF1717BEBFB5803E20C6F2A11B2E48AFF4AD2810A70054623E341B3D1ACD92DA91150DE631EEB2C28882D092049C0
311
DD38E262A7BD6F98549930C9D44B7C37028AEA9F8C5628A2BEF5704C0DCB2B428181B1BE766F43014498D2E57791E4C8DA6BD2ABF5003F0C40202E2E32EDFB02852D16C30B7F646B98FDF86C7891690043128B0A0DE6B4EA27F08C30CA34C9D0AA0852A5997F8D11A6EE84E040B20472020256F4AFEBBB74E6705A12083B24
311
9089218E6452C8E5A69717E904A3F5EF3D5D08EC1F4D4E85086B238CFFC11AB9AE972CB775616C6D1DE04DDF073B4DE3747C41FBAE6072901CAD0237100670C5A00C2C3CE063610ED824826C1F6650700E88C00B62468903A0D71D3A390255AD7040048348C56C4647413C2C2561216E0C469203EF06A5B101AD40D0E207F7
311
8B124747DB5B4BBB4E88B1C373C114E0470B345156EDDBCE1B4DBDF81DBC400746B0B54E05F693707B89A5E430982C2AC7D10DFF11D5B102B9505034B35D07E8E5F585757F088B390F2D4C85CF7218E8418BB4F25B885053D07D5A908326809F31D6CC6B77CC948413B28664484439D118DBAC27DB5AC40C1AD166F25E6A2F
311
0AE82100C0BF220405323E1FF80DFC518CACA8DE1003F3C9FAE9C7B2D60703A0004F8EAEAD2DE0F5485452D15B77B4B67F4C2403B8D8F9C533558ADE058A9E177A1698F75DC0EB4C800F74C0270178C8579C1FACD025F0560844502D2BBC01E620030CB93636C1041636A693949CD80139FD15BE107F905590A292840F8860
311
706D07E2970A2F15E5B13B87C3143CB2930374CC46A6F9B9D7A5CCCC14E11B9E879A49FBE27ADBD6DA82410FBB94FAA8487D61B51F4BE0A03FD08743C31020D6628ED20305A22C2C2FAFA7ED1E7881C438AA5B9035F20759E243C51F34D0D5F02F11403B9E204CC1686C0B6C9000470561519CBE1B0E4FBEAB37A39EE4B84C
311
05F023858779341991F36D9D9F351E7BB3B5ADF00148D9D05784F9AD8B037D48C01BFA83D4247F03BB768BEEF973A14E610090D4B96B1EEC5C5E66928F28EBEB6CF578B067DD83086081579848E60DFC7684044D8174993C39F886043481F6A2B743B18749E52447CD4D230513032D20D20206E536E15BCF7B7D211634F98F
311
F9986287F33F9A94615A5A0A7CACF8DF5DCC1AC6EF9AF1945EB78E0A2FED1DA2ACC00EF983F9A012260BD722EF61C9DBCDD8719703ECF839029010CA0B9F100B1D2842153E01A1A3837AB579516A31982FD2908A09100DAE591016CBCD4B011A2F4DE299E1338CE065DC4841BF9895D8C81714800CD08F5AD39601BC929B55
311
D291F6CDCEF2AB40DD5D98F4E6F107C47AEE4A09A079C05316F479DAF4C2BAB83221BCC0CE23FE3D3D4C7BC9AB673D89A3677D6020F6E182332028012FA0FBE0B2668FB85485902A8E7FA0BA2105C213E20BC2169211A4BABA7D693C3F1DA961F203694853137073AD5CD25F1C017DE0477626D7BA55B88F83B5EE513C41D8
311
14639FD1BF759171F4577D3CAB0C3DFF68B2D3B1F8478C18F67BEBB2598FA76A4545E9E961BACF657E0791D2373030E0EC9FAEDD17BEA7703A738185D08236C407448A4CB504CBF01FF43859D3115488EA01B55078000DF085911805790DE1B41B6F8CB2889C3834FE02AFE07D85143C6C008438A944EA63E047023A7EF37E
311
13B0903AFEA7BBAB9579330FAFDAACD540022980B65A75FBA17D388F1E6576405CCE7032D95BDA420E7DC0EFA320879E5F8B3B04C1D2D9C1114210C19FCC49DC6A855E12010184DB8968109ED016E4683CD552A36B3AFA13BFC2114068935A7E774CD2C7225642B73325938052D8634ABC18DC9442BF9E0402E85B42F9F327
311
3672DA8E8F1070405D1DC3248487574CD98092B8B956E6AFE1566530B78FAE05B4A0DE51FBAF85DD075C7E11939F80E015A58D1F87E400CFFD2306C4D1D3C634380A201545A92BE01F445800BE12302AB477BD6F62600D211232EB061448A0D2B877BB940D63D059C37E0569A83DE93E214F4BD86209FF6F479C640AFF8AF6
311
D1BFD987D029A94DB7C329B4184D4BB013BF912FB88FEEF913071A8D82B651BC10DB067A7EC52FE1B421883144C00F64FA23A11CF708BF16CA59F18D4C04B8085964B2D8DA4A855187000BE440BC816FFB13374640B0EB1D0998AF38A1AEF503F14302E2811081FC12EA6CD38A63B33035125F40F170C0B0AA45E9FCA38FC6
311
D688D48563B5C4B4B7C359D3C7AE0EFB16ACD5E2FAA47EF8307044B4EBE1C71E84E742D81431FB06B90B600B9C239E277A57C94C427EE10E7826980C0136600D916A06058CBE8604DB4D314FBC014EDAACD0820F14BF75449B70339490FE5A0491221BF95F949DF1235380E969AABDBE2D32EB4403D3FDF17F42F9A0A7C28E
311
D75BE86BDB7C7EC80C76F86B8800F77B305EB88F00A4352E0F8089EF811EA02A3DF08F7DA008F803BE4B4EF5F41E56087099E920708C3D720916444440FDFA013D4E1201414123A09290F5BD7AB729298209C4306D007BB0829FD4EC3A6D7E4F00B67DF38CA0764F832F0448E58439B952CB4F70DF964AFA74CCFDBABBDF27
311
3E2FF4F56D3DBFF2A78D42FFF2755DF307066497F44062AADFC0CC546F6DCCFECECFA232E14F408F05477D311B683A35BC245FCF8A5CD2AF20022C21022266905A5BCC8B20235D6FF04019CC04058AC80023662E25F342063165956320BE50370F2A657BACC817DDA3DDD3EFE04028645780A768FE38DBA88BF2EF3ADADFC7
311
FEACA952E5A77568ECF0C971DF32BF1D24F8486B22A649EC81B1B60315CBEFC026091CA45F858D7D04C1B437079431E63E38F880758842E780A9E03791C0FAAFE10012588C3C592FE35461A6047802BA18686887023A422A49599399893103942CF6DA53A8E387825FA0678B261F139F801E2B17C901D0F5217E07AC2401A8
311
7D0480F753FBED44FE949C93A1D042B879FCE499B3D861AEB23F9C1F372F0C24D0B7D6E70FE1AAF60F84BAE642D82F0A9F53E22783915518494FDBC0AFAE7DA282E5050B703570E06319A015E00D693A6BEFFAE493941C3B08C13B96BD20D0115A9565701DC58568A3009DA13E965765C03091F0FF339F7309D44F6E61F837
311
F1B1FF920450EB8FC48F9B40158BE89C81A597CFB0DAF5F5755D3886DC13D4479599B583758CBF35663AA234F133F91D3BCCFCE0A794367F385C59B19431780F1C099131384056616E15A1563B50021D369C593FB292685A68A8B2A50A0A2085CF05434617E05FC24A6B077B990014421A68401AC4D65788EE25F737EB780D
311
08A6E38F060F2ABD889E1B889C44852C2FF368C1E3E710D73B6589EA83F7417B341ADA1F639A23D15298F087AD0326410E116C3A1B325218433C71AE62C07C1480F1C045629724A076A4BB8D622D24690486727F56108D07046DAB065000678E04C4F8C342DE27F4AC102D854F2D08D59B4ED0E4F697B0FF62F113646BC5B7
311
F3131D4EA8BF8B265EA3F2026E7061B96F6DF3D993276B2180B8E57067587428579460551049049B074CF8B1066C7E14C705F0B39298C0997C17F701097023BAC31081390196801FB0C2A12380042927503D5A01CA127F9841B460310639C674BC8CDF1A320501448E0068905B07F6E5602F8C1F07786253438CEC51AE61FD
311
B25FF71B09893AC026A9EAE3F30F369F5D5EAEA5801FBAD3C98B38C13EE017B054F81A56F05259DBDA64FE270B1FC4C77200FE276FE814B916E222575ED717A62A92956504605268408CFE13FD61F84252228376060206802B9550F00B9D47E6AF1022538A752CF4FFF1F5931384A9FF8700EDD4FFA2B93FCBFABB3EA6C607
311
FF714B0B8B04EBBE83B52B246092AB018C0D0002FC490849F1E214AE6FC42009D6D86616C835B65DB9862EFC4480C14137603C3089D0A5588FA27E693DD184131BA4E88C35045ACEF1CDE1A82323C20B842F2419604821196EE8185BC834AD44F8E9B7549A32900196E9ECBBE20FFB4706861AACADBBFD9B56A23FFD3AB8BF
311
ACC18B1B5AC0ECD7B6AE2E2E9CCD2BE8AF1B1BC3A813B94107E82DE67A42E7CC7D4A6116700B5B2EE3C338A09B840F07C40A64800D7C605AC42B72227C4C7020AB1F20056E26F542717F56534261DE3766AC10A6ED2D006DD03BA9DBA507AE0510A8B385C92363B9154167F1230C40D76AF6F3BE0CA08F8BA2FFBBCEFB09D0
311
986550E0F0EAE2F2780CDF850CB0F88CFC2815FE87BD83909F474F45DD47F1C821DB2107A8817FD45384F57891B65F2543D0C1E20A89B4A8DF806862AC27C60F6A054627FD344250718AC0FA21CDC4E28DBF2650D1B39D8B8A420C348A4F846E2BE824BF8C45E1DB8EEB52F576F47A75FF95F90FCE0FD3A7A08D48D5B9AFBE
311
3EA658E1676FE3372FB57F0AD8D70ED4AEBA3D4C2BE0AAF1C3AD63A6004D12900CFC481A47430C9EACB390038642C8C41B13303166614210592736B8603AD4FAB17189DBB32F3915F0C380795A089A15228460BDE8E52203527D41B5470901B088D84FF8B3FE2BA7F4FD30ACAB3DE0B7E2FF95807AB0010FFDE3A048F7360F
311
9F3FB9380EE537F16F8673131325D3351A3F664022020811A0FE8C019CA17370725CBFF64132025DA1BE2555102212E80A907FB43ED80A991A8AAC183932C19AE17524B06590B6AD286EB99BAD18FF4BD64BAB519202F992A963648ED30E7521F909F090C0213E367A77D8836BEB6F34D92EDA624183070248351F1A079E5D
311
3E7A9EE81F2CE6678F92E299EE312B6C0572C0A7B5EEE07853612403813152C7125E2022A20C18F855DBAFA399817FC97FB6E1CDCA31D348434ACD0012F0D32A5456B4007E6E92D72B1A4E9971223A42C1042819E4049C0C5801300C0013FA48F8944FBAE71DAFC27F1826FA2304ECDF3F6C10FF47D5C7E49748DDD687DE8E
311
91C09394EE0682A4F84CFD6067EEDF43E67EA46CB2F4070160439245F00343D03BF25D7E2F26FC400A896DBF19FB8D4D0A66DA669C3D608F9CD048A0533621B25690EE19D5D15248E390F042B12C682511B02BFE3E5700E4C9A9B2107A8F45248FA48234FD23005ED1F4EFE80D1320836F04003BF42856D478D1DCA3ABEEE3
311
C68F9F30C3A16E5C238EA5DE3FF37DACC2F8B7980033F47FAC34421EF0418A045394802CE032D61C70023D788136788613887C0011A4EA316E005718AE191F8D0D841B9C679CD2FC478442D005429166F5A24403B1E6ACF3298F388B6D0BA933D92339D48969A5C11F09B4FF017A9900A4F887010C474717E10F36468032FF
311
33F4AD610517777104CD920C3CD15FC5F3B3A0C75BBCA3B00F2724863C10BCD4A0E00736C7981F2F72E4B001438B99714FCFAF713A2603BC710376A1715FC602022202E06FDEBBC680A3DF1C4C095A12C50B554FE7623B50374FB2129DDEA4C392C9188077658C87F55FF92FFA507FF03FC8DFD3F31BDAB46DD51AEB03F7E1
311
B38B8B87CFF47EA1479C3EBAD5C6B382C221C0F1B358B39D76D9D3142C4A20935F541E492E0EF081BA41B3620A8E172B584EA1485632E22A8221CEDAC6110AFA4B6D43E2B76A18AB240BB24337721C9321D2C033B2D3E2641A55A400A28403C12D1DADE39AD23FC5FC08C47A64DC3FF6DFF76B5235124022D7E6D6D5F3CB87
311
0F9F31C96FE477FAFE54100068A3A87FA5908A2C08011CF31309C10025B089FEF9C510522B8DC07C30AA469841723A10C08E27F00F7FBC181C083F2809EC3B2B328E294AEAD5A071B3A95C81D2DE3F930372D022C9C793535B92FDAD5426E90490C3C81D000017C6494441544698C416520C1C40C71FC204B22448FD930378
311
2FBA67089A1A7D4CE38E89050FEF5F1E078A4DCCFADA058032C34C1CBC2E1202B1F8962B1A8024F0EB7A11F209E96FB369D4B64202FE7BA230AD24C46413536EAE955B341B726C593B5D4630C0BE822480908522B0D85430230352618DCD4F7BA6D568BF4343801480006658EA3EDCBFFA9702B4FDE9022163C43F9B72B580
311
01A23FCE6F0B3FF0E4E1DDFB9801A6FC42FD0132CC1F2224F89933107AD30B6C9131A53818AE944BE25A70810821C38F098411980E46D108F483DC63F49B91B852351604091D60546702F58A3872A1716411B642C7629C267E64E77719F46B0548FD6BFFFC86A38DBFADFCDF700228C124C8664FAA02BFB1F92B09800876FC
311
E4F2D1C3FB4FD0A44E0106A8DB8079751CBF0BD9340066C3D52BC64706467C05B5A54401BE4A1B0132A55EAC1CCCB10D378A3DFEB9812022327745EF2102886A9142C812A1A2C9708027BB55B7006357459F9C2080E0BC34489FC629510F3017B62D5073E2A2C64048A0A42580E413BA9E08274091A398EA80B5BF31C87BF5
311
ECF8F1C5DDFB4F22AAC181F070AAFDDAE5650C4000516440D8806786D874215149E69ABEC43FF0EFC820FEA112B0522003C84BE03FB76623513B6D840820358B084119B0CEC8C00AE888826339A54091F5FCA513AFE147975BB1A86FC50618D9D74502F0C7C8815AA306602FEE3A5E79E0D7DED1B221001118B73182CD439A
311
092FF801105D1AA14E1918EC282F6260869D55108065988BD67F68E5581720A708051F7C8070F582389C682BE53F2AFD85853F2A013D21564028E06E79B7A71E43212180A81541EBC88F451E02385100491AB0C4A3BC5309A95911E66D04C0B448366988ECD204C2FC930F8CEE8FA410EE4C25B58DD1B6EBAD83F6196670F7
311
DE635282C0A56A851AB035831725F0471A10FE52097089C80495804100318405F0DFC2136004B4C40705EC9154315129205EC357930035688F61AC02188250CFA9A980233925F16A117A48CA54DAB6400221976B75D863330942E20EE3B00B08FBB71AA813B0E502FD2B023DF70114E0D7DF2E2EEEDE7B7895042001120754
311
78F2FBD6897835C91F0C20782401E801A2F9142700B74805703426023A81CC0BE88B537D0003E0C5181D29EB8D83050964DD2580910A1E7A8138F76253DC01DC2F3824391AD748276C0B0CDF12366625D038603D0003E0266CB42704C8CE7FA7F11B4D59C0BF454A78F8FCF1E50513715D469607031272358F04E0003C9010
311
7223A581218F10008B10247CD20D860FF0BF48801040B361808148714764028EAC137E871501EFDD97C89B52107FF1235B0928C562530082573CE137840EFEF82A0BDC602736C595912FBEC69E6A3A26903B3A300C5A098A9E3F1810CDFFBA019D97B4E7A7A075850F2E92569BD960CA7B8304995FD006FC4213BB1448A6F4
311
BFBB3A9F9FC4962D0A1369129B10073771FEDA38B1737B663A71C088D8848027FC3008DAC4E4397A6F76271DFFFCF77D6BD7F1F67DA51E0E08875A6BAFBD6BD7AE52CC04A0B4A2206F650EC412841A48258258E8662C3838FBE21E25172C2A15A4F78D82DCF68A005DCF07047C183E1CE47731BBCCB5469D9169E0D588945B
311
EB637E87802A03D88FB82486210D28FB3B858D13DC7CE75F5E6F3B03C1744D30CC58C7C7A256146853A05243060B850072A7010CA47CFBF9A1E24F414037B8781E8E9F219A774B36481CB43E48A79819D638C8760D672FAC19FB9D3FC5EA9158DBD0159C27860409682E8FF2595652FE189D2CC2D7C023E944158355806FC3
311
20087CC74116030CC376C559C098B93A041C5DDA48AF33827D2327DC761D19C17CC62780D82A170E6CE7415A5E7FE825E053048F88D2AC2A561CA4D4C60098DA28EF1A01382772484698F60C8DD24BF396EA76260542810A625978C03580A9CAB91D10249BE579B0377A3DD15749A45F24C4D81FF3D7D7996F6A1690288008
311
C0FF6CC186DA9D5FC95BB09B1301004B016E707FDFED306A1BE8FA208828F00BF342186839839F1F6FA338DC5A0200FF383DE92614C03A4508DA18F4D85F9354F7E867AA77A42FF49BBE6757A1A7454448D0BFC3C220714FE43A3D8F1547BE10F0BC5A05985AC3C28829A06FE24CD062700601F4AF12AF99099B08E7071DC4
311
626A97C920C3FF96E190C9D1FD7CB6163E800D79E5F3F10A9306C02B799E80F1AB380E0571A584C0370A220C3125000B500900D96FEA40409F980E2083E4EDF4D8D2480AE5667222E020BCDAD4EF19682120818FE18EC7FD6AAD67C03F7DF1955E697456F517AC4F24700C30171C67E9168B109A4F60AFA60F98BE30941BF7
311
76DBC7C70792A2FBE98AAA97224F8BEA39B47BFD14A8CD03320DA2B676E3AA397E652E30A42CE2987B7DA1EF7F75242413800A04C0270C62A13372400B435ACD84B8B5009208F5AC73EB149FFF3508E21C2201E0338BE07E50EB47E7FF6D97724A601028C5519073E7978EC88834410450E074DD58AD13A4900103A6444A9C
311
B99103229F0EF8C0C78161EBC68137240734CDCFC349807851E0EB46CE864D2E405ED341B71A390CF2DE20CF5193189E1901E866D0230409684B193D17E2928534D04240937D3C84477494FC5E0FE0B448E35AFC19007926C1C6A6E622FDB8A12E30993C6710E070397C4B26304C0AE38218D19F01FFB15BAE1C0E7E74DF75
311
F2406E373C414E848FF8E500EFAF3C1029C9C0ADAB2313A7426CA9B2C1B9E30032C84EF31A09A88A386F136E8C2F1D582EA0459207015F10F1F001F0B1B7DF7222011EA2001F00BFD36BAEE0850928B08C077030FE3806C880EAA74BCE0863A952812E6008B3A89199C1EE918AF96AF583F1A073B0A355B9D861AF1460DCFB
311
3BFC6B7EFDC834B09700CBED3510E48DC7129041C991F06BA5006CA6B5B34EE21501374E8DFC910042036111EC9C7CFA1C05D48A7270F7F835BF04A4194DA4CF76CEC66718C84CD020D04C412AC848F03E3C61A1C8D50D0EA6838A00376054D3DF61A0E393E1F8B058A6C994093476D601A4A06F0CFD3C0A6BFA910E75CC10
311
400A80FDA93AC9B5EA4303F6C0D188B559086091CC5910137772E14F2376D03181B5CFE74C0EA38440D0AC256D6C4D104CE05302FCC00B60B9CD4D71E08BD40C144A025E60D4C1F45FE846A2105D717EEA84808A5DD90A168E133640311CF05DD870768683F5D2F1800F485AEBE5CABD8FFA3C0BEB33702493AEB551B1EB03
311
5EF5C8E5757FA7832141F88E8578A363802B560007AF93D7D470B478C4D00B412D634C9140C4F9275C00DCE8DFE3C7F8C0AFBC5B2CE82E3C3BDF393D4375D50C43CD1C17E3777CD2C170725B7B42B41DF15BFC344DAD089C1E9118522B4A2C60B794E4E8F33081BB7C8CFCEEA0B2015E49D586429C6C78646180B7710E0601
311
8A3082243C275F077FBE412C17DE80D3E6B9462C5204C5D980D1DF84A864401C483CD01B143F4A4868087A0F780F37230200A4FBF6AED325114C367C22512750A5C7C3E32D545CE20A0904183BA10015DCAD89864B3E1EE97EBAE8B204266A48E010511838E2FE413FB116E60880C2D8440AC3880DDA6DF6618C138CF1CB2A
311
09637E18D00F80CB0DC05322E31EADB8081C29410903F06BFCDF5AB46024E4A75828056440503C707856EF0C037623DD4922A400E8A6BD75E4D2800905F18450A00CEE88860C8964C7B3F90F56528BA18F71CFBBBCD2D05797E168FC37DB26DBE0DD2EAEF39686C18440820013C1444055402A541400DD362A0A402F1FE512
311
46404E098249FEE30708C10CA0B54601053159480C00BAA9B1223A773234FE72FD5C3BD81804D8D196FE3D5315A0C981D88D04FA01DFC185CA93F9120E1F480B08063364A0A318F08DF95056E4C91F1150D31B011200383502E079EE43CC18603AE2F88FD139C802A739F208E88D06DC78267C448C27C4113C19B0F51B0E9C
311
1C021CF8F9167C6B1F2E10E461002910105D1042792D1CA303F469714C018C23D72179E165049C40E801CB96CF334562E5807291D1E0C70FE6CAD91656715F0E5C5E70F8D7F83290549B1BAA6F781D25180EBCA93EC84E72A74081CE3020789B3790E1A9E478E658C099BECFF01E530E80EC5FE31204ACFF70AF8177A03059
311
240CD074978A002A878BF883FEEC81DD684E406CA630ACFDE87292822A11953710F000885D6F68A67ED40CD772B0828359B753F7CE23D9479AB9845771B389D6A77130F8C134EFC83947392029B10E4425440A84AF0E54825228FC1634D369874739C837A9DDC83C20D320C36042610ECDFA750303710224D01202488012CA
311
847424F8D53F78AB6BECE9B3B35A7F32396AC6B7444566327DBB4DF06FD9616744F4D3A397EB3B0A3FBA8D763702883ED742FE5CD24146D8E353ACCF811C806AE09914D8446E93840FF4D6C963FF32BFB6AB015D1D3B0C9A0968776F021F21404B6260CF84A14F35180CE20B5E85BDA2EC91FD5A7DBA7E5705F4F0F97AF26C
311
E18E3BA078138202400A62930FA6CC7882F911A92F33E547E64990B0F27323D73B6222863F86425153FA8009361C675554C25382CE148420C8DCC47A20122806CA178A0918C14CBD33440289078A00EC6070184CA9907FD0A1270478E0B325B67C2193694EDB7DD0F3C238447C8A11485562FB4902134E6AC952FD5320A4F7
311
C780882DA9684285CD81D278C0E8FF8DEC9F45D22DC3C2CA99C2728110888799575B6834BF22B0F01EDE72D7F21B672C40F0A972999E2200B7C91403F9BB3D09C01990819238CBAE5E7510D7D57450507E3DB04AAA0A3C280064E0775380C8C16EEA4834346A04BF0CE847B4B3AF760D06D24BBB267C32E2C9257DE5EB748A
311
D101AF1FD33265E2B674EED8C01A0AC901392211011AC810560F77778E85B13BAFE3E25C95B70919A4862C15928BD8989664AD8638101D009A80F00BDC41AF27602A4BDA0C077E550048E7F1011410F01405045E1C140B4D0E70E0F6E034171C3D6FD12004FCC1FA304312518910356628A4A326EC9ADF5DFFD1B2C0399503
311
F14B4F8E3E0E4E39A06ABCB56A8014687E86E462BDDE5124615ECDB412B7314F62E6E0C76ADEC0F717B360E741960104CF1706CFA18E0605004B01AE007869B095ED92144A807841EFF2811C047889A04901C809062057192688C92346F97F279449F89B113500BAD282D1DA80A55C27EFFE02C8D4F395003F285B617BBF08
311
31F49B055342DDDD414378E8888E92C16789F269A27C9A221FAA4A0DFDDB9F935B2ECC04DC51481558A69301E0460B02665AC4DD30C03D480866C3409400051811876014C0F294C542821AB045011A3E3F09001FF304E3A0BED05CC11A811B865001769507FC01ADC611F400CF68C7B093606E30F3C7E0F00C1D10C31951C1
311
E2D7252181DA00345842A19130715C736EC9ECE686A712FDB31E4D3E50AB336E5666D7B212C0113C4A4406029709B43D0228F3FBAF49921B19CA0C82A2D5BC4A2079809240F37D3E10F9637607C3983F0458508A98B8B4EFC92AC13530180CF55359500080061DF59B98BB3FEACEE881DC8127F182A885A86FB12B43C590A4
311
380504E32305E3148BBEEB2D2782029765428092545BA5C2C681FC5F8E869C0EE1034A822FF09A12C94084505AA868080303473F8161F7AA0A6610745E280BE4427FB770106F8800EADABA19F453210435BDB2348471B13B65F2FCB554827632C4C44467333E4127095D22092ED492009930413251B5408345065065E41526
311
6E20279A40B3F520370BE2050C8360E6BB4601C1673B9BFE007EF5200B6483CD195400A783E6DEA0653515B0FCE8E86D1618FC1EFC15C2E727F24F2A2DAB57326D8D0877D4E298894E7A0C3C7D9CE8A0E2D17AA2020FA1097D6372F2A9F955060FDD467AD0426368C24A8340FD0D6687A76316DEF5179ED9042005A2BF02A5
311
DD810A4DEFA4A8F700EFC50FF4FB8C06410F0303C106ADF8852ACC6A2CA9046E9ED070739339857222CC009E206479886EA26227BF7A341A15C351A8404A6C10080A2140FA4B4E8D9B9A11645899332363FD69887F436A660566964250FD752E787B64BCF8E6C8190DF8EA0C854C062D8A5A1346F810414313E606ECA0AC3A
311
01D6928544029D5F42E202C0CB386F880F7842A31287061F32F3CBE09F2950783394F2F2B23D85386C6F51943E99DD10C8A0000BA9569A14805693274BD0E4F4DC3F28E331EEA91C4F33ABE057889BFB92819187840A08E57A276A8BFCB75B0342668C70C565C8059996D209C2800941A21FB82B2F520BC2E6FE6F1A882704
311
3DE17000DACC8193E78BBB8DF1467978C06F6AFE986123E3A95272CAC122046F4C65C4B88FED2F1CD1D918F7CDBF8903BF1A90057D42F4DC133AF804ACBB58446A0DB78806FC053FA1E45D0AF1112613CC0DD976C5E70AD3282F42725C0D02AC8588DE451B1C01ABF063E7748A3882F0DD484BB78D037F9812240EB88B6034
311
C0AD53E5116D4C6D920C6A89F084E6D0598AD7EB6930CC7B293E27A666E5CDFE9A3FA52FEB3C97976FDAAE9A60008FCA6B33099CF9880D35D419FC687D424378E3099441E110C5B3C6DC311E6653514A67A530D863326C4D8430E0C28024803B5B069B0E60C10EDB6DF087034171DF01F1F3404B27B1056D8C0E56E7CA6056
311
E7798147BE4C2F01CED5987E413AC6A724876DE3F599E0601CE7B9CEF3BEB3671E12DCE8AF9631B8031D3F360B6955DC2342B2A0E4632A00264C0DA002220CFEC3E10D9BADC8904D88DC51928593AA16C91DF6FFF82B3234404C7214D0F8608E0052283EFB2B0563F1D072936C4017706010BCF1B16CDE0C1FA9C777E44E1F
311
5259B0C9BBC8794A82A6C182A3AF56B16921405351FDDC91B5BAAA617860E8D76C97C377FE701A4EB4378FA97C2C8E3CC8950886C6FD93AF70A1F5F676B7ED16CBC56AF5D09110EEB8607CC08A795882358280DDB98AFFE7087C6EB593D62F041CDB4018935238E73F1098100D0C8769818F777057F64C703C6530E142FDF5
311
C837AE1CF66C94C4887D3A3726AB990DEA248F73B5D32C8E04F6714B1E67C53FC52040252E605B322407CBF8C7F05453462A295ABF4D95592DDD76AC23512E9A2DF964715C80DD752CA8E263AC36F02C3C28A133EB22AC8D099BDEFDE28C3E8FFEE3815D5D00C17C00511058354D62443C1A546280E43572A9C661A34FA589
311
1F8E7570608C8DF21DF51DF9D2A84D4501F41B8CD4F4C9DEB2F901E810C0E4CEB6EC08DFB06341C864CF8D0EEE779A606545E1E64AAF30A4324C20FDD3BD558BD966BA994FA915CD162B1978642AD01694E533EC190368A68234657085B5F88E27A0805E04B8BB6A00A51646EE3C10A50FF007FF410F1963CA69BE2002F0F9
311
02E701AEC995FD41F83A3F0C3809A3288A083003A6CC2A20E6D703EE48E3777AC07ADD51EB6101603A9FCF17B3D5928F6D742EE7E4CF38AE2B03C5FB39C81D7B2978FAFE85AF3D2710B0582C970F0FEB0E4D1103B8BE2B4D560CA10002FC8F334C891C07B44FE06B2E3ACE5E1E2D1FC32203110ABF9CA0E8381F68EC3C0670
311
1328E5A38278A5FCD944CEA5283DA933DF2A2448BD23F1C5D8BE04CC2DC3B43B3EEC29F8B5FF926D11D3E97EBF7FA1BD1E5E5F5FE6D3D972F548547783146ECD84873F377C5820F7F9FCE5E07378D6CBCB7E036DF7F7104079A05B77C6942D1BA95D47424BFC3DB6411009A42E207871B7EE9B06614BBD20F22F7523FB985F
311
3F7068E37600273A3ED0C1CCC380F6EC4AF01CC1CF95E4848B7BF950AD14C44F10460221E02D21D01DAE800F323704C00035DFE97CB37F797D3D1C0E4FBF35EE1E5E9E0E879FBF3DF6F474780A01FB3DAF01FE0C0798218007C2090A3008BA7682A338F4A8804A06CBFE6A80CEC766F49853F15B2F45FCEA3F825001284131
311
5016E75E797EFEEC4ACA6C79F515CF1738F7C36E2406071051043817C9E8C5888D49D0332E800062FF54FA562BF7446CC0BFDFBF8603D1FEFCC9F7FFB5A7F000430755C2D3F72F2D02A022820897ABDD44594475BDCCA4A10AF34C06B08B4AB58BBFAE30999DC66C7CE903A83CF8EB006EEEAA063430F84B05F0ECF644825F
311
5E95073870E72A0771AB89B080022A0C5A9FAF34C89286257FB7BEA000EC65B59750C68E0815B0D9834B15606328F80709DE09018AC2A7817F83F96DB3D562C10A0A31300230CD4200B87F85808BAF64D04600254047F9C14DE93464009E7F5AABB4FDD6D55142A2C0BF1541FCE19C20C899BF4F76AB54B84CB97F88F48ECC
311
029FD253F0C70DF4816B9AC94BCBD653B1A283C4001A0337955E4AFED3FB790B6B1F5EA0B5514074103A38D84280EE0F5F9BE974EAB2D16AB1EA969684B6E4166CA28264B300474C7308D20013B204A65F82970718D05678B3315D442E1C0A327E2F56556040C005D2FAB1326A68A07507C9E46A3648555A7080F5F50219A0
311
0E6222E3E0862CE95B5680930530742F1D041805E69B788161F015944D041182B861A2C17F3AF01CF5BFDF6C343F9171F5B004BF59C016719164B888EA206A02AD05E8464D06B48E4381A0E9345FD171625AC22198F57C003BEA5510F81FF78D31C9B033D0030000000049454E44AE426082504B03041400060808003C560F
311
5D28BB58AF800100009E0500003D00000031463731323142442D463439462D343641302D393346422D4530354145334338453145462F536368656D61732F436F6D6D6F6E536368656D612E786D6CBD544D4FC23018BEFB2B96DE15493C78601010A34B880709DEDFB52FD0D8B54BD70DF6EFED3AC0B12E6442E2716BFB3CEF
311
F3D18E26FB440405EA8C2B1992E1C323095052C5B8DC842437EBFB673219DF8DA659866649B798C078B48AE6410122242F2A4994AC7F93815DF85C049C8564CA0A901499DD886B2EB9B1E02448F358701A9235880C49A0119892A20C89D1B9FD768815CAD268CB5E0355B40B1E47F3E37A2020464BED06AA57CE8FCC20C3C3
311
446D46761A2632A8C1283D07031EFF2AE7CCB1BFEEE916E406DFAC8E36FFD99A9D60A6944090EEDC3B670C7DC13DE86B6B2C5C240D6E503BB85ACD579D513F1B9F9A69DC9CC22AFA80C426D40AF0B21EA168559156B6276F0F726A6BFF04DCD513A87A62CAD41FB24FCB2858B3952E3D852084DA25B9303C15687973CC8E8A
311
AE11DF2836C38C6A9E765E8C1BA1BFB1DC29CDFE518C8B5A7655A4ED7E77291ABEB80DBD82EC866ADE1B8D05AF9E35CF09D7A061F38A986D9EC412B8F0F65E5D81534D9B231D1E5A8FE577A241F3A5FD01504B03041400060808003C560F5D670136ADA9040000B41400003E00000031463731323142442D463439462D3436
311
41302D393346422D4530354145334338453145462F536368656D61732F47656E65726963536368656D612E786D6CDD586D6FE3360CFEBE5F21F87BD3245B0E2D90F4905CD12E1F8A0CCDF5BE0A8AAC24DAE417C872DAECD78FD48BE3D44EE3B5C3E16E010EE75A34C5877C48911A7F7E4914D9095DC82C9D44835E3F2222E5
311
592CD3CD242ACDFAE22AFA7CF3CB785A14C22CF95624EC66FC34BF253BA626D1BD488596DCBD8F2E6FC6335608B7F428D258E807664080A98384D9E75E22F16B2CCF05D32CE502359492C878124DE31DBE89612BB196A934605E44F272A5249F446BA60A11112D589CA56A3F898C2EE16F6B136C595C7AC3C2FF076D3D808B
311
DBC824572211A961A8D96E393F7AF5806BEA91EDDFB1ABFB769EB08DE8BCDFE27EF98E9DE0ABCE3BFCA1C54E8AE777ECE2BFFC92A94C87EDE6A9111BA1ADE75C74BF391275D33FAAC5FABF89F1D33C9836CB3225980B2A479BE96A4FB3D59F821BCF11CF1FC55602586C7191D99E2C9C0CF2B8A662E3484E59466361985485
311
D7E248E7953C01F19DA23B9D256461B6E09C40FF02D1DEA98C19EBAFBA4659184B7D47DEDF22E2F53DB017721B164F5B845961697F0C699AAC2410982C385725A6361A500F59CD848221F103A8C1A7CA84A55F407794695C905C688E69B111550ACA946B9B4785FC1BDE0E229240B62665328986D5B32C400CEDD88188F35A
311
C25EBCD40836F47F35E5C0EA4B6F767B50568CFFB5665C505E2AD5EA8A9997205F50A2350EAB32C9294B0024108429953DF32C4D812E226658F78A490408362A94987E6F787DFCBBBABAAEDC36758ADEE9B58B41BF0F35D87BB1E991E02BF0B513748E6C0AA2EB2CE56EC68E97585643D82DE284E51DE03E4E22B00738761F
311
1E66E1616A03EE093B0327B6BB9797262B0DCD72C6A5817ADAC1C3C0A3909CF6639B404D18B15CAF4B3C09CEAA4414BD5F0723F059ED37048E7A64271711EDC9C5230F58FBDA5DE00DA512CF04BA6671A0D201A83D2EC81D2EB552C7E5CD1BF9D6913567B2CD53A659AC362A2B200B440195E2ACBBD167A32A86F7874F7F00
311
686DB55D163481DADE5E417E979BAD827FC6B2B0AD8A6AB1567038E466EB4B10C4C2F3F71196A09260938125FDAB8662456EAD68AB2F7C1DFF709C874887B76A4355564F017256531BF73D7D754A40E23401DA38EFC907CF8D8E3C1E5E7505D8E432C60BE1EDA01E5166683F169B6EAC6EC046153F66C2BE0679FD3F407982
311
ABFA28F92E0E457501938D96B12090869079360D3F947CA8BBC3D9FCE1ECF3C676C9BE80EB67CABE004FC290F8E26BE6A0371AD6CE66781C408A1FAA8CFFA63DD93A94CD5E1F3BA6A3DFB05B34E1247BB3949E3C332105035203136EA14AE89FF99E3E0B3C4EFE65C581A3A3D2D0EE84EFDB22B49DA31A07059E69B81628A8
311
ED1228B63E42C3D840C3C01F460D1F331FE199821B03F22CCDB6DBF074B49566B12C3B3626074EA1B130B4596BDBFBB642A835954A9509E5769234228129889952870EEE13F494954AD7A27EAD09411BDEEC5B6B6AD752C11509F826EF4007E86281B1AE63750FD09DBA87A34EF4CE2A75F3E85960004EA6B519F4806609E8
311
C91CD18380BD81691D9F2CB5730631E6DDBAFBC30E96D3E1D3D67EE8FB72BAD92AD4C1FD3CEDFBD2681858ED6583CA3853294B80AF67AECFAC6418D08164D5FD1E52E8B546BCC77B87C6E9D1655FFD384FB26A28AADD82E04B9C64EBF78FFF00504B03041400060808003C560F5D8DFFFC99640100009B0300004500000031
311
463731323142442D463439462D343641302D393346422D4530354145334338453145462F536368656D61732F52656E6465724D6174657269616C536368656D612E786D6CA5535D6BC230147DDFAF08799F5FDB600FADA20EA430D968A7AF12D36B1B481349529DFF7EF9A85A718860DFDA73EFB987734EA3D16FC5D10E9466
311
52C4B8DFE9610482CA9C8922C6B5D93CBFE3D1F0291A6B0D26A3255464182D920FB4233CC629881CD49C18508CF000E3EE309A100D61622AAB4A8A33B2483F11CB639C545B0E1508438C3D3C0361192846DB7ACD198DF186700D182920B914FC1063A36AFBEE8FBA03FFD3CC1D1F4FC9E151A2AF59F628C5B7821D83FDFD34
311
89305080F2EE04BF962195FB285E9D2DD352320A9E827AE357594914E42B1F5FE35F83688F60C4C91A6C946ED0668E8F244BC2EB0BA6E3BCCFC0B6A4B507F9F9F8D51EB315D9BA9E08D308E89F96931666E577837E2B4172199C68C4FE306156D47DF51C698C7B9D97FE5BEFE2190C3C38BB054E6E8163FB039CB4B993C80B
311
F18D969203116D6BBD26238B821F9BB909AD6D9C71B85BCD8C33D66FEA3D31B4BC0AD45BEA46BBEDDFEC0F504B03041400060808003C560F5DE1F9DF6C51000000570000004700000031463731323142442D463439462D343641302D393346422D4530354145334338453145462F4173736574446174612F41737365745461
311
626C654F66436F6E74656E74732E62696E5361606030B530B570B27074D3B5B4B434D535713273D4B5343472D43530343435733533717533361702AACB4D2C492DCA4CCC492C28484D2C4ACC4B4E050A82012F90744FCD03CA26072767A4E6260200504B03041400060808003C560F5DC55C66365600000068000000450000
311
0031463731323142442D463439462D343641302D393346422D4530354145334338453145462F4173736574446174612F53747265616D56657273696F6E5461626C652E696E665D8CBD0A80300C06F73E4B29FE6CDD8A2E82A083B8B7F209014925C9FBA3AEAEC7DD2555D896CB85E51C2A1BD834F6A1F56EC4494C46952783
311
64ABB24ABD2146F88CCEBB89D5321FF8F3F43D672A3B44DF3CB6A1710F504B03041400060808003C560F5DF1E9FB8D38010000A20400003600000031463731323142442D463439462D343641302D393346422D4530354145334338453145462F4173736574446174612F636E782E786D6CCD94314FC3301085FF4A64893176
311
52512895E30AC1D209242A06B6AB7329561D3BB22F08FE3D769B0154C4D4A1EBE9BBBBE727BF93ABCFDE161F18A2F1AE6135AF58814EFBD6B85DC346EACA052B564A06EFE907C60A073D362C979992BBE0C7612AB5D8C16873D51AB79F8AF731226D606BF1A97BF08ED0516485B61063C3A27EC71E388CE45B8C7BDE0201AF
311
79C0E8C7A0314D22D3E334490704C296A95935BB29AB4559CF3775B5BCBE5BCE6FDFA4C8A4925BEFEDC49BB42CF8E16A56E9E35EA62A2932A0E418CC44E5D730F5974ABE354E8A442A19292457A60EFA1A52070C83351A289927BC26A4324108BD14475849915DF8E5C52376C699DCB24ED2807C784E023190C10BF4E43FB5
311
E7F766ED2281D378C98E9C6A3CBF0F2F875FF47A8CE52137979796538DDCB8EE0C5911877392A293AF8BFA06504B03041400060808003C560F5DCEA99646E8000000600100006700000031463731323142442D463439462D343641302D393346422D4530354145334338453145462F5265736F75726365732F353835384238
311
41462D393939352D344236412D393132412D3031313536453634454633372F7468756D626E61696C2F302F636E782E786D6C4D90C16EC4200C447F25B2D463025975DBED8AB03FD1532F1525DE142DC1084CD5FE7DA1E5B0A7B1C64F9667D4E57BF7C317A6EC282C304F12060C965617B6050A5FC7130C17AD1211DF613004
311
B3E302CD06ADB64425766BC5AB29BEB9DE855B37370C989C7D8F6183C17A93F302D97EE26E26539856CCB769356CA6794A98A9248BF500BB1DFB019BD030AEA00FF2F034CAD3381F5F67797E7C391F9FDF9468A4561F44BEF32E30268A0F0769A98EA1FE239568805625B94EB510A0EF9E53A22EB5CA9C6AFE0EF14FAC9089
311
D13B6BB8D624C832F2582134BB12FFB056A2E5ADF25746D5D68DFE05504B03041400060808003C560F5DA233C2345D000000800000006500000031463731323142442D463439462D343641302D393346422D4530354145334338453145462F5265736F75726365732F35383538423841462D393939352D344236412D393132
311
412D3031313536453634454633372F7468756D626E61696C2F636E782E786D6C4D8B490E80201004BF42E6EE76F3C0F216234B883063108CCF170C074F95AE5473F5C4C06E932E4F28601967600677D21E9D8092EDB002539227A2FCCB80E1168D80A6417297A89C5D6963B7129A0D1E8F2EE73AA7B62BBEB8B27DE50B504B
311
03041400060808003C560F5DBE89762363000000880000005B00000031463731323142442D463439462D343641302D393346422D4530354145334338453145462F5265736F75726365732F35383538423841462D393939352D344236412D393132412D3031313536453634454633372F636E782E786D6C4DCC3B0E80201004
311
D0AB90EDFD75167CCE820A4A845D83603CBE602CAC26799919AEEEE0D965E2E908050C6D0FCCE04C8BC355404EB6198129C92351FAD580A10E464065907C8D948F8F166375F655BDC3FDC3B4E530A176BE7057BDC43B2A593FE403504B03041400060808003C560F5DF767D50B7E000000A300000036000000314637313231
311
42442D463439462D343641302D393346422D4530354145334338453145462F5265736F75726365732F636E782E786D6C4D8CD10AC22018465F45FE7B6BD634057538D8DE63343724A761337AFC3476D1D50787EF1CD97D368FDE36BD5C0C0AC8A90164C33DCE2EAC0AF2BE600EA8D332C5B8FFDD008569B30A2A062DD714F3
311
F340B35DA6EC2BF52E3C0E4839E53D3723164250DCF6CC60412E0637845036B07618AFB7629CAB52E6D72B5BF3FA0B504B03041400060808003C560F5D9D94BDDB0C010000550300003400000031463731323142442D463439462D343641302D393346422D4530354145334338453145462F536368656D61732F636E782E78
311
6D6CCD93BD4E042114855F65426239C04C5C5D370C5B5858D9A8951D327757B2C09DF063F4ED85956237B1D3623B38F97273CE812BB69FCE761F10A2413F918172D281D7381BBF9F484EBB7E4DBAAD1401319D60A4F3CAC144AA4CA4D807CC4B9366D8A96CAB6A8D3F34F11E9D43FFACDFC129D269AB629C483C5EA9CA0967
311
88073AABA4E8400344CC414399908C8336410750096622473EDEF47CDD0FAB97816FAEEF36ABDB57C12A29C51BA26DBCF109022E5723D7588EBE18E28255408A1C4CA36A0A224FDDD1D28760859022A6505A6864FA5A0AA996C51AAD52298B1DC11F460A56C39E457E000FC1E84BCD7C66EFDF423F819F213C96970A46D94B
311
CDFE9BCBBF55C08E1B50BE415D08F90D504B03041400060808003C560F5DE3603EBE7A000000C20000002C00000031463731323142442D463439462D343641302D393346422D4530354145334338453145462F636E782E786D6C6DCD410EC2201085E1AB90D9DBEACE05D09878023D01A1D34A8419C380F1F82DA68B9AB8FD
311
FEC93C3D7C52546FCC12980C9CBA232824CF63A0D9402DD3E10C6AB03A3397DD192872090D3406ABE7CCF5B5D18893ABB1690CF4DCF02282E5EA8A5BB96FFE536F285CB347F95BEFFE81C9ED5AFF9D5B1FB575BB00504B03041400060808003C560F5D284A2F237F000000A300000007000000636E782E786D6C4D8CD10E82
311
2018465F85FDF718A4956E80D382F770898E89D0505A8F1F342FBAFAB6B3EF1CD67E568BDE3A6CC63B0EB42080B47BFAD1B89943DC275C036A050BDEEF7F37406E5835878C41B039F8F83AD0A8A721DA4CAD71CB01A9BAD133ED1F58558DC2D5B523B829558F25B974B2BCD7924A958C5356D2FC7A69735E7C01504B030414
311
00060808003C560F5DCA1DF9C9A900000073010000130000005B436F6E74656E745F54797065735D2E786D6CA590410EC2300C04BF12E5DEBA70400835E500FC800F84E0B411AD13252E2ABF27A55740421CEDDDD9B55CEFA7A117778CC979527255565220197F75D42A39B22DB652EC9BFAFC089844F65252B2630E3B8064
311
3A1C742A7D40CA8AF571D09CC7D842D0E6A65B8475556DC07862242E78CE904D7D44ABC79EC569CAEBA537E3521C16DF5CA5A40EA17746733E0B6615DE7217475F386F18B9481C510F1F021CD9FF027EA0E1F5C4E609504B03041400060808003C560F5D3DEE336E64000000790000001B0000006175746F6465736B2D6465
311
7369676E2D7061636B6167652E786D6C35CBC10E83200C00D05F21DCA56CA76D41FC96062B120735B69A7DBE268BB7777961F8D5AF396893C2ADB70FE7ADA196782C2DF776D7A97B5933C430F15651E5469C55D70F80A4992A3ADC954792C525AE70A1E4D6AD9816CC044FEFDF01FE3FDE907802504B03041400060808003C
311
560F5DBD906014FA000000960100003700000031463731323142442D463439462D343641302D393346422D4530354145334338453145462F4173736574446174612F636F72652E786D6C8550CB6E833010FC15B47703E6D140641C11A05FD0536F9671A89560233FAA7E7EED40A5F6D4D3AE66676677875CBED647F2298C95
311
5A7580D31C12A1B89EA55A3AF0EE861A482E9418ADDD2F1A248AADA2830803258BD17E3B20AE95132AA24ACFE20099B5C241C21FA1E9C0F20FB1B294791718F69E6E8CDFD922529CEE3C4ABC97F3219573709337290CD0B29EFAA9BF62545C9B13AAA666446D3E54A81D9BD71A0F6D310C25C9A2981227D79FEDDC08E6C40C
311
B4C88B17943708D76F383F57EDB93EBD932C3229B1CE849F8FA5F13BA07DBC7A648E916C9FFE71F5DBFCBFAB97CA95C5E1BA2B2C501C8E7C0E28C9624AA13C230C35264ABF01504B03041400060808003C560F5DEF2D9F39F50000008E0100006800000031463731323142442D463439462D343641302D393346422D453035
311
4145334338453145462F5265736F75726365732F35383538423841462D393939352D344236412D393132412D3031313536453634454633372F7468756D626E61696C2F302F636F72652E786D6C8550CB6E833010FC15B47783CDA381C8384A08FD829E7AB38C43AD041BF951F5F36B072AB5A79E76353B33BB3BF4F4B53CB2
311
4F699D32BA079263C8A41666527AEE21F81B6A213B316A8DF1BF689069BEC81E120C8CCED684758784D15EEA846A33C91DE4CE490F9978C4A607273EE4C2731E7C64B87BBE7271E7B3CC49BEF1180D414DBB544DD14DDD94B4C0AA663C8FE70B41E5A53DA07A6CAFA8C3438DBA6BFBDA90A12B87A1A2451233EAD5F2B35D58
311
C9BD9C8095B87C41B845A47923F85877C7E6F04E8BC464D4791B7FDE97A6EF80615A6CE81FB7B04EFFBB05A57D55EE6E9BC20123F1B8E780D122A513CB33BA585392EC1B504B03041400060808003C560F5DDD5E5116FB000000960100006600000031463731323142442D463439462D343641302D393346422D4530354145
311
334338453145462F5265736F75726365732F35383538423841462D393939352D344236412D393132412D3031313536453634454633372F7468756D626E61696C2F636F72652E786D6C8550CB6E833010FC15B47703E6D140641C25847E414FBDB9D82156C0467E54FDFCDA814AEDA9A75DCDCECCEE0E397D2D73F2298C955A
311
7580D31C12A146CDA59A3AF0EE861A484E9418ADDD2F1A248A2DA28308032593D17EDDA1512B27544495E6620799B5C24132CEA1E9C08E77B1B094791718F691AE6C7CB049A438DD7894782FF92E953CB8C99B140668590FE7E17CC1A8B83407540DCD15B5795FA1F6DABCD6B86F8BBE2F4916C59438B9FC6C1F8D604E70A0
311
455EBCA0BC41B87EC3F9B16A8FF5E19D649149897526FCBC2F8DDF017577BF7C282667926DD33FAE7EE5FFBB7AA95C59ECAE9BC202C5E1C8E780922CA614CA33C25063A2F41B504B03041400060808003C560F5D235560FE0E010000B10100005C00000031463731323142442D463439462D343641302D393346422D453035
311
4145334338453145462F5265736F75726365732F35383538423841462D393939352D344236412D393132412D3031313536453634454633372F636F72652E786D6C8590C16E842018845FC57047454561836CD4D527E8A937A2EC96EC0A1B81A68F5F586DD29E7AFAC930C3C73FECFCB53E924FB95965740B509A8344EAD92C
311
4ADF5AE0DD1512909C39DB8C71BF6C20D162952D8832E0ECB619FF3CA4D968277554B559E4210A6BA503C9FC088716D8F943AE2215DE0587BDA74F31DFC54DA628DD7D9C79AF9623AA96F09ABA2AB9015EE2B11BBB1EC1A2270DAC467281341F2A482F64C268A0C530942C8B61CE9C5A7FE8F32685930BE0455ED4302710E1
311
37949F2A7AC2CD3BCBA29333EBB6B0F3018DDB018E09263DE9264829C5B0EAEB0E525474304708D7635D8D53D9B06C0FFE01FAE7F23FD02BEDCAE200EE090B380AFF7F5D7096C502C378B51B662C9B7F03504B03041400060808003C560F5D29CC0749FC000000960100003700000031463731323142442D463439462D3436
311
41302D393346422D4530354145334338453145462F5265736F75726365732F636F72652E786D6C8550CB6E833010FC15B4770326D040641C25847E40D5536F96D9102BC18EFCA8FAF9B5132AB5A79E76353B33BB3B6CFFB5DCB24FB44E19DD03CD4BC8504B33293DF710FC99B490ED39B3C6F85F34C8B458B087040367B335
311
E1BE42D2688F3AA1DA4CB882C239F490C95B6C7A70F2828BC845F091E1AEF95DC8AB9831A7F993C759086A5AA56A8A6EEAACD002DF34E3613C1C29A98EED96D4637B225D39D4A43BB5AF0D1DBA6A1836AC4862CEBC5A7EB64B8BC2E304BC2AAB1752B68436EFB4DCD5DDAED97EB022313973DEC69FD7A5E93BE06FE84CB012
311
1D2B9ED33FAEE13EFDEF1A94F69B6A757D2A1C701A8F7C0C382B524AB13C228C3525CABF01504B03041400060808003C560F5D07F99AA1F9000000940100003500000031463731323142442D463439462D343641302D393346422D4530354145334338453145462F536368656D61732F636F72652E786D6C8550CB6E833010
311
FC15B47703E6D140641C2584FE407BEACDC20EB1126CE447D5CFAF0D546A4F3DED6A76667677C8E96B7E269FC258A9550738CD21116AD45CAAA903EF6EA881E44489D1DAFDA241A2D82C3A8830503219ED971D1AB572424554692E7690592B1C24E333341DD8F12E669632EF02C33ED2858D0F368914A71B8F12EF25DFA592
311
07377993C2002DEBE13C9C2F181597E680AAA1B9A236EF2BD45E9BD71AF76DD1F725C9A2981227E79FEDA311CC090EB4C88B17943708D7EF383F56EDB13E7C902C3229B1CE849FF7A5F13BA06FEB9D9664DBEC8FA75FF8FF9E5E2A5716BBE7A6B0407138711D5092C58C4259030C35E649BF01504B03041400060808003C56
311
0F5DDFA21D1504010000D80100002D00000031463731323142442D463439462D343641302D393346422D4530354145334338453145462F636F72652E786D6C9591CB4EC33010457F259ABD93388F36AD1C572D245FC08A9D89A7C16A63477E203E1F8704013B58D9BA3E77C677869DDEA77BF286D629A35BA0690E09EAC148
311
A5C71682BF9206921367D618FF0383448B095B5864E06CB426CC9B3418ED512FAA3612375138871E92E11E2F2DB8E11527918AE023E16EE92C869B1831A5E9CA71E6D5F4651D2C0A8F127891173B923784D64F343F568763BD7F66D942721694F665B135C3E9056562661F2301AF4B96ADCF110B4A6E9092F193EAAAD002A7
311
FD9E16F4F248FAEAD0936A77CEC9A1EC2FA4CBEB73573E341DEDFA58249A3973DEC6D16C459621FCD5BE1A7F450BB3FC67B4D5E162CFEF50D93267CEB2CF25C473D909FF00504B03041400060808003C560F5D3B7A2ABB09010000B201000008000000636F72652E786D6C8D50CB6EC32010FC15B4776CE3476347982871DC
311
2FE8A9376A8883628305386AFFBE90B8527BEB69D1CCECCE30F4F0394FE82EAD5346B740920C90D483114A8F2DACFE826B400746AD31FE970C90E6B36C21C2C0E868CDBA6CD060B4973AA2DA08B981DC39E9010D5378B4E086AB9C79C2571F14EE962C7CB8F151262479EA18F56AFE591DACE45E0A607996BFE0ACC6A47A23
311
D9BE6CF6D5EE9DA651C9E8BA2AB1592911DCD545490BACA8FA637F3C119C9FEA1D2EFBFA8C9BAC2B7173AE5F2BD23579D715348DCB8C3A6FC39FB72321A7478EDFA32F4D9F14A31FC64C9B208412C8E8E90B5846D348FC09BD2EE21FA195F645BE1D7C6E386024047A10C1383618C6A3DE3063DBEC1B504B01021400140006
311
0808003C560F5D845F987C1C010000A80100004F000000000000000000000000000000000031463731323142442D463439462D343641302D393346422D4530354145334338453145462F4173736574446174612F446566696E6974696F6E4974657261746F7250726F706572746965732E62696E504B010214001400060808
311
003C560F5DFA8716B11E0100003002000045000000000000000000000000008901000031463731323142442D463439462D343641302D393346422D4530354145334338453145462F4173736574446174612F496E7374616E636550726F706572746965732E62696E504B010214001400060808003C560F5DB5A795FFE37900
311
00DE7900006B000000000000000000000000000A03000031463731323142442D463439462D343641302D393346422D4530354145334338453145462F5265736F75726365732F35383538423841462D393939352D344236412D393132412D3031313536453634454633372F7468756D626E61696C2F302F67656E657269635F
311
706E67504B010214001400060808003C560F5D28BB58AF800100009E0500003D00000000000000000000000000767D000031463731323142442D463439462D343641302D393346422D4530354145334338453145462F536368656D61732F436F6D6D6F6E536368656D612E786D6C504B010214001400060808003C560F5D67
311
0136ADA9040000B41400003E00000000000000000000000000517F000031463731323142442D463439462D343641302D393346422D4530354145334338453145462F536368656D61732F47656E65726963536368656D612E786D6C504B010214001400060808003C560F5D8DFFFC99640100009B0300004500000000000000
311
0000000000005684000031463731323142442D463439462D343641302D393346422D4530354145334338453145462F536368656D61732F52656E6465724D6174657269616C536368656D612E786D6C504B010214001400060808003C560F5DE1F9DF6C510000005700000047000000000000000000000000001D8600003146
311
3731323142442D463439462D343641302D393346422D4530354145334338453145462F4173736574446174612F41737365745461626C654F66436F6E74656E74732E62696E504B010214001400060808003C560F5DC55C663656000000680000004500000000000000000000000000D386000031463731323142442D463439
311
462D343641302D393346422D4530354145334338453145462F4173736574446174612F53747265616D56657273696F6E5461626C652E696E66504B010214001400060808003C560F5DF1E9FB8D38010000A204000036000000000000000000000000008C87000031463731323142442D463439462D343641302D393346422D
311
4530354145334338453145462F4173736574446174612F636E782E786D6C504B010214001400060808003C560F5DCEA99646E80000006001000067000000000000000000000000001889000031463731323142442D463439462D343641302D393346422D4530354145334338453145462F5265736F75726365732F35383538
311
423841462D393939352D344236412D393132412D3031313536453634454633372F7468756D626E61696C2F302F636E782E786D6C504B010214001400060808003C560F5DA233C2345D000000800000006500000000000000000000000000858A000031463731323142442D463439462D343641302D393346422D4530354145
311
334338453145462F5265736F75726365732F35383538423841462D393939352D344236412D393132412D3031313536453634454633372F7468756D626E61696C2F636E782E786D6C504B010214001400060808003C560F5DBE89762363000000880000005B00000000000000000000000000658B000031463731323142442D
311
463439462D343641302D393346422D4530354145334338453145462F5265736F75726365732F35383538423841462D393939352D344236412D393132412D3031313536453634454633372F636E782E786D6C504B010214001400060808003C560F5DF767D50B7E000000A30000003600000000000000000000000000418C00
311
0031463731323142442D463439462D343641302D393346422D4530354145334338453145462F5265736F75726365732F636E782E786D6C504B010214001400060808003C560F5D9D94BDDB0C010000550300003400000000000000000000000000138D000031463731323142442D463439462D343641302D393346422D4530
311
354145334338453145462F536368656D61732F636E782E786D6C504B010214001400060808003C560F5DE3603EBE7A000000C20000002C00000000000000000000000000718E000031463731323142442D463439462D343641302D393346422D4530354145334338453145462F636E782E786D6C504B010214001400060808
311
003C560F5D284A2F237F000000A30000000700000000000000000000000000358F0000636E782E786D6C504B010214001400060808003C560F5DCA1DF9C9A9000000730100001300000000000000000000000000D98F00005B436F6E74656E745F54797065735D2E786D6C504B010214001400060808003C560F5D3DEE336E
311
64000000790000001B00000000000000000000000000B39000006175746F6465736B2D64657369676E2D7061636B6167652E786D6C504B010214001400060808003C560F5DBD906014FA0000009601000037000000000000000000000000005091000031463731323142442D463439462D343641302D393346422D45303541
311
45334338453145462F4173736574446174612F636F72652E786D6C504B010214001400060808003C560F5DEF2D9F39F50000008E01000068000000000000000000000000009F92000031463731323142442D463439462D343641302D393346422D4530354145334338453145462F5265736F75726365732F35383538423841
311
462D393939352D344236412D393132412D3031313536453634454633372F7468756D626E61696C2F302F636F72652E786D6C504B010214001400060808003C560F5DDD5E5116FB0000009601000066000000000000000000000000001A94000031463731323142442D463439462D343641302D393346422D45303541453343
311
38453145462F5265736F75726365732F35383538423841462D393939352D344236412D393132412D3031313536453634454633372F7468756D626E61696C2F636F72652E786D6C504B010214001400060808003C560F5D235560FE0E010000B10100005C000000000000000000000000009995000031463731323142442D46
311
3439462D343641302D393346422D4530354145334338453145462F5265736F75726365732F35383538423841462D393939352D344236412D393132412D3031313536453634454633372F636F72652E786D6C504B010214001400060808003C560F5D29CC0749FC000000960100003700000000000000000000000000219700
311
0031463731323142442D463439462D343641302D393346422D4530354145334338453145462F5265736F75726365732F636F72652E786D6C504B010214001400060808003C560F5D07F99AA1F90000009401000035000000000000000000000000007298000031463731323142442D463439462D343641302D393346422D45
311
30354145334338453145462F536368656D61732F636F72652E786D6C504B010214001400060808003C560F5DDFA21D1504010000D80100002D00000000000000000000000000BE99000031463731323142442D463439462D343641302D393346422D4530354145334338453145462F636F72652E786D6C504B010214001400
311
060808003C560F5D3B7A2ABB09010000B201000008000000000000000000000000000D9B0000636F72652E786D6C504B0506000000001A001A00210B00003C9C00000000
310
504B03041400060808003C560F5D000000000000000000000000370000006662782F37304141323737332D333038342D344445392D394134442D3244364433444230434435442F617474726962757465732E62696E504B03041400060808003C560F5D000000000000000000000000350000006662782F3730414132373733
310
2D333038342D344445392D394134442D3244364433444230434435442F76657274696365732E62696E504B03041400060808003C560F5DF270F1330600000004000000360000006662782F37304141323737332D333038342D344445392D394134442D3244364433444230434435442F747269616E676C65732E62696E6366
310
60600000504B03041400060808003C560F5DB5A795FFE3790000DE790000420000006662782F37304141323737332D333038342D344445392D394134442D3244364433444230434435442F7265736F75726365732F322F305F67656E657269632E706E6701DE79218689504E470D0A1A0A0000000D49484452000001000000
310
010008030000006BAC58540000000467414D410000B18F0BFC6105000000017352474200AECE1CE900000192504C5445818181B3B3B35A5A5A4848486060605C5C5C6464648383835E5E5E6262624E4E4EAFAFAF4A4A4AB5B5B54C4C4CB1B1B1858585B7B7B7585858ADADAD7C7C7C464646787878ABABAB747474A7A7A768
310
6868707070B9B9B96E6E6E6A6A6A8B8B8B666666545454565656A5A5A5505050A1A1A1BBBBBB8F8F8F9F9F9F4242425252527676764040403E3E3E9B9B9B7A7A7A8989897E7E7E9393939797974444448787873C3C3C727272BDBDBD3A3A3A6C6C6CA9A9A9A3A3A32020209D9D9DBFBFBF8D8D8D9595959191912626269999
310
992222222424241E1E1EC1C1C1282828C3C3C32C2C2C2A2A2A2E2E2E303030C5C5C53232321C1C1C363636383838343434C7C7C71A1A1A0E0E0E121212484A484C4E4C1616160A0A0A4A4C4A787A781414147C7E7C9193915E605E464846838583878987B1B3B18587856668665A5C5A626462818381A7A7A5A3A3A1B1B1AF
310
ADAFAD7072705C5E5C9D9D9BABADAB7E817EB7B9B7585A58BBBDBB4C4C4A8D8F8D747674B5B5B3B7B7B59FA19F606260ABABA9A5A5A39B9B99A9A9A78F8F8D6C6C6AC7C7C5451AD12700002000494441547801DCBD89771BD7B5A70B8EE04C702641712605CE034890E220088028C93245451215B713AF388E7DFD9EEDB8DD
310
CE6ABFF4B57D97137BE50FEFEFDBA74049B6AEED74869B7E87404D2814EBB7F76F0F67A8835CEEBFA0E42B854AA5B2BB5B6BCC951A8D52A93657A914FE0BEEE39FFE2FF395B9B9C6CAD2D4C4606F4B7FFF8D1B37EEDCB97587F7CD9B4343BD134BABE7DB48E3FFA7A228ECD6F6574E4786C0FC8B5FFCE2CD5FFCE297BF7CF3
310
CD5FFC92B52FFE58BFF9E69B776E0EF5F79E55CBBBF9FC3F5D3DFFB07F5898ABAF7CDA3B74E74EC0CE20230561BF096E97E05712BFFCC59BC80539DCE83DDD6E54FE61B7747DE17FB8980BBBFB2BBD4337DF487881AAE6C5ACC6AF25207877B2B527BFF1CB3B77FA47561ABBD7F7FA7FE146A5B6BD74E3164C7F51449AE95D
310
B412200EC539418717E7F2F11B376FF62E95FEAF1442BED0581DBCA1BD2780D23F506AFA16E1A7AD974EF17876F00DD7BCB187A1A97AE51FCED5BF2BC1F2BBE5B3C19BE27B43CF26DE00933658FE129B109C2FFF922CC22C4260FA01BEFB462A77DEBC35F42F600C3F5B0795D2E9E02DAD5E650B4438A92801B65C35CBAB7B
310
1EE5041CE69D3B6F1822DFB873EBD6AD3B6FBC71EBC6C86AE967DFC2DFA4CEBFF1BF54F6276EBC114E2F43FEC60B01A0D440A868B2920E5C4BC10D60931ADCB871F3268B21D3851B08E1D6AD9BFD4BF57F7577909FAB86F29B982571136AF01DF5FE32AC3BD9406CAAF2440A54CF176EDD01FBADA1FEFEFE21FE4C9858DFF4
310
183458A9FD2B6708A5A5A137E0EE1D11A9EC0C7C58B2C73C0AD6B479BD76B7790CF899E287FA5B06FB7B07C9195B7851FA8794031EF1FC5F9406BBFB23375420286399B631E93B08022A785C4DBF9996EC3551874094D71B6F487E80F6837E50F483BDBDBD83232323AC420A18C68DA196EDDADF68A77F938F78FD972BABBD
310
B7B87FB164AC6FC2CB760365821ACB74AED44FFAD7E7431ECD7E08AC421F391D199998989A383D9D98E8E56F84A318C58D9BFD2DAB73FF5222C8EFAEF4DE7AF30D756E5108683DA471E70D0502099A7240F19E4089D3FD203E620F1B47BF43501E85031AE44B4B9F2E4D2D9D4D51D8970983FA861B3706FF950CA170DE82F6
310
B312CC4F42C8966295F7D725ED29882415DC055F36DEA1FE96FEC141493F05FAA9A9A5A595B333DED5B3D5A533F62183323032F46EFF13EA0AAFA5FBF7C8976F8C10F7280A014832593B90004D52341980D907EAEB73411EB2F1EBC9F507F92746C40E7AE0AFAE54292BAB2BAB67CAE0746264A277B06508168C94BF772BE9
310
765F7BF0B548FE1E07F3B5A521340A5CB5297C4B12811B89E82191ECF3E41B3259C529F135E23CF4C7F961FB13537F5A02ECCAEA76B5BA5D3D3FDF3F2FEFEFB3AA22053E5008833428DC6C59FA2F770595F311F235D427F379BB8A121BD901B96076A388DC4C3C61C7933CCCD770FF375A6E0CE9F535FE2534BF5ADD3E3FAF
310
D71BF57AA951B6D4CFEBFB8864758A26154430080B06ABFF557610ECC93726224F155D1471041E0D42F82F4891C926C1355B0831649FF365F46FF05300A7A790BD8ADEEB0D4AA9569A9BDBADCCD56AA55AE377F5F3F3EA2A34983A1DE91D810543138D7F28E57FF4E2B5335A3928B76EA1CB9B00BF158C8F63A2E788826896
310
D0B5E7C461949ECE089144F8EBEFC7FB4D8C9C4E9DAD60F7FBE572B416C2F2423ECF8B86C439E450DA970634ACFDA977629098D0B2FAF313A36B3869E37AF7853378CDA1171FBEBA95DF1E44FD5144A420588641B0055A79ED91CC0DC41E27064512FB33F1F04D09D0D2DF0203A646A6CECE80DF28356A348CED8C4F1EF137
310
B9319E1BCD29867CA556AA97F7B757567006A447FD375A26CAAFDED9CFDCFB2BB0BEEE8AA5911BC2C7F85DF88A3775389990AA72219D582409210F85A4E66F2987D875C30848023088FDF77E87F96FD7CBA5B9DCCEF4F4C9FC7C676777577B7B7B67E7ECCCE4E8DEE85E81A6D55AA3BC7FBEB242589CE8ED4770E785D7DDE2
310
3FF2587EBF57F50B9E820527316488E5C32D50F979BCA58207297E2B6D658702FFCD211840FE43FC9F3A5BAD9E97E6F21B9FCF16BBBB3A3A5A175B5B1787875B5B3B86DFEFFC687A72674F19D46A8DFDF3EACA59E405375ACE76FFA922C817CE86A89BDD92F400F2C55B7462F610459837D3A61ACF50C7471C8F2F2A9D38C3
310
DA2F068007F80EFCDBFBE5DCC674B1D83EBCBEB8BCBCBC3ED0D3D333D0B3DE33BCBEB0D8DA35FBF9F8CECE68AE020BCE61C112A4C1138CD47F9AD13F7DC6AB9CF9CFCFAF9D0E01FFE6CD503F5B91C5218E2899CA15098714848B04FCE5654884ABF0E554F11F6C21D73D5D5AADD64B7B9327DDAD8B0B7D7D6D6D07070763BC
310
0F3E38E8EB4310EBEB8BC3DDB347E3E37B5842B97C4E44A0C630427E5CFDFB71E03F471E12CA9FF70E055AE141042DD81234B879EB4606361D9328149037D7D76A571A7E974FA20AD0323832713AB5BA7ABE3B3E3D3FBC30307070B0B9B645D93C3CDC3CDCA41CFC6AAC2D64D0D579B4B1B397A7C1BDBEBD7D36657A3CD4B2
310
F44F4909F2B9CA597F4245C59DEC354316F0587020D0C661742BC02869435FD12CF195C422DB3C5A3E2305C000CE6B7B27ED8B7D63079B5B5B878787C787C7C7C757C76C51B60ED60EDAFA06D67B965B3B672677080BB5329E60E9B477847AE2E9EB53E35779FD37EFCD2D0DDD68AA355B6B0D81860502B8B68C801F5C697E
310
9AD62F4B406244CB975560BAC756AAA577675B07C6D03778C17E7C95CAF1B3ABABE3E3ADADE3CDB1B1B6B681014470343EBA979F8B90383545727C63E43549D14FD0F927E5F1FDEFD7263058FE02EBCD1BDCBCA053496BD58E69BC44F9F854D4D979AE9ADB908824382AC1D4014E9756EAF9CE85B6B54DB01F02F8EA5908E0
310
D9D5F1B3E72188C3C3AB67879B07C8A0A767B8B831FE5E7EB754DEAE5261460243FFF07858D8EF0D658BDC563A2C5EF5833C13C90B69248C4DD97842B61DFA7F210A2F6108A0F96B62E2D3B3F3DD939EA47E30ABF5AB2B903F4BE5F9B36757CF65021E616DAC6F60A1FB647274B4B05B2E5341B082D43278F67D8DFDA48AFF
310
9A13F22B34C7586C9992BA6E66CABC190E313E7C811AA57304B421A75B289B9D174CC868C24548823E230B9A5A2DCD2CAFE1F98E61C015CA7E96B083FC59F3ED06EE60F360B3AD6F79787ED278D0A86FAFE00BA9220EAEFE1D5DE1F7855939C3FCC1332426B377F692406E022C010DB437EF009803F0DCFD3B7C94440571D8
310
F2C328F115F47FD324802070BAB43FBA80EFDB92FCA1F7E7CF9FA875CBB327CF9EB08C4DE4815BC4210E2CB7CF1CEDECEDCED5B757490968286899FAF95583BF46F9393CEE6A86D6F618CAAD9BFF0BE22B042412C5CFB50556815CC5BBE33E9F61ECEC26A9BCB8145FD10590078F9C9E953B513FAE1FE387FAC246E14F9E3C
310
E7F5F8194BD6594140876B6B84C5D6799C61A16434201E5237582AFD75C07EEED9863F463284E2E13425A036BD41061259289B6BDC1ED656FC8B8592C9D00701E27CEA749F0D8EF44EAD8C1F80FFF8F8F9D513191F6803384C800097F24069C407CFAE88136B7DCB3D5D4A60B711F19070D83235F77331FD35E71596688903
310
8E2E0B346EAB7936C4162043E1A1F144093695443A570144898BC4079CEF1912809A3035A1D3F361235F90FFF1E3E0FB93C7E2750719F88E7D8E68123883ADB5B18185AE99F1D11C1238A792DC4BEDE8EC6FF503DF377E0445F68FAF4E08D43082D02170F30131A154206CC559A8D9CFDD762B31273E4947A581E0D9BB71E3
310
3FFA07CD02CE2A6BE1EC80167497F2A81CFA3F7EFE58D0CF5D5D170DE4F89070B0BC4040CC17BEAC6B0586C3D3FF0309BC06F44B04A1E13729929B4DF73C44070692C810B08AC3012E8EE9EAE22067796288C193B2139B970B86F47FAD0F98382B1E035D9C32FD318A4FAFCB274F2E1FA772F94411B0CD42493C23393A685B
310
5FEF3E1ACF554AF5F3552A478383374E6B2FDDFC4F6DFE38F4F4ED7A7FE838F488EA852482F412D3CB07E293D02C9F074F12E84C5AAC423271450572A385449844706475FD38DC3C22486A0639E5F1E38B0CFE93CB4B25910EF309A2224BD8DAD40C682C28341AD69047E8539A6AFC14EC573F7FAD10AE0FE6EB13E87B28E0
310
93B513B5803514DE408809BC12A14876DE0A25F643009E9176D9F0C330164285A7444DC8CAF0E9FE41429EE0A2F6A6DE91C0856C501272404A8468822E24C807030B1D33D40D4AFBDBABB411D093D88C86D7205E05FC57EDD1F805FA4CED5920F0CED39157E007CE21757C5DE440ECBCB46CD283E378029B43FB077B4F47E6
310
0E9F61E8D01BE017D7E843EB49F50A2028F1E442FCC90C9EE308E4C0C2C94EAE30B75FAD3A0EAFA57FE9EF960F14BE15638840EAF3BA490BB6850EDB38EECAFD21A0C746D0C4234DBD035EFC7EDD121FA585FAB73DB89FE6A03CF833AB0730E5E2F1A36CE3F202A128934B44E396961121E1F2C9F32BFCC0C140CFE22C1CA8
310
E109B182919696BFB98120234F61B59F7BF46EC30CF067B21A33B0FB3E402448EE266CCD93135A8E823DB31F85E677434E608F53F8100BC0098EA2FD6BC01770E0F2F2D1E5452A711C4BB8486248FAD756D852026B6DC90A2AA5C6B69E9068B8F27AFABFFEE8AB36F1D23985D5960014FD711940800B560250D2272CC54FF1
310
D3A660B275AC3881E349689C1616E1E9044129D032313509DE4700BC867C71F128C400159407C761022BA8A040F40A244788808C60B3AD67A17576279F6F946923191921B0545FC2F12AC0EFEFBD7262B6935679FC7F80629160ABFAEC88E8430E76D82A8DE62ACE50BD4A42FBF03B387B37FD321B37E31C3F063D99703F51
310
60E6C9E5A300CF32A91E0A085A29C0FC507F6C21012303C6104B82C1F1E156DB3229D1A855A32A8352C9077AF733A0AFE0FB3EF81FDF2F0F82C21B0EB06998866878B103305E31EC17F4FD43831E570A2118D1667632D4FFFFB125782F96168A833DBE78C3F11F8383A79D49F58F1E3DBC780417AE6581381E8610604888E2
310
913E12492881274822C221AD04CB0B1D273B8542837460898C686864FF6F801E8269F40AD0481DFAF5E6E9C1F3BE391C325004DF0746A4E4448F7B52C0D5EAD39EC46896B888C4210D68E99DFA2820DF7FF850EC407EB55C3EBC5028611409BFCB8889C90F1C52355AEF98B18100094C9D0EF6F64FD47E5CBF3FF5293DDFB4
310
B50DDD54F351446FA1F14580DC3902C085F593CB24ACC917B213BBC11B3F0A61042FD8B24F4FB9C4556D0CB9E1A880DE89934CE9607F18F81FDD950DD0E1D143F41D56110E227C250621FF098838042BC85B5B6BCBCBC31DD37B34966E9FFD9936A2FEFEA9EBA4182E5CD3E17AE35501FCE0707E5525A7DBC64DFD077825BE
310
37CE0BBE1BBEC061410C660B6E49912665E2B3749C7C9F93834022F74CDE6CA5EB501D9CBC04B768292C5CCB84478F3CA83074092C6082169015E5800D5839DC6C1B58EFE83ECA513BDE3EFB8EF1242D2D4B3FD55AFE03D42F8492AF8A3F21444FA2FA9ABBF525EAF84C09F0168527B0138A85D1EC0443C467B28BF844EAF7
310
6323BE13D7C11F72FED783837B970FEFDE7D7817E077C17EF7E2A1C2C0FE851FE4C008388C15E818958746129E1009D054B67530D6B3D8DA3D59D82D9D57CF70039FF50FFE0DE94089DB269C3655A4F25B38C49D0BD48E59F1526887C18FC5272197F85CA72862A593A4843CD25F920487DDF7AA0441A2C0600D062001F103
310
FCEEA3D8560CEC3EBACB01CAE5A51E420349F602191E5F901893142381351CE17047E764BE50DEAF9E4D8C38B6ECFFACEB141E54A6865A88A60133EE9CBB4C256930B0B168C1C3AB59FE1743FB422C7166082E934AFA5EFA3E4BCE0B69362FA7041818B7FDECE1DDFB4D022007CA23E521F0700AAEB5888BBBF08023E128B4
310
045381542FA256B0D04E28A0C3804E233A1BFB476A2F48FD135BAF9843BEDA3264EB42BA499601F16B566E72C7EA35908ABCB9176BBED43204C696AFD3D7B24B08D3AFA44BE243D88A6D9D0B6562B52F741E1610C0EFBBAF2B0829289A640EC4C8A4FF66A24430786CEBE1E1E61AF9507BFB496EAEB64F8F49B4129EBDEC06
310
5EC1F8A3F228A3CD0950883B41BEC6D1944AE06147289600A7726313AC69A3F91197F1438BCB743E76F01F6EF1D1C854071670FFFE43FF1EDED702EE5A14C85D0C42DF90B86068800659AC88981855E3E774A71C0CAC2F76754EE7CC87C808D1E1E0F6CF47FD4224731337BE1E39C5010823EE997B1491BBD99FC8D8EF7748
310
2BEB5EB2CF66499A8E0F7511B19B3EFBDACB6507BC78731B1B383D02FFDD7BE8DD9256F7D0BA7B46015941097B80018F700FFA024CC08078F51806100ADBFA163ABA8A3B95B9D2F92AC30BC908ED31FABE0CBEBFFF0279B675868F9AA24E9530B08C174055B7F48E4F58002F3E82F0BDFA003E8B431EB6C4A91E4D9B5FFB79
310
1265BA8827BBE5F1BCFA7F789F72F75EC800F8AE43FFAEC42F13009FB905A9A0132015D0068ED7682AC608BA6771038DEDB3B33082891FAB1ABF5614F93238079726B833958796B845B731FCB86316713C1DC581B1E19B424EE32674093F80776F7E27C6FBFAC85C536CD955B96EDA2A3FBF770FF4BE11845470EB3E42D022
310
000E0FE07D161811020742162444668308801E133A4C163BE68F6826A5523071CA78B2FED51F28F8C70FE4190073A3E5D3259D7A288CD19BDE623F10021BAB0C6E327FD507B2741627727EA00D31856492F9F009D7F152D930704E642795C1C1B336E0DEBB7F0FDCB79318543B25341F36802D64A981A690B94259607DE0B1
310
9D466BF8C1C5E1CEF9A3FC5C639FD6117B4BAEAB453F8EFBDA500A67E8BAF76C8A06566E36EE1184E8329419161F83D843D5DE7D8221163E145F56921C3EE383978072129E290A9B7166E63D26BAB1FCDBF710009E4051842390031845F20077CD079407C575F20364C4910ED2A574BC357630B0BCD8DE39335EB175646A69
310
8458F6A346F003A93002E846FFE0C459B8006E506D79BF902908A0AA05CB5E73530E33BA1D3C2EF99C712B7C8B41DF4D2A7830BE8707485FCFAEEB85A09AB6D39BBF7B4F23E00509C20DB04E240822A4B810E04D8D53D10D504C059ED86BB8697F514777717A8F8144D48A4C89077F7EDB00E2D89DC02A7B975640A282C49A
310
4AA84B70B12BFED8EA6584860DFB7EE23FCB00C6BAF7332FF259FA3C9346508813E372F1DDE425065BB61FDF8300F7EEDDBE8D0C6EDF46F7D8823478590AE23759D60DA6B7A9F125EDE8F4A5D2B37470D0B63C30DCDE3D3D59A8D1501EB1B0A5377517BDD6E301F995E3F955F0F58FAC2E81CE172A8344AC03DC6781939D24
310
84B8FFC15E8F3ACCD3954CE19576B942D0A029188EC7013FE59AE90B71292DE774F1F63D60230180B30A2EDC65291B6211B4081128856001A680015CE000708254891851D4B3BED0FA4D7166B466BFF1D2A924885AD12B387FC0FCE6819AC3AE06A7AA4B715F0927B74D119D4A668FB54B8A8C268D8B038A207D10A7B1E95E
310
42195B695BE0240F7408B311257C23F581E987C180140C584A02B1670CB817CEC0A080F259F1360E58452013200E3EC107AC1DF4FD7B0F6D23F33347F9527D9F51E6138E31AF35F1BDAAEEEBA3D71BB402E2FB47CECEE96B4DB85536772B07C82A34F3E66D0BCEC207FEB9E70643761276F7B50D5EE963CFF80C7AF4A2130F
310
5BF8C4EBFB5F07B709840480DBD8007FB7EF3F90104908BA457D43AA2A6A02C91422285E5AAC143F3313A0CB74D9D164933B86C25587134E8D342B453FC982860D09FD13ABE72055ED020E85D3E312F74C25CB0293D978A1C4001927C80B86FD06349126EC219F0C735C8053D8F5F310817EA01F1B7851F406144C211C6362
310
C27DD51F1E310C0102280ADB891E9B085CC528A2B1369A46BA195B9A2B351862CE43174BA73FB7CBB430A5798F4C54B7333B96C3224A9863AD02B9FBD8E63092191924E77C199D92887DA594B6DCF0112857162FD0949FE6A441F5E62E42FB2105BC405A2301A3424601DC807912CB2C39C604A27908021CDA30C4C8C2019A
310
883B3A8BD393BB3546136EAF561980FB63E9E035FF73B96D09A905ACB2C11D79571C5159026227DDBDB81396EB03F14100BEB66DE1FA9EF82C3ECCBE318119C4269FD014E66361FC8BB0B4EA9A98EF3D8848A01360430284335004C183CC25BCA82D2302EB03B8419241C64DF4F5ADAF77B533BE786334BFCBB8DA72BDBEFF
310
C36103AFB30608A0B39B58D93F0BF42180841DD26BDC22CF0A770E90240006BAC65197D90920131C7B2EB3CFD3C71C6378A305EE8488FC1FF8D391E2BDDB0F6E3F45E7C8207C419800DB410073A3173942CA8D5242642A74496FF115832A6314D9FA4257577BF7FCF8F8E8CEE8DEDE5EBE76DD3CF892BA7FB8B90F629431B5
310
525E92A15A3A4A6FEA3FDD73136172060959206591F4C927196CF645AA285CF3014630121754261C0D31E1A7E3DA2DBDB54B04703BDE3A4209F02045C4BB0F529A14BED07098A2A1CD47513DA64B512F409BC01663090796D787173B5AA141B1B39BB470EEBCF1E30F9D263ACC4D05110797CEF7B923B027F089F74D1D06F0
310
A4D8C0CDA6604023FCA45B76C5CDE0BF3845ECBE13E0C0ED73700A8A753C1AC8AEFFF1B407FC8A20F42F0D94019121DE304077A027D4112283BB8FF0072444D68AAD111D6F591BC0061854BBC048EBBE9E81F6A33A95C21BFD13AF3C7E7DCDFFEB0DE8903F77B41DF178E99C289895B0EA8CD640549D68935BA7C5294E0A1D
310
66DA0CC419BD398E6265789CA1241441AC94532A3C19C95340BEFC68703077EFC1D307B71F3C500859C11494838E902203A2BE90EACC5135B80B078804340C920C2300BCC06F7A1C71B875DC572C9BD1D84BD5FB9363CA6BA7D03E5C40FDFC54FC23C9B4B9DDD028787D89219038523BF64E638BB37CC25335937A00DFD328
310
69C5B390C8C32FF25C8C47A7181B4A599A224A9DADB0E0406FEFF9F183B7448F081E3C55024FB33828784AB61704482CD0160C04174F9E33BA9291D58C2F1F1B1B3B5863B0D9F3E51C35C253D54A23E560E2C0CB3A6F7A81382601C2079CAE96B7B1560D20A341E85A928A4E01083256420576C2ED477E2E565FD9223BCC69
310
1CF394D3D8E281501E0EE5C1C8159E92585D255CF30CC854C75318006EA4A01028EC853F9407C6053910BE105348324002260254886C156260F9189EE0F8C9A3CBAE9D5A992184568A69D5183A7DB97DB089FDC57AEE54F858FE54F577DBA85309640290F2D220952620750C5811FB772A7876D1E4040FBFC6474D51246D8B
310
3FB378283FB514F8AB3C20B8BF7DBE5DE541C9A5D3D38DDB30E00151E02523081BC89C2214103E0BC1B3D0199A08E002681A2613A2616CEDF0F0F9C5DDC75DA395C25C0309C03DEC8091A4AFD3FEB504AAC6633930556DAC86EE3561941E862C4A75DD6B6BB3A0C59BE153DFA73EDFCBC3CE2188D3D378FC976D0EF9A95B7C
310
8532F527CE3CF539581E0FE501291E9139FFB65EFF5DBD8E0C18DE3077170A64E033FD278F18068028802F156C3809FDEB11B1019C208D020C9BA2870457F0F8E1FDC7EDD393E3B9FC9C4308E9315704233F960E554802C14716B0B45DAB5EAB5E25AB7830EBB8D25E6CA94E4AA01794FB1EE164FE9F040FE82C940A4BCEF9
310
13075D087E85A7237D3CF29C47E4E676777779528C4781761F0BFBC1D3A77880E40C9A2E5109180D5255317890394229F0F082010354082D574F1E3FBAB7D6553C2113DACB97BEB5526C7C6F69F9310A94C46CD89FF8F379AD1AA035FD00FF3F320180F01417A6F255A3A8D86319FE0C0B0E06A0DCD33F79841339C01E5BBE
310
1911AFCFF7C1E0A540BFBDBFCF2372352686D863F83F59CB6865F43104007EE06F52406F680341102048A01BB048823082CBCB0B6AC48C313F3E7CFEF8F2D1FDC3D6F6F9F9D9E98D9D7CAE5EADE2A6512FAD7AB526E17F600C85550DDE9ACFE9D97E694513103BC69F8A2813176032C890C1E9C49FC09C61670FF8705B1D73
310
86260E7C8E7122C7F8208A55139E8C8D4763F7EBF5728DF9C34677364E3A3F9AEFDEC9CD95470788834F9FBEC512379890B38C94205B2557987C4186DF5C0837608DF0F9F3CB87B7EF6E920475752A01460E556919B2B64296FB9FB70DD5F47232A0F77465BF140CD001F00ADCA175090E2665A14E6329B62660E02A1CB50C
310
6025E3DA252A670B3F0FFAA5EAD94A509FE7036B159E0D1D9F2E76B7AE1FD5A606198D3A747AF450023CBDFD162278B9446688111009B4029B0F2180AE20A542D40610C073B47FEFE1416B2B12200F3C991C2F54EC2491027A816B0A34A9D05C6F437AC23462385DADD75642EDDA738AF1600DBE07EE8437804D2D011A94DF
310
71C2085EDD40266A407FFA1D1C00B0C03927E60338E3B9D8C47D1F8CAED578E06F7CFAA4BB63B175FA7C301B747CB377F45192003CB8FD34B12009224543D8604494011A80C1903CE0518C986208E1C5FDDB8FDA161686873BBABABAE74FA637BEA894A44078C19696F326E057D7F95D061A6B0394A9D5F2DCAAFE4C2388D8
310
A6E9AB7695CB0BDD0A332430F1A9333DA41D1FFB97FA09AE84E738C75C407C260408F8DBD5EDED7DE1570A7BE333C54F16963B46AB0C2B71208EA3D16EF4EEDCD7005241166C005A73C03164792151205C007288AE337B4D7103741BDE7B7AC913350B348B2D767515674EC6F72A0402BBCB41C81305AFCF05F2758D3ECAC8
310
D26AB97606DB9581A4B7A8FFB068CD5C0604E6849046B70C2B60FF0CDDF93C13822B4E82FA0479A68220E66D9FD775FB3C1A9CDBDB9829B6AF2F77EC9E0678FB20ED8D1B1A1A39D10F9812E20D6281F5673121AACAA9C53424000DAC173F7E18C3052EEE3E78E7F1160F5AAEAFB70E0F7775CFCE4EF384DDEEBEB9C0889D52
310
43BDF557559FEDE5F17AB21E118C4C31A3DF6A96B56AC62180293910ECD6B721047664BCFCC6B2DD3C65CA0F0C823DFEF84083C7ECCDF05898EEF158F4FEF97EB9C123F1B9D1D1A3D9F9AEC5F5CEDA84A3C96C14A55584D62893D6A54D8D2028D05C8B1F124884543F3223B29D208B04910D3FC43F5C52196AEB5B5F5E58E8
310
E82610F08C21BD443801233C0CE8BD1E40F84A1CA86001990048031ABBAB11EF83F9283EA89F181F2A0D9A9F62D94B7F625FD727E6A93F63F200F614F7CF100D4511C07DB45FC5F0CB4CA359ABE4774631FDAE85E599EA0878A3C33D5AD6430CF4C055EE5FDB80629000D7855DED3F436F3B61B3DC7FFACEFD2B1BC6FB0696
310
312CFA477CE87A87070C7998E04FBA78AE3F915A065E819FCF35B410321D9ABB308146A11AD5196CDDD7C477A171C8AFC74B45CBC6F641AB53C8D4ADA5870C02379BC0470CF83DB55F073E29CF5CE5F7A3F8FD62EB7AEB1774C2C6780B9523F9287193FD23DDB79FBEA513B45200E2E0C1B51350163AC19043C600F2C1DBF7
310
DEBA7BB9B5457BC0D840CF325EB0BBABBB786D301437000020004944415472B491ABCCEDAFC0591201CAC8EBFACBF367FE7B6E40E69F551BBBE7123E3C00AC560CE20C62436E8C3C54CC225EE08C0D74CE26148877689EDD004FB2BFBFFFBB984035373A7954EC5EE8591FE531348654514DB1D1C56411DFA2A7C212BE5ED9
310
1278F2851A432244C6822C29C85A8B320ADCBDFDD63BF71FD32648E7D098CD018BC35D7FE89E250EF2AC75F96C15271602687965C844B8807C6E7729D93F22E81D39ABD62A0820C1FE9F11CFA7208125D33E96FD69E83AF6052DD32D49FF0802CD9F9DFD39260389A950887A647CCC99BAB17132DFB5DED35138FB3A060F62
310
95AA5E195BF0BB56495A5A4A8FA440026E46A047D40ED2520A441C302D240F201FB8F7E0EDDB0E12A04D8816215A0579E8FE1B1281E9F19C9900DE79842E2A7CCD48E9876EB01C75DBA0E0C8D44AB5512947A00BE7CF5DE9E1A6A6BE43CF1A78783DFD5A404E4477336C1ED8B18908B2A847B2AFE9839E891137A6673BBB96
310
FBBA2A4B8E9373B001F08369BA11BE8ABC4302FD2345FD6014A127068427D007BE28B41D9B0D40FFB7EE531FA673C8870A69135B1CEEE8D009C08042A5B4EDA314920B635BF941E7487E45256439DFE9D276295F87E698389CD49FB394FE19720412DEDDC40E9CE9C6DD605E0B719FADC416CB15AB3A61F9B5B9B9426E54F8
310
1D8B03DD950946D432B40CEDAB7BB5AF11213CBA73C9BCCCDAFBCF06127C7980FE6D1DC9B4DF14832D6568FEAEEBA76FBF438300B541064ED33F3AC0B0D10505306FD370AED02859234402F6C3FED006766DDED2034D90D119057225EEE3DAF787EBF30EC51ACB4F551678BD6728E1944730C095F13E4D81A4DFFBF67C5BEE
310
37E62A85FCCEC6CC6C7BC77A5B477E22223ECA4FCC0F87E2A5E3EB782BDB25B8CFC6736A044DE5A7CDA604526361D650484FE283B77EFBD65D52C1C73C4F48E7D0D81ACF572F2E2280F98FB230508FA906B42DE240ED651B301CEC83DE1790C9FD96B6CBF986BECF3BD332C18EF627A0B6EECD5B152E02088D03D828AFFAD2
310
6B05BF671B4F9A09A8CE0CD2707F67F2A4B3BB75B9ADA331C1305BBAC182FB4A79820B7EEAF73199B8404C0B81231CDCBB871B80FC41FF5860E8E108222A1A076C29E6E03B6F3FBD4F1F295DC457573C7ADED636D6B7B8C88413DDF3B327E1046AA51040B40CB50C7E3F1D2E44DAD34CFA604029BFFBE714DF0C069908027E
310
B275F1F366C132E1A7450B04011CF82B2B647CE754F650FF6E25BF37AAF65B7BDA16CAA791F1D09F6CAB989EC5AB7809BE145FA459E8D3E4B0FB47DAEF093B946FED585B80FE1A0305FD5330FEDB4FDF79FBF6BDE81D8300CF6815E5F9896552412A03F31FCDCC7CB5E32365550CD9365FDCCEC8752E943161D78047336F8A
310
F6539840A1F2E764FDA2970999F205CD2BD1F5CF496571F76EAEFA0E1CF8FD2A55FD06391F9EEF8B9DC9994E72BEBEE1FC928E2F223EBA0FBFBFB4F2DF137BC894B8087643D64ADE6EDED67F7680FAC9060239E845FC94AE93D880F994FBF71FBCF5F66F9F32C292EA900F9C1E6F1105E81C5B5F58A067A448143842008D72
310
75EA3BBA3D2516FDF02FF79260020D6B3C714711F3CFB61BFF56A826E627E82256F7400FB387FEF23C1C1E77FD6A21EBB1B2B35F2F95E7760BE1FA3ABB3A981423477517EEE36FF96F122B942F6FB64D9502BD1B9089162532A2FEFED255028FE653C9F46FA321E0B588B7DE79FBED07C44106CC85133CA65190543004D01D
310
02D8181DDDA5A9C91A7110805B7875B689FC3902200FB192E7DFD936B37B57D9C338BD49E99E181F4E5FCAB2ABC1CA7AAB382CBC7D515457CFABE6FBC63D525E5CDF74B16378B9AD6774A58531912D232DF01BAA913DFB7D3AAFF912984302B84D0500077800D26C60A4742101DE420C610C2E92FA93056022EFBCFD5BB6B3
310
8651470CD33BD87630C05831BA864C85997B8754B05167F0706499DC442FCD22592AEC2ABF3FF13F950039BF159FA9B36ABDB2778EFF83F70972B83BFD3F4899E64DD8346AA495CB155A7499F2CE39B0AAE755125EB84FD8CF8D8E4F4E9FB4B72E8F1DBCCB98B31BC4607C2CFF21C8145FB48EA0F2159F86A3098415609554
310
DEFA7B27EF1301033DD06D274BAF6821D220DEF96FA4CBB60B3CA241C021D38E1AA76B4406B4767576166766A6C7F77273F5F395291BBA19F64F2E3095C14F3E60371827741CB27E89543857D6D96BF9A47C6A9A26057840332EB843717AAD171880217B71FCCC0355AED3D4819911F79D0EA8AD6DA31A83E36C5DC2D47029
310
5C011302387069158F6C9966022367ECF1D00BA9BB95C389AE7B6105A1FB640689033A7FCCFFEDB762189103A61C3A4FEFE0D6A6B5A19EC5755A443AE78BC5E9235B047890A65919A0D2F96AA3C01CEE913BB3ED239C3E0CD8DDAB99E4348BF3F8B977B6C43DEBEFBD7721A839A63B94C06A10DB87FCBFA3C2932F8C26F88B
310
6D6BB30C3C4E09AFE40FAB52EFAA1EC0316920E031A46D65A0FFE45A673432E907FBCF86717AC04F2CD0EF512D665FF53F05BFCDC43489F150890C60A8E0314E70A06F619D30D841189CA15D3417F3CD50191AE4396543F0C42BCFD696C58DF163F5B46D708BD5FDDA5E5E5FDF9401BC4F7E00E8A17520833D1CBFF495B5D1
310
CE037C664123EEE74737268B5D1D3DBFDA6AAD8C08DF2C0BC7A737E10AAB2A7B958990CEBF556CDBEE823CB09FB344143463C630CFFF585D330CF0320E921744A7918280FEEF981161008E9FBC78C830217A07B7D6985E83F9A79884ABB5AB383B4D7D788F9FB3D867A2112A43F19042B33A108690CF6F472F8661CFAC9714
310
78757F6E6F2F7AEB82FEA85E5715941778B278281F28C268AB24BDB470EF3303E09C359E9DF1CF990D8A096106E6A66C8620DDE7D281DF0B2831F20439A30D68386CE13E002F7EDA8D7806162B205D6A19AA1FABFD6B1B400EC2BFFDD66FDF7E8755B4883C043F43046C1326136680404F1F934EBDDFDD39CB58A98DF1BD78
310
80E0532E671FA1435E9D6EA5E9071000BE8F262E7C4044FD95D5FD526EB40A05A634775F32205C3D779FDC168CD5E56BF982508BF572BDA4F6F57D3304BE9EB18149461B12F760D7485891CA47CFC44909136FBF4931716A2E100123FC6CCAA6A644F25EDF4AC980B14039009BECE8B798BF69A05DC5B6885CD23F8E13A46F
310
F0C0A986D617F001C52241801E87C2974C31411DA3A5D7B6175472763D637D3E57C33B908F867F4A59CFCA7923375E5F027A983E18BD7BD4E6FDDBB2250C1529F4202EFAAF979DFFB1F2612E87EBEFEC58581EDB9AA95AD1D7C1905F7305BF8182D5BBB524D47C4E3B81CD843220DE1E6536497C0962C225F75A2D6A998303
310
B23FC501F0B3F736EE1FF01200FC8C99F5515207C9C40081DF304C0A17D06E26CCBC5B3C47459308178301FA8057C2C0AE9D99B05F038828B08400F2E3251254DD7EB8BC4853B101F99AB48E387457C96951E5DB670648BAB70A7B04FE93EEC5F5B183F9739C98952C6845C380D401B8FC86E70A20744EC720E09D35955D96
310
A9041720196D183AC2CFE6AEA816652D0234883D788BEC8F5DF2615261DB031C2381092401B48D8D2D870FECEA9C3D99DDB036C8A051058030E32190976718C89F031DFBFF2EEA3D88606A8A19BD0AE305BDFD12BA4FF46F1A0002B07137989C748936E9DB2C91F43B07E4E4D16C3779CF5A4FFE8CC981F07C29E34B7C012A
310
F0054FAEA4A6A3D49D3A16D2B3CF220A029003366663053C89B3FB1827080DEC2780076FBFFD8E39810CB0593CC68B5D9009F2D400418028B0BC6CC74067E7C9CC0C2690FBB084AA5254A12AF63543B35EB40D17B693F7E3464D5094C00AA9E04E0E0524F5C35C5EC6BA94B21AAF2440725E2A9FF94FE7A8F0E769EB83FDEB
310
039B631B18BF396F5C13CF89ACC02C387DA56DC3B1CD84B96CFAAA37B55FE723B611062258257D331F186AC93D8AD600B4FEF4AD777E4BF68F2168FF08C081A37AC13446C859964803961928476D78F68419390D830C1935B5C2A0A22A3AB17D3D6428BF12DC373B8D464E04C0A496BB3B3B75639DCC2500E0F0B15FB6F47B
310
5A7ED0183A87CAE8D535F2EDBD4B3B7FC762DFE65A07C30B2851DB890082ADC07131EEEFA3DB7DD5CD32C0860CA83CD4B7993A175F422A8149B1C1D94C1145059D9C78A8A572A90B7C8B1E3392FF77A80C50220880FF3669004E90F101740D2B808181455A044904674E7482CC3EC85C4BCE339404C0B0BF6A5611E4F9B815
310
7BAB6DE327EC9BFBA1B4557ECB609C1F45326499EFB90EE78F18227F09E563C9E63D847EDB3B68EB9C39E95AC4F7ADCF7D87F6752BB6912040281E4A0D8A8314E80D60470999B8A51FB1488A66A9F3F81FFA61C83F4FA6969E472288FADFD61B005E0EA4284822E018911828E868614DA0C36E11F3A051070BF2F0840E35F2
310
00E2C0C80A776CC9E7E6841C0503D0EDF15ED9AFE527E798D23BEE5F0604E58DFB7099D739BF0BA5D332EF29F1535995BDBD0DE681C4F71DFE6A7AC5A13554AE6910963E9ABC9A0DB5B202225545F5CFACC942B5B93C207352B6E5310BF349AF200175D7DFDF78F6D683B7C87E087FA9B35812C4F8F13452CED610A2207541
310
E6D659A739441F3833CD0C9C3C3DC2B0712F62333C4FA9327C9CA1124904B4FDE0FE21C119776CB0C212AAFBA5CAF80EB43772ADFE77CD9FA8A4144C54C2FB2304C65F62FC3678E4F6C68F30FEE1BE8383CE7DB86F58B1AE0C51F0F055E188D02F00911DDB0991832228B3172B3E623E513FF1734FF414A611A603163F401B
310
EA790FC9FF7FC3FD3DB02DC00184145B850D01D120424DC03C00FCEB7880EEEE939399F1F18DBD4AA54C939899304D913CC2D5CFBC55E50C7FBE4C0E14AEEF53D6843DFF56BE2D554637EA047D3C210E2C61077875FB5B40E19F43AB7470CAFE1C0D3ED3B3B4778D1DF6D4F837C08747180FE8394F2CA1E0A46B6DA62CE2B2
310
DABEDE0B1924098580FC16B369730E9E90541D3730D47FDE16EE1FFAD3419CDA05ED1F2715C607F2E81893AFC5936303F40EB776F1D808BDE393A3FA401E1C706E154C892860AD74A2949C409E28A8FB3349C764D13E4D1D3468952B7B1B35001BF41142CAD58D6011C8B78961EACAB66E9AFBC627673B61FFDA4167950A27
310
4145BF11EA17BA9AA60815C2C43AE1F648E3772E53C94E6364AF826019E723069A8AA353A3BF7FB5359281700061FF64C28C10B9AF0B70B0B0D30A31CD1CFD22F68C76DA1E44558869257892363C091D313EFA46B57C3BEB252E9C6BF5B4799EC58F1910F469E25AA17B343799DB3E33CF410061F96C6D63FA91B1000CEBB7
310
D2971BDD39A2A76361E000F5DBC1688D47CB812DD60F8001AF25B328D173A9E4BAC18CE9F1F628704330741B2649B92E9714447C68559C6CD2F681919367E4811100750058809D0230C087A89FF3C80C23C4C60882E481F48D531764BABD5CCECA308DE2F63D3BB50373D630796126803C2D1FBAC148F7592881B395ED7D26
310
B7DD38D7096AF98841CB37592561D9C6565317AFBE9FC4AF7371E060736C7635E0CBA1809FC80F544DBAA1F2F9393D970D44C0615A0C6930E758B9E63AE690F73045F0C8C0731DE9CD80F718E94652383458799E02C06D328010011C7090D8C5E5336A83D4059953877EA1E1D66FBE994F04608C4C991917230FB61F9AEE18
310
3A40AB9108D032449FD1A7283DD25ED15360EF7EA9303EDDC0043403531EDEAB10DFF87F5E2FD56DF0F1B701A9F614DB17FA0E0EDF6FD0B1622A81FA3D1DE5A33F551930335C353A87F9AB05C60455193448246944A232C5D07636D864CDD7A50D0B4440CDCC465D1C418321F50E1648D500294065D869559EF3C40C8FCC6C
310
323E989AD0F0C73142480B200842802C061008B480A9954AF282052B3AF67350FD0DD30D1F4075AC303A5D490250F5400ACF479656861E4C77AFF327F3EBECA4B57B6B6C8FF62602BF150744656A87DABD7BC6BED50527B2120C001A0B3718C74F0C65CD34F275164D7968148DDF259AB8AD6CA81CDA4E8819509B996A7F64
310
2D987A401A2B04018C01E6C169A8700F9DE3B489DB2BC49C9B7B858A4F50D22AE15428FCA4A1EDB20C83492690CFE361CC7F8C8066FFD0D77AEE797977F468A36E0B0DFC87F90EE6348BC748F7CB73B5B9DD5C6EE7AB19ADBF6DF359F1DC2A0F9E44F213F8041F64274C0859A2AB7C37440FEDDD2F95BE44065F22067E3EA0
310
CC3BD8C0D8194EAB291CCEE20B9CD8E02950AD806080047A279F19024C837C848816719AC4A34DF8F0706CED904E8185753A458A27E4C1E37B5F30A104932BE140E0BF4E400160F320B054A8705042FFC47B4940810173F9C9E97240C7FCC3F3813EA239B745DE9F1B1F3FC2F9330374DBD1A7B475923F9A2ED81716D18D1B
310
577DAAB9D1A0458655AD3CA7E211867AE7C702DCACCD291E0F798013DC01BC326087775C0833E04EA3778FBCB8DA4687A0255CA0AD210C15661E4E92001A4449031D1DD27D327334BE830B64DAD90CBF537A45FBD4E94A7A88888E715B7E74FCD040E818BDC1BF5AC609CCCC015DED23877080FCDC47BD8EF3A7B783A17D33
310
F3ADEB6D6BC7AD75EA7C7852C5B6FDADA6AFEFC2D181C03F8C40DD8A4AB5024F0B72E34B57BC1182472DC80946789AFB711DB7F1193C03C893B0345F420246114D3EA71D04FBA731C0DAB0D3CD311B218F0D5A15ECC105D02F3AC32F13600084731A83220040019B03180634B5923D438300B05BAC80881F061095FED5D572
310
A3323ABD83F1D37A2301A8C930AB3F66ADF7CBEFED30BAAD7D78A06DEB6A87F15491F5AB7E25842B6B34BEFC12C8A159F187C64B3CBD2356DE5FBAB98BBE9583F0E3280C0076DA15BF34C15238145742B07080B1EFB83382F9FEF2239D003541041083C5AF9EF3C8944DC2030BC3ADEDDD9D27475800693049E05413BFB3FE
310
B4308731512F13400D06F813368A0101D8D863EB3E75FCCADED124F532AD3F123F131AB46A93DF1ECE7F96CE9EB6C365C6D6A07EEC461FC919FE288AF7AE1A7D012D291EB073735FF26BBB1C99FB706E972192819B7A34BF22424BEA1CC7958AC2E04BFC8E02DB90A4A1DD04811ACDBC181037864672C78F6C0EC3073A40CC
310
49D5E813593B7002763BC6A909D31AC86F3F6E335C9E1C309BC58F16418642E2AF6B290A34FEDC0CFEE08FCA0F56700699CB73B9C99302AA17BD516D7F1FD755A2B32B3FBE7134D3BEC813195BD355020A7DBB541539CD2C06E45F46FC0EE08293E6C0E1972176D9B678340AA1A4823404EF79B1E2347E47C35D0A2260730E
310
0B513025DC0BD1C07E3366E9B9D17F767405FB531070700035618606F0B40C73C974CFD321B0C174A80C0F3AA54945FFEF348F5488895713E89B5C98DA501E06D8D24FF04FF0CD7ECD7BAA755A854EC6A180AD13BE094E8D5D63BFD6DFA5F5D3E4DB1BA18FD8473DC6E17FFC9832B71A2A94D96E808BB53F9192955D62C82E
310
282B05168AA0927D54AB20A20A74800B7CC9655C8B15F62377CA4C91641F9F4D0478F4FEFDCE273A002CC0A725EC165CE3A149F0333E8E9600B2C05A7D15FD831F0938DBE5D0FF13E3C0F0765965A0961C3FA86DEEB0E28304747BFBA5FCDEE44C23544F7BB7BF7A132DDE34F99E44EC3FEEAE92F667A10F7E90B0E8C6442D
310
F5A5318B0F816311DB2E6DC6F172C363FC800EE09186BB9EC82A24C0117700CD884AA42023B81EA6E0CF8B3056411110D78606EBC5AD5417B45BCC8E61EA01C4006AC233933E35D860BC1B6CB9C9CCCE7840D2E0C1C1FFC11CCE54D59300F2B47D66A10F09D8E24B71B9BDDF98FB62A3B897C53EC88D16D1FFE8C649B17BB8
310
E760EB20B784F52F992544753F2CBF642CD3C9C70D8722C197142C567E74FB431EE248A8F3FC00377F5142144A82FFC28AC2970A780C85A7EE9146FA4B2981F3C93BCB0F3FBCB6DD3DE69C72B6073B99140DE28B8E919D9D9E7C2F5FA99FC1FFD07E9AC0965CDAEA0A945FADE52C791EA989E8E7A21A355FB37E44405D171B
310
98A6E946DB26AE71DBD01FEF07FD378F5B4B518724481820890E7486E3FCE61A60E096D577701890EE07CA5D7F2B086040749FCEF3F81972E510A86359C9BB579883035887542090614E5C4461705D7CA1CF84DB564838606CF1597E8119790D021080C935A908324EDE9F60A04B7830A33F0670CB08605B8D01BF9A3D4356
310
93FAB4FD84EF6754930640C1F9D74B052A7ABBA9F502B39DA3BF6BC7514EA4BEC71D752BFDC198EDA8DFE8F32B3EF811E4576B0A2074B99B070A069F60173E7427BDF285024E35A4418B7A412914F2800F1965C4F1120A2D5D2C64400563D5942044807BE7C738EBF3034C4A6F4D70C04ED1F97673C039FABC4CFF18866E08
310
200BB66BDC9CCDCC3FFD1E43BEFC52C317F0F5E64900FBFCDA4DEE68768FFF46350E0EDADB7B34DBBEDE3776BC55599AF84E312229F931E700D04478D66A0D88D09B2276141AF0F8811C5F8067DC04C0F90929F7F1AC9CCD368488AFB965C97B855A3E2E93AE5B4866502E55991B82D4388614F2C36B8484A5FA06E3EFFA98
310
4A6AF17D5C2073299D9F12FD63826F67FC460E54030981684E9FBFC22009A3006962285FDF4FC84B699FB5BEF3736C6072F6844C15EDF25883037DE6BB7AFAD6AE164B367812FA8CFCA6FA25725D99AEC5C6EDEEC64ADDA2BE0056002032E1D7A20A54CF444E360D520A5B69816C0A953CE0434A8A898BF18E2B704588C01B
310
DB2133342F5404FEE698957C200EF54E31BE6DF4E888C9C67F5F3F1B41F922777E7FA6332677C20098C59F762F5DFE4A23F9801A3BB6F8A4F66E0D40EC867E92DEFCE84C714FC7CE8DD3DD3BDBF9C781B1C3B549FAD2C89D711808CAB100E09700BB85240374A7209212F320CA577222A7020E7824500179FC7096C714884B
310
DFD9499E027ABEB3CB0226CD293CAE6E0C41A6788F396606A073E28CBE5CC67D584D36CA39D37974FE1023253E3FFB007A26F657FFC901D851130DDC2BF54884F20D5D40A0B7E5C7BCC7CC87B84F2ED820192CCE1AABA1FF24ADBE1D03635B5B3B53D4A5F84120125FADC36A0E792D3AD7E255792CD5241A4C84171F110409
310
0017DA493D0A7790A7BDE6DF326180398E4B0DEADA5C2763825E43E05C388E184678C88CE6422606C017F030366981353DF03A753DBF6370879F79889DD0BF75408724DB53C5B0063AB6568D02DC47AE4627B58D7E367A6000267E7840C23A0940B992DB98ED1C4731B4FB4DCFB6D3EAFB6CAC7646F0335C5031888CD74E21
310
03380260AD47176D703960230370FBBF28813524C17FFFBD6288BB28E4F905ADB4A788B40B4A6201C1878BED224DE9906C4C79EF32EE679B9F5D3B5DFA137327320643909A823F62106CB8F9BFE4BFEAFF0FC7A6393EC7F64A698EFF8ACE31BA05ECE6DAB6DF124118D1D13F892F3D3530602E3F3ED3D59DFB821ECFA3D9AE
310
85B1ADAB9E328DE738BF55D5DFD039445AE76D0194180F57B15BEE5F09C07F952F9A10372BC894CF7DA12CF6507E2A8916E0DF430C519485C55D61EFE209912D8C32866214E121611E22A0B1238DB18E86636A3BFAFD5B4EE02FF1E505F902BDF424D0516907BFC95EF3A76B6B3872769D67E25B548F0DA46E2B93DFDFD5F2
310
B9E9EEE1EE1DCC7FBE6380DFBF38A165CAC73DF912AD76A4690D2B766A3EB4AFA2D05BE543EA20B095FB17AE3F1928D84482049B659E671A4763CFA567C08824913D37F2F92F841FC244085C1681225C04AD6DE1684831682CE0D6096B56101C0D4FB3A1BD3F11FC1105AECF5660BD3FEEDF162B0D9DEC6DB55AF27FC98050
310
BDDEDFF63ED14B01336053A19DE9AEF5F5D9E9D9F9E19ECDADCD497BCC57681922F327EB41FF681E17C1921B04FBAE371AC69E53F98183E91B84897A5DB164158BD1D12FF6F6BEF0E02847727BF2628F9FD48B6FB11DF6928C868B29590A0606F92140D0C08850DAA7DD8A5FE8A50389F61288AEB743E9C801BB67DBE0A7F6
310
4F63BC87770FDF57AA73FE1F5A84F8DD3AADDFC32087FBC0A7D645C327B97D65E7A8BBA76DFD9BCEE1B1CDE3F5F7CE4E6DF4013ECD7CB60BD1239E8A4E9A5722AD9C4FAC8F7FF17B214AF8801950430639A08E3ABD05A0D94E253BD5951C885B0CE750309070555FF21F2EF83FF53F4E15038B8D8A244740A5C9CBC120043D
310
A0B323FB1DA0A4EDA268C05A304619505000BE10415DE898809DB6B66896E60AE347ED3D6DC707CB7D5B5BC374A158EDC343D0EA61C217D4878CBBDC1D85686782C3CF4272E7DCFB5E9EF628F5A95AC1AC0C6848F5771329EF8DF2BB79EFEDEC8DBEC72EB7F245287FD4B31008AB38EA4D52F2BF57167159E3004CD8950E21
310
7DDD6F699FC763E9D1A0AECC701F7BD4430A3E030374066938F883C01DE40E7DAFD609345E33570F4CE6BE467FBD7F793B5AF2A9D331D86DBA7BF98067918F9FCDD609A0384B523F4413B574B818C6889FAEFC5E7B8F90CEFD62BC2C85B2478D54DD076635BE434FCADE68B3ECF1C8708E27863DBEC352D87BCC7A92A8E135
310
700CDE65BC114026DE5DB68275E656D2C0D4087293D43BB4C9C14EA83C0D806783B40DD7CD4F19EE9F33801F55A3F1FD600017A6CD5DE607783D5F74E34680E7DAB98D99F6E5B5ABC7F7DF19D8278322F6A97FDB2FADE1539BD945DDF868EE2B8B70D9EDAA45D1BB0A5801198CF1DA891540474745BF0317F8A3703E02510A
310
E94B084221F887FE950272D62D4232781054A87C58D015CD45EBF9B70E60820A2056E9D4D619E8494BBFA68B61EBDD8CF52CCBA124BACD4A4077E8420A7F36FCDAF661E577B792A7E1B7E337C7CF1FDEBB3B49F501F3C7366C1730E793F51FA20A9C3D2E9F18E63DC277449054CEADA36DA0807467D45F8A744E1BDED725A0
310
33868703F1392BBE221158220588F30574A0B0893D0515B0B7C404AD0E7F40C11D504C49BD7DA39A85A19CD7357DFC966E5D92272FF06D59CA5A6A1C8AE30E52F1247C1F1D78F81887F9F3E387075B170F9F5EEE4A7F5BFC69DF02FD8795FCFFAB472E7C88D563DA514861B85BD41594A75F5E866BE69471110A9F75C8609C
310
7E6BF6C7C727431EE3E9E3773D2378C25226E82C08104A57ED273FE0921D6990E02B006BD038263BA360355E8DC446A380F0BA35FA9945A80CF60DFD54054202F91897C241C147D59F8E0FC67CD0F2BF377A3463F8BBBABCFBD6833C57E214AC3F5AE9C2FDE88852968F20337972C7E04EE5658223008AE82D93BC37D8DDD9
310
00BD6B16EF221F0D4149045D740A8A215D4FC186C658E01994B8CCD317465828704BB630DA2243B3B4ADD3EA554A97408454148C04A1A0CAAC2E04033C04073851F54380E0BF2DFFA43FAD3D6B574F2E1E5EF6E5F4FEFBD1CA87C161FCBCF5C7AAE2F726F814027BAE10F79BC3D765D61D1803952210A9AA07F8C6BB2105B6
310
1145B324F96014EF223D4A9261080239F03FF6F4DD4975C183B887E081F7A467A25EAA0C94028FEB808637768B07400A8235D4EF33143253198900E079E3FACB0C59B00F827A5785A6FFE2FCF0C0E6F1714F11CDE5140D931D707950631F3DE877F300002000494441540ADFB08704E252AADE1BD4E8DF55796A32B9B6F177
310
37C67702E5C638682737286CB0E0A89B624D5BF28222432848C9AB8C07170C97B814FF492A61072407D638006F7C8400860444C01B1930A522788045633DFA9507267A3A42BA05925BAD705CDD3792FA23C1075C6EE768A673919EB6C3FCFE7629B7310AA794CC9C0D14A1FB88F95C845BF22543F57996E0B26C9E4C2ADF18
310
7F979F8A55F11B47BC26594C52588518D25E6C2B1CCED231EA1B748F093E5726A21A54C91EF95789041030C20FD5AD68613432E19A4D0DA2505B6BD843516E10BB00AF9AC315EE9FDB39CC1F9EA59CD88F9CD071D470C86C4647FDEDDBB1CDAB81DA94034747A779F4CED497CFF817348F69F52E55490840E48840BA72DB71
310
F3E84F6DA2F4717AA928F153DA6E4C7E8E00363CEC9A2E1C8E65F298FC4A52F087FCDEE5CBA38A80CBE11FF7BC2AFF249203FFAB77A128A001B1987BD334AD9B901890A8C2005B6B248196AD09C0025ED841325B31845032E327C531C839E66DBAB39566B631C2FF0A1DA5A3CC47E665AD8751B47CFE33899DF047C9F3C365
310
E3B11278D49DF939298E09002F6430F9958803309827A7C791048CA070061B7E9A64C557D235F83EE24822E5EAB805F9862F20FC58F483DC0EF02181F572930205107E00E523861895A2811309808F2B6C14B2AA579E893753C155D2F54302007E9FF36AC5FEDBCAD47E182D91A73920CFA5C18E01F8FFF4C3F1FF553BCAD0
310
E58DEF85DD63B91BE38ECE1A9FFC4AD4A1FBA30D462C328C5A0340DFD393D3D3D3C0659195C96990F391EFF4175213BC74C020922D4830FE215E76940962BC0713A3B82784C0CB6623DC40D6E1485BAD454F6892200B225096127FBD82D2B12006BAE2E329C771E25FEBC0DAB3B5395289D56D7A8A89081B34EE06F80F819E
310
FE75C67DEEE95D227E283FE98A7B9F1C97D2D05B4D07A469153C3DA3048EA68FA667A6D90E291C7D7E2D063E4D044964D055F2DBF3E31BB851AE9F78A0A7314F0AD24901F581D74A6929142039C65AF5830D1C809536CDC05E4BA51038F79D713DA930CF18BA3010E385351CF47F74D439BCBC793556A1F99814926AF12835
310
E251C59BEA3C083EC2B2760FEBDF4304C9EB87B35769E1EB24B648542CFA4EBA9EF93CD42F03C08F249A2C98897D8E2225E90077823F4A52171A61219998CED6FA050992B6B0A74A2220ED12123004FB977084208F8E2AFC80F456CB110BCA647A3A0F854085D84FE0052BE31FFE7F925610BAFEC06FC33F9931BF063F39DB
310
3D1BB20EE357F594045F4226131578582CB055A59A073AE0413989D215019B6EB8A21CF154D71164E0D8F4E730C2CD382D098DA5261456A425643686BC8301710F2C50665881399156AA2B4C3191BC555728384800CE10040F746A3D8A80A5F0E500A93456FEC52833BBB45203DACCA37FE1D3EE4B9BF0EC27ED47D89B8266
310
F11EA2DB8B5A8BB93EAEDF0C06B7AD0402B9EAC6E787365535AF19F15158308A9D9785C1BC1C01377F8C6B4D07B50DAD25649764A91DC9812C7B34CA98184084F7C01055466B48058CD44085AF26648520C85C41C67805462D8425680425559F4440F3ABBE1F3F81B1EC72708767DDC8FFB6465796C8FE310FEABE0C9B242A
310
74137EC3E0427091967023299BE5D6D4D0C6D15747DC2AEA4ECC57C72856E827D33CBD319D70FF854369EB841282F84B7CA4881447ACFCB257E252E00FBB3272120A75B99119840858486615636E0E0334031AAA8C08A62E080053A0AAA4158431EC727A084021D41CF5D630C94184F6FE7432E8F5F9A4FCDF3EA7CF136FC2
310
988093F98ED622E38E4976E1BF0CF49D2889E6DF3566719FE1F9B47A2D3BF89C69155DCF24F88C609EE551160F0415900B4C48FB013D8900A9192A700748002924771A3686A0A580FE4009E00ACC090253E280B90AC15048E047020483A038A60ED232831F2CC90498648690D960C48E439F18F4DDBEB0B6F5AC7B7B89F623
310
0243B4FA160A7B9327F3AD5D937C8BFFE5FF8B3A5E64283BEF8EAB9F71159514CFED62DBC880614AA1F7994CCFAE7D8C87057F451733699B8DF87056E1F0654B5021E38097E4E23221B810DE20559AD183A61C2C88A648DB096081E9801CA00BC1DA0124E08DAAC15FD2936905CA8DA1C40E42B13F1764E0C4015EAD7F8BFE
310
C99A310B1B7C0BCC7746D3C0702759C89EAD57122092122D1F857067684A578F1DAB7EAC400841F493A468113282FFE42316CC74C756B1C880FE78795C692813CF4644480EE9B02991BCA257A71861F00666D9410288487618D120D0E80D7773E2B7DD180E100EC98B221C94BFC4FF531A09B986230F1CD08378A8E4D0FDD7
310
D9B1BC75F5C12EAD7FF83F3ED19EB018620303C217A6A35D826E72ABF2D8E2BB1B783F6E48D2E3F360806E1D192085D022103473A10375B63853EC54F500B5B064DBC20945B88160DCF7E4F83A0200BF6FAEAC88E9F54D22D898E43F378D20B51B5D6B1457000922202800DD401A9266483029C0D6D57ED80D42A0E6E08835
310
F0F3AC73D7FAE6D56185F04FC44472B854EB7D9CBF7134DF3DDC35A9F6B38417DD6F508B37C1A718B0D054124176F7222F62DFB327F34D451799D56216880193254FF782D7DDE26C271BF38C6E422E271CE4AB8823C9510F021126A7A944E00DB4031D013C88EA0746C96D4574069BD5439C4110403B40020C30B07A604F1E
310
41D19C21A93FD9002DFC35F23B1E7B98E95E38387E3603FE7393680410D702FF9ED5A3C5E5CE68B5827D721FA78F3A9A0C08A79722D9C9B418F46C0057BB1640C70AA4A03D29CECF33987596D53CFB27B32C3BE304C540E14BF8464E080918268D254838C91A01F0FFB99154FD8A9C0495EAA6534A6C464440B4A71E16100E
310
7405088122A35F7A511DC003D002E6C8E7E15F6D1D2FD09014139EC11FDC89394621F77B9F88EB5A583C41E2FEDBC8F82334494C0BFA97FF3C3A34ADE60385B60E5A30CF036E5E75370BE3B83AE73B3B7DC0BB337DA0045299ED0C66681E4AE223D01B1BC3BD4C921E2005FEB5114739040758189BA8A320067B62A3995E47
310
20055065AC2B4A8006BF8CFCC907C0063EACE41813C5F017065AD46CFDC6FF1BFEE052932CA3478C8E5A6F25DC8503D40F61FC1B047E4DFFE8E84407C81F1AC7B5C79DA358551CD0D13785A9AEB38D6EB68A0A8087FC6543E7471082873CDCE5CBEA1EFC5CC0579469E225428E9A43D6A6000B4219DE52E8DF00A55F4BF503
310
5960661C2DB88AC1F67C2890A93FC420193C8326409E7B595FBBBA9AE1D1511B3F6D65B09AC10A71C2317201A603E88C56CC68C91279E83F5C147787EFE6C675F00941D23EF092920330982DF38C65EDFCA89DA98E8ADDECCD77CB86D85118F3DD9884820B1128010D02F1060F582871CC8FF42024C02239273A1CC3BF71E7
310
70DFB7E96081682803188118B50310BD620234F230B12711B063E0F0490FCDA9248B580D3D3DE944A30CFCF2A1E0F6E59E8FBEA289CCCC943785BB8880ADA9C2FD70F6A13F5418444E3A669273C006C4B4EEEC067827539FFBEA9CFF04D84E7F170480037005AAC8829084329899F90B5E013927F8E646514B4824B01D11F7
310
2C012CEACD163B6358A4454A4221D06E68A71062520649BF9E9127D0772D6E5EADED52FF216BC2FC513C7D3C5CC4C8AF009811826AE20203B076A2AA66D8D32E317DEE0EFC000FCE16D9E0BEB17C74AB009256C5D8AD1CBABBDA61402612C675FBD72D07E633B1A42F2421208CE01397560811204306617A5141706105C9F4
310
984C459F2D0F6C392FA05BED808512B0B9A8A9FC6CED89640EA347D31F0DF76D3D9E61E800FE9F7601BE4C9614A1C58E6C839F13A12D0EB426DE6386B82369A9E6A7F1F9146EB578A2EF4289AA109B4F6CEFEC0463E0072A05CC9DEDEDFE08407B173B8AA65399C80B2911252E6290C82CC1B8909140C11B7AE161B42B9390
310
5045D017E00CED6D27AAA15F2C2179F1E83D411A7020B9408D202381E7E5DEE5A9E7E5CDE3B186433F488AC81554BEC09BC579018ADD1DCB3D9D70F02B14BF9159A4DA376225FE43DA224FED327941705DA582B2FD1BB5DC0540667B650BECDD1D5DDFB0C7F36DEE2B94F6EE2EE4E426F20A1174C31DF153321A24114C4FFF
310
25E505475F6906D4149B21F1BD9D9DF7B059F8E0FD83323CB97991FE80EE131A9003B81C491B218B1D42C0C0D593D9D548003839DC29A740298B0C23F0CE14BB167BD61989AEF0B985C8FAC8F923A73F31953989F0F6C96CA6C4D0A9A88184BEDBBBDA3BBADE77CD8E2FFEDEEF46184A86671D7DDC51417477BE9F04804F30
310
5AC82C2D018A21EA903866A0F959FBD4139916D036635EE03DDB7408BCF0627A03027AD314C09B0A27F0A79490D53839D0DAF1416995CAB24101FA63F75029D57A4CBBA9FB4D120ADB17FB5A999FC9420DFE04FA670430B90FE7F589F7FE8D50A4B5F004CE5F07EB4EA007F8AEAE8E8EF7DB3BE2F81F42166C7246FA9E62D0
310
2C8209BA1024414C483498B50229FD923F2414040B2081390AAC353B5283EADA12A30B1080866D746B9ABF5BC107F33C2A015B275480759334B83AB02175EFD0DEC785DFC505E0064F4EBA5A97073A74C5C9FEC97BD25D819E28AEE661FD2732B8BBFB1BF13441B3C1F45E8AC1752BBF80C113DE960E0AC7D9D02C58C80505
310
A19BA0E84B14402601A590A4AE00A825E98C3212342302EE10FC5100681F86834A2804BC409D70270A2091DCE874B16BE0706C974EB3D26EFEDFFCA6C4579AA4DB781708469F055532A7046C6BEB0CF39F3ED2EC4FBCA3D00EA91CA68FD2B87B5C191E0EB2C300F00A1C9881F263571C6CFD83D079D09F176FAD839340CF03
310
0F70458F81F09AEE1329505150CA0A00576B56C06D58070B23086F685E44232D9D53DE3FC3731044F286D19F459351863F749F1104198D6E14BBC68E17CAE70D7AFD958E350BEBBC70C9C4DFBA075240DA27D40AD7DB063A097DD3F041EDB3E4B682A7A12A548F3393DB01945547175879989302521EEB1431B08759B632B1
310
74E0F700E774FCA1BB83F95029ED1A084288C8893520E49415E00DA080AE8027C34206D35491D050A4C6B080F6A20889A2FF82379AB6234F6710C05F9080ADF002B9C9F9C583AB220F45D618D7E7F7547FB27CED8A8B7A7D24EDA4988B0C1C2A1AFB53FDC61BF3DE50D63C560F0120B0372F0839DDDAF13E583B868717C1CB
310
8CC71D1D7F440CC82184803144196EFD58BBE00B7EE77DE8C015942357FB06FC906A5E2B8882CCF9FFE184B0035A5CF186A962A63F84B3AAEE3D5A2C830008807568B6A9F424086D2095A3E262DBF124350082C4B5DF4704A9D2C93553DE47BD6766B69349610716999FA25854F759CA9792599D3837ACF6247CE8597B0F96
310
0FA3EC45B61715050260C5844FCCFEC9666BC71F875B17E3BCB4CB151405D7D08F846B4CB952248B4603CC402B609E90F0044A007FA800EC46D07A51232B00E5683C55D5096E1374DA4FCBBDE2C25A5B8D26008227CA7758033D7D70DF12CAF7F247939F93F1CC63047D63ADA0B7CC8771B234D8095FCDB577B586D1834062
310
035670E204B245EC093FCBE15626C10D210CB38A13F50E10A0D5C0814B0C4B30AA9858516001669002229618F100767AA3D6D2528595FE7A398C2D2300ED0013A0AE60B91644A057327BD3C36BEBF48C91279B45F8BD145494674AFB211A91977CB838DF35DCB3D6D6AA2FB2784B591ED785DFD7DB77747DAC9D2F7674810E
310
FC2895F9ED8007EC7885101679C06F21E4B1C8A6120956F80518D1DAF1717BEBFB5803E20C6F2A11B2E48AFF4AD2810A70054623E341B3D1ACD92DA91150DE631EEB2C28882D092049C0DD38E262A7BD6F98549930C9D44B7C37028AEA9F8C5628A2BEF5704C0DCB2B428181B1BE766F43014498D2E57791E4C8DA6BD2ABF5
310
003F0C40202E2E32EDFB02852D16C30B7F646B98FDF86C7891690043128B0A0DE6B4EA27F08C30CA34C9D0AA0852A5997F8D11A6EE84E040B20472020256F4AFEBBB74E6705A12083B249089218E6452C8E5A69717E904A3F5EF3D5D08EC1F4D4E85086B238CFFC11AB9AE972CB775616C6D1DE04DDF073B4DE3747C41FBAE
310
6072901CAD0237100670C5A00C2C3CE063610ED824826C1F6650700E88C00B62468903A0D71D3A390255AD7040048348C56C4647413C2C2561216E0C469203EF06A5B101AD40D0E207F78B124747DB5B4BBB4E88B1C373C114E0470B345156EDDBCE1B4DBDF81DBC400746B0B54E05F693707B89A5E430982C2AC7D10DFF11
310
D5B102B9505034B35D07E8E5F585757F088B390F2D4C85CF7218E8418BB4F25B885053D07D5A908326809F31D6CC6B77CC948413B28664484439D118DBAC27DB5AC40C1AD166F25E6A2F0AE82100C0BF220405323E1FF80DFC518CACA8DE1003F3C9FAE9C7B2D60703A0004F8EAEAD2DE0F5485452D15B77B4B67F4C2403B8
310
D8F9C533558ADE058A9E177A1698F75DC0EB4C800F74C0270178C8579C1FACD025F0560844502D2BBC01E620030CB93636C1041636A693949CD80139FD15BE107F905590A292840F8860706D07E2970A2F15E5B13B87C3143CB2930374CC46A6F9B9D7A5CCCC14E11B9E879A49FBE27ADBD6DA82410FBB94FAA8487D61B51F
310
4BE0A03FD08743C31020D6628ED20305A22C2C2FAFA7ED1E7881C438AA5B9035F20759E243C51F34D0D5F02F11403B9E204CC1686C0B6C9000470561519CBE1B0E4FBEAB37A39EE4B84C05F023858779341991F36D9D9F351E7BB3B5ADF00148D9D05784F9AD8B037D48C01BFA83D4247F03BB768BEEF973A14E610090D4B9
310
6B1EEC5C5E66928F28EBEB6CF578B067DD83086081579848E60DFC7684044D8174993C39F886043481F6A2B743B18749E52447CD4D230513032D20D20206E536E15BCF7B7D211634F98FF9986287F33F9A94615A5A0A7CACF8DF5DCC1AC6EF9AF1945EB78E0A2FED1DA2ACC00EF983F9A012260BD722EF61C9DBCDD8719703
310
ECF839029010CA0B9F100B1D2842153E01A1A3837AB579516A31982FD2908A09100DAE591016CBCD4B011A2F4DE299E1338CE065DC4841BF9895D8C81714800CD08F5AD39601BC929B55D291F6CDCEF2AB40DD5D98F4E6F107C47AEE4A09A079C05316F479DAF4C2BAB83221BCC0CE23FE3D3D4C7BC9AB673D89A3677D6020
310
F6E182332028012FA0FBE0B2668FB85485902A8E7FA0BA2105C213E20BC2169211A4BABA7D693C3F1DA961F203694853137073AD5CD25F1C017DE0477626D7BA55B88F83B5EE513C41D814639FD1BF759171F4577D3CAB0C3DFF68B2D3B1F8478C18F67BEBB2598FA76A4545E9E961BACF657E0791D2373030E0EC9FAEDD17
310
BEA7703A738185D08236C407448A4CB504CBF01FF43859D3115488EA01B55078000DF085911805790DE1B41B6F8CB2889C3834FE02AFE07D85143C6C008438A944EA63E047023A7EF37E13B0903AFEA7BBAB9579330FAFDAACD540022980B65A75FBA17D388F1E6576405CCE7032D95BDA420E7DC0EFA320879E5F8B3B04C1
310
D2D9C1114210C19FCC49DC6A855E12010184DB8968109ED016E4683CD552A36B3AFA13BFC2114068935A7E774CD2C7225642B73325938052D8634ABC18DC9442BF9E0402E85B42F9F3273672DA8E8F1070405D1DC3248487574CD98092B8B956E6AFE1566530B78FAE05B4A0DE51FBAF85DD075C7E11939F80E015A58D1F87
310
E400CFFD2306C4D1D3C634380A201545A92BE01F445800BE12302AB477BD6F62600D211232EB061448A0D2B877BB940D63D059C37E0569A83DE93E214F4BD86209FF6F479C640AFF8AF6D1BFD987D029A94DB7C329B4184D4BB013BF912FB88FEEF913071A8D82B651BC10DB067A7EC52FE1B421883144C00F64FA23A11CF7
310
08BF16CA59F18D4C04B8085964B2D8DA4A855187000BE440BC816FFB13374640B0EB1D0998AF38A1AEF503F14302E2811081FC12EA6CD38A63B33035125F40F170C0B0AA45E9FCA38FC6D688D48563B5C4B4B7C359D3C7AE0EFB16ACD5E2FAA47EF8307044B4EBE1C71E84E742D81431FB06B90B600B9C239E277A57C94C42
310
7EE10E7826980C0136600D916A06058CBE8604DB4D314FBC014EDAACD0820F14BF75449B70339490FE5A0491221BF95F949DF1235380E969AABDBE2D32EB4403D3FDF17F42F9A0A7C28ED75BE86BDB7C7EC80C76F86B8800F77B305EB88F00A4352E0F8089EF811EA02A3DF08F7DA008F803BE4B4EF5F41E56087099E92070
310
8C3D720916444440FDFA013D4E1201414123A09290F5BD7AB729298209C4306D007BB0829FD4EC3A6D7E4F00B67DF38CA0764F832F0448E58439B952CB4F70DF964AFA74CCFDBABBDF273E2FF4F56D3DBFF2A78D42FFF2755DF307066497F44062AADFC0CC546F6DCCFECECFA232E14F408F05477D311B683A35BC245FCF8A
310
5CD2AF20022C21022266905A5BCC8B20235D6FF04019CC04058AC80023662E25F342063165956320BE50370F2A657BACC817DDA3DDD3EFE04028645780A768FE38DBA88BF2EF3ADADFC7FEACA952E5A77568ECF0C971DF32BF1D24F8486B22A649EC81B1B60315CBEFC026091CA45F858D7D04C1B437079431E63E38F88075
310
8842E780A9E03791C0FAAFE10012588C3C592FE35461A6047802BA18686887023A422A49599399893103942CF6DA53A8E387825FA0678B261F139F801E2B17C901D0F5217E07AC2401A87D0480F753FBED44FE949C93A1D042B879FCE499B3D861AEB23F9C1F372F0C24D0B7D6E70FE1AAF60F84BAE642D82F0A9F53E22783
310
915518494FDBC0AFAE7DA282E5050B703570E06319A015E00D693A6BEFFAE493941C3B08C13B96BD20D0115A9565701DC58568A3009DA13E965765C03091F0FF339F7309D44F6E61F837F1B1FF920450EB8FC48F9B40158BE89C81A597CFB0DAF5F5755D3886DC13D4479599B583758CBF35663AA234F133F91D3BCCFCE0A7
310
94367F385C59B19431780F1C099131384056616E15A1563B50021D369C593FB292685A68A8B2A50A0A2085CF05434617E05FC24A6B077B990014421A68401AC4D65788EE25F737EB780D08A6E38F060F2ABD889E1B889C44852C2FF368C1E3E710D73B6589EA83F7417B341ADA1F639A23D15298F087AD0326410E116C3A1B
310
325218433C71AE62C07C1480F1C045629724A076A4BB8D622D24690486727F56108D07046DAB065000678E04C4F8C342DE27F4AC102D854F2D08D59B4ED0E4F697B0FF62F113646BC5B7F3131D4EA8BF8B265EA3F2026E7061B96F6DF3D993276B2180B8E57067587428579460551049049B074CF8B1066C7E14C705F0B392
310
98C0997C17F701097023BAC31081390196801FB0C2A12380042927503D5A01CA127F9841B460310639C674BC8CDF1A320501448E0068905B07F6E5602F8C1F07786253438CEC51AE61FDB25FF71B09893AC026A9EAE3F30F369F5D5EAEA5801FBAD3C98B38C13EE017B054F81A56F05259DBDA64FE270B1FC4C77200FE276F
310
E814B916E222575ED717A62A92956504605268408CFE13FD61F84252228376060206802B9550F00B9D47E6AF1022538A752CF4FFF1F5931384A9FF8700EDD4FFA2B93FCBFABB3EA6C607FF714B0B8B04EBBE83B52B246092AB018C0D0002FC490849F1E214AE6FC42009D6D86616C835B65DB9862EFC4480C14137603C3089
310
D0A5588FA27E693DD184131BA4E88C35045ACEF1CDE1A82323C20B842F2419604821196EE8185BC834AD44F8E9B7549A32900196E9ECBBE20FFB4706861AACADBBFD9B56A23FFD3AB8BFACC18B1B5AC0ECD7B6AE2E2E9CCD2BE8AF1B1BC3A813B94107E82DE67A42E7CC7D4A6116700B5B2EE3C338A09B840F07C40A64800D
310
7C605AC42B72227C4C7020AB1F20056E26F542717F56534261DE3766AC10A6ED2D006DD03BA9DBA507AE0510A8B385C92363B9154167F1230C40D76AF6F3BE0CA08F8BA2FFBBCEFB09D0986550E0F0EAE2F2780CDF850CB0F88CFC2815FE87BD83909F474F45DD47F1C821DB2107A8817FD45384F57891B65F2543D0C1E20A
310
89B4A8DF806862AC27C60F6A054627FD344250718AC0FA21CDC4E28DBF2650D1B39D8B8A420C348A4F846E2BE824BF8C45E1DB8EEB52F576F47A75FF95F90FCE0FD3A7A08D48D5B9AFBE3EA658E1676FE3372FB57F0AD8D70ED4AEBA3D4C2BE0AAF1C3AD63A6004D12900CFC481A47430C9EACB390038642C8C41B13303166
310
614210592736B8603AD4FAB17189DBB32F3915F0C380795A089A15228460BDE8E52203527D41B5470901B088D84FF8B3FE2BA7F4FD30ACAB3DE0B7E2FF95807AB0010FFDE3A048F7360F9F3FB9380EE537F16F8673131325D3351A3F664022020811A0FE8C019CA17370725CBFF64132025DA1BE2555102212E80A907FB43E
310
D80A991A8AAC183932C19AE17524B06590B6AD286EB99BAD18FF4BD64BAB519202F992A963648ED30E7521F909F090C0213E367A77D8836BEB6F34D92EDA624183070248351F1A079E5D3E7A9EE81F2CE6678F92E299EE312B6C0572C0A7B5EEE07853612403813152C7125E2022A20C18F855DBAFA399817FC97FB6E1CDCA
310
31D348434ACD0012F0D32A5456B4007E6E92D72B1A4E9971223A42C1042819E4049C0C5801300C0013FA48F8944FBAE71DAFC27F1826FA2304ECDF3F6C10FF47D5C7E49748DDD687DE8E91C09394EE0682A4F84CFD6067EEDF43E67EA46CB2F4070160439245F00343D03BF25D7E2F26FC400A896DBF19FB8D4D0A66DA669C
310
3D608F9CD048A0533621B25690EE19D5D15248E390F042B12C682511B02BFE3E5700E4C9A9B2107A8F45248FA48234FD23005ED1F4EFE80D1320836F04003BF42856D478D1DCA3ABEEE3C68F9F30C3A16E5C238EA5DE3FF37DACC2F8B7980033F47FAC34421EF0418A045394802CE032D61C70023D788136788613887C0011
310
A4EA316E005718AE191F8D0D841B9C679CD2FC478442D005429166F5A24403B1E6ACF3298F388B6D0BA933D92339D48969A5C11F09B4FF017A9900A4F887010C474717E10F36468032FF33F4AD610517777104CD920C3CD15FC5F3B3A0C75BBCA3B00F2724863C10BCD4A0E00736C7981F2F72E4B001438B99714FCFAF713A
310
2603BC710376A1715FC602022202E06FDEBBC680A3DF1C4C095A12C50B554FE7623B50374FB2129DDEA4C392C9188077658C87F55FF92FFA507FF03FC8DFD3F31BDAB46DD51AEB03F7E1B38B8B87CFF47EA1479C3EBAD5C6B382C221C0F1B358B39D76D9D3142C4A20935F541E492E0EF081BA41B3620A8E172B584EA14856
310
32E22A8221CEDAC6110AFA4B6D43E2B76A18AB240BB24337721C9321D2C033B2D3E2641A55A400A28403C12D1DADE39AD23FC5FC08C47A64DC3FF6DFF76B5235124022D7E6D6D5F3CB870F9F31C96FE477FAFE54100068A3A87FA5908A2C08011CF31309C10025B089FEF9C510522B8DC07C30AA469841723A10C08E27F00F
310
7FBC181C083F2809EC3B2B328E294AEAD5A071B3A95C81D2DE3F930372D022C9C793535B92FDAD5426E90490C3C81D000017C6494441544698C416520C1C40C71FC204B22448FD9303782FBA67089A1A7D4CE38E89050FEF5F1E078A4DCCFADA058032C34C1CBC2E1202B1F8962B1A8024F0EB7A11F209E96FB369D4B64202
310
FE7BA230AD24C46413536EAE955B341B726C593B5D4630C0BE822480908522B0D85430230352618DCD4F7BA6D568BF4343801480006658EA3EDCBFFA9702B4FDE9022163C43F9B72B58001A23FCE6F0B3FF0E4E1DDFB9801A6FC42FD0132CC1F2224F89933107AD30B6C9131A53818AE944BE25A70810821C38F098411980E
310
46D108F483DC63F49B91B852351604091D60546702F58A3872A1716411B642C7629C267E64E77719F46B0548FD6BFFFC86A38DBFADFCDF700228C124C8664FAA02BFB1F92B09800876FCE4F2D1C3FB4FD0A44E0106A8DB8079751CBF0BD9340066C3D52BC64706467C05B5A54401BE4A1B0132A55EAC1CCCB10D378A3DFEB9
310
812022327745EF2102886A9142C812A1A2C9708027BB55B7006357459F9C2080E0BC34489FC629510F3017B62D5073E2A2C64048A0A42580E413BA9E08274091A398EA80B5BF31C87BF5ECF8F1C5DDFB4F22AAC181F070AAFDDAE5650C4000516440D8806786D874215149E69ABEC43FF0EFC820FEA112B0522003C84BE03F
310
B76623513B6D840820358B084119B0CEC8C00AE888826339A54091F5FCA513AFE147975BB1A86FC50618D9D74502F0C7C8815AA306602FEE3A5E79E0D7DED1B221001118B73182CD439A092FF801105D1AA14E1918EC282F6260869D55108065988BD67F68E5581720A708051F7C8070F582389C682BE53F2AFD85853F2A01
310
3D21564028E06E79B7A71E43212180A81541EBC88F451E02385100491AB0C4A3BC5309A95911E66D04C0B448366988ECD204C2FC930F8CEE8FA410EE4C25B58DD1B6EBAD83F6196670F7DE635282C0A56A851AB035831725F0471A10FE52097089C80495804100318405F0DFC2136004B4C40705EC9154315129205EC35793
310
0035688F61AC02188250CFA9A980233925F16A117A48CA54DAB6400221976B75D863330942E20EE3B00B08FBB71AA813B0E502FD2B023DF70114E0D7DF2E2EEEDE7B789504200112075478F2FBD6897835C91F0C20782401E801A2F9142700B74805703426023A81CC0BE88B537D0003E0C5181D29EB8D83050964DD258091
310
0A1E7A8138F76253DC01DC2F3824391AD748276C0B0CDF12366625D038603D0003E0266CB42704C8CE7FA7F11B4D59C0BF454A78F8FCF1E50513715D469607031272358F04E0003C90107223A581218F10008B10247CD20D860FF0BF48801040B361808148714764028EAC137E871501EFDD97C89B52107FF1235B0928C562
310
530082573CE137840EFEF82A0BDC602736C595912FBEC69E6A3A26903B3A300C5A098A9E3F1810CDFFBA019D97B4E7A7A075850F2E92569BD960CA7B8304995FD006FC4213BB1448A6F4BFBB3A9F9FC4962D0A1369129B10073771FEDA38B1737B663A71C088D8848027FC3008DAC4E4397A6F76271DFFFCF77D6BD7F1F67D
310
A51E0E08875A6BAFBD6BD7AE52CC04A0B4A2206F650EC412841A48258258E8662C3838FBE21E25172C2A15A4F78D82DCF68A005DCF07047C183E1CE47731BBCCB5469D9169E0D588945BEB637E87802A03D88FB82486210D28FB3B858D13DC7CE75F5E6F3B03C1744D30CC58C7C7A256146853A05243060B850072A7010CA4
310
7CFBF9A1E24F414037B8781E8E9F219A774B36481CB43E48A79819D638C8760D672FAC19FB9D3FC5EA9158DBD0159C27860409682E8FF2595652FE189D2CC2D7C023E944158355806FC320087CC74116030CC376C559C098B93A041C5DDA48AF33827D2327DC761D19C17CC62780D82A170E6CE7415A5E7FE825E053048F88
310
D2AC2A561CA4D4C60098DA28EF1A01382772484698F60C8DD24BF396EA76260542810A625978C03580A9CAB91D10249BE579B0377A3DD15749A45F24C4D81FF3D7D7996F6A1690288008C0FF6CC186DA9D5FC95BB09B1301004B016E707FDFED306A1BE8FA208828F00BF342186839839F1F6FA338DC5A0200FF383DE92614
310
C03A4508DA18F4D85F9354F7E867AA77A42FF49BBE6757A1A7454448D0BFC3C220714FE43A3D8F1547BE10F0BC5A05985AC3C28829A06FE24CD062700601F4AF12AF99099B08E7071DC4626A97C920C3FF96E190C9D1FD7CB6163E800D79E5F3F10A9306C02B799E80F1AB380E0571A584C0370A220C3125000B500900D96F
310
EA40409F980E2083E4EDF4D8D2480AE5667222E020BCDAD4EF19682120818FE18EC7FD6AAD67C03F7DF1955E697456F517AC4F24700C30171C67E9168B109A4F60AFA60F98BE30941BF776DBC7C70792A2FBE98AAA97224F8BEA39B47BFD14A8CD03320DA2B676E3AA397E652E30A42CE2987B7DA1EF7F75242413800A04C0
310
270C62A13372400B435ACD84B8B5009208F5AC73EB149FFF3508E21C2201E0338BE07E50EB47E7FF6D97724A601028C5519073E7978EC88834410450E074DD58AD13A4900103A6444A9CB99103229F0EF8C0C78161EBC68137240734CDCFC349807851E0EB46CE864D2E405ED341B71A390CF2DE20CF5193189E1901E866D0
310
230409684B193D17E2928534D04240937D3C84477494FC5E0FE0B448E35AFC19007926C1C6A6E622FDB8A12E30993C6710E070397C4B26304C0AE38218D19F01FFB15BAE1C0E7E74DF75F2406E373C414E848FF8E500EFAF3C1029C9C0ADAB2313A7426CA9B2C1B9E30032C84EF31A09A88A386F136E8C2F1D582EA0459207
310
015F10F1F001F0B1B7DF7222011EA2001F00BFD36BAEE0850928B08C077030FE3806C880EAA74BCE0863A952812E6008B3A89199C1EE918AF96AF583F1A073B0A355B9D861AF1460DCFB3BFC6B7EFDC834B09700CBED3510E48DC7129041C991F06BA5006CA6B5B34EE21501374E8DFC910042036111EC9C7CFA1C05D48A72
310
70F7F835BF04A4194DA4CF76CEC66718C84CD020D04C412AC848F03E3C61A1C8D50D0EA6838A00376054D3DF61A0E393E1F8B058A6C994093476D601A4A06F0CFD3C0A6BFA910E75CC10400A80FDA93AC9B5EA4303F6C0D188B559086091CC5910137772E14F2376D03181B5CFE74C0EA38440D0AC256D6C4D104CE05302FC
310
C00B60B9CD4D71E08BD40C144A025E60D4C1F45FE846A2105D717EEA84808A5DD90A168E133640311CF05DD870768683F5D2F1800F485AEBE5CABD8FFA3C0BEB33702493AEB551B1EB035EF5C8E5757FA7832141F88E8578A363802B560007AF93D7D470B478C4D00B412D634C9140C4F9275C00DCE8DFE3C7F8C0AFBC5B2C
310
E82E3C3BDF393D4375D50C43CD1C17E3777CD2C170725B7B42B41DF15BFC344DAD089C1E9118522B4A2C60B794E4E8F33081BB7C8CFCEEA0B2015E49D586429C6C78646180B7710E06018A3082243C275F077FBE412C17DE80D3E6B9462C5204C5D980D1DF84A864401C483CD01B143F4A4868087A0F780F37230200A4FBF6
310
AED325114C367C22512750A5C7C3E32D545CE20A0904183BA10015DCAD89864B3E1EE97EBAE8B204266A48E010511838E2FE413FB116E60880C2D8440AC3880DDA6DF6618C138CF1CB2A09637E18D00F80CB0DC05322E31EADB8081C29410903F06BFCDF5AB46024E4A75828056440503C707856EF0C037623DD4922A400E8
310
A6BD75E4D2800905F18450A00CEE88860C8964C7B3F90F56528BA18F71CFBBBCD2D05797E168FC37DB26DBE0DD2EAEF39686C18440820013C1444055402A541400DD362A0A402F1FE51246404E098249FEE30708C10CA0B54601053159480C00BAA9B1223A773234FE72FD5C3BD81804D8D196FE3D5315A0C981D88D04FA01
310
DFC185CA93F9120E1F480B08063364A0A318F08DF95056E4C91F1150D31B011200383502E079EE43CC18603AE2F88FD139C802A739F208E88D06DC78267C448C27C4113C19B0F51B0E9C1C021CF8F9167C6B1F2E10E461002910105D1042792D1CA303F469714C018C23D72179E165049C40E801CB96CF334562E5807291D1
310
E0C70FE6CAD91656715F0E5C5E70F8D7F83290549B1BAA6F781D25180EBCA93EC84E72A74081CE3020789B3790E1A9E478E658C099BECFF01E530E80EC5FE31204ACFF70AF8177A03059240CD074978A002A878BF883FEEC81DD684E406CA630ACFDE87292822A11953710F000885D6F68A67ED40CD772B0828359B753F7CE
310
23D9479AB9845771B389D6A77130F8C134EFC83947392029B10E4425440A84AF0E54825228FC1634D369874739C837A9DDC83C20D320C36042610ECDFA750303710224D01202488012CA847424F8D53F78AB6BECE9B3B35A7F32396AC6B7444566327DBB4DF06FD9616744F4D3A397EB3B0A3FBA8D763702883ED742FE5CD2
310
4146D8E353ACCF811C806AE09914D8446E93840FF4D6C963FF32BFB6AB015D1D3B0C9A0968776F021F21404B6260CF84A14F35180CE20B5E85BDA2EC91FD5A7DBA7E5705F4F0F97AF26CE18E3BA078138202400A62930FA6CC7882F911A92F33E547E64990B0F27323D73B6222863F86425153FA8009361C675554C25382CE
310
148420C8DCC47A20122806CA178A0918C14CBD33440289078A00EC6070184CA9907FD0A1270478E0B325B67C2193694EDB7DD0F3C238447C8A11485562FB4902134E6AC952FD5320A4F7C780882DA9684285CD81D278C0E8FF8DEC9F45D22DC3C2CA99C2728110888799575B6834BF22B0F01EDE72D7F21B672C40F0A97299
310
9E2200B7C91403F9BB3D09C01990819238CBAE5E7510D7D57450507E3DB04AAA0A3C280064E0775380C8C16EEA4834346A04BF0CE847B4B3AF760D06D24BBB267C32E2C9257DE5EB748AD101AF1FD33265E2B674EED8C01A0AC901392211011AC810560F77778E85B13BAFE3E25C95B70919A4862C15928BD8989664AD8638
310
101D009A80F00BDC41AF27602A4BDA0C077E550048E7F1011410F01405045E1C140B4D0E70E0F6E034171C3D6FD12004FCC1FA304312518910356628A4A326EC9ADF5DFFD1B2C0399503F14B4F8E3E0E4E39A06ABCB56A8014687E86E462BDDE5124615ECDB412B7314F62E6E0C76ADEC0F717B360E741960104CF1706CFA1
310
8E0605004B01AE007869B095ED92144A807841EFF2811C047889A04901C809062057192688C92346F97F279449F89B113500BAD282D1DA80A55C27EFFE02C8D4F395003F285B617BBF0831F49B055342DDDD414378E8888E92C16789F269A27C9A221FAA4A0DFDDB9F935B2ECC04DC51481558A69301E0460B02665AC4DD30
310
C03D480866C3409400051811876014C0F294C542821AB045011A3E3F09001FF304E3A0BED05CC11A811B865001769507FC01ADC611F400CF68C7B093606E30F3C7E0F00C1D10C31951C1E2D7252181DA00345842A19130715C736EC9ECE686A712FDB31E4D3E50AB336E5666D7B212C0113C4A4406029709B43D0228F3FBAF
310
49921B19CA0C82A2D5BC4A2079809240F37D3E10F9637607C3983F0458508A98B8B4EFC92AC13530180CF55359500080061DF59B98BB3FEACEE881DC8127F182A885A86FB12B43C590A4380504E32305E3148BBEEB2D2782029765428092545BA5C2C681FC5F8E869C0EE1034A822FF09A12C94084505AA868080303473F81
310
61F7AA0A6610745E280BE4427FB770106F8800EADABA19F453210435BDB2348471B13B65F2FCB554827632C4C44467333E4127095D22092ED492009930413251B5408345065065E415266E20279A40B3F520370BE2050C8360E6BB4601C1673B9BFE007EF5200B6483CD195400A783E6DEA0653515B0FCE8E86D1618FC1EFC
310
15C2E727F24F2A2DAB57326D8D0877D4E298894E7A0C3C7D9CE8A0E2D17AA2020FA1097D6372F2A9F955060FDD467AD0426368C24A8340FD0D6687A76316DEF5179ED9042005A2BF02A5DD810A4DEFA4A8F700EFC50FF4FB8C06410F0303C106ADF8852ACC6A2CA9046E9ED070739339857222CC009E206479886EA26227BF
310
7A341A15C351A8404A6C10080A2140FA4B4E8D9B9A11645899332363FD69887F436A660566964250FD752E787B64BCF8E6C8190DF8EA0C854C062D8A5A1346F810414313E606ECA0AC3A01D6928544029D5F42E202C0CB386F880F7842A31287061F32F3CBE09F2950783394F2F2B23D85386C6F51943E99DD10C8A0000BA9
310
569A14805693274BD0E4F4DC3F28E331EEA91C4F33ABE057889BFB92819187840A08E57A276A8BFCB75B0342668C70C565C8059996D209C2800941A21FB82B2F520BC2E6FE6F1A8827043DE17000DACC8193E78BBB8DF1467978C06F6AFE986123E3A95272CAC122046F4C65C4B88FED2F1CD1D918F7CDBF8903BF1A90057D
310
42F4DC133AF804ACBB58446A0DB78806FC053FA1E45D0AF1112613CC0DD976C5E70AD3282F42725C0D02AC8588DE451B1C01ABF063E7748A3882F0DD484BB78D037F9812240EB88B6034C0AD53E5116D4C6D920C6A89F084E6D0598AD7EB6930CC7B293E27A666E5CDFE9A3FA52FEB3C97976FDAAE9A60008FCA6B33099CF9
310
880D35D419FC687D424378E3099441E110C5B3C6DC311E6653514A67A530D863326C4D8430E0C28024803B5B069B0E60C10EDB6DF087034171DF01F1F3404B27B1056D8C0E56E7CA6056E7798147BE4C2F01CED5987E413AC6A724876DE3F599E0601CE7B9CEF3BEB3671E12DCE8AF9631B8031D3F360B6955DC2342B2A0E4
310
632A00264C0DA002220CFEC3E10D9BADC8904D88DC51928593AA16C91DF6FFF82B3234404C7214D0F8608E0052283EFB2B0563F1D072936C4017706010BCF1B16CDE0C1FA9C777E44E1F5259B0C9BBC8794A82A6C182A3AF56B16921405351FDDC91B5BAAA617860E8D76C97C377FE701A4EB4378FA97C2C8E3CC8950886C6
310
FD93AF70A1F5F676B7ED16CBC56AF5D09110EEB8607CC08A795882358280DDB98AFFE7087C6EB593D62F041CDB4018935238E73F1098100D0C8769818F777057F64C703C6530E142FDF5C837AE1CF66C94C4887D3A3726AB990DEA248F73B5D32C8E04F6714B1E67C53FC52040252E605B322407CBF8C7F05453462A295ABF
310
4D95592DDD76AC23512E9A2DF964715C80DD752CA8E263AC36F02C3C28A133EB22AC8D099BDEFDE28C3E8FFEE3815D5D00C17C00511058354D62443C1A546280E43572A9C661A34FA5891F8E7570608C8DF21DF51DF9D2A84D4501F41B8CD4F4C9DEB2F901E810C0E4CEB6EC08DFB06341C864CF8D0EEE779A606545E1E64A
310
AF30A4324C20FDD3BD558BD966BA994FA915CD162B1978642AD01694E533EC190368A68234657085B5F88E27A0805E04B8BB6A00A51646EE3C10A50FF007FF410F1963CA69BE2002F0F902E701AEC995FD41F83A3F0C3809A3288A083003A6CC2A20E6D703EE48E3777AC07ADD51EB6101603A9FCF17B3D5928F6D742EE7E4
310
CF38AE2B03C5FB39C81D7B2978FAFE85AF3D2710B0582C970F0FEB0E4D1103B8BE2B4D560CA10002FC8F334C891C07B44FE06B2E3ACE5E1E2D1FC32203110ABF9CA0E8381F68EC3C06701328E5A38278A5FCD944CEA5283DA933DF2A2448BD23F1C5D8BE04CC2DC3B43B3EEC29F8B5FF926D11D3E97EBF7FA1BD1E5E5F5FE6
310
D3D972F548547783146ECD84873F377C5820F7F9FCE5E07378D6CBCB7E036DF7F7104079A05B77C6942D1BA95D47424BFC3DB6411009A42E207871B7EE9B06614BBD20F22F7523FB985F3F7068E37600273A3ED0C1CCC380F6EC4AF01CC1CF95E4848B7BF950AD14C44F10460221E02D21D01DAE800F323704C00035DFE97C
310
B37F797D3D1C0E4FBF35EE1E5E9E0E879FBF3DF6F474780A01FB3DAF01FE0C0798218007C2090A3008BA7682A338F4A8804A06CBFE6A80CEC766F49853F15B2F45FCEA3F8250012841315016E75E797EFEEC4ACA6C79F515CF1738F7C36E2406071051043817C9E8C5888D49D0332E800062FF54FA562BF7446CC0BFDFBF86
310
03D1FEFCC9F7FFB5A7F000430755C2D3F72F2D02A022820897ABDD44594475BDCCA4A10AF34C06B08B4AB58BBFAE30999DC66C7CE903A83CF8EB006EEEAA063430F84B05F0ECF644825F5E95073870E72A0771AB89B080022A0C5A9FAF34C89286257FB7BEA000EC65B59750C68E0815B0D9834B15606328F80709DE09018A
310
C2A7817F83F96DB3D562C10A0A31300230CD4200B87F85808BAF64D04600254047F9C14DE93464009E7F5AABB4FDD6D55142A2C0BF1541FCE19C20C899BF4F76AB54B84CB97F88F48ECC029FD253F0C70DF4816B9AC94BCBD653B1A283C4001A0337955E4AFED3FB790B6B1F5EA0B5514074103A38D84280EE0F5F9BE974EA
310
B2D16AB1EA969684B6E4166CA28264B300474C7308D20013B204A65F82970718D05678B3315D442E1C0A327E2F56556040C005D2FAB1326A68A07507C9E46A3648555A7080F5F50219A00E6222E3E0862CE95B5680930530742F1D041805E69B788161F015944D041182B861A2C17F3AF01CF5BFDF6C343F9171F5B004BF59
310
C016719164B888EA206A02AD05E8464D06B48E4381A0E9345FD171625AC22198F57C003BEA5510F81FF78D31C9B033D0030000000049454E44AE426082504B03041400060808003C560F5D51464CB48900000043010000360000006662782F37304141323737332D333038342D344445392D394134442D3244364433444230
310
434435442F6469726563746F72792E786D6C9D8F310EC2300C45AF127987122606C71DD918B841D4B851A43646695A717C52A85029031293A5A76FBF6FACEF7DA7264E43906840EF0FA03836E242F406C6DCEE4EA06AC22492573150D1F66C60C640E8938CB705396EEDD86DE9B5042FE27813D640EA63BB001C722AF6E55C
310
B61E4863F58284D5D3F53DD715CE1C3985E63FD7F1B7EBDD617E9F1E504B03041400060808003C560F5D5CB5351546070000541C0000340000006662782F37304141323737332D333038342D344445392D394134442D3244364433444230434435442F6F626A656374732E786D6CDD59596FDB3810FE2B82F665F741A78F58
310
85E3C2B193C228D21635BAD837819669871BEA002525CEFEFA1D52A42C2AB2ADF40016DB02894291C3996FEED1F4FD21A6C613663949936BD3B35DD3C049946E49B2BF36CB62674D4CE3FDCC98B2342D1AFB4C234131BE36F9B2399BEE595A6672698B77A8A4EDD5BB9BBF8C3CC209368D88A23CBF36F3E801C7C84665916E
310
71FE686F5181ECFDEE607B76B55127BB67287B685D95218693025885F504A8480E3CFD4F10C9994D1DBE41DB36E8B7CD3FB3CD1182EB8C92242F5012BDE2AA759D7F82ABD675036FB8BCF54781351A0E07D670EC7BD6CDDDCDD2F2AE06EE62BC5804F3DBC03466D34D9AD25A01194EB6A0C51773E64D1DFEA6165FA2D0C577
310
9426098E249A5D1BB658D225386F63A201EB09D11A0AA9646D2C0C7A0A7F625B2F50349634B49570EA77D37AD3CDDF0042DEC74A598EB995E705035D4BEC2B7F70A74EB5AAE985E4468C0ACC08A206251B86182808B6560AD2C8706FE1A40C8E99D0A2A2D7E4150CFBB22F7571B92B29E5FE6BCE84A785E08FB8C80567E41F
310
CC8EDC376F039E40DA9224C5440A5BBC644022983A62B17A37F0E5CB0A486347D11EAC05C4E49B067E0BAF058F05ABA539FB78B739AC797CE8BE3C63698659C12D4F38B3F43BA5C1866981F1F500A5C255D7DD1195AF00FD2740BEE6C59882E618390C0F43253B4349BE4B590CDA315CC372E1876BF0C7574F53A73E3C330C
310
2D569EC214DCF62761AA89A1DDDD8074367D02A34FD9400AB78E10059BBE2709F773301483A6B004F17EB73998B31504535884538882F4F07FEAF047037E557420DEB434D4157E7B284A394CDBCF8EBAFA0036C34854AB4A93F114BEA39F82EF7CB9FEB82ED90E45F85E3AF612EF48420A48A6DD0C69A06B2EFF6DF54978E4
310
079A6E103D9ED6364570CD3EE571A3432D6BA91643E80538E169B8D28C58B927E0ED94A204A7652ED7BBE25494D294859B97B072E1CEBBFE5436505D260DA0339641728F18C93826E64C6AAB0E84764350B030C4A405EE2BAD869B32CE4214A765C243ED6B536CF30171865B225015D494612BAF5564B764B72B73085E9D24
310
171A90D29F15E1CAC28710C7BAF86578C71024D1340909E4607096CE1BB40B6AF0CEF39C63BA0B09A5651CEE08853C12C6283B41BFA704CDCCF5885F9E53B6ED24A85B96F24965431C7009AC024965AB2AE64B9D32FC44789929F299CA06DA0E59879AB3E18974C1334507A0CA1885998F26A3C9CD647E67054130B28637E3
310
B91578FEDC723D6F34BE1D0F6FEF06576D3E55B46AE63B50252F7334FF2B1ECA78932042E105171B6DB377EF45F6BC7620343A57EE7CEE5F5D0DAC813B195A50B90556301F2E2D7F395E0E9637EE62395A3A0CE769C9229C3BBEE386CA24B3647F8A2BC5DDEB180A65CDE564A7F4D516E67F1C43DB394153E27F3588D6B1AB
310
A320EC1B44F9D1760845D1234F516104555FA7FBB482689B8FAE38F7C6B8ECDA0357FCF3BCC077037F128C463DC39EB8E987235D970C11749E6511A6198A48D19D525BC8F464F94DD9C51E78A30A1BF5D3F70DC0ABF76ACDD4F9CC24990A498CF638DC21DE577484D24B127766BD3D4DF39C2438177DE1AB7AB145D3B5A1FC
310
D2B37487D9923C8C7181BEC76245A3D1F20288E634840EB6E033848B7544ED02B267394591F7CB90EA85FC2F618EE28C56BDF1250C3C5F41A0BAA22E0BE54CF32B9EC03E435484EE168B51C725EA35FBAAA2E8D45A9B7AF0DDE44FC0A32AA15F088FBAA27FB1658F3C280C82600261683CF206E3AB5A1597D0529715BCF7A3
310
2574ABD14BF88CC9FEA15771DA4F2B8D32AF2AC40B1C43EB8B8A92F5F2D8314413655B4A2019195A2ED1B8E98D05A5E8F954D7079789A6EF5449DCB8066A5792C06CAC9720AFA4E83462A10B3107E4E3AE3778B6C2E622D51F8E98BFBCCA6EBA5F2C06469771800ABB0AC132FE68757867A5AED550F9332A2208A56BF1DBBA
310
018FD8E2EDB199D3C87595F5AAA6BD5471AF78488D61CA8B78A4BDE70FF42B025543C79D3B1FAA42CFA9D6573CB5D930D03EF2A131ADD3FAFC61DDA2022BBD4F7FE118E1E71605B9BAE01DF41952DF56C739418B8294E8DBEACCF1FF4417A214D818BDC104394F2981413EDE1A7B9C42FE8651458F0E85C5381779198C5706
310
29F515A1C7E9A76A0E5BA00D55A7A30704C36C2AFBB73282412AE4CC6B53AE1BBFC1E8944F2FC540CB7E84D64DC630D32819B936C1620B021D9ABD81119818380AEAAD112738364AF63CE357A7EABF8FC7383A10958E72D57BFAE02225D39C094AE14C7C5B80BAAF7A319B7EBFE88A1D0315F0B8298B5A98E3C2511A0982FA
310
8850090793C24709EF014A8AF37279B6D8A341D26B9A7FD60E2AAA5681D85E8CE41B78CF975F1C3E4D5F7D36325AEEB93ACF75CC1A258B77EAB4AC265753300C2966867815B978E77C61297C968A8D3B024660FC7E988CFF7016691CA749B5E4CCE5C72D63FD009FAAB68E1A1342EBEFFA9E232607F25340B84139B6D1367F
310
8405502D237C9E5A41AC19401D4D1B06A034C27501C7B4FDABA521ABA3C654A51976393CE23B80018EC4BFFF70B7696E680C2DC117802BF1F2F8A016A60E83C1F9EC5F504B03041400060808003C560F5DAD275DA4E2000000550100003C0000006662782F37304141323737332D333038342D344445392D394134442D3244
310
364433444230434435442F7265736F75726365732F322F636E782E786D6C4D90CD4E042110845F6542E2718099B8BA6E18F6253C79D920F42259A027FC187D7B61C5C45377AABE74AA4B9CBF829F3E21658771230BE56482A8D1B8683752CB753E92E92C45422CFF3032451560235D2652D884751F9281ABAABEABDEC5DB10
310
F9C54284E4F4658F964CDAAB9C3792F5070445552D6820DFA85145D18526C858938676A2B800E3844EA00A182257BE3ECDFC382F87D7859F1E5F4E87E737C13A29C53BA21FBC8B0512EE0F2BD7D8D6D81271C13A20454D6E50FD8D66FCC5A32D9E60CD962297D43A1858F9DE1BE682B2C0EEC8AF2B05EB4FB6716FA0CD5E88
310
FC01504B03041400060808003C560F5DFF15A4A45D000000800000003A0000006662782F37304141323737332D333038342D344445392D394134442D3244364433444230434435442F7265736F75726365732F636E782E786D6C4D8B3B0E80201005AF42B6F75B59F0390B113044D83508C6E30BC6C26AF226F3B8BA636097
310
4DA7271430F523308B2B198F9B80925DB700539227A2FCCB80A18E5640D320F996A81C9F32D6E9129A0D1EF74FCE750E6D57BC7165FBCA07504B03041400060808003C560F5D8492B8D84301000056050000300000006662782F37304141323737332D333038342D344445392D394134442D3244364433444230434435442F
310
636E782E786D6CCD94C14E032110865F6543E27161B7B15A1B96261E7C020FC61BCB4E572C0B1B188C7D7BA16EADC6347A68D2DEC8F091FCFFCCCFF0D5FB608A37F0413BDB909A56A400AB5CA76DDF9088EB72418A95E0DE39FC8691C2CA011A92CB44F0DEBB384EA50ED6329A5C35DA6EA6A244F4BA8D088114CAC8101A12
310
D40B0C92CA88AE83B0A19D44496BEA21B8E815A4F7A80798DE2B0F12A1236256CD6ECA6A51D6F3C7BA5A5EDF2DE7B7CF9C6552F0D63933F1DA2278375ECD2AE5D2D12639156719103C7A3D51D90311076DB4D596B3742F78487A6D3F71B81D33378E462B89A951CC29042C130472E0EC13169C65C73F7C3FDC3F1D34A453A7
310
3D28747E7BB636D4C7DAF0258DA644FCAF0B3BF02FF3AE7D4D96CF37F7A386276127B3BB4F6E48D1FD9D849427697B73891FE04BDAE9F39F160B6A7589A6F7CA4EE499ED56601A7CDE88E203504B03041400060808003C560F5D71F5C0B77E000000A30000000B0000006662782F636E782E786D6C4D8CD10E822018465F85
310
FDF71409856E88A3FE1EC4253AA64223693D7ED0BCE8EADBCEBE7354F75917F2B6F1E5826FE1746040AC7F84C1F9A985B48DB406D2691543D8FE6E407CBFDA160A06ADA618D27347831DFBB414BA383FEF5032632A2939E5AC1654E0BDA18D11482BBC20C72BBBE119B3712C4A9E5F2F6FC9EB2F504B03041400060808003C
310
560F5DA6D797065F0000008200000007000000636E782E786D6C4DCB3B0E80201045D1AD90E9FD7516806B51190811670C8A61F982B1B0BAC9C97B72CA7B1037C6D3332918DA1E04D2CAC69353902EDB8C20262D23F3F59B81A079470595414B17391D1F19B4730A5583A7ED43BBE4025D9592775E5ADFFA01504B03041400
310
060808003C560F5DECFD112DA800000026010000130000005B436F6E74656E745F54797065735D2E786D6C7D4F4B0EC22010BD0A61DF525D18634ABB506FE00510A79458060253536F2FD89D5197F3FED3F68B9BD80362B21E25DFD40D6780DADF2C1AC9671AAA3D677DD75E9E0112CB5A4C928F44E12044D22338956A1F00
310
3333F8E814E5331A1194BE2B0362DB343BA13D122055543278D79E6050F344ECBC6478EDCD76CE8EABAE5449AE4298AC56946789C28AAFBEABC53F3EAF09A84A1441B91F0101CD4780756578C173A578FFDDBD00504B03041400060808003C560F5D3DEE336E64000000790000001B0000006175746F6465736B2D64657369
310
676E2D7061636B6167652E786D6C35CBC10E83200C00D05F21DCA56CA76D41FC96062B120735B69A7DBE268BB7777961F8D5AF396893C2ADB70FE7ADA196782C2DF776D7A97B5933C430F15651E5469C55D70F80A4992A3ADC954792C525AE70A1E4D6AD9816CC044FEFDF01FE3FDE907802504B03041400060808003C560F
310
5DDC1034FFF40000008E0100003D0000006662782F37304141323737332D333038342D344445392D394134442D3244364433444230434435442F7265736F75726365732F322F636F72652E786D6C8550CB6EC32010FC156BEFD8801F71224C94AACE17F4D41BC2C44589C1E251F5F30BB12BB5A79E76353B33BB3BECFCB53C
310
8A4FE5BCB66600526228949176D2661E20861BEAA13873E6AC0DBF685018B1A801320C9CCDCEC67587A43541998C1A3BA91D14DEAB00857CA466002F3FD4224A114362F87BB90A7917B32A49B9F1388B514FBB544FC94DDFB472C08F87EEDA744D83283EBCA2E6F282515F772322F578EDDBCB8829A5ACCA62CE825E7EB64B
310
A7445013708A6987708F48FB46F0A9399EDAC33BAB3293331F5CFA795F9ABF4B74566DE81FB7B84EFFBB456D424D77B74DE1819374DC73C05995D349E5195DAA3949FE0D504B03041400060808003C560F5DB2A2A4B5FA000000960100003B0000006662782F37304141323737332D333038342D344445392D394134442D32
310
44364433444230434435442F7265736F75726365732F636F72652E786D6C8550CB6EC32010FC156BEFD8801DC7893051AA265FD0536F086F5C9418221E553FBF90B8527BEA6957B333B3BB230E5FCBADFA441F8CB323B09A428556BBC9D87984142F6480EA2085772EFEA24165D582231418A498BD4BF715D2CE46B405B56E
310
C215542160844ADF723342D01FB8A85AA59819E15ADF95BEAA196B563F7952A464A6556AA6EC662E063DC8DDB63F777DD7114EB7AFA43BBE5032B4FD89B0F6741E36C713E59C8BA688A58866F9D9AE3DAA8813484E794FE840D8E68DD17DB7DB6FB6EFA2294C2942F4F9E77569F90EA4C7E092D71844F39CFE714DF7E97FD7
310
646C6CF9EAFA5404902C1FF91848D19494727944986B49547E03504B03041400060808003C560F5D84E21055F2000000B1010000310000006662782F37304141323737332D333038342D344445392D394134442D3244364433444230434435442F636F72652E786D6C8D50CB6EC32010FC156BEFD8F815DB1126724BFFA0A7
310
DE10262E4A0C168FAA9F5F885DA9BDE5B4687686991D72F95EEFD997B44E193D429963C8A41666567A1921F82BEA21BB50628DF17F689069BECA11120C942CD684ED8084D15EEA846A33CB03E4CE490F99B8C7C7084E7CCA95E73CF8C870B77CE3E2C6179997F9CEA3C4ABF5572AACE45ECE402B5C9D10EE51D9BE97F8DC0C
310
E7B6FB2045625212829A0F2B3547777555D202EDF034555D57A31AF70D6AD8DB8086A961A8622756B317FCCA5A468A24A6C4791B6F3E3E49D73D2BDF85FF32876D7E22B3D2BEAE0EC35DE1809631CF634149910A8CE3D16E9CA96CFA03504B03041400060808003C560F5DB773D01854010000DD0200000C0000006662782F
310
636F72652E786D6C8D52DB8E832014FC15C33B8AD4DA4B90A69B6DBF609FF68D227549150C82E9E72F7889EBC376372648E69C33736602393D9B3AEA85E9A4560548630422A1B82EA5AA0AE0EC1DEE4174A2C4686D7FB48148B1461420C08092CA68D74E10D7CA0A1550A54B3181ACEB840511AFFDA5001DFF120D8B99B3BE
310
A37BC42DE30F5689388DC73E4A9C93E5342A4BCF26EF5218400FBBFC9AE5590631DABDC3ECFC86E07E935F60BAB95CF7DBF305618C49128629B1B299D5B911CC8A12508C700ED11EA6DB8F141DB3C371BBFB2449E8A4A4B3C67B9E44833B40EFB72749467CC5E7DAF26F3E2795DDE0896F9CE8004DFD7A43819224E4E37F43
310
78EB0CBDB0CFCFB25B3D5B7878A817DC6A93F94AA9DD52EA59ED84A746D1F09164AC7AE681E0371EFC82E735870F8AA9CAAFC6ACBFDE9C0DEAEB9D5A61606F9F91D2A661F5B2DCB8E2722E422B4BF338D7B536FF999EADCE6126E161D26F504B03041400060808003C560F5D99596FB007010000B201000008000000636F72
310
652E786D6C8D50CB6EC32010FC15B4776C8C9F893051AA3A5FD0536FD41007C506CBE0A8FDFB42EC4AEDADA74533B33BC3B0D3E734A2875A9CB6A6852C218094E9ADD4666861F557DC003A71B658EB7FC9001931A916220C9C0D8B5DE71DEAADF1CA44D458A9765038A73CA07E0C8F165C7F539348C4EA83C2DD9359F47731
310
A8244B361D675E4F3FABFDA28457123825B4C2A4C159F9969163713896F53B4BA392B375D572B7D232B8EBAB560BF0435D5D8AAA283025F52B2ECE2F043779D5E12CEF2E4D79EE08A594A5719933E797F0E7FD48C8E991138FE8CBD28DE2ECC3DA711784501259337E01272C8DC49FD0EB2CFF115A1B9FD3FDE0B6E1806721
310
D09308C6B1C1309EF58619DBE6DF504B010214001400060808003C560F5D0000000000000000000000003700000000000000000000000000000000006662782F37304141323737332D333038342D344445392D394134442D3244364433444230434435442F617474726962757465732E62696E504B01021400140006080800
310
3C560F5D0000000000000000000000003500000000000000000000000000550000006662782F37304141323737332D333038342D344445392D394134442D3244364433444230434435442F76657274696365732E62696E504B010214001400060808003C560F5DF270F1330600000004000000360000000000000000000000
310
0000A80000006662782F37304141323737332D333038342D344445392D394134442D3244364433444230434435442F747269616E676C65732E62696E504B010214001400060808003C560F5DB5A795FFE3790000DE7900004200000000000000000000000000020100006662782F37304141323737332D333038342D344445
310
392D394134442D3244364433444230434435442F7265736F75726365732F322F305F67656E657269632E706E67504B010214001400060808003C560F5D51464CB489000000430100003600000000000000000000000000457B00006662782F37304141323737332D333038342D344445392D394134442D3244364433444230
310
434435442F6469726563746F72792E786D6C504B010214001400060808003C560F5D5CB5351546070000541C00003400000000000000000000000000227C00006662782F37304141323737332D333038342D344445392D394134442D3244364433444230434435442F6F626A656374732E786D6C504B010214001400060808
310
003C560F5DAD275DA4E2000000550100003C00000000000000000000000000BA8300006662782F37304141323737332D333038342D344445392D394134442D3244364433444230434435442F7265736F75726365732F322F636E782E786D6C504B010214001400060808003C560F5DFF15A4A45D000000800000003A000000
310
00000000000000000000F68400006662782F37304141323737332D333038342D344445392D394134442D3244364433444230434435442F7265736F75726365732F636E782E786D6C504B010214001400060808003C560F5D8492B8D843010000560500003000000000000000000000000000AB8500006662782F3730414132
310
3737332D333038342D344445392D394134442D3244364433444230434435442F636E782E786D6C504B010214001400060808003C560F5D71F5C0B77E000000A30000000B000000000000000000000000003C8700006662782F636E782E786D6C504B010214001400060808003C560F5DA6D797065F00000082000000070000
310
0000000000000000000000E3870000636E782E786D6C504B010214001400060808003C560F5DECFD112DA8000000260100001300000000000000000000000000678800005B436F6E74656E745F54797065735D2E786D6C504B010214001400060808003C560F5D3DEE336E64000000790000001B0000000000000000000000
310
0000408900006175746F6465736B2D64657369676E2D7061636B6167652E786D6C504B010214001400060808003C560F5DDC1034FFF40000008E0100003D00000000000000000000000000DD8900006662782F37304141323737332D333038342D344445392D394134442D3244364433444230434435442F7265736F757263
310
65732F322F636F72652E786D6C504B010214001400060808003C560F5DB2A2A4B5FA000000960100003B000000000000000000000000002C8B00006662782F37304141323737332D333038342D344445392D394134442D3244364433444230434435442F7265736F75726365732F636F72652E786D6C504B01021400140006
310
0808003C560F5D84E21055F2000000B101000031000000000000000000000000007F8C00006662782F37304141323737332D333038342D344445392D394134442D3244364433444230434435442F636F72652E786D6C504B010214001400060808003C560F5DB773D01854010000DD0200000C000000000000000000000000
310
00C08D00006662782F636F72652E786D6C504B010214001400060808003C560F5D99596FB007010000B201000008000000000000000000000000003E8F0000636F72652E786D6C504B050600000000120012002D0600006B9000000000
  0
XRECORD
  5
10
102
{ACAD_REACTORS
330
C
102
}
330
C
100
AcDbXrecord
280
     1
270
     1
271
     1
  0
XRECORD
  5
11
102
{ACAD_REACTORS
330
C
102
}
330
C
100
AcDbXrecord
280
     1
270
     1
271
     1
  0
XRECORD
  5
12
102
{ACAD_REACTORS
330
C
102
}
330
C
100
AcDbXrecord
280
     1
270
     1
271
     1
  0
XRECORD
  5
13
102
{ACAD_REACTORS
330
C
102
}
330
C
100
AcDbXrecord
280
     1
270
     1
271
     1
  0
CELLSTYLEMAP
  5
495
102
{ACAD_REACTORS
330
442
102
}
330
442
100
AcDbCellStyleMap
 90
        3
300
CELLSTYLE
  1
TABLEFORMAT_BEGIN
 90
        5
170
     1
 91
        0
 92
    32768
 62
   257
 93
        1
300
CONTENTFORMAT
  1
CONTENTFORMAT_BEGIN
 90
        0
 91
        0
 92
      512
 93
        0
300

 40
0.0
140
1.0
 94
        5
 62
     0
340
260
144
6.0
309
CONTENTFORMAT_END
171
     1
301
MARGIN
  1
CELLMARGIN_BEGIN
 40
1.5
 40
1.5
 40
1.5
 40
1.5
 40
4.5
 40
4.5
309
CELLMARGIN_END
 94
        6
 95
        1
302
GRIDFORMAT
  1
GRIDFORMAT_BEGIN
 90
        0
 91
        1
 62
     0
 92
       -2
340
0
 93
        0
 40
1.13
309
GRIDFORMAT_END
 95
        2
302
GRIDFORMAT
  1
GRIDFORMAT_BEGIN
 90
        0
 91
        1
 62
     0
 92
       -2
340
0
 93
        0
 40
1.13
309
GRIDFORMAT_END
 95
        4
302
GRIDFORMAT
  1
GRIDFORMAT_BEGIN
 90
        0
 91
        1
 62
     0
 92
       -2
340
0
 93
        0
 40
1.13
309
GRIDFORMAT_END
 95
        8
302
GRIDFORMAT
  1
GRIDFORMAT_BEGIN
 90
        0
 91
        1
 62
     0
 92
       -2
340
0
 93
        0
 40
1.13
309
GRIDFORMAT_END
 95
       16
302
GRIDFORMAT
  1
GRIDFORMAT_BEGIN
 90
        0
 91
        1
 62
     0
 92
       -2
340
0
 93
        0
 40
1.13
309
GRIDFORMAT_END
 95
       32
302
GRIDFORMAT
  1
GRIDFORMAT_BEGIN
 90
        0
 91
        1
 62
     0
 92
       -2
340
0
 93
        0
 40
1.13
309
GRIDFORMAT_END
309
TABLEFORMAT_END
  1
CELLSTYLE_BEGIN
 90
        1
 91
        1
300
_TITLE
309
CELLSTYLE_END
300
CELLSTYLE
  1
TABLEFORMAT_BEGIN
 90
        5
170
     1
 91
        0
 92
        0
 62
   257
 93
        1
300
CONTENTFORMAT
  1
CONTENTFORMAT_BEGIN
 90
        0
 91
        0
 92
      512
 93
        0
300

 40
0.0
140
1.0
 94
        5
 62
     0
340
260
144
4.5
309
CONTENTFORMAT_END
171
     1
301
MARGIN
  1
CELLMARGIN_BEGIN
 40
1.5
 40
1.5
 40
1.5
 40
1.5
 40
4.5
 40
4.5
309
CELLMARGIN_END
 94
        6
 95
        1
302
GRIDFORMAT
  1
GRIDFORMAT_BEGIN
 90
        0
 91
        1
 62
     0
 92
       -2
340
0
 93
        0
 40
1.13
309
GRIDFORMAT_END
 95
        2
302
GRIDFORMAT
  1
GRIDFORMAT_BEGIN
 90
        0
 91
        1
 62
     0
 92
       -2
340
0
 93
        0
 40
1.13
309
GRIDFORMAT_END
 95
        4
302
GRIDFORMAT
  1
GRIDFORMAT_BEGIN
 90
        0
 91
        1
 62
     0
 92
       -2
340
0
 93
        0
 40
1.13
309
GRIDFORMAT_END
 95
        8
302
GRIDFORMAT
  1
GRIDFORMAT_BEGIN
 90
        0
 91
        1
 62
     0
 92
       -2
340
0
 93
        0
 40
1.13
309
GRIDFORMAT_END
 95
       16
302
GRIDFORMAT
  1
GRIDFORMAT_BEGIN
 90
        0
 91
        1
 62
     0
 92
       -2
340
0
 93
        0
 40
1.13
309
GRIDFORMAT_END
 95
       32
302
GRIDFORMAT
  1
GRIDFORMAT_BEGIN
 90
        0
 91
        1
 62
     0
 92
       -2
340
0
 93
        0
 40
1.13
309
GRIDFORMAT_END
309
TABLEFORMAT_END
  1
CELLSTYLE_BEGIN
 90
        2
 91
        1
300
_HEADER
309
CELLSTYLE_END
300
CELLSTYLE
  1
TABLEFORMAT_BEGIN
 90
        5
170
     1
 91
        0
 92
        0
 62
   257
 93
        1
300
CONTENTFORMAT
  1
CONTENTFORMAT_BEGIN
 90
        0
 91
        0
 92
      512
 93
        0
300

 40
0.0
140
1.0
 94
        2
 62
     0
340
260
144
4.5
309
CONTENTFORMAT_END
171
     1
301
MARGIN
  1
CELLMARGIN_BEGIN
 40
1.5
 40
1.5
 40
1.5
 40
1.5
 40
4.5
 40
4.5
309
CELLMARGIN_END
 94
        6
 95
        1
302
GRIDFORMAT
  1
GRIDFORMAT_BEGIN
 90
        0
 91
        1
 62
     0
 92
       -2
340
0
 93
        0
 40
1.13
309
GRIDFORMAT_END
 95
        2
302
GRIDFORMAT
  1
GRIDFORMAT_BEGIN
 90
        0
 91
        1
 62
     0
 92
       -2
340
0
 93
        0
 40
1.13
309
GRIDFORMAT_END
 95
        4
302
GRIDFORMAT
  1
GRIDFORMAT_BEGIN
 90
        0
 91
        1
 62
     0
 92
       -2
340
0
 93
        0
 40
1.13
309
GRIDFORMAT_END
 95
        8
302
GRIDFORMAT
  1
GRIDFORMAT_BEGIN
 90
        0
 91
        1
 62
     0
 92
       -2
340
0
 93
        0
 40
1.13
309
GRIDFORMAT_END
 95
       16
302
GRIDFORMAT
  1
GRIDFORMAT_BEGIN
 90
        0
 91
        1
 62
     0
 92
       -2
340
0
 93
        0
 40
1.13
309
GRIDFORMAT_END
 95
       32
302
GRIDFORMAT
  1
GRIDFORMAT_BEGIN
 90
        0
 91
        1
 62
     0
 92
       -2
340
0
 93
        0
 40
1.13
309
GRIDFORMAT_END
309
TABLEFORMAT_END
  1
CELLSTYLE_BEGIN
 90
        3
 91
        2
300
_DATA
309
CELLSTYLE_END
  0
ENDSEC
  0
SECTION
  2
ACDSDATA
 70
     2
 71
     8
  0
ACDSSCHEMA
 90
        0
  1
AcDb_Thumbnail_Schema
  2
AcDbDs::ID
280
    10
 91
        8
  2
Thumbnail_Data
280
    15
 91
        0
101
ACDSRECORD
 95
        0
 90
        1
  2
AcDbDs::TreatedAsObjectData
280
     1
291
     1
101
ACDSRECORD
 95
        0
 90
        2
  2
AcDbDs::Legacy
280
     1
291
     1
101
ACDSRECORD
  1
AcDbDs::ID
 90
        3
  2
AcDs:Indexable
280
     1
291
     1
101
ACDSRECORD
  1
AcDbDs::ID
 90
        4
  2
AcDbDs::HandleAttribute
280
     7
282
     1
  0
ACDSSCHEMA
 90
        1
  1
AcDbDs::TreatedAsObjectDataSchema
  2
AcDbDs::TreatedAsObjectData
280
     1
 91
        0
  0
ACDSSCHEMA
 90
        2
  1
AcDbDs::LegacySchema
  2
AcDbDs::Legacy
280
     1
 91
        0
  0
ACDSSCHEMA
 90
        3
  1
AcDbDs::IndexedPropertySchema
  2
AcDs:Indexable
280
     1
 91
        0
  0
ACDSSCHEMA
 90
        4
  1
AcDbDs::HandleAttributeSchema
  2
AcDbDs::HandleAttribute
280
     7
 91
        1
284
     1
  0
ACDSRECORD
 90
        0
  2
AcDbDs::ID
280
    10
320
24E
  2
Thumbnail_Data
280
    15
 94
     2595
310
89504E470D0A1A0A0000000D49484452000001710000010008030000007227B6F200000300504C5445000000FFFFFF0000000000000000000000000000000000000000000000000000000000330000660000990000CC0000FF0033000033330033660033990033CC0033FF0066000066330066660066990066CC0066FF0099
310
000099330099660099990099CC0099FF00CC0000CC3300CC6600CC9900CCCC00CCFF00FF0000FF3300FF6600FF9900FFCC00FFFF3300003300333300663300993300CC3300FF3333003333333333663333993333CC3333FF3366003366333366663366993366CC3366FF3399003399333399663399993399CC3399FF33CC00
310
33CC3333CC6633CC9933CCCC33CCFF33FF0033FF3333FF6633FF9933FFCC33FFFF6600006600336600666600996600CC6600FF6633006633336633666633996633CC6633FF6666006666336666666666996666CC6666FF6699006699336699666699996699CC6699FF66CC0066CC3366CC6666CC9966CCCC66CCFF66FF0066
310
FF3366FF6666FF9966FFCC66FFFF9900009900339900669900999900CC9900FF9933009933339933669933999933CC9933FF9966009966339966669966999966CC9966FF9999009999339999669999999999CC9999FF99CC0099CC3399CC6699CC9999CCCC99CCFF99FF0099FF3399FF6699FF9999FFCC99FFFFCC0000CC00
310
33CC0066CC0099CC00CCCC00FFCC3300CC3333CC3366CC3399CC33CCCC33FFCC6600CC6633CC6666CC6699CC66CCCC66FFCC9900CC9933CC9966CC9999CC99CCCC99FFCCCC00CCCC33CCCC66CCCC99CCCCCCCCCCFFCCFF00CCFF33CCFF66CCFF99CCFFCCCCFFFFFF0000FF0033FF0066FF0099FF00CCFF00FFFF3300FF3333
310
FF3366FF3399FF33CCFF33FFFF6600FF6633FF6666FF6699FF66CCFF66FFFF9900FF9933FF9966FF9999FF99CCFF99FFFFCC00FFCC33FFCC66FFCC99FFCCCCFFCCFFFFFF00FFFF33FFFF66FFFF99FFFFCCFFFFFF0000000D0D0D1A1A1A2828283535354343435050505D5D5D6B6B6B787878868686939393A1A1A1AEAEAEBB
310
BBBBC9C9C9D6D6D6E4E4E4F1F1F1FFFFFF0000000000000000000000000000000000000000000000000000000000003AE5ACE9000006DE4944415478DAED9DCB76AB201440F91C27FCFFCC497FC8C99937F1890888084665EFAED5DB2BB44D764E0E0F812A0500000000000000000000000000000000000000703D4DB1D283
310
F59A4A848B48A152D3A59C7D206F8A7091A648E9C17A8DC4FDB01728BF20C6A3EAD512E37B4E1B097F73ECCB1AF34868396939318EF1664A4C124E4E18C7F84F8D9FE6D3ADFB76ED4E438C93C731FE46E376463E52BAE4F43D99CE5A751A97A053C1789E963318C5074A03C61B8CE7ECABE48296939613E318C738C6318E71
310
8C631CE318C738C6318E718C631CE318C738C631FE5EDA62A507EBB518C738C6318EF194C6E851C6EFDEBA466D3BE8C2FC5D489E27F4D308DF5980D97EE9DA203BC539F9EB3F07D794AA9BEF159A43A209BC23B59EE3D911EFBA50343BAEB57F8144D23C22C617C961E3737EF97CF84BC5B151A79D8ADC2FF7BCF4CA4ED11F
310
E39BFA31C69F334ABADEB8118C9F2FB319572F313E47632EE383EF7971E12617CCC6A552E3CA36BEACC34C322E46CAEDFF6DC5695CCCFD2C189764E36245B5486B55A9DEF8F8BC33C5B86CB38858DF5CB7F14FA770146E1A57C9C6DDF5D657A73C3EBCCED2FF1E5D9DF125ABC8FC0A24187755FBD65B5DDFF455B4AAD278B7
310
322E171AD7AA32E3567FDC4CAF478D3B85F7F5CC12CBB856951B3FD31FC7F8C5634EB7F0A19E5166CDABBCD2B8FF849EB0F1E51D90D5B86396D6DD3B9C1E36C6CF197755721A178C878D7B848FF596528C9731BE8CA3307E95F169048FF1B5F16E503BDC031ABFF61B17038C27F5C7FBEEB0D24BD7F8F3A9F3F70E2F35FED2
310
11D06079BCAF397E9D663C7B5FE5D5C6CD18DF31AEB21937A6716B33AEA7B914BD673C677FDC3CF5A332E37A39D04D9F311E39AF52BD71F3C65B7F7300E317CC648979AF2DDD78DCFC78DD2DE7E0740C3659E21EE3171837625C8FD7CBDCE7C4B87D12EAD87F51A5EEE563DCDF472FB35EE5BDC69B73C6952EB4262BD9F8DD
310
C537D3D3BED8F8EEBAC354E3B75FB1FF4D9FFB2BF69DE8BEEC3BD932ADA797CF8707478188EBCBC037B47F2F59B1BF1FE39EDD2873594A8CAF66BCD476FDF8A118371EBCDCFE8F4DC4EC91E8BAD0B574E38E7ADB57C3E01D7B24E246F9661FE322E355F70E0DA77316F218F782F142C64BC5B8FEE2DB5DF8E61190CBB81E28
310
9C55B4AB520D634EC7DC613B0BC1786EE3D3CDB45CC665DE791191C7759DC6C5635C17EA8FAFD6A9D76B7C9B55B4D5721AA2F21957DA35DB50D3DCA1D1722A9F7189332E51C6DF14E3D3BAA67CC6558CF1FD96333AC63F359E67DCBF0A2E3CCA7764151517E3C746409E3C3E3CECA7FD79DAB3C6135BCE43C6BD7D953A8DFF
310
B03FFED218EF56D2BBD5058C1730BE8CE5E711BDBA7694EF9F5779B071A52474869037C657C68BE2993B7CA2F184FEB82BA34B44ECC6C6B88BBA574F388DCB4F62BC62E38A18C778E5C605E3598C1B3DC680C9BD9B9D18CF6E5C613C97F165CC89F15CC6F733B55611C6C9E3ABC779CAB8BE515FE501A761CB49E33A9874AE
310
36FE92D3B04F9C77DDAFC2359956E6FAAF75BE2A7F5DC4DADABB4FB034A5633CC9B8F25469DD0FE4516B6B25756D6D6C1E0FDFCD705F739D29D25FF7197F505629DF57B9DA38FD718C63FCEDA3FCC9A4187B38BB6E3BD582719F713998E5317EDAF866CB43AC71C178B27195605C398C2BDBB8A8F154F96EFD0A13E396F130
310
86B7D56AFF616ECBDC01B09C718E71D3B87D6841B4716B25B48CAB2D301E342EEB685DCF41F97B7DF64921DB77CBFA1CFFDA8D772B01F60DB418E307AEAD8C0FBF6D4A3DAF332E71C6ED3CDE7A7A8272D4B823C6AD6CE434FEC6535463EFD677DB3F7990605C398C07B28A60DCB75F28C6B8B28C47F4C7311E8EF1BE11EEAF
310
E95CF32A751B9F17352FAD9DD7B8B67E874E33FEF2F3C7F78DEB508C8F335E638CAF7EECF8BD55195767666B9718D7CAD1F71E7F8E9D55B415E39A799504E34AFB3292DEE6716D65158DF104E36BE5C65E0A57CBA9AD3CAE319E62DC7392D9F0A356FF35EB1AA7CA6FF67A61DC1DC5D98C0FD631BE6B3CFC0E0863D7C3F8E5
310
C61DB74E315ED2B8DA0E4BEB9CADBDD4F8662600E3A58DDB7D7B8C63FC75C6ADD1D42B8CCB4D8D778EA55E51C6EFBEB4B69926DE12CE662E8BEBB7868C37CDEA09DD379784B74884CE1FFF09CFDF23117388EF4E6638537AB05E1BF5849ED062BEC8F8E3BA2CCF37AE308E718C3F647454A4F460BD06E318C738C6318E718C
310
631CE318C738C6318E718C631CE318C7F87D8DDBFB398F94CE35644FA6B3569DC625E854304E8C3FD2F86DA0E5A4E5BCABF1FDBF6E8DF112C605E318A7E5A4E5A4E5C438C6318E718C63FC30C16E9D9C2835654ACCE3905A849737DE08C68DB772686B4D78E34DECB69CA87A9FB78134C478AE1857C4382D27000000000000
310
0000000000000000000000000000000000000000000000000000000000000000DC9E7F3E80D9F5A90EAAA60000000049454E44AE426082
  0
ENDSEC
  0
EOF
