  0
SECTION
  2
HEADER
  9
$ACADVER
  1
AC1032
  9
$ACADMAINTVER
 90
      174
  9
$DWGCODEPAGE
  3
ANSI_936
  9
$LASTSAVEDBY
  1
10333
  9
$REQUIREDVERSIONS
160
                 0
  9
$INSBASE
 10
0.0
 20
0.0
 30
0.0
  9
$EXTMIN
 10
-5962.72
 20
5825.54
 30
0.0
  9
$EXTMAX
 10
21137.28
 20
30332.46
 30
0.0
  9
$LIMMIN
 10
0.0
 20
0.0
  9
$LIMMAX
 10
420.0
 20
297.0
  9
$ORTHOMODE
 70
     1
  9
$REGENMODE
 70
     1
  9
$FILLMODE
 70
     1
  9
$QTEXTMODE
 70
     0
  9
$MIRRTEXT
 70
     0
  9
$LTSCALE
 40
1.0
  9
$ATTMODE
 70
     1
  9
$TEXTSIZE
 40
2.5
  9
$TRACEWID
 40
1.0
  9
$TEXTSTYLE
  7
Standard
  9
$CLAYER
  8
0
  9
$CELTYPE
  6
ByLayer
  9
$CECOLOR
 62
   256
  9
$CELTSCALE
 40
1.0
  9
$DISPSILH
 70
     0
  9
$DIMSCALE
 40
1.0
  9
$DIMASZ
 40
2.5
  9
$DIMEXO
 40
0.63
  9
$DIMDLI
 40
3.75
  9
$DIMRND
 40
0.0
  9
$DIMDLE
 40
0.0
  9
$DIMEXE
 40
1.25
  9
$DIMTP
 40
0.0
  9
$DIMTM
 40
0.0
  9
$DIMTXT
 40
2.5
  9
$DIMCEN
 40
2.5
  9
$DIMTSZ
 40
0.0
  9
$DIMTOL
 70
     0
  9
$DIMLIM
 70
     0
  9
$DIMTIH
 70
     0
  9
$DIMTOH
 70
     0
  9
$DIMSE1
 70
     0
  9
$DIMSE2
 70
     0
  9
$DIMTAD
 70
     1
  9
$DIMZIN
 70
     8
  9
$DIMBLK
  1

  9
$DIMASO
 70
     1
  9
$DIMSHO
 70
     1
  9
$DIMPOST
  1

  9
$DIMAPOST
  1

  9
$DIMALT
 70
     0
  9
$DIMALTD
 70
     3
  9
$DIMALTF
 40
0.04
  9
$DIMLFAC
 40
1.0
  9
$DIMTOFL
 70
     1
  9
$DIMTVP
 40
0.0
  9
$DIMTIX
 70
     0
  9
$DIMSOXD
 70
     0
  9
$DIMSAH
 70
     0
  9
$DIMBLK1
  1

  9
$DIMBLK2
  1

  9
$DIMSTYLE
  2
ISO-25
  9
$DIMCLRD
 70
     0
  9
$DIMCLRE
 70
     0
  9
$DIMCLRT
 70
     0
  9
$DIMTFAC
 40
1.0
  9
$DIMGAP
 40
0.63
  9
$DIMJUST
 70
     0
  9
$DIMSD1
 70
     0
  9
$DIMSD2
 70
     0
  9
$DIMTOLJ
 70
     0
  9
$DIMTZIN
 70
     8
  9
$DIMALTZ
 70
     0
  9
$DIMALTTZ
 70
     0
  9
$DIMUPT
 70
     0
  9
$DIMDEC
 70
     2
  9
$DIMTDEC
 70
     2
  9
$DIMALTU
 70
     2
  9
$DIMALTTD
 70
     3
  9
$DIMTXSTY
  7
Standard
  9
$DIMAUNIT
 70
     0
  9
$DIMADEC
 70
     0
  9
$DIMALTRND
 40
0.0
  9
$DIMAZIN
 70
     0
  9
$DIMDSEP
 70
    46
  9
$DIMATFIT
 70
     3
  9
$DIMFRAC
 70
     0
  9
$DIMLDRBLK
  1

  9
$DIMLUNIT
 70
     2
  9
$DIMLWD
 70
    -2
  9
$DIMLWE
 70
    -2
  9
$DIMTMOVE
 70
     0
  9
$DIMFXL
 40
100.0
  9
$DIMFXLON
 70
     0
  9
$DIMJOGANG
 40
1.57
  9
$DIMTFILL
 70
     0
  9
$DIMTFILLCLR
 70
     0
  9
$DIMARCSYM
 70
     0
  9
$DIMLTYPE
  6

  9
$DIMLTEX1
  6

  9
$DIMLTEX2
  6

  9
$DIMTXTDIRECTION
 70
     0
  9
$LUNITS
 70
     2
  9
$LUPREC
 70
     4
  9
$SKETCHINC
 40
1.0
  9
$FILLETRAD
 40
0.0
  9
$AUNITS
 70
     0
  9
$AUPREC
 70
     0
  9
$MENU
  1
.
  9
$ELEVATION
 40
0.0
  9
$PELEVATION
 40
0.0
  9
$THICKNESS
 40
0.0
  9
$LIMCHECK
 70
     0
  9
$CHAMFERA
 40
0.0
  9
$CHAMFERB
 40
0.0
  9
$CHAMFERC
 40
0.0
  9
$CHAMFERD
 40
0.0
  9
$SKPOLY
 70
     0
  9
$TDCREATE
 40
2461268.466215277
  9
$TDUCREATE
 40
2461268.132881945
  9
$TDUPDATE
 40
2461268.565914352
  9
$TDUUPDATE
 40
2461268.232581019
  9
$TDINDWG
 40
0.0986574074
  9
$TDUSRTIMER
 40
0.0986574074
  9
$USRTIMER
 70
     1
  9
$ANGBASE
 50
0.0
  9
$ANGDIR
 70
     0
  9
$PDMODE
 70
     0
  9
$PDSIZE
 40
0.0
  9
$PLINEWID
 40
0.0
  9
$SPLFRAME
 70
     0
  9
$SPLINETYPE
 70
     6
  9
$SPLINESEGS
 70
     8
  9
$HANDSEED
  5
450
  9
$SURFTAB1
 70
     6
  9
$SURFTAB2
 70
     6
  9
$SURFTYPE
 70
     6
  9
$SURFU
 70
     6
  9
$SURFV
 70
     6
  9
$UCSBASE
  2

  9
$UCSNAME
  2

  9
$UCSORG
 10
0.0
 20
0.0
 30
0.0
  9
$UCSXDIR
 10
1.0
 20
0.0
 30
0.0
  9
$UCSYDIR
 10
0.0
 20
1.0
 30
0.0
  9
$UCSORTHOREF
  2

  9
$UCSORTHOVIEW
 70
     0
  9
$UCSORGTOP
 10
0.0
 20
0.0
 30
0.0
  9
$UCSORGBOTTOM
 10
0.0
 20
0.0
 30
0.0
  9
$UCSORGLEFT
 10
0.0
 20
0.0
 30
0.0
  9
$UCSORGRIGHT
 10
0.0
 20
0.0
 30
0.0
  9
$UCSORGFRONT
 10
0.0
 20
0.0
 30
0.0
  9
$UCSORGBACK
 10
0.0
 20
0.0
 30
0.0
  9
$PUCSBASE
  2

  9
$PUCSNAME
  2

  9
$PUCSORG
 10
0.0
 20
0.0
 30
0.0
  9
$PUCSXDIR
 10
1.0
 20
0.0
 30
0.0
  9
$PUCSYDIR
 10
0.0
 20
1.0
 30
0.0
  9
$PUCSORTHOREF
  2

  9
$PUCSORTHOVIEW
 70
     0
  9
$PUCSORGTOP
 10
0.0
 20
0.0
 30
0.0
  9
$PUCSORGBOTTOM
 10
0.0
 20
0.0
 30
0.0
  9
$PUCSORGLEFT
 10
0.0
 20
0.0
 30
0.0
  9
$PUCSORGRIGHT
 10
0.0
 20
0.0
 30
0.0
  9
$PUCSORGFRONT
 10
0.0
 20
0.0
 30
0.0
  9
$PUCSORGBACK
 10
0.0
 20
0.0
 30
0.0
  9
$USERI1
 70
     0
  9
$USERI2
 70
     0
  9
$USERI3
 70
     0
  9
$USERI4
 70
     0
  9
$USERI5
 70
     0
  9
$USERR1
 40
0.0
  9
$USERR2
 40
0.0
  9
$USERR3
 40
0.0
  9
$USERR4
 40
0.0
  9
$USERR5
 40
0.0
  9
$WORLDVIEW
 70
     1
  9
$SHADEDGE
 70
     3
  9
$SHADEDIF
 70
    70
  9
$TILEMODE
 70
     1
  9
$MAXACTVP
 70
    64
  9
$PINSBASE
 10
0.0
 20
0.0
 30
0.0
  9
$PLIMCHECK
 70
     0
  9
$PEXTMIN
 10
1.00E+20
 20
1.00E+20
 30
1.00E+20
  9
$PEXTMAX
 10
-1.00E+20
 20
-1.00E+20
 30
-1.00E+20
  9
$PLIMMIN
 10
0.0
 20
0.0
  9
$PLIMMAX
 10
420.0
 20
297.0
  9
$UNITMODE
 70
     0
  9
$VISRETAIN
 70
     1
  9
$PLINEGEN
 70
     0
  9
$PSLTSCALE
 70
     1
  9
$TREEDEPTH
 70
  3020
  9
$CMLSTYLE
  2
Standard
  9
$CMLJUST
 70
     0
  9
$CMLSCALE
 40
20.0
  9
$PROXYGRAPHICS
 70
     1
  9
$MEASUREMENT
 70
     1
  9
$CELWEIGHT
370
    -1
  9
$ENDCAPS
280
     0
  9
$JOINSTYLE
280
     0
  9
$LWDISPLAY
290
     0
  9
$INSUNITS
 70
     4
  9
$HYPERLINKBASE
  1

  9
$STYLESHEET
  1

  9
$XEDIT
290
     1
  9
$CEPSNTYPE
380
     0
  9
$PSTYLEMODE
290
     1
  9
$FINGERPRINTGUID
  2
{356C7132-1BFB-DF4E-9C28-71042AB47D67}
  9
$VERSIONGUID
  2
{B46C4C34-4EE2-D748-8695-C5B0EE589D55}
  9
$EXTNAMES
290
     1
  9
$PSVPSCALE
 40
0.0
  9
$OLESTARTUP
290
     0
  9
$SORTENTS
280
   127
  9
$INDEXCTL
280
     0
  9
$HIDETEXT
280
     1
  9
$XCLIPFRAME
280
     2
  9
$HALOGAP
280
     0
  9
$OBSCOLOR
 70
   257
  9
$OBSLTYPE
280
     0
  9
$INTERSECTIONDISPLAY
280
     0
  9
$INTERSECTIONCOLOR
 70
   257
  9
$DIMASSOC
280
     2
  9
$PROJECTNAME
  1

  9
$CAMERADISPLAY
290
     0
  9
$LENSLENGTH
 40
50.0
  9
$CAMERAHEIGHT
 40
0.0
  9
$STEPSPERSEC
 40
2.0
  9
$STEPSIZE
 40
6.0
  9
$3DDWFPREC
 40
2.0
  9
$PSOLWIDTH
 40
0.25
  9
$PSOLHEIGHT
 40
4.0
  9
$LOFTANG1
 40
1.57
  9
$LOFTANG2
 40
1.57
  9
$LOFTMAG1
 40
0.0
  9
$LOFTMAG2
 40
0.0
  9
$LOFTPARAM
 70
     7
  9
$LOFTNORMALS
280
     1
  9
$LATITUDE
 40
37.8
  9
$LONGITUDE
 40
-122.39
  9
$NORTHDIRECTION
 40
0.0
  9
$TIMEZONE
 70
 -8000
  9
$LIGHTGLYPHDISPLAY
280
     1
  9
$TILEMODELIGHTSYNCH
280
     1
  9
$CMATERIAL
347
260
  9
$SOLIDHIST
280
     0
  9
$SHOWHIST
280
     1
  9
$DWFFRAME
280
     2
  9
$DGNFRAME
280
     0
  9
$REALWORLDSCALE
290
     1
  9
$INTERFERECOLOR
 62
     1
  9
$INTERFEREOBJVS
345
27E
  9
$INTERFEREVPVS
346
27F
  9
$CSHADOW
280
     0
  9
$SHADOWPLANELOCATION
 40
0.0
  0
ENDSEC
  0
SECTION
  2
CLASSES
  0
CLASS
  1
ACDBDICTIONARYWDFLT
  2
AcDbDictionaryWithDefault
  3
ObjectDBX Classes
 90
        0
 91
        1
280
     0
281
     0
  0
CLASS
  1
MATERIAL
  2
AcDbMaterial
  3
ObjectDBX Classes
 90
     1153
 91
        3
280
     0
281
     0
  0
CLASS
  1
VISUALSTYLE
  2
AcDbVisualStyle
  3
ObjectDBX Classes
 90
     4095
 91
       24
280
     0
281
     0
  0
CLASS
  1
SCALE
  2
AcDbScale
  3
ObjectDBX Classes
 90
     1153
 91
       17
280
     0
281
     0
  0
CLASS
  1
TABLESTYLE
  2
AcDbTableStyle
  3
ObjectDBX Classes
 90
     4095
 91
        1
280
     0
281
     0
  0
CLASS
  1
MLEADERSTYLE
  2
AcDbMLeaderStyle
  3
ACDB_MLEADERSTYLE_CLASS
 90
     4095
 91
        1
280
     0
281
     0
  0
CLASS
  1
ACDBSECTIONVIEWSTYLE
  2
AcDbSectionViewStyle
  3
ObjectDBX Classes
 90
     1025
 91
        1
280
     0
281
     0
  0
CLASS
  1
ACDBDETAILVIEWSTYLE
  2
AcDbDetailViewStyle
  3
ObjectDBX Classes
 90
     1025
 91
        1
280
     0
281
     0
  0
CLASS
  1
DICTIONARYVAR
  2
AcDbDictionaryVar
  3
ObjectDBX Classes
 90
        0
 91
       12
280
     0
281
     0
  0
CLASS
  1
TCH_DBCONFIG
  2
TDbConfig
  3
"TCH_KERNAL|缺乏解释器天正图形看不见, 请下载天正插件|网址: www.tangent.com.cn"
 90
        1
 91
        1
280
     0
281
     0
  0
CLASS
  1
SORTENTSTABLE
  2
AcDbSortentsTable
  3
ObjectDBX Classes
 90
        0
 91
        2
280
     0
281
     0
  0
CLASS
  1
TCH_WALL
  2
TDbWall
  3
"TCH_KERNAL|缺乏解释器天正图形看不见, 请下载天正插件|网址: www.tangent.com.cn"
 90
        1
 91
        0
280
     0
281
     1
  0
CLASS
  1
TCH_DIMENSION2
  2
TDbDimension2
  3
"TCH_KERNAL|缺乏解释器天正图形看不见, 请下载天正插件|网址: www.tangent.com.cn"
 90
        1
 91
        0
280
     0
281
     1
  0
CLASS
  1
TCH_SPACE
  2
TDbSpace
  3
"TCH_KERNAL|缺乏解释器天正图形看不见, 请下载天正插件|网址: www.tangent.com.cn"
 90
        1
 91
        0
280
     0
281
     1
  0
CLASS
  1
TCH_OPENING
  2
TDbOpening
  3
"TCH_KERNAL|缺乏解释器天正图形看不见, 请下载天正插件|网址: www.tangent.com.cn"
 90
        1
 91
        0
280
     0
281
     1
  0
CLASS
  1
TCH_AXIS_LABEL
  2
TDbAxisLabelSet
  3
"TCH_KERNAL|缺乏解释器天正图形看不见, 请下载天正插件|网址: www.tangent.com.cn"
 90
        1
 91
        0
280
     0
281
     1
  0
CLASS
  1
CELLSTYLEMAP
  2
AcDbCellStyleMap
  3
ObjectDBX Classes
 90
     1152
 91
        2
280
     0
281
     0
  0
ENDSEC
  0
SECTION
  2
TABLES
  0
TABLE
  2
VPORT
  5
254
330
0
100
AcDbSymbolTable
 70
     1
  0
VPORT
  5
255
330
254
100
AcDbSymbolTableRecord
100
AcDbViewportTableRecord
  2
*Active
 70
     0
 10
0.0
 20
0.0
 11
1.0
 21
1.0
 12
12131.25
 22
21277.78
 13
0.0
 23
0.0
 14
10.0
 24
10.0
 15
10.0
 25
10.0
 16
0.0
 26
0.0
 36
1.0
 17
0.0
 27
0.0
 37
0.0
 40
32091.48
 41
2.34
 42
50.0
 43
0.0
 44
0.0
 50
0.0
 51
0.0
 71
     0
 72
  1000
 73
     1
 74
     3
 75
     0
 76
     0
 77
     0
 78
     0
281
     0
 65
     1
110
0.0
120
0.0
130
0.0
111
1.0
121
0.0
131
0.0
112
0.0
122
1.0
132
0.0
 79
     0
146
0.0
348
256
 60
     3
 61
     5
292
     1
282
     1
141
0.0
142
0.0
 63
   250
421
  3355443
1001
ACAD_NAV_VCDISPLAY
1070
     1
  0
ENDTAB
  0
TABLE
  2
LTYPE
  5
24F
330
0
100
AcDbSymbolTable
 70
     6
  0
LTYPE
  5
250
330
24F
100
AcDbSymbolTableRecord
100
AcDbLinetypeTableRecord
  2
ByBlock
 70
     0
  3

 72
    65
 73
     0
 40
0.0
  0
LTYPE
  5
251
330
24F
100
AcDbSymbolTableRecord
100
AcDbLinetypeTableRecord
  2
ByLayer
 70
     0
  3

 72
    65
 73
     0
 40
0.0
  0
LTYPE
  5
13
330
24F
100
AcDbSymbolTableRecord
100
AcDbLinetypeTableRecord
  2
Continuous
 70
     0
  3
Solid line
 72
    65
 73
     0
 40
0.0
  0
LTYPE
  5
2A5
330
24F
100
AcDbSymbolTableRecord
100
AcDbLinetypeTableRecord
  2
ACAD_ISO05W100
 70
     0
  3
ISO long-dash double-dot ____ .. ____ .. ____ .
 72
    65
 73
     6
 40
34.0
 49
24.0
 74
     0
 49
-3.0
 74
     0
 49
0.5
 74
     0
 49
-3.0
 74
     0
 49
0.5
 74
     0
 49
-3.0
 74
     0
  0
LTYPE
  5
2A6
330
24F
100
AcDbSymbolTableRecord
100
AcDbLinetypeTableRecord
  2
DASH
 70
     0
  3
__ __ __ __ __ __ __ __ __ __ __ __ __ __ __ __
 72
    65
 73
     2
 40
0.35
 49
0.25
 74
     0
 49
-0.1
 74
     0
  0
LTYPE
  5
2A7
330
24F
100
AcDbSymbolTableRecord
100
AcDbLinetypeTableRecord
  2
CENTERX2
 70
     0
  3
Center (2x) ________  __  ________  __  _____
 72
    65
 73
     4
 40
4.0
 49
2.5
 74
     0
 49
-0.5
 74
     0
 49
0.5
 74
     0
 49
-0.5
 74
     0
  0
LTYPE
  5
2A8
330
24F
100
AcDbSymbolTableRecord
100
AcDbLinetypeTableRecord
  2
DASHED
 70
     0
  3
Dashed __ __ __ __ __ __ __ __ __ __ __ __ __ _
 72
    65
 73
     2
 40
0.75
 49
0.5
 74
     0
 49
-0.25
 74
     0
  0
LTYPE
  5
2A9
330
24F
100
AcDbSymbolTableRecord
100
AcDbLinetypeTableRecord
  2
HT-A-NOPLOT-F01-NEW
 70
     0
  3
____ . ____ . ____ . ____ . ____ . ____ . ____ 
 72
    65
 73
     4
 40
2.42
 49
2.0
 74
     0
 49
-0.2
 74
     0
 49
0.02
 74
     0
 49
-0.2
 74
     0
  0
ENDTAB
  0
TABLE
  2
LAYER
  5
248
102
{ACAD_XDICTIONARY
360
249
102
}
330
0
100
AcDbSymbolTable
 70
    16
  0
LAYER
  5
6
330
248
100
AcDbSymbolTableRecord
100
AcDbLayerTableRecord
  2
0
 70
     0
 62
     7
  6
Continuous
370
    -3
390
7
347
A
348
0
  0
LAYER
  5
15
330
248
100
AcDbSymbolTableRecord
100
AcDbLayerTableRecord
  2
HT-A-NOPLOT-F01-NEW
 70
     0
 62
     1
  6
Continuous
370
    -3
390
7
347
A
348
0
1001
AcAecLayerStandard
1000

1000
此图层的直线和弧认为是平面轴线
  0
LAYER
  5
2D
330
248
100
AcDbSymbolTableRecord
100
AcDbLayerTableRecord
  2
HT-A-WIND-F01-NEW
 70
     0
 62
     4
  6
Continuous
370
    -3
390
7
347
A
348
0
1001
AcAecLayerStandard
1000

1000
存放插入的门图块
  0
LAYER
  5
148
330
248
100
AcDbSymbolTableRecord
100
AcDbLayerTableRecord
  2
HT-A-AXIS-F01-NEW
 70
     0
 62
     3
  6
Continuous
370
    -3
390
7
347
A
348
0
1001
AcAecLayerStandard
1000

1000
存放轴号对象
  0
LAYER
  5
1F
330
248
100
AcDbSymbolTableRecord
100
AcDbLayerTableRecord
  2
HT-A-WALL-F01-NEW
 70
     0
 62
     9
  6
Continuous
370
    -3
390
7
347
A
348
0
1001
AcAecLayerStandard
1000

1000
存放各种材质的墙对象
  0
LAYER
  5
2B
330
248
100
AcDbSymbolTableRecord
100
AcDbLayerTableRecord
  2
SURFACE
 70
     0
 62
     6
  6
Continuous
370
    -3
390
7
347
A
348
0
1001
AcAecLayerStandard
1000

1000
粉刷层、保温层、详图饰面层
  0
LAYER
  5
12E
330
248
100
AcDbSymbolTableRecord
100
AcDbLayerTableRecord
  2
HT-A-ROOM-F01-NEW
 70
     0
 62
     7
  6
Continuous
370
    -3
390
7
347
A
348
0
1001
AcAecLayerStandard
1000

1000
房间名称、编号
  0
LAYER
  5
130
330
248
100
AcDbSymbolTableRecord
100
AcDbLayerTableRecord
  2
SPACE_HATCH
 70
     0
 62
     8
  6
Continuous
370
    -3
390
7
347
A
348
0
1001
AcAecLayerStandard
1000

1000
房间面积填充图案
  0
LAYER
  5
14A
330
248
100
AcDbSymbolTableRecord
100
AcDbLayerTableRecord
  2
HT-A-AXIS-TEXT-F01-NEW
 70
     0
 62
     7
  6
Continuous
370
    -3
390
7
347
A
348
0
1001
AcAecLayerStandard
1000

1000
轴号对象的轴号文字
  0
LAYER
  5
2A
330
248
100
AcDbSymbolTableRecord
100
AcDbLayerTableRecord
  2
PUB_HATCH
 70
     0
 62
     8
  6
Continuous
370
    -3
390
7
347
A
348
0
1001
AcAecLayerStandard
1000

1000
填充图案
  0
LAYER
  5
6A
330
248
100
AcDbSymbolTableRecord
100
AcDbLayerTableRecord
  2
HT-A-WIND-TEXT-F01-NEW
 70
     0
 62
     7
  6
Continuous
370
    -3
390
7
347
A
348
0
1001
AcAecLayerStandard
1000

1000
门窗编号
  0
LAYER
  5
3A
330
248
100
AcDbSymbolTableRecord
100
AcDbLayerTableRecord
  2
3T_BAR
 70
     0
 62
     7
  6
Continuous
370
    -3
390
7
347
A
348
0
  0
LAYER
  5
47
330
248
100
AcDbSymbolTableRecord
100
AcDbLayerTableRecord
  2
3T_GLASS
 70
     0
 62
     5
  6
Continuous
370
    -3
390
7
347
A
348
0
  0
LAYER
  5
83
330
248
100
AcDbSymbolTableRecord
100
AcDbLayerTableRecord
  2
3T_WOOD
 70
     0
 62
    21
  6
Continuous
370
    -3
390
7
347
A
348
0
  0
LAYER
  5
15B
330
248
100
AcDbSymbolTableRecord
100
AcDbLayerTableRecord
  2
Defpoints
 70
     0
 62
     7
  6
Continuous
290
     0
370
    -3
390
7
347
A
348
0
  0
LAYER
  5
2AB
330
248
100
AcDbSymbolTableRecord
100
AcDbLayerTableRecord
  2
PUB_WALL
 70
     0
 62
     9
  6
Continuous
370
    -3
390
7
347
A
348
0
  0
ENDTAB
  0
TABLE
  2
STYLE
  5
24D
330
0
100
AcDbSymbolTable
 70
    10
  0
STYLE
  5
146
330
24D
100
AcDbSymbolTableRecord
100
AcDbTextStyleTableRecord
  2
Standard
 70
     0
 40
0.0
 41
1.0
 50
0.0
 71
     0
 42
2.5
  3
txt
  4

  0
STYLE
  5
69
330
24D
100
AcDbSymbolTableRecord
100
AcDbTextStyleTableRecord
  2
_TCH_WINDOW
 70
     0
 40
0.0
 41
1.0
 50
0.0
 71
     0
 42
2.5
  3
SIMPLEX
  4
GBCBIG
1001
_TCH
1040
0.85
1040
0.6
1070
     7
  0
STYLE
  5
12F
330
24D
100
AcDbSymbolTableRecord
100
AcDbTextStyleTableRecord
  2
_TCH_SPACE
 70
     0
 40
0.0
 41
1.0
 50
0.0
 71
     0
 42
2.5
  3
SIMPLEX
  4
GBCBIG
1001
_TCH
1040
0.85
1040
0.6
1070
     7
  0
STYLE
  5
149
330
24D
100
AcDbSymbolTableRecord
100
AcDbTextStyleTableRecord
  2
_TCH_AXIS
 70
     0
 40
0.0
 41
1.0
 50
0.0
 71
     0
 42
2.5
  3
COMPLEX
  4
GBCBIG
1001
_TCH
1040
0.85
1040
0.6
1070
     7
  0
STYLE
  5
159
330
24D
100
AcDbSymbolTableRecord
100
AcDbTextStyleTableRecord
  2
_TCH_DIM_T3
 70
     0
 40
0.0
 41
0.71
 50
0.0
 71
     0
 42
2.5
  3
SIMPLEX
  4
GBCBIG
1001
_TCH
1040
0.85
1040
0.6
1070
     7
  0
STYLE
  5
298
330
24D
100
AcDbSymbolTableRecord
100
AcDbTextStyleTableRecord
  2
COMPLEX
 70
     0
 40
0.0
 41
1.0
 50
0.0
 71
     0
 42
0.6
  3
COMPLEX
  4

1001
AcadAnnotative
1000
AnnotativeData
1002
{
1070
     1
1070
     1
1002
}
  0
STYLE
  5
29C
330
24D
100
AcDbSymbolTableRecord
100
AcDbTextStyleTableRecord
  2
Annotative
 70
     0
 40
0.0
 41
1.0
 50
0.0
 71
     0
 42
0.2
  3
txt
  4

1001
AcadAnnotative
1000
AnnotativeData
1002
{
1070
     1
1070
     1
1002
}
  0
STYLE
  5
29D
330
24D
100
AcDbSymbolTableRecord
100
AcDbTextStyleTableRecord
  2
_TCH_DIM
 70
     0
 40
0.0
 41
1.0
 50
0.0
 71
     0
 42
2.5
  3
SIMPLEX
  4
GBCBIG
1001
_TCH
1040
0.85
1040
0.6
1070
     7
  0
STYLE
  5
29E
330
24D
100
AcDbSymbolTableRecord
100
AcDbTextStyleTableRecord
  2
_TCH_DYN
 70
     0
 40
0.0
 41
1.0
 50
0.0
 71
     0
 42
2.5
  3

  4

1001
ACAD
1000
SimSun
1071
        0
  0
STYLE
  5
2A2
330
24D
100
AcDbSymbolTableRecord
100
AcDbTextStyleTableRecord
  2
DIM_FONT
 70
     0
 40
0.0
 41
0.7
 50
0.0
 71
     0
 42
2.5
  3
SIMPLEX
  4
GBCBIG
1001
_TCH
1040
0.85
1040
0.6
1070
     7
  0
ENDTAB
  0
TABLE
  2
VIEW
  5
252
330
0
100
AcDbSymbolTable
 70
     1
  0
ENDTAB
  0
TABLE
  2
UCS
  5
253
330
0
100
AcDbSymbolTable
 70
     0
  0
ENDTAB
  0
TABLE
  2
APPID
  5
259
330
0
100
AcDbSymbolTable
 70
     8
  0
APPID
  5
24C
330
259
100
AcDbSymbolTableRecord
100
AcDbRegAppTableRecord
  2
ACAD
 70
     0
  0
APPID
  5
258
330
259
100
AcDbSymbolTableRecord
100
AcDbRegAppTableRecord
  2
ACAD_NAV_VCDISPLAY
 70
     0
  0
APPID
  5
16
330
259
100
AcDbSymbolTableRecord
100
AcDbRegAppTableRecord
  2
AcAecLayerStandard
 70
     0
  0
APPID
  5
68
330
259
100
AcDbSymbolTableRecord
100
AcDbRegAppTableRecord
  2
_TCH
 70
     0
  0
APPID
  5
299
330
259
100
AcDbSymbolTableRecord
100
AcDbRegAppTableRecord
  2
AcadAnnotative
 70
     0
  0
APPID
  5
2AC
330
259
100
AcDbSymbolTableRecord
100
AcDbRegAppTableRecord
  2
WTHICK
 70
     0
  0
APPID
  5
412
330
259
100
AcDbSymbolTableRecord
100
AcDbRegAppTableRecord
  2
ACAD_DSTYLE_DIMEXT_LENGTH
 70
     0
  0
APPID
  5
415
330
259
100
AcDbSymbolTableRecord
100
AcDbRegAppTableRecord
  2
ACAD_DSTYLE_DIMJOGGED_JOGANGLE_SYMBOL
 70
     0
  0
ENDTAB
  0
TABLE
  2
DIMSTYLE
  5
25A
330
0
100
AcDbSymbolTable
 70
     2
100
AcDbDimStyleTable
 71
     2
340
15F
340
25B
  0
DIMSTYLE
105
25B
330
25A
100
AcDbSymbolTableRecord
100
AcDbDimStyleTableRecord
  2
ISO-25
 70
     0
 41
2.5
 42
0.63
 43
3.75
 44
1.25
 50
90.0
 73
     0
 74
     0
 77
     1
 78
     8
140
2.5
141
2.5
143
0.04
147
0.63
171
     3
172
     1
271
     2
272
     2
274
     3
283
     0
284
     8
340
146
1001
ACAD_DSTYLE_DIMJOGGED_JOGANGLE_SYMBOL
1070
   384
1040
1.57
  0
DIMSTYLE
105
15F
102
{ACAD_REACTORS
330
14C
330
160
330
16D
330
17A
330
187
330
194
330
1A1
330
1AE
330
1BB
330
1C8
330
1D5
330
1E2
330
1EF
330
1FC
330
209
330
216
330
223
330
230
102
}
330
25A
100
AcDbSymbolTableRecord
100
AcDbDimStyleTableRecord
  2
_TCH_ARCH&&100
 70
     0
 41
100.0
 42
300.0
 43
0.0
 44
250.0
 49
100.0
 73
     0
 74
     0
 77
     1
 79
     2
140
297.5
147
126.25
172
     1
174
     1
178
     7
179
     2
271
     0
272
     0
279
     2
340
159
342
153
  0
ENDTAB
  0
TABLE
  2
BLOCK_RECORD
  5
1
330
0
100
AcDbSymbolTable
 70
    28
  0
BLOCK_RECORD
  5
2
102
{ACAD_XDICTIONARY
360
3
102
}
330
1
100
AcDbSymbolTableRecord
100
AcDbBlockTableRecord
  2
*Model_Space
340
23E
 70
     0
280
     1
281
     0
  0
BLOCK_RECORD
  5
240
330
1
100
AcDbSymbolTableRecord
100
AcDbBlockTableRecord
  2
*Paper_Space
340
243
 70
     0
280
     1
281
     0
  0
BLOCK_RECORD
  5
244
330
1
100
AcDbSymbolTableRecord
100
AcDbBlockTableRecord
  2
*Paper_Space0
340
247
 70
     0
280
     1
281
     0
  0
BLOCK_RECORD
  5
20
102
{ACAD_XDICTIONARY
360
21
102
}
330
1
100
AcDbSymbolTableRecord
100
AcDbBlockTableRecord
  2
$LinePat$保温层
340
0
 70
     0
280
     1
281
     0
  0
BLOCK_RECORD
  5
2E
330
1
100
AcDbSymbolTableRecord
100
AcDbBlockTableRecord
  2
$TCHSYS$WIN2D
340
0
102
{BLKREFS
331
3E0
331
3E3
331
3E6
331
3E9
331
3EC
331
3EF
331
3F2
331
3F5
331
3F8
331
3FB
331
3FE
331
401
331
404
102
}
 70
     0
280
     1
281
     0
  0
BLOCK_RECORD
  5
37
330
1
100
AcDbSymbolTableRecord
100
AcDbBlockTableRecord
  2
$TCHSYS$WIN3D
340
0
 70
     0
280
     1
281
     0
1001
_TCH
1040
1200.0
1040
1800.0
  0
BLOCK_RECORD
  5
153
330
1
100
AcDbSymbolTableRecord
100
AcDbBlockTableRecord
  2
_ArchTick
340
0
102
{BLKREFS
331
20F
331
210
331
21C
331
21D
331
229
331
22A
331
236
331
237
331
19A
331
19B
331
1A7
331
1A8
331
1B4
331
1B5
331
1C1
331
1C2
331
1CE
331
1CF
331
1DB
331
1DC
331
1E8
331
1E9
331
1F5
331
1F6
331
202
331
203
331
152
331
157
331
166
331
167
331
173
331
174
331
180
331
181
331
18D
331
18E
102
}
 70
     0
280
     1
281
     0
  0
BLOCK_RECORD
  5
72
102
{ACAD_XDICTIONARY
360
73
102
}
330
1
100
AcDbSymbolTableRecord
100
AcDbBlockTableRecord
  2
$DorLib2D$00000002
340
0
102
{BLKREFS
331
366
102
}
 70
     0
280
     1
281
     0
  0
BLOCK_RECORD
  5
80
330
1
100
AcDbSymbolTableRecord
100
AcDbBlockTableRecord
  2
$TCHSYS$DOOR3D
340
0
 70
     0
280
     1
281
     0
1001
_TCH
1040
900.0
1040
2100.0
  0
BLOCK_RECORD
  5
DE
102
{ACAD_XDICTIONARY
360
DF
102
}
330
1
100
AcDbSymbolTableRecord
100
AcDbBlockTableRecord
  2
$DorLib2D$00000001
340
0
102
{BLKREFS
331
37C
331
381
331
38C
331
38F
331
392
331
369
331
36C
102
}
 70
     0
280
     1
281
     0
  0
BLOCK_RECORD
  5
10E
330
1
100
AcDbSymbolTableRecord
100
AcDbBlockTableRecord
  2
$DorLib2D$00000131
340
0
102
{BLKREFS
331
389
102
}
 70
     0
280
     1
281
     0
1001
_TCH
1040
1.0
  0
BLOCK_RECORD
  5
14D
330
1
100
AcDbSymbolTableRecord
100
AcDbBlockTableRecord
  2
*D9
340
0
 70
     0
280
     1
281
     0
  0
BLOCK_RECORD
  5
161
330
1
100
AcDbSymbolTableRecord
100
AcDbBlockTableRecord
  2
*D10
340
0
 70
     0
280
     1
281
     0
  0
BLOCK_RECORD
  5
16E
330
1
100
AcDbSymbolTableRecord
100
AcDbBlockTableRecord
  2
*D11
340
0
 70
     0
280
     1
281
     0
  0
BLOCK_RECORD
  5
17B
330
1
100
AcDbSymbolTableRecord
100
AcDbBlockTableRecord
  2
*D12
340
0
 70
     0
280
     1
281
     0
  0
BLOCK_RECORD
  5
188
330
1
100
AcDbSymbolTableRecord
100
AcDbBlockTableRecord
  2
*D13
340
0
 70
     0
280
     1
281
     0
  0
BLOCK_RECORD
  5
195
330
1
100
AcDbSymbolTableRecord
100
AcDbBlockTableRecord
  2
*D14
340
0
 70
     0
280
     1
281
     0
  0
BLOCK_RECORD
  5
1A2
330
1
100
AcDbSymbolTableRecord
100
AcDbBlockTableRecord
  2
*D15
340
0
 70
     0
280
     1
281
     0
  0
BLOCK_RECORD
  5
1AF
330
1
100
AcDbSymbolTableRecord
100
AcDbBlockTableRecord
  2
*D16
340
0
 70
     0
280
     1
281
     0
  0
BLOCK_RECORD
  5
1BC
330
1
100
AcDbSymbolTableRecord
100
AcDbBlockTableRecord
  2
*D17
340
0
 70
     0
280
     1
281
     0
  0
BLOCK_RECORD
  5
1C9
330
1
100
AcDbSymbolTableRecord
100
AcDbBlockTableRecord
  2
*D18
340
0
 70
     0
280
     1
281
     0
  0
BLOCK_RECORD
  5
1D6
330
1
100
AcDbSymbolTableRecord
100
AcDbBlockTableRecord
  2
*D19
340
0
 70
     0
280
     1
281
     0
  0
BLOCK_RECORD
  5
1E3
330
1
100
AcDbSymbolTableRecord
100
AcDbBlockTableRecord
  2
*D20
340
0
 70
     0
280
     1
281
     0
  0
BLOCK_RECORD
  5
1F0
330
1
100
AcDbSymbolTableRecord
100
AcDbBlockTableRecord
  2
*D21
340
0
 70
     0
280
     1
281
     0
  0
BLOCK_RECORD
  5
1FD
330
1
100
AcDbSymbolTableRecord
100
AcDbBlockTableRecord
  2
*D22
340
0
 70
     0
280
     1
281
     0
  0
BLOCK_RECORD
  5
20A
330
1
100
AcDbSymbolTableRecord
100
AcDbBlockTableRecord
  2
*D23
340
0
 70
     0
280
     1
281
     0
  0
BLOCK_RECORD
  5
217
330
1
100
AcDbSymbolTableRecord
100
AcDbBlockTableRecord
  2
*D24
340
0
 70
     0
280
     1
281
     0
  0
BLOCK_RECORD
  5
224
330
1
100
AcDbSymbolTableRecord
100
AcDbBlockTableRecord
  2
*D25
340
0
 70
     0
280
     1
281
     0
  0
BLOCK_RECORD
  5
231
330
1
100
AcDbSymbolTableRecord
100
AcDbBlockTableRecord
  2
*D26
340
0
 70
     0
280
     1
281
     0
  0
BLOCK_RECORD
  5
294
330
1
100
AcDbSymbolTableRecord
100
AcDbBlockTableRecord
  2
_AXISO
340
0
102
{BLKREFS
331
399
331
39D
331
3A1
331
3A5
331
3A9
331
3AD
331
3B1
331
3B5
331
3B9
331
3BD
331
3C1
331
3C5
331
3C9
331
3CD
331
3D1
331
3D5
331
3D9
331
3DD
102
}
 70
     0
280
     1
281
     0
  0
ENDTAB
  0
ENDSEC
  0
SECTION
  2
BLOCKS
  0
BLOCK
  5
5
330
2
100
AcDbEntity
  8
0
100
AcDbBlockBegin
  2
*Model_Space
 70
     0
 10
0.0
 20
0.0
 30
0.0
  3
*Model_Space
  1

  0
ENDBLK
  5
23D
330
2
100
AcDbEntity
  8
0
100
AcDbBlockEnd
  0
BLOCK
  5
241
330
240
100
AcDbEntity
 67
     1
  8
0
100
AcDbBlockBegin
  2
*Paper_Space
 70
     0
 10
0.0
 20
0.0
 30
0.0
  3
*Paper_Space
  1

  0
ENDBLK
  5
242
330
240
100
AcDbEntity
 67
     1
  8
0
100
AcDbBlockEnd
  0
BLOCK
  5
245
330
244
100
AcDbEntity
 67
     1
  8
0
100
AcDbBlockBegin
  2
*Paper_Space0
 70
     0
 10
0.0
 20
0.0
 30
0.0
  3
*Paper_Space0
  1

  0
ENDBLK
  5
246
330
244
100
AcDbEntity
 67
     1
  8
0
100
AcDbBlockEnd
  0
BLOCK
  5
23
330
20
100
AcDbEntity
  8
0
100
AcDbBlockBegin
  2
$LinePat$保温层
 70
     0
 10
0.0
 20
0.0
 30
0.0
  3
$LinePat$保温层
  1

  0
LINE
  5
24
330
20
100
AcDbEntity
  8
0
 62
     0
100
AcDbLine
 10
24.0
 20
-24.0
 30
0.0
 11
24.0
 21
-56.0
 31
0.0
  0
LINE
  5
25
330
20
100
AcDbEntity
  8
0
 62
     0
100
AcDbLine
 10
72.0
 20
-56.0
 30
0.0
 11
72.0
 21
-24.0
 31
0.0
  0
ARC
  5
26
330
20
100
AcDbEntity
  8
0
 62
     0
100
AcDbCircle
 10
0.0
 20
-24.0
 30
0.0
 40
23.99999999999855
100
AcDbArc
 50
0.0
 51
90.0
  0
ARC
  5
27
330
20
100
AcDbEntity
  8
0
 62
     0
100
AcDbCircle
 10
96.0
 20
-24.0
 30
0.0
 40
24.00000000000037
100
AcDbArc
 50
90.0
 51
180.0
  0
ARC
  5
28
330
20
100
AcDbEntity
  8
0
 62
     0
100
AcDbCircle
 10
48.0
 20
-56.0
 30
0.0
 40
24.00000000000037
100
AcDbArc
 50
180.0
 51
0.0
  0
ENDBLK
  5
29
330
20
100
AcDbEntity
  8
0
100
AcDbBlockEnd
  0
BLOCK
  5
2F
330
2E
100
AcDbEntity
  8
0
100
AcDbBlockBegin
  2
$TCHSYS$WIN2D
 70
     0
 10
0.0
 20
0.0
 30
0.0
  3
$TCHSYS$WIN2D
  1

  0
LINE
  5
30
330
2E
100
AcDbEntity
  8
0
100
AcDbLine
 10
-0.5
 20
0.5
 30
0.0
 11
0.5
 21
0.5
 31
0.0
  0
LINE
  5
31
330
2E
100
AcDbEntity
  8
0
100
AcDbLine
 10
-0.5
 20
-0.5
 30
0.0
 11
0.5
 21
-0.5
 31
0.0
  0
LINE
  5
32
330
2E
100
AcDbEntity
  8
0
100
AcDbLine
 10
0.5
 20
-0.17
 30
0.0
 11
-0.5
 21
-0.17
 31
0.0
  0
LINE
  5
33
330
2E
100
AcDbEntity
  8
0
100
AcDbLine
 10
0.5
 20
0.17
 30
0.0
 11
-0.5
 21
0.17
 31
0.0
  0
LINE
  5
34
330
2E
100
AcDbEntity
  8
0
100
AcDbLine
 10
-0.5
 20
0.5
 30
0.0
 11
-0.5
 21
-0.5
 31
0.0
  0
LINE
  5
35
330
2E
100
AcDbEntity
  8
0
100
AcDbLine
 10
0.5
 20
0.5
 30
0.0
 11
0.5
 21
-0.5
 31
0.0
  0
ENDBLK
  5
36
330
2E
100
AcDbEntity
  8
0
100
AcDbBlockEnd
  0
BLOCK
  5
38
330
37
100
AcDbEntity
  8
0
100
AcDbBlockBegin
  2
$TCHSYS$WIN3D
 70
     0
 10
0.0
 20
0.0
 30
0.0
  3
$TCHSYS$WIN3D
  1

  0
3DFACE
  5
39
330
37
100
AcDbEntity
  8
3T_BAR
100
AcDbFace
 10
580.0
 20
25.0
 30
1780.0
 11
530.0
 21
25.0
 31
1720.0
 12
50.0
 22
25.0
 32
1720.0
 13
0.0
 23
25.0
 33
1780.0
 70
     5
  0
3DFACE
  5
3B
330
37
100
AcDbEntity
  8
3T_BAR
100
AcDbFace
 10
50.0
 20
-25.0
 30
1720.0
 11
530.0
 21
-25.0
 31
1720.0
 12
580.0
 22
-25.0
 32
1780.0
 13
0.0
 23
-25.0
 33
1780.0
 70
    10
  0
3DFACE
  5
3C
330
37
100
AcDbEntity
  8
3T_BAR
100
AcDbFace
 10
600.0
 20
25.0
 30
1800.0
 11
580.0
 21
25.0
 31
1780.0
 12
-580.0
 22
25.0
 32
1780.0
 13
-600.0
 23
25.0
 33
1800.0
 70
     5
  0
3DFACE
  5
3D
330
37
100
AcDbEntity
  8
3T_BAR
100
AcDbFace
 10
-580.0
 20
-25.0
 30
1780.0
 11
580.0
 21
-25.0
 31
1780.0
 12
600.0
 22
-25.0
 32
1800.0
 13
-600.0
 23
-25.0
 33
1800.0
 70
    10
  0
3DFACE
  5
3E
330
37
100
AcDbEntity
  8
3T_BAR
100
AcDbFace
 10
-580.0
 20
-25.0
 30
1780.0
 11
-580.0
 21
25.0
 31
1780.0
 12
580.0
 22
25.0
 32
1780.0
 13
580.0
 23
-25.0
 33
1780.0
  0
3DFACE
  5
3F
330
37
100
AcDbEntity
  8
3T_BAR
100
AcDbFace
 10
0.0
 20
25.0
 30
20.0
 11
50.0
 21
25.0
 31
80.0
 12
530.0
 22
25.0
 32
80.0
 13
580.0
 23
25.0
 33
20.0
 70
     5
  0
3DFACE
  5
40
330
37
100
AcDbEntity
  8
3T_BAR
100
AcDbFace
 10
0.0
 20
-25.0
 30
20.0
 11
580.0
 21
-25.0
 31
20.0
 12
530.0
 22
-25.0
 32
80.0
 13
50.0
 23
-25.0
 33
80.0
 70
    10
  0
3DFACE
  5
41
330
37
100
AcDbEntity
  8
3T_BAR
100
AcDbFace
 10
-600.0
 20
25.0
 30
0.0
 11
-580.0
 21
25.0
 31
20.0
 12
580.0
 22
25.0
 32
20.0
 13
600.0
 23
25.0
 33
0.0
 70
     5
  0
3DFACE
  5
42
330
37
100
AcDbEntity
  8
3T_BAR
100
AcDbFace
 10
-600.0
 20
-25.0
 30
0.0
 11
600.0
 21
-25.0
 31
0.0
 12
580.0
 22
-25.0
 32
20.0
 13
-580.0
 23
-25.0
 33
20.0
 70
    10
  0
3DFACE
  5
43
330
37
100
AcDbEntity
  8
3T_BAR
100
AcDbFace
 10
-580.0
 20
-25.0
 30
20.0
 11
580.0
 21
-25.0
 31
20.0
 12
580.0
 22
25.0
 32
20.0
 13
-580.0
 23
25.0
 33
20.0
  0
3DFACE
  5
44
330
37
100
AcDbEntity
  8
3T_BAR
100
AcDbFace
 10
0.0
 20
25.0
 30
1780.0
 11
50.0
 21
25.0
 31
1720.0
 12
50.0
 22
25.0
 32
80.0
 13
0.0
 23
25.0
 33
20.0
 70
     5
  0
3DFACE
  5
45
330
37
100
AcDbEntity
  8
3T_BAR
100
AcDbFace
 10
50.0
 20
-25.0
 30
80.0
 11
50.0
 21
-25.0
 31
1720.0
 12
0.0
 22
-25.0
 32
1780.0
 13
0.0
 23
-25.0
 33
20.0
 70
    10
  0
3DFACE
  5
46
330
37
100
AcDbEntity
  8
3T_GLASS
100
AcDbFace
 10
-529.34
 20
-15.0
 30
39.86
 11
-529.34
 21
-15.0
 31
1701.4
 12
530.7
 22
-15.0
 32
1701.4
 13
530.7
 23
-15.0
 33
39.86
  0
3DFACE
  5
48
330
37
100
AcDbEntity
  8
3T_BAR
100
AcDbFace
 10
-530.0
 20
-25.0
 30
1720.0
 11
-530.0
 21
25.0
 31
1720.0
 12
-50.0
 22
25.0
 32
1720.0
 13
-50.0
 23
-25.0
 33
1720.0
  0
3DFACE
  5
49
330
37
100
AcDbEntity
  8
3T_BAR
100
AcDbFace
 10
-530.0
 20
-25.0
 30
80.0
 11
-50.0
 21
-25.0
 31
80.0
 12
-50.0
 22
25.0
 32
80.0
 13
-530.0
 23
25.0
 33
80.0
  0
LINE
  5
4A
330
37
100
AcDbEntity
  8
3T_BAR
100
AcDbLine
 10
-600.0
 20
0.5
 30
0.0
 11
-600.0
 21
-0.5
 31
0.0
  0
3DFACE
  5
4B
330
37
100
AcDbEntity
  8
3T_BAR
100
AcDbFace
 10
0.0
 20
25.0
 30
20.0
 11
0.0
 21
-25.0
 31
20.0
 12
0.0
 22
-25.0
 32
1780.0
 13
0.0
 23
25.0
 33
1780.0
  0
3DFACE
  5
4C
330
37
100
AcDbEntity
  8
3T_BAR
100
AcDbFace
 10
0.0
 20
-25.0
 30
20.0
 11
0.0
 21
25.0
 31
20.0
 12
0.0
 22
25.0
 32
1780.0
 13
0.0
 23
-25.0
 33
1780.0
  0
3DFACE
  5
4D
330
37
100
AcDbEntity
  8
3T_BAR
100
AcDbFace
 10
-580.0
 20
25.0
 30
20.0
 11
-580.0
 21
-25.0
 31
20.0
 12
-580.0
 22
-25.0
 32
1780.0
 13
-580.0
 23
25.0
 33
1780.0
  0
3DFACE
  5
4E
330
37
100
AcDbEntity
  8
3T_BAR
100
AcDbFace
 10
-50.0
 20
-25.0
 30
80.0
 11
-50.0
 21
-25.0
 31
1720.0
 12
-50.0
 22
25.0
 32
1720.0
 13
-50.0
 23
25.0
 33
80.0
  0
3DFACE
  5
4F
330
37
100
AcDbEntity
  8
3T_BAR
100
AcDbFace
 10
-530.0
 20
-25.0
 30
80.0
 11
-530.0
 21
25.0
 31
80.0
 12
-530.0
 22
25.0
 32
1720.0
 13
-530.0
 23
-25.0
 33
1720.0
  0
3DFACE
  5
50
330
37
100
AcDbEntity
  8
3T_BAR
100
AcDbFace
 10
-600.0
 20
25.0
 30
0.0
 11
-600.0
 21
-25.0
 31
0.0
 12
-600.0
 22
-25.0
 32
1800.0
 13
-600.0
 23
25.0
 33
1800.0
  0
3DFACE
  5
51
330
37
100
AcDbEntity
  8
3T_BAR
100
AcDbFace
 10
-580.0
 20
-25.0
 30
20.0
 11
-580.0
 21
25.0
 31
20.0
 12
-580.0
 22
25.0
 32
1780.0
 13
-580.0
 23
-25.0
 33
1780.0
  0
3DFACE
  5
52
330
37
100
AcDbEntity
  8
3T_BAR
100
AcDbFace
 10
-530.0
 20
-25.0
 30
80.0
 11
-530.0
 21
-25.0
 31
1720.0
 12
-580.0
 22
-25.0
 32
1780.0
 13
-580.0
 23
-25.0
 33
20.0
 70
    10
  0
3DFACE
  5
53
330
37
100
AcDbEntity
  8
3T_BAR
100
AcDbFace
 10
0.0
 20
-25.0
 30
20.0
 11
0.0
 21
-25.0
 31
1780.0
 12
-50.0
 22
-25.0
 32
1720.0
 13
-50.0
 23
-25.0
 33
80.0
 70
    10
  0
3DFACE
  5
54
330
37
100
AcDbEntity
  8
3T_BAR
100
AcDbFace
 10
-580.0
 20
-25.0
 30
20.0
 11
-580.0
 21
-25.0
 31
1780.0
 12
-600.0
 22
-25.0
 32
1800.0
 13
-600.0
 23
-25.0
 33
0.0
 70
    10
  0
3DFACE
  5
55
330
37
100
AcDbEntity
  8
3T_BAR
100
AcDbFace
 10
-580.0
 20
-25.0
 30
20.0
 11
0.0
 21
-25.0
 31
20.0
 12
-50.0
 22
-25.0
 32
80.0
 13
-530.0
 23
-25.0
 33
80.0
 70
    10
  0
3DFACE
  5
56
330
37
100
AcDbEntity
  8
3T_BAR
100
AcDbFace
 10
-530.0
 20
-25.0
 30
1720.0
 11
-50.0
 21
-25.0
 31
1720.0
 12
0.0
 22
-25.0
 32
1780.0
 13
-580.0
 23
-25.0
 33
1780.0
 70
    10
  0
3DFACE
  5
57
330
37
100
AcDbEntity
  8
3T_BAR
100
AcDbFace
 10
-580.0
 20
25.0
 30
1780.0
 11
-530.0
 21
25.0
 31
1720.0
 12
-530.0
 22
25.0
 32
80.0
 13
-580.0
 23
25.0
 33
20.0
 70
     5
  0
3DFACE
  5
58
330
37
100
AcDbEntity
  8
3T_BAR
100
AcDbFace
 10
0.0
 20
25.0
 30
20.0
 11
-50.0
 21
25.0
 31
80.0
 12
-50.0
 22
25.0
 32
1720.0
 13
0.0
 23
25.0
 33
1780.0
 70
     5
  0
3DFACE
  5
59
330
37
100
AcDbEntity
  8
3T_BAR
100
AcDbFace
 10
-600.0
 20
25.0
 30
1800.0
 11
-580.0
 21
25.0
 31
1780.0
 12
-580.0
 22
25.0
 32
20.0
 13
-600.0
 23
25.0
 33
0.0
 70
     5
  0
3DFACE
  5
5A
330
37
100
AcDbEntity
  8
3T_BAR
100
AcDbFace
 10
-580.0
 20
25.0
 30
20.0
 11
-530.0
 21
25.0
 31
80.0
 12
-50.0
 22
25.0
 32
80.0
 13
0.0
 23
25.0
 33
20.0
 70
     5
  0
3DFACE
  5
5B
330
37
100
AcDbEntity
  8
3T_BAR
100
AcDbFace
 10
0.0
 20
25.0
 30
1780.0
 11
-50.0
 21
25.0
 31
1720.0
 12
-530.0
 22
25.0
 32
1720.0
 13
-580.0
 23
25.0
 33
1780.0
 70
     5
  0
3DFACE
  5
5C
330
37
100
AcDbEntity
  8
3T_BAR
100
AcDbFace
 10
50.0
 20
-25.0
 30
1720.0
 11
50.0
 21
25.0
 31
1720.0
 12
530.0
 22
25.0
 32
1720.0
 13
530.0
 23
-25.0
 33
1720.0
  0
3DFACE
  5
5D
330
37
100
AcDbEntity
  8
3T_BAR
100
AcDbFace
 10
50.0
 20
-25.0
 30
80.0
 11
530.0
 21
-25.0
 31
80.0
 12
530.0
 22
25.0
 32
80.0
 13
50.0
 23
25.0
 33
80.0
  0
3DFACE
  5
5E
330
37
100
AcDbEntity
  8
3T_BAR
100
AcDbFace
 10
580.0
 20
-25.0
 30
20.0
 11
580.0
 21
25.0
 31
20.0
 12
580.0
 22
25.0
 32
1780.0
 13
580.0
 23
-25.0
 33
1780.0
  0
3DFACE
  5
5F
330
37
100
AcDbEntity
  8
3T_BAR
100
AcDbFace
 10
530.0
 20
-25.0
 30
80.0
 11
530.0
 21
-25.0
 31
1720.0
 12
530.0
 22
25.0
 32
1720.0
 13
530.0
 23
25.0
 33
80.0
  0
3DFACE
  5
60
330
37
100
AcDbEntity
  8
3T_BAR
100
AcDbFace
 10
50.0
 20
-25.0
 30
80.0
 11
50.0
 21
25.0
 31
80.0
 12
50.0
 22
25.0
 32
1720.0
 13
50.0
 23
-25.0
 33
1720.0
  0
3DFACE
  5
61
330
37
100
AcDbEntity
  8
3T_BAR
100
AcDbFace
 10
600.0
 20
-25.0
 30
0.0
 11
600.0
 21
25.0
 31
0.0
 12
600.0
 22
25.0
 32
1800.0
 13
600.0
 23
-25.0
 33
1800.0
  0
3DFACE
  5
62
330
37
100
AcDbEntity
  8
3T_BAR
100
AcDbFace
 10
580.0
 20
-25.0
 30
20.0
 11
580.0
 21
-25.0
 31
1780.0
 12
580.0
 22
25.0
 32
1780.0
 13
580.0
 23
25.0
 33
20.0
  0
3DFACE
  5
63
330
37
100
AcDbEntity
  8
3T_BAR
100
AcDbFace
 10
580.0
 20
-25.0
 30
20.0
 11
580.0
 21
-25.0
 31
1780.0
 12
530.0
 22
-25.0
 32
1720.0
 13
530.0
 23
-25.0
 33
80.0
 70
    10
  0
3DFACE
  5
64
330
37
100
AcDbEntity
  8
3T_BAR
100
AcDbFace
 10
600.0
 20
-25.0
 30
0.0
 11
600.0
 21
-25.0
 31
1800.0
 12
580.0
 22
-25.0
 32
1780.0
 13
580.0
 23
-25.0
 33
20.0
 70
    10
  0
3DFACE
  5
65
330
37
100
AcDbEntity
  8
3T_BAR
100
AcDbFace
 10
580.0
 20
25.0
 30
20.0
 11
530.0
 21
25.0
 31
80.0
 12
530.0
 22
25.0
 32
1720.0
 13
580.0
 23
25.0
 33
1780.0
 70
     5
  0
3DFACE
  5
66
330
37
100
AcDbEntity
  8
3T_BAR
100
AcDbFace
 10
600.0
 20
25.0
 30
0.0
 11
580.0
 21
25.0
 31
20.0
 12
580.0
 22
25.0
 32
1780.0
 13
600.0
 23
25.0
 33
1800.0
 70
     5
  0
ENDBLK
  5
67
330
37
100
AcDbEntity
  8
0
100
AcDbBlockEnd
  0
BLOCK
  5
154
330
153
100
AcDbEntity
  8
0
100
AcDbBlockBegin
  2
_ArchTick
 70
     0
 10
0.0
 20
0.0
 30
0.0
  3
_ArchTick
  1

  0
LWPOLYLINE
  5
155
330
153
100
AcDbEntity
  8
0
  6
ByBlock
 62
     0
100
AcDbPolyline
 90
        2
 70
     0
 43
0.15
 10
-0.5
 20
-0.5
 10
0.5
 20
0.5
  0
ENDBLK
  5
156
330
153
100
AcDbEntity
  8
0
100
AcDbBlockEnd
  0
BLOCK
  5
74
330
72
100
AcDbEntity
  8
0
100
AcDbBlockBegin
  2
$DorLib2D$00000002
 70
     0
 10
0.0
 20
0.0
 30
0.0
  3
$DorLib2D$00000002
  1

  0
LINE
  5
75
330
72
100
AcDbEntity
  8
0
100
AcDbLine
 10
-0.5
 20
0.0
 30
0.0
 11
-0.5
 21
0.49
 31
0.0
  0
LINE
  5
76
330
72
100
AcDbEntity
  8
0
100
AcDbLine
 10
-0.48
 20
0.0
 30
0.0
 11
-0.48
 21
0.49
 31
0.0
  0
LINE
  5
77
330
72
100
AcDbEntity
  8
0
100
AcDbLine
 10
-0.5
 20
0.0
 30
0.0
 11
-0.48
 21
0.0
 31
0.0
  0
LINE
  5
78
330
72
100
AcDbEntity
  8
0
100
AcDbLine
 10
-0.48
 20
0.49
 30
0.0
 11
-0.5
 21
0.49
 31
0.0
  0
ARC
  5
79
330
72
100
AcDbEntity
  8
0
370
    13
100
AcDbCircle
 10
-0.49
 20
0.0
 30
0.0
 40
0.4875
100
AcDbArc
 50
0.0
 51
88.53
  0
ARC
  5
7A
330
72
100
AcDbEntity
  8
0
370
    13
100
AcDbCircle
 10
0.49
 20
0.0
 30
0.0
 40
0.4875
100
AcDbArc
 50
91.47
 51
180.0
  0
LINE
  5
7B
330
72
100
AcDbEntity
  8
0
100
AcDbLine
 10
0.48
 20
0.0
 30
0.0
 11
0.48
 21
0.49
 31
0.0
  0
LINE
  5
7C
330
72
100
AcDbEntity
  8
0
100
AcDbLine
 10
0.5
 20
0.0
 30
0.0
 11
0.5
 21
0.49
 31
0.0
  0
LINE
  5
7D
330
72
100
AcDbEntity
  8
0
100
AcDbLine
 10
0.48
 20
0.49
 30
0.0
 11
0.5
 21
0.49
 31
0.0
  0
LINE
  5
7E
330
72
100
AcDbEntity
  8
0
100
AcDbLine
 10
0.5
 20
0.0
 30
0.0
 11
0.48
 21
0.0
 31
0.0
  0
ENDBLK
  5
7F
330
72
100
AcDbEntity
  8
0
100
AcDbBlockEnd
  0
BLOCK
  5
81
330
80
100
AcDbEntity
  8
0
100
AcDbBlockBegin
  2
$TCHSYS$DOOR3D
 70
     0
 10
0.0
 20
0.0
 30
0.0
  3
$TCHSYS$DOOR3D
  1

  0
3DFACE
  5
82
330
80
100
AcDbEntity
  8
3T_WOOD
100
AcDbFace
 10
409.41
 20
-10.0
 30
2055.56
 11
-411.02
 21
-10.0
 31
2055.56
 12
-411.02
 22
-10.0
 32
1.21
 13
409.41
 23
-10.0
 33
1.21
  0
3DFACE
  5
84
330
80
100
AcDbEntity
  8
3T_WOOD
100
AcDbFace
 10
-450.0
 20
50.0
 30
2100.0
 11
409.09
 21
50.0
 31
2055.58
 12
-409.09
 22
50.0
 32
2055.58
 13
-409.09
 23
50.0
 33
2055.58
 70
    13
  0
3DFACE
  5
85
330
80
100
AcDbEntity
  8
3T_WOOD
100
AcDbFace
 10
409.09
 20
50.0
 30
2055.58
 11
-450.0
 21
50.0
 31
2100.0
 12
450.0
 22
50.0
 32
2100.0
 13
450.0
 23
50.0
 33
2100.0
 70
    13
  0
3DFACE
  5
86
330
80
100
AcDbEntity
  8
3T_WOOD
100
AcDbFace
 10
-450.0
 20
-50.0
 30
2100.0
 11
-409.09
 21
-50.0
 31
2055.58
 12
409.09
 22
-50.0
 32
2055.58
 13
409.09
 23
-50.0
 33
2055.58
 70
    13
  0
3DFACE
  5
87
330
80
100
AcDbEntity
  8
3T_WOOD
100
AcDbFace
 10
409.09
 20
-50.0
 30
2055.58
 11
450.0
 21
-50.0
 31
2100.0
 12
-450.0
 22
-50.0
 32
2100.0
 13
-450.0
 23
-50.0
 33
2100.0
 70
    13
  0
3DFACE
  5
88
330
80
100
AcDbEntity
  8
3T_WOOD
100
AcDbFace
 10
-409.09
 20
-50.0
 30
2055.58
 11
-409.09
 21
50.0
 31
2055.58
 12
409.09
 22
50.0
 32
2055.58
 13
409.09
 23
-50.0
 33
2055.58
  0
3DFACE
  5
89
330
80
100
AcDbEntity
  8
3T_WOOD
100
AcDbFace
 10
-450.0
 20
50.0
 30
0.0
 11
-409.09
 21
50.0
 31
2055.58
 12
-409.09
 22
50.0
 32
0.0
 13
-409.09
 23
50.0
 33
0.0
 70
     1
  0
3DFACE
  5
8A
330
80
100
AcDbEntity
  8
3T_WOOD
100
AcDbFace
 10
409.09
 20
50.0
 30
2055.58
 11
450.0
 21
50.0
 31
0.0
 12
409.09
 22
50.0
 32
0.0
 13
409.09
 23
50.0
 33
0.0
 70
     1
  0
3DFACE
  5
8B
330
80
100
AcDbEntity
  8
3T_WOOD
100
AcDbFace
 10
409.09
 20
50.0
 30
2055.58
 11
450.0
 21
50.0
 31
2100.0
 12
450.0
 22
50.0
 32
0.0
 13
450.0
 23
50.0
 33
0.0
 70
    13
  0
3DFACE
  5
8C
330
80
100
AcDbEntity
  8
3T_WOOD
100
AcDbFace
 10
-450.0
 20
50.0
 30
2100.0
 11
-409.09
 21
50.0
 31
2055.58
 12
-450.0
 22
50.0
 32
0.0
 13
-450.0
 23
50.0
 33
0.0
 70
     3
  0
3DFACE
  5
8D
330
80
100
AcDbEntity
  8
3T_WOOD
100
AcDbFace
 10
-450.0
 20
-50.0
 30
0.0
 11
-409.09
 21
-50.0
 31
0.0
 12
-409.09
 22
-50.0
 32
2055.58
 13
-409.09
 23
-50.0
 33
2055.58
 70
    12
  0
3DFACE
  5
8E
330
80
100
AcDbEntity
  8
3T_WOOD
100
AcDbFace
 10
409.09
 20
-50.0
 30
2055.58
 11
409.09
 21
-50.0
 31
0.0
 12
450.0
 22
-50.0
 32
0.0
 13
450.0
 23
-50.0
 33
0.0
 70
    12
  0
3DFACE
  5
8F
330
80
100
AcDbEntity
  8
3T_WOOD
100
AcDbFace
 10
409.09
 20
-50.0
 30
2055.58
 11
450.0
 21
-50.0
 31
0.0
 12
450.0
 22
-50.0
 32
2100.0
 13
450.0
 23
-50.0
 33
2100.0
 70
    13
  0
3DFACE
  5
90
330
80
100
AcDbEntity
  8
3T_WOOD
100
AcDbFace
 10
-450.0
 20
-50.0
 30
2100.0
 11
-450.0
 21
-50.0
 31
0.0
 12
-409.09
 22
-50.0
 32
2055.58
 13
-409.09
 23
-50.0
 33
2055.58
 70
    14
  0
3DFACE
  5
91
330
80
100
AcDbEntity
  8
3T_WOOD
100
AcDbFace
 10
450.0
 20
-50.0
 30
0.0
 11
450.0
 21
50.0
 31
0.0
 12
450.0
 22
50.0
 32
2100.0
 13
450.0
 23
50.0
 33
2100.0
 70
    13
  0
3DFACE
  5
92
330
80
100
AcDbEntity
  8
3T_WOOD
100
AcDbFace
 10
450.0
 20
-50.0
 30
2100.0
 11
450.0
 21
-50.0
 31
0.0
 12
450.0
 22
50.0
 32
2100.0
 13
450.0
 23
50.0
 33
2100.0
 70
    14
  0
3DFACE
  5
93
330
80
100
AcDbEntity
  8
3T_WOOD
100
AcDbFace
 10
-450.0
 20
-50.0
 30
0.0
 11
-450.0
 21
-50.0
 31
2100.0
 12
-450.0
 22
50.0
 32
2100.0
 13
-450.0
 23
50.0
 33
2100.0
 70
    14
  0
3DFACE
  5
94
330
80
100
AcDbEntity
  8
3T_WOOD
100
AcDbFace
 10
-450.0
 20
-50.0
 30
0.0
 11
-450.0
 21
50.0
 31
2100.0
 12
-450.0
 22
50.0
 32
0.0
 13
-450.0
 23
50.0
 33
0.0
 70
    13
  0
3DFACE
  5
95
330
80
100
AcDbEntity
  8
3T_WOOD
100
AcDbFace
 10
409.09
 20
-50.0
 30
0.0
 11
409.09
 21
-50.0
 31
2055.58
 12
409.09
 22
50.0
 32
2055.58
 13
409.09
 23
50.0
 33
0.0
  0
3DFACE
  5
96
330
80
100
AcDbEntity
  8
3T_WOOD
100
AcDbFace
 10
-409.09
 20
50.0
 30
0.0
 11
-409.09
 21
50.0
 31
2055.58
 12
-409.09
 22
-50.0
 32
2055.58
 13
-409.09
 23
-50.0
 33
0.0
  0
3DFACE
  5
97
330
80
100
AcDbEntity
  8
3T_BAR
100
AcDbFace
 10
-330.18
 20
80.44
 30
907.28
 11
-341.34
 21
80.44
 31
920.52
 12
-341.34
 22
-63.56
 32
920.52
 13
-330.18
 23
-63.56
 33
907.28
  0
3DFACE
  5
98
330
80
100
AcDbEntity
  8
3T_BAR
100
AcDbFace
 10
-341.34
 20
80.44
 30
920.52
 11
-352.49
 21
80.44
 31
907.28
 12
-352.49
 22
-63.56
 32
907.28
 13
-341.34
 23
-63.56
 33
920.52
  0
3DFACE
  5
99
330
80
100
AcDbEntity
  8
3T_BAR
100
AcDbFace
 10
-352.49
 20
80.44
 30
907.28
 11
-341.34
 21
80.44
 31
894.03
 12
-341.34
 22
-63.56
 32
894.03
 13
-352.49
 23
-63.56
 33
907.28
  0
3DFACE
  5
9A
330
80
100
AcDbEntity
  8
3T_BAR
100
AcDbFace
 10
-341.34
 20
80.44
 30
894.03
 11
-330.18
 21
80.44
 31
907.28
 12
-330.18
 22
-63.56
 32
907.28
 13
-341.34
 23
-63.56
 33
894.03
  0
3DFACE
  5
9B
330
80
100
AcDbEntity
  8
3T_BAR
100
AcDbFace
 10
-351.72
 20
-63.56
 30
907.27
 11
-351.72
 21
-87.56
 31
907.27
 12
-350.12
 22
-87.56
 32
913.54
 13
-351.72
 23
-63.56
 33
907.27
 70
     4
  0
3DFACE
  5
9C
330
80
100
AcDbEntity
  8
3T_BAR
100
AcDbFace
 10
-351.72
 20
-63.56
 30
907.27
 11
-350.12
 21
-87.56
 31
913.54
 12
-350.12
 22
-63.56
 32
913.54
 13
-351.72
 23
-63.56
 33
907.27
 70
     3
  0
3DFACE
  5
9D
330
80
100
AcDbEntity
  8
3T_BAR
100
AcDbFace
 10
-350.12
 20
-63.56
 30
913.54
 11
-350.12
 21
-87.56
 31
913.54
 12
-346.14
 22
-87.56
 32
918.08
 13
-350.12
 23
-63.56
 33
913.54
 70
     5
  0
3DFACE
  5
9E
330
80
100
AcDbEntity
  8
3T_BAR
100
AcDbFace
 10
-350.12
 20
-63.56
 30
913.54
 11
-346.14
 21
-87.56
 31
918.08
 12
-346.14
 22
-63.56
 32
918.08
 13
-350.12
 23
-63.56
 33
913.54
 70
     3
  0
3DFACE
  5
9F
330
80
100
AcDbEntity
  8
3T_BAR
100
AcDbFace
 10
-346.14
 20
-87.56
 30
918.08
 11
-340.81
 21
-87.56
 31
919.73
 12
-340.81
 22
-63.56
 32
919.73
 13
-346.14
 23
-87.56
 33
918.08
 70
     6
  0
3DFACE
  5
A0
330
80
100
AcDbEntity
  8
3T_BAR
100
AcDbFace
 10
-346.14
 20
-87.56
 30
918.08
 11
-340.81
 21
-63.56
 31
919.73
 12
-346.14
 22
-63.56
 32
918.08
 13
-346.14
 23
-87.56
 33
918.08
 70
     5
  0
3DFACE
  5
A1
330
80
100
AcDbEntity
  8
3T_BAR
100
AcDbFace
 10
-340.81
 20
-87.56
 30
919.73
 11
-335.47
 21
-87.56
 31
918.08
 12
-335.47
 22
-63.56
 32
918.08
 13
-340.81
 23
-87.56
 33
919.73
 70
     6
  0
3DFACE
  5
A2
330
80
100
AcDbEntity
  8
3T_BAR
100
AcDbFace
 10
-340.81
 20
-87.56
 30
919.73
 11
-335.47
 21
-63.56
 31
918.08
 12
-340.81
 22
-63.56
 32
919.73
 13
-340.81
 23
-87.56
 33
919.73
 70
     5
  0
3DFACE
  5
A3
330
80
100
AcDbEntity
  8
3T_BAR
100
AcDbFace
 10
-335.47
 20
-63.56
 30
918.08
 11
-335.47
 21
-87.56
 31
918.08
 12
-331.49
 22
-87.56
 32
913.54
 13
-335.47
 23
-63.56
 33
918.08
 70
     5
  0
3DFACE
  5
A4
330
80
100
AcDbEntity
  8
3T_BAR
100
AcDbFace
 10
-335.47
 20
-63.56
 30
918.08
 11
-331.49
 21
-87.56
 31
913.54
 12
-331.49
 22
-63.56
 32
913.54
 13
-335.47
 23
-63.56
 33
918.08
 70
     3
  0
3DFACE
  5
A5
330
80
100
AcDbEntity
  8
3T_BAR
100
AcDbFace
 10
-331.49
 20
-63.56
 30
913.54
 11
-331.49
 21
-87.56
 31
913.54
 12
-329.89
 22
-87.56
 32
907.27
 13
-331.49
 23
-63.56
 33
913.54
 70
     5
  0
3DFACE
  5
A6
330
80
100
AcDbEntity
  8
3T_BAR
100
AcDbFace
 10
-331.49
 20
-63.56
 30
913.54
 11
-329.89
 21
-87.56
 31
907.27
 12
-329.89
 22
-63.56
 32
907.27
 13
-331.49
 23
-63.56
 33
913.54
 70
     1
  0
3DFACE
  5
A7
330
80
100
AcDbEntity
  8
3T_BAR
100
AcDbFace
 10
-329.89
 20
-87.56
 30
907.27
 11
-333.71
 21
-87.56
 31
812.63
 12
-333.71
 22
-63.56
 32
812.63
 13
-329.89
 23
-87.56
 33
907.27
 70
     4
  0
3DFACE
  5
A8
330
80
100
AcDbEntity
  8
3T_BAR
100
AcDbFace
 10
-329.89
 20
-87.56
 30
907.27
 11
-333.71
 21
-63.56
 31
812.63
 12
-329.89
 22
-63.56
 32
907.27
 13
-329.89
 23
-87.56
 33
907.27
 70
     1
  0
3DFACE
  5
A9
330
80
100
AcDbEntity
  8
3T_BAR
100
AcDbFace
 10
-333.71
 20
-63.56
 30
812.63
 11
-333.71
 21
-87.56
 31
812.63
 12
-348.45
 22
-87.56
 32
812.63
 13
-333.71
 23
-63.56
 33
812.63
 70
     4
  0
3DFACE
  5
AA
330
80
100
AcDbEntity
  8
3T_BAR
100
AcDbFace
 10
-333.71
 20
-63.56
 30
812.63
 11
-348.45
 21
-87.56
 31
812.63
 12
-348.45
 22
-63.56
 32
812.63
 13
-333.71
 23
-63.56
 33
812.63
 70
     1
  0
3DFACE
  5
AB
330
80
100
AcDbEntity
  8
3T_BAR
100
AcDbFace
 10
-348.45
 20
-63.56
 30
812.63
 11
-348.45
 21
-87.56
 31
812.63
 12
-351.72
 22
-87.56
 32
907.27
 13
-348.45
 23
-63.56
 33
812.63
 70
     4
  0
3DFACE
  5
AC
330
80
100
AcDbEntity
  8
3T_BAR
100
AcDbFace
 10
-348.45
 20
-63.56
 30
812.63
 11
-351.72
 21
-87.56
 31
907.27
 12
-351.72
 22
-63.56
 32
907.27
 13
-348.45
 23
-63.56
 33
812.63
 70
     1
  0
3DFACE
  5
AD
330
80
100
AcDbEntity
  8
3T_BAR
100
AcDbFace
 10
-348.45
 20
-63.56
 30
812.63
 11
-351.72
 21
-63.56
 31
907.27
 12
-346.14
 22
-63.56
 32
918.08
 13
-348.45
 23
-63.56
 33
812.63
 70
     6
  0
3DFACE
  5
AE
330
80
100
AcDbEntity
  8
3T_BAR
100
AcDbFace
 10
-348.45
 20
-63.56
 30
812.63
 11
-346.14
 21
-63.56
 31
918.08
 12
-340.81
 22
-63.56
 32
919.73
 13
-348.45
 23
-63.56
 33
812.63
 70
     5
  0
3DFACE
  5
AF
330
80
100
AcDbEntity
  8
3T_BAR
100
AcDbFace
 10
-348.45
 20
-63.56
 30
812.63
 11
-340.81
 21
-63.56
 31
919.73
 12
-333.71
 22
-63.56
 32
812.63
 13
-348.45
 23
-63.56
 33
812.63
 70
     3
  0
3DFACE
  5
B0
330
80
100
AcDbEntity
  8
3T_BAR
100
AcDbFace
 10
-351.72
 20
-63.56
 30
907.27
 11
-350.12
 21
-63.56
 31
913.54
 12
-346.14
 22
-63.56
 32
918.08
 13
-351.72
 23
-63.56
 33
907.27
 70
     4
  0
3DFACE
  5
B1
330
80
100
AcDbEntity
  8
3T_BAR
100
AcDbFace
 10
-340.81
 20
-63.56
 30
919.73
 11
-335.47
 21
-63.56
 31
918.08
 12
-333.71
 22
-63.56
 32
812.63
 13
-340.81
 23
-63.56
 33
919.73
 70
     6
  0
3DFACE
  5
B2
330
80
100
AcDbEntity
  8
3T_BAR
100
AcDbFace
 10
-335.47
 20
-63.56
 30
918.08
 11
-331.49
 21
-63.56
 31
913.54
 12
-329.89
 22
-63.56
 32
907.27
 13
-335.47
 23
-63.56
 33
918.08
 70
     4
  0
3DFACE
  5
B3
330
80
100
AcDbEntity
  8
3T_BAR
100
AcDbFace
 10
-335.47
 20
-63.56
 30
918.08
 11
-329.89
 21
-63.56
 31
907.27
 12
-333.71
 22
-63.56
 32
812.63
 13
-335.47
 23
-63.56
 33
918.08
 70
     5
  0
3DFACE
  5
B4
330
80
100
AcDbEntity
  8
3T_BAR
100
AcDbFace
 10
-329.89
 20
-87.56
 30
907.27
 11
-331.49
 21
-87.56
 31
913.54
 12
-335.47
 22
-87.56
 32
918.08
 13
-329.89
 23
-87.56
 33
907.27
 70
     4
  0
3DFACE
  5
B5
330
80
100
AcDbEntity
  8
3T_BAR
100
AcDbFace
 10
-329.89
 20
-87.56
 30
907.27
 11
-335.47
 21
-87.56
 31
918.08
 12
-333.71
 22
-87.56
 32
812.63
 13
-329.89
 23
-87.56
 33
907.27
 70
     3
  0
3DFACE
  5
B6
330
80
100
AcDbEntity
  8
3T_BAR
100
AcDbFace
 10
-333.71
 20
-87.56
 30
812.63
 11
-335.47
 21
-87.56
 31
918.08
 12
-340.81
 22
-87.56
 32
919.73
 13
-333.71
 23
-87.56
 33
812.63
 70
     5
  0
3DFACE
  5
B7
330
80
100
AcDbEntity
  8
3T_BAR
100
AcDbFace
 10
-333.71
 20
-87.56
 30
812.63
 11
-340.81
 21
-87.56
 31
919.73
 12
-348.45
 22
-87.56
 32
812.63
 13
-333.71
 23
-87.56
 33
812.63
 70
     3
  0
3DFACE
  5
B8
330
80
100
AcDbEntity
  8
3T_BAR
100
AcDbFace
 10
-340.81
 20
-87.56
 30
919.73
 11
-346.14
 21
-87.56
 31
918.08
 12
-348.45
 22
-87.56
 32
812.63
 13
-340.81
 23
-87.56
 33
919.73
 70
     6
  0
3DFACE
  5
B9
330
80
100
AcDbEntity
  8
3T_BAR
100
AcDbFace
 10
-346.14
 20
-87.56
 30
918.08
 11
-350.12
 21
-87.56
 31
913.54
 12
-351.72
 22
-87.56
 32
907.27
 13
-346.14
 23
-87.56
 33
918.08
 70
     4
  0
3DFACE
  5
BA
330
80
100
AcDbEntity
  8
3T_BAR
100
AcDbFace
 10
-346.14
 20
-87.56
 30
918.08
 11
-351.72
 21
-87.56
 31
907.27
 12
-348.45
 22
-87.56
 32
812.63
 13
-346.14
 23
-87.56
 33
918.08
 70
     5
  0
3DFACE
  5
BB
330
80
100
AcDbEntity
  8
3T_BAR
100
AcDbFace
 10
-351.72
 20
80.44
 30
907.27
 11
-351.72
 21
56.44
 31
907.27
 12
-350.12
 22
56.44
 32
913.54
 13
-351.72
 23
80.44
 33
907.27
 70
     4
  0
3DFACE
  5
BC
330
80
100
AcDbEntity
  8
3T_BAR
100
AcDbFace
 10
-351.72
 20
80.44
 30
907.27
 11
-350.12
 21
56.44
 31
913.54
 12
-350.12
 22
80.44
 32
913.54
 13
-351.72
 23
80.44
 33
907.27
 70
     3
  0
3DFACE
  5
BD
330
80
100
AcDbEntity
  8
3T_BAR
100
AcDbFace
 10
-350.12
 20
80.44
 30
913.54
 11
-350.12
 21
56.44
 31
913.54
 12
-346.14
 22
56.44
 32
918.08
 13
-350.12
 23
80.44
 33
913.54
 70
     5
  0
3DFACE
  5
BE
330
80
100
AcDbEntity
  8
3T_BAR
100
AcDbFace
 10
-350.12
 20
80.44
 30
913.54
 11
-346.14
 21
56.44
 31
918.08
 12
-346.14
 22
80.44
 32
918.08
 13
-350.12
 23
80.44
 33
913.54
 70
     3
  0
3DFACE
  5
BF
330
80
100
AcDbEntity
  8
3T_BAR
100
AcDbFace
 10
-346.14
 20
56.44
 30
918.08
 11
-340.81
 21
56.44
 31
919.73
 12
-340.81
 22
80.44
 32
919.73
 13
-346.14
 23
56.44
 33
918.08
 70
     6
  0
3DFACE
  5
C0
330
80
100
AcDbEntity
  8
3T_BAR
100
AcDbFace
 10
-346.14
 20
56.44
 30
918.08
 11
-340.81
 21
80.44
 31
919.73
 12
-346.14
 22
80.44
 32
918.08
 13
-346.14
 23
56.44
 33
918.08
 70
     5
  0
3DFACE
  5
C1
330
80
100
AcDbEntity
  8
3T_BAR
100
AcDbFace
 10
-340.81
 20
56.44
 30
919.73
 11
-335.47
 21
56.44
 31
918.08
 12
-335.47
 22
80.44
 32
918.08
 13
-340.81
 23
56.44
 33
919.73
 70
     6
  0
3DFACE
  5
C2
330
80
100
AcDbEntity
  8
3T_BAR
100
AcDbFace
 10
-340.81
 20
56.44
 30
919.73
 11
-335.47
 21
80.44
 31
918.08
 12
-340.81
 22
80.44
 32
919.73
 13
-340.81
 23
56.44
 33
919.73
 70
     5
  0
3DFACE
  5
C3
330
80
100
AcDbEntity
  8
3T_BAR
100
AcDbFace
 10
-335.47
 20
80.44
 30
918.08
 11
-335.47
 21
56.44
 31
918.08
 12
-331.49
 22
56.44
 32
913.54
 13
-335.47
 23
80.44
 33
918.08
 70
     5
  0
3DFACE
  5
C4
330
80
100
AcDbEntity
  8
3T_BAR
100
AcDbFace
 10
-335.47
 20
80.44
 30
918.08
 11
-331.49
 21
56.44
 31
913.54
 12
-331.49
 22
80.44
 32
913.54
 13
-335.47
 23
80.44
 33
918.08
 70
     3
  0
3DFACE
  5
C5
330
80
100
AcDbEntity
  8
3T_BAR
100
AcDbFace
 10
-331.49
 20
80.44
 30
913.54
 11
-331.49
 21
56.44
 31
913.54
 12
-329.89
 22
56.44
 32
907.27
 13
-331.49
 23
80.44
 33
913.54
 70
     5
  0
3DFACE
  5
C6
330
80
100
AcDbEntity
  8
3T_BAR
100
AcDbFace
 10
-331.49
 20
80.44
 30
913.54
 11
-329.89
 21
56.44
 31
907.27
 12
-329.89
 22
80.44
 32
907.27
 13
-331.49
 23
80.44
 33
913.54
 70
     1
  0
3DFACE
  5
C7
330
80
100
AcDbEntity
  8
3T_BAR
100
AcDbFace
 10
-329.89
 20
56.44
 30
907.27
 11
-333.71
 21
56.44
 31
812.63
 12
-333.71
 22
80.44
 32
812.63
 13
-329.89
 23
56.44
 33
907.27
 70
     4
  0
3DFACE
  5
C8
330
80
100
AcDbEntity
  8
3T_BAR
100
AcDbFace
 10
-329.89
 20
56.44
 30
907.27
 11
-333.71
 21
80.44
 31
812.63
 12
-329.89
 22
80.44
 32
907.27
 13
-329.89
 23
56.44
 33
907.27
 70
     1
  0
3DFACE
  5
C9
330
80
100
AcDbEntity
  8
3T_BAR
100
AcDbFace
 10
-333.71
 20
80.44
 30
812.63
 11
-333.71
 21
56.44
 31
812.63
 12
-348.45
 22
56.44
 32
812.63
 13
-333.71
 23
80.44
 33
812.63
 70
     4
  0
3DFACE
  5
CA
330
80
100
AcDbEntity
  8
3T_BAR
100
AcDbFace
 10
-333.71
 20
80.44
 30
812.63
 11
-348.45
 21
56.44
 31
812.63
 12
-348.45
 22
80.44
 32
812.63
 13
-333.71
 23
80.44
 33
812.63
 70
     1
  0
3DFACE
  5
CB
330
80
100
AcDbEntity
  8
3T_BAR
100
AcDbFace
 10
-348.45
 20
80.44
 30
812.63
 11
-348.45
 21
56.44
 31
812.63
 12
-351.72
 22
56.44
 32
907.27
 13
-348.45
 23
80.44
 33
812.63
 70
     4
  0
3DFACE
  5
CC
330
80
100
AcDbEntity
  8
3T_BAR
100
AcDbFace
 10
-348.45
 20
80.44
 30
812.63
 11
-351.72
 21
56.44
 31
907.27
 12
-351.72
 22
80.44
 32
907.27
 13
-348.45
 23
80.44
 33
812.63
 70
     1
  0
3DFACE
  5
CD
330
80
100
AcDbEntity
  8
3T_BAR
100
AcDbFace
 10
-348.45
 20
80.44
 30
812.63
 11
-351.72
 21
80.44
 31
907.27
 12
-346.14
 22
80.44
 32
918.08
 13
-348.45
 23
80.44
 33
812.63
 70
     6
  0
3DFACE
  5
CE
330
80
100
AcDbEntity
  8
3T_BAR
100
AcDbFace
 10
-348.45
 20
80.44
 30
812.63
 11
-346.14
 21
80.44
 31
918.08
 12
-340.81
 22
80.44
 32
919.73
 13
-348.45
 23
80.44
 33
812.63
 70
     5
  0
3DFACE
  5
CF
330
80
100
AcDbEntity
  8
3T_BAR
100
AcDbFace
 10
-348.45
 20
80.44
 30
812.63
 11
-340.81
 21
80.44
 31
919.73
 12
-333.71
 22
80.44
 32
812.63
 13
-348.45
 23
80.44
 33
812.63
 70
     3
  0
3DFACE
  5
D0
330
80
100
AcDbEntity
  8
3T_BAR
100
AcDbFace
 10
-351.72
 20
80.44
 30
907.27
 11
-350.12
 21
80.44
 31
913.54
 12
-346.14
 22
80.44
 32
918.08
 13
-351.72
 23
80.44
 33
907.27
 70
     4
  0
3DFACE
  5
D1
330
80
100
AcDbEntity
  8
3T_BAR
100
AcDbFace
 10
-340.81
 20
80.44
 30
919.73
 11
-335.47
 21
80.44
 31
918.08
 12
-333.71
 22
80.44
 32
812.63
 13
-340.81
 23
80.44
 33
919.73
 70
     6
  0
3DFACE
  5
D2
330
80
100
AcDbEntity
  8
3T_BAR
100
AcDbFace
 10
-335.47
 20
80.44
 30
918.08
 11
-331.49
 21
80.44
 31
913.54
 12
-329.89
 22
80.44
 32
907.27
 13
-335.47
 23
80.44
 33
918.08
 70
     4
  0
3DFACE
  5
D3
330
80
100
AcDbEntity
  8
3T_BAR
100
AcDbFace
 10
-335.47
 20
80.44
 30
918.08
 11
-329.89
 21
80.44
 31
907.27
 12
-333.71
 22
80.44
 32
812.63
 13
-335.47
 23
80.44
 33
918.08
 70
     5
  0
3DFACE
  5
D4
330
80
100
AcDbEntity
  8
3T_BAR
100
AcDbFace
 10
-329.89
 20
56.44
 30
907.27
 11
-331.49
 21
56.44
 31
913.54
 12
-335.47
 22
56.44
 32
918.08
 13
-329.89
 23
56.44
 33
907.27
 70
     4
  0
3DFACE
  5
D5
330
80
100
AcDbEntity
  8
3T_BAR
100
AcDbFace
 10
-329.89
 20
56.44
 30
907.27
 11
-335.47
 21
56.44
 31
918.08
 12
-333.71
 22
56.44
 32
812.63
 13
-329.89
 23
56.44
 33
907.27
 70
     3
  0
3DFACE
  5
D6
330
80
100
AcDbEntity
  8
3T_BAR
100
AcDbFace
 10
-333.71
 20
56.44
 30
812.63
 11
-335.47
 21
56.44
 31
918.08
 12
-340.81
 22
56.44
 32
919.73
 13
-333.71
 23
56.44
 33
812.63
 70
     5
  0
3DFACE
  5
D7
330
80
100
AcDbEntity
  8
3T_BAR
100
AcDbFace
 10
-333.71
 20
56.44
 30
812.63
 11
-340.81
 21
56.44
 31
919.73
 12
-348.45
 22
56.44
 32
812.63
 13
-333.71
 23
56.44
 33
812.63
 70
     3
  0
3DFACE
  5
D8
330
80
100
AcDbEntity
  8
3T_BAR
100
AcDbFace
 10
-340.81
 20
56.44
 30
919.73
 11
-346.14
 21
56.44
 31
918.08
 12
-348.45
 22
56.44
 32
812.63
 13
-340.81
 23
56.44
 33
919.73
 70
     6
  0
3DFACE
  5
D9
330
80
100
AcDbEntity
  8
3T_BAR
100
AcDbFace
 10
-346.14
 20
56.44
 30
918.08
 11
-350.12
 21
56.44
 31
913.54
 12
-351.72
 22
56.44
 32
907.27
 13
-346.14
 23
56.44
 33
918.08
 70
     4
  0
3DFACE
  5
DA
330
80
100
AcDbEntity
  8
3T_BAR
100
AcDbFace
 10
-346.14
 20
56.44
 30
918.08
 11
-351.72
 21
56.44
 31
907.27
 12
-348.45
 22
56.44
 32
812.63
 13
-346.14
 23
56.44
 33
918.08
 70
     5
  0
3DFACE
  5
DB
330
80
100
AcDbEntity
  8
3T_WOOD
100
AcDbFace
 10
409.41
 20
10.0
 30
2055.56
 11
-411.02
 21
10.0
 31
2055.56
 12
-411.02
 22
10.0
 32
1.21
 13
409.41
 23
10.0
 33
1.21
  0
ENDBLK
  5
DC
330
80
100
AcDbEntity
  8
0
100
AcDbBlockEnd
  0
BLOCK
  5
E0
330
DE
100
AcDbEntity
  8
0
100
AcDbBlockBegin
  2
$DorLib2D$00000001
 70
     0
 10
0.0
 20
0.0
 30
0.0
  3
$DorLib2D$00000001
  1

  0
LINE
  5
E1
330
DE
100
AcDbEntity
  8
0
100
AcDbLine
 10
0.45
 20
0.98
 30
0.0
 11
0.5
 21
0.98
 31
0.0
  0
LINE
  5
E2
330
DE
100
AcDbEntity
  8
0
100
AcDbLine
 10
0.5
 20
0.0
 30
0.0
 11
0.45
 21
0.0
 31
0.0
  0
ARC
  5
E3
330
DE
100
AcDbEntity
  8
0
370
    13
100
AcDbCircle
 10
0.48
 20
0.0
 30
0.0
 40
0.975
100
AcDbArc
 50
91.47
 51
180.0
  0
LINE
  5
E4
330
DE
100
AcDbEntity
  8
0
100
AcDbLine
 10
0.5
 20
0.0
 30
0.0
 11
0.5
 21
0.98
 31
0.0
  0
LINE
  5
E5
330
DE
100
AcDbEntity
  8
0
100
AcDbLine
 10
0.45
 20
0.0
 30
0.0
 11
0.45
 21
0.98
 31
0.0
  0
ENDBLK
  5
E6
330
DE
100
AcDbEntity
  8
0
100
AcDbBlockEnd
  0
BLOCK
  5
10F
330
10E
100
AcDbEntity
  8
0
100
AcDbBlockBegin
  2
$DorLib2D$00000131
 70
     0
 10
0.0
 20
0.0
 30
0.0
  3
$DorLib2D$00000131
  1

  0
LINE
  5
110
330
10E
100
AcDbEntity
  8
0
  6
Continuous
 62
     0
100
AcDbLine
 10
-0.23
 20
-0.2
 30
0.0
 11
-0.23
 21
-0.13
 31
0.0
  0
LINE
  5
111
330
10E
100
AcDbEntity
  8
0
  6
Continuous
 62
     0
100
AcDbLine
 10
-0.15
 20
-0.13
 30
0.0
 11
-0.23
 21
-0.2
 31
0.0
  0
LINE
  5
112
330
10E
100
AcDbEntity
  8
0
  6
Continuous
 62
     0
100
AcDbLine
 10
-0.35
 20
-0.13
 30
0.0
 11
-0.15
 21
-0.13
 31
0.0
  0
LINE
  5
113
330
10E
100
AcDbEntity
  8
0
  6
Continuous
 62
     0
100
AcDbLine
 10
0.23
 20
0.2
 30
0.0
 11
0.23
 21
0.13
 31
0.0
  0
LINE
  5
114
330
10E
100
AcDbEntity
  8
0
  6
Continuous
 62
     0
100
AcDbLine
 10
0.15
 20
0.13
 30
0.0
 11
0.23
 21
0.2
 31
0.0
  0
LINE
  5
115
330
10E
100
AcDbEntity
  8
0
  6
Continuous
 62
     0
100
AcDbLine
 10
0.35
 20
0.13
 30
0.0
 11
0.15
 21
0.13
 31
0.0
  0
LINE
  5
116
330
10E
100
AcDbEntity
  8
0
  6
Continuous
 62
     0
100
AcDbLine
 10
0.5
 20
0.0
 30
0.0
 11
0.5
 21
-0.13
 31
0.0
  0
LINE
  5
117
330
10E
100
AcDbEntity
  8
0
  6
Continuous
 62
     0
100
AcDbLine
 10
-0.02
 20
0.0
 30
0.0
 11
0.5
 21
0.0
 31
0.0
  0
LINE
  5
118
330
10E
100
AcDbEntity
  8
0
  6
Continuous
 62
     0
100
AcDbLine
 10
-0.02
 20
-0.13
 30
0.0
 11
-0.02
 21
0.0
 31
0.0
  0
LINE
  5
119
330
10E
100
AcDbEntity
  8
0
  6
Continuous
 62
     0
100
AcDbLine
 10
0.5
 20
-0.13
 30
0.0
 11
-0.02
 21
-0.13
 31
0.0
  0
LINE
  5
11A
330
10E
100
AcDbEntity
  8
0
  6
Continuous
 62
     0
100
AcDbLine
 10
-0.5
 20
0.13
 30
0.0
 11
-0.5
 21
0.0
 31
0.0
  0
LINE
  5
11B
330
10E
100
AcDbEntity
  8
0
  6
Continuous
 62
     0
100
AcDbLine
 10
0.02
 20
0.13
 30
0.0
 11
-0.5
 21
0.13
 31
0.0
  0
LINE
  5
11C
330
10E
100
AcDbEntity
  8
0
  6
Continuous
 62
     0
100
AcDbLine
 10
0.02
 20
0.0
 30
0.0
 11
0.02
 21
0.13
 31
0.0
  0
LINE
  5
11D
330
10E
100
AcDbEntity
  8
0
  6
Continuous
 62
     0
100
AcDbLine
 10
-0.5
 20
0.0
 30
0.0
 11
0.02
 21
0.0
 31
0.0
  0
ENDBLK
  5
11E
330
10E
100
AcDbEntity
  8
0
100
AcDbBlockEnd
  0
BLOCK
  5
14E
330
14D
100
AcDbEntity
  8
0
100
AcDbBlockBegin
  2
*D9
 70
     1
 10
0.0
 20
0.0
 30
0.0
  3
*D9
  1

  0
LINE
  5
14F
330
14D
100
AcDbEntity
  8
HT-A-AXIS-F01-NEW
 62
     0
440
 16777216
370
    -2
100
AcDbLine
 10
16637.28
 20
13532.46
 30
0.0
 11
19087.28
 21
13532.46
 31
0.0
  0
LINE
  5
150
330
14D
100
AcDbEntity
  8
HT-A-AXIS-F01-NEW
 62
     0
440
 16777216
370
    -2
100
AcDbLine
 10
16637.28
 20
17532.46
 30
0.0
 11
19087.28
 21
17532.46
 31
0.0
  0
LINE
  5
151
330
14D
100
AcDbEntity
  8
HT-A-AXIS-F01-NEW
 62
     0
440
 16777216
370
    -2
100
AcDbLine
 10
18837.28
 20
13532.46
 30
0.0
 11
18837.28
 21
17532.46
 31
0.0
  0
INSERT
  5
152
330
14D
100
AcDbEntity
  8
HT-A-AXIS-F01-NEW
 62
     0
440
 16777216
370
    -2
100
AcDbBlockReference
  2
_ArchTick
 10
18837.28
 20
13532.46
 30
0.0
 41
100.0
 42
100.0
 43
100.0
 50
270.0
  0
INSERT
  5
157
330
14D
100
AcDbEntity
  8
HT-A-AXIS-F01-NEW
 62
     0
440
 16777216
370
    -2
100
AcDbBlockReference
  2
_ArchTick
 10
18837.28
 20
17532.46
 30
0.0
 41
100.0
 42
100.0
 43
100.0
 50
90.0
  0
MTEXT
  5
158
330
14D
100
AcDbEntity
  8
HT-A-AXIS-F01-NEW
 62
     7
440
 16777216
100
AcDbMText
 10
18562.28
 20
15532.46
 30
0.0
 40
297.5
 41
0.0
 46
0.0
 71
     5
 72
     1
  1
\A1;4000
  7
_TCH_DIM_T3
 11
0.0
 21
1.0
 31
0.0
 73
     1
 44
1.0
  0
POINT
  5
15A
330
14D
100
AcDbEntity
  8
Defpoints
 62
     0
440
 16777216
100
AcDbPoint
 10
16337.28
 20
13532.46
 30
0.0
  0
POINT
  5
15C
330
14D
100
AcDbEntity
  8
Defpoints
 62
     0
440
 16777216
100
AcDbPoint
 10
16337.28
 20
17532.46
 30
0.0
  0
POINT
  5
15D
330
14D
100
AcDbEntity
  8
Defpoints
 62
     0
440
 16777216
100
AcDbPoint
 10
18837.28
 20
17532.46
 30
0.0
  0
ENDBLK
  5
15E
330
14D
100
AcDbEntity
  8
0
100
AcDbBlockEnd
  0
BLOCK
  5
162
330
161
100
AcDbEntity
  8
0
100
AcDbBlockBegin
  2
*D10
 70
     1
 10
0.0
 20
0.0
 30
0.0
  3
*D10
  1

  0
LINE
  5
163
330
161
100
AcDbEntity
  8
HT-A-AXIS-F01-NEW
 62
     0
440
 16777216
370
    -2
100
AcDbLine
 10
16637.28
 20
17532.46
 30
0.0
 11
19087.28
 21
17532.46
 31
0.0
  0
LINE
  5
164
330
161
100
AcDbEntity
  8
HT-A-AXIS-F01-NEW
 62
     0
440
 16777216
370
    -2
100
AcDbLine
 10
16637.28
 20
20532.46
 30
0.0
 11
19087.28
 21
20532.46
 31
0.0
  0
LINE
  5
165
330
161
100
AcDbEntity
  8
HT-A-AXIS-F01-NEW
 62
     0
440
 16777216
370
    -2
100
AcDbLine
 10
18837.28
 20
17532.46
 30
0.0
 11
18837.28
 21
20532.46
 31
0.0
  0
INSERT
  5
166
330
161
100
AcDbEntity
  8
HT-A-AXIS-F01-NEW
 62
     0
440
 16777216
370
    -2
100
AcDbBlockReference
  2
_ArchTick
 10
18837.28
 20
17532.46
 30
0.0
 41
100.0
 42
100.0
 43
100.0
 50
270.0
  0
INSERT
  5
167
330
161
100
AcDbEntity
  8
HT-A-AXIS-F01-NEW
 62
     0
440
 16777216
370
    -2
100
AcDbBlockReference
  2
_ArchTick
 10
18837.28
 20
20532.46
 30
0.0
 41
100.0
 42
100.0
 43
100.0
 50
90.0
  0
MTEXT
  5
168
330
161
100
AcDbEntity
  8
HT-A-AXIS-F01-NEW
 62
     7
440
 16777216
100
AcDbMText
 10
18562.28
 20
19032.46
 30
0.0
 40
297.5
 41
0.0
 46
0.0
 71
     5
 72
     1
  1
\A1;3000
  7
_TCH_DIM_T3
 11
0.0
 21
1.0
 31
0.0
 73
     1
 44
1.0
  0
POINT
  5
169
330
161
100
AcDbEntity
  8
Defpoints
 62
     0
440
 16777216
100
AcDbPoint
 10
16337.28
 20
17532.46
 30
0.0
  0
POINT
  5
16A
330
161
100
AcDbEntity
  8
Defpoints
 62
     0
440
 16777216
100
AcDbPoint
 10
16337.28
 20
20532.46
 30
0.0
  0
POINT
  5
16B
330
161
100
AcDbEntity
  8
Defpoints
 62
     0
440
 16777216
100
AcDbPoint
 10
18837.28
 20
20532.46
 30
0.0
  0
ENDBLK
  5
16C
330
161
100
AcDbEntity
  8
0
100
AcDbBlockEnd
  0
BLOCK
  5
16F
330
16E
100
AcDbEntity
  8
0
100
AcDbBlockBegin
  2
*D11
 70
     1
 10
0.0
 20
0.0
 30
0.0
  3
*D11
  1

  0
LINE
  5
170
330
16E
100
AcDbEntity
  8
HT-A-AXIS-F01-NEW
 62
     0
440
 16777216
370
    -2
100
AcDbLine
 10
16637.28
 20
20532.46
 30
0.0
 11
19087.28
 21
20532.46
 31
0.0
  0
LINE
  5
171
330
16E
100
AcDbEntity
  8
HT-A-AXIS-F01-NEW
 62
     0
440
 16777216
370
    -2
100
AcDbLine
 10
16637.28
 20
24532.46
 30
0.0
 11
19087.28
 21
24532.46
 31
0.0
  0
LINE
  5
172
330
16E
100
AcDbEntity
  8
HT-A-AXIS-F01-NEW
 62
     0
440
 16777216
370
    -2
100
AcDbLine
 10
18837.28
 20
20532.46
 30
0.0
 11
18837.28
 21
24532.46
 31
0.0
  0
INSERT
  5
173
330
16E
100
AcDbEntity
  8
HT-A-AXIS-F01-NEW
 62
     0
440
 16777216
370
    -2
100
AcDbBlockReference
  2
_ArchTick
 10
18837.28
 20
20532.46
 30
0.0
 41
100.0
 42
100.0
 43
100.0
 50
270.0
  0
INSERT
  5
174
330
16E
100
AcDbEntity
  8
HT-A-AXIS-F01-NEW
 62
     0
440
 16777216
370
    -2
100
AcDbBlockReference
  2
_ArchTick
 10
18837.28
 20
24532.46
 30
0.0
 41
100.0
 42
100.0
 43
100.0
 50
90.0
  0
MTEXT
  5
175
330
16E
100
AcDbEntity
  8
HT-A-AXIS-F01-NEW
 62
     7
440
 16777216
100
AcDbMText
 10
18562.28
 20
22532.46
 30
0.0
 40
297.5
 41
0.0
 46
0.0
 71
     5
 72
     1
  1
\A1;4000
  7
_TCH_DIM_T3
 11
0.0
 21
1.0
 31
0.0
 73
     1
 44
1.0
  0
POINT
  5
176
330
16E
100
AcDbEntity
  8
Defpoints
 62
     0
440
 16777216
100
AcDbPoint
 10
16337.28
 20
20532.46
 30
0.0
  0
POINT
  5
177
330
16E
100
AcDbEntity
  8
Defpoints
 62
     0
440
 16777216
100
AcDbPoint
 10
16337.28
 20
24532.46
 30
0.0
  0
POINT
  5
178
330
16E
100
AcDbEntity
  8
Defpoints
 62
     0
440
 16777216
100
AcDbPoint
 10
18837.28
 20
24532.46
 30
0.0
  0
ENDBLK
  5
179
330
16E
100
AcDbEntity
  8
0
100
AcDbBlockEnd
  0
BLOCK
  5
17C
330
17B
100
AcDbEntity
  8
0
100
AcDbBlockBegin
  2
*D12
 70
     1
 10
0.0
 20
0.0
 30
0.0
  3
*D12
  1

  0
LINE
  5
17D
330
17B
100
AcDbEntity
  8
HT-A-AXIS-F01-NEW
 62
     0
440
 16777216
370
    -2
100
AcDbLine
 10
16637.28
 20
13532.46
 30
0.0
 11
19887.28
 21
13532.46
 31
0.0
  0
LINE
  5
17E
330
17B
100
AcDbEntity
  8
HT-A-AXIS-F01-NEW
 62
     0
440
 16777216
370
    -2
100
AcDbLine
 10
16637.28
 20
24532.46
 30
0.0
 11
19887.28
 21
24532.46
 31
0.0
  0
LINE
  5
17F
330
17B
100
AcDbEntity
  8
HT-A-AXIS-F01-NEW
 62
     0
440
 16777216
370
    -2
100
AcDbLine
 10
19637.28
 20
13532.46
 30
0.0
 11
19637.28
 21
24532.46
 31
0.0
  0
INSERT
  5
180
330
17B
100
AcDbEntity
  8
HT-A-AXIS-F01-NEW
 62
     0
440
 16777216
370
    -2
100
AcDbBlockReference
  2
_ArchTick
 10
19637.28
 20
13532.46
 30
0.0
 41
100.0
 42
100.0
 43
100.0
 50
270.0
  0
INSERT
  5
181
330
17B
100
AcDbEntity
  8
HT-A-AXIS-F01-NEW
 62
     0
440
 16777216
370
    -2
100
AcDbBlockReference
  2
_ArchTick
 10
19637.28
 20
24532.46
 30
0.0
 41
100.0
 42
100.0
 43
100.0
 50
90.0
  0
MTEXT
  5
182
330
17B
100
AcDbEntity
  8
HT-A-AXIS-F01-NEW
 62
     7
440
 16777216
100
AcDbMText
 10
19362.28
 20
19032.46
 30
0.0
 40
297.5
 41
0.0
 46
0.0
 71
     5
 72
     1
  1
\A1;11000
  7
_TCH_DIM_T3
 11
0.0
 21
1.0
 31
0.0
 73
     1
 44
1.0
  0
POINT
  5
183
330
17B
100
AcDbEntity
  8
Defpoints
 62
     0
440
 16777216
100
AcDbPoint
 10
16337.28
 20
13532.46
 30
0.0
  0
POINT
  5
184
330
17B
100
AcDbEntity
  8
Defpoints
 62
     0
440
 16777216
100
AcDbPoint
 10
16337.28
 20
24532.46
 30
0.0
  0
POINT
  5
185
330
17B
100
AcDbEntity
  8
Defpoints
 62
     0
440
 16777216
100
AcDbPoint
 10
19637.28
 20
24532.46
 30
0.0
  0
ENDBLK
  5
186
330
17B
100
AcDbEntity
  8
0
100
AcDbBlockEnd
  0
BLOCK
  5
189
330
188
100
AcDbEntity
  8
0
100
AcDbBlockBegin
  2
*D13
 70
     1
 10
0.0
 20
0.0
 30
0.0
  3
*D13
  1

  0
LINE
  5
18A
330
188
100
AcDbEntity
  8
HT-A-AXIS-F01-NEW
 62
     0
440
 16777216
370
    -2
100
AcDbLine
 10
-1462.72
 20
13532.46
 30
0.0
 11
-3912.72
 21
13532.46
 31
0.0
  0
LINE
  5
18B
330
188
100
AcDbEntity
  8
HT-A-AXIS-F01-NEW
 62
     0
440
 16777216
370
    -2
100
AcDbLine
 10
-1462.72
 20
17532.46
 30
0.0
 11
-3912.72
 21
17532.46
 31
0.0
  0
LINE
  5
18C
330
188
100
AcDbEntity
  8
HT-A-AXIS-F01-NEW
 62
     0
440
 16777216
370
    -2
100
AcDbLine
 10
-3662.72
 20
13532.46
 30
0.0
 11
-3662.72
 21
17532.46
 31
0.0
  0
INSERT
  5
18D
330
188
100
AcDbEntity
  8
HT-A-AXIS-F01-NEW
 62
     0
440
 16777216
370
    -2
100
AcDbBlockReference
  2
_ArchTick
 10
-3662.72
 20
13532.46
 30
0.0
 41
100.0
 42
100.0
 43
100.0
 50
270.0
  0
INSERT
  5
18E
330
188
100
AcDbEntity
  8
HT-A-AXIS-F01-NEW
 62
     0
440
 16777216
370
    -2
100
AcDbBlockReference
  2
_ArchTick
 10
-3662.72
 20
17532.46
 30
0.0
 41
100.0
 42
100.0
 43
100.0
 50
90.0
  0
MTEXT
  5
18F
330
188
100
AcDbEntity
  8
HT-A-AXIS-F01-NEW
 62
     7
440
 16777216
100
AcDbMText
 10
-3937.72
 20
15532.46
 30
0.0
 40
297.5
 41
0.0
 46
0.0
 71
     5
 72
     1
  1
\A1;4000
  7
_TCH_DIM_T3
 11
0.0
 21
1.0
 31
0.0
 73
     1
 44
1.0
  0
POINT
  5
190
330
188
100
AcDbEntity
  8
Defpoints
 62
     0
440
 16777216
100
AcDbPoint
 10
-1162.72
 20
13532.46
 30
0.0
  0
POINT
  5
191
330
188
100
AcDbEntity
  8
Defpoints
 62
     0
440
 16777216
100
AcDbPoint
 10
-1162.72
 20
17532.46
 30
0.0
  0
POINT
  5
192
330
188
100
AcDbEntity
  8
Defpoints
 62
     0
440
 16777216
100
AcDbPoint
 10
-3662.72
 20
17532.46
 30
0.0
  0
ENDBLK
  5
193
330
188
100
AcDbEntity
  8
0
100
AcDbBlockEnd
  0
BLOCK
  5
196
330
195
100
AcDbEntity
  8
0
100
AcDbBlockBegin
  2
*D14
 70
     1
 10
0.0
 20
0.0
 30
0.0
  3
*D14
  1

  0
LINE
  5
197
330
195
100
AcDbEntity
  8
HT-A-AXIS-F01-NEW
 62
     0
440
 16777216
370
    -2
100
AcDbLine
 10
-1462.72
 20
17532.46
 30
0.0
 11
-3912.72
 21
17532.46
 31
0.0
  0
LINE
  5
198
330
195
100
AcDbEntity
  8
HT-A-AXIS-F01-NEW
 62
     0
440
 16777216
370
    -2
100
AcDbLine
 10
-1462.72
 20
20532.46
 30
0.0
 11
-3912.72
 21
20532.46
 31
0.0
  0
LINE
  5
199
330
195
100
AcDbEntity
  8
HT-A-AXIS-F01-NEW
 62
     0
440
 16777216
370
    -2
100
AcDbLine
 10
-3662.72
 20
17532.46
 30
0.0
 11
-3662.72
 21
20532.46
 31
0.0
  0
INSERT
  5
19A
330
195
100
AcDbEntity
  8
HT-A-AXIS-F01-NEW
 62
     0
440
 16777216
370
    -2
100
AcDbBlockReference
  2
_ArchTick
 10
-3662.72
 20
17532.46
 30
0.0
 41
100.0
 42
100.0
 43
100.0
 50
270.0
  0
INSERT
  5
19B
330
195
100
AcDbEntity
  8
HT-A-AXIS-F01-NEW
 62
     0
440
 16777216
370
    -2
100
AcDbBlockReference
  2
_ArchTick
 10
-3662.72
 20
20532.46
 30
0.0
 41
100.0
 42
100.0
 43
100.0
 50
90.0
  0
MTEXT
  5
19C
330
195
100
AcDbEntity
  8
HT-A-AXIS-F01-NEW
 62
     7
440
 16777216
100
AcDbMText
 10
-3937.72
 20
19032.46
 30
0.0
 40
297.5
 41
0.0
 46
0.0
 71
     5
 72
     1
  1
\A1;3000
  7
_TCH_DIM_T3
 11
0.0
 21
1.0
 31
0.0
 73
     1
 44
1.0
  0
POINT
  5
19D
330
195
100
AcDbEntity
  8
Defpoints
 62
     0
440
 16777216
100
AcDbPoint
 10
-1162.72
 20
17532.46
 30
0.0
  0
POINT
  5
19E
330
195
100
AcDbEntity
  8
Defpoints
 62
     0
440
 16777216
100
AcDbPoint
 10
-1162.72
 20
20532.46
 30
0.0
  0
POINT
  5
19F
330
195
100
AcDbEntity
  8
Defpoints
 62
     0
440
 16777216
100
AcDbPoint
 10
-3662.72
 20
20532.46
 30
0.0
  0
ENDBLK
  5
1A0
330
195
100
AcDbEntity
  8
0
100
AcDbBlockEnd
  0
BLOCK
  5
1A3
330
1A2
100
AcDbEntity
  8
0
100
AcDbBlockBegin
  2
*D15
 70
     1
 10
0.0
 20
0.0
 30
0.0
  3
*D15
  1

  0
LINE
  5
1A4
330
1A2
100
AcDbEntity
  8
HT-A-AXIS-F01-NEW
 62
     0
440
 16777216
370
    -2
100
AcDbLine
 10
-1462.72
 20
20532.46
 30
0.0
 11
-3912.72
 21
20532.46
 31
0.0
  0
LINE
  5
1A5
330
1A2
100
AcDbEntity
  8
HT-A-AXIS-F01-NEW
 62
     0
440
 16777216
370
    -2
100
AcDbLine
 10
-1462.72
 20
24532.46
 30
0.0
 11
-3912.72
 21
24532.46
 31
0.0
  0
LINE
  5
1A6
330
1A2
100
AcDbEntity
  8
HT-A-AXIS-F01-NEW
 62
     0
440
 16777216
370
    -2
100
AcDbLine
 10
-3662.72
 20
20532.46
 30
0.0
 11
-3662.72
 21
24532.46
 31
0.0
  0
INSERT
  5
1A7
330
1A2
100
AcDbEntity
  8
HT-A-AXIS-F01-NEW
 62
     0
440
 16777216
370
    -2
100
AcDbBlockReference
  2
_ArchTick
 10
-3662.72
 20
20532.46
 30
0.0
 41
100.0
 42
100.0
 43
100.0
 50
270.0
  0
INSERT
  5
1A8
330
1A2
100
AcDbEntity
  8
HT-A-AXIS-F01-NEW
 62
     0
440
 16777216
370
    -2
100
AcDbBlockReference
  2
_ArchTick
 10
-3662.72
 20
24532.46
 30
0.0
 41
100.0
 42
100.0
 43
100.0
 50
90.0
  0
MTEXT
  5
1A9
330
1A2
100
AcDbEntity
  8
HT-A-AXIS-F01-NEW
 62
     7
440
 16777216
100
AcDbMText
 10
-3937.72
 20
22532.46
 30
0.0
 40
297.5
 41
0.0
 46
0.0
 71
     5
 72
     1
  1
\A1;4000
  7
_TCH_DIM_T3
 11
0.0
 21
1.0
 31
0.0
 73
     1
 44
1.0
  0
POINT
  5
1AA
330
1A2
100
AcDbEntity
  8
Defpoints
 62
     0
440
 16777216
100
AcDbPoint
 10
-1162.72
 20
20532.46
 30
0.0
  0
POINT
  5
1AB
330
1A2
100
AcDbEntity
  8
Defpoints
 62
     0
440
 16777216
100
AcDbPoint
 10
-1162.72
 20
24532.46
 30
0.0
  0
POINT
  5
1AC
330
1A2
100
AcDbEntity
  8
Defpoints
 62
     0
440
 16777216
100
AcDbPoint
 10
-3662.72
 20
24532.46
 30
0.0
  0
ENDBLK
  5
1AD
330
1A2
100
AcDbEntity
  8
0
100
AcDbBlockEnd
  0
BLOCK
  5
1B0
330
1AF
100
AcDbEntity
  8
0
100
AcDbBlockBegin
  2
*D16
 70
     1
 10
0.0
 20
0.0
 30
0.0
  3
*D16
  1

  0
LINE
  5
1B1
330
1AF
100
AcDbEntity
  8
HT-A-AXIS-F01-NEW
 62
     0
440
 16777216
370
    -2
100
AcDbLine
 10
-1462.72
 20
13532.46
 30
0.0
 11
-4712.72
 21
13532.46
 31
0.0
  0
LINE
  5
1B2
330
1AF
100
AcDbEntity
  8
HT-A-AXIS-F01-NEW
 62
     0
440
 16777216
370
    -2
100
AcDbLine
 10
-1462.72
 20
24532.46
 30
0.0
 11
-4712.72
 21
24532.46
 31
0.0
  0
LINE
  5
1B3
330
1AF
100
AcDbEntity
  8
HT-A-AXIS-F01-NEW
 62
     0
440
 16777216
370
    -2
100
AcDbLine
 10
-4462.72
 20
13532.46
 30
0.0
 11
-4462.72
 21
24532.46
 31
0.0
  0
INSERT
  5
1B4
330
1AF
100
AcDbEntity
  8
HT-A-AXIS-F01-NEW
 62
     0
440
 16777216
370
    -2
100
AcDbBlockReference
  2
_ArchTick
 10
-4462.72
 20
13532.46
 30
0.0
 41
100.0
 42
100.0
 43
100.0
 50
270.0
  0
INSERT
  5
1B5
330
1AF
100
AcDbEntity
  8
HT-A-AXIS-F01-NEW
 62
     0
440
 16777216
370
    -2
100
AcDbBlockReference
  2
_ArchTick
 10
-4462.72
 20
24532.46
 30
0.0
 41
100.0
 42
100.0
 43
100.0
 50
90.0
  0
MTEXT
  5
1B6
330
1AF
100
AcDbEntity
  8
HT-A-AXIS-F01-NEW
 62
     7
440
 16777216
100
AcDbMText
 10
-4737.72
 20
19032.46
 30
0.0
 40
297.5
 41
0.0
 46
0.0
 71
     5
 72
     1
  1
\A1;11000
  7
_TCH_DIM_T3
 11
0.0
 21
1.0
 31
0.0
 73
     1
 44
1.0
  0
POINT
  5
1B7
330
1AF
100
AcDbEntity
  8
Defpoints
 62
     0
440
 16777216
100
AcDbPoint
 10
-1162.72
 20
13532.46
 30
0.0
  0
POINT
  5
1B8
330
1AF
100
AcDbEntity
  8
Defpoints
 62
     0
440
 16777216
100
AcDbPoint
 10
-1162.72
 20
24532.46
 30
0.0
  0
POINT
  5
1B9
330
1AF
100
AcDbEntity
  8
Defpoints
 62
     0
440
 16777216
100
AcDbPoint
 10
-4462.72
 20
24532.46
 30
0.0
  0
ENDBLK
  5
1BA
330
1AF
100
AcDbEntity
  8
0
100
AcDbBlockEnd
  0
BLOCK
  5
1BD
330
1BC
100
AcDbEntity
  8
0
100
AcDbBlockBegin
  2
*D17
 70
     1
 10
0.0
 20
0.0
 30
0.0
  3
*D17
  1

  0
LINE
  5
1BE
330
1BC
100
AcDbEntity
  8
HT-A-AXIS-F01-NEW
 62
     0
440
 16777216
370
    -2
100
AcDbLine
 10
-162.72
 20
25832.46
 30
0.0
 11
-162.72
 21
28282.46
 31
0.0
  0
LINE
  5
1BF
330
1BC
100
AcDbEntity
  8
HT-A-AXIS-F01-NEW
 62
     0
440
 16777216
370
    -2
100
AcDbLine
 10
4337.28
 20
25832.46
 30
0.0
 11
4337.28
 21
28282.46
 31
0.0
  0
LINE
  5
1C0
330
1BC
100
AcDbEntity
  8
HT-A-AXIS-F01-NEW
 62
     0
440
 16777216
370
    -2
100
AcDbLine
 10
-162.72
 20
28032.46
 30
0.0
 11
4337.28
 21
28032.46
 31
0.0
  0
INSERT
  5
1C1
330
1BC
100
AcDbEntity
  8
HT-A-AXIS-F01-NEW
 62
     0
440
 16777216
370
    -2
100
AcDbBlockReference
  2
_ArchTick
 10
-162.72
 20
28032.46
 30
0.0
 41
100.0
 42
100.0
 43
100.0
 50
180.0
  0
INSERT
  5
1C2
330
1BC
100
AcDbEntity
  8
HT-A-AXIS-F01-NEW
 62
     0
440
 16777216
370
    -2
100
AcDbBlockReference
  2
_ArchTick
 10
4337.28
 20
28032.46
 30
0.0
 41
100.0
 42
100.0
 43
100.0
  0
MTEXT
  5
1C3
330
1BC
100
AcDbEntity
  8
HT-A-AXIS-F01-NEW
 62
     7
440
 16777216
100
AcDbMText
 10
2087.28
 20
28307.46
 30
0.0
 40
297.5
 41
0.0
 46
0.0
 71
     5
 72
     1
  1
\A1;4500
  7
_TCH_DIM_T3
 73
     1
 44
1.0
  0
POINT
  5
1C4
330
1BC
100
AcDbEntity
  8
Defpoints
 62
     0
440
 16777216
100
AcDbPoint
 10
-162.72
 20
25532.46
 30
0.0
  0
POINT
  5
1C5
330
1BC
100
AcDbEntity
  8
Defpoints
 62
     0
440
 16777216
100
AcDbPoint
 10
4337.28
 20
25532.46
 30
0.0
  0
POINT
  5
1C6
330
1BC
100
AcDbEntity
  8
Defpoints
 62
     0
440
 16777216
100
AcDbPoint
 10
4337.28
 20
28032.46
 30
0.0
  0
ENDBLK
  5
1C7
330
1BC
100
AcDbEntity
  8
0
100
AcDbBlockEnd
  0
BLOCK
  5
1CA
330
1C9
100
AcDbEntity
  8
0
100
AcDbBlockBegin
  2
*D18
 70
     1
 10
0.0
 20
0.0
 30
0.0
  3
*D18
  1

  0
LINE
  5
1CB
330
1C9
100
AcDbEntity
  8
HT-A-AXIS-F01-NEW
 62
     0
440
 16777216
370
    -2
100
AcDbLine
 10
4337.28
 20
25832.46
 30
0.0
 11
4337.28
 21
28282.46
 31
0.0
  0
LINE
  5
1CC
330
1C9
100
AcDbEntity
  8
HT-A-AXIS-F01-NEW
 62
     0
440
 16777216
370
    -2
100
AcDbLine
 10
7837.28
 20
25832.46
 30
0.0
 11
7837.28
 21
28282.46
 31
0.0
  0
LINE
  5
1CD
330
1C9
100
AcDbEntity
  8
HT-A-AXIS-F01-NEW
 62
     0
440
 16777216
370
    -2
100
AcDbLine
 10
4337.28
 20
28032.46
 30
0.0
 11
7837.28
 21
28032.46
 31
0.0
  0
INSERT
  5
1CE
330
1C9
100
AcDbEntity
  8
HT-A-AXIS-F01-NEW
 62
     0
440
 16777216
370
    -2
100
AcDbBlockReference
  2
_ArchTick
 10
4337.28
 20
28032.46
 30
0.0
 41
100.0
 42
100.0
 43
100.0
 50
180.0
  0
INSERT
  5
1CF
330
1C9
100
AcDbEntity
  8
HT-A-AXIS-F01-NEW
 62
     0
440
 16777216
370
    -2
100
AcDbBlockReference
  2
_ArchTick
 10
7837.28
 20
28032.46
 30
0.0
 41
100.0
 42
100.0
 43
100.0
  0
MTEXT
  5
1D0
330
1C9
100
AcDbEntity
  8
HT-A-AXIS-F01-NEW
 62
     7
440
 16777216
100
AcDbMText
 10
6087.28
 20
28307.46
 30
0.0
 40
297.5
 41
0.0
 46
0.0
 71
     5
 72
     1
  1
\A1;3500
  7
_TCH_DIM_T3
 73
     1
 44
1.0
  0
POINT
  5
1D1
330
1C9
100
AcDbEntity
  8
Defpoints
 62
     0
440
 16777216
100
AcDbPoint
 10
4337.28
 20
25532.46
 30
0.0
  0
POINT
  5
1D2
330
1C9
100
AcDbEntity
  8
Defpoints
 62
     0
440
 16777216
100
AcDbPoint
 10
7837.28
 20
25532.46
 30
0.0
  0
POINT
  5
1D3
330
1C9
100
AcDbEntity
  8
Defpoints
 62
     0
440
 16777216
100
AcDbPoint
 10
7837.28
 20
28032.46
 30
0.0
  0
ENDBLK
  5
1D4
330
1C9
100
AcDbEntity
  8
0
100
AcDbBlockEnd
  0
BLOCK
  5
1D7
330
1D6
100
AcDbEntity
  8
0
100
AcDbBlockBegin
  2
*D19
 70
     1
 10
0.0
 20
0.0
 30
0.0
  3
*D19
  1

  0
LINE
  5
1D8
330
1D6
100
AcDbEntity
  8
HT-A-AXIS-F01-NEW
 62
     0
440
 16777216
370
    -2
100
AcDbLine
 10
7837.28
 20
25832.46
 30
0.0
 11
7837.28
 21
28282.46
 31
0.0
  0
LINE
  5
1D9
330
1D6
100
AcDbEntity
  8
HT-A-AXIS-F01-NEW
 62
     0
440
 16777216
370
    -2
100
AcDbLine
 10
11337.28
 20
25832.46
 30
0.0
 11
11337.28
 21
28282.46
 31
0.0
  0
LINE
  5
1DA
330
1D6
100
AcDbEntity
  8
HT-A-AXIS-F01-NEW
 62
     0
440
 16777216
370
    -2
100
AcDbLine
 10
7837.28
 20
28032.46
 30
0.0
 11
11337.28
 21
28032.46
 31
0.0
  0
INSERT
  5
1DB
330
1D6
100
AcDbEntity
  8
HT-A-AXIS-F01-NEW
 62
     0
440
 16777216
370
    -2
100
AcDbBlockReference
  2
_ArchTick
 10
7837.28
 20
28032.46
 30
0.0
 41
100.0
 42
100.0
 43
100.0
 50
180.0
  0
INSERT
  5
1DC
330
1D6
100
AcDbEntity
  8
HT-A-AXIS-F01-NEW
 62
     0
440
 16777216
370
    -2
100
AcDbBlockReference
  2
_ArchTick
 10
11337.28
 20
28032.46
 30
0.0
 41
100.0
 42
100.0
 43
100.0
  0
MTEXT
  5
1DD
330
1D6
100
AcDbEntity
  8
HT-A-AXIS-F01-NEW
 62
     7
440
 16777216
100
AcDbMText
 10
9587.28
 20
28307.46
 30
0.0
 40
297.5
 41
0.0
 46
0.0
 71
     5
 72
     1
  1
\A1;3500
  7
_TCH_DIM_T3
 73
     1
 44
1.0
  0
POINT
  5
1DE
330
1D6
100
AcDbEntity
  8
Defpoints
 62
     0
440
 16777216
100
AcDbPoint
 10
7837.28
 20
25532.46
 30
0.0
  0
POINT
  5
1DF
330
1D6
100
AcDbEntity
  8
Defpoints
 62
     0
440
 16777216
100
AcDbPoint
 10
11337.28
 20
25532.46
 30
0.0
  0
POINT
  5
1E0
330
1D6
100
AcDbEntity
  8
Defpoints
 62
     0
440
 16777216
100
AcDbPoint
 10
11337.28
 20
28032.46
 30
0.0
  0
ENDBLK
  5
1E1
330
1D6
100
AcDbEntity
  8
0
100
AcDbBlockEnd
  0
BLOCK
  5
1E4
330
1E3
100
AcDbEntity
  8
0
100
AcDbBlockBegin
  2
*D20
 70
     1
 10
0.0
 20
0.0
 30
0.0
  3
*D20
  1

  0
LINE
  5
1E5
330
1E3
100
AcDbEntity
  8
HT-A-AXIS-F01-NEW
 62
     0
440
 16777216
370
    -2
100
AcDbLine
 10
11337.28
 20
25832.46
 30
0.0
 11
11337.28
 21
28282.46
 31
0.0
  0
LINE
  5
1E6
330
1E3
100
AcDbEntity
  8
HT-A-AXIS-F01-NEW
 62
     0
440
 16777216
370
    -2
100
AcDbLine
 10
15337.28
 20
25832.46
 30
0.0
 11
15337.28
 21
28282.46
 31
0.0
  0
LINE
  5
1E7
330
1E3
100
AcDbEntity
  8
HT-A-AXIS-F01-NEW
 62
     0
440
 16777216
370
    -2
100
AcDbLine
 10
11337.28
 20
28032.46
 30
0.0
 11
15337.28
 21
28032.46
 31
0.0
  0
INSERT
  5
1E8
330
1E3
100
AcDbEntity
  8
HT-A-AXIS-F01-NEW
 62
     0
440
 16777216
370
    -2
100
AcDbBlockReference
  2
_ArchTick
 10
11337.28
 20
28032.46
 30
0.0
 41
100.0
 42
100.0
 43
100.0
 50
180.0
  0
INSERT
  5
1E9
330
1E3
100
AcDbEntity
  8
HT-A-AXIS-F01-NEW
 62
     0
440
 16777216
370
    -2
100
AcDbBlockReference
  2
_ArchTick
 10
15337.28
 20
28032.46
 30
0.0
 41
100.0
 42
100.0
 43
100.0
  0
MTEXT
  5
1EA
330
1E3
100
AcDbEntity
  8
HT-A-AXIS-F01-NEW
 62
     7
440
 16777216
100
AcDbMText
 10
13337.28
 20
28307.46
 30
0.0
 40
297.5
 41
0.0
 46
0.0
 71
     5
 72
     1
  1
\A1;4000
  7
_TCH_DIM_T3
 73
     1
 44
1.0
  0
POINT
  5
1EB
330
1E3
100
AcDbEntity
  8
Defpoints
 62
     0
440
 16777216
100
AcDbPoint
 10
11337.28
 20
25532.46
 30
0.0
  0
POINT
  5
1EC
330
1E3
100
AcDbEntity
  8
Defpoints
 62
     0
440
 16777216
100
AcDbPoint
 10
15337.28
 20
25532.46
 30
0.0
  0
POINT
  5
1ED
330
1E3
100
AcDbEntity
  8
Defpoints
 62
     0
440
 16777216
100
AcDbPoint
 10
15337.28
 20
28032.46
 30
0.0
  0
ENDBLK
  5
1EE
330
1E3
100
AcDbEntity
  8
0
100
AcDbBlockEnd
  0
BLOCK
  5
1F1
330
1F0
100
AcDbEntity
  8
0
100
AcDbBlockBegin
  2
*D21
 70
     1
 10
0.0
 20
0.0
 30
0.0
  3
*D21
  1

  0
LINE
  5
1F2
330
1F0
100
AcDbEntity
  8
HT-A-AXIS-F01-NEW
 62
     0
440
 16777216
370
    -2
100
AcDbLine
 10
-162.72
 20
25832.46
 30
0.0
 11
-162.72
 21
29082.46
 31
0.0
  0
LINE
  5
1F3
330
1F0
100
AcDbEntity
  8
HT-A-AXIS-F01-NEW
 62
     0
440
 16777216
370
    -2
100
AcDbLine
 10
15337.28
 20
25832.46
 30
0.0
 11
15337.28
 21
29082.46
 31
0.0
  0
LINE
  5
1F4
330
1F0
100
AcDbEntity
  8
HT-A-AXIS-F01-NEW
 62
     0
440
 16777216
370
    -2
100
AcDbLine
 10
-162.72
 20
28832.46
 30
0.0
 11
15337.28
 21
28832.46
 31
0.0
  0
INSERT
  5
1F5
330
1F0
100
AcDbEntity
  8
HT-A-AXIS-F01-NEW
 62
     0
440
 16777216
370
    -2
100
AcDbBlockReference
  2
_ArchTick
 10
-162.72
 20
28832.46
 30
0.0
 41
100.0
 42
100.0
 43
100.0
 50
180.0
  0
INSERT
  5
1F6
330
1F0
100
AcDbEntity
  8
HT-A-AXIS-F01-NEW
 62
     0
440
 16777216
370
    -2
100
AcDbBlockReference
  2
_ArchTick
 10
15337.28
 20
28832.46
 30
0.0
 41
100.0
 42
100.0
 43
100.0
  0
MTEXT
  5
1F7
330
1F0
100
AcDbEntity
  8
HT-A-AXIS-F01-NEW
 62
     7
440
 16777216
100
AcDbMText
 10
7587.28
 20
29107.46
 30
0.0
 40
297.5
 41
0.0
 46
0.0
 71
     5
 72
     1
  1
\A1;15500
  7
_TCH_DIM_T3
 73
     1
 44
1.0
  0
POINT
  5
1F8
330
1F0
100
AcDbEntity
  8
Defpoints
 62
     0
440
 16777216
100
AcDbPoint
 10
-162.72
 20
25532.46
 30
0.0
  0
POINT
  5
1F9
330
1F0
100
AcDbEntity
  8
Defpoints
 62
     0
440
 16777216
100
AcDbPoint
 10
15337.28
 20
25532.46
 30
0.0
  0
POINT
  5
1FA
330
1F0
100
AcDbEntity
  8
Defpoints
 62
     0
440
 16777216
100
AcDbPoint
 10
15337.28
 20
28832.46
 30
0.0
  0
ENDBLK
  5
1FB
330
1F0
100
AcDbEntity
  8
0
100
AcDbBlockEnd
  0
BLOCK
  5
1FE
330
1FD
100
AcDbEntity
  8
0
100
AcDbBlockBegin
  2
*D22
 70
     1
 10
0.0
 20
0.0
 30
0.0
  3
*D22
  1

  0
LINE
  5
1FF
330
1FD
100
AcDbEntity
  8
HT-A-AXIS-F01-NEW
 62
     0
440
 16777216
370
    -2
100
AcDbLine
 10
-162.72
 20
12232.46
 30
0.0
 11
-162.72
 21
9782.46
 31
0.0
  0
LINE
  5
200
330
1FD
100
AcDbEntity
  8
HT-A-AXIS-F01-NEW
 62
     0
440
 16777216
370
    -2
100
AcDbLine
 10
4337.28
 20
12232.46
 30
0.0
 11
4337.28
 21
9782.46
 31
0.0
  0
LINE
  5
201
330
1FD
100
AcDbEntity
  8
HT-A-AXIS-F01-NEW
 62
     0
440
 16777216
370
    -2
100
AcDbLine
 10
-162.72
 20
10032.46
 30
0.0
 11
4337.28
 21
10032.46
 31
0.0
  0
INSERT
  5
202
330
1FD
100
AcDbEntity
  8
HT-A-AXIS-F01-NEW
 62
     0
440
 16777216
370
    -2
100
AcDbBlockReference
  2
_ArchTick
 10
-162.72
 20
10032.46
 30
0.0
 41
100.0
 42
100.0
 43
100.0
 50
180.0
  0
INSERT
  5
203
330
1FD
100
AcDbEntity
  8
HT-A-AXIS-F01-NEW
 62
     0
440
 16777216
370
    -2
100
AcDbBlockReference
  2
_ArchTick
 10
4337.28
 20
10032.46
 30
0.0
 41
100.0
 42
100.0
 43
100.0
  0
MTEXT
  5
204
330
1FD
100
AcDbEntity
  8
HT-A-AXIS-F01-NEW
 62
     7
440
 16777216
100
AcDbMText
 10
2087.28
 20
10307.46
 30
0.0
 40
297.5
 41
0.0
 46
0.0
 71
     5
 72
     1
  1
\A1;4500
  7
_TCH_DIM_T3
 73
     1
 44
1.0
  0
POINT
  5
205
330
1FD
100
AcDbEntity
  8
Defpoints
 62
     0
440
 16777216
100
AcDbPoint
 10
-162.72
 20
12532.46
 30
0.0
  0
POINT
  5
206
330
1FD
100
AcDbEntity
  8
Defpoints
 62
     0
440
 16777216
100
AcDbPoint
 10
4337.28
 20
12532.46
 30
0.0
  0
POINT
  5
207
330
1FD
100
AcDbEntity
  8
Defpoints
 62
     0
440
 16777216
100
AcDbPoint
 10
4337.28
 20
10032.46
 30
0.0
  0
ENDBLK
  5
208
330
1FD
100
AcDbEntity
  8
0
100
AcDbBlockEnd
  0
BLOCK
  5
20B
330
20A
100
AcDbEntity
  8
0
100
AcDbBlockBegin
  2
*D23
 70
     1
 10
0.0
 20
0.0
 30
0.0
  3
*D23
  1

  0
LINE
  5
20C
330
20A
100
AcDbEntity
  8
HT-A-AXIS-F01-NEW
 62
     0
440
 16777216
370
    -2
100
AcDbLine
 10
4337.28
 20
12232.46
 30
0.0
 11
4337.28
 21
9782.46
 31
0.0
  0
LINE
  5
20D
330
20A
100
AcDbEntity
  8
HT-A-AXIS-F01-NEW
 62
     0
440
 16777216
370
    -2
100
AcDbLine
 10
7837.28
 20
12232.46
 30
0.0
 11
7837.28
 21
9782.46
 31
0.0
  0
LINE
  5
20E
330
20A
100
AcDbEntity
  8
HT-A-AXIS-F01-NEW
 62
     0
440
 16777216
370
    -2
100
AcDbLine
 10
4337.28
 20
10032.46
 30
0.0
 11
7837.28
 21
10032.46
 31
0.0
  0
INSERT
  5
20F
330
20A
100
AcDbEntity
  8
HT-A-AXIS-F01-NEW
 62
     0
440
 16777216
370
    -2
100
AcDbBlockReference
  2
_ArchTick
 10
4337.28
 20
10032.46
 30
0.0
 41
100.0
 42
100.0
 43
100.0
 50
180.0
  0
INSERT
  5
210
330
20A
100
AcDbEntity
  8
HT-A-AXIS-F01-NEW
 62
     0
440
 16777216
370
    -2
100
AcDbBlockReference
  2
_ArchTick
 10
7837.28
 20
10032.46
 30
0.0
 41
100.0
 42
100.0
 43
100.0
  0
MTEXT
  5
211
330
20A
100
AcDbEntity
  8
HT-A-AXIS-F01-NEW
 62
     7
440
 16777216
100
AcDbMText
 10
6087.28
 20
10307.46
 30
0.0
 40
297.5
 41
0.0
 46
0.0
 71
     5
 72
     1
  1
\A1;3500
  7
_TCH_DIM_T3
 73
     1
 44
1.0
  0
POINT
  5
212
330
20A
100
AcDbEntity
  8
Defpoints
 62
     0
440
 16777216
100
AcDbPoint
 10
4337.28
 20
12532.46
 30
0.0
  0
POINT
  5
213
330
20A
100
AcDbEntity
  8
Defpoints
 62
     0
440
 16777216
100
AcDbPoint
 10
7837.28
 20
12532.46
 30
0.0
  0
POINT
  5
214
330
20A
100
AcDbEntity
  8
Defpoints
 62
     0
440
 16777216
100
AcDbPoint
 10
7837.28
 20
10032.46
 30
0.0
  0
ENDBLK
  5
215
330
20A
100
AcDbEntity
  8
0
100
AcDbBlockEnd
  0
BLOCK
  5
218
330
217
100
AcDbEntity
  8
0
100
AcDbBlockBegin
  2
*D24
 70
     1
 10
0.0
 20
0.0
 30
0.0
  3
*D24
  1

  0
LINE
  5
219
330
217
100
AcDbEntity
  8
HT-A-AXIS-F01-NEW
 62
     0
440
 16777216
370
    -2
100
AcDbLine
 10
7837.28
 20
12232.46
 30
0.0
 11
7837.28
 21
9782.46
 31
0.0
  0
LINE
  5
21A
330
217
100
AcDbEntity
  8
HT-A-AXIS-F01-NEW
 62
     0
440
 16777216
370
    -2
100
AcDbLine
 10
11337.28
 20
12232.46
 30
0.0
 11
11337.28
 21
9782.46
 31
0.0
  0
LINE
  5
21B
330
217
100
AcDbEntity
  8
HT-A-AXIS-F01-NEW
 62
     0
440
 16777216
370
    -2
100
AcDbLine
 10
7837.28
 20
10032.46
 30
0.0
 11
11337.28
 21
10032.46
 31
0.0
  0
INSERT
  5
21C
330
217
100
AcDbEntity
  8
HT-A-AXIS-F01-NEW
 62
     0
440
 16777216
370
    -2
100
AcDbBlockReference
  2
_ArchTick
 10
7837.28
 20
10032.46
 30
0.0
 41
100.0
 42
100.0
 43
100.0
 50
180.0
  0
INSERT
  5
21D
330
217
100
AcDbEntity
  8
HT-A-AXIS-F01-NEW
 62
     0
440
 16777216
370
    -2
100
AcDbBlockReference
  2
_ArchTick
 10
11337.28
 20
10032.46
 30
0.0
 41
100.0
 42
100.0
 43
100.0
  0
MTEXT
  5
21E
330
217
100
AcDbEntity
  8
HT-A-AXIS-F01-NEW
 62
     7
440
 16777216
100
AcDbMText
 10
9587.28
 20
10307.46
 30
0.0
 40
297.5
 41
0.0
 46
0.0
 71
     5
 72
     1
  1
\A1;3500
  7
_TCH_DIM_T3
 73
     1
 44
1.0
  0
POINT
  5
21F
330
217
100
AcDbEntity
  8
Defpoints
 62
     0
440
 16777216
100
AcDbPoint
 10
7837.28
 20
12532.46
 30
0.0
  0
POINT
  5
220
330
217
100
AcDbEntity
  8
Defpoints
 62
     0
440
 16777216
100
AcDbPoint
 10
11337.28
 20
12532.46
 30
0.0
  0
POINT
  5
221
330
217
100
AcDbEntity
  8
Defpoints
 62
     0
440
 16777216
100
AcDbPoint
 10
11337.28
 20
10032.46
 30
0.0
  0
ENDBLK
  5
222
330
217
100
AcDbEntity
  8
0
100
AcDbBlockEnd
  0
BLOCK
  5
225
330
224
100
AcDbEntity
  8
0
100
AcDbBlockBegin
  2
*D25
 70
     1
 10
0.0
 20
0.0
 30
0.0
  3
*D25
  1

  0
LINE
  5
226
330
224
100
AcDbEntity
  8
HT-A-AXIS-F01-NEW
 62
     0
440
 16777216
370
    -2
100
AcDbLine
 10
11337.28
 20
12232.46
 30
0.0
 11
11337.28
 21
9782.46
 31
0.0
  0
LINE
  5
227
330
224
100
AcDbEntity
  8
HT-A-AXIS-F01-NEW
 62
     0
440
 16777216
370
    -2
100
AcDbLine
 10
15337.28
 20
12232.46
 30
0.0
 11
15337.28
 21
9782.46
 31
0.0
  0
LINE
  5
228
330
224
100
AcDbEntity
  8
HT-A-AXIS-F01-NEW
 62
     0
440
 16777216
370
    -2
100
AcDbLine
 10
11337.28
 20
10032.46
 30
0.0
 11
15337.28
 21
10032.46
 31
0.0
  0
INSERT
  5
229
330
224
100
AcDbEntity
  8
HT-A-AXIS-F01-NEW
 62
     0
440
 16777216
370
    -2
100
AcDbBlockReference
  2
_ArchTick
 10
11337.28
 20
10032.46
 30
0.0
 41
100.0
 42
100.0
 43
100.0
 50
180.0
  0
INSERT
  5
22A
330
224
100
AcDbEntity
  8
HT-A-AXIS-F01-NEW
 62
     0
440
 16777216
370
    -2
100
AcDbBlockReference
  2
_ArchTick
 10
15337.28
 20
10032.46
 30
0.0
 41
100.0
 42
100.0
 43
100.0
  0
MTEXT
  5
22B
330
224
100
AcDbEntity
  8
HT-A-AXIS-F01-NEW
 62
     7
440
 16777216
100
AcDbMText
 10
13337.28
 20
10307.46
 30
0.0
 40
297.5
 41
0.0
 46
0.0
 71
     5
 72
     1
  1
\A1;4000
  7
_TCH_DIM_T3
 73
     1
 44
1.0
  0
POINT
  5
22C
330
224
100
AcDbEntity
  8
Defpoints
 62
     0
440
 16777216
100
AcDbPoint
 10
11337.28
 20
12532.46
 30
0.0
  0
POINT
  5
22D
330
224
100
AcDbEntity
  8
Defpoints
 62
     0
440
 16777216
100
AcDbPoint
 10
15337.28
 20
12532.46
 30
0.0
  0
POINT
  5
22E
330
224
100
AcDbEntity
  8
Defpoints
 62
     0
440
 16777216
100
AcDbPoint
 10
15337.28
 20
10032.46
 30
0.0
  0
ENDBLK
  5
22F
330
224
100
AcDbEntity
  8
0
100
AcDbBlockEnd
  0
BLOCK
  5
232
330
231
100
AcDbEntity
  8
0
100
AcDbBlockBegin
  2
*D26
 70
     1
 10
0.0
 20
0.0
 30
0.0
  3
*D26
  1

  0
LINE
  5
233
330
231
100
AcDbEntity
  8
HT-A-AXIS-F01-NEW
 62
     0
440
 16777216
370
    -2
100
AcDbLine
 10
-162.72
 20
12232.46
 30
0.0
 11
-162.72
 21
8982.46
 31
0.0
  0
LINE
  5
234
330
231
100
AcDbEntity
  8
HT-A-AXIS-F01-NEW
 62
     0
440
 16777216
370
    -2
100
AcDbLine
 10
15337.28
 20
12232.46
 30
0.0
 11
15337.28
 21
8982.46
 31
0.0
  0
LINE
  5
235
330
231
100
AcDbEntity
  8
HT-A-AXIS-F01-NEW
 62
     0
440
 16777216
370
    -2
100
AcDbLine
 10
-162.72
 20
9232.46
 30
0.0
 11
15337.28
 21
9232.46
 31
0.0
  0
INSERT
  5
236
330
231
100
AcDbEntity
  8
HT-A-AXIS-F01-NEW
 62
     0
440
 16777216
370
    -2
100
AcDbBlockReference
  2
_ArchTick
 10
-162.72
 20
9232.46
 30
0.0
 41
100.0
 42
100.0
 43
100.0
 50
180.0
  0
INSERT
  5
237
330
231
100
AcDbEntity
  8
HT-A-AXIS-F01-NEW
 62
     0
440
 16777216
370
    -2
100
AcDbBlockReference
  2
_ArchTick
 10
15337.28
 20
9232.46
 30
0.0
 41
100.0
 42
100.0
 43
100.0
  0
MTEXT
  5
238
330
231
100
AcDbEntity
  8
HT-A-AXIS-F01-NEW
 62
     7
440
 16777216
100
AcDbMText
 10
7587.28
 20
9507.46
 30
0.0
 40
297.5
 41
0.0
 46
0.0
 71
     5
 72
     1
  1
\A1;15500
  7
_TCH_DIM_T3
 73
     1
 44
1.0
  0
POINT
  5
239
330
231
100
AcDbEntity
  8
Defpoints
 62
     0
440
 16777216
100
AcDbPoint
 10
-162.72
 20
12532.46
 30
0.0
  0
POINT
  5
23A
330
231
100
AcDbEntity
  8
Defpoints
 62
     0
440
 16777216
100
AcDbPoint
 10
15337.28
 20
12532.46
 30
0.0
  0
POINT
  5
23B
330
231
100
AcDbEntity
  8
Defpoints
 62
     0
440
 16777216
100
AcDbPoint
 10
15337.28
 20
9232.46
 30
0.0
  0
ENDBLK
  5
23C
330
231
100
AcDbEntity
  8
0
100
AcDbBlockEnd
  0
BLOCK
  5
295
330
294
100
AcDbEntity
  8
0
100
AcDbBlockBegin
  2
_AXISO
 70
     2
 10
0.0
 20
0.0
 30
0.0
  3
_AXISO
  1

  0
CIRCLE
  5
296
330
294
100
AcDbEntity
  8
0
100
AcDbCircle
 10
0.0
 20
0.0
 30
0.0
 40
0.5
  0
ATTDEF
  5
297
330
294
100
AcDbEntity
  8
HT-A-AXIS-TEXT-F01-NEW
100
AcDbText
 10
-0.25
 20
-0.28
 30
0.0
 40
0.56
  1

 41
1.04
  7
COMPLEX
 72
     5
 11
0.25
 21
-0.28
 31
0.0
100
AcDbAttributeDefinition
280
     0
  3

  2
A
 70
     0
280
     0
  0
ENDBLK
  5
29A
330
294
100
AcDbEntity
  8
0
100
AcDbBlockEnd
  0
ENDSEC
  0
SECTION
  2
ENTITIES
  0
LINE
  5
14
330
2
100
AcDbEntity
  8
HT-A-NOPLOT-F01-NEW
100
AcDbLine
 10
-162.72
 20
12532.46
 30
0.0
 11
-162.72
 21
25532.46
 31
0.0
  0
LINE
  5
17
330
2
100
AcDbEntity
  8
HT-A-NOPLOT-F01-NEW
100
AcDbLine
 10
15337.28
 20
12532.46
 30
0.0
 11
15337.28
 21
25532.46
 31
0.0
  0
LINE
  5
18
330
2
100
AcDbEntity
  8
HT-A-NOPLOT-F01-NEW
100
AcDbLine
 10
4337.28
 20
12532.46
 30
0.0
 11
4337.28
 21
25532.46
 31
0.0
  0
LINE
  5
19
330
2
100
AcDbEntity
  8
HT-A-NOPLOT-F01-NEW
100
AcDbLine
 10
7837.28
 20
12532.46
 30
0.0
 11
7837.28
 21
25532.46
 31
0.0
  0
LINE
  5
1A
330
2
100
AcDbEntity
  8
HT-A-NOPLOT-F01-NEW
100
AcDbLine
 10
11337.28
 20
12532.46
 30
0.0
 11
11337.28
 21
25532.46
 31
0.0
  0
LINE
  5
1B
330
2
100
AcDbEntity
  8
HT-A-NOPLOT-F01-NEW
100
AcDbLine
 10
-1162.72
 20
24532.46
 30
0.0
 11
16337.28
 21
24532.46
 31
0.0
  0
LINE
  5
1C
330
2
100
AcDbEntity
  8
HT-A-NOPLOT-F01-NEW
100
AcDbLine
 10
-1162.72
 20
17532.46
 30
0.0
 11
16337.28
 21
17532.46
 31
0.0
  0
LINE
  5
1D
330
2
100
AcDbEntity
  8
HT-A-NOPLOT-F01-NEW
100
AcDbLine
 10
-1162.72
 20
20532.46
 30
0.0
 11
16337.28
 21
20532.46
 31
0.0
  0
LWPOLYLINE
  5
138
330
2
100
AcDbEntity
  8
0
100
AcDbPolyline
 90
        2
 70
     0
 43
0.0
 10
737.28
 20
20432.46
 10
737.28
 20
17632.46
  0
LWPOLYLINE
  5
139
330
2
100
AcDbEntity
  8
0
100
AcDbPolyline
 90
        2
 70
     0
 43
0.0
 10
1037.28
 20
20432.46
 10
1037.28
 20
17632.46
  0
LWPOLYLINE
  5
13A
330
2
100
AcDbEntity
  8
0
100
AcDbPolyline
 90
        2
 70
     0
 43
0.0
 10
1337.28
 20
20432.46
 10
1337.28
 20
17632.46
  0
LWPOLYLINE
  5
13B
330
2
100
AcDbEntity
  8
0
100
AcDbPolyline
 90
        2
 70
     0
 43
0.0
 10
437.28
 20
20432.46
 10
437.28
 20
17632.46
  0
LINE
  5
142
330
2
100
AcDbEntity
  8
HT-A-NOPLOT-F01-NEW
100
AcDbLine
 10
-1162.72
 20
13532.46
 30
0.0
 11
16337.28
 21
13532.46
 31
0.0
  0
LWPOLYLINE
  5
143
330
2
100
AcDbEntity
  8
0
100
AcDbPolyline
 90
        2
 70
     0
 43
0.0
 10
4437.28
 20
24632.46
 10
11237.28
 20
24632.46
  0
MTEXT
  5
145
102
{ACAD_XDICTIONARY
360
410
102
}
330
2
100
AcDbEntity
  8
0
100
AcDbMText
 10
-5146.91
 20
5828.95
 30
0.0
 40
2.5
 41
6.98
 46
0.0
 71
     1
 72
     1
  1
卧室
 73
     1
 44
1.0
  0
DIMENSION
  5
14C
330
2
100
AcDbEntity
  8
HT-A-AXIS-F01-NEW
100
AcDbDimension
280
     0
  2
*D9
 10
18837.28
 20
17532.46
 30
0.0
 11
18562.28
 21
15532.46
 31
0.0
 70
     1
 71
     5
 42
4000.0
 73
     0
 74
     0
 75
     0
  3
_TCH_ARCH&&100
100
AcDbAlignedDimension
 13
16337.28
 23
13532.46
 33
0.0
 14
16337.28
 24
17532.46
 34
0.0
  0
DIMENSION
  5
160
330
2
100
AcDbEntity
  8
HT-A-AXIS-F01-NEW
100
AcDbDimension
280
     0
  2
*D10
 10
18837.28
 20
20532.46
 30
0.0
 11
18562.28
 21
19032.46
 31
0.0
 70
     1
 71
     5
 42
3000.0
 73
     0
 74
     0
 75
     0
  3
_TCH_ARCH&&100
100
AcDbAlignedDimension
 13
16337.28
 23
17532.46
 33
0.0
 14
16337.28
 24
20532.46
 34
0.0
  0
DIMENSION
  5
16D
330
2
100
AcDbEntity
  8
HT-A-AXIS-F01-NEW
100
AcDbDimension
280
     0
  2
*D11
 10
18837.28
 20
24532.46
 30
0.0
 11
18562.28
 21
22532.46
 31
0.0
 70
     1
 71
     5
 42
4000.0
 73
     0
 74
     0
 75
     0
  3
_TCH_ARCH&&100
100
AcDbAlignedDimension
 13
16337.28
 23
20532.46
 33
0.0
 14
16337.28
 24
24532.46
 34
0.0
  0
DIMENSION
  5
17A
330
2
100
AcDbEntity
  8
HT-A-AXIS-F01-NEW
100
AcDbDimension
280
     0
  2
*D12
 10
19637.28
 20
24532.46
 30
0.0
 11
19362.28
 21
19032.46
 31
0.0
 70
     1
 71
     5
 42
11000.0
 73
     0
 74
     0
 75
     0
  3
_TCH_ARCH&&100
100
AcDbAlignedDimension
 13
16337.28
 23
13532.46
 33
0.0
 14
16337.28
 24
24532.46
 34
0.0
  0
DIMENSION
  5
187
330
2
100
AcDbEntity
  8
HT-A-AXIS-F01-NEW
100
AcDbDimension
280
     0
  2
*D13
 10
-3662.72
 20
17532.46
 30
0.0
 11
-3937.72
 21
15532.46
 31
0.0
 70
     1
 71
     5
 42
4000.0
 73
     0
 74
     0
 75
     0
  3
_TCH_ARCH&&100
100
AcDbAlignedDimension
 13
-1162.72
 23
13532.46
 33
0.0
 14
-1162.72
 24
17532.46
 34
0.0
  0
DIMENSION
  5
194
330
2
100
AcDbEntity
  8
HT-A-AXIS-F01-NEW
100
AcDbDimension
280
     0
  2
*D14
 10
-3662.72
 20
20532.46
 30
0.0
 11
-3937.72
 21
19032.46
 31
0.0
 70
     1
 71
     5
 42
3000.0
 73
     0
 74
     0
 75
     0
  3
_TCH_ARCH&&100
100
AcDbAlignedDimension
 13
-1162.72
 23
17532.46
 33
0.0
 14
-1162.72
 24
20532.46
 34
0.0
  0
DIMENSION
  5
1A1
330
2
100
AcDbEntity
  8
HT-A-AXIS-F01-NEW
100
AcDbDimension
280
     0
  2
*D15
 10
-3662.72
 20
24532.46
 30
0.0
 11
-3937.72
 21
22532.46
 31
0.0
 70
     1
 71
     5
 42
4000.0
 73
     0
 74
     0
 75
     0
  3
_TCH_ARCH&&100
100
AcDbAlignedDimension
 13
-1162.72
 23
20532.46
 33
0.0
 14
-1162.72
 24
24532.46
 34
0.0
  0
DIMENSION
  5
1AE
330
2
100
AcDbEntity
  8
HT-A-AXIS-F01-NEW
100
AcDbDimension
280
     0
  2
*D16
 10
-4462.72
 20
24532.46
 30
0.0
 11
-4737.72
 21
19032.46
 31
0.0
 70
     1
 71
     5
 42
11000.0
 73
     0
 74
     0
 75
     0
  3
_TCH_ARCH&&100
100
AcDbAlignedDimension
 13
-1162.72
 23
13532.46
 33
0.0
 14
-1162.72
 24
24532.46
 34
0.0
  0
DIMENSION
  5
1BB
330
2
100
AcDbEntity
  8
HT-A-AXIS-F01-NEW
100
AcDbDimension
280
     0
  2
*D17
 10
4337.28
 20
28032.46
 30
0.0
 11
2087.28
 21
28307.46
 31
0.0
 70
     1
 71
     5
 42
4500.0
 73
     0
 74
     0
 75
     0
  3
_TCH_ARCH&&100
100
AcDbAlignedDimension
 13
-162.72
 23
25532.46
 33
0.0
 14
4337.28
 24
25532.46
 34
0.0
  0
DIMENSION
  5
1C8
330
2
100
AcDbEntity
  8
HT-A-AXIS-F01-NEW
100
AcDbDimension
280
     0
  2
*D18
 10
7837.28
 20
28032.46
 30
0.0
 11
6087.28
 21
28307.46
 31
0.0
 70
     1
 71
     5
 42
3500.0
 73
     0
 74
     0
 75
     0
  3
_TCH_ARCH&&100
100
AcDbAlignedDimension
 13
4337.28
 23
25532.46
 33
0.0
 14
7837.28
 24
25532.46
 34
0.0
  0
DIMENSION
  5
1D5
330
2
100
AcDbEntity
  8
HT-A-AXIS-F01-NEW
100
AcDbDimension
280
     0
  2
*D19
 10
11337.28
 20
28032.46
 30
0.0
 11
9587.28
 21
28307.46
 31
0.0
 70
     1
 71
     5
 42
3500.0
 73
     0
 74
     0
 75
     0
  3
_TCH_ARCH&&100
100
AcDbAlignedDimension
 13
7837.28
 23
25532.46
 33
0.0
 14
11337.28
 24
25532.46
 34
0.0
  0
DIMENSION
  5
1E2
330
2
100
AcDbEntity
  8
HT-A-AXIS-F01-NEW
100
AcDbDimension
280
     0
  2
*D20
 10
15337.28
 20
28032.46
 30
0.0
 11
13337.28
 21
28307.46
 31
0.0
 70
     1
 71
     5
 42
4000.0
 73
     0
 74
     0
 75
     0
  3
_TCH_ARCH&&100
100
AcDbAlignedDimension
 13
11337.28
 23
25532.46
 33
0.0
 14
15337.28
 24
25532.46
 34
0.0
  0
DIMENSION
  5
1EF
330
2
100
AcDbEntity
  8
HT-A-AXIS-F01-NEW
100
AcDbDimension
280
     0
  2
*D21
 10
15337.28
 20
28832.46
 30
0.0
 11
7587.28
 21
29107.46
 31
0.0
 70
     1
 71
     5
 42
15500.0
 73
     0
 74
     0
 75
     0
  3
_TCH_ARCH&&100
100
AcDbAlignedDimension
 13
-162.72
 23
25532.46
 33
0.0
 14
15337.28
 24
25532.46
 34
0.0
  0
DIMENSION
  5
1FC
330
2
100
AcDbEntity
  8
HT-A-AXIS-F01-NEW
100
AcDbDimension
280
     0
  2
*D22
 10
4337.28
 20
10032.46
 30
0.0
 11
2087.28
 21
10307.46
 31
0.0
 70
     1
 71
     5
 42
4500.0
 73
     0
 74
     0
 75
     0
  3
_TCH_ARCH&&100
100
AcDbAlignedDimension
 13
-162.72
 23
12532.46
 33
0.0
 14
4337.28
 24
12532.46
 34
0.0
  0
DIMENSION
  5
209
330
2
100
AcDbEntity
  8
HT-A-AXIS-F01-NEW
100
AcDbDimension
280
     0
  2
*D23
 10
7837.28
 20
10032.46
 30
0.0
 11
6087.28
 21
10307.46
 31
0.0
 70
     1
 71
     5
 42
3500.0
 73
     0
 74
     0
 75
     0
  3
_TCH_ARCH&&100
100
AcDbAlignedDimension
 13
4337.28
 23
12532.46
 33
0.0
 14
7837.28
 24
12532.46
 34
0.0
  0
DIMENSION
  5
216
330
2
100
AcDbEntity
  8
HT-A-AXIS-F01-NEW
100
AcDbDimension
280
     0
  2
*D24
 10
11337.28
 20
10032.46
 30
0.0
 11
9587.28
 21
10307.46
 31
0.0
 70
     1
 71
     5
 42
3500.0
 73
     0
 74
     0
 75
     0
  3
_TCH_ARCH&&100
100
AcDbAlignedDimension
 13
7837.28
 23
12532.46
 33
0.0
 14
11337.28
 24
12532.46
 34
0.0
  0
DIMENSION
  5
223
330
2
100
AcDbEntity
  8
HT-A-AXIS-F01-NEW
100
AcDbDimension
280
     0
  2
*D25
 10
15337.28
 20
10032.46
 30
0.0
 11
13337.28
 21
10307.46
 31
0.0
 70
     1
 71
     5
 42
4000.0
 73
     0
 74
     0
 75
     0
  3
_TCH_ARCH&&100
100
AcDbAlignedDimension
 13
11337.28
 23
12532.46
 33
0.0
 14
15337.28
 24
12532.46
 34
0.0
  0
DIMENSION
  5
230
330
2
100
AcDbEntity
  8
HT-A-AXIS-F01-NEW
100
AcDbDimension
280
     0
  2
*D26
 10
15337.28
 20
9232.46
 30
0.0
 11
7587.28
 21
9507.46
 31
0.0
 70
     1
 71
     5
 42
15500.0
 73
     0
 74
     0
 75
     0
  3
_TCH_ARCH&&100
100
AcDbAlignedDimension
 13
-162.72
 23
12532.46
 33
0.0
 14
15337.28
 24
12532.46
 34
0.0
  0
LINE
  5
2AD
330
2
100
AcDbEntity
  8
HT-A-WALL-F01-NEW
100
AcDbLine
 10
-262.72
 20
24632.46
 30
0.0
 11
-262.72
 21
23432.46
 31
0.0
  0
LINE
  5
2AE
330
2
100
AcDbEntity
  8
HT-A-WALL-F01-NEW
100
AcDbLine
 10
-262.72
 20
23432.46
 30
0.0
 11
-62.72
 21
23432.46
 31
0.0
  0
LINE
  5
2AF
330
2
100
AcDbEntity
  8
HT-A-WALL-F01-NEW
100
AcDbLine
 10
-62.72
 20
23432.46
 30
0.0
 11
-62.72
 21
24432.46
 31
0.0
  0
LINE
  5
2B0
330
2
100
AcDbEntity
  8
HT-A-WALL-F01-NEW
100
AcDbLine
 10
-62.72
 20
20632.46
 30
0.0
 11
-62.72
 21
21632.46
 31
0.0
  0
LINE
  5
2B1
330
2
100
AcDbEntity
  8
HT-A-WALL-F01-NEW
100
AcDbLine
 10
-62.72
 20
21632.46
 30
0.0
 11
-262.72
 21
21632.46
 31
0.0
  0
LINE
  5
2B2
330
2
100
AcDbEntity
  8
HT-A-WALL-F01-NEW
100
AcDbLine
 10
-262.72
 20
21632.46
 30
0.0
 11
-262.72
 21
20432.46
 31
0.0
  0
LINE
  5
2B3
330
2
100
AcDbEntity
  8
HT-A-WALL-F01-NEW
100
AcDbLine
 10
4437.28
 20
24632.46
 30
0.0
 11
3937.28
 21
24632.46
 31
0.0
  0
LINE
  5
2B4
330
2
100
AcDbEntity
  8
HT-A-WALL-F01-NEW
100
AcDbLine
 10
3937.28
 20
24632.46
 30
0.0
 11
3937.28
 21
24432.46
 31
0.0
  0
LINE
  5
2B5
330
2
100
AcDbEntity
  8
HT-A-WALL-F01-NEW
100
AcDbLine
 10
3937.28
 20
24432.46
 30
0.0
 11
4237.28
 21
24432.46
 31
0.0
  0
LINE
  5
2B6
330
2
100
AcDbEntity
  8
HT-A-WALL-F01-NEW
100
AcDbLine
 10
2737.28
 20
24432.46
 30
0.0
 11
3037.28
 21
24432.46
 31
0.0
  0
LINE
  5
2B7
330
2
100
AcDbEntity
  8
HT-A-WALL-F01-NEW
100
AcDbLine
 10
3037.28
 20
24432.46
 30
0.0
 11
3037.28
 21
24632.46
 31
0.0
  0
LINE
  5
2B8
330
2
100
AcDbEntity
  8
HT-A-WALL-F01-NEW
100
AcDbLine
 10
3037.28
 20
24632.46
 30
0.0
 11
2637.28
 21
24632.46
 31
0.0
  0
LINE
  5
2B9
330
2
100
AcDbEntity
  8
HT-A-WALL-F01-NEW
100
AcDbLine
 10
-262.72
 20
17632.46
 30
0.0
 11
-262.72
 21
16432.46
 31
0.0
  0
LINE
  5
2BA
330
2
100
AcDbEntity
  8
HT-A-WALL-F01-NEW
100
AcDbLine
 10
-262.72
 20
16432.46
 30
0.0
 11
-62.72
 21
16432.46
 31
0.0
  0
LINE
  5
2BB
330
2
100
AcDbEntity
  8
HT-A-WALL-F01-NEW
100
AcDbLine
 10
-62.72
 20
16432.46
 30
0.0
 11
-62.72
 21
17432.46
 31
0.0
  0
LINE
  5
2BC
330
2
100
AcDbEntity
  8
HT-A-WALL-F01-NEW
100
AcDbLine
 10
-62.72
 20
13632.46
 30
0.0
 11
-62.72
 21
14632.46
 31
0.0
  0
LINE
  5
2BD
330
2
100
AcDbEntity
  8
HT-A-WALL-F01-NEW
100
AcDbLine
 10
-62.72
 20
14632.46
 30
0.0
 11
-262.72
 21
14632.46
 31
0.0
  0
LINE
  5
2BE
330
2
100
AcDbEntity
  8
HT-A-WALL-F01-NEW
100
AcDbLine
 10
-262.72
 20
14632.46
 30
0.0
 11
-262.72
 21
13432.46
 31
0.0
  0
LINE
  5
2BF
330
2
100
AcDbEntity
  8
HT-A-WALL-F01-NEW
100
AcDbLine
 10
4237.28
 20
17432.46
 30
0.0
 11
2737.28
 21
17432.46
 31
0.0
  0
LINE
  5
2C0
330
2
100
AcDbEntity
  8
HT-A-WALL-F01-NEW
100
AcDbLine
 10
4237.28
 20
17632.46
 30
0.0
 11
2737.28
 21
17632.46
 31
0.0
  0
LINE
  5
2C1
330
2
100
AcDbEntity
  8
HT-A-WALL-F01-NEW
100
AcDbLine
 10
2737.28
 20
17632.46
 30
0.0
 11
2537.28
 21
17632.46
 31
0.0
  0
LINE
  5
2C2
330
2
100
AcDbEntity
  8
HT-A-WALL-F01-NEW
100
AcDbLine
 10
2737.28
 20
20432.46
 30
0.0
 11
2537.28
 21
20432.46
 31
0.0
  0
LINE
  5
2C3
330
2
100
AcDbEntity
  8
HT-A-WALL-F01-NEW
100
AcDbLine
 10
-62.72
 20
20632.46
 30
0.0
 11
2637.28
 21
20632.46
 31
0.0
  0
LINE
  5
2C4
330
2
100
AcDbEntity
  8
HT-A-WALL-F01-NEW
100
AcDbLine
 10
-262.72
 20
20432.46
 30
0.0
 11
2537.28
 21
20432.46
 31
0.0
  0
LINE
  5
2C5
330
2
100
AcDbEntity
  8
HT-A-WALL-F01-NEW
100
AcDbLine
 10
4237.28
 20
20632.46
 30
0.0
 11
4237.28
 21
21732.46
 31
0.0
  0
LINE
  5
2C6
330
2
100
AcDbEntity
  8
HT-A-WALL-F01-NEW
100
AcDbLine
 10
4437.28
 20
20532.46
 30
0.0
 11
4437.28
 21
21832.46
 31
0.0
  0
LINE
  5
2C7
330
2
100
AcDbEntity
  8
HT-A-WALL-F01-NEW
100
AcDbLine
 10
11237.28
 20
20132.46
 30
0.0
 11
10937.28
 21
20132.46
 31
0.0
  0
LINE
  5
2C8
330
2
100
AcDbEntity
  8
HT-A-WALL-F01-NEW
100
AcDbLine
 10
10937.28
 20
20132.46
 30
0.0
 11
10937.28
 21
19932.46
 31
0.0
  0
LINE
  5
2C9
330
2
100
AcDbEntity
  8
HT-A-WALL-F01-NEW
100
AcDbLine
 10
10937.28
 20
19932.46
 30
0.0
 11
11437.28
 21
19932.46
 31
0.0
  0
LINE
  5
2CA
330
2
100
AcDbEntity
  8
HT-A-WALL-F01-NEW
100
AcDbLine
 10
4437.28
 20
19932.46
 30
0.0
 11
4737.28
 21
19932.46
 31
0.0
  0
LINE
  5
2CB
330
2
100
AcDbEntity
  8
HT-A-WALL-F01-NEW
100
AcDbLine
 10
4737.28
 20
19932.46
 30
0.0
 11
4737.28
 21
20132.46
 31
0.0
  0
LINE
  5
2CC
330
2
100
AcDbEntity
  8
HT-A-WALL-F01-NEW
100
AcDbLine
 10
4737.28
 20
20132.46
 30
0.0
 11
4437.28
 21
20132.46
 31
0.0
  0
LINE
  5
2CD
330
2
100
AcDbEntity
  8
HT-A-WALL-F01-NEW
100
AcDbLine
 10
9137.28
 20
20132.46
 30
0.0
 11
8737.28
 21
20132.46
 31
0.0
  0
LINE
  5
2CE
330
2
100
AcDbEntity
  8
HT-A-WALL-F01-NEW
100
AcDbLine
 10
8737.28
 20
20132.46
 30
0.0
 11
8737.28
 21
19932.46
 31
0.0
  0
LINE
  5
2CF
330
2
100
AcDbEntity
  8
HT-A-WALL-F01-NEW
100
AcDbLine
 10
8737.28
 20
19932.46
 30
0.0
 11
9137.28
 21
19932.46
 31
0.0
  0
LINE
  5
2D0
330
2
100
AcDbEntity
  8
HT-A-WALL-F01-NEW
100
AcDbLine
 10
9137.28
 20
19932.46
 30
0.0
 11
9137.28
 21
20132.46
 31
0.0
  0
LINE
  5
2D1
330
2
100
AcDbEntity
  8
HT-A-WALL-F01-NEW
100
AcDbLine
 10
6937.28
 20
20132.46
 30
0.0
 11
6537.28
 21
20132.46
 31
0.0
  0
LINE
  5
2D2
330
2
100
AcDbEntity
  8
HT-A-WALL-F01-NEW
100
AcDbLine
 10
6537.28
 20
20132.46
 30
0.0
 11
6537.28
 21
19932.46
 31
0.0
  0
LINE
  5
2D3
330
2
100
AcDbEntity
  8
HT-A-WALL-F01-NEW
100
AcDbLine
 10
6537.28
 20
19932.46
 30
0.0
 11
6937.28
 21
19932.46
 31
0.0
  0
LINE
  5
2D4
330
2
100
AcDbEntity
  8
HT-A-WALL-F01-NEW
100
AcDbLine
 10
6937.28
 20
19932.46
 30
0.0
 11
6937.28
 21
20132.46
 31
0.0
  0
LINE
  5
2D5
330
2
100
AcDbEntity
  8
HT-A-WALL-F01-NEW
100
AcDbLine
 10
4237.28
 20
19732.46
 30
0.0
 11
4237.28
 21
20032.46
 31
0.0
  0
LINE
  5
2D6
330
2
100
AcDbEntity
  8
HT-A-WALL-F01-NEW
100
AcDbLine
 10
4437.28
 20
19732.46
 30
0.0
 11
4437.28
 21
19932.46
 31
0.0
  0
LINE
  5
2D7
330
2
100
AcDbEntity
  8
HT-A-WALL-F01-NEW
100
AcDbLine
 10
4237.28
 20
19732.46
 30
0.0
 11
4437.28
 21
19732.46
 31
0.0
  0
LINE
  5
2D8
330
2
100
AcDbEntity
  8
HT-A-WALL-F01-NEW
100
AcDbLine
 10
2737.28
 20
13632.46
 30
0.0
 11
2737.28
 21
15832.46
 31
0.0
  0
LINE
  5
2D9
330
2
100
AcDbEntity
  8
HT-A-WALL-F01-NEW
100
AcDbLine
 10
2737.28
 20
15832.46
 30
0.0
 11
2537.28
 21
15832.46
 31
0.0
  0
LINE
  5
2DA
330
2
100
AcDbEntity
  8
HT-A-WALL-F01-NEW
100
AcDbLine
 10
2537.28
 20
15832.46
 30
0.0
 11
2537.28
 21
13632.46
 31
0.0
  0
LINE
  5
2DB
330
2
100
AcDbEntity
  8
HT-A-WALL-F01-NEW
100
AcDbLine
 10
2537.28
 20
17432.46
 30
0.0
 11
2537.28
 21
16832.46
 31
0.0
  0
LINE
  5
2DC
330
2
100
AcDbEntity
  8
HT-A-WALL-F01-NEW
100
AcDbLine
 10
2537.28
 20
16832.46
 30
0.0
 11
2737.28
 21
16832.46
 31
0.0
  0
LINE
  5
2DD
330
2
100
AcDbEntity
  8
HT-A-WALL-F01-NEW
100
AcDbLine
 10
2737.28
 20
16832.46
 30
0.0
 11
2737.28
 21
17432.46
 31
0.0
  0
LINE
  5
2DE
330
2
100
AcDbEntity
  8
HT-A-WALL-F01-NEW
100
AcDbLine
 10
-62.72
 20
13632.46
 30
0.0
 11
2537.28
 21
13632.46
 31
0.0
  0
LINE
  5
2DF
330
2
100
AcDbEntity
  8
HT-A-WALL-F01-NEW
100
AcDbLine
 10
-262.72
 20
13432.46
 30
0.0
 11
2637.28
 21
13432.46
 31
0.0
  0
LINE
  5
2E0
330
2
100
AcDbEntity
  8
HT-A-WALL-F01-NEW
100
AcDbLine
 10
2537.28
 20
17432.46
 30
0.0
 11
-62.72
 21
17432.46
 31
0.0
  0
LINE
  5
2E1
330
2
100
AcDbEntity
  8
HT-A-WALL-F01-NEW
100
AcDbLine
 10
2537.28
 20
17632.46
 30
0.0
 11
-262.72
 21
17632.46
 31
0.0
  0
LINE
  5
2E2
330
2
100
AcDbEntity
  8
HT-A-WALL-F01-NEW
100
AcDbLine
 10
2737.28
 20
20432.46
 30
0.0
 11
2737.28
 21
20632.46
 31
0.0
  0
LINE
  5
2E3
330
2
100
AcDbEntity
  8
HT-A-WALL-F01-NEW
100
AcDbLine
 10
2737.28
 20
20632.46
 30
0.0
 11
2637.28
 21
20632.46
 31
0.0
  0
LINE
  5
2E4
330
2
100
AcDbEntity
  8
HT-A-WALL-F01-NEW
100
AcDbLine
 10
4237.28
 20
20632.46
 30
0.0
 11
3837.28
 21
20632.46
 31
0.0
  0
LINE
  5
2E5
330
2
100
AcDbEntity
  8
HT-A-WALL-F01-NEW
100
AcDbLine
 10
3837.28
 20
20632.46
 30
0.0
 11
3837.28
 21
20432.46
 31
0.0
  0
LINE
  5
2E6
330
2
100
AcDbEntity
  8
HT-A-WALL-F01-NEW
100
AcDbLine
 10
3837.28
 20
20432.46
 30
0.0
 11
4237.28
 21
20432.46
 31
0.0
  0
LINE
  5
2E7
330
2
100
AcDbEntity
  8
HT-A-WALL-F01-NEW
100
AcDbLine
 10
2637.28
 20
13432.46
 30
0.0
 11
3037.28
 21
13432.46
 31
0.0
  0
LINE
  5
2E8
330
2
100
AcDbEntity
  8
HT-A-WALL-F01-NEW
100
AcDbLine
 10
3037.28
 20
13432.46
 30
0.0
 11
3037.28
 21
13632.46
 31
0.0
  0
LINE
  5
2E9
330
2
100
AcDbEntity
  8
HT-A-WALL-F01-NEW
100
AcDbLine
 10
3037.28
 20
13632.46
 30
0.0
 11
2737.28
 21
13632.46
 31
0.0
  0
LINE
  5
2EA
330
2
100
AcDbEntity
  8
HT-A-WALL-F01-NEW
100
AcDbLine
 10
4237.28
 20
13632.46
 30
0.0
 11
3937.28
 21
13632.46
 31
0.0
  0
LINE
  5
2EB
330
2
100
AcDbEntity
  8
HT-A-WALL-F01-NEW
100
AcDbLine
 10
3937.28
 20
13632.46
 30
0.0
 11
3937.28
 21
13432.46
 31
0.0
  0
LINE
  5
2EC
330
2
100
AcDbEntity
  8
HT-A-WALL-F01-NEW
100
AcDbLine
 10
3937.28
 20
13432.46
 30
0.0
 11
4437.28
 21
13432.46
 31
0.0
  0
LINE
  5
2ED
330
2
100
AcDbEntity
  8
HT-A-WALL-F01-NEW
100
AcDbLine
 10
11437.28
 20
13632.46
 30
0.0
 11
15237.28
 21
13632.46
 31
0.0
  0
LINE
  5
2EE
330
2
100
AcDbEntity
  8
HT-A-WALL-F01-NEW
100
AcDbLine
 10
11237.28
 20
13432.46
 30
0.0
 11
15437.28
 21
13432.46
 31
0.0
  0
LINE
  5
2EF
330
2
100
AcDbEntity
  8
HT-A-WALL-F01-NEW
100
AcDbLine
 10
15437.28
 20
13432.46
 30
0.0
 11
15437.28
 21
14632.46
 31
0.0
  0
LINE
  5
2F0
330
2
100
AcDbEntity
  8
HT-A-WALL-F01-NEW
100
AcDbLine
 10
15437.28
 20
14632.46
 30
0.0
 11
15237.28
 21
14632.46
 31
0.0
  0
LINE
  5
2F1
330
2
100
AcDbEntity
  8
HT-A-WALL-F01-NEW
100
AcDbLine
 10
15237.28
 20
14632.46
 30
0.0
 11
15237.28
 21
13632.46
 31
0.0
  0
LINE
  5
2F2
330
2
100
AcDbEntity
  8
HT-A-WALL-F01-NEW
100
AcDbLine
 10
15237.28
 20
17432.46
 30
0.0
 11
15237.28
 21
16432.46
 31
0.0
  0
LINE
  5
2F3
330
2
100
AcDbEntity
  8
HT-A-WALL-F01-NEW
100
AcDbLine
 10
15237.28
 20
16432.46
 30
0.0
 11
15437.28
 21
16432.46
 31
0.0
  0
LINE
  5
2F4
330
2
100
AcDbEntity
  8
HT-A-WALL-F01-NEW
100
AcDbLine
 10
15437.28
 20
16432.46
 30
0.0
 11
15437.28
 21
17632.46
 31
0.0
  0
LINE
  5
2F5
330
2
100
AcDbEntity
  8
HT-A-WALL-F01-NEW
100
AcDbLine
 10
11237.28
 20
17532.46
 30
0.0
 11
11237.28
 21
18132.46
 31
0.0
  0
LINE
  5
2F6
330
2
100
AcDbEntity
  8
HT-A-WALL-F01-NEW
100
AcDbLine
 10
11437.28
 20
17632.46
 30
0.0
 11
11437.28
 21
18332.46
 31
0.0
  0
LINE
  5
2F7
330
2
100
AcDbEntity
  8
HT-A-WALL-F01-NEW
100
AcDbLine
 10
15237.28
 20
17432.46
 30
0.0
 11
14837.28
 21
17432.46
 31
0.0
  0
LINE
  5
2F8
330
2
100
AcDbEntity
  8
HT-A-WALL-F01-NEW
100
AcDbLine
 10
15437.28
 20
17632.46
 30
0.0
 11
14937.28
 21
17632.46
 31
0.0
  0
LINE
  5
2F9
330
2
100
AcDbEntity
  8
HT-A-WALL-F01-NEW
100
AcDbLine
 10
11437.28
 20
20932.46
 30
0.0
 11
11537.28
 21
20932.46
 31
0.0
  0
LINE
  5
2FA
330
2
100
AcDbEntity
  8
HT-A-WALL-F01-NEW
100
AcDbLine
 10
11537.28
 20
20932.46
 30
0.0
 11
11537.28
 21
21132.46
 31
0.0
  0
LINE
  5
2FB
330
2
100
AcDbEntity
  8
HT-A-WALL-F01-NEW
100
AcDbLine
 10
11537.28
 20
21132.46
 30
0.0
 11
11437.28
 21
21132.46
 31
0.0
  0
LINE
  5
2FC
330
2
100
AcDbEntity
  8
HT-A-WALL-F01-NEW
100
AcDbLine
 10
12837.28
 20
21132.46
 30
0.0
 11
12537.28
 21
21132.46
 31
0.0
  0
LINE
  5
2FD
330
2
100
AcDbEntity
  8
HT-A-WALL-F01-NEW
100
AcDbLine
 10
12537.28
 20
21132.46
 30
0.0
 11
12537.28
 21
20932.46
 31
0.0
  0
LINE
  5
2FE
330
2
100
AcDbEntity
  8
HT-A-WALL-F01-NEW
100
AcDbLine
 10
12537.28
 20
20932.46
 30
0.0
 11
12737.28
 21
20932.46
 31
0.0
  0
LINE
  5
2FF
330
2
100
AcDbEntity
  8
HT-A-WALL-F01-NEW
100
AcDbLine
 10
15437.28
 20
20932.46
 30
0.0
 11
15437.28
 21
21882.46
 31
0.0
  0
LINE
  5
300
330
2
100
AcDbEntity
  8
HT-A-WALL-F01-NEW
100
AcDbLine
 10
15437.28
 20
21882.46
 30
0.0
 11
15237.28
 21
21882.46
 31
0.0
  0
LINE
  5
301
330
2
100
AcDbEntity
  8
HT-A-WALL-F01-NEW
100
AcDbLine
 10
15237.28
 20
21882.46
 30
0.0
 11
15237.28
 21
21132.46
 31
0.0
  0
LINE
  5
302
330
2
100
AcDbEntity
  8
HT-A-WALL-F01-NEW
100
AcDbLine
 10
15237.28
 20
24432.46
 30
0.0
 11
15237.28
 21
23682.46
 31
0.0
  0
LINE
  5
303
330
2
100
AcDbEntity
  8
HT-A-WALL-F01-NEW
100
AcDbLine
 10
15237.28
 20
23682.46
 30
0.0
 11
15437.28
 21
23682.46
 31
0.0
  0
LINE
  5
304
330
2
100
AcDbEntity
  8
HT-A-WALL-F01-NEW
100
AcDbLine
 10
15437.28
 20
23682.46
 30
0.0
 11
15437.28
 21
24632.46
 31
0.0
  0
LINE
  5
305
330
2
100
AcDbEntity
  8
HT-A-WALL-F01-NEW
100
AcDbLine
 10
15237.28
 20
24432.46
 30
0.0
 11
11437.28
 21
24432.46
 31
0.0
  0
LINE
  5
306
330
2
100
AcDbEntity
  8
HT-A-WALL-F01-NEW
100
AcDbLine
 10
15437.28
 20
24632.46
 30
0.0
 11
11237.28
 21
24632.46
 31
0.0
  0
LINE
  5
307
330
2
100
AcDbEntity
  8
HT-A-WALL-F01-NEW
100
AcDbLine
 10
11437.28
 20
24432.46
 30
0.0
 11
11437.28
 21
21132.46
 31
0.0
  0
LINE
  5
308
330
2
100
AcDbEntity
  8
HT-A-WALL-F01-NEW
100
AcDbLine
 10
11237.28
 20
24632.46
 30
0.0
 11
11237.28
 21
21032.46
 31
0.0
  0
LINE
  5
309
330
2
100
AcDbEntity
  8
HT-A-WALL-F01-NEW
100
AcDbLine
 10
14837.28
 20
17432.46
 30
0.0
 11
12837.28
 21
17432.46
 31
0.0
  0
LINE
  5
30A
330
2
100
AcDbEntity
  8
HT-A-WALL-F01-NEW
100
AcDbLine
 10
14737.28
 20
17632.46
 30
0.0
 11
12937.28
 21
17632.46
 31
0.0
  0
LINE
  5
30B
330
2
100
AcDbEntity
  8
HT-A-WALL-F01-NEW
100
AcDbLine
 10
14837.28
 20
21132.46
 30
0.0
 11
15237.28
 21
21132.46
 31
0.0
  0
LINE
  5
30C
330
2
100
AcDbEntity
  8
HT-A-WALL-F01-NEW
100
AcDbLine
 10
14937.28
 20
20932.46
 30
0.0
 11
15437.28
 21
20932.46
 31
0.0
  0
LINE
  5
30D
330
2
100
AcDbEntity
  8
HT-A-WALL-F01-NEW
100
AcDbLine
 10
12737.28
 20
17632.46
 30
0.0
 11
12537.28
 21
17632.46
 31
0.0
  0
LINE
  5
30E
330
2
100
AcDbEntity
  8
HT-A-WALL-F01-NEW
100
AcDbLine
 10
12537.28
 20
17632.46
 30
0.0
 11
12537.28
 21
17432.46
 31
0.0
  0
LINE
  5
30F
330
2
100
AcDbEntity
  8
HT-A-WALL-F01-NEW
100
AcDbLine
 10
12537.28
 20
17432.46
 30
0.0
 11
12837.28
 21
17432.46
 31
0.0
  0
LINE
  5
310
330
2
100
AcDbEntity
  8
HT-A-WALL-F01-NEW
100
AcDbLine
 10
11437.28
 20
17432.46
 30
0.0
 11
11537.28
 21
17432.46
 31
0.0
  0
LINE
  5
311
330
2
100
AcDbEntity
  8
HT-A-WALL-F01-NEW
100
AcDbLine
 10
11537.28
 20
17432.46
 30
0.0
 11
11537.28
 21
17632.46
 31
0.0
  0
LINE
  5
312
330
2
100
AcDbEntity
  8
HT-A-WALL-F01-NEW
100
AcDbLine
 10
11537.28
 20
17632.46
 30
0.0
 11
11437.28
 21
17632.46
 31
0.0
  0
LINE
  5
313
330
2
100
AcDbEntity
  8
HT-A-WALL-F01-NEW
100
AcDbLine
 10
12837.28
 20
21132.46
 30
0.0
 11
14837.28
 21
21132.46
 31
0.0
  0
LINE
  5
314
330
2
100
AcDbEntity
  8
HT-A-WALL-F01-NEW
100
AcDbLine
 10
12937.28
 20
20932.46
 30
0.0
 11
14737.28
 21
20932.46
 31
0.0
  0
LINE
  5
315
330
2
100
AcDbEntity
  8
HT-A-WALL-F01-NEW
100
AcDbLine
 10
2537.28
 20
24432.46
 30
0.0
 11
-62.72
 21
24432.46
 31
0.0
  0
LINE
  5
316
330
2
100
AcDbEntity
  8
HT-A-WALL-F01-NEW
100
AcDbLine
 10
2637.28
 20
24632.46
 30
0.0
 11
-262.72
 21
24632.46
 31
0.0
  0
LINE
  5
317
330
2
100
AcDbEntity
  8
HT-A-WALL-F01-NEW
100
AcDbLine
 10
11237.28
 20
18132.46
 30
0.0
 11
9237.28
 21
18132.46
 31
0.0
  0
LINE
  5
318
330
2
100
AcDbEntity
  8
HT-A-WALL-F01-NEW
100
AcDbLine
 10
11437.28
 20
18332.46
 30
0.0
 11
9037.28
 21
18332.46
 31
0.0
  0
LINE
  5
319
330
2
100
AcDbEntity
  8
HT-A-WALL-F01-NEW
100
AcDbLine
 10
4237.28
 20
13632.46
 30
0.0
 11
4237.28
 21
14532.46
 31
0.0
  0
LINE
  5
31A
330
2
100
AcDbEntity
  8
HT-A-WALL-F01-NEW
100
AcDbLine
 10
4437.28
 20
13432.46
 30
0.0
 11
4437.28
 21
14432.46
 31
0.0
  0
LINE
  5
31B
330
2
100
AcDbEntity
  8
HT-A-WALL-F01-NEW
100
AcDbLine
 10
11237.28
 20
13432.46
 30
0.0
 11
11237.28
 21
14432.46
 31
0.0
  0
LINE
  5
31C
330
2
100
AcDbEntity
  8
HT-A-WALL-F01-NEW
100
AcDbLine
 10
11437.28
 20
13632.46
 30
0.0
 11
11437.28
 21
14532.46
 31
0.0
  0
LINE
  5
31D
330
2
100
AcDbEntity
  8
HT-A-WALL-F01-NEW
100
AcDbLine
 10
4237.28
 20
17632.46
 30
0.0
 11
4237.28
 21
18332.46
 31
0.0
  0
LINE
  5
31E
330
2
100
AcDbEntity
  8
HT-A-WALL-F01-NEW
100
AcDbLine
 10
4437.28
 20
17532.46
 30
0.0
 11
4437.28
 21
18332.46
 31
0.0
  0
LINE
  5
31F
330
2
100
AcDbEntity
  8
HT-A-WALL-F01-NEW
100
AcDbLine
 10
4237.28
 20
18332.46
 30
0.0
 11
4437.28
 21
18332.46
 31
0.0
  0
LINE
  5
320
330
2
100
AcDbEntity
  8
HT-A-WALL-F01-NEW
100
AcDbLine
 10
9237.28
 20
14632.46
 30
0.0
 11
9237.28
 21
15482.46
 31
0.0
  0
LINE
  5
321
330
2
100
AcDbEntity
  8
HT-A-WALL-F01-NEW
100
AcDbLine
 10
9237.28
 20
15482.46
 30
0.0
 11
9037.28
 21
15482.46
 31
0.0
  0
LINE
  5
322
330
2
100
AcDbEntity
  8
HT-A-WALL-F01-NEW
100
AcDbLine
 10
9037.28
 20
15482.46
 30
0.0
 11
9037.28
 21
14632.46
 31
0.0
  0
LINE
  5
323
330
2
100
AcDbEntity
  8
HT-A-WALL-F01-NEW
100
AcDbLine
 10
9037.28
 20
18332.46
 30
0.0
 11
9037.28
 21
17282.46
 31
0.0
  0
LINE
  5
324
330
2
100
AcDbEntity
  8
HT-A-WALL-F01-NEW
100
AcDbLine
 10
9037.28
 20
17282.46
 30
0.0
 11
9237.28
 21
17282.46
 31
0.0
  0
LINE
  5
325
330
2
100
AcDbEntity
  8
HT-A-WALL-F01-NEW
100
AcDbLine
 10
9237.28
 20
17282.46
 30
0.0
 11
9237.28
 21
18132.46
 31
0.0
  0
LINE
  5
326
330
2
100
AcDbEntity
  8
HT-A-WALL-F01-NEW
100
AcDbLine
 10
4237.28
 20
20032.46
 30
0.0
 11
4237.28
 21
20432.46
 31
0.0
  0
LINE
  5
327
330
2
100
AcDbEntity
  8
HT-A-WALL-F01-NEW
100
AcDbLine
 10
4437.28
 20
20132.46
 30
0.0
 11
4437.28
 21
20532.46
 31
0.0
  0
LINE
  5
328
330
2
100
AcDbEntity
  8
HT-A-WALL-F01-NEW
100
AcDbLine
 10
4437.28
 20
14632.46
 30
0.0
 11
4437.28
 21
15832.46
 31
0.0
  0
LINE
  5
329
330
2
100
AcDbEntity
  8
HT-A-WALL-F01-NEW
100
AcDbLine
 10
4437.28
 20
15832.46
 30
0.0
 11
4237.28
 21
15832.46
 31
0.0
  0
LINE
  5
32A
330
2
100
AcDbEntity
  8
HT-A-WALL-F01-NEW
100
AcDbLine
 10
4237.28
 20
15832.46
 30
0.0
 11
4237.28
 21
14532.46
 31
0.0
  0
LINE
  5
32B
330
2
100
AcDbEntity
  8
HT-A-WALL-F01-NEW
100
AcDbLine
 10
4237.28
 20
17432.46
 30
0.0
 11
4237.28
 21
16832.46
 31
0.0
  0
LINE
  5
32C
330
2
100
AcDbEntity
  8
HT-A-WALL-F01-NEW
100
AcDbLine
 10
4237.28
 20
16832.46
 30
0.0
 11
4437.28
 21
16832.46
 31
0.0
  0
LINE
  5
32D
330
2
100
AcDbEntity
  8
HT-A-WALL-F01-NEW
100
AcDbLine
 10
4437.28
 20
16832.46
 30
0.0
 11
4437.28
 21
17532.46
 31
0.0
  0
LINE
  5
32E
330
2
100
AcDbEntity
  8
HT-A-WALL-F01-NEW
100
AcDbLine
 10
11237.28
 20
14632.46
 30
0.0
 11
11237.28
 21
17532.46
 31
0.0
  0
LINE
  5
32F
330
2
100
AcDbEntity
  8
HT-A-WALL-F01-NEW
100
AcDbLine
 10
11437.28
 20
14532.46
 30
0.0
 11
11437.28
 21
17432.46
 31
0.0
  0
LINE
  5
330
330
2
100
AcDbEntity
  8
HT-A-WALL-F01-NEW
100
AcDbLine
 10
4437.28
 20
14432.46
 30
0.0
 11
4737.28
 21
14432.46
 31
0.0
  0
LINE
  5
331
330
2
100
AcDbEntity
  8
HT-A-WALL-F01-NEW
100
AcDbLine
 10
4737.28
 20
14432.46
 30
0.0
 11
4737.28
 21
14632.46
 31
0.0
  0
LINE
  5
332
330
2
100
AcDbEntity
  8
HT-A-WALL-F01-NEW
100
AcDbLine
 10
4737.28
 20
14632.46
 30
0.0
 11
4437.28
 21
14632.46
 31
0.0
  0
LINE
  5
333
330
2
100
AcDbEntity
  8
HT-A-WALL-F01-NEW
100
AcDbLine
 10
9037.28
 20
14632.46
 30
0.0
 11
8737.28
 21
14632.46
 31
0.0
  0
LINE
  5
334
330
2
100
AcDbEntity
  8
HT-A-WALL-F01-NEW
100
AcDbLine
 10
8737.28
 20
14632.46
 30
0.0
 11
8737.28
 21
14432.46
 31
0.0
  0
LINE
  5
335
330
2
100
AcDbEntity
  8
HT-A-WALL-F01-NEW
100
AcDbLine
 10
8737.28
 20
14432.46
 30
0.0
 11
9137.28
 21
14432.46
 31
0.0
  0
LINE
  5
336
330
2
100
AcDbEntity
  8
HT-A-WALL-F01-NEW
100
AcDbLine
 10
6537.28
 20
14432.46
 30
0.0
 11
6937.28
 21
14432.46
 31
0.0
  0
LINE
  5
337
330
2
100
AcDbEntity
  8
HT-A-WALL-F01-NEW
100
AcDbLine
 10
6937.28
 20
14432.46
 30
0.0
 11
6937.28
 21
14632.46
 31
0.0
  0
LINE
  5
338
330
2
100
AcDbEntity
  8
HT-A-WALL-F01-NEW
100
AcDbLine
 10
6937.28
 20
14632.46
 30
0.0
 11
6537.28
 21
14632.46
 31
0.0
  0
LINE
  5
339
330
2
100
AcDbEntity
  8
HT-A-WALL-F01-NEW
100
AcDbLine
 10
6537.28
 20
14632.46
 30
0.0
 11
6537.28
 21
14432.46
 31
0.0
  0
LINE
  5
33A
330
2
100
AcDbEntity
  8
HT-A-WALL-F01-NEW
100
AcDbLine
 10
9137.28
 20
14432.46
 30
0.0
 11
9737.28
 21
14432.46
 31
0.0
  0
LINE
  5
33B
330
2
100
AcDbEntity
  8
HT-A-WALL-F01-NEW
100
AcDbLine
 10
9737.28
 20
14432.46
 30
0.0
 11
9737.28
 21
14632.46
 31
0.0
  0
LINE
  5
33C
330
2
100
AcDbEntity
  8
HT-A-WALL-F01-NEW
100
AcDbLine
 10
9737.28
 20
14632.46
 30
0.0
 11
9237.28
 21
14632.46
 31
0.0
  0
LINE
  5
33D
330
2
100
AcDbEntity
  8
HT-A-WALL-F01-NEW
100
AcDbLine
 10
11237.28
 20
14632.46
 30
0.0
 11
10637.28
 21
14632.46
 31
0.0
  0
LINE
  5
33E
330
2
100
AcDbEntity
  8
HT-A-WALL-F01-NEW
100
AcDbLine
 10
10637.28
 20
14632.46
 30
0.0
 11
10637.28
 21
14432.46
 31
0.0
  0
LINE
  5
33F
330
2
100
AcDbEntity
  8
HT-A-WALL-F01-NEW
100
AcDbLine
 10
10637.28
 20
14432.46
 30
0.0
 11
11237.28
 21
14432.46
 31
0.0
  0
LINE
  5
340
330
2
100
AcDbEntity
  8
HT-A-WALL-F01-NEW
100
AcDbLine
 10
14937.28
 20
17632.46
 30
0.0
 11
14937.28
 21
18832.46
 31
0.0
  0
LINE
  5
341
330
2
100
AcDbEntity
  8
HT-A-WALL-F01-NEW
100
AcDbLine
 10
14937.28
 20
18832.46
 30
0.0
 11
14737.28
 21
18832.46
 31
0.0
  0
LINE
  5
342
330
2
100
AcDbEntity
  8
HT-A-WALL-F01-NEW
100
AcDbLine
 10
14737.28
 20
18832.46
 30
0.0
 11
14737.28
 21
17632.46
 31
0.0
  0
LINE
  5
343
330
2
100
AcDbEntity
  8
HT-A-WALL-F01-NEW
100
AcDbLine
 10
14737.28
 20
20932.46
 30
0.0
 11
14737.28
 21
19732.46
 31
0.0
  0
LINE
  5
344
330
2
100
AcDbEntity
  8
HT-A-WALL-F01-NEW
100
AcDbLine
 10
14737.28
 20
19732.46
 30
0.0
 11
14937.28
 21
19732.46
 31
0.0
  0
LINE
  5
345
330
2
100
AcDbEntity
  8
HT-A-WALL-F01-NEW
100
AcDbLine
 10
14937.28
 20
19732.46
 30
0.0
 11
14937.28
 21
20932.46
 31
0.0
  0
LINE
  5
346
330
2
100
AcDbEntity
  8
HT-A-WALL-F01-NEW
100
AcDbLine
 10
12937.28
 20
17632.46
 30
0.0
 11
12937.28
 21
18732.46
 31
0.0
  0
LINE
  5
347
330
2
100
AcDbEntity
  8
HT-A-WALL-F01-NEW
100
AcDbLine
 10
12937.28
 20
18732.46
 30
0.0
 11
12737.28
 21
18732.46
 31
0.0
  0
LINE
  5
348
330
2
100
AcDbEntity
  8
HT-A-WALL-F01-NEW
100
AcDbLine
 10
12737.28
 20
18732.46
 30
0.0
 11
12737.28
 21
17632.46
 31
0.0
  0
LINE
  5
349
330
2
100
AcDbEntity
  8
HT-A-WALL-F01-NEW
100
AcDbLine
 10
12737.28
 20
20932.46
 30
0.0
 11
12737.28
 21
19732.46
 31
0.0
  0
LINE
  5
34A
330
2
100
AcDbEntity
  8
HT-A-WALL-F01-NEW
100
AcDbLine
 10
12737.28
 20
19732.46
 30
0.0
 11
12937.28
 21
19732.46
 31
0.0
  0
LINE
  5
34B
330
2
100
AcDbEntity
  8
HT-A-WALL-F01-NEW
100
AcDbLine
 10
12937.28
 20
19732.46
 30
0.0
 11
12937.28
 21
20932.46
 31
0.0
  0
LINE
  5
34C
330
2
100
AcDbEntity
  8
HT-A-WALL-F01-NEW
100
AcDbLine
 10
11437.28
 20
20932.46
 30
0.0
 11
11437.28
 21
19932.46
 31
0.0
  0
LINE
  5
34D
330
2
100
AcDbEntity
  8
HT-A-WALL-F01-NEW
100
AcDbLine
 10
11237.28
 20
21032.46
 30
0.0
 11
11237.28
 21
20132.46
 31
0.0
  0
TEXT
  5
34E
330
2
100
AcDbEntity
  8
HT-A-ROOM-F01-NEW
100
AcDbText
 10
13364.66
 20
19761.1
 30
0.0
 40
482.27
  1
卫生间
  7
_TCH_SPACE
100
AcDbText
  0
TEXT
  5
34F
330
2
100
AcDbEntity
  8
HT-A-ROOM-F01-NEW
100
AcDbText
 10
13308.39
 20
19249.23
 30
0.0
 40
297.5
  1
5.94m
 41
0.71
  7
_TCH_SPACE
100
AcDbText
  0
TEXT
  5
350
330
2
100
AcDbEntity
  8
HT-A-ROOM-F01-NEW
100
AcDbText
 10
14308.39
 20
19424.23
 30
0.0
 40
148.75
  1
2
 41
0.71
  7
_TCH_SPACE
100
AcDbText
  0
TEXT
  5
351
330
2
100
AcDbEntity
  8
HT-A-ROOM-F01-NEW
100
AcDbText
 10
13100.99
 20
22813.11
 30
0.0
 40
482.27
  1
卧室
  7
_TCH_SPACE
100
AcDbText
  0
TEXT
  5
352
330
2
100
AcDbEntity
  8
HT-A-ROOM-F01-NEW
100
AcDbText
 10
12797.16
 20
22301.23
 30
0.0
 40
297.5
  1
12.54m
 41
0.71
  7
_TCH_SPACE
100
AcDbText
  0
TEXT
  5
353
330
2
100
AcDbEntity
  8
HT-A-ROOM-F01-NEW
100
AcDbText
 10
13957.16
 20
22476.23
 30
0.0
 40
148.75
  1
2
 41
0.71
  7
_TCH_SPACE
100
AcDbText
  0
TEXT
  5
354
330
2
100
AcDbEntity
  8
HT-A-ROOM-F01-NEW
100
AcDbText
 10
13135.06
 20
16237.12
 30
0.0
 40
482.27
  1
卧室
  7
_TCH_SPACE
100
AcDbText
  0
TEXT
  5
355
330
2
100
AcDbEntity
  8
HT-A-ROOM-F01-NEW
100
AcDbText
 10
12831.23
 20
15725.24
 30
0.0
 40
297.5
  1
14.44m
 41
0.71
  7
_TCH_SPACE
100
AcDbText
  0
TEXT
  5
356
330
2
100
AcDbEntity
  8
HT-A-ROOM-F01-NEW
100
AcDbText
 10
13991.23
 20
15900.24
 30
0.0
 40
148.75
  1
2
 41
0.71
  7
_TCH_SPACE
100
AcDbText
  0
TEXT
  5
357
330
2
100
AcDbEntity
  8
HT-A-ROOM-F01-NEW
100
AcDbText
 10
1008.19
 20
15632.46
 30
0.0
 40
482.27
  1
卧室
  7
_TCH_SPACE
100
AcDbText
  0
TEXT
  5
358
330
2
100
AcDbEntity
  8
HT-A-ROOM-F01-NEW
100
AcDbText
 10
784.36
 20
15120.58
 30
0.0
 40
297.5
  1
9.88m
 41
0.71
  7
_TCH_SPACE
100
AcDbText
  0
TEXT
  5
359
330
2
100
AcDbEntity
  8
HT-A-ROOM-F01-NEW
100
AcDbText
 10
1784.36
 20
15295.58
 30
0.0
 40
148.75
  1
2
 41
0.71
  7
_TCH_SPACE
100
AcDbText
  0
TEXT
  5
35A
330
2
100
AcDbEntity
  8
HT-A-ROOM-F01-NEW
100
AcDbText
 10
3257.58
 20
15632.46
 30
0.0
 40
482.27
  1
书房
  7
_TCH_SPACE
100
AcDbText
  0
TEXT
  5
35B
330
2
100
AcDbEntity
  8
HT-A-ROOM-F01-NEW
100
AcDbText
 10
3036.41
 20
15120.58
 30
0.0
 40
297.5
  1
5.70m
 41
0.71
  7
_TCH_SPACE
100
AcDbText
  0
TEXT
  5
35C
330
2
100
AcDbEntity
  8
HT-A-ROOM-F01-NEW
100
AcDbText
 10
4036.41
 20
15295.58
 30
0.0
 40
148.75
  1
2
 41
0.71
  7
_TCH_SPACE
100
AcDbText
  0
TEXT
  5
35D
330
2
100
AcDbEntity
  8
HT-A-ROOM-F01-NEW
100
AcDbText
 10
832.34
 20
22566.73
 30
0.0
 40
482.27
  1
健身房
  7
_TCH_SPACE
100
AcDbText
  0
TEXT
  5
35E
330
2
100
AcDbEntity
  8
HT-A-ROOM-F01-NEW
100
AcDbText
 10
800.0
 20
22054.85
 30
0.0
 40
297.5
  1
9.88m
 41
0.71
  7
_TCH_SPACE
100
AcDbText
  0
TEXT
  5
35F
330
2
100
AcDbEntity
  8
HT-A-ROOM-F01-NEW
100
AcDbText
 10
1800.0
 20
22229.85
 30
0.0
 40
148.75
  1
2
 41
0.71
  7
_TCH_SPACE
100
AcDbText
  0
TEXT
  5
360
330
2
100
AcDbEntity
  8
HT-A-ROOM-F01-NEW
100
AcDbText
 10
3011.81
 20
23143.27
 30
0.0
 40
482.27
  1
卫生间
  7
_TCH_SPACE
100
AcDbText
  0
TEXT
  5
361
330
2
100
AcDbEntity
  8
HT-A-ROOM-F01-NEW
100
AcDbText
 10
2955.54
 20
22631.39
 30
0.0
 40
297.5
  1
3.75m
 41
0.71
  7
_TCH_SPACE
100
AcDbText
  0
TEXT
  5
362
330
2
100
AcDbEntity
  8
HT-A-ROOM-F01-NEW
100
AcDbText
 10
3955.54
 20
22806.39
 30
0.0
 40
148.75
  1
2
 41
0.71
  7
_TCH_SPACE
100
AcDbText
  0
TEXT
  5
363
330
2
100
AcDbEntity
  8
HT-A-ROOM-F01-NEW
100
AcDbText
 10
9940.14
 20
16375.7
 30
0.0
 40
482.27
  1
厨房
  7
_TCH_SPACE
100
AcDbText
  0
TEXT
  5
364
330
2
100
AcDbEntity
  8
HT-A-ROOM-F01-NEW
100
AcDbText
 10
9732.27
 20
15863.82
 30
0.0
 40
297.5
  1
7.00m
 41
0.71
  7
_TCH_SPACE
100
AcDbText
  0
TEXT
  5
365
330
2
100
AcDbEntity
  8
HT-A-ROOM-F01-NEW
100
AcDbText
 10
10732.27
 20
16038.82
 30
0.0
 40
148.75
  1
2
 41
0.71
  7
_TCH_SPACE
100
AcDbText
  0
INSERT
  5
366
330
2
100
AcDbEntity
  8
HT-A-WIND-F01-NEW
100
AcDbBlockReference
 66
     1
  2
$DorLib2D$00000002
 10
2637.28
 20
19032.46
 30
0.0
 41
-1400.0
 42
1400.0
 43
-1400.0
 50
90.0
1001
WTHICK
1040
200.0
  0
ATTRIB
  5
367
330
366
100
AcDbEntity
  8
HT-A-WIND-TEXT-F01-NEW
100
AcDbText
 10
3161.03
 20
18837.46
 30
0.0
 40
297.5
  1

 50
90.0
 41
0.71
  7
_TCH_WINDOW
100
AcDbAttribute
280
     0
  2
A
 70
     0
280
     0
  0
SEQEND
  5
368
330
366
100
AcDbEntity
  8
HT-A-WIND-F01-NEW
  0
INSERT
  5
369
330
2
100
AcDbEntity
  8
HT-A-WIND-F01-NEW
100
AcDbBlockReference
 66
     1
  2
$DorLib2D$00000001
 10
2637.28
 20
20082.46
 30
0.0
 41
700.0
 42
700.0
 43
700.0
 50
90.0
1001
WTHICK
1040
200.0
  0
ATTRIB
  5
36A
330
369
100
AcDbEntity
  8
HT-A-WIND-TEXT-F01-NEW
100
AcDbText
 10
3261.03
 20
19887.46
 30
0.0
 40
297.5
  1

 50
90.0
 41
0.71
  7
_TCH_WINDOW
100
AcDbAttribute
280
     0
  2
A
 70
     0
280
     0
  0
SEQEND
  5
36B
330
369
100
AcDbEntity
  8
HT-A-WIND-F01-NEW
  0
INSERT
  5
36C
330
2
100
AcDbEntity
  8
HT-A-WIND-F01-NEW
100
AcDbBlockReference
 66
     1
  2
$DorLib2D$00000001
 10
2637.28
 20
17982.46
 30
0.0
 41
-700.0
 42
700.0
 43
-700.0
 50
90.0
1001
WTHICK
1040
200.0
  0
ATTRIB
  5
36D
330
36C
100
AcDbEntity
  8
HT-A-WIND-TEXT-F01-NEW
100
AcDbText
 10
3261.03
 20
17787.46
 30
0.0
 40
297.5
  1

 50
90.0
 41
0.71
  7
_TCH_WINDOW
100
AcDbAttribute
280
     0
  2
A
 70
     0
280
     0
  0
SEQEND
  5
36E
330
36C
100
AcDbEntity
  8
HT-A-WIND-F01-NEW
  0
TEXT
  5
36F
330
2
100
AcDbEntity
  8
HT-A-ROOM-F01-NEW
100
AcDbText
 10
3166.07
 20
19082.81
 30
0.0
 40
482.27
  1
玄关
  7
_TCH_SPACE
100
AcDbText
  0
TEXT
  5
370
330
2
100
AcDbEntity
  8
HT-A-ROOM-F01-NEW
100
AcDbText
 10
2955.54
 20
18570.93
 30
0.0
 40
297.5
  1
4.20m
 41
0.71
  7
_TCH_SPACE
100
AcDbText
  0
TEXT
  5
371
330
2
100
AcDbEntity
  8
HT-A-ROOM-F01-NEW
100
AcDbText
 10
3955.54
 20
18745.93
 30
0.0
 40
148.75
  1
2
 41
0.71
  7
_TCH_SPACE
100
AcDbText
  0
LINE
  5
372
330
2
100
AcDbEntity
  8
HT-A-WALL-F01-NEW
100
AcDbLine
 10
2537.28
 20
21732.46
 30
0.0
 11
2837.28
 21
21732.46
 31
0.0
  0
LINE
  5
373
330
2
100
AcDbEntity
  8
HT-A-WALL-F01-NEW
100
AcDbLine
 10
2837.28
 20
21732.46
 30
0.0
 11
2837.28
 21
21932.46
 31
0.0
  0
LINE
  5
374
330
2
100
AcDbEntity
  8
HT-A-WALL-F01-NEW
100
AcDbLine
 10
2837.28
 20
21932.46
 30
0.0
 11
2737.28
 21
21932.46
 31
0.0
  0
LINE
  5
375
330
2
100
AcDbEntity
  8
HT-A-WALL-F01-NEW
100
AcDbLine
 10
4237.28
 20
21932.46
 30
0.0
 11
3637.28
 21
21932.46
 31
0.0
  0
LINE
  5
376
330
2
100
AcDbEntity
  8
HT-A-WALL-F01-NEW
100
AcDbLine
 10
3637.28
 20
21932.46
 30
0.0
 11
3637.28
 21
21732.46
 31
0.0
  0
LINE
  5
377
330
2
100
AcDbEntity
  8
HT-A-WALL-F01-NEW
100
AcDbLine
 10
3637.28
 20
21732.46
 30
0.0
 11
4237.28
 21
21732.46
 31
0.0
  0
LINE
  5
378
330
2
100
AcDbEntity
  8
HT-A-WALL-F01-NEW
100
AcDbLine
 10
2537.28
 20
21732.46
 30
0.0
 11
2537.28
 21
24432.46
 31
0.0
  0
LINE
  5
379
330
2
100
AcDbEntity
  8
HT-A-WALL-F01-NEW
100
AcDbLine
 10
2737.28
 20
21932.46
 30
0.0
 11
2737.28
 21
24432.46
 31
0.0
  0
LINE
  5
37A
330
2
100
AcDbEntity
  8
HT-A-WALL-F01-NEW
100
AcDbLine
 10
4237.28
 20
21932.46
 30
0.0
 11
4237.28
 21
24432.46
 31
0.0
  0
LINE
  5
37B
330
2
100
AcDbEntity
  8
HT-A-WALL-F01-NEW
100
AcDbLine
 10
4437.28
 20
21832.46
 30
0.0
 11
4437.28
 21
24632.46
 31
0.0
  0
INSERT
  5
37C
330
2
100
AcDbEntity
  8
HT-A-WIND-F01-NEW
100
AcDbBlockReference
 66
     1
  2
$DorLib2D$00000001
 10
2637.28
 20
16332.46
 30
0.0
 41
1000.0
 42
1000.0
 43
1000.0
 50
90.0
1001
WTHICK
1040
200.0
  0
ATTRIB
  5
37D
330
37C
100
AcDbEntity
  8
HT-A-WIND-TEXT-F01-NEW
100
AcDbText
 10
3161.03
 20
16137.46
 30
0.0
 40
297.5
  1

 50
90.0
 41
0.71
  7
_TCH_WINDOW
100
AcDbAttribute
280
     0
  2
A
 70
     0
280
     0
  0
SEQEND
  5
37E
330
37C
100
AcDbEntity
  8
HT-A-WIND-F01-NEW
  0
LINE
  5
37F
330
2
100
AcDbEntity
  8
HT-A-WIND-F01-NEW
  6
DASH
100
AcDbLine
 10
3837.28
 20
20432.46
 30
0.0
 11
3837.28
 21
20632.46
 31
0.0
  0
LINE
  5
380
330
2
100
AcDbEntity
  8
HT-A-WIND-F01-NEW
  6
DASH
100
AcDbLine
 10
2737.28
 20
20632.46
 30
0.0
 11
2737.28
 21
20432.46
 31
0.0
  0
INSERT
  5
381
330
2
100
AcDbEntity
  8
HT-A-WIND-F01-NEW
100
AcDbBlockReference
 66
     1
  2
$DorLib2D$00000001
 10
3237.28
 20
21832.46
 30
0.0
 41
-800.0
 42
800.0
 43
-800.0
1001
WTHICK
1040
200.0
  0
ATTRIB
  5
382
330
381
100
AcDbEntity
  8
HT-A-WIND-TEXT-F01-NEW
100
AcDbText
 10
3042.28
 20
21408.71
 30
0.0
 40
297.5
  1

 41
0.71
  7
_TCH_WINDOW
100
AcDbAttribute
280
     0
  2
A
 70
     0
280
     0
  0
SEQEND
  5
383
330
381
100
AcDbEntity
  8
HT-A-WIND-F01-NEW
  0
LINE
  5
384
330
2
100
AcDbEntity
  8
HT-A-WIND-F01-NEW
  6
DASH
100
AcDbLine
 10
4437.28
 20
16832.46
 30
0.0
 11
4237.28
 21
16832.46
 31
0.0
  0
LINE
  5
385
330
2
100
AcDbEntity
  8
HT-A-WIND-F01-NEW
  6
DASH
100
AcDbLine
 10
4237.28
 20
15832.46
 30
0.0
 11
4437.28
 21
15832.46
 31
0.0
  0
TEXT
  5
386
330
2
100
AcDbEntity
  8
HT-A-ROOM-F01-NEW
100
AcDbText
 10
6113.89
 20
16797.03
 30
0.0
 40
482.27
  1
餐客厅
  7
_TCH_SPACE
100
AcDbText
  0
TEXT
  5
387
330
2
100
AcDbEntity
  8
HT-A-ROOM-F01-NEW
100
AcDbText
 10
5986.87
 20
16285.16
 30
0.0
 40
297.5
  1
24.38m
 41
0.71
  7
_TCH_SPACE
100
AcDbText
  0
TEXT
  5
388
330
2
100
AcDbEntity
  8
HT-A-ROOM-F01-NEW
100
AcDbText
 10
7186.87
 20
16460.16
 30
0.0
 40
148.75
  1
2
 41
0.71
  7
_TCH_SPACE
100
AcDbText
  0
INSERT
  5
389
330
2
100
AcDbEntity
  8
HT-A-WIND-F01-NEW
100
AcDbBlockReference
 66
     1
  2
$DorLib2D$00000131
 10
9137.28
 20
16382.46
 30
0.0
 41
-1800.0
 42
-200.0
 43
-1800.0
 50
90.0
1001
WTHICK
1040
200.0
  0
ATTRIB
  5
38A
330
389
100
AcDbEntity
  8
HT-A-WIND-TEXT-F01-NEW
100
AcDbText
 10
8911.03
 20
16187.46
 30
0.0
 40
297.5
  1

 50
90.0
 41
0.71
  7
_TCH_WINDOW
100
AcDbAttribute
280
     0
  2
A
 70
     0
280
     0
  0
SEQEND
  5
38B
330
389
100
AcDbEntity
  8
HT-A-WIND-F01-NEW
  0
INSERT
  5
38C
330
2
100
AcDbEntity
  8
HT-A-WIND-F01-NEW
100
AcDbBlockReference
 66
     1
  2
$DorLib2D$00000001
 10
12037.28
 20
21032.46
 30
0.0
 41
-1000.0
 42
1000.0
 43
-1000.0
1001
WTHICK
1040
200.0
  0
ATTRIB
  5
38D
330
38C
100
AcDbEntity
  8
HT-A-WIND-TEXT-F01-NEW
100
AcDbText
 10
11842.28
 20
20408.71
 30
0.0
 40
297.5
  1

 41
0.71
  7
_TCH_WINDOW
100
AcDbAttribute
280
     0
  2
A
 70
     0
280
     0
  0
SEQEND
  5
38E
330
38C
100
AcDbEntity
  8
HT-A-WIND-F01-NEW
  0
INSERT
  5
38F
330
2
100
AcDbEntity
  8
HT-A-WIND-F01-NEW
100
AcDbBlockReference
 66
     1
  2
$DorLib2D$00000001
 10
12037.28
 20
17532.46
 30
0.0
 41
1000.0
 42
1000.0
 43
1000.0
 50
180.0
1001
WTHICK
1040
200.0
  0
ATTRIB
  5
390
330
38F
100
AcDbEntity
  8
HT-A-WIND-TEXT-F01-NEW
100
AcDbText
 10
11842.28
 20
17958.71
 30
0.0
 40
297.5
  1

 41
0.71
  7
_TCH_WINDOW
100
AcDbAttribute
280
     0
  2
A
 70
     0
280
     0
  0
SEQEND
  5
391
330
38F
100
AcDbEntity
  8
HT-A-WIND-F01-NEW
  0
INSERT
  5
392
330
2
100
AcDbEntity
  8
HT-A-WIND-F01-NEW
100
AcDbBlockReference
 66
     1
  2
$DorLib2D$00000001
 10
12837.28
 20
19232.46
 30
0.0
 41
-1000.0
 42
-1000.0
 43
-1000.0
 50
90.0
1001
WTHICK
1040
200.0
  0
ATTRIB
  5
393
330
392
100
AcDbEntity
  8
HT-A-WIND-TEXT-F01-NEW
100
AcDbText
 10
12311.03
 20
19037.46
 30
0.0
 40
297.5
  1

 50
90.0
 41
0.71
  7
_TCH_WINDOW
100
AcDbAttribute
280
     0
  2
A
 70
     0
280
     0
  0
SEQEND
  5
394
330
392
100
AcDbEntity
  8
HT-A-WIND-F01-NEW
  0
TEXT
  5
395
330
2
100
AcDbEntity
  8
HT-A-ROOM-F01-NEW
100
AcDbText
 10
7416.11
 20
22813.11
 30
0.0
 40
482.27
  1
庭院
  7
_TCH_SPACE
100
AcDbText
  0
TEXT
  5
396
330
2
100
AcDbEntity
  8
HT-A-ROOM-F01-NEW
100
AcDbText
 10
7097.6
 20
22301.23
 30
0.0
 40
297.5
  1
29.24m
 41
0.71
  7
_TCH_SPACE
100
AcDbText
  0
TEXT
  5
397
330
2
100
AcDbEntity
  8
HT-A-ROOM-F01-NEW
100
AcDbText
 10
8297.6
 20
22476.23
 30
0.0
 40
148.75
  1
2
 41
0.71
  7
_TCH_SPACE
100
AcDbText
  0
LINE
  5
398
330
2
100
AcDbEntity
  8
HT-A-AXIS-F01-NEW
100
AcDbLine
 10
-162.72
 20
12532.46
 30
0.0
 11
-162.72
 21
8532.46
 31
0.0
  0
INSERT
  5
399
330
2
100
AcDbEntity
  8
HT-A-AXIS-F01-NEW
100
AcDbBlockReference
 66
     1
  2
_AXISO
 10
-162.72
 20
8132.46
 30
0.0
 41
800.0
 42
800.0
 43
800.0
  0
ATTRIB
  5
39A
330
399
100
AcDbEntity
  8
HT-A-AXIS-TEXT-F01-NEW
100
AcDbText
 10
-328.64
 20
7906.91
 30
0.0
 40
451.09
  1
1
 41
1.72
  7
_TCH_AXIS
 72
     5
 11
3.2
 21
7906.91
 31
0.0
100
AcDbAttribute
280
     0
  2
A
 70
     0
280
     0
  0
SEQEND
  5
39B
330
399
100
AcDbEntity
  8
HT-A-AXIS-F01-NEW
  0
LINE
  5
39C
330
2
100
AcDbEntity
  8
HT-A-AXIS-F01-NEW
100
AcDbLine
 10
-162.72
 20
25532.46
 30
0.0
 11
-162.72
 21
29532.46
 31
0.0
  0
INSERT
  5
39D
330
2
100
AcDbEntity
  8
HT-A-AXIS-F01-NEW
100
AcDbBlockReference
 66
     1
  2
_AXISO
 10
-162.72
 20
29932.46
 30
0.0
 41
800.0
 42
800.0
 43
800.0
  0
ATTRIB
  5
39E
330
39D
100
AcDbEntity
  8
HT-A-AXIS-TEXT-F01-NEW
100
AcDbText
 10
-328.64
 20
29706.91
 30
0.0
 40
451.09
  1
1
 41
1.72
  7
_TCH_AXIS
 72
     5
 11
3.2
 21
29706.91
 31
0.0
100
AcDbAttribute
280
     0
  2
A
 70
     0
280
     0
  0
SEQEND
  5
39F
330
39D
100
AcDbEntity
  8
HT-A-AXIS-F01-NEW
  0
LINE
  5
3A0
330
2
100
AcDbEntity
  8
HT-A-AXIS-F01-NEW
100
AcDbLine
 10
4337.28
 20
12532.46
 30
0.0
 11
4337.28
 21
8532.46
 31
0.0
  0
INSERT
  5
3A1
330
2
100
AcDbEntity
  8
HT-A-AXIS-F01-NEW
100
AcDbBlockReference
 66
     1
  2
_AXISO
 10
4337.28
 20
8132.46
 30
0.0
 41
800.0
 42
800.0
 43
800.0
  0
ATTRIB
  5
3A2
330
3A1
100
AcDbEntity
  8
HT-A-AXIS-TEXT-F01-NEW
100
AcDbText
 10
4170.74
 20
7907.37
 30
0.0
 40
450.18
  1
2
 41
1.11
  7
_TCH_AXIS
 72
     5
 11
4503.82
 21
7907.37
 31
0.0
100
AcDbAttribute
280
     0
  2
A
 70
     0
280
     0
  0
SEQEND
  5
3A3
330
3A1
100
AcDbEntity
  8
HT-A-AXIS-F01-NEW
  0
LINE
  5
3A4
330
2
100
AcDbEntity
  8
HT-A-AXIS-F01-NEW
100
AcDbLine
 10
4337.28
 20
25532.46
 30
0.0
 11
4337.28
 21
29532.46
 31
0.0
  0
INSERT
  5
3A5
330
2
100
AcDbEntity
  8
HT-A-AXIS-F01-NEW
100
AcDbBlockReference
 66
     1
  2
_AXISO
 10
4337.28
 20
29932.46
 30
0.0
 41
800.0
 42
800.0
 43
800.0
  0
ATTRIB
  5
3A6
330
3A5
100
AcDbEntity
  8
HT-A-AXIS-TEXT-F01-NEW
100
AcDbText
 10
4170.74
 20
29707.37
 30
0.0
 40
450.18
  1
2
 41
1.11
  7
_TCH_AXIS
 72
     5
 11
4503.82
 21
29707.37
 31
0.0
100
AcDbAttribute
280
     0
  2
A
 70
     0
280
     0
  0
SEQEND
  5
3A7
330
3A5
100
AcDbEntity
  8
HT-A-AXIS-F01-NEW
  0
LINE
  5
3A8
330
2
100
AcDbEntity
  8
HT-A-AXIS-F01-NEW
100
AcDbLine
 10
7837.28
 20
12532.46
 30
0.0
 11
7837.28
 21
8532.46
 31
0.0
  0
INSERT
  5
3A9
330
2
100
AcDbEntity
  8
HT-A-AXIS-F01-NEW
100
AcDbBlockReference
 66
     1
  2
_AXISO
 10
7837.28
 20
8132.46
 30
0.0
 41
800.0
 42
800.0
 43
800.0
  0
ATTRIB
  5
3AA
330
3A9
100
AcDbEntity
  8
HT-A-AXIS-TEXT-F01-NEW
100
AcDbText
 10
7671.98
 20
7906.46
 30
0.0
 40
452.0
  1
3
 41
1.1
  7
_TCH_AXIS
 72
     5
 11
8002.58
 21
7906.46
 31
0.0
100
AcDbAttribute
280
     0
  2
A
 70
     0
280
     0
  0
SEQEND
  5
3AB
330
3A9
100
AcDbEntity
  8
HT-A-AXIS-F01-NEW
  0
LINE
  5
3AC
330
2
100
AcDbEntity
  8
HT-A-AXIS-F01-NEW
100
AcDbLine
 10
7837.28
 20
25532.46
 30
0.0
 11
7837.28
 21
29532.46
 31
0.0
  0
INSERT
  5
3AD
330
2
100
AcDbEntity
  8
HT-A-AXIS-F01-NEW
100
AcDbBlockReference
 66
     1
  2
_AXISO
 10
7837.28
 20
29932.46
 30
0.0
 41
800.0
 42
800.0
 43
800.0
  0
ATTRIB
  5
3AE
330
3AD
100
AcDbEntity
  8
HT-A-AXIS-TEXT-F01-NEW
100
AcDbText
 10
7671.98
 20
29706.46
 30
0.0
 40
452.0
  1
3
 41
1.1
  7
_TCH_AXIS
 72
     5
 11
8002.58
 21
29706.46
 31
0.0
100
AcDbAttribute
280
     0
  2
A
 70
     0
280
     0
  0
SEQEND
  5
3AF
330
3AD
100
AcDbEntity
  8
HT-A-AXIS-F01-NEW
  0
LINE
  5
3B0
330
2
100
AcDbEntity
  8
HT-A-AXIS-F01-NEW
100
AcDbLine
 10
11337.28
 20
12532.46
 30
0.0
 11
11337.28
 21
8532.46
 31
0.0
  0
INSERT
  5
3B1
330
2
100
AcDbEntity
  8
HT-A-AXIS-F01-NEW
100
AcDbBlockReference
 66
     1
  2
_AXISO
 10
11337.28
 20
8132.46
 30
0.0
 41
800.0
 42
800.0
 43
800.0
  0
ATTRIB
  5
3B2
330
3B1
100
AcDbEntity
  8
HT-A-AXIS-TEXT-F01-NEW
100
AcDbText
 10
11170.74
 20
7907.37
 30
0.0
 40
450.18
  1
4
 41
0.97
  7
_TCH_AXIS
 72
     5
 11
11503.82
 21
7907.37
 31
0.0
100
AcDbAttribute
280
     0
  2
A
 70
     0
280
     0
  0
SEQEND
  5
3B3
330
3B1
100
AcDbEntity
  8
HT-A-AXIS-F01-NEW
  0
LINE
  5
3B4
330
2
100
AcDbEntity
  8
HT-A-AXIS-F01-NEW
100
AcDbLine
 10
11337.28
 20
25532.46
 30
0.0
 11
11337.28
 21
29532.46
 31
0.0
  0
INSERT
  5
3B5
330
2
100
AcDbEntity
  8
HT-A-AXIS-F01-NEW
100
AcDbBlockReference
 66
     1
  2
_AXISO
 10
11337.28
 20
29932.46
 30
0.0
 41
800.0
 42
800.0
 43
800.0
  0
ATTRIB
  5
3B6
330
3B5
100
AcDbEntity
  8
HT-A-AXIS-TEXT-F01-NEW
100
AcDbText
 10
11170.74
 20
29707.37
 30
0.0
 40
450.18
  1
4
 41
0.97
  7
_TCH_AXIS
 72
     5
 11
11503.82
 21
29707.37
 31
0.0
100
AcDbAttribute
280
     0
  2
A
 70
     0
280
     0
  0
SEQEND
  5
3B7
330
3B5
100
AcDbEntity
  8
HT-A-AXIS-F01-NEW
  0
LINE
  5
3B8
330
2
100
AcDbEntity
  8
HT-A-AXIS-F01-NEW
100
AcDbLine
 10
15337.28
 20
12532.46
 30
0.0
 11
15337.28
 21
8532.46
 31
0.0
  0
INSERT
  5
3B9
330
2
100
AcDbEntity
  8
HT-A-AXIS-F01-NEW
100
AcDbBlockReference
 66
     1
  2
_AXISO
 10
15337.28
 20
8132.46
 30
0.0
 41
800.0
 42
800.0
 43
800.0
  0
ATTRIB
  5
3BA
330
3B9
100
AcDbEntity
  8
HT-A-AXIS-TEXT-F01-NEW
100
AcDbText
 10
15170.74
 20
7907.37
 30
0.0
 40
450.18
  1
5
 41
1.11
  7
_TCH_AXIS
 72
     5
 11
15503.82
 21
7907.37
 31
0.0
100
AcDbAttribute
280
     0
  2
A
 70
     0
280
     0
  0
SEQEND
  5
3BB
330
3B9
100
AcDbEntity
  8
HT-A-AXIS-F01-NEW
  0
LINE
  5
3BC
330
2
100
AcDbEntity
  8
HT-A-AXIS-F01-NEW
100
AcDbLine
 10
15337.28
 20
25532.46
 30
0.0
 11
15337.28
 21
29532.46
 31
0.0
  0
INSERT
  5
3BD
330
2
100
AcDbEntity
  8
HT-A-AXIS-F01-NEW
100
AcDbBlockReference
 66
     1
  2
_AXISO
 10
15337.28
 20
29932.46
 30
0.0
 41
800.0
 42
800.0
 43
800.0
  0
ATTRIB
  5
3BE
330
3BD
100
AcDbEntity
  8
HT-A-AXIS-TEXT-F01-NEW
100
AcDbText
 10
15170.74
 20
29707.37
 30
0.0
 40
450.18
  1
5
 41
1.11
  7
_TCH_AXIS
 72
     5
 11
15503.82
 21
29707.37
 31
0.0
100
AcDbAttribute
280
     0
  2
A
 70
     0
280
     0
  0
SEQEND
  5
3BF
330
3BD
100
AcDbEntity
  8
HT-A-AXIS-F01-NEW
  0
LINE
  5
3C0
330
2
100
AcDbEntity
  8
HT-A-AXIS-F01-NEW
100
AcDbLine
 10
-1162.72
 20
13532.46
 30
0.0
 11
-5162.72
 21
13532.46
 31
0.0
  0
INSERT
  5
3C1
330
2
100
AcDbEntity
  8
HT-A-AXIS-F01-NEW
100
AcDbBlockReference
 66
     1
  2
_AXISO
 10
-5562.72
 20
13532.46
 30
0.0
 41
800.0
 42
800.0
 43
800.0
  0
ATTRIB
  5
3C2
330
3C1
100
AcDbEntity
  8
HT-A-AXIS-TEXT-F01-NEW
100
AcDbText
 10
-5728.02
 20
13306.46
 30
0.0
 40
452.0
  1
A
 41
0.85
  7
_TCH_AXIS
 72
     5
 11
-5397.42
 21
13306.46
 31
0.0
100
AcDbAttribute
280
     0
  2
A
 70
     0
280
     0
  0
SEQEND
  5
3C3
330
3C1
100
AcDbEntity
  8
HT-A-AXIS-F01-NEW
  0
LINE
  5
3C4
330
2
100
AcDbEntity
  8
HT-A-AXIS-F01-NEW
100
AcDbLine
 10
16337.28
 20
13532.46
 30
0.0
 11
20337.28
 21
13532.46
 31
0.0
  0
INSERT
  5
3C5
330
2
100
AcDbEntity
  8
HT-A-AXIS-F01-NEW
100
AcDbBlockReference
 66
     1
  2
_AXISO
 10
20737.28
 20
13532.46
 30
0.0
 41
800.0
 42
800.0
 43
800.0
  0
ATTRIB
  5
3C6
330
3C5
100
AcDbEntity
  8
HT-A-AXIS-TEXT-F01-NEW
100
AcDbText
 10
20571.98
 20
13306.46
 30
0.0
 40
452.0
  1
A
 41
0.85
  7
_TCH_AXIS
 72
     5
 11
20902.58
 21
13306.46
 31
0.0
100
AcDbAttribute
280
     0
  2
A
 70
     0
280
     0
  0
SEQEND
  5
3C7
330
3C5
100
AcDbEntity
  8
HT-A-AXIS-F01-NEW
  0
LINE
  5
3C8
330
2
100
AcDbEntity
  8
HT-A-AXIS-F01-NEW
100
AcDbLine
 10
-1162.72
 20
17532.46
 30
0.0
 11
-5162.72
 21
17532.46
 31
0.0
  0
INSERT
  5
3C9
330
2
100
AcDbEntity
  8
HT-A-AXIS-F01-NEW
100
AcDbBlockReference
 66
     1
  2
_AXISO
 10
-5562.72
 20
17532.46
 30
0.0
 41
800.0
 42
800.0
 43
800.0
  0
ATTRIB
  5
3CA
330
3C9
100
AcDbEntity
  8
HT-A-AXIS-TEXT-F01-NEW
100
AcDbText
 10
-5730.51
 20
17308.3
 30
0.0
 40
448.31
  1
B
 41
0.92
  7
_TCH_AXIS
 72
     5
 11
-5394.93
 21
17308.3
 31
0.0
100
AcDbAttribute
280
     0
  2
A
 70
     0
280
     0
  0
SEQEND
  5
3CB
330
3C9
100
AcDbEntity
  8
HT-A-AXIS-F01-NEW
  0
LINE
  5
3CC
330
2
100
AcDbEntity
  8
HT-A-AXIS-F01-NEW
100
AcDbLine
 10
16337.28
 20
17532.46
 30
0.0
 11
20337.28
 21
17532.46
 31
0.0
  0
INSERT
  5
3CD
330
2
100
AcDbEntity
  8
HT-A-AXIS-F01-NEW
100
AcDbBlockReference
 66
     1
  2
_AXISO
 10
20737.28
 20
17532.46
 30
0.0
 41
800.0
 42
800.0
 43
800.0
  0
ATTRIB
  5
3CE
330
3CD
100
AcDbEntity
  8
HT-A-AXIS-TEXT-F01-NEW
100
AcDbText
 10
20569.49
 20
17308.3
 30
0.0
 40
448.31
  1
B
 41
0.92
  7
_TCH_AXIS
 72
     5
 11
20905.07
 21
17308.3
 31
0.0
100
AcDbAttribute
280
     0
  2
A
 70
     0
280
     0
  0
SEQEND
  5
3CF
330
3CD
100
AcDbEntity
  8
HT-A-AXIS-F01-NEW
  0
LINE
  5
3D0
330
2
100
AcDbEntity
  8
HT-A-AXIS-F01-NEW
100
AcDbLine
 10
-1162.72
 20
20532.46
 30
0.0
 11
-5162.72
 21
20532.46
 31
0.0
  0
INSERT
  5
3D1
330
2
100
AcDbEntity
  8
HT-A-AXIS-F01-NEW
100
AcDbBlockReference
 66
     1
  2
_AXISO
 10
-5562.72
 20
20532.46
 30
0.0
 41
800.0
 42
800.0
 43
800.0
  0
ATTRIB
  5
3D2
330
3D1
100
AcDbEntity
  8
HT-A-AXIS-TEXT-F01-NEW
100
AcDbText
 10
-5728.02
 20
20306.46
 30
0.0
 40
452.0
  1
C
 41
1.02
  7
_TCH_AXIS
 72
     5
 11
-5397.42
 21
20306.46
 31
0.0
100
AcDbAttribute
280
     0
  2
A
 70
     0
280
     0
  0
SEQEND
  5
3D3
330
3D1
100
AcDbEntity
  8
HT-A-AXIS-F01-NEW
  0
LINE
  5
3D4
330
2
100
AcDbEntity
  8
HT-A-AXIS-F01-NEW
100
AcDbLine
 10
16337.28
 20
20532.46
 30
0.0
 11
20337.28
 21
20532.46
 31
0.0
  0
INSERT
  5
3D5
330
2
100
AcDbEntity
  8
HT-A-AXIS-F01-NEW
100
AcDbBlockReference
 66
     1
  2
_AXISO
 10
20737.28
 20
20532.46
 30
0.0
 41
800.0
 42
800.0
 43
800.0
  0
ATTRIB
  5
3D6
330
3D5
100
AcDbEntity
  8
HT-A-AXIS-TEXT-F01-NEW
100
AcDbText
 10
20571.98
 20
20306.46
 30
0.0
 40
452.0
  1
C
 41
1.02
  7
_TCH_AXIS
 72
     5
 11
20902.58
 21
20306.46
 31
0.0
100
AcDbAttribute
280
     0
  2
A
 70
     0
280
     0
  0
SEQEND
  5
3D7
330
3D5
100
AcDbEntity
  8
HT-A-AXIS-F01-NEW
  0
LINE
  5
3D8
330
2
100
AcDbEntity
  8
HT-A-AXIS-F01-NEW
100
AcDbLine
 10
-1162.72
 20
24532.46
 30
0.0
 11
-5162.72
 21
24532.46
 31
0.0
  0
INSERT
  5
3D9
330
2
100
AcDbEntity
  8
HT-A-AXIS-F01-NEW
100
AcDbBlockReference
 66
     1
  2
_AXISO
 10
-5562.72
 20
24532.46
 30
0.0
 41
800.0
 42
800.0
 43
800.0
  0
ATTRIB
  5
3DA
330
3D9
100
AcDbEntity
  8
HT-A-AXIS-TEXT-F01-NEW
100
AcDbText
 10
-5730.51
 20
24308.3
 30
0.0
 40
448.31
  1
D
 41
0.92
  7
_TCH_AXIS
 72
     5
 11
-5394.93
 21
24308.3
 31
0.0
100
AcDbAttribute
280
     0
  2
A
 70
     0
280
     0
  0
SEQEND
  5
3DB
330
3D9
100
AcDbEntity
  8
HT-A-AXIS-F01-NEW
  0
LINE
  5
3DC
330
2
100
AcDbEntity
  8
HT-A-AXIS-F01-NEW
100
AcDbLine
 10
16337.28
 20
24532.46
 30
0.0
 11
20337.28
 21
24532.46
 31
0.0
  0
INSERT
  5
3DD
330
2
100
AcDbEntity
  8
HT-A-AXIS-F01-NEW
100
AcDbBlockReference
 66
     1
  2
_AXISO
 10
20737.28
 20
24532.46
 30
0.0
 41
800.0
 42
800.0
 43
800.0
  0
ATTRIB
  5
3DE
330
3DD
100
AcDbEntity
  8
HT-A-AXIS-TEXT-F01-NEW
100
AcDbText
 10
20569.49
 20
24308.3
 30
0.0
 40
448.31
  1
D
 41
0.92
  7
_TCH_AXIS
 72
     5
 11
20905.07
 21
24308.3
 31
0.0
100
AcDbAttribute
280
     0
  2
A
 70
     0
280
     0
  0
SEQEND
  5
3DF
330
3DD
100
AcDbEntity
  8
HT-A-AXIS-F01-NEW
  0
INSERT
  5
3E0
330
2
100
AcDbEntity
  8
HT-A-WIND-F01-NEW
100
AcDbBlockReference
 66
     1
  2
$TCHSYS$WIN2D
 10
-162.72
 20
15532.46
 30
0.0
 41
1800.0
 42
-200.0
 43
1800.0
 50
270.0
1001
WTHICK
1040
200.0
  0
ATTRIB
  5
3E1
330
3E0
100
AcDbEntity
  8
HT-A-WIND-TEXT-F01-NEW
100
AcDbText
 10
361.03
 20
15337.46
 30
0.0
 40
297.5
  1

 50
90.0
 41
0.71
  7
_TCH_WINDOW
100
AcDbAttribute
280
     0
  2
A
 70
     0
280
     0
  0
SEQEND
  5
3E2
330
3E0
100
AcDbEntity
  8
HT-A-WIND-F01-NEW
  0
INSERT
  5
3E3
330
2
100
AcDbEntity
  8
HT-A-WIND-F01-NEW
100
AcDbBlockReference
 66
     1
  2
$TCHSYS$WIN2D
 10
-162.72
 20
22532.46
 30
0.0
 41
1800.0
 42
200.0
 43
1800.0
 50
270.0
1001
WTHICK
1040
200.0
  0
ATTRIB
  5
3E4
330
3E3
100
AcDbEntity
  8
HT-A-WIND-TEXT-F01-NEW
100
AcDbText
 10
-388.97
 20
22337.46
 30
0.0
 40
297.5
  1

 50
90.0
 41
0.71
  7
_TCH_WINDOW
100
AcDbAttribute
280
     0
  2
A
 70
     0
280
     0
  0
SEQEND
  5
3E5
330
3E3
100
AcDbEntity
  8
HT-A-WIND-F01-NEW
  0
INSERT
  5
3E6
330
2
100
AcDbEntity
  8
HT-A-WIND-F01-NEW
100
AcDbBlockReference
 66
     1
  2
$TCHSYS$WIN2D
 10
15337.28
 20
15532.46
 30
0.0
 41
1800.0
 42
-200.0
 43
1800.0
 50
90.0
1001
WTHICK
1040
200.0
  0
ATTRIB
  5
3E7
330
3E6
100
AcDbEntity
  8
HT-A-WIND-TEXT-F01-NEW
100
AcDbText
 10
15111.03
 20
15337.46
 30
0.0
 40
297.5
  1

 50
90.0
 41
0.71
  7
_TCH_WINDOW
100
AcDbAttribute
280
     0
  2
A
 70
     0
280
     0
  0
SEQEND
  5
3E8
330
3E6
100
AcDbEntity
  8
HT-A-WIND-F01-NEW
  0
INSERT
  5
3E9
330
2
100
AcDbEntity
  8
HT-A-WIND-F01-NEW
100
AcDbBlockReference
 66
     1
  2
$TCHSYS$WIN2D
 10
15337.28
 20
22782.46
 30
0.0
 41
1800.0
 42
-200.0
 43
1800.0
 50
90.0
1001
WTHICK
1040
200.0
  0
ATTRIB
  5
3EA
330
3E9
100
AcDbEntity
  8
HT-A-WIND-TEXT-F01-NEW
100
AcDbText
 10
15111.03
 20
22587.46
 30
0.0
 40
297.5
  1

 50
90.0
 41
0.71
  7
_TCH_WINDOW
100
AcDbAttribute
280
     0
  2
A
 70
     0
280
     0
  0
SEQEND
  5
3EB
330
3E9
100
AcDbEntity
  8
HT-A-WIND-F01-NEW
  0
INSERT
  5
3EC
330
2
100
AcDbEntity
  8
HT-A-WIND-F01-NEW
100
AcDbBlockReference
 66
     1
  2
$TCHSYS$WIN2D
 10
3487.28
 20
13532.46
 30
0.0
 41
900.0
 42
200.0
 43
900.0
1001
WTHICK
1040
200.0
  0
ATTRIB
  5
3ED
330
3EC
100
AcDbEntity
  8
HT-A-WIND-TEXT-F01-NEW
100
AcDbText
 10
3292.28
 20
13008.71
 30
0.0
 40
297.5
  1

 41
0.71
  7
_TCH_WINDOW
100
AcDbAttribute
280
     0
  2
A
 70
     0
280
     0
  0
SEQEND
  5
3EE
330
3EC
100
AcDbEntity
  8
HT-A-WIND-F01-NEW
  0
INSERT
  5
3EF
330
2
100
AcDbEntity
  8
HT-A-WIND-F01-NEW
100
AcDbBlockReference
 66
     1
  2
$TCHSYS$WIN2D
 10
3487.28
 20
24532.46
 30
0.0
 41
900.0
 42
200.0
 43
900.0
 50
180.0
1001
WTHICK
1040
200.0
  0
ATTRIB
  5
3F0
330
3EF
100
AcDbEntity
  8
HT-A-WIND-TEXT-F01-NEW
100
AcDbText
 10
3292.28
 20
24758.71
 30
0.0
 40
297.5
  1

 41
0.71
  7
_TCH_WINDOW
100
AcDbAttribute
280
     0
  2
A
 70
     0
280
     0
  0
SEQEND
  5
3F1
330
3EF
100
AcDbEntity
  8
HT-A-WIND-F01-NEW
  0
INSERT
  5
3F2
330
2
100
AcDbEntity
  8
HT-A-WIND-F01-NEW
100
AcDbBlockReference
 66
     1
  2
$TCHSYS$WIN2D
 10
14837.28
 20
19282.46
 30
0.0
 41
900.0
 42
-200.0
 43
900.0
 50
90.0
1001
WTHICK
1040
200.0
  0
ATTRIB
  5
3F3
330
3F2
100
AcDbEntity
  8
HT-A-WIND-TEXT-F01-NEW
100
AcDbText
 10
14611.03
 20
19087.46
 30
0.0
 40
297.5
  1

 50
90.0
 41
0.71
  7
_TCH_WINDOW
100
AcDbAttribute
280
     0
  2
A
 70
     0
280
     0
  0
SEQEND
  5
3F4
330
3F2
100
AcDbEntity
  8
HT-A-WIND-F01-NEW
  0
INSERT
  5
3F5
330
2
100
AcDbEntity
  8
HT-A-WIND-F01-NEW
100
AcDbBlockReference
 66
     1
  2
$TCHSYS$WIN2D
 10
10187.28
 20
14532.46
 30
0.0
 41
900.0
 42
-200.0
 43
900.0
1001
WTHICK
1040
200.0
  0
ATTRIB
  5
3F6
330
3F5
100
AcDbEntity
  8
HT-A-WIND-TEXT-F01-NEW
100
AcDbText
 10
9992.28
 20
14758.71
 30
0.0
 40
297.5
  1

 41
0.71
  7
_TCH_WINDOW
100
AcDbAttribute
280
     0
  2
A
 70
     0
280
     0
  0
SEQEND
  5
3F7
330
3F5
100
AcDbEntity
  8
HT-A-WIND-F01-NEW
  0
INSERT
  5
3F8
330
2
100
AcDbEntity
  8
HT-A-WIND-F01-NEW
100
AcDbBlockReference
 66
     1
  2
$TCHSYS$WIN2D
 10
5637.28
 20
14532.46
 30
0.0
 41
1800.0
 42
200.0
 43
1800.0
1001
WTHICK
1040
200.0
  0
ATTRIB
  5
3F9
330
3F8
100
AcDbEntity
  8
HT-A-WIND-TEXT-F01-NEW
100
AcDbText
 10
5442.28
 20
14008.71
 30
0.0
 40
297.5
  1

 41
0.71
  7
_TCH_WINDOW
100
AcDbAttribute
280
     0
  2
A
 70
     0
280
     0
  0
SEQEND
  5
3FA
330
3F8
100
AcDbEntity
  8
HT-A-WIND-F01-NEW
  0
INSERT
  5
3FB
330
2
100
AcDbEntity
  8
HT-A-WIND-F01-NEW
100
AcDbBlockReference
 66
     1
  2
$TCHSYS$WIN2D
 10
7837.28
 20
14532.46
 30
0.0
 41
-1800.0
 42
200.0
 43
-1800.0
1001
WTHICK
1040
200.0
  0
ATTRIB
  5
3FC
330
3FB
100
AcDbEntity
  8
HT-A-WIND-TEXT-F01-NEW
100
AcDbText
 10
7642.28
 20
14008.71
 30
0.0
 40
297.5
  1

 41
0.71
  7
_TCH_WINDOW
100
AcDbAttribute
280
     0
  2
A
 70
     0
280
     0
  0
SEQEND
  5
3FD
330
3FB
100
AcDbEntity
  8
HT-A-WIND-F01-NEW
  0
INSERT
  5
3FE
330
2
100
AcDbEntity
  8
HT-A-WIND-F01-NEW
100
AcDbBlockReference
 66
     1
  2
$TCHSYS$WIN2D
 10
5637.28
 20
20032.46
 30
0.0
 41
-1800.0
 42
-200.0
 43
-1800.0
 50
180.0
1001
WTHICK
1040
200.0
  0
ATTRIB
  5
3FF
330
3FE
100
AcDbEntity
  8
HT-A-WIND-TEXT-F01-NEW
100
AcDbText
 10
5442.28
 20
19558.71
 30
0.0
 40
297.5
  1

 41
0.71
  7
_TCH_WINDOW
100
AcDbAttribute
280
     0
  2
A
 70
     0
280
     0
  0
SEQEND
  5
400
330
3FE
100
AcDbEntity
  8
HT-A-WIND-F01-NEW
  0
INSERT
  5
401
330
2
100
AcDbEntity
  8
HT-A-WIND-F01-NEW
100
AcDbBlockReference
 66
     1
  2
$TCHSYS$WIN2D
 10
7837.28
 20
20032.46
 30
0.0
 41
1800.0
 42
-200.0
 43
1800.0
 50
180.0
1001
WTHICK
1040
200.0
  0
ATTRIB
  5
402
330
401
100
AcDbEntity
  8
HT-A-WIND-TEXT-F01-NEW
100
AcDbText
 10
7642.28
 20
19558.71
 30
0.0
 40
297.5
  1

 41
0.71
  7
_TCH_WINDOW
100
AcDbAttribute
280
     0
  2
A
 70
     0
280
     0
  0
SEQEND
  5
403
330
401
100
AcDbEntity
  8
HT-A-WIND-F01-NEW
  0
INSERT
  5
404
330
2
100
AcDbEntity
  8
HT-A-WIND-F01-NEW
100
AcDbBlockReference
 66
     1
  2
$TCHSYS$WIN2D
 10
10037.28
 20
20032.46
 30
0.0
 41
1800.0
 42
-200.0
 43
1800.0
 50
180.0
1001
WTHICK
1040
200.0
  0
ATTRIB
  5
405
330
404
100
AcDbEntity
  8
HT-A-WIND-TEXT-F01-NEW
100
AcDbText
 10
9842.28
 20
19558.71
 30
0.0
 40
297.5
  1

 41
0.71
  7
_TCH_WINDOW
100
AcDbAttribute
280
     0
  2
A
 70
     0
280
     0
  0
SEQEND
  5
406
330
404
100
AcDbEntity
  8
HT-A-WIND-F01-NEW
  0
ENDSEC
  0
SECTION
  2
OBJECTS
  0
DICTIONARY
  5
9
330
0
100
AcDbDictionary
281
     1
  3
ACAD_CIP_PREVIOUS_PRODUCT_INFO
350
444
  3
ACAD_COLOR
350
270
  3
ACAD_DETAILVIEWSTYLE
350
43B
  3
ACAD_GROUP
350
25D
  3
ACAD_LAYOUT
350
23F
  3
ACAD_MATERIAL
350
B
  3
ACAD_MLEADERSTYLE
350
273
  3
ACAD_MLINESTYLE
350
25E
  3
ACAD_PLOTSETTINGS
350
25F
  3
ACAD_PLOTSTYLENAME
350
8
  3
ACAD_SCALELIST
350
271
  3
ACAD_SECTIONVIEWSTYLE
350
439
  3
ACAD_TABLESTYLE
350
272
  3
ACAD_VISUALSTYLE
350
257
  3
ACDB_RECOMPOSE_DATA
350
44F
  3
AcDbVariableDictionary
350
274
  3
TCH_DBCONFIG
350
445
  0
DICTIONARY
  5
249
330
248
100
AcDbDictionary
280
     1
281
     1
  3
ACAD_LAYERFILTERS
360
24A
  3
ACAD_LAYERSTATES
360
449
  3
ACLYDICTIONARY
360
24B
  0
DICTIONARY
  5
3
330
2
100
AcDbDictionary
280
     1
281
     1
  3
ACAD_SORTENTS
360
29B
  0
DICTIONARY
  5
21
330
20
100
AcDbDictionary
280
     1
281
     1
  3
ACAD_SORTENTS
360
291
  0
DICTIONARY
  5
73
330
72
100
AcDbDictionary
280
     1
281
     1
  0
DICTIONARY
  5
DF
330
DE
100
AcDbDictionary
280
     1
281
     1
  0
DICTIONARY
  5
410
330
145
100
AcDbDictionary
280
     1
281
     1
  0
XRECORD
  5
444
102
{ACAD_REACTORS
330
9
102
}
330
9
100
AcDbXrecord
280
     1
300
ACD
300
2021
300

  0
DICTIONARY
  5
270
102
{ACAD_REACTORS
330
9
102
}
330
9
100
AcDbDictionary
281
     1
  0
DICTIONARY
  5
43B
102
{ACAD_REACTORS
330
9
102
}
330
9
100
AcDbDictionary
281
     1
  3
Metric50
350
43C
  0
DICTIONARY
  5
25D
102
{ACAD_REACTORS
330
9
102
}
330
9
100
AcDbDictionary
281
     1
  0
DICTIONARY
  5
23F
102
{ACAD_REACTORS
330
9
102
}
330
9
100
AcDbDictionary
281
     1
  3
Model
350
23E
  3
布局1
350
243
  3
布局2
350
247
  0
DICTIONARY
  5
B
102
{ACAD_REACTORS
330
9
102
}
330
9
100
AcDbDictionary
281
     1
  3
ByBlock
350
268
  3
ByLayer
350
260
  3
Global
350
A
  0
DICTIONARY
  5
273
102
{ACAD_REACTORS
330
9
102
}
330
9
100
AcDbDictionary
281
     1
  3
Standard
350
438
  0
DICTIONARY
  5
25E
102
{ACAD_REACTORS
330
9
102
}
330
9
100
AcDbDictionary
281
     1
  3
Standard
350
27C
  0
DICTIONARY
  5
25F
102
{ACAD_REACTORS
330
9
102
}
330
9
100
AcDbDictionary
281
     1
  0
ACDBDICTIONARYWDFLT
  5
8
102
{ACAD_REACTORS
330
9
102
}
330
9
100
AcDbDictionary
281
     1
  3
Normal
350
7
100
AcDbDictionaryWithDefault
340
7
  0
DICTIONARY
  5
271
102
{ACAD_REACTORS
330
9
102
}
330
9
100
AcDbDictionary
281
     1
  3
A0
350
280
  3
A1
350
281
  3
A2
350
282
  3
A3
350
283
  3
A4
350
284
  3
A5
350
285
  3
A6
350
286
  3
A7
350
287
  3
A8
350
288
  3
A9
350
289
  3
B0
350
28A
  3
B1
350
28B
  3
B2
350
28C
  3
B3
350
28D
  3
B4
350
28E
  3
B5
350
28F
  3
B6
350
290
  0
DICTIONARY
  5
439
102
{ACAD_REACTORS
330
9
102
}
330
9
100
AcDbDictionary
281
     1
  3
Metric50
350
43A
  0
DICTIONARY
  5
272
102
{ACAD_REACTORS
330
9
102
}
330
9
100
AcDbDictionary
281
     1
  3
Standard
350
27D
  0
DICTIONARY
  5
257
102
{ACAD_REACTORS
330
9
102
}
330
9
100
AcDbDictionary
281
     1
  3
2dWireframe
350
256
  3
Basic
350
427
  3
Brighten
350
42B
  3
ColorChange
350
42F
  3
Conceptual
350
429
  3
Dim
350
42A
  3
EdgeColorOff
350
437
  3
Facepattern
350
42E
  3
Flat
350
423
  3
FlatWithEdges
350
424
  3
Gouraud
350
425
  3
GouraudWithEdges
350
426
  3
Hidden
350
428
  3
JitterOff
350
435
  3
Linepattern
350
42D
  3
OverhangOff
350
436
  3
Realistic
350
27E
  3
Shaded
350
434
  3
Shaded with edges
350
433
  3
Shades of Gray
350
430
  3
Sketchy
350
431
  3
Thicken
350
42C
  3
Wireframe
350
27F
  3
X-Ray
350
432
  0
XRECORD
  5
44F
102
{ACAD_REACTORS
330
9
102
}
330
9
100
AcDbXrecord
280
     1
 90
        1
330
27D
  0
DICTIONARY
  5
274
102
{ACAD_REACTORS
330
9
102
}
330
9
100
AcDbDictionary
281
     1
  3
CANNOSCALE
350
275
  3
CENTEREXE
350
276
  3
CENTERLTYPEFILE
350
277
  3
CMLEADERSTYLE
350
278
  3
CTABLESTYLE
350
279
  3
CVIEWDETAILSTYLE
350
27A
  3
CVIEWSECTIONSTYLE
350
27B
  3
LAYEREVAL
350
41F
  3
LAYERNOTIFY
350
420
  3
LIGHTINGUNITS
350
41E
  3
MSLTSCALE
350
41D
  0
TCH_DBCONFIG
  5
445
102
{ACAD_REACTORS
330
9
102
}
330
9
100
TDbConfig
  0
DICTIONARY
  5
24A
102
{ACAD_REACTORS
330
249
102
}
330
249
100
AcDbDictionary
281
     1
  0
DICTIONARY
  5
449
102
{ACAD_REACTORS
330
249
102
}
330
249
100
AcDbDictionary
281
     1
  0
DICTIONARY
  5
24B
102
{ACAD_REACTORS
330
249
102
}
330
249
100
AcDbDictionary
281
     1
1001
ACAD
1000
<All
  0
SORTENTSTABLE
  5
29B
102
{ACAD_REACTORS
330
3
102
}
330
3
100
AcDbSortentsTable
330
2
  0
SORTENTSTABLE
  5
291
102
{ACAD_REACTORS
330
21
102
}
330
21
100
AcDbSortentsTable
330
20
  0
ACDBDETAILVIEWSTYLE
  5
43C
102
{ACAD_REACTORS
330
43B
102
}
330
43B
100
AcDbModelDocViewStyle
 70
     0
  3
Metric50
290
     1
300
Metric50
 90
        0
100
AcDbDetailViewStyle
 70
     0
 71
     0
 90
        3
 71
     1
340
146
 62
   256
 40
5.0
340
0
 62
   256
 40
5.0
300

 40
0.0
280
     1
 71
     2
340
13
 90
       25
 62
   256
 71
     3
340
146
 62
   256
 40
5.0
 90
        0
 40
15.0
 90
        1
300
%<\AcVar ViewDetailId>% (%<\AcVar ViewScale \f "%sn">%)
 71
     4
340
13
 90
       25
 62
   256
340
13
 90
       25
 62
   256
280
     0
  0
LAYOUT
  5
23E
102
{ACAD_REACTORS
330
23F
102
}
330
23F
100
AcDbPlotSettings
  1

  2
Microsoft Print to PDF
  4

  6

 40
0.0
 41
0.0
 42
0.0
 43
0.0
 44
0.0
 45
0.0
 46
0.0
 47
0.0
 48
0.0
 49
0.0
140
0.0
141
0.0
142
1.0
143
1.0
 70
  1712
 72
     0
 73
     0
 74
     0
  7
TArch20V8.ctb
 75
     0
147
1.0
 76
     0
 77
     2
 78
   300
148
0.0
149
0.0
100
AcDbLayout
  1
Model
 70
     1
 71
     0
 10
0.0
 20
0.0
 11
12.0
 21
9.0
 12
0.0
 22
0.0
 32
0.0
 14
0.0
 24
0.0
 34
0.0
 15
0.0
 25
0.0
 35
0.0
146
0.0
 13
0.0
 23
0.0
 33
0.0
 16
1.0
 26
0.0
 36
0.0
 17
0.0
 27
1.0
 37
0.0
 76
     0
330
2
331
255
  0
LAYOUT
  5
243
102
{ACAD_REACTORS
330
23F
102
}
330
23F
100
AcDbPlotSettings
  1

  2
Microsoft Print to PDF
  4

  6

 40
0.0
 41
0.0
 42
0.0
 43
0.0
 44
0.0
 45
0.0
 46
0.0
 47
0.0
 48
0.0
 49
0.0
140
0.0
141
0.0
142
1.0
143
1.0
 70
   688
 72
     0
 73
     0
 74
     5
  7
TArch20V8.ctb
 75
    16
147
1.0
 76
     0
 77
     2
 78
   300
148
0.0
149
0.0
100
AcDbLayout
  1
布局1
 70
     1
 71
     1
 10
0.0
 20
0.0
 11
420.0
 21
297.0
 12
0.0
 22
0.0
 32
0.0
 14
1.00E+20
 24
1.00E+20
 34
1.00E+20
 15
-1.00E+20
 25
-1.00E+20
 35
-1.00E+20
146
0.0
 13
0.0
 23
0.0
 33
0.0
 16
1.0
 26
0.0
 36
0.0
 17
0.0
 27
1.0
 37
0.0
 76
     0
330
240
  0
LAYOUT
  5
247
102
{ACAD_REACTORS
330
23F
102
}
330
23F
100
AcDbPlotSettings
  1

  2
Microsoft Print to PDF
  4

  6

 40
0.0
 41
0.0
 42
0.0
 43
0.0
 44
0.0
 45
0.0
 46
0.0
 47
0.0
 48
0.0
 49
0.0
140
0.0
141
0.0
142
1.0
143
1.0
 70
   688
 72
     0
 73
     0
 74
     5
  7
TArch20V8.ctb
 75
    16
147
1.0
 76
     0
 77
     2
 78
   300
148
0.0
149
0.0
100
AcDbLayout
  1
布局2
 70
     1
 71
     2
 10
0.0
 20
0.0
 11
12.0
 21
9.0
 12
0.0
 22
0.0
 32
0.0
 14
0.0
 24
0.0
 34
0.0
 15
0.0
 25
0.0
 35
0.0
146
0.0
 13
0.0
 23
0.0
 33
0.0
 16
1.0
 26
0.0
 36
0.0
 17
0.0
 27
1.0
 37
0.0
 76
     0
330
244
  0
MATERIAL
  5
268
102
{ACAD_XDICTIONARY
360
269
102
}
102
{ACAD_REACTORS
330
B
102
}
330
B
100
AcDbMaterial
  1
ByBlock
 72
     0
 43
0.02
 43
0.0
 43
0.0
 43
0.0
 43
0.0
 43
0.02
 43
0.0
 43
0.0
 43
0.0
 43
0.0
 43
1.0
 43
0.0
 43
0.0
 43
0.0
 43
0.0
 43
1.0
 77
     0
 47
0.02
 47
0.0
 47
0.0
 47
0.0
 47
0.0
 47
0.02
 47
0.0
 47
0.0
 47
0.0
 47
0.0
 47
1.0
 47
0.0
 47
0.0
 47
0.0
 47
0.0
 47
1.0
171
     0
 49
0.02
 49
0.0
 49
0.0
 49
0.0
 49
0.0
 49
0.02
 49
0.0
 49
0.0
 49
0.0
 49
0.0
 49
1.0
 49
0.0
 49
0.0
 49
0.0
 49
0.0
 49
1.0
175
     0
142
0.02
142
0.0
142
0.0
142
0.0
142
0.0
142
0.02
142
0.0
142
0.0
142
0.0
142
0.0
142
1.0
142
0.0
142
0.0
142
0.0
142
0.0
142
1.0
179
     0
144
0.02
144
0.0
144
0.0
144
0.0
144
0.0
144
0.02
144
0.0
144
0.0
144
0.0
144
0.0
144
1.0
144
0.0
144
0.0
144
0.0
144
0.0
144
1.0
147
0.02
147
0.0
147
0.0
147
0.0
147
0.0
147
0.02
147
0.0
147
0.0
147
0.0
147
0.0
147
1.0
147
0.0
147
0.0
147
0.0
147
0.0
147
1.0
  0
MATERIAL
  5
260
102
{ACAD_XDICTIONARY
360
261
102
}
102
{ACAD_REACTORS
330
B
102
}
330
B
100
AcDbMaterial
  1
ByLayer
 72
     0
 43
0.02
 43
0.0
 43
0.0
 43
0.0
 43
0.0
 43
0.02
 43
0.0
 43
0.0
 43
0.0
 43
0.0
 43
1.0
 43
0.0
 43
0.0
 43
0.0
 43
0.0
 43
1.0
 77
     0
 47
0.02
 47
0.0
 47
0.0
 47
0.0
 47
0.0
 47
0.02
 47
0.0
 47
0.0
 47
0.0
 47
0.0
 47
1.0
 47
0.0
 47
0.0
 47
0.0
 47
0.0
 47
1.0
171
     0
 49
0.02
 49
0.0
 49
0.0
 49
0.0
 49
0.0
 49
0.02
 49
0.0
 49
0.0
 49
0.0
 49
0.0
 49
1.0
 49
0.0
 49
0.0
 49
0.0
 49
0.0
 49
1.0
175
     0
142
0.02
142
0.0
142
0.0
142
0.0
142
0.0
142
0.02
142
0.0
142
0.0
142
0.0
142
0.0
142
1.0
142
0.0
142
0.0
142
0.0
142
0.0
142
1.0
179
     0
144
0.02
144
0.0
144
0.0
144
0.0
144
0.0
144
0.02
144
0.0
144
0.0
144
0.0
144
0.0
144
1.0
144
0.0
144
0.0
144
0.0
144
0.0
144
1.0
147
0.02
147
0.0
147
0.0
147
0.0
147
0.0
147
0.02
147
0.0
147
0.0
147
0.0
147
0.0
147
1.0
147
0.0
147
0.0
147
0.0
147
0.0
147
1.0
  0
MATERIAL
  5
A
102
{ACAD_XDICTIONARY
360
C
102
}
102
{ACAD_REACTORS
330
B
102
}
330
B
100
AcDbMaterial
  1
Global
 72
     0
 43
0.02
 43
0.0
 43
0.0
 43
0.0
 43
0.0
 43
0.02
 43
0.0
 43
0.0
 43
0.0
 43
0.0
 43
1.0
 43
0.0
 43
0.0
 43
0.0
 43
0.0
 43
1.0
 77
     0
 47
0.02
 47
0.0
 47
0.0
 47
0.0
 47
0.0
 47
0.02
 47
0.0
 47
0.0
 47
0.0
 47
0.0
 47
1.0
 47
0.0
 47
0.0
 47
0.0
 47
0.0
 47
1.0
171
     0
 49
0.02
 49
0.0
 49
0.0
 49
0.0
 49
0.0
 49
0.02
 49
0.0
 49
0.0
 49
0.0
 49
0.0
 49
1.0
 49
0.0
 49
0.0
 49
0.0
 49
0.0
 49
1.0
175
     0
142
0.02
142
0.0
142
0.0
142
0.0
142
0.0
142
0.02
142
0.0
142
0.0
142
0.0
142
0.0
142
1.0
142
0.0
142
0.0
142
0.0
142
0.0
142
1.0
179
     0
144
0.02
144
0.0
144
0.0
144
0.0
144
0.0
144
0.02
144
0.0
144
0.0
144
0.0
144
0.0
144
1.0
144
0.0
144
0.0
144
0.0
144
0.0
144
1.0
147
0.02
147
0.0
147
0.0
147
0.0
147
0.0
147
0.02
147
0.0
147
0.0
147
0.0
147
0.0
147
1.0
147
0.0
147
0.0
147
0.0
147
0.0
147
1.0
  0
MLEADERSTYLE
  5
438
102
{ACAD_REACTORS
330
273
102
}
330
273
100
AcDbMLeaderStyle
179
     2
170
     2
171
     1
172
     0
 90
        2
 40
0.0
 41
0.0
173
     1
 91
-1056964608
340
250
 92
       -2
290
     1
 42
2.0
291
     1
 43
0.36
  3
Standard
 44
4.0
300

342
146
174
     1
178
     6
175
     1
176
     0
 93
-1056964608
 45
4.0
292
     0
297
     0
 46
4.0
 94
-1056964608
 47
1.0
 49
1.0
140
1.0
293
     1
141
0.0
294
     1
177
     0
142
1.0
295
     1
296
     0
143
0.13
271
     0
272
     9
273
     9
298
     1
  0
MLINESTYLE
  5
27C
102
{ACAD_REACTORS
330
25E
102
}
330
25E
100
AcDbMlineStyle
  2
STANDARD
 70
     0
  3

 62
   256
 51
90.0
 52
90.0
 71
     2
 49
0.5
 62
   256
  6
BYLAYER
 49
-0.5
 62
   256
  6
BYLAYER
  0
ACDBPLACEHOLDER
  5
7
102
{ACAD_REACTORS
330
8
102
}
330
8
  0
SCALE
  5
280
102
{ACAD_REACTORS
330
271
102
}
330
271
100
AcDbScale
 70
     0
300
1:1
140
1.0
141
1.0
290
     1
  0
SCALE
  5
281
102
{ACAD_REACTORS
330
271
102
}
330
271
100
AcDbScale
 70
     0
300
1:2
140
1.0
141
2.0
290
     0
  0
SCALE
  5
282
102
{ACAD_REACTORS
330
271
102
}
330
271
100
AcDbScale
 70
     0
300
1:4
140
1.0
141
4.0
290
     0
  0
SCALE
  5
283
102
{ACAD_REACTORS
330
271
102
}
330
271
100
AcDbScale
 70
     0
300
1:5
140
1.0
141
5.0
290
     0
  0
SCALE
  5
284
102
{ACAD_REACTORS
330
271
102
}
330
271
100
AcDbScale
 70
     0
300
1:8
140
1.0
141
8.0
290
     0
  0
SCALE
  5
285
102
{ACAD_REACTORS
330
271
102
}
330
271
100
AcDbScale
 70
     0
300
1:10
140
1.0
141
10.0
290
     0
  0
SCALE
  5
286
102
{ACAD_REACTORS
330
271
102
}
330
271
100
AcDbScale
 70
     0
300
1:16
140
1.0
141
16.0
290
     0
  0
SCALE
  5
287
102
{ACAD_REACTORS
330
271
102
}
330
271
100
AcDbScale
 70
     0
300
1:20
140
1.0
141
20.0
290
     0
  0
SCALE
  5
288
102
{ACAD_REACTORS
330
271
102
}
330
271
100
AcDbScale
 70
     0
300
1:30
140
1.0
141
30.0
290
     0
  0
SCALE
  5
289
102
{ACAD_REACTORS
330
271
102
}
330
271
100
AcDbScale
 70
     0
300
1:40
140
1.0
141
40.0
290
     0
  0
SCALE
  5
28A
102
{ACAD_REACTORS
330
271
102
}
330
271
100
AcDbScale
 70
     0
300
1:50
140
1.0
141
50.0
290
     0
  0
SCALE
  5
28B
102
{ACAD_REACTORS
330
271
102
}
330
271
100
AcDbScale
 70
     0
300
1:100
140
1.0
141
100.0
290
     0
  0
SCALE
  5
28C
102
{ACAD_REACTORS
330
271
102
}
330
271
100
AcDbScale
 70
     0
300
2:1
140
2.0
141
1.0
290
     0
  0
SCALE
  5
28D
102
{ACAD_REACTORS
330
271
102
}
330
271
100
AcDbScale
 70
     0
300
4:1
140
4.0
141
1.0
290
     0
  0
SCALE
  5
28E
102
{ACAD_REACTORS
330
271
102
}
330
271
100
AcDbScale
 70
     0
300
8:1
140
8.0
141
1.0
290
     0
  0
SCALE
  5
28F
102
{ACAD_REACTORS
330
271
102
}
330
271
100
AcDbScale
 70
     0
300
10:1
140
10.0
141
1.0
290
     0
  0
SCALE
  5
290
102
{ACAD_REACTORS
330
271
102
}
330
271
100
AcDbScale
 70
     0
300
100:1
140
100.0
141
1.0
290
     0
  0
ACDBSECTIONVIEWSTYLE
  5
43A
102
{ACAD_REACTORS
330
439
102
}
330
439
100
AcDbModelDocViewStyle
 70
     0
  3
Metric50
290
     1
300
Metric50
 90
        0
100
AcDbSectionViewStyle
 70
     0
 71
     0
 90
      102
 71
     1
340
146
 62
   256
 40
5.0
340
0
340
0
 62
   256
 40
5.0
300
I, O, Q, S, X, Z
 40
10.0
 90
        0
 40
2.5
 90
        0
 71
     2
340
13
 90
       25
 62
   256
340
13
 90
       50
 62
   256
 40
5.0
 40
2.5
 40
5.0
 71
     3
340
146
 62
   256
 40
5.0
 90
        0
 40
15.0
 90
        1
300
%<\AcVar ViewSectionStartId>%-%<\AcVar ViewSectionEndId>% (%<\AcVar ViewScale \f "%sn">%)
 71
     4
 62
   256
 62
   257
300
ANSI31
 40
1.0
 90
        0
290
     0
290
     0
 90
        6
 40
0.0
 40
1.57
 40
0.26
 40
1.31
 40
-0.26
 40
1.83
  0
TABLESTYLE
  5
27D
102
{ACAD_XDICTIONARY
360
40A
102
}
102
{ACAD_REACTORS
330
272
102
}
330
272
100
AcDbTableStyle
280
     0
  3
Standard
 70
     0
 71
     0
 40
1.5
 41
1.5
280
     0
281
     0
  7
Standard
140
4.5
170
     2
 62
     0
 63
     7
283
     0
 90
      512
 91
        0
  1

274
    -2
284
     1
 64
     0
275
    -2
285
     1
 65
     0
276
    -2
286
     1
 66
     0
277
    -2
287
     1
 67
     0
278
    -2
288
     1
 68
     0
279
    -2
289
     1
 69
     0
  7
Standard
140
6.0
170
     5
 62
     0
 63
     7
283
     0
 90
      512
 91
        0
  1

274
    -2
284
     1
 64
     0
275
    -2
285
     1
 65
     0
276
    -2
286
     1
 66
     0
277
    -2
287
     1
 67
     0
278
    -2
288
     1
 68
     0
279
    -2
289
     1
 69
     0
  7
Standard
140
4.5
170
     5
 62
     0
 63
     7
283
     0
 90
      512
 91
        0
  1

274
    -2
284
     1
 64
     0
275
    -2
285
     1
 65
     0
276
    -2
286
     1
 66
     0
277
    -2
287
     1
 67
     0
278
    -2
288
     1
 68
     0
279
    -2
289
     1
 69
     0
  0
VISUALSTYLE
  5
256
102
{ACAD_REACTORS
330
257
102
}
330
257
100
AcDbVisualStyle
  2
2dWireframe
 70
     4
177
     3
291
     0
 70
    58
 90
        0
176
     1
 90
        2
176
     1
 90
        0
176
     1
 90
        0
176
     1
 40
0.6
176
     1
 40
30.0
176
     1
 62
     7
420
 16777215
176
     1
 90
        1
176
     1
 90
        4
176
     1
 62
     7
176
     1
 62
   257
176
     1
 90
        1
176
     1
 90
        1
176
     1
 40
1.0
176
     1
 90
        0
176
     1
 62
   257
176
     1
 40
1.0
176
     1
 90
        1
176
     1
 90
        6
176
     1
 90
        2
176
     1
 62
     7
176
     1
 90
        5
176
     1
 90
        0
176
     1
 90
        0
176
     1
290
     0
176
     1
 90
        1
176
     1
 40
0.0
176
     1
 90
        0
176
     1
290
     1
176
     1
290
     1
176
     1
290
     0
176
     1
290
     0
176
     1
290
     0
176
     1
290
     0
176
     1
290
     0
176
     1
290
     0
176
     1
290
     0
176
     1
 90
       50
176
     1
 40
0.0
176
     1
 40
1.0
176
     1
 90
        0
176
     1
 62
    18
420
        0
176
     1
 90
       50
176
     1
 90
        3
176
     1
 62
     5
420
      255
176
     1
290
     0
176
     1
 90
       50
176
     1
 90
       50
176
     1
 90
       50
176
     1
290
     0
176
     1
 90
       50
176
     1
 62
   256
176
     0
 40
1.0
176
     0
 90
        2
176
     1
  1
strokes_ogs.tif
176
     1
290
     0
176
     1
 40
1.0
176
     1
 40
1.0
176
     1
  0
VISUALSTYLE
  5
427
102
{ACAD_REACTORS
330
257
102
}
330
257
100
AcDbVisualStyle
  2
Basic
 70
     7
177
     3
291
     1
 70
    58
 90
        1
176
     1
 90
        0
176
     1
 90
        1
176
     1
 90
        0
176
     1
 40
0.6
176
     1
 40
30.0
176
     1
 62
     7
420
 16777215
176
     1
 90
        0
176
     1
 90
        4
176
     1
 62
     7
176
     1
 62
   257
176
     1
 90
        1
176
     1
 90
        1
176
     1
 40
1.0
176
     1
 90
        8
176
     1
 62
     7
176
     1
 40
1.0
176
     1
 90
        1
176
     1
 90
        6
176
     1
 90
        2
176
     1
 62
     7
176
     1
 90
        5
176
     1
 90
        0
176
     1
 90
        0
176
     1
290
     0
176
     1
 90
        1
176
     1
 40
0.0
176
     1
 90
        0
176
     1
290
     0
176
     1
290
     1
176
     1
290
     1
176
     1
290
     0
176
     1
290
     0
176
     1
290
     0
176
     1
290
     0
176
     1
290
     0
176
     1
290
     0
176
     1
 90
       50
176
     1
 40
0.0
176
     1
 40
1.0
176
     1
 90
        0
176
     1
 62
    18
420
        0
176
     1
 90
       50
176
     1
 90
        3
176
     1
 62
     5
420
      255
176
     1
290
     0
176
     1
 90
       50
176
     1
 90
       50
176
     1
 90
       50
176
     1
290
     0
176
     1
 90
       50
176
     1
 62
   256
176
     0
 40
1.0
176
     0
 90
        2
176
     1
  1
strokes_ogs.tif
176
     1
290
     0
176
     1
 40
1.0
176
     1
 40
1.0
176
     1
  0
VISUALSTYLE
  5
42B
102
{ACAD_REACTORS
330
257
102
}
330
257
100
AcDbVisualStyle
  2
Brighten
 70
    12
177
     3
291
     1
 70
    58
 90
        2
176
     1
 90
        2
176
     1
 90
        0
176
     1
 90
        0
176
     1
 40
0.6
176
     1
 40
30.0
176
     1
 62
     7
420
 16777215
176
     1
 90
        1
176
     1
 90
        4
176
     1
 62
     7
176
     1
 62
   257
176
     1
 90
        1
176
     1
 90
        1
176
     1
 40
1.0
176
     1
 90
        8
176
     1
 62
     7
176
     1
 40
1.0
176
     1
 90
        1
176
     1
 90
        6
176
     1
 90
        2
176
     1
 62
     7
176
     1
 90
        5
176
     1
 90
        0
176
     1
 90
        0
176
     1
290
     0
176
     1
 90
        1
176
     1
 40
50.0
176
     1
 90
        0
176
     1
290
     0
176
     1
290
     1
176
     1
290
     1
176
     1
290
     0
176
     1
290
     0
176
     1
290
     0
176
     1
290
     0
176
     1
290
     0
176
     1
290
     0
176
     1
 90
       50
176
     1
 40
0.0
176
     1
 40
1.0
176
     1
 90
        0
176
     1
 62
    18
420
        0
176
     1
 90
       50
176
     1
 90
        3
176
     1
 62
     5
420
      255
176
     1
290
     0
176
     1
 90
       50
176
     1
 90
       50
176
     1
 90
       50
176
     1
290
     0
176
     1
 90
       50
176
     1
 62
   256
176
     0
 40
1.0
176
     0
 90
        2
176
     1
  1
strokes_ogs.tif
176
     1
290
     0
176
     1
 40
1.0
176
     1
 40
1.0
176
     1
  0
VISUALSTYLE
  5
42F
102
{ACAD_REACTORS
330
257
102
}
330
257
100
AcDbVisualStyle
  2
ColorChange
 70
    16
177
     3
291
     1
 70
    58
 90
        2
176
     1
 90
        2
176
     1
 90
        3
176
     1
 90
        0
176
     1
 40
0.6
176
     1
 40
30.0
176
     1
 62
     8
420
  8421504
176
     1
 90
        1
176
     1
 90
        4
176
     1
 62
     7
176
     1
 62
   257
176
     1
 90
        1
176
     1
 90
        1
176
     1
 40
1.0
176
     1
 90
        8
176
     1
 62
     8
420
  8421504
176
     1
 40
1.0
176
     1
 90
        1
176
     1
 90
        6
176
     1
 90
        2
176
     1
 62
     7
176
     1
 90
        5
176
     1
 90
        0
176
     1
 90
        0
176
     1
290
     0
176
     1
 90
        1
176
     1
 40
0.0
176
     1
 90
        0
176
     1
290
     0
176
     1
290
     1
176
     1
290
     1
176
     1
290
     0
176
     1
290
     0
176
     1
290
     0
176
     1
290
     0
176
     1
290
     0
176
     1
290
     0
176
     1
 90
       50
176
     1
 40
0.0
176
     1
 40
1.0
176
     1
 90
        0
176
     1
 62
    18
420
        0
176
     1
 90
       50
176
     1
 90
        3
176
     1
 62
     5
420
      255
176
     1
290
     0
176
     1
 90
       50
176
     1
 90
       50
176
     1
 90
       50
176
     1
290
     0
176
     1
 90
       50
176
     1
 62
   256
176
     0
 40
1.0
176
     0
 90
        2
176
     1
  1
strokes_ogs.tif
176
     1
290
     0
176
     1
 40
1.0
176
     1
 40
1.0
176
     1
  0
VISUALSTYLE
  5
429
102
{ACAD_REACTORS
330
257
102
}
330
257
100
AcDbVisualStyle
  2
Conceptual
 70
     9
177
     3
291
     0
 70
    58
 90
        3
176
     1
 90
        2
176
     1
 90
        0
176
     1
 90
        0
176
     1
 40
0.6
176
     1
 40
30.0
176
     1
 62
     7
420
 16777215
176
     1
 90
        2
176
     1
 90
        2
176
     1
 62
     7
176
     1
 62
   257
176
     1
 90
        1
176
     1
 90
        1
176
     1
 40
179.0
176
     1
 90
        8
176
     1
 62
     7
176
     1
 40
1.0
176
     1
 90
        1
176
     1
 90
        6
176
     1
 90
        2
176
     1
 62
     7
176
     1
 90
        3
176
     1
 90
        0
176
     1
 90
        0
176
     1
290
     0
176
     1
 90
        1
176
     1
 40
0.0
176
     1
 90
        0
176
     1
290
     0
176
     1
290
     1
176
     1
290
     1
176
     1
290
     0
176
     1
290
     0
176
     1
290
     0
176
     1
290
     0
176
     1
290
     0
176
     1
290
     0
176
     1
 90
       50
176
     1
 40
0.0
176
     1
 40
1.0
176
     1
 90
        0
176
     1
 62
    18
420
        0
176
     1
 90
       50
176
     1
 90
        3
176
     1
 62
     5
420
      255
176
     1
290
     0
176
     1
 90
       50
176
     1
 90
       50
176
     1
 90
       50
176
     1
290
     0
176
     1
 90
       50
176
     1
 62
   256
176
     0
 40
1.0
176
     0
 90
        2
176
     1
  1
strokes_ogs.tif
176
     1
290
     0
176
     1
 40
1.0
176
     1
 40
1.0
176
     1
  0
VISUALSTYLE
  5
42A
102
{ACAD_REACTORS
330
257
102
}
330
257
100
AcDbVisualStyle
  2
Dim
 70
    11
177
     3
291
     1
 70
    58
 90
        2
176
     1
 90
        2
176
     1
 90
        0
176
     1
 90
        0
176
     1
 40
0.6
176
     1
 40
30.0
176
     1
 62
     7
420
 16777215
176
     1
 90
        1
176
     1
 90
        4
176
     1
 62
     7
176
     1
 62
   257
176
     1
 90
        1
176
     1
 90
        1
176
     1
 40
1.0
176
     1
 90
        8
176
     1
 62
     7
176
     1
 40
1.0
176
     1
 90
        1
176
     1
 90
        6
176
     1
 90
        2
176
     1
 62
     7
176
     1
 90
        5
176
     1
 90
        0
176
     1
 90
        0
176
     1
290
     0
176
     1
 90
        1
176
     1
 40
-50.0
176
     1
 90
        0
176
     1
290
     0
176
     1
290
     1
176
     1
290
     1
176
     1
290
     0
176
     1
290
     0
176
     1
290
     0
176
     1
290
     0
176
     1
290
     0
176
     1
290
     0
176
     1
 90
       50
176
     1
 40
0.0
176
     1
 40
1.0
176
     1
 90
        0
176
     1
 62
    18
420
        0
176
     1
 90
       50
176
     1
 90
        3
176
     1
 62
     5
420
      255
176
     1
290
     0
176
     1
 90
       50
176
     1
 90
       50
176
     1
 90
       50
176
     1
290
     0
176
     1
 90
       50
176
     1
 62
   256
176
     0
 40
1.0
176
     0
 90
        2
176
     1
  1
strokes_ogs.tif
176
     1
290
     0
176
     1
 40
1.0
176
     1
 40
1.0
176
     1
  0
VISUALSTYLE
  5
437
102
{ACAD_REACTORS
330
257
102
}
330
257
100
AcDbVisualStyle
  2
EdgeColorOff
 70
    22
177
     3
291
     1
 70
    58
 90
        2
176
     0
 90
        2
176
     0
 90
        0
176
     0
 90
        0
176
     0
 40
0.6
176
     0
 40
30.0
176
     0
 62
     7
420
 16777215
176
     0
 90
        1
176
     0
 90
        4
176
     0
 62
     7
176
     0
 62
   257
176
     0
 90
        1
176
     0
 90
        1
176
     0
 40
1.0
176
     0
 90
        8
176
     2
 62
     7
176
     0
 40
1.0
176
     0
 90
        1
176
     0
 90
        6
176
     0
 90
        2
176
     0
 62
     7
176
     0
 90
        5
176
     0
 90
        0
176
     0
 90
        0
176
     0
290
     0
176
     0
 90
        1
176
     0
 40
0.0
176
     0
 90
        0
176
     0
290
     0
176
     0
290
     1
176
     0
290
     1
176
     0
290
     0
176
     0
290
     0
176
     0
290
     0
176
     0
290
     0
176
     0
290
     0
176
     0
290
     0
176
     0
 90
       50
176
     0
 40
0.0
176
     0
 40
1.0
176
     0
 90
        0
176
     0
 62
    18
420
        0
176
     0
 90
       50
176
     0
 90
        3
176
     0
 62
     5
420
      255
176
     0
290
     0
176
     0
 90
       50
176
     0
 90
       50
176
     0
 90
       50
176
     0
290
     0
176
     0
 90
       50
176
     0
 62
   256
176
     0
 40
1.0
176
     0
 90
        2
176
     0
  1
strokes_ogs.tif
176
     0
290
     0
176
     0
 40
1.0
176
     0
 40
1.0
176
     0
  0
VISUALSTYLE
  5
42E
102
{ACAD_REACTORS
330
257
102
}
330
257
100
AcDbVisualStyle
  2
Facepattern
 70
    15
177
     3
291
     1
 70
    58
 90
        2
176
     1
 90
        2
176
     1
 90
        0
176
     1
 90
        0
176
     1
 40
0.6
176
     1
 40
30.0
176
     1
 62
     7
420
 16777215
176
     1
 90
        1
176
     1
 90
        4
176
     1
 62
     7
176
     1
 62
   257
176
     1
 90
        1
176
     1
 90
        1
176
     1
 40
1.0
176
     1
 90
        8
176
     1
 62
     7
176
     1
 40
1.0
176
     1
 90
        1
176
     1
 90
        6
176
     1
 90
        2
176
     1
 62
     7
176
     1
 90
        5
176
     1
 90
        0
176
     1
 90
        0
176
     1
290
     0
176
     1
 90
        1
176
     1
 40
0.0
176
     1
 90
        0
176
     1
290
     0
176
     1
290
     1
176
     1
290
     1
176
     1
290
     0
176
     1
290
     0
176
     1
290
     0
176
     1
290
     0
176
     1
290
     0
176
     1
290
     0
176
     1
 90
       50
176
     1
 40
0.0
176
     1
 40
1.0
176
     1
 90
        0
176
     1
 62
    18
420
        0
176
     1
 90
       50
176
     1
 90
        3
176
     1
 62
     5
420
      255
176
     1
290
     0
176
     1
 90
       50
176
     1
 90
       50
176
     1
 90
       50
176
     1
290
     0
176
     1
 90
       50
176
     1
 62
   256
176
     0
 40
1.0
176
     0
 90
        2
176
     1
  1
strokes_ogs.tif
176
     1
290
     0
176
     1
 40
1.0
176
     1
 40
1.0
176
     1
  0
VISUALSTYLE
  5
423
102
{ACAD_REACTORS
330
257
102
}
330
257
100
AcDbVisualStyle
  2
Flat
 70
     0
177
     3
291
     1
 70
    58
 90
        2
176
     1
 90
        1
176
     1
 90
        1
176
     1
 90
        2
176
     1
 40
0.6
176
     1
 40
30.0
176
     1
 62
     7
420
 16777215
176
     1
 90
        0
176
     1
 90
        0
176
     1
 62
     7
176
     1
 62
   257
176
     1
 90
        1
176
     1
 90
        1
176
     1
 40
1.0
176
     1
 90
        8
176
     1
 62
     7
176
     1
 40
1.0
176
     1
 90
        1
176
     1
 90
        6
176
     1
 90
        2
176
     1
 62
     7
176
     1
 90
        5
176
     1
 90
        0
176
     1
 90
        0
176
     1
290
     0
176
     1
 90
       13
176
     1
 40
0.0
176
     1
 90
        0
176
     1
290
     0
176
     1
290
     1
176
     1
290
     1
176
     1
290
     0
176
     1
290
     0
176
     1
290
     0
176
     1
290
     0
176
     1
290
     0
176
     1
290
     0
176
     1
 90
       50
176
     1
 40
0.0
176
     1
 40
1.0
176
     1
 90
        0
176
     1
 62
    18
420
        0
176
     1
 90
       50
176
     1
 90
        3
176
     1
 62
     5
420
      255
176
     1
290
     0
176
     1
 90
       50
176
     1
 90
       50
176
     1
 90
       50
176
     1
290
     0
176
     1
 90
       50
176
     1
 62
   256
176
     0
 40
1.0
176
     0
 90
        2
176
     1
  1
strokes_ogs.tif
176
     1
290
     0
176
     1
 40
1.0
176
     1
 40
1.0
176
     1
  0
VISUALSTYLE
  5
424
102
{ACAD_REACTORS
330
257
102
}
330
257
100
AcDbVisualStyle
  2
FlatWithEdges
 70
     1
177
     3
291
     1
 70
    58
 90
        2
176
     1
 90
        1
176
     1
 90
        1
176
     1
 90
        2
176
     1
 40
0.6
176
     1
 40
30.0
176
     1
 62
     7
420
 16777215
176
     1
 90
        1
176
     1
 90
        0
176
     1
 62
     7
176
     1
 62
   257
176
     1
 90
        1
176
     1
 90
        1
176
     1
 40
1.0
176
     1
 90
        0
176
     1
 62
   257
176
     1
 40
1.0
176
     1
 90
        1
176
     1
 90
        6
176
     1
 90
        2
176
     1
 62
     7
176
     1
 90
        5
176
     1
 90
        0
176
     1
 90
        0
176
     1
290
     0
176
     1
 90
       13
176
     1
 40
0.0
176
     1
 90
        0
176
     1
290
     0
176
     1
290
     1
176
     1
290
     1
176
     1
290
     0
176
     1
290
     0
176
     1
290
     0
176
     1
290
     0
176
     1
290
     0
176
     1
290
     0
176
     1
 90
       50
176
     1
 40
0.0
176
     1
 40
1.0
176
     1
 90
        0
176
     1
 62
    18
420
        0
176
     1
 90
       50
176
     1
 90
        3
176
     1
 62
     5
420
      255
176
     1
290
     0
176
     1
 90
       50
176
     1
 90
       50
176
     1
 90
       50
176
     1
290
     0
176
     1
 90
       50
176
     1
 62
   256
176
     0
 40
1.0
176
     0
 90
        2
176
     1
  1
strokes_ogs.tif
176
     1
290
     0
176
     1
 40
1.0
176
     1
 40
1.0
176
     1
  0
VISUALSTYLE
  5
425
102
{ACAD_REACTORS
330
257
102
}
330
257
100
AcDbVisualStyle
  2
Gouraud
 70
     2
177
     3
291
     1
 70
    58
 90
        2
176
     1
 90
        2
176
     1
 90
        1
176
     1
 90
        2
176
     1
 40
0.6
176
     1
 40
30.0
176
     1
 62
     7
420
 16777215
176
     1
 90
        0
176
     1
 90
        0
176
     1
 62
     7
176
     1
 62
   257
176
     1
 90
        1
176
     1
 90
        1
176
     1
 40
1.0
176
     1
 90
        0
176
     1
 62
     7
176
     1
 40
1.0
176
     1
 90
        1
176
     1
 90
        6
176
     1
 90
        2
176
     1
 62
     7
176
     1
 90
        5
176
     1
 90
        0
176
     1
 90
        0
176
     1
290
     0
176
     1
 90
       13
176
     1
 40
0.0
176
     1
 90
        0
176
     1
290
     0
176
     1
290
     1
176
     1
290
     1
176
     1
290
     0
176
     1
290
     0
176
     1
290
     0
176
     1
290
     0
176
     1
290
     0
176
     1
290
     0
176
     1
 90
       50
176
     1
 40
0.0
176
     1
 40
1.0
176
     1
 90
        0
176
     1
 62
    18
420
        0
176
     1
 90
       50
176
     1
 90
        3
176
     1
 62
     5
420
      255
176
     1
290
     0
176
     1
 90
       50
176
     1
 90
       50
176
     1
 90
       50
176
     1
290
     0
176
     1
 90
       50
176
     1
 62
   256
176
     0
 40
1.0
176
     0
 90
        2
176
     1
  1
strokes_ogs.tif
176
     1
290
     0
176
     1
 40
1.0
176
     1
 40
1.0
176
     1
  0
VISUALSTYLE
  5
426
102
{ACAD_REACTORS
330
257
102
}
330
257
100
AcDbVisualStyle
  2
GouraudWithEdges
 70
     3
177
     3
291
     1
 70
    58
 90
        2
176
     1
 90
        2
176
     1
 90
        1
176
     1
 90
        2
176
     1
 40
0.6
176
     1
 40
30.0
176
     1
 62
     7
420
 16777215
176
     1
 90
        1
176
     1
 90
        0
176
     1
 62
     7
176
     1
 62
   257
176
     1
 90
        1
176
     1
 90
        1
176
     1
 40
1.0
176
     1
 90
        0
176
     1
 62
   257
176
     1
 40
1.0
176
     1
 90
        1
176
     1
 90
        6
176
     1
 90
        2
176
     1
 62
     7
176
     1
 90
        5
176
     1
 90
        0
176
     1
 90
        0
176
     1
290
     0
176
     1
 90
       13
176
     1
 40
0.0
176
     1
 90
        0
176
     1
290
     0
176
     1
290
     1
176
     1
290
     1
176
     1
290
     0
176
     1
290
     0
176
     1
290
     0
176
     1
290
     0
176
     1
290
     0
176
     1
290
     0
176
     1
 90
       50
176
     1
 40
0.0
176
     1
 40
1.0
176
     1
 90
        0
176
     1
 62
    18
420
        0
176
     1
 90
       50
176
     1
 90
        3
176
     1
 62
     5
420
      255
176
     1
290
     0
176
     1
 90
       50
176
     1
 90
       50
176
     1
 90
       50
176
     1
290
     0
176
     1
 90
       50
176
     1
 62
   256
176
     0
 40
1.0
176
     0
 90
        2
176
     1
  1
strokes_ogs.tif
176
     1
290
     0
176
     1
 40
1.0
176
     1
 40
1.0
176
     1
  0
VISUALSTYLE
  5
428
102
{ACAD_REACTORS
330
257
102
}
330
257
100
AcDbVisualStyle
  2
Hidden
 70
     6
177
     3
291
     0
 70
    58
 90
        1
176
     1
 90
        2
176
     1
 90
        2
176
     1
 90
        0
176
     1
 40
0.6
176
     1
 40
30.0
176
     1
 62
     7
420
 16777215
176
     1
 90
        2
176
     1
 90
        2
176
     1
 62
     7
176
     1
 62
   257
176
     1
 90
        2
176
     1
 90
        1
176
     1
 40
40.0
176
     1
 90
        0
176
     1
 62
   257
176
     1
 40
1.0
176
     1
 90
        1
176
     1
 90
        6
176
     1
 90
        2
176
     1
 62
     7
176
     1
 90
        3
176
     1
 90
        0
176
     1
 90
        0
176
     1
290
     0
176
     1
 90
        1
176
     1
 40
0.0
176
     1
 90
        0
176
     1
290
     0
176
     1
290
     1
176
     1
290
     1
176
     1
290
     0
176
     1
290
     0
176
     1
290
     0
176
     1
290
     0
176
     1
290
     0
176
     1
290
     0
176
     1
 90
       50
176
     1
 40
0.0
176
     1
 40
1.0
176
     1
 90
        0
176
     1
 62
    18
420
        0
176
     1
 90
       50
176
     1
 90
        3
176
     1
 62
     5
420
      255
176
     1
290
     0
176
     1
 90
       50
176
     1
 90
       50
176
     1
 90
       50
176
     1
290
     0
176
     1
 90
       50
176
     1
 62
   256
176
     0
 40
1.0
176
     0
 90
        2
176
     1
  1
strokes_ogs.tif
176
     1
290
     0
176
     1
 40
1.0
176
     1
 40
1.0
176
     1
  0
VISUALSTYLE
  5
435
102
{ACAD_REACTORS
330
257
102
}
330
257
100
AcDbVisualStyle
  2
JitterOff
 70
    20
177
     3
291
     1
 70
    58
 90
        2
176
     0
 90
        2
176
     0
 90
        0
176
     0
 90
        0
176
     0
 40
0.6
176
     0
 40
30.0
176
     0
 62
     7
420
 16777215
176
     0
 90
        1
176
     0
 90
        4
176
     0
 62
     7
176
     0
 62
   257
176
     0
 90
        1
176
     0
 90
        1
176
     0
 40
1.0
176
     0
 90
       10
176
     2
 62
     7
176
     0
 40
1.0
176
     0
 90
        1
176
     0
 90
        6
176
     0
 90
        2
176
     0
 62
     7
176
     0
 90
        5
176
     0
 90
        0
176
     0
 90
        0
176
     0
290
     0
176
     0
 90
        1
176
     0
 40
0.0
176
     0
 90
        0
176
     0
290
     0
176
     0
290
     1
176
     0
290
     1
176
     0
290
     0
176
     0
290
     0
176
     0
290
     0
176
     0
290
     0
176
     0
290
     0
176
     0
290
     0
176
     0
 90
       50
176
     0
 40
0.0
176
     0
 40
1.0
176
     0
 90
        0
176
     0
 62
    18
420
        0
176
     0
 90
       50
176
     0
 90
        3
176
     0
 62
     5
420
      255
176
     0
290
     0
176
     0
 90
       50
176
     0
 90
       50
176
     0
 90
       50
176
     0
290
     0
176
     0
 90
       50
176
     0
 62
   256
176
     0
 40
1.0
176
     0
 90
        2
176
     0
  1
strokes_ogs.tif
176
     0
290
     0
176
     0
 40
1.0
176
     0
 40
1.0
176
     0
  0
VISUALSTYLE
  5
42D
102
{ACAD_REACTORS
330
257
102
}
330
257
100
AcDbVisualStyle
  2
Linepattern
 70
    14
177
     3
291
     1
 70
    58
 90
        2
176
     1
 90
        2
176
     1
 90
        0
176
     1
 90
        0
176
     1
 40
0.6
176
     1
 40
30.0
176
     1
 62
     7
420
 16777215
176
     1
 90
        1
176
     1
 90
        4
176
     1
 62
     7
176
     1
 62
   257
176
     1
 90
        7
176
     1
 90
        7
176
     1
 40
1.0
176
     1
 90
        8
176
     1
 62
     7
176
     1
 40
1.0
176
     1
 90
        1
176
     1
 90
        6
176
     1
 90
        2
176
     1
 62
     7
176
     1
 90
        5
176
     1
 90
        0
176
     1
 90
        0
176
     1
290
     0
176
     1
 90
        1
176
     1
 40
0.0
176
     1
 90
        0
176
     1
290
     0
176
     1
290
     1
176
     1
290
     1
176
     1
290
     0
176
     1
290
     0
176
     1
290
     0
176
     1
290
     0
176
     1
290
     0
176
     1
290
     0
176
     1
 90
       50
176
     1
 40
0.0
176
     1
 40
1.0
176
     1
 90
        0
176
     1
 62
    18
420
        0
176
     1
 90
       50
176
     1
 90
        3
176
     1
 62
     5
420
      255
176
     1
290
     0
176
     1
 90
       50
176
     1
 90
       50
176
     1
 90
       50
176
     1
290
     0
176
     1
 90
       50
176
     1
 62
   256
176
     0
 40
1.0
176
     0
 90
        2
176
     1
  1
strokes_ogs.tif
176
     1
290
     0
176
     1
 40
1.0
176
     1
 40
1.0
176
     1
  0
VISUALSTYLE
  5
436
102
{ACAD_REACTORS
330
257
102
}
330
257
100
AcDbVisualStyle
  2
OverhangOff
 70
    21
177
     3
291
     1
 70
    58
 90
        2
176
     0
 90
        2
176
     0
 90
        0
176
     0
 90
        0
176
     0
 40
0.6
176
     0
 40
30.0
176
     0
 62
     7
420
 16777215
176
     0
 90
        1
176
     0
 90
        4
176
     0
 62
     7
176
     0
 62
   257
176
     0
 90
        1
176
     0
 90
        1
176
     0
 40
1.0
176
     0
 90
        9
176
     2
 62
     7
176
     0
 40
1.0
176
     0
 90
        1
176
     0
 90
        6
176
     0
 90
        2
176
     0
 62
     7
176
     0
 90
        5
176
     0
 90
        0
176
     0
 90
        0
176
     0
290
     0
176
     0
 90
        1
176
     0
 40
0.0
176
     0
 90
        0
176
     0
290
     0
176
     0
290
     1
176
     0
290
     1
176
     0
290
     0
176
     0
290
     0
176
     0
290
     0
176
     0
290
     0
176
     0
290
     0
176
     0
290
     0
176
     0
 90
       50
176
     0
 40
0.0
176
     0
 40
1.0
176
     0
 90
        0
176
     0
 62
    18
420
        0
176
     0
 90
       50
176
     0
 90
        3
176
     0
 62
     5
420
      255
176
     0
290
     0
176
     0
 90
       50
176
     0
 90
       50
176
     0
 90
       50
176
     0
290
     0
176
     0
 90
       50
176
     0
 62
   256
176
     0
 40
1.0
176
     0
 90
        2
176
     0
  1
strokes_ogs.tif
176
     0
290
     0
176
     0
 40
1.0
176
     0
 40
1.0
176
     0
  0
VISUALSTYLE
  5
27E
102
{ACAD_REACTORS
330
257
102
}
330
257
100
AcDbVisualStyle
  2
Realistic
 70
     8
177
     3
291
     0
 70
    58
 90
        2
176
     1
 90
        2
176
     1
 90
        0
176
     1
 90
        2
176
     1
 40
0.6
176
     1
 40
30.0
176
     1
 62
     7
420
 16777215
176
     1
 90
        0
176
     1
 90
        0
176
     1
 62
     7
176
     1
 62
   257
176
     1
 90
        1
176
     1
 90
        1
176
     1
 40
1.0
176
     1
 90
        8
176
     1
 62
   257
176
     1
 40
1.0
176
     1
 90
        1
176
     1
 90
        6
176
     1
 90
        2
176
     1
 62
     7
176
     1
 90
        3
176
     1
 90
        0
176
     1
 90
        0
176
     1
290
     0
176
     1
 90
       13
176
     1
 40
0.0
176
     1
 90
        0
176
     1
290
     0
176
     1
290
     1
176
     1
290
     1
176
     1
290
     0
176
     1
290
     0
176
     1
290
     0
176
     1
290
     0
176
     1
290
     0
176
     1
290
     0
176
     1
 90
       50
176
     1
 40
0.0
176
     1
 40
1.0
176
     1
 90
        0
176
     1
 62
    18
420
        0
176
     1
 90
       50
176
     1
 90
        3
176
     1
 62
     5
420
      255
176
     1
290
     0
176
     1
 90
       50
176
     1
 90
       50
176
     1
 90
       50
176
     1
290
     0
176
     1
 90
       50
176
     1
 62
   256
176
     0
 40
1.0
176
     0
 90
        2
176
     1
  1
strokes_ogs.tif
176
     1
290
     0
176
     1
 40
1.0
176
     1
 40
1.0
176
     1
  0
VISUALSTYLE
  5
434
102
{ACAD_REACTORS
330
257
102
}
330
257
100
AcDbVisualStyle
  2
Shaded
 70
    27
177
     3
291
     0
 70
    58
 90
        2
176
     1
 90
        2
176
     1
 90
        1
176
     1
 90
        2
176
     1
 40
0.6
176
     1
 40
30.0
176
     1
 62
     7
420
 16777215
176
     1
 90
        0
176
     1
 90
        4
176
     1
 62
     7
176
     1
 62
   257
176
     1
 90
        1
176
     1
 90
        1
176
     1
 40
1.0
176
     1
 90
        8
176
     1
 62
   257
176
     1
 40
1.0
176
     1
 90
        1
176
     1
 90
        6
176
     1
 90
        2
176
     1
 62
     8
420
  7895160
176
     1
 90
        3
176
     1
 90
        0
176
     1
 90
        0
176
     1
290
     0
176
     1
 90
        5
176
     1
 40
0.0
176
     1
 90
        0
176
     1
290
     0
176
     1
290
     1
176
     1
290
     1
176
     1
290
     0
176
     1
290
     0
176
     1
290
     0
176
     1
290
     0
176
     1
290
     0
176
     1
290
     0
176
     1
 90
       50
176
     1
 40
0.0
176
     1
 40
1.0
176
     1
 90
        0
176
     1
 62
    18
420
        0
176
     1
 90
       50
176
     1
 90
        3
176
     1
 62
     5
420
      255
176
     1
290
     0
176
     1
 90
       50
176
     1
 90
       50
176
     1
 90
       50
176
     1
290
     0
176
     1
 90
       50
176
     1
 62
   256
176
     0
 40
1.0
176
     0
 90
        2
176
     1
  1
strokes_ogs.tif
176
     1
290
     0
176
     1
 40
1.0
176
     1
 40
1.0
176
     1
  0
VISUALSTYLE
  5
433
102
{ACAD_REACTORS
330
257
102
}
330
257
100
AcDbVisualStyle
  2
Shaded with edges
 70
    26
177
     3
291
     0
 70
    58
 90
        2
176
     1
 90
        2
176
     1
 90
        1
176
     1
 90
        2
176
     1
 40
0.6
176
     1
 40
30.0
176
     1
 62
     7
420
 16777215
176
     1
 90
        1
176
     1
 90
        2
176
     1
 62
     7
176
     1
 62
   257
176
     1
 90
        2
176
     1
 90
        1
176
     1
 40
1.0
176
     1
 90
        8
176
     1
 62
   257
176
     1
 40
1.0
176
     1
 90
        1
176
     1
 90
        6
176
     1
 90
        2
176
     1
 62
     7
176
     1
 90
        3
176
     1
 90
        0
176
     1
 90
        0
176
     1
290
     0
176
     1
 90
        5
176
     1
 40
0.0
176
     1
 90
        0
176
     1
290
     0
176
     1
290
     1
176
     1
290
     1
176
     1
290
     0
176
     1
290
     0
176
     1
290
     0
176
     1
290
     0
176
     1
290
     0
176
     1
290
     0
176
     1
 90
       50
176
     1
 40
0.0
176
     1
 40
1.0
176
     1
 90
        0
176
     1
 62
    18
420
        0
176
     1
 90
       50
176
     1
 90
        3
176
     1
 62
     5
420
      255
176
     1
290
     0
176
     1
 90
       50
176
     1
 90
       50
176
     1
 90
       50
176
     1
290
     0
176
     1
 90
       50
176
     1
 62
   256
176
     0
 40
1.0
176
     0
 90
        2
176
     1
  1
strokes_ogs.tif
176
     1
290
     0
176
     1
 40
1.0
176
     1
 40
1.0
176
     1
  0
VISUALSTYLE
  5
430
102
{ACAD_REACTORS
330
257
102
}
330
257
100
AcDbVisualStyle
  2
Shades of Gray
 70
    23
177
     3
291
     0
 70
    58
 90
        2
176
     1
 90
        2
176
     1
 90
        3
176
     1
 90
        0
176
     1
 40
0.6
176
     1
 40
30.0
176
     1
 62
     7
420
 16777215
176
     1
 90
        2
176
     1
 90
        2
176
     1
 62
     7
176
     1
 62
     7
176
     1
 90
        1
176
     1
 90
        1
176
     1
 40
40.0
176
     1
 90
        8
176
     1
 62
     7
176
     1
 40
1.0
176
     1
 90
        1
176
     1
 90
        6
176
     1
 90
        2
176
     1
 62
     7
176
     1
 90
        3
176
     1
 90
        0
176
     1
 90
        0
176
     1
290
     0
176
     1
 90
        1
176
     1
 40
0.0
176
     1
 90
        0
176
     1
290
     0
176
     1
290
     1
176
     1
290
     1
176
     1
290
     0
176
     1
290
     0
176
     1
290
     0
176
     1
290
     0
176
     1
290
     0
176
     1
290
     0
176
     1
 90
       50
176
     1
 40
0.0
176
     1
 40
1.0
176
     1
 90
        0
176
     1
 62
    18
420
        0
176
     1
 90
       50
176
     1
 90
        3
176
     1
 62
     5
420
      255
176
     1
290
     0
176
     1
 90
       50
176
     1
 90
       50
176
     1
 90
       50
176
     1
290
     0
176
     1
 90
       50
176
     1
 62
   256
176
     0
 40
1.0
176
     0
 90
        2
176
     1
  1
strokes_ogs.tif
176
     1
290
     0
176
     1
 40
1.0
176
     1
 40
1.0
176
     1
  0
VISUALSTYLE
  5
431
102
{ACAD_REACTORS
330
257
102
}
330
257
100
AcDbVisualStyle
  2
Sketchy
 70
    24
177
     3
291
     0
 70
    58
 90
        1
176
     1
 90
        2
176
     1
 90
        2
176
     1
 90
        0
176
     1
 40
0.6
176
     1
 40
30.0
176
     1
 62
     7
420
 16777215
176
     1
 90
        2
176
     1
 90
        2
176
     1
 62
     7
176
     1
 62
     7
176
     1
 90
        1
176
     1
 90
        1
176
     1
 40
40.0
176
     1
 90
       11
176
     1
 62
     7
176
     1
 40
1.0
176
     1
 90
        1
176
     1
 90
        6
176
     1
 90
        2
176
     1
 62
     7
176
     1
 90
        6
176
     1
 90
        0
176
     1
 90
        0
176
     1
290
     0
176
     1
 90
        1
176
     1
 40
0.0
176
     1
 90
        0
176
     1
290
     0
176
     1
290
     1
176
     1
290
     1
176
     1
290
     0
176
     1
290
     0
176
     1
290
     0
176
     1
290
     0
176
     1
290
     0
176
     1
290
     0
176
     1
 90
       50
176
     1
 40
0.0
176
     1
 40
1.0
176
     1
 90
        0
176
     1
 62
    18
420
        0
176
     1
 90
       50
176
     1
 90
        3
176
     1
 62
     5
420
      255
176
     1
290
     0
176
     1
 90
       50
176
     1
 90
       50
176
     1
 90
       50
176
     1
290
     0
176
     1
 90
       50
176
     1
 62
   256
176
     0
 40
1.0
176
     0
 90
        2
176
     1
  1
strokes_ogs.tif
176
     1
290
     0
176
     1
 40
1.0
176
     1
 40
1.0
176
     1
  0
VISUALSTYLE
  5
42C
102
{ACAD_REACTORS
330
257
102
}
330
257
100
AcDbVisualStyle
  2
Thicken
 70
    13
177
     3
291
     1
 70
    58
 90
        2
176
     1
 90
        2
176
     1
 90
        0
176
     1
 90
        0
176
     1
 40
0.6
176
     1
 40
30.0
176
     1
 62
     7
420
 16777215
176
     1
 90
        1
176
     1
 90
        4
176
     1
 62
     7
176
     1
 62
   257
176
     1
 90
        1
176
     1
 90
        1
176
     1
 40
1.0
176
     1
 90
       12
176
     1
 62
     7
176
     1
 40
1.0
176
     1
 90
        1
176
     1
 90
        6
176
     1
 90
        2
176
     1
 62
     7
176
     1
 90
        5
176
     1
 90
        0
176
     1
 90
        0
176
     1
290
     0
176
     1
 90
        1
176
     1
 40
0.0
176
     1
 90
        0
176
     1
290
     0
176
     1
290
     1
176
     1
290
     1
176
     1
290
     0
176
     1
290
     0
176
     1
290
     0
176
     1
290
     0
176
     1
290
     0
176
     1
290
     0
176
     1
 90
       50
176
     1
 40
0.0
176
     1
 40
1.0
176
     1
 90
        0
176
     1
 62
    18
420
        0
176
     1
 90
       50
176
     1
 90
        3
176
     1
 62
     5
420
      255
176
     1
290
     0
176
     1
 90
       50
176
     1
 90
       50
176
     1
 90
       50
176
     1
290
     0
176
     1
 90
       50
176
     1
 62
   256
176
     0
 40
1.0
176
     0
 90
        2
176
     1
  1
strokes_ogs.tif
176
     1
290
     0
176
     1
 40
1.0
176
     1
 40
1.0
176
     1
  0
VISUALSTYLE
  5
27F
102
{ACAD_REACTORS
330
257
102
}
330
257
100
AcDbVisualStyle
  2
Wireframe
 70
     5
177
     3
291
     0
 70
    58
 90
        0
176
     1
 90
        2
176
     1
 90
        0
176
     1
 90
        0
176
     1
 40
0.6
176
     1
 40
30.0
176
     1
 62
     7
420
 16777215
176
     1
 90
        1
176
     1
 90
        4
176
     1
 62
     7
176
     1
 62
   257
176
     1
 90
        1
176
     1
 90
        1
176
     1
 40
1.0
176
     1
 90
        0
176
     1
 62
   257
176
     1
 40
1.0
176
     1
 90
        1
176
     1
 90
        6
176
     1
 90
        2
176
     1
 62
     7
176
     1
 90
        3
176
     1
 90
        0
176
     1
 90
        0
176
     1
290
     0
176
     1
 90
        1
176
     1
 40
0.0
176
     1
 90
        0
176
     1
290
     0
176
     1
290
     1
176
     1
290
     1
176
     1
290
     0
176
     1
290
     0
176
     1
290
     0
176
     1
290
     0
176
     1
290
     0
176
     1
290
     0
176
     1
 90
       50
176
     1
 40
0.0
176
     1
 40
1.0
176
     1
 90
        0
176
     1
 62
    18
420
        0
176
     1
 90
       50
176
     1
 90
        3
176
     1
 62
     5
420
      255
176
     1
290
     0
176
     1
 90
       50
176
     1
 90
       50
176
     1
 90
       50
176
     1
290
     0
176
     1
 90
       50
176
     1
 62
   256
176
     0
 40
1.0
176
     0
 90
        2
176
     1
  1
strokes_ogs.tif
176
     1
290
     0
176
     1
 40
1.0
176
     1
 40
1.0
176
     1
  0
VISUALSTYLE
  5
432
102
{ACAD_REACTORS
330
257
102
}
330
257
100
AcDbVisualStyle
  2
X-Ray
 70
    25
177
     3
291
     0
 70
    58
 90
        2
176
     1
 90
        2
176
     1
 90
        1
176
     1
 90
        1
176
     1
 40
0.5
176
     1
 40
30.0
176
     1
 62
     7
420
 16777215
176
     1
 90
        1
176
     1
 90
        0
176
     1
 62
     7
176
     1
 62
   257
176
     1
 90
        1
176
     1
 90
        1
176
     1
 40
1.0
176
     1
 90
        8
176
     1
 62
     7
176
     1
 40
1.0
176
     1
 90
        1
176
     1
 90
        6
176
     1
 90
        2
176
     1
 62
     7
176
     1
 90
        3
176
     1
 90
        0
176
     1
 90
        0
176
     1
290
     0
176
     1
 90
       13
176
     1
 40
0.0
176
     1
 90
        0
176
     1
290
     0
176
     1
290
     1
176
     1
290
     1
176
     1
290
     0
176
     1
290
     0
176
     1
290
     0
176
     1
290
     0
176
     1
290
     0
176
     1
290
     0
176
     1
 90
       50
176
     1
 40
0.0
176
     1
 40
1.0
176
     1
 90
        0
176
     1
 62
    18
420
        0
176
     1
 90
       50
176
     1
 90
        3
176
     1
 62
     5
420
      255
176
     1
290
     0
176
     1
 90
       50
176
     1
 90
       50
176
     1
 90
       50
176
     1
290
     0
176
     1
 90
       50
176
     1
 62
   256
176
     0
 40
1.0
176
     0
 90
        2
176
     1
  1
strokes_ogs.tif
176
     1
290
     0
176
     1
 40
1.0
176
     1
 40
1.0
176
     1
  0
DICTIONARYVAR
  5
275
102
{ACAD_REACTORS
330
274
102
}
330
274
100
DictionaryVariables
280
     0
  1
1:1
  0
DICTIONARYVAR
  5
276
102
{ACAD_REACTORS
330
274
102
}
330
274
100
DictionaryVariables
280
     0
  1
3.500000
  0
DICTIONARYVAR
  5
277
102
{ACAD_REACTORS
330
274
102
}
330
274
100
DictionaryVariables
280
     0
  1
acadiso.lin
  0
DICTIONARYVAR
  5
278
102
{ACAD_REACTORS
330
274
102
}
330
274
100
DictionaryVariables
280
     0
  1
STANDARD
  0
DICTIONARYVAR
  5
279
102
{ACAD_REACTORS
330
274
102
}
330
274
100
DictionaryVariables
280
     0
  1
STANDARD
  0
DICTIONARYVAR
  5
27A
102
{ACAD_REACTORS
330
274
102
}
330
274
100
DictionaryVariables
280
     0
  1
Metric50
  0
DICTIONARYVAR
  5
27B
102
{ACAD_REACTORS
330
274
102
}
330
274
100
DictionaryVariables
280
     0
  1
Metric50
  0
DICTIONARYVAR
  5
41F
102
{ACAD_REACTORS
330
274
102
}
330
274
100
DictionaryVariables
280
     0
  1
0
  0
DICTIONARYVAR
  5
420
102
{ACAD_REACTORS
330
274
102
}
330
274
100
DictionaryVariables
280
     0
  1
0
  0
DICTIONARYVAR
  5
41E
102
{ACAD_REACTORS
330
274
102
}
330
274
100
DictionaryVariables
280
     0
  1
2
  0
DICTIONARYVAR
  5
41D
102
{ACAD_REACTORS
330
274
102
}
330
274
100
DictionaryVariables
280
     0
  1
1
  0
DICTIONARY
  5
269
330
268
100
AcDbDictionary
280
     1
281
     1
  3
BUMPTILE
360
26A
  3
DIFFUSETILE
360
26B
  3
OPACITYTILE
360
26C
  3
REFLECTIONTILE
360
26D
  3
REFRACTIONTILE
360
26E
  3
SPECULARTILE
360
26F
  0
DICTIONARY
  5
261
330
260
100
AcDbDictionary
280
     1
281
     1
  3
BUMPTILE
360
262
  3
DIFFUSETILE
360
263
  3
OPACITYTILE
360
264
  3
REFLECTIONTILE
360
265
  3
REFRACTIONTILE
360
266
  3
SPECULARTILE
360
267
  0
DICTIONARY
  5
C
330
A
100
AcDbDictionary
280
     1
281
     1
  3
BUMPTILE
360
D
  3
DIFFUSETILE
360
E
  3
OPACITYTILE
360
F
  3
REFLECTIONTILE
360
10
  3
REFRACTIONTILE
360
11
  3
SPECULARTILE
360
12
  0
DICTIONARY
  5
40A
330
27D
100
AcDbDictionary
280
     1
281
     1
  3
ACAD_ROUNDTRIP_2008_TABLESTYLE_CELLSTYLEMAP
360
44E
  0
XRECORD
  5
26A
102
{ACAD_REACTORS
330
269
102
}
330
269
100
AcDbXrecord
280
     1
270
     1
271
     1
  0
XRECORD
  5
26B
102
{ACAD_REACTORS
330
269
102
}
330
269
100
AcDbXrecord
280
     1
270
     1
271
     1
  0
XRECORD
  5
26C
102
{ACAD_REACTORS
330
269
102
}
330
269
100
AcDbXrecord
280
     1
270
     1
271
     1
  0
XRECORD
  5
26D
102
{ACAD_REACTORS
330
269
102
}
330
269
100
AcDbXrecord
280
     1
270
     1
271
     1
  0
XRECORD
  5
26E
102
{ACAD_REACTORS
330
269
102
}
330
269
100
AcDbXrecord
280
     1
270
     1
271
     1
  0
XRECORD
  5
26F
102
{ACAD_REACTORS
330
269
102
}
330
269
100
AcDbXrecord
280
     1
270
     1
271
     1
  0
XRECORD
  5
262
102
{ACAD_REACTORS
330
261
102
}
330
261
100
AcDbXrecord
280
     1
270
     1
271
     1
  0
XRECORD
  5
263
102
{ACAD_REACTORS
330
261
102
}
330
261
100
AcDbXrecord
280
     1
270
     1
271
     1
  0
XRECORD
  5
264
102
{ACAD_REACTORS
330
261
102
}
330
261
100
AcDbXrecord
280
     1
270
     1
271
     1
  0
XRECORD
  5
265
102
{ACAD_REACTORS
330
261
102
}
330
261
100
AcDbXrecord
280
     1
270
     1
271
     1
  0
XRECORD
  5
266
102
{ACAD_REACTORS
330
261
102
}
330
261
100
AcDbXrecord
280
     1
270
     1
271
     1
  0
XRECORD
  5
267
102
{ACAD_REACTORS
330
261
102
}
330
261
100
AcDbXrecord
280
     1
270
     1
271
     1
  0
XRECORD
  5
D
102
{ACAD_REACTORS
330
C
102
}
330
C
100
AcDbXrecord
280
     1
270
     1
271
     1
  0
XRECORD
  5
E
102
{ACAD_REACTORS
330
C
102
}
330
C
100
AcDbXrecord
280
     1
270
     1
271
     1
  0
XRECORD
  5
F
102
{ACAD_REACTORS
330
C
102
}
330
C
100
AcDbXrecord
280
     1
270
     1
271
     1
  0
XRECORD
  5
10
102
{ACAD_REACTORS
330
C
102
}
330
C
100
AcDbXrecord
280
     1
270
     1
271
     1
  0
XRECORD
  5
11
102
{ACAD_REACTORS
330
C
102
}
330
C
100
AcDbXrecord
280
     1
270
     1
271
     1
  0
XRECORD
  5
12
102
{ACAD_REACTORS
330
C
102
}
330
C
100
AcDbXrecord
280
     1
270
     1
271
     1
  0
CELLSTYLEMAP
  5
44E
102
{ACAD_REACTORS
330
40A
102
}
330
40A
100
AcDbCellStyleMap
 90
        3
300
CELLSTYLE
  1
TABLEFORMAT_BEGIN
 90
        5
170
     1
 91
        0
 92
    32768
 62
   257
 93
        1
300
CONTENTFORMAT
  1
CONTENTFORMAT_BEGIN
 90
        0
 91
        0
 92
      512
 93
        0
300

 40
0.0
140
1.0
 94
        5
 62
     0
340
146
144
6.0
309
CONTENTFORMAT_END
171
     1
301
MARGIN
  1
CELLMARGIN_BEGIN
 40
1.5
 40
1.5
 40
1.5
 40
1.5
 40
4.5
 40
4.5
309
CELLMARGIN_END
 94
        6
 95
        1
302
GRIDFORMAT
  1
GRIDFORMAT_BEGIN
 90
        0
 91
        1
 62
     0
 92
       -2
340
0
 93
        0
 40
1.13
309
GRIDFORMAT_END
 95
        2
302
GRIDFORMAT
  1
GRIDFORMAT_BEGIN
 90
        0
 91
        1
 62
     0
 92
       -2
340
0
 93
        0
 40
1.13
309
GRIDFORMAT_END
 95
        4
302
GRIDFORMAT
  1
GRIDFORMAT_BEGIN
 90
        0
 91
        1
 62
     0
 92
       -2
340
0
 93
        0
 40
1.13
309
GRIDFORMAT_END
 95
        8
302
GRIDFORMAT
  1
GRIDFORMAT_BEGIN
 90
        0
 91
        1
 62
     0
 92
       -2
340
0
 93
        0
 40
1.13
309
GRIDFORMAT_END
 95
       16
302
GRIDFORMAT
  1
GRIDFORMAT_BEGIN
 90
        0
 91
        1
 62
     0
 92
       -2
340
0
 93
        0
 40
1.13
309
GRIDFORMAT_END
 95
       32
302
GRIDFORMAT
  1
GRIDFORMAT_BEGIN
 90
        0
 91
        1
 62
     0
 92
       -2
340
0
 93
        0
 40
1.13
309
GRIDFORMAT_END
309
TABLEFORMAT_END
  1
CELLSTYLE_BEGIN
 90
        1
 91
        1
300
_TITLE
309
CELLSTYLE_END
300
CELLSTYLE
  1
TABLEFORMAT_BEGIN
 90
        5
170
     1
 91
        0
 92
        0
 62
   257
 93
        1
300
CONTENTFORMAT
  1
CONTENTFORMAT_BEGIN
 90
        0
 91
        0
 92
      512
 93
        0
300

 40
0.0
140
1.0
 94
        5
 62
     0
340
146
144
4.5
309
CONTENTFORMAT_END
171
     1
301
MARGIN
  1
CELLMARGIN_BEGIN
 40
1.5
 40
1.5
 40
1.5
 40
1.5
 40
4.5
 40
4.5
309
CELLMARGIN_END
 94
        6
 95
        1
302
GRIDFORMAT
  1
GRIDFORMAT_BEGIN
 90
        0
 91
        1
 62
     0
 92
       -2
340
0
 93
        0
 40
1.13
309
GRIDFORMAT_END
 95
        2
302
GRIDFORMAT
  1
GRIDFORMAT_BEGIN
 90
        0
 91
        1
 62
     0
 92
       -2
340
0
 93
        0
 40
1.13
309
GRIDFORMAT_END
 95
        4
302
GRIDFORMAT
  1
GRIDFORMAT_BEGIN
 90
        0
 91
        1
 62
     0
 92
       -2
340
0
 93
        0
 40
1.13
309
GRIDFORMAT_END
 95
        8
302
GRIDFORMAT
  1
GRIDFORMAT_BEGIN
 90
        0
 91
        1
 62
     0
 92
       -2
340
0
 93
        0
 40
1.13
309
GRIDFORMAT_END
 95
       16
302
GRIDFORMAT
  1
GRIDFORMAT_BEGIN
 90
        0
 91
        1
 62
     0
 92
       -2
340
0
 93
        0
 40
1.13
309
GRIDFORMAT_END
 95
       32
302
GRIDFORMAT
  1
GRIDFORMAT_BEGIN
 90
        0
 91
        1
 62
     0
 92
       -2
340
0
 93
        0
 40
1.13
309
GRIDFORMAT_END
309
TABLEFORMAT_END
  1
CELLSTYLE_BEGIN
 90
        2
 91
        1
300
_HEADER
309
CELLSTYLE_END
300
CELLSTYLE
  1
TABLEFORMAT_BEGIN
 90
        5
170
     1
 91
        0
 92
        0
 62
   257
 93
        1
300
CONTENTFORMAT
  1
CONTENTFORMAT_BEGIN
 90
        0
 91
        0
 92
      512
 93
        0
300

 40
0.0
140
1.0
 94
        2
 62
     0
340
146
144
4.5
309
CONTENTFORMAT_END
171
     1
301
MARGIN
  1
CELLMARGIN_BEGIN
 40
1.5
 40
1.5
 40
1.5
 40
1.5
 40
4.5
 40
4.5
309
CELLMARGIN_END
 94
        6
 95
        1
302
GRIDFORMAT
  1
GRIDFORMAT_BEGIN
 90
        0
 91
        1
 62
     0
 92
       -2
340
0
 93
        0
 40
1.13
309
GRIDFORMAT_END
 95
        2
302
GRIDFORMAT
  1
GRIDFORMAT_BEGIN
 90
        0
 91
        1
 62
     0
 92
       -2
340
0
 93
        0
 40
1.13
309
GRIDFORMAT_END
 95
        4
302
GRIDFORMAT
  1
GRIDFORMAT_BEGIN
 90
        0
 91
        1
 62
     0
 92
       -2
340
0
 93
        0
 40
1.13
309
GRIDFORMAT_END
 95
        8
302
GRIDFORMAT
  1
GRIDFORMAT_BEGIN
 90
        0
 91
        1
 62
     0
 92
       -2
340
0
 93
        0
 40
1.13
309
GRIDFORMAT_END
 95
       16
302
GRIDFORMAT
  1
GRIDFORMAT_BEGIN
 90
        0
 91
        1
 62
     0
 92
       -2
340
0
 93
        0
 40
1.13
309
GRIDFORMAT_END
 95
       32
302
GRIDFORMAT
  1
GRIDFORMAT_BEGIN
 90
        0
 91
        1
 62
     0
 92
       -2
340
0
 93
        0
 40
1.13
309
GRIDFORMAT_END
309
TABLEFORMAT_END
  1
CELLSTYLE_BEGIN
 90
        3
 91
        2
300
_DATA
309
CELLSTYLE_END
  0
ENDSEC
  0
SECTION
  2
ACDSDATA
 70
     2
 71
     8
  0
ACDSSCHEMA
 90
        0
  1
AcDb_Thumbnail_Schema
  2
AcDbDs::ID
280
    10
 91
        8
  2
Thumbnail_Data
280
    15
 91
        0
101
ACDSRECORD
 95
        0
 90
        1
  2
AcDbDs::TreatedAsObjectData
280
     1
291
     1
101
ACDSRECORD
 95
        0
 90
        2
  2
AcDbDs::Legacy
280
     1
291
     1
101
ACDSRECORD
  1
AcDbDs::ID
 90
        3
  2
AcDs:Indexable
280
     1
291
     1
101
ACDSRECORD
  1
AcDbDs::ID
 90
        4
  2
AcDbDs::HandleAttribute
280
     7
282
     1
  0
ACDSSCHEMA
 90
        1
  1
AcDbDs::TreatedAsObjectDataSchema
  2
AcDbDs::TreatedAsObjectData
280
     1
 91
        0
  0
ACDSSCHEMA
 90
        2
  1
AcDbDs::LegacySchema
  2
AcDbDs::Legacy
280
     1
 91
        0
  0
ACDSSCHEMA
 90
        3
  1
AcDbDs::IndexedPropertySchema
  2
AcDs:Indexable
280
     1
 91
        0
  0
ACDSSCHEMA
 90
        4
  1
AcDbDs::HandleAttributeSchema
  2
AcDbDs::HandleAttribute
280
     7
 91
        1
284
     1
  0
ACDSRECORD
 90
        0
  2
AcDbDs::ID
280
    10
320
23E
  2
Thumbnail_Data
280
    15
 94
     1549
310
89504E470D0A1A0A0000000D49484452000001000000006D080300000079B14F6400000300504C5445000000FFFFFF0000000000000000000000000000000000000000000000000000000000330000660000990000CC0000FF0033000033330033660033990033CC0033FF0066000066330066660066990066CC0066FF0099
310
000099330099660099990099CC0099FF00CC0000CC3300CC6600CC9900CCCC00CCFF00FF0000FF3300FF6600FF9900FFCC00FFFF3300003300333300663300993300CC3300FF3333003333333333663333993333CC3333FF3366003366333366663366993366CC3366FF3399003399333399663399993399CC3399FF33CC00
310
33CC3333CC6633CC9933CCCC33CCFF33FF0033FF3333FF6633FF9933FFCC33FFFF6600006600336600666600996600CC6600FF6633006633336633666633996633CC6633FF6666006666336666666666996666CC6666FF6699006699336699666699996699CC6699FF66CC0066CC3366CC6666CC9966CCCC66CCFF66FF0066
310
FF3366FF6666FF9966FFCC66FFFF9900009900339900669900999900CC9900FF9933009933339933669933999933CC9933FF9966009966339966669966999966CC9966FF9999009999339999669999999999CC9999FF99CC0099CC3399CC6699CC9999CCCC99CCFF99FF0099FF3399FF6699FF9999FFCC99FFFFCC0000CC00
310
33CC0066CC0099CC00CCCC00FFCC3300CC3333CC3366CC3399CC33CCCC33FFCC6600CC6633CC6666CC6699CC66CCCC66FFCC9900CC9933CC9966CC9999CC99CCCC99FFCCCC00CCCC33CCCC66CCCC99CCCCCCCCCCFFCCFF00CCFF33CCFF66CCFF99CCFFCCCCFFFFFF0000FF0033FF0066FF0099FF00CCFF00FFFF3300FF3333
310
FF3366FF3399FF33CCFF33FFFF6600FF6633FF6666FF6699FF66CCFF66FFFF9900FF9933FF9966FF9999FF99CCFF99FFFFCC00FFCC33FFCC66FFCC99FFCCCCFFCCFFFFFF00FFFF33FFFF66FFFF99FFFFCCFFFFFF0000000D0D0D1A1A1A2828283535354343435050505D5D5D6B6B6B787878868686939393A1A1A1AEAEAEBB
310
BBBBC9C9C9D6D6D6E4E4E4F1F1F1FFFFFF0000000000000000000000000000000000000000000000000000000000003AE5ACE9000002C84944415478DAED9C4172C3200C45751C36BAFF8E3369C3BE36E01819E1B8693B53C4FF9B82EB64C28B22248121822008822008822008822008822008822008FA89520ABA9BEC7FA9
310
DB9A9BA657780640C1089E0074161016B3000AA3EE36FE34B82DD0EA001C11081FC99F05A4C3FB85C615766DDD7165013B80F30B6E3B977672670261DC1DB517718200000000000000000000E01E401C7747EDEB6BA6CAFEFF08C0A5ACF06FCDBD0DF877C5288D7893245372518CFA8D2601902D20A8DFB0886E89FD454B7B
310
5DF5CADBCD02E0FCC4BF0C6032B73F00906DFD0900663F00CEB174005A8F5901D482883700A51C6400483E0128877500482680D403481A4075AB2E00B0728265FAD300927300DC01A01E00CD0F60E404995864340B70FBBBF7390BD4910E01103B8F03DE02C8065205009302B072813317CA43BC8B04A5B6234D9A0BDC6483
310
7B261823EF799EA5725D9AF69CD960089DCDC63AB9F1E9EE735ACC4A870594D4B8B78099168C6D00C734770B8079BF7733159AD809E6054EDB02F6BF6F2A427C05B0BD64B2FD2223001B810700123B07906E0170FEA1380550C6FF04807282F30178E7042F8356A1CF380E981FC06B1AF40D601C09E6A94EFA6C50E48C0465
310
1C0AFB5817A8157F25AED15F8D13675F17E82341BB2C5EAA2191DA0091886FD2E130F9BA408EF6E835E0E2162A80A35CC474548A3DA5C3D5F9B39EFA9405540065FC2ECBE2DBC00A815724D85A405D1B3CAE3B00D01545A90402B92CCE97594001F05A15A6BA30B28F463A008DAB705E1637D706598CCAD9EC65F1F46C69AC
310
0B842C00E4685D40AC8248DD36E17775B80B849E00F0BA3FC04A868C21CF0C2085BF02E06793D4A82CEE6793D4454B6D93B3B4D64649DB278EBAD82B0C000000000000006B00786D895BEED9E16F3D3C9DFC3E3CBDF0F3F33841E21300384102D3A01F5D12F9D1D1396E8FD17978925458E720A5072749F93A480982200882
310
20E8FFEB0BF18D023CADF383C50000000049454E44AE426082
  0
ENDSEC
  0
EOF
