  0
SECTION
  2
HEADER
  9
$ACADVER
  1
AC1032
  9
$ACADMAINTVER
 90
      174
  9
$DWGCODEPAGE
  3
ANSI_936
  9
$LASTSAVEDBY
  1
10333
  9
$REQUIREDVERSIONS
160
                 0
  9
$INSBASE
 10
0.0
 20
0.0
 30
0.0
  9
$EXTMIN
 10
63524.38
 20
16639.01
 30
0.0
  9
$EXTMAX
 10
86124.38
 20
36739.01
 30
0.0
  9
$LIMMIN
 10
0.0
 20
0.0
  9
$LIMMAX
 10
50000.0
 20
32000.0
  9
$ORTHOMODE
 70
     0
  9
$REGENMODE
 70
     1
  9
$FILLMODE
 70
     1
  9
$QTEXTMODE
 70
     0
  9
$MIRRTEXT
 70
     0
  9
$LTSCALE
 40
1000.0
  9
$ATTMODE
 70
     1
  9
$TEXTSIZE
 40
350.0
  9
$TRACEWID
 40
0.05
  9
$TEXTSTYLE
  7
Standard
  9
$CLAYER
  8
0
  9
$CELTYPE
  6
ByLayer
  9
$CECOLOR
 62
   256
  9
$CELTSCALE
 40
1.0
  9
$DISPSILH
 70
     0
  9
$DIMSCALE
 40
100.0
  9
$DIMASZ
 40
1.0
  9
$DIMEXO
 40
3.0
  9
$DIMDLI
 40
0.0
  9
$DIMRND
 40
0.0
  9
$DIMDLE
 40
0.0
  9
$DIMEXE
 40
2.5
  9
$DIMTP
 40
0.0
  9
$DIMTM
 40
0.0
  9
$DIMTXT
 40
3.5
  9
$DIMCEN
 40
0.09
  9
$DIMTSZ
 40
0.0
  9
$DIMTOL
 70
     0
  9
$DIMLIM
 70
     0
  9
$DIMTIH
 70
     0
  9
$DIMTOH
 70
     0
  9
$DIMSE1
 70
     0
  9
$DIMSE2
 70
     0
  9
$DIMTAD
 70
     1
  9
$DIMZIN
 70
     0
  9
$DIMBLK
  1
ArchTick
  9
$DIMASO
 70
     1
  9
$DIMSHO
 70
     1
  9
$DIMPOST
  1

  9
$DIMAPOST
  1

  9
$DIMALT
 70
     0
  9
$DIMALTD
 70
     2
  9
$DIMALTF
 40
25.4
  9
$DIMLFAC
 40
1.0
  9
$DIMTOFL
 70
     1
  9
$DIMTVP
 40
0.0
  9
$DIMTIX
 70
     1
  9
$DIMSOXD
 70
     0
  9
$DIMSAH
 70
     0
  9
$DIMBLK1
  1

  9
$DIMBLK2
  1

  9
$DIMSTYLE
  2
STANDARD
  9
$DIMCLRD
 70
     0
  9
$DIMCLRE
 70
     0
  9
$DIMCLRT
 70
     0
  9
$DIMTFAC
 40
1.0
  9
$DIMGAP
 40
1.5
  9
$DIMJUST
 70
     0
  9
$DIMSD1
 70
     0
  9
$DIMSD2
 70
     0
  9
$DIMTOLJ
 70
     1
  9
$DIMTZIN
 70
     0
  9
$DIMALTZ
 70
     0
  9
$DIMALTTZ
 70
     0
  9
$DIMUPT
 70
     0
  9
$DIMDEC
 70
     0
  9
$DIMTDEC
 70
     0
  9
$DIMALTU
 70
     2
  9
$DIMALTTD
 70
     2
  9
$DIMTXSTY
  7
Standard
  9
$DIMAUNIT
 70
     0
  9
$DIMADEC
 70
     0
  9
$DIMALTRND
 40
0.0
  9
$DIMAZIN
 70
     0
  9
$DIMDSEP
 70
    46
  9
$DIMATFIT
 70
     3
  9
$DIMFRAC
 70
     0
  9
$DIMLDRBLK
  1

  9
$DIMLUNIT
 70
     2
  9
$DIMLWD
 70
    -2
  9
$DIMLWE
 70
    -2
  9
$DIMTMOVE
 70
     2
  9
$DIMFXL
 40
100.0
  9
$DIMFXLON
 70
     0
  9
$DIMJOGANG
 40
0.79
  9
$DIMTFILL
 70
     0
  9
$DIMTFILLCLR
 70
     0
  9
$DIMARCSYM
 70
     0
  9
$DIMLTYPE
  6

  9
$DIMLTEX1
  6

  9
$DIMLTEX2
  6

  9
$DIMTXTDIRECTION
 70
     0
  9
$LUNITS
 70
     2
  9
$LUPREC
 70
     0
  9
$SKETCHINC
 40
0.1
  9
$FILLETRAD
 40
0.0
  9
$AUNITS
 70
     0
  9
$AUPREC
 70
     0
  9
$MENU
  1
.
  9
$ELEVATION
 40
0.0
  9
$PELEVATION
 40
0.0
  9
$THICKNESS
 40
0.0
  9
$LIMCHECK
 70
     0
  9
$CHAMFERA
 40
0.0
  9
$CHAMFERB
 40
0.0
  9
$CHAMFERC
 40
0.0
  9
$CHAMFERD
 40
0.0
  9
$SKPOLY
 70
     0
  9
$TDCREATE
 40
2461265.539143519
  9
$TDUCREATE
 40
2461265.205810185
  9
$TDUPDATE
 40
2461265.669085649
  9
$TDUUPDATE
 40
2461265.335752315
  9
$TDINDWG
 40
0.0406250000
  9
$TDUSRTIMER
 40
0.0406134259
  9
$USRTIMER
 70
     1
  9
$ANGBASE
 50
0.0
  9
$ANGDIR
 70
     0
  9
$PDMODE
 70
     0
  9
$PDSIZE
 40
0.0
  9
$PLINEWID
 40
0.0
  9
$SPLFRAME
 70
     0
  9
$SPLINETYPE
 70
     6
  9
$SPLINESEGS
 70
     8
  9
$HANDSEED
  5
528
  9
$SURFTAB1
 70
     6
  9
$SURFTAB2
 70
     6
  9
$SURFTYPE
 70
     6
  9
$SURFU
 70
     6
  9
$SURFV
 70
     6
  9
$UCSBASE
  2

  9
$UCSNAME
  2

  9
$UCSORG
 10
0.0
 20
0.0
 30
0.0
  9
$UCSXDIR
 10
1.0
 20
0.0
 30
0.0
  9
$UCSYDIR
 10
0.0
 20
1.0
 30
0.0
  9
$UCSORTHOREF
  2

  9
$UCSORTHOVIEW
 70
     0
  9
$UCSORGTOP
 10
0.0
 20
0.0
 30
0.0
  9
$UCSORGBOTTOM
 10
0.0
 20
0.0
 30
0.0
  9
$UCSORGLEFT
 10
0.0
 20
0.0
 30
0.0
  9
$UCSORGRIGHT
 10
0.0
 20
0.0
 30
0.0
  9
$UCSORGFRONT
 10
0.0
 20
0.0
 30
0.0
  9
$UCSORGBACK
 10
0.0
 20
0.0
 30
0.0
  9
$PUCSBASE
  2

  9
$PUCSNAME
  2

  9
$PUCSORG
 10
0.0
 20
0.0
 30
0.0
  9
$PUCSXDIR
 10
1.0
 20
0.0
 30
0.0
  9
$PUCSYDIR
 10
0.0
 20
1.0
 30
0.0
  9
$PUCSORTHOREF
  2

  9
$PUCSORTHOVIEW
 70
     0
  9
$PUCSORGTOP
 10
0.0
 20
0.0
 30
0.0
  9
$PUCSORGBOTTOM
 10
0.0
 20
0.0
 30
0.0
  9
$PUCSORGLEFT
 10
0.0
 20
0.0
 30
0.0
  9
$PUCSORGRIGHT
 10
0.0
 20
0.0
 30
0.0
  9
$PUCSORGFRONT
 10
0.0
 20
0.0
 30
0.0
  9
$PUCSORGBACK
 10
0.0
 20
0.0
 30
0.0
  9
$USERI1
 70
     0
  9
$USERI2
 70
     0
  9
$USERI3
 70
     0
  9
$USERI4
 70
     0
  9
$USERI5
 70
     0
  9
$USERR1
 40
0.0
  9
$USERR2
 40
0.0
  9
$USERR3
 40
0.0
  9
$USERR4
 40
0.0
  9
$USERR5
 40
0.0
  9
$WORLDVIEW
 70
     1
  9
$SHADEDGE
 70
     3
  9
$SHADEDIF
 70
    70
  9
$TILEMODE
 70
     1
  9
$MAXACTVP
 70
    64
  9
$PINSBASE
 10
0.0
 20
0.0
 30
0.0
  9
$PLIMCHECK
 70
     0
  9
$PEXTMIN
 10
0.0
 20
0.0
 30
0.0
  9
$PEXTMAX
 10
0.0
 20
0.0
 30
0.0
  9
$PLIMMIN
 10
0.0
 20
0.0
  9
$PLIMMAX
 10
12.0
 20
9.0
  9
$UNITMODE
 70
     0
  9
$VISRETAIN
 70
     1
  9
$PLINEGEN
 70
     0
  9
$PSLTSCALE
 70
     1
  9
$TREEDEPTH
 70
  3020
  9
$CMLSTYLE
  2
Standard
  9
$CMLJUST
 70
     0
  9
$CMLSCALE
 40
1.0
  9
$PROXYGRAPHICS
 70
     1
  9
$MEASUREMENT
 70
     0
  9
$CELWEIGHT
370
    -1
  9
$ENDCAPS
280
     0
  9
$JOINSTYLE
280
     0
  9
$LWDISPLAY
290
     0
  9
$INSUNITS
 70
     0
  9
$HYPERLINKBASE
  1

  9
$STYLESHEET
  1

  9
$XEDIT
290
     1
  9
$CEPSNTYPE
380
     0
  9
$PSTYLEMODE
290
     1
  9
$FINGERPRINTGUID
  2
{6A81C9B5-BA7D-7744-BA41-A7FA4CCCC366}
  9
$VERSIONGUID
  2
{5DE32F17-9FE5-874E-AB40-B1AFF83F4377}
  9
$EXTNAMES
290
     1
  9
$PSVPSCALE
 40
0.0
  9
$OLESTARTUP
290
     0
  9
$SORTENTS
280
   127
  9
$INDEXCTL
280
     0
  9
$HIDETEXT
280
     1
  9
$XCLIPFRAME
280
     0
  9
$HALOGAP
280
     0
  9
$OBSCOLOR
 70
   257
  9
$OBSLTYPE
280
     0
  9
$INTERSECTIONDISPLAY
280
     0
  9
$INTERSECTIONCOLOR
 70
   257
  9
$DIMASSOC
280
     2
  9
$PROJECTNAME
  1

  9
$CAMERADISPLAY
290
     0
  9
$LENSLENGTH
 40
50.0
  9
$CAMERAHEIGHT
 40
0.0
  9
$STEPSPERSEC
 40
2.0
  9
$STEPSIZE
 40
6.0
  9
$3DDWFPREC
 40
2.0
  9
$PSOLWIDTH
 40
0.25
  9
$PSOLHEIGHT
 40
4.0
  9
$LOFTANG1
 40
1.57
  9
$LOFTANG2
 40
1.57
  9
$LOFTMAG1
 40
0.0
  9
$LOFTMAG2
 40
0.0
  9
$LOFTPARAM
 70
     7
  9
$LOFTNORMALS
280
     1
  9
$LATITUDE
 40
37.8
  9
$LONGITUDE
 40
-122.39
  9
$NORTHDIRECTION
 40
0.0
  9
$TIMEZONE
 70
 -8000
  9
$LIGHTGLYPHDISPLAY
280
     1
  9
$TILEMODELIGHTSYNCH
280
     1
  9
$CMATERIAL
347
341
  9
$SOLIDHIST
280
     1
  9
$SHOWHIST
280
     1
  9
$DWFFRAME
280
     2
  9
$DGNFRAME
280
     0
  9
$REALWORLDSCALE
290
     1
  9
$INTERFERECOLOR
 62
     1
  9
$INTERFEREOBJVS
345
357
  9
$INTERFEREVPVS
346
358
  9
$CSHADOW
280
     0
  9
$SHADOWPLANELOCATION
 40
0.0
  0
ENDSEC
  0
SECTION
  2
CLASSES
  0
CLASS
  1
ACDBDICTIONARYWDFLT
  2
AcDbDictionaryWithDefault
  3
ObjectDBX Classes
 90
        0
 91
        1
280
     0
281
     0
  0
CLASS
  1
DICTIONARYVAR
  2
AcDbDictionaryVar
  3
ObjectDBX Classes
 90
        0
 91
       13
280
     0
281
     0
  0
CLASS
  1
TABLESTYLE
  2
AcDbTableStyle
  3
ObjectDBX Classes
 90
     4095
 91
        1
280
     0
281
     0
  0
CLASS
  1
MATERIAL
  2
AcDbMaterial
  3
ObjectDBX Classes
 90
     1153
 91
        3
280
     0
281
     0
  0
CLASS
  1
VISUALSTYLE
  2
AcDbVisualStyle
  3
ObjectDBX Classes
 90
     4095
 91
       25
280
     0
281
     0
  0
CLASS
  1
GROUND_PLANE_BACKGROUND
  2
AcDbGroundPlaneBackground
  3
SCENEOE
 90
     4095
 91
        0
280
     1
281
     0
  0
CLASS
  1
NPOCOLLECTION
  2
AcDbImpNonPersistentObjectsCollection
  3
ObjectDBX Classes
 90
     1153
 91
        0
280
     0
281
     0
  0
CLASS
  1
ACSH_CONE_CLASS
  2
AcDbShCone
  3
ObjectDBX Classes
 90
     1153
 91
        0
280
     0
281
     0
  0
CLASS
  1
ACAD_EVALUATION_GRAPH
  2
AcDbEvalGraph
  3
ObjectDBX Classes
 90
     1153
 91
        0
280
     0
281
     0
  0
CLASS
  1
ACSH_HISTORY_CLASS
  2
AcDbShHistory
  3
ObjectDBX Classes
 90
     1153
 91
        0
280
     0
281
     0
  0
CLASS
  1
SOLID_BACKGROUND
  2
AcDbSolidBackground
  3
SCENEOE
 90
     4095
 91
        0
280
     1
281
     0
  0
CLASS
  1
ACSH_BOX_CLASS
  2
AcDbShBox
  3
ObjectDBX Classes
 90
     1153
 91
        0
280
     0
281
     0
  0
CLASS
  1
SCALE
  2
AcDbScale
  3
ObjectDBX Classes
 90
     1153
 91
       33
280
     0
281
     0
  0
CLASS
  1
MLEADERSTYLE
  2
AcDbMLeaderStyle
  3
ACDB_MLEADERSTYLE_CLASS
 90
     4095
 91
        1
280
     0
281
     0
  0
CLASS
  1
WIPEOUTVARIABLES
  2
AcDbWipeoutVariables
  3
"WipeOut|Product Desc:     WipeOut Dbx Application|Company:          Autodesk, Inc.|WEB Address:      www.autodesk.com"
 90
        0
 91
        0
280
     0
281
     0
  0
CLASS
  1
CELLSTYLEMAP
  2
AcDbCellStyleMap
  3
ObjectDBX Classes
 90
     1152
 91
        2
280
     0
281
     0
  0
CLASS
  1
ACDBSECTIONVIEWSTYLE
  2
AcDbSectionViewStyle
  3
ObjectDBX Classes
 90
     1025
 91
        1
280
     0
281
     0
  0
CLASS
  1
ACDBDETAILVIEWSTYLE
  2
AcDbDetailViewStyle
  3
ObjectDBX Classes
 90
     1025
 91
        1
280
     0
281
     0
  0
CLASS
  1
TCH_DBCONFIG
  2
TDbConfig
  3
"TCH_KERNAL|缺乏解释器天正图形看不见, 请下载天正插件|网址: www.tangent.com.cn"
 90
        1
 91
        1
280
     0
281
     0
  0
CLASS
  1
RASTERVARIABLES
  2
AcDbRasterVariables
  3
ISM
 90
        0
 91
        1
280
     0
281
     0
  0
CLASS
  1
IMAGEDEF
  2
AcDbRasterImageDef
  3
ISM
 90
        0
 91
        0
280
     0
281
     0
  0
CLASS
  1
IMAGEDEF_REACTOR
  2
AcDbRasterImageDefReactor
  3
ISM
 90
        1
 91
        0
280
     0
281
     0
  0
CLASS
  1
IMAGE
  2
AcDbRasterImage
  3
ISM
 90
     2175
 91
        0
280
     0
281
     1
  0
CLASS
  1
TCH_DIMENSION2
  2
TDbDimension2
  3
"TCH_KERNAL|缺乏解释器天正图形看不见, 请下载天正插件|网址: www.tangent.com.cn"
 90
        1
 91
        0
280
     0
281
     1
  0
CLASS
  1
SORTENTSTABLE
  2
AcDbSortentsTable
  3
ObjectDBX Classes
 90
        0
 91
        3
280
     0
281
     0
  0
CLASS
  1
TCH_WALL
  2
TDbWall
  3
"TCH_KERNAL|缺乏解释器天正图形看不见, 请下载天正插件|网址: www.tangent.com.cn"
 90
        1
 91
        0
280
     0
281
     1
  0
CLASS
  1
TCH_COLUMN
  2
TDbColumn
  3
"TCH_KERNAL|缺乏解释器天正图形看不见, 请下载天正插件|网址: www.tangent.com.cn"
 90
        1
 91
        0
280
     0
281
     1
  0
CLASS
  1
TCH_OPENING
  2
TDbOpening
  3
"TCH_KERNAL|缺乏解释器天正图形看不见, 请下载天正插件|网址: www.tangent.com.cn"
 90
        1
 91
        0
280
     0
281
     1
  0
CLASS
  1
TCH_SPACE
  2
TDbSpace
  3
"TCH_KERNAL|缺乏解释器天正图形看不见, 请下载天正插件|网址: www.tangent.com.cn"
 90
        1
 91
        0
280
     0
281
     1
  0
CLASS
  1
TCH_AXIS_LABEL
  2
TDbAxisLabelSet
  3
"TCH_KERNAL|缺乏解释器天正图形看不见, 请下载天正插件|网址: www.tangent.com.cn"
 90
        1
 91
        0
280
     0
281
     1
  0
CLASS
  1
TCH_ELEVATION
  2
TDbSymbElevation
  3
"TCH_KERNAL|缺乏解释器天正图形看不见, 请下载天正插件|网址: www.tangent.com.cn"
 90
        1
 91
        0
280
     0
281
     1
  0
CLASS
  1
TCH_ARROW
  2
TDbSymbArrow
  3
"TCH_KERNAL|缺乏解释器天正图形看不见, 请下载天正插件|网址: www.tangent.com.cn"
 90
        1
 91
        0
280
     0
281
     1
  0
ENDSEC
  0
SECTION
  2
TABLES
  0
TABLE
  2
VPORT
  5
335
330
0
100
AcDbSymbolTable
 70
     1
  0
VPORT
  5
336
330
335
100
AcDbSymbolTableRecord
100
AcDbViewportTableRecord
  2
*Active
 70
     0
 10
0.0
 20
0.0
 11
1.0
 21
1.0
 12
80107.2
 22
25868.79
 13
0.0
 23
0.0
 14
0.5
 24
0.5
 15
0.5
 25
0.5
 16
0.0
 26
0.0
 36
1.0
 17
6.0
 27
4.5
 37
-6.89
 40
11556.86
 41
2.85
 42
50.0
 43
0.0
 44
0.0
 50
0.0
 51
0.0
 71
     0
 72
  1000
 73
     1
 74
     3
 75
     0
 76
     0
 77
     0
 78
     0
281
     0
 65
     1
110
0.0
120
0.0
130
0.0
111
1.0
121
0.0
131
0.0
112
0.0
122
1.0
132
0.0
 79
     0
146
0.0
348
337
 60
     3
 61
     5
292
     1
282
     1
141
0.0
142
0.0
 63
   250
421
  3355443
1001
ACAD_NAV_VCDISPLAY
1070
     3
  0
ENDTAB
  0
TABLE
  2
LTYPE
  5
330
330
0
100
AcDbSymbolTable
 70
     6
  0
LTYPE
  5
331
330
330
100
AcDbSymbolTableRecord
100
AcDbLinetypeTableRecord
  2
ByBlock
 70
     0
  3

 72
    65
 73
     0
 40
0.0
  0
LTYPE
  5
332
330
330
100
AcDbSymbolTableRecord
100
AcDbLinetypeTableRecord
  2
ByLayer
 70
     0
  3

 72
    65
 73
     0
 40
0.0
  0
LTYPE
  5
E
330
330
100
AcDbSymbolTableRecord
100
AcDbLinetypeTableRecord
  2
Continuous
 70
     0
  3
Solid line
 72
    65
 73
     0
 40
0.0
  0
LTYPE
  5
391
330
330
100
AcDbSymbolTableRecord
100
AcDbLinetypeTableRecord
  2
DASH
 70
     0
  3
__ __ __ __ __ __ __ __ __ __ __ __ __ __ __ __
 72
    65
 73
     2
 40
0.35
 49
0.25
 74
     0
 49
-0.1
 74
     0
  0
LTYPE
  5
392
330
330
100
AcDbSymbolTableRecord
100
AcDbLinetypeTableRecord
  2
DOTE
 70
     0
  3
____ . ____ . ____ . ____ . ____ . ____ . ____ 
 72
    65
 73
     4
 40
2.42
 49
2.0
 74
     0
 49
-0.2
 74
     0
 49
0.02
 74
     0
 49
-0.2
 74
     0
  0
LTYPE
  5
393
330
330
100
AcDbSymbolTableRecord
100
AcDbLinetypeTableRecord
  2
ACAD_ISO05W100
 70
     0
  3
ISO long-dash double-dot ____ .. ____ .. ____ .
 72
    65
 73
     6
 40
34.0
 49
24.0
 74
     0
 49
-3.0
 74
     0
 49
0.5
 74
     0
 49
-3.0
 74
     0
 49
0.5
 74
     0
 49
-3.0
 74
     0
  0
LTYPE
  5
394
330
330
100
AcDbSymbolTableRecord
100
AcDbLinetypeTableRecord
  2
CENTERX2
 70
     0
  3
Center (2x) ________  __  ________  __  _____
 72
    65
 73
     4
 40
4.0
 49
2.5
 74
     0
 49
-0.5
 74
     0
 49
0.5
 74
     0
 49
-0.5
 74
     0
  0
LTYPE
  5
395
330
330
100
AcDbSymbolTableRecord
100
AcDbLinetypeTableRecord
  2
DASHED
 70
     0
  3
Dashed __ __ __ __ __ __ __ __ __ __ __ __ __ _
 72
    65
 73
     2
 40
0.75
 49
0.5
 74
     0
 49
-0.25
 74
     0
  0
ENDTAB
  0
TABLE
  2
LAYER
  5
327
102
{ACAD_XDICTIONARY
360
328
102
}
330
0
100
AcDbSymbolTable
 70
    20
  0
LAYER
  5
6
102
{ACAD_XDICTIONARY
360
7
102
}
330
327
100
AcDbSymbolTableRecord
100
AcDbLayerTableRecord
  2
0
 70
     0
 62
     7
  6
Continuous
370
    -3
390
9
347
C
348
0
1001
_LayerManage
1070
     0
1070
     0
1070
     0
  0
LAYER
  5
23A
330
327
100
AcDbSymbolTableRecord
100
AcDbLayerTableRecord
  2
Defpoints
 70
     0
 62
     7
  6
Continuous
290
     0
370
    -3
390
9
347
C
348
0
1001
_LayerManage
1070
     0
1070
     0
1070
     0
  0
LAYER
  5
11
102
{ACAD_XDICTIONARY
360
12
102
}
330
327
100
AcDbSymbolTableRecord
100
AcDbLayerTableRecord
  2
DOTE
 70
     0
 62
     1
  6
Continuous
370
    -3
390
9
347
C
348
0
1001
AcAecLayerStandard
1000

1000
此图层的直线和弧认为是平面轴线
1001
_LayerManage
1070
     0
1070
     0
1070
     0
  0
LAYER
  5
1F2
102
{ACAD_XDICTIONARY
360
1F3
102
}
330
327
100
AcDbSymbolTableRecord
100
AcDbLayerTableRecord
  2
COLUMN
 70
     0
 62
     9
  6
Continuous
370
    -3
390
9
347
C
348
0
1001
AcAecLayerStandard
1000

1000
存放各种材质构成的柱子对象
1001
_LayerManage
1070
     0
1070
     0
1070
     0
  0
LAYER
  5
2E
102
{ACAD_XDICTIONARY
360
2F
102
}
330
327
100
AcDbSymbolTableRecord
100
AcDbLayerTableRecord
  2
WINDOW
 70
     0
 62
     4
  6
Continuous
370
    -3
390
9
347
C
348
0
1001
AcAecLayerStandard
1000

1000
存放插入的门图块
1001
_LayerManage
1070
     0
1070
     0
1070
     0
  0
LAYER
  5
214
102
{ACAD_XDICTIONARY
360
215
102
}
330
327
100
AcDbSymbolTableRecord
100
AcDbLayerTableRecord
  2
AXIS
 70
     0
 62
     3
  6
Continuous
370
    -3
390
9
347
C
348
0
1001
AcAecLayerStandard
1000

1000
存放轴号对象
1001
_LayerManage
1070
     0
1070
     0
1070
     0
  0
LAYER
  5
1A
102
{ACAD_XDICTIONARY
360
1B
102
}
330
327
100
AcDbSymbolTableRecord
100
AcDbLayerTableRecord
  2
WALL
 70
     0
 62
     9
  6
Continuous
370
    -3
390
9
347
C
348
0
1001
AcAecLayerStandard
1000

1000
存放各种材质的墙对象
  0
LAYER
  5
2A
102
{ACAD_XDICTIONARY
360
2B
102
}
330
327
100
AcDbSymbolTableRecord
100
AcDbLayerTableRecord
  2
SURFACE
 70
     0
 62
     6
  6
Continuous
370
    -3
390
9
347
C
348
0
1001
AcAecLayerStandard
1000

1000
粉刷层、保温层、详图饰面层
1001
_LayerManage
1070
     0
1070
     0
1070
     0
  0
LAYER
  5
205
102
{ACAD_XDICTIONARY
360
206
102
}
330
327
100
AcDbSymbolTableRecord
100
AcDbLayerTableRecord
  2
SPACE
 70
     0
 62
     7
  6
Continuous
370
    -3
390
9
347
C
348
0
1001
AcAecLayerStandard
1000

1000
房间名称、编号
1001
_LayerManage
1070
     0
1070
     0
1070
     0
  0
LAYER
  5
209
102
{ACAD_XDICTIONARY
360
20A
102
}
330
327
100
AcDbSymbolTableRecord
100
AcDbLayerTableRecord
  2
SPACE_HATCH
 70
     0
 62
     8
  6
Continuous
370
    -3
390
9
347
C
348
0
1001
AcAecLayerStandard
1000

1000
房间面积填充图案
1001
_LayerManage
1070
     0
1070
     0
1070
     0
  0
LAYER
  5
218
102
{ACAD_XDICTIONARY
360
219
102
}
330
327
100
AcDbSymbolTableRecord
100
AcDbLayerTableRecord
  2
AXIS_TEXT
 70
     0
 62
     7
  6
Continuous
370
    -3
390
9
347
C
348
0
1001
AcAecLayerStandard
1000

1000
轴号对象的轴号文字
1001
_LayerManage
1070
     0
1070
     0
1070
     0
  0
LAYER
  5
21F
102
{ACAD_XDICTIONARY
360
220
102
}
330
327
100
AcDbSymbolTableRecord
100
AcDbLayerTableRecord
  2
DIM_ELEV
 70
     0
 62
     3
  6
Continuous
370
    -3
390
9
347
C
348
0
1001
AcAecLayerStandard
1000

1000
标高标注
1001
_LayerManage
1070
     0
1070
     0
1070
     0
  0
LAYER
  5
228
102
{ACAD_XDICTIONARY
360
229
102
}
330
327
100
AcDbSymbolTableRecord
100
AcDbLayerTableRecord
  2
DIM_SYMB
 70
     0
 62
     3
  6
Continuous
370
    -3
390
9
347
C
348
0
1001
AcAecLayerStandard
1000

1000
箭头引注
1001
_LayerManage
1070
     0
1070
     0
1070
     0
  0
LAYER
  5
223
102
{ACAD_XDICTIONARY
360
224
102
}
330
327
100
AcDbSymbolTableRecord
100
AcDbLayerTableRecord
  2
PUB_TEXT
 70
     0
 62
     7
  6
Continuous
370
    -3
390
9
347
C
348
0
1001
AcAecLayerStandard
1000

1000
各种说明文字
1001
_LayerManage
1070
     0
1070
     0
1070
     0
  0
LAYER
  5
27
102
{ACAD_XDICTIONARY
360
28
102
}
330
327
100
AcDbSymbolTableRecord
100
AcDbLayerTableRecord
  2
PUB_HATCH
 70
     0
 62
     8
  6
Continuous
370
    -3
390
9
347
C
348
0
1001
AcAecLayerStandard
1000

1000
填充图案
1001
_LayerManage
1070
     0
1070
     0
1070
     0
  0
LAYER
  5
71
102
{ACAD_XDICTIONARY
360
72
102
}
330
327
100
AcDbSymbolTableRecord
100
AcDbLayerTableRecord
  2
WINDOW_TEXT
 70
     0
 62
     7
  6
Continuous
370
    -3
390
9
347
C
348
0
1001
AcAecLayerStandard
1000

1000
门窗编号
1001
_LayerManage
1070
     0
1070
     0
1070
     0
  0
LAYER
  5
3D
102
{ACAD_XDICTIONARY
360
3E
102
}
330
327
100
AcDbSymbolTableRecord
100
AcDbLayerTableRecord
  2
3T_BAR
 70
     0
 62
     7
  6
Continuous
370
    -3
390
9
347
C
348
0
1001
_LayerManage
1070
     0
1070
     0
1070
     0
  0
LAYER
  5
4C
102
{ACAD_XDICTIONARY
360
4D
102
}
330
327
100
AcDbSymbolTableRecord
100
AcDbLayerTableRecord
  2
3T_GLASS
 70
     0
 62
     5
  6
Continuous
370
    -3
390
9
347
C
348
0
1001
_LayerManage
1070
     0
1070
     0
1070
     0
  0
LAYER
  5
8B
102
{ACAD_XDICTIONARY
360
8C
102
}
330
327
100
AcDbSymbolTableRecord
100
AcDbLayerTableRecord
  2
3T_WOOD
 70
     0
 62
    21
  6
Continuous
370
    -3
390
9
347
C
348
0
1001
_LayerManage
1070
     0
1070
     0
1070
     0
  0
LAYER
  5
397
330
327
100
AcDbSymbolTableRecord
100
AcDbLayerTableRecord
  2
PUB_WALL
 70
     0
 62
     9
  6
Continuous
370
    -3
390
9
347
C
348
0
  0
ENDTAB
  0
TABLE
  2
STYLE
  5
32D
330
0
100
AcDbSymbolTable
 70
    11
  0
STYLE
  5
32E
330
32D
100
AcDbSymbolTableRecord
100
AcDbTextStyleTableRecord
  2
Standard
 70
     0
 40
0.0
 41
1.0
 50
0.0
 71
     0
 42
350.0
  3
gbenor.shx
  4
gbcbig.shx
  0
STYLE
  5
222
330
32D
100
AcDbSymbolTableRecord
100
AcDbTextStyleTableRecord
  2
_TCH_DIM
 70
     0
 40
0.0
 41
1.0
 50
0.0
 71
     0
 42
350.0
  3
SIMPLEX
  4
GBCBIG
1001
_TCH
1040
0.85
1040
0.6
1070
     7
  0
STYLE
  5
70
330
32D
100
AcDbSymbolTableRecord
100
AcDbTextStyleTableRecord
  2
_TCH_WINDOW
 70
     0
 40
0.0
 41
1.0
 50
0.0
 71
     0
 42
350.0
  3
SIMPLEX
  4
GBCBIG
1001
_TCH
1040
0.85
1040
0.6
1070
     7
  0
STYLE
  5
208
330
32D
100
AcDbSymbolTableRecord
100
AcDbTextStyleTableRecord
  2
_TCH_SPACE
 70
     0
 40
0.0
 41
1.0
 50
0.0
 71
     0
 42
350.0
  3
SIMPLEX
  4
GBCBIG
1001
_TCH
1040
0.85
1040
0.6
1070
     7
  0
STYLE
  5
217
330
32D
100
AcDbSymbolTableRecord
100
AcDbTextStyleTableRecord
  2
_TCH_AXIS
 70
     0
 40
0.0
 41
1.0
 50
0.0
 71
     0
 42
350.0
  3
COMPLEX
  4
GBCBIG
1001
_TCH
1040
0.85
1040
0.6
1070
     7
  0
STYLE
  5
238
330
32D
100
AcDbSymbolTableRecord
100
AcDbTextStyleTableRecord
  2
_TCH_DIM_T3
 70
     0
 40
0.0
 41
0.71
 50
0.0
 71
     0
 42
350.0
  3
SIMPLEX
  4
GBCBIG
1001
_TCH
1040
0.85
1040
0.6
1070
     7
  0
STYLE
  5
383
330
32D
100
AcDbSymbolTableRecord
100
AcDbTextStyleTableRecord
  2
COMPLEX
 70
     0
 40
0.0
 41
1.0
 50
0.0
 71
     0
 42
0.6
  3
COMPLEX
  4

1001
AcadAnnotative
1000
AnnotativeData
1002
{
1070
     1
1070
     1
1002
}
  0
STYLE
  5
387
330
32D
100
AcDbSymbolTableRecord
100
AcDbTextStyleTableRecord
  2
ASHADE
 70
     0
 40
0.2
 41
1.0
 50
0.0
 71
     0
 42
0.2
  3
txt.shx
  4
chineset.shx
  0
STYLE
  5
389
330
32D
100
AcDbSymbolTableRecord
100
AcDbTextStyleTableRecord
  2
_TCH_LABEL
 70
     0
 40
0.0
 41
1.0
 50
0.0
 71
     0
 42
350.0
  3
COMPLEX
  4
GBCBIG
1001
_TCH
1040
0.85
1040
0.6
1070
     7
  0
STYLE
  5
38B
330
32D
100
AcDbSymbolTableRecord
100
AcDbTextStyleTableRecord
  2
_TCH_DYN
 70
     0
 40
0.0
 41
1.0
 50
0.0
 71
     0
 42
350.0
  3

  4

1001
ACAD
1000
SimSun
1071
        0
  0
STYLE
  5
38E
330
32D
100
AcDbSymbolTableRecord
100
AcDbTextStyleTableRecord
  2
DIM_FONT
 70
     0
 40
0.0
 41
0.7
 50
0.0
 71
     0
 42
350.0
  3
SIMPLEX
  4
GBCBIG
1001
_TCH
1040
0.85
1040
0.6
1070
     7
  0
ENDTAB
  0
TABLE
  2
VIEW
  5
333
330
0
100
AcDbSymbolTable
 70
     1
  0
ENDTAB
  0
TABLE
  2
UCS
  5
334
330
0
100
AcDbSymbolTable
 70
     0
  0
ENDTAB
  0
TABLE
  2
APPID
  5
33A
330
0
100
AcDbSymbolTable
 70
    10
  0
APPID
  5
32C
330
33A
100
AcDbSymbolTableRecord
100
AcDbRegAppTableRecord
  2
ACAD
 70
     0
  0
APPID
  5
6F
330
33A
100
AcDbSymbolTableRecord
100
AcDbRegAppTableRecord
  2
_TCH
 70
     0
  0
APPID
  5
14
330
33A
100
AcDbSymbolTableRecord
100
AcDbRegAppTableRecord
  2
AcAecLayerStandard
 70
     0
  0
APPID
  5
339
330
33A
100
AcDbSymbolTableRecord
100
AcDbRegAppTableRecord
  2
ACAD_NAV_VCDISPLAY
 70
     0
  0
APPID
  5
F
330
33A
100
AcDbSymbolTableRecord
100
AcDbRegAppTableRecord
  2
_LayerManage
 70
     0
  0
APPID
  5
384
330
33A
100
AcDbSymbolTableRecord
100
AcDbRegAppTableRecord
  2
AcadAnnotative
 70
     0
  0
APPID
  5
398
330
33A
100
AcDbSymbolTableRecord
100
AcDbRegAppTableRecord
  2
WTHICK
 70
     0
  0
APPID
  5
3FB
330
33A
100
AcDbSymbolTableRecord
100
AcDbRegAppTableRecord
  2
_TCH_MASK
 70
     0
  0
APPID
  5
4D2
330
33A
100
AcDbSymbolTableRecord
100
AcDbRegAppTableRecord
  2
ACAD_DSTYLE_DIMEXT_LENGTH
 70
     0
  0
APPID
  5
50C
330
33A
100
AcDbSymbolTableRecord
100
AcDbRegAppTableRecord
  2
ACAD_MLEADERVER
 70
     0
  0
ENDTAB
  0
TABLE
  2
DIMSTYLE
  5
33B
330
0
100
AcDbSymbolTable
 70
     2
100
AcDbDimStyleTable
 71
     2
340
23E
340
33C
  0
DIMSTYLE
105
33C
330
33B
100
AcDbSymbolTableRecord
100
AcDbDimStyleTableRecord
  2
STANDARD
 70
     0
 40
100.0
 41
1.0
 42
3.0
 43
0.0
 44
2.5
 73
     0
 74
     0
 77
     1
140
3.5
147
1.5
172
     1
174
     1
271
     0
272
     0
279
     2
340
32E
342
232
  0
DIMSTYLE
105
23E
102
{ACAD_REACTORS
330
22B
330
23F
330
24C
330
259
330
266
330
273
330
280
330
28D
330
29A
330
2A7
330
2B4
330
2C1
330
2CE
330
2DB
330
2E8
330
2F5
330
302
330
30F
102
}
330
33B
100
AcDbSymbolTableRecord
100
AcDbDimStyleTableRecord
  2
_TCH_ARCH&&100
 70
     0
 41
100.0
 42
300.0
 43
0.0
 44
250.0
 49
100.0
 73
     0
 74
     0
 77
     1
 79
     2
140
297.5
147
126.25
172
     1
174
     1
178
     7
179
     2
271
     0
272
     0
279
     2
340
238
342
232
  0
ENDTAB
  0
TABLE
  2
BLOCK_RECORD
  5
1
330
0
100
AcDbSymbolTable
 70
    30
  0
BLOCK_RECORD
  5
2
102
{ACAD_XDICTIONARY
360
3
102
}
330
1
100
AcDbSymbolTableRecord
100
AcDbBlockTableRecord
  2
*Model_Space
340
31D
 70
     0
280
     1
281
     0
  0
BLOCK_RECORD
  5
31F
330
1
100
AcDbSymbolTableRecord
100
AcDbBlockTableRecord
  2
*Paper_Space
340
322
 70
     0
280
     1
281
     0
  0
BLOCK_RECORD
  5
323
330
1
100
AcDbSymbolTableRecord
100
AcDbBlockTableRecord
  2
*Paper_Space0
340
326
 70
     0
280
     1
281
     0
  0
BLOCK_RECORD
  5
232
330
1
100
AcDbSymbolTableRecord
100
AcDbBlockTableRecord
  2
_ArchTick
340
0
102
{BLKREFS
331
2EE
331
2EF
331
2FB
331
2FC
331
308
331
309
331
315
331
316
331
279
331
27A
331
286
331
287
331
293
331
294
331
2A0
331
2A1
331
2AD
331
2AE
331
2BA
331
2BB
331
2C7
331
2C8
331
2D4
331
2D5
331
2E1
331
2E2
331
231
331
236
331
245
331
246
331
252
331
253
331
25F
331
260
331
26C
331
26D
102
}
 70
     0
280
     1
281
     0
  0
BLOCK_RECORD
  5
1D
102
{ACAD_XDICTIONARY
360
1E
102
}
330
1
100
AcDbSymbolTableRecord
100
AcDbBlockTableRecord
  2
$LinePat$保温层
340
0
 70
     0
280
     1
281
     0
  0
BLOCK_RECORD
  5
88
330
1
100
AcDbSymbolTableRecord
100
AcDbBlockTableRecord
  2
$TCHSYS$DOOR3D
340
0
 70
     0
280
     1
281
     0
1001
_TCH
1040
900.0
1040
2100.0
  0
BLOCK_RECORD
  5
F0
102
{ACAD_XDICTIONARY
360
F1
102
}
330
1
100
AcDbSymbolTableRecord
100
AcDbBlockTableRecord
  2
$DorLib2D$00000225
340
0
102
{BLKREFS
331
42F
102
}
 70
     0
280
     1
281
     0
1001
_TCH
1040
0.0
  0
BLOCK_RECORD
  5
7F
102
{ACAD_XDICTIONARY
360
80
102
}
330
1
100
AcDbSymbolTableRecord
100
AcDbBlockTableRecord
  2
$DorLib2D$00000001
340
0
102
{BLKREFS
331
450
331
432
331
435
331
438
331
44D
102
}
 70
     0
280
     1
281
     0
  0
BLOCK_RECORD
  5
31
330
1
100
AcDbSymbolTableRecord
100
AcDbBlockTableRecord
  2
$TCHSYS$WIN2D
340
0
102
{BLKREFS
331
456
331
459
331
45C
331
45F
331
462
331
4B4
102
}
 70
     0
280
     1
281
     0
  0
BLOCK_RECORD
  5
3A
330
1
100
AcDbSymbolTableRecord
100
AcDbBlockTableRecord
  2
$TCHSYS$WIN3D
340
0
 70
     0
280
     1
281
     0
1001
_TCH
1040
1200.0
1040
1800.0
  0
BLOCK_RECORD
  5
10F
330
1
100
AcDbSymbolTableRecord
100
AcDbBlockTableRecord
  2
$TCHSYS$WDOOR3D
340
0
 70
     0
280
     1
281
     0
1001
_TCH
1040
900.0
1040
2100.0
  0
BLOCK_RECORD
  5
13E
330
1
100
AcDbSymbolTableRecord
100
AcDbBlockTableRecord
  2
$TCHSYS$DWIN3D
340
0
 70
     0
280
     1
281
     0
1001
_TCH
1040
1500.0
1040
1800.0
  0
BLOCK_RECORD
  5
22C
330
1
100
AcDbSymbolTableRecord
100
AcDbBlockTableRecord
  2
*D10
340
0
 70
     0
280
     1
281
     0
  0
BLOCK_RECORD
  5
240
330
1
100
AcDbSymbolTableRecord
100
AcDbBlockTableRecord
  2
*D11
340
0
 70
     0
280
     1
281
     0
  0
BLOCK_RECORD
  5
24D
330
1
100
AcDbSymbolTableRecord
100
AcDbBlockTableRecord
  2
*D12
340
0
 70
     0
280
     1
281
     0
  0
BLOCK_RECORD
  5
25A
330
1
100
AcDbSymbolTableRecord
100
AcDbBlockTableRecord
  2
*D13
340
0
 70
     0
280
     1
281
     0
  0
BLOCK_RECORD
  5
267
330
1
100
AcDbSymbolTableRecord
100
AcDbBlockTableRecord
  2
*D14
340
0
 70
     0
280
     1
281
     0
  0
BLOCK_RECORD
  5
274
330
1
100
AcDbSymbolTableRecord
100
AcDbBlockTableRecord
  2
*D15
340
0
 70
     0
280
     1
281
     0
  0
BLOCK_RECORD
  5
281
330
1
100
AcDbSymbolTableRecord
100
AcDbBlockTableRecord
  2
*D16
340
0
 70
     0
280
     1
281
     0
  0
BLOCK_RECORD
  5
28E
330
1
100
AcDbSymbolTableRecord
100
AcDbBlockTableRecord
  2
*D17
340
0
 70
     0
280
     1
281
     0
  0
BLOCK_RECORD
  5
29B
330
1
100
AcDbSymbolTableRecord
100
AcDbBlockTableRecord
  2
*D18
340
0
 70
     0
280
     1
281
     0
  0
BLOCK_RECORD
  5
2A8
330
1
100
AcDbSymbolTableRecord
100
AcDbBlockTableRecord
  2
*D19
340
0
 70
     0
280
     1
281
     0
  0
BLOCK_RECORD
  5
2B5
330
1
100
AcDbSymbolTableRecord
100
AcDbBlockTableRecord
  2
*D20
340
0
 70
     0
280
     1
281
     0
  0
BLOCK_RECORD
  5
2C2
330
1
100
AcDbSymbolTableRecord
100
AcDbBlockTableRecord
  2
*D21
340
0
 70
     0
280
     1
281
     0
  0
BLOCK_RECORD
  5
2CF
330
1
100
AcDbSymbolTableRecord
100
AcDbBlockTableRecord
  2
*D22
340
0
 70
     0
280
     1
281
     0
  0
BLOCK_RECORD
  5
2DC
330
1
100
AcDbSymbolTableRecord
100
AcDbBlockTableRecord
  2
*D23
340
0
 70
     0
280
     1
281
     0
  0
BLOCK_RECORD
  5
2E9
330
1
100
AcDbSymbolTableRecord
100
AcDbBlockTableRecord
  2
*D24
340
0
 70
     0
280
     1
281
     0
  0
BLOCK_RECORD
  5
2F6
330
1
100
AcDbSymbolTableRecord
100
AcDbBlockTableRecord
  2
*D25
340
0
 70
     0
280
     1
281
     0
  0
BLOCK_RECORD
  5
303
330
1
100
AcDbSymbolTableRecord
100
AcDbBlockTableRecord
  2
*D26
340
0
 70
     0
280
     1
281
     0
  0
BLOCK_RECORD
  5
310
330
1
100
AcDbSymbolTableRecord
100
AcDbBlockTableRecord
  2
*D27
340
0
 70
     0
280
     1
281
     0
  0
BLOCK_RECORD
  5
37F
330
1
100
AcDbSymbolTableRecord
100
AcDbBlockTableRecord
  2
_AXISO
340
0
102
{BLKREFS
331
46D
331
471
331
475
331
479
331
47D
331
481
331
485
331
489
331
48D
331
491
331
495
331
499
331
49D
331
4A1
331
4A5
331
4A9
331
4AD
331
4B1
102
}
 70
     0
280
     1
281
     0
  0
BLOCK_RECORD
  5
417
102
{ACAD_XDICTIONARY
360
41A
102
}
330
1
100
AcDbSymbolTableRecord
100
AcDbBlockTableRecord
  2
_FZH
340
0
102
{BLKREFS
331
41D
331
41E
331
41F
331
420
331
421
331
422
331
423
331
424
331
425
331
426
331
427
331
428
331
429
331
42C
102
}
 70
     0
280
     1
281
     0
  0
ENDTAB
  0
ENDSEC
  0
SECTION
  2
BLOCKS
  0
BLOCK
  5
5
330
2
100
AcDbEntity
  8
0
100
AcDbBlockBegin
  2
*Model_Space
 70
     0
 10
0.0
 20
0.0
 30
0.0
  3
*Model_Space
  1

  0
ENDBLK
  5
31C
330
2
100
AcDbEntity
  8
0
100
AcDbBlockEnd
  0
BLOCK
  5
320
330
31F
100
AcDbEntity
 67
     1
  8
0
100
AcDbBlockBegin
  2
*Paper_Space
 70
     0
 10
0.0
 20
0.0
 30
0.0
  3
*Paper_Space
  1

  0
ENDBLK
  5
321
330
31F
100
AcDbEntity
 67
     1
  8
0
100
AcDbBlockEnd
  0
BLOCK
  5
324
330
323
100
AcDbEntity
 67
     1
  8
0
100
AcDbBlockBegin
  2
*Paper_Space0
 70
     0
 10
0.0
 20
0.0
 30
0.0
  3
*Paper_Space0
  1

  0
ENDBLK
  5
325
330
323
100
AcDbEntity
 67
     1
  8
0
100
AcDbBlockEnd
  0
BLOCK
  5
233
330
232
100
AcDbEntity
  8
0
100
AcDbBlockBegin
  2
_ArchTick
 70
     0
 10
0.0
 20
0.0
 30
0.0
  3
_ArchTick
  1

  0
LWPOLYLINE
  5
234
330
232
100
AcDbEntity
  8
0
  6
ByBlock
 62
     0
100
AcDbPolyline
 90
        2
 70
     0
 43
0.4
 10
-0.5
 20
-0.5
 10
0.5
 20
0.5
  0
ENDBLK
  5
235
330
232
100
AcDbEntity
  8
0
100
AcDbBlockEnd
  0
BLOCK
  5
20
330
1D
100
AcDbEntity
  8
0
100
AcDbBlockBegin
  2
$LinePat$保温层
 70
     0
 10
0.0
 20
0.0
 30
0.0
  3
$LinePat$保温层
  1

  0
LINE
  5
21
330
1D
100
AcDbEntity
  8
0
 62
     0
100
AcDbLine
 10
24.0
 20
-24.0
 30
0.0
 11
24.0
 21
-56.0
 31
0.0
  0
LINE
  5
22
330
1D
100
AcDbEntity
  8
0
 62
     0
100
AcDbLine
 10
72.0
 20
-56.0
 30
0.0
 11
72.0
 21
-24.0
 31
0.0
  0
ARC
  5
23
330
1D
100
AcDbEntity
  8
0
 62
     0
100
AcDbCircle
 10
0.0
 20
-24.0
 30
0.0
 40
23.99999999999855
100
AcDbArc
 50
0.0
 51
90.0
  0
ARC
  5
24
330
1D
100
AcDbEntity
  8
0
 62
     0
100
AcDbCircle
 10
96.0
 20
-24.0
 30
0.0
 40
24.00000000000037
100
AcDbArc
 50
90.0
 51
180.0
  0
ARC
  5
25
330
1D
100
AcDbEntity
  8
0
 62
     0
100
AcDbCircle
 10
48.0
 20
-56.0
 30
0.0
 40
24.00000000000037
100
AcDbArc
 50
180.0
 51
0.0
  0
ENDBLK
  5
26
330
1D
100
AcDbEntity
  8
0
100
AcDbBlockEnd
  0
BLOCK
  5
89
330
88
100
AcDbEntity
  8
0
100
AcDbBlockBegin
  2
$TCHSYS$DOOR3D
 70
     0
 10
0.0
 20
0.0
 30
0.0
  3
$TCHSYS$DOOR3D
  1

  0
3DFACE
  5
8A
330
88
100
AcDbEntity
  8
3T_WOOD
100
AcDbFace
 10
409.41
 20
-10.0
 30
2055.56
 11
-411.02
 21
-10.0
 31
2055.56
 12
-411.02
 22
-10.0
 32
1.21
 13
409.41
 23
-10.0
 33
1.21
  0
3DFACE
  5
8E
330
88
100
AcDbEntity
  8
3T_WOOD
100
AcDbFace
 10
-450.0
 20
50.0
 30
2100.0
 11
409.09
 21
50.0
 31
2055.58
 12
-409.09
 22
50.0
 32
2055.58
 13
-409.09
 23
50.0
 33
2055.58
 70
    13
  0
3DFACE
  5
8F
330
88
100
AcDbEntity
  8
3T_WOOD
100
AcDbFace
 10
409.09
 20
50.0
 30
2055.58
 11
-450.0
 21
50.0
 31
2100.0
 12
450.0
 22
50.0
 32
2100.0
 13
450.0
 23
50.0
 33
2100.0
 70
    13
  0
3DFACE
  5
90
330
88
100
AcDbEntity
  8
3T_WOOD
100
AcDbFace
 10
-450.0
 20
-50.0
 30
2100.0
 11
-409.09
 21
-50.0
 31
2055.58
 12
409.09
 22
-50.0
 32
2055.58
 13
409.09
 23
-50.0
 33
2055.58
 70
    13
  0
3DFACE
  5
91
330
88
100
AcDbEntity
  8
3T_WOOD
100
AcDbFace
 10
409.09
 20
-50.0
 30
2055.58
 11
450.0
 21
-50.0
 31
2100.0
 12
-450.0
 22
-50.0
 32
2100.0
 13
-450.0
 23
-50.0
 33
2100.0
 70
    13
  0
3DFACE
  5
92
330
88
100
AcDbEntity
  8
3T_WOOD
100
AcDbFace
 10
-409.09
 20
-50.0
 30
2055.58
 11
-409.09
 21
50.0
 31
2055.58
 12
409.09
 22
50.0
 32
2055.58
 13
409.09
 23
-50.0
 33
2055.58
  0
3DFACE
  5
93
330
88
100
AcDbEntity
  8
3T_WOOD
100
AcDbFace
 10
-450.0
 20
50.0
 30
0.0
 11
-409.09
 21
50.0
 31
2055.58
 12
-409.09
 22
50.0
 32
0.0
 13
-409.09
 23
50.0
 33
0.0
 70
     1
  0
3DFACE
  5
94
330
88
100
AcDbEntity
  8
3T_WOOD
100
AcDbFace
 10
409.09
 20
50.0
 30
2055.58
 11
450.0
 21
50.0
 31
0.0
 12
409.09
 22
50.0
 32
0.0
 13
409.09
 23
50.0
 33
0.0
 70
     1
  0
3DFACE
  5
95
330
88
100
AcDbEntity
  8
3T_WOOD
100
AcDbFace
 10
409.09
 20
50.0
 30
2055.58
 11
450.0
 21
50.0
 31
2100.0
 12
450.0
 22
50.0
 32
0.0
 13
450.0
 23
50.0
 33
0.0
 70
    13
  0
3DFACE
  5
96
330
88
100
AcDbEntity
  8
3T_WOOD
100
AcDbFace
 10
-450.0
 20
50.0
 30
2100.0
 11
-409.09
 21
50.0
 31
2055.58
 12
-450.0
 22
50.0
 32
0.0
 13
-450.0
 23
50.0
 33
0.0
 70
     3
  0
3DFACE
  5
97
330
88
100
AcDbEntity
  8
3T_WOOD
100
AcDbFace
 10
-450.0
 20
-50.0
 30
0.0
 11
-409.09
 21
-50.0
 31
0.0
 12
-409.09
 22
-50.0
 32
2055.58
 13
-409.09
 23
-50.0
 33
2055.58
 70
    12
  0
3DFACE
  5
98
330
88
100
AcDbEntity
  8
3T_WOOD
100
AcDbFace
 10
409.09
 20
-50.0
 30
2055.58
 11
409.09
 21
-50.0
 31
0.0
 12
450.0
 22
-50.0
 32
0.0
 13
450.0
 23
-50.0
 33
0.0
 70
    12
  0
3DFACE
  5
99
330
88
100
AcDbEntity
  8
3T_WOOD
100
AcDbFace
 10
409.09
 20
-50.0
 30
2055.58
 11
450.0
 21
-50.0
 31
0.0
 12
450.0
 22
-50.0
 32
2100.0
 13
450.0
 23
-50.0
 33
2100.0
 70
    13
  0
3DFACE
  5
9A
330
88
100
AcDbEntity
  8
3T_WOOD
100
AcDbFace
 10
-450.0
 20
-50.0
 30
2100.0
 11
-450.0
 21
-50.0
 31
0.0
 12
-409.09
 22
-50.0
 32
2055.58
 13
-409.09
 23
-50.0
 33
2055.58
 70
    14
  0
3DFACE
  5
9B
330
88
100
AcDbEntity
  8
3T_WOOD
100
AcDbFace
 10
450.0
 20
-50.0
 30
0.0
 11
450.0
 21
50.0
 31
0.0
 12
450.0
 22
50.0
 32
2100.0
 13
450.0
 23
50.0
 33
2100.0
 70
    13
  0
3DFACE
  5
9C
330
88
100
AcDbEntity
  8
3T_WOOD
100
AcDbFace
 10
450.0
 20
-50.0
 30
2100.0
 11
450.0
 21
-50.0
 31
0.0
 12
450.0
 22
50.0
 32
2100.0
 13
450.0
 23
50.0
 33
2100.0
 70
    14
  0
3DFACE
  5
9D
330
88
100
AcDbEntity
  8
3T_WOOD
100
AcDbFace
 10
-450.0
 20
-50.0
 30
0.0
 11
-450.0
 21
-50.0
 31
2100.0
 12
-450.0
 22
50.0
 32
2100.0
 13
-450.0
 23
50.0
 33
2100.0
 70
    14
  0
3DFACE
  5
9E
330
88
100
AcDbEntity
  8
3T_WOOD
100
AcDbFace
 10
-450.0
 20
-50.0
 30
0.0
 11
-450.0
 21
50.0
 31
2100.0
 12
-450.0
 22
50.0
 32
0.0
 13
-450.0
 23
50.0
 33
0.0
 70
    13
  0
3DFACE
  5
9F
330
88
100
AcDbEntity
  8
3T_WOOD
100
AcDbFace
 10
409.09
 20
-50.0
 30
0.0
 11
409.09
 21
-50.0
 31
2055.58
 12
409.09
 22
50.0
 32
2055.58
 13
409.09
 23
50.0
 33
0.0
  0
3DFACE
  5
A0
330
88
100
AcDbEntity
  8
3T_WOOD
100
AcDbFace
 10
-409.09
 20
50.0
 30
0.0
 11
-409.09
 21
50.0
 31
2055.58
 12
-409.09
 22
-50.0
 32
2055.58
 13
-409.09
 23
-50.0
 33
0.0
  0
3DFACE
  5
A1
330
88
100
AcDbEntity
  8
3T_BAR
100
AcDbFace
 10
-330.18
 20
80.44
 30
907.28
 11
-341.34
 21
80.44
 31
920.52
 12
-341.34
 22
-63.56
 32
920.52
 13
-330.18
 23
-63.56
 33
907.28
  0
3DFACE
  5
A2
330
88
100
AcDbEntity
  8
3T_BAR
100
AcDbFace
 10
-341.34
 20
80.44
 30
920.52
 11
-352.49
 21
80.44
 31
907.28
 12
-352.49
 22
-63.56
 32
907.28
 13
-341.34
 23
-63.56
 33
920.52
  0
3DFACE
  5
A3
330
88
100
AcDbEntity
  8
3T_BAR
100
AcDbFace
 10
-352.49
 20
80.44
 30
907.28
 11
-341.34
 21
80.44
 31
894.03
 12
-341.34
 22
-63.56
 32
894.03
 13
-352.49
 23
-63.56
 33
907.28
  0
3DFACE
  5
A4
330
88
100
AcDbEntity
  8
3T_BAR
100
AcDbFace
 10
-341.34
 20
80.44
 30
894.03
 11
-330.18
 21
80.44
 31
907.28
 12
-330.18
 22
-63.56
 32
907.28
 13
-341.34
 23
-63.56
 33
894.03
  0
3DFACE
  5
A5
330
88
100
AcDbEntity
  8
3T_BAR
100
AcDbFace
 10
-351.72
 20
-63.56
 30
907.27
 11
-351.72
 21
-87.56
 31
907.27
 12
-350.12
 22
-87.56
 32
913.54
 13
-351.72
 23
-63.56
 33
907.27
 70
     4
  0
3DFACE
  5
A6
330
88
100
AcDbEntity
  8
3T_BAR
100
AcDbFace
 10
-351.72
 20
-63.56
 30
907.27
 11
-350.12
 21
-87.56
 31
913.54
 12
-350.12
 22
-63.56
 32
913.54
 13
-351.72
 23
-63.56
 33
907.27
 70
     3
  0
3DFACE
  5
A7
330
88
100
AcDbEntity
  8
3T_BAR
100
AcDbFace
 10
-350.12
 20
-63.56
 30
913.54
 11
-350.12
 21
-87.56
 31
913.54
 12
-346.14
 22
-87.56
 32
918.08
 13
-350.12
 23
-63.56
 33
913.54
 70
     5
  0
3DFACE
  5
A8
330
88
100
AcDbEntity
  8
3T_BAR
100
AcDbFace
 10
-350.12
 20
-63.56
 30
913.54
 11
-346.14
 21
-87.56
 31
918.08
 12
-346.14
 22
-63.56
 32
918.08
 13
-350.12
 23
-63.56
 33
913.54
 70
     3
  0
3DFACE
  5
A9
330
88
100
AcDbEntity
  8
3T_BAR
100
AcDbFace
 10
-346.14
 20
-87.56
 30
918.08
 11
-340.81
 21
-87.56
 31
919.73
 12
-340.81
 22
-63.56
 32
919.73
 13
-346.14
 23
-87.56
 33
918.08
 70
     6
  0
3DFACE
  5
AA
330
88
100
AcDbEntity
  8
3T_BAR
100
AcDbFace
 10
-346.14
 20
-87.56
 30
918.08
 11
-340.81
 21
-63.56
 31
919.73
 12
-346.14
 22
-63.56
 32
918.08
 13
-346.14
 23
-87.56
 33
918.08
 70
     5
  0
3DFACE
  5
AB
330
88
100
AcDbEntity
  8
3T_BAR
100
AcDbFace
 10
-340.81
 20
-87.56
 30
919.73
 11
-335.47
 21
-87.56
 31
918.08
 12
-335.47
 22
-63.56
 32
918.08
 13
-340.81
 23
-87.56
 33
919.73
 70
     6
  0
3DFACE
  5
AC
330
88
100
AcDbEntity
  8
3T_BAR
100
AcDbFace
 10
-340.81
 20
-87.56
 30
919.73
 11
-335.47
 21
-63.56
 31
918.08
 12
-340.81
 22
-63.56
 32
919.73
 13
-340.81
 23
-87.56
 33
919.73
 70
     5
  0
3DFACE
  5
AD
330
88
100
AcDbEntity
  8
3T_BAR
100
AcDbFace
 10
-335.47
 20
-63.56
 30
918.08
 11
-335.47
 21
-87.56
 31
918.08
 12
-331.49
 22
-87.56
 32
913.54
 13
-335.47
 23
-63.56
 33
918.08
 70
     5
  0
3DFACE
  5
AE
330
88
100
AcDbEntity
  8
3T_BAR
100
AcDbFace
 10
-335.47
 20
-63.56
 30
918.08
 11
-331.49
 21
-87.56
 31
913.54
 12
-331.49
 22
-63.56
 32
913.54
 13
-335.47
 23
-63.56
 33
918.08
 70
     3
  0
3DFACE
  5
AF
330
88
100
AcDbEntity
  8
3T_BAR
100
AcDbFace
 10
-331.49
 20
-63.56
 30
913.54
 11
-331.49
 21
-87.56
 31
913.54
 12
-329.89
 22
-87.56
 32
907.27
 13
-331.49
 23
-63.56
 33
913.54
 70
     5
  0
3DFACE
  5
B0
330
88
100
AcDbEntity
  8
3T_BAR
100
AcDbFace
 10
-331.49
 20
-63.56
 30
913.54
 11
-329.89
 21
-87.56
 31
907.27
 12
-329.89
 22
-63.56
 32
907.27
 13
-331.49
 23
-63.56
 33
913.54
 70
     1
  0
3DFACE
  5
B1
330
88
100
AcDbEntity
  8
3T_BAR
100
AcDbFace
 10
-329.89
 20
-87.56
 30
907.27
 11
-333.71
 21
-87.56
 31
812.63
 12
-333.71
 22
-63.56
 32
812.63
 13
-329.89
 23
-87.56
 33
907.27
 70
     4
  0
3DFACE
  5
B2
330
88
100
AcDbEntity
  8
3T_BAR
100
AcDbFace
 10
-329.89
 20
-87.56
 30
907.27
 11
-333.71
 21
-63.56
 31
812.63
 12
-329.89
 22
-63.56
 32
907.27
 13
-329.89
 23
-87.56
 33
907.27
 70
     1
  0
3DFACE
  5
B3
330
88
100
AcDbEntity
  8
3T_BAR
100
AcDbFace
 10
-333.71
 20
-63.56
 30
812.63
 11
-333.71
 21
-87.56
 31
812.63
 12
-348.45
 22
-87.56
 32
812.63
 13
-333.71
 23
-63.56
 33
812.63
 70
     4
  0
3DFACE
  5
B4
330
88
100
AcDbEntity
  8
3T_BAR
100
AcDbFace
 10
-333.71
 20
-63.56
 30
812.63
 11
-348.45
 21
-87.56
 31
812.63
 12
-348.45
 22
-63.56
 32
812.63
 13
-333.71
 23
-63.56
 33
812.63
 70
     1
  0
3DFACE
  5
B5
330
88
100
AcDbEntity
  8
3T_BAR
100
AcDbFace
 10
-348.45
 20
-63.56
 30
812.63
 11
-348.45
 21
-87.56
 31
812.63
 12
-351.72
 22
-87.56
 32
907.27
 13
-348.45
 23
-63.56
 33
812.63
 70
     4
  0
3DFACE
  5
B6
330
88
100
AcDbEntity
  8
3T_BAR
100
AcDbFace
 10
-348.45
 20
-63.56
 30
812.63
 11
-351.72
 21
-87.56
 31
907.27
 12
-351.72
 22
-63.56
 32
907.27
 13
-348.45
 23
-63.56
 33
812.63
 70
     1
  0
3DFACE
  5
B7
330
88
100
AcDbEntity
  8
3T_BAR
100
AcDbFace
 10
-348.45
 20
-63.56
 30
812.63
 11
-351.72
 21
-63.56
 31
907.27
 12
-346.14
 22
-63.56
 32
918.08
 13
-348.45
 23
-63.56
 33
812.63
 70
     6
  0
3DFACE
  5
B8
330
88
100
AcDbEntity
  8
3T_BAR
100
AcDbFace
 10
-348.45
 20
-63.56
 30
812.63
 11
-346.14
 21
-63.56
 31
918.08
 12
-340.81
 22
-63.56
 32
919.73
 13
-348.45
 23
-63.56
 33
812.63
 70
     5
  0
3DFACE
  5
B9
330
88
100
AcDbEntity
  8
3T_BAR
100
AcDbFace
 10
-348.45
 20
-63.56
 30
812.63
 11
-340.81
 21
-63.56
 31
919.73
 12
-333.71
 22
-63.56
 32
812.63
 13
-348.45
 23
-63.56
 33
812.63
 70
     3
  0
3DFACE
  5
BA
330
88
100
AcDbEntity
  8
3T_BAR
100
AcDbFace
 10
-351.72
 20
-63.56
 30
907.27
 11
-350.12
 21
-63.56
 31
913.54
 12
-346.14
 22
-63.56
 32
918.08
 13
-351.72
 23
-63.56
 33
907.27
 70
     4
  0
3DFACE
  5
BB
330
88
100
AcDbEntity
  8
3T_BAR
100
AcDbFace
 10
-340.81
 20
-63.56
 30
919.73
 11
-335.47
 21
-63.56
 31
918.08
 12
-333.71
 22
-63.56
 32
812.63
 13
-340.81
 23
-63.56
 33
919.73
 70
     6
  0
3DFACE
  5
BC
330
88
100
AcDbEntity
  8
3T_BAR
100
AcDbFace
 10
-335.47
 20
-63.56
 30
918.08
 11
-331.49
 21
-63.56
 31
913.54
 12
-329.89
 22
-63.56
 32
907.27
 13
-335.47
 23
-63.56
 33
918.08
 70
     4
  0
3DFACE
  5
BD
330
88
100
AcDbEntity
  8
3T_BAR
100
AcDbFace
 10
-335.47
 20
-63.56
 30
918.08
 11
-329.89
 21
-63.56
 31
907.27
 12
-333.71
 22
-63.56
 32
812.63
 13
-335.47
 23
-63.56
 33
918.08
 70
     5
  0
3DFACE
  5
BE
330
88
100
AcDbEntity
  8
3T_BAR
100
AcDbFace
 10
-329.89
 20
-87.56
 30
907.27
 11
-331.49
 21
-87.56
 31
913.54
 12
-335.47
 22
-87.56
 32
918.08
 13
-329.89
 23
-87.56
 33
907.27
 70
     4
  0
3DFACE
  5
BF
330
88
100
AcDbEntity
  8
3T_BAR
100
AcDbFace
 10
-329.89
 20
-87.56
 30
907.27
 11
-335.47
 21
-87.56
 31
918.08
 12
-333.71
 22
-87.56
 32
812.63
 13
-329.89
 23
-87.56
 33
907.27
 70
     3
  0
3DFACE
  5
C0
330
88
100
AcDbEntity
  8
3T_BAR
100
AcDbFace
 10
-333.71
 20
-87.56
 30
812.63
 11
-335.47
 21
-87.56
 31
918.08
 12
-340.81
 22
-87.56
 32
919.73
 13
-333.71
 23
-87.56
 33
812.63
 70
     5
  0
3DFACE
  5
C1
330
88
100
AcDbEntity
  8
3T_BAR
100
AcDbFace
 10
-333.71
 20
-87.56
 30
812.63
 11
-340.81
 21
-87.56
 31
919.73
 12
-348.45
 22
-87.56
 32
812.63
 13
-333.71
 23
-87.56
 33
812.63
 70
     3
  0
3DFACE
  5
C2
330
88
100
AcDbEntity
  8
3T_BAR
100
AcDbFace
 10
-340.81
 20
-87.56
 30
919.73
 11
-346.14
 21
-87.56
 31
918.08
 12
-348.45
 22
-87.56
 32
812.63
 13
-340.81
 23
-87.56
 33
919.73
 70
     6
  0
3DFACE
  5
C3
330
88
100
AcDbEntity
  8
3T_BAR
100
AcDbFace
 10
-346.14
 20
-87.56
 30
918.08
 11
-350.12
 21
-87.56
 31
913.54
 12
-351.72
 22
-87.56
 32
907.27
 13
-346.14
 23
-87.56
 33
918.08
 70
     4
  0
3DFACE
  5
C4
330
88
100
AcDbEntity
  8
3T_BAR
100
AcDbFace
 10
-346.14
 20
-87.56
 30
918.08
 11
-351.72
 21
-87.56
 31
907.27
 12
-348.45
 22
-87.56
 32
812.63
 13
-346.14
 23
-87.56
 33
918.08
 70
     5
  0
3DFACE
  5
C5
330
88
100
AcDbEntity
  8
3T_BAR
100
AcDbFace
 10
-351.72
 20
80.44
 30
907.27
 11
-351.72
 21
56.44
 31
907.27
 12
-350.12
 22
56.44
 32
913.54
 13
-351.72
 23
80.44
 33
907.27
 70
     4
  0
3DFACE
  5
C6
330
88
100
AcDbEntity
  8
3T_BAR
100
AcDbFace
 10
-351.72
 20
80.44
 30
907.27
 11
-350.12
 21
56.44
 31
913.54
 12
-350.12
 22
80.44
 32
913.54
 13
-351.72
 23
80.44
 33
907.27
 70
     3
  0
3DFACE
  5
C7
330
88
100
AcDbEntity
  8
3T_BAR
100
AcDbFace
 10
-350.12
 20
80.44
 30
913.54
 11
-350.12
 21
56.44
 31
913.54
 12
-346.14
 22
56.44
 32
918.08
 13
-350.12
 23
80.44
 33
913.54
 70
     5
  0
3DFACE
  5
C8
330
88
100
AcDbEntity
  8
3T_BAR
100
AcDbFace
 10
-350.12
 20
80.44
 30
913.54
 11
-346.14
 21
56.44
 31
918.08
 12
-346.14
 22
80.44
 32
918.08
 13
-350.12
 23
80.44
 33
913.54
 70
     3
  0
3DFACE
  5
C9
330
88
100
AcDbEntity
  8
3T_BAR
100
AcDbFace
 10
-346.14
 20
56.44
 30
918.08
 11
-340.81
 21
56.44
 31
919.73
 12
-340.81
 22
80.44
 32
919.73
 13
-346.14
 23
56.44
 33
918.08
 70
     6
  0
3DFACE
  5
CA
330
88
100
AcDbEntity
  8
3T_BAR
100
AcDbFace
 10
-346.14
 20
56.44
 30
918.08
 11
-340.81
 21
80.44
 31
919.73
 12
-346.14
 22
80.44
 32
918.08
 13
-346.14
 23
56.44
 33
918.08
 70
     5
  0
3DFACE
  5
CB
330
88
100
AcDbEntity
  8
3T_BAR
100
AcDbFace
 10
-340.81
 20
56.44
 30
919.73
 11
-335.47
 21
56.44
 31
918.08
 12
-335.47
 22
80.44
 32
918.08
 13
-340.81
 23
56.44
 33
919.73
 70
     6
  0
3DFACE
  5
CC
330
88
100
AcDbEntity
  8
3T_BAR
100
AcDbFace
 10
-340.81
 20
56.44
 30
919.73
 11
-335.47
 21
80.44
 31
918.08
 12
-340.81
 22
80.44
 32
919.73
 13
-340.81
 23
56.44
 33
919.73
 70
     5
  0
3DFACE
  5
CD
330
88
100
AcDbEntity
  8
3T_BAR
100
AcDbFace
 10
-335.47
 20
80.44
 30
918.08
 11
-335.47
 21
56.44
 31
918.08
 12
-331.49
 22
56.44
 32
913.54
 13
-335.47
 23
80.44
 33
918.08
 70
     5
  0
3DFACE
  5
CE
330
88
100
AcDbEntity
  8
3T_BAR
100
AcDbFace
 10
-335.47
 20
80.44
 30
918.08
 11
-331.49
 21
56.44
 31
913.54
 12
-331.49
 22
80.44
 32
913.54
 13
-335.47
 23
80.44
 33
918.08
 70
     3
  0
3DFACE
  5
CF
330
88
100
AcDbEntity
  8
3T_BAR
100
AcDbFace
 10
-331.49
 20
80.44
 30
913.54
 11
-331.49
 21
56.44
 31
913.54
 12
-329.89
 22
56.44
 32
907.27
 13
-331.49
 23
80.44
 33
913.54
 70
     5
  0
3DFACE
  5
D0
330
88
100
AcDbEntity
  8
3T_BAR
100
AcDbFace
 10
-331.49
 20
80.44
 30
913.54
 11
-329.89
 21
56.44
 31
907.27
 12
-329.89
 22
80.44
 32
907.27
 13
-331.49
 23
80.44
 33
913.54
 70
     1
  0
3DFACE
  5
D1
330
88
100
AcDbEntity
  8
3T_BAR
100
AcDbFace
 10
-329.89
 20
56.44
 30
907.27
 11
-333.71
 21
56.44
 31
812.63
 12
-333.71
 22
80.44
 32
812.63
 13
-329.89
 23
56.44
 33
907.27
 70
     4
  0
3DFACE
  5
D2
330
88
100
AcDbEntity
  8
3T_BAR
100
AcDbFace
 10
-329.89
 20
56.44
 30
907.27
 11
-333.71
 21
80.44
 31
812.63
 12
-329.89
 22
80.44
 32
907.27
 13
-329.89
 23
56.44
 33
907.27
 70
     1
  0
3DFACE
  5
D3
330
88
100
AcDbEntity
  8
3T_BAR
100
AcDbFace
 10
-333.71
 20
80.44
 30
812.63
 11
-333.71
 21
56.44
 31
812.63
 12
-348.45
 22
56.44
 32
812.63
 13
-333.71
 23
80.44
 33
812.63
 70
     4
  0
3DFACE
  5
D4
330
88
100
AcDbEntity
  8
3T_BAR
100
AcDbFace
 10
-333.71
 20
80.44
 30
812.63
 11
-348.45
 21
56.44
 31
812.63
 12
-348.45
 22
80.44
 32
812.63
 13
-333.71
 23
80.44
 33
812.63
 70
     1
  0
3DFACE
  5
D5
330
88
100
AcDbEntity
  8
3T_BAR
100
AcDbFace
 10
-348.45
 20
80.44
 30
812.63
 11
-348.45
 21
56.44
 31
812.63
 12
-351.72
 22
56.44
 32
907.27
 13
-348.45
 23
80.44
 33
812.63
 70
     4
  0
3DFACE
  5
D6
330
88
100
AcDbEntity
  8
3T_BAR
100
AcDbFace
 10
-348.45
 20
80.44
 30
812.63
 11
-351.72
 21
56.44
 31
907.27
 12
-351.72
 22
80.44
 32
907.27
 13
-348.45
 23
80.44
 33
812.63
 70
     1
  0
3DFACE
  5
D7
330
88
100
AcDbEntity
  8
3T_BAR
100
AcDbFace
 10
-348.45
 20
80.44
 30
812.63
 11
-351.72
 21
80.44
 31
907.27
 12
-346.14
 22
80.44
 32
918.08
 13
-348.45
 23
80.44
 33
812.63
 70
     6
  0
3DFACE
  5
D8
330
88
100
AcDbEntity
  8
3T_BAR
100
AcDbFace
 10
-348.45
 20
80.44
 30
812.63
 11
-346.14
 21
80.44
 31
918.08
 12
-340.81
 22
80.44
 32
919.73
 13
-348.45
 23
80.44
 33
812.63
 70
     5
  0
3DFACE
  5
D9
330
88
100
AcDbEntity
  8
3T_BAR
100
AcDbFace
 10
-348.45
 20
80.44
 30
812.63
 11
-340.81
 21
80.44
 31
919.73
 12
-333.71
 22
80.44
 32
812.63
 13
-348.45
 23
80.44
 33
812.63
 70
     3
  0
3DFACE
  5
DA
330
88
100
AcDbEntity
  8
3T_BAR
100
AcDbFace
 10
-351.72
 20
80.44
 30
907.27
 11
-350.12
 21
80.44
 31
913.54
 12
-346.14
 22
80.44
 32
918.08
 13
-351.72
 23
80.44
 33
907.27
 70
     4
  0
3DFACE
  5
DB
330
88
100
AcDbEntity
  8
3T_BAR
100
AcDbFace
 10
-340.81
 20
80.44
 30
919.73
 11
-335.47
 21
80.44
 31
918.08
 12
-333.71
 22
80.44
 32
812.63
 13
-340.81
 23
80.44
 33
919.73
 70
     6
  0
3DFACE
  5
DC
330
88
100
AcDbEntity
  8
3T_BAR
100
AcDbFace
 10
-335.47
 20
80.44
 30
918.08
 11
-331.49
 21
80.44
 31
913.54
 12
-329.89
 22
80.44
 32
907.27
 13
-335.47
 23
80.44
 33
918.08
 70
     4
  0
3DFACE
  5
DD
330
88
100
AcDbEntity
  8
3T_BAR
100
AcDbFace
 10
-335.47
 20
80.44
 30
918.08
 11
-329.89
 21
80.44
 31
907.27
 12
-333.71
 22
80.44
 32
812.63
 13
-335.47
 23
80.44
 33
918.08
 70
     5
  0
3DFACE
  5
DE
330
88
100
AcDbEntity
  8
3T_BAR
100
AcDbFace
 10
-329.89
 20
56.44
 30
907.27
 11
-331.49
 21
56.44
 31
913.54
 12
-335.47
 22
56.44
 32
918.08
 13
-329.89
 23
56.44
 33
907.27
 70
     4
  0
3DFACE
  5
DF
330
88
100
AcDbEntity
  8
3T_BAR
100
AcDbFace
 10
-329.89
 20
56.44
 30
907.27
 11
-335.47
 21
56.44
 31
918.08
 12
-333.71
 22
56.44
 32
812.63
 13
-329.89
 23
56.44
 33
907.27
 70
     3
  0
3DFACE
  5
E0
330
88
100
AcDbEntity
  8
3T_BAR
100
AcDbFace
 10
-333.71
 20
56.44
 30
812.63
 11
-335.47
 21
56.44
 31
918.08
 12
-340.81
 22
56.44
 32
919.73
 13
-333.71
 23
56.44
 33
812.63
 70
     5
  0
3DFACE
  5
E1
330
88
100
AcDbEntity
  8
3T_BAR
100
AcDbFace
 10
-333.71
 20
56.44
 30
812.63
 11
-340.81
 21
56.44
 31
919.73
 12
-348.45
 22
56.44
 32
812.63
 13
-333.71
 23
56.44
 33
812.63
 70
     3
  0
3DFACE
  5
E2
330
88
100
AcDbEntity
  8
3T_BAR
100
AcDbFace
 10
-340.81
 20
56.44
 30
919.73
 11
-346.14
 21
56.44
 31
918.08
 12
-348.45
 22
56.44
 32
812.63
 13
-340.81
 23
56.44
 33
919.73
 70
     6
  0
3DFACE
  5
E3
330
88
100
AcDbEntity
  8
3T_BAR
100
AcDbFace
 10
-346.14
 20
56.44
 30
918.08
 11
-350.12
 21
56.44
 31
913.54
 12
-351.72
 22
56.44
 32
907.27
 13
-346.14
 23
56.44
 33
918.08
 70
     4
  0
3DFACE
  5
E4
330
88
100
AcDbEntity
  8
3T_BAR
100
AcDbFace
 10
-346.14
 20
56.44
 30
918.08
 11
-351.72
 21
56.44
 31
907.27
 12
-348.45
 22
56.44
 32
812.63
 13
-346.14
 23
56.44
 33
918.08
 70
     5
  0
3DFACE
  5
E5
330
88
100
AcDbEntity
  8
3T_WOOD
100
AcDbFace
 10
409.41
 20
10.0
 30
2055.56
 11
-411.02
 21
10.0
 31
2055.56
 12
-411.02
 22
10.0
 32
1.21
 13
409.41
 23
10.0
 33
1.21
  0
ENDBLK
  5
E6
330
88
100
AcDbEntity
  8
0
100
AcDbBlockEnd
  0
BLOCK
  5
F3
330
F0
100
AcDbEntity
  8
0
100
AcDbBlockBegin
  2
$DorLib2D$00000225
 70
     0
 10
0.0
 20
0.0
 30
0.0
  3
$DorLib2D$00000225
  1

  0
ARC
  5
F4
330
F0
100
AcDbEntity
  8
0
 62
     0
100
AcDbCircle
 10
0.5
 20
0.0
 30
0.0
 40
0.7546247204382253
100
AcDbArc
 50
92.25
 51
179.72
  0
ARC
  5
F5
330
F0
100
AcDbEntity
  8
0
 62
     0
100
AcDbCircle
 10
-0.5
 20
0.0
 30
0.0
 40
0.2507930763238999
100
AcDbArc
 50
359.79
 51
84.1
  0
LINE
  5
F6
330
F0
100
AcDbEntity
  8
0
 62
     0
100
AcDbLine
 10
0.48
 20
0.0
 30
0.0
 11
0.48
 21
0.75
 31
0.0
  0
LINE
  5
F7
330
F0
100
AcDbEntity
  8
0
 62
     0
100
AcDbLine
 10
-0.47
 20
0.0
 30
0.0
 11
-0.48
 21
0.25
 31
0.0
  0
LINE
  5
F8
330
F0
100
AcDbEntity
  8
0
 62
     0
100
AcDbLine
 10
-0.5
 20
0.0
 30
0.0
 11
-0.5
 21
0.25
 31
0.0
  0
LINE
  5
F9
330
F0
100
AcDbEntity
  8
0
 62
     0
100
AcDbLine
 10
0.5
 20
0.0
 30
0.0
 11
0.5
 21
0.75
 31
0.0
  0
LINE
  5
FA
330
F0
100
AcDbEntity
  8
0
 62
     0
100
AcDbLine
 10
0.48
 20
0.0
 30
0.0
 11
0.5
 21
0.0
 31
0.0
  0
LINE
  5
FB
330
F0
100
AcDbEntity
  8
0
 62
     0
100
AcDbLine
 10
-0.47
 20
0.0
 30
0.0
 11
-0.5
 21
0.0
 31
0.0
  0
LINE
  5
FC
330
F0
100
AcDbEntity
  8
0
 62
     0
100
AcDbLine
 10
0.48
 20
0.75
 30
0.0
 11
0.5
 21
0.75
 31
0.0
  0
LINE
  5
FD
330
F0
100
AcDbEntity
  8
0
 62
     0
100
AcDbLine
 10
-0.48
 20
0.25
 30
0.0
 11
-0.5
 21
0.25
 31
0.0
  0
ENDBLK
  5
FE
330
F0
100
AcDbEntity
  8
0
100
AcDbBlockEnd
  0
BLOCK
  5
81
330
7F
100
AcDbEntity
  8
0
100
AcDbBlockBegin
  2
$DorLib2D$00000001
 70
     0
 10
0.0
 20
0.0
 30
0.0
  3
$DorLib2D$00000001
  1

  0
LINE
  5
82
330
7F
100
AcDbEntity
  8
0
100
AcDbLine
 10
0.45
 20
0.98
 30
0.0
 11
0.5
 21
0.98
 31
0.0
  0
LINE
  5
83
330
7F
100
AcDbEntity
  8
0
100
AcDbLine
 10
0.5
 20
0.0
 30
0.0
 11
0.45
 21
0.0
 31
0.0
  0
ARC
  5
84
330
7F
100
AcDbEntity
  8
0
370
    13
100
AcDbCircle
 10
0.48
 20
0.0
 30
0.0
 40
0.975
100
AcDbArc
 50
91.47
 51
180.0
  0
LINE
  5
85
330
7F
100
AcDbEntity
  8
0
100
AcDbLine
 10
0.5
 20
0.0
 30
0.0
 11
0.5
 21
0.98
 31
0.0
  0
LINE
  5
86
330
7F
100
AcDbEntity
  8
0
100
AcDbLine
 10
0.45
 20
0.0
 30
0.0
 11
0.45
 21
0.98
 31
0.0
  0
ENDBLK
  5
87
330
7F
100
AcDbEntity
  8
0
100
AcDbBlockEnd
  0
BLOCK
  5
32
330
31
100
AcDbEntity
  8
0
100
AcDbBlockBegin
  2
$TCHSYS$WIN2D
 70
     0
 10
0.0
 20
0.0
 30
0.0
  3
$TCHSYS$WIN2D
  1

  0
LINE
  5
33
330
31
100
AcDbEntity
  8
0
100
AcDbLine
 10
-0.5
 20
0.5
 30
0.0
 11
0.5
 21
0.5
 31
0.0
  0
LINE
  5
34
330
31
100
AcDbEntity
  8
0
100
AcDbLine
 10
-0.5
 20
-0.5
 30
0.0
 11
0.5
 21
-0.5
 31
0.0
  0
LINE
  5
35
330
31
100
AcDbEntity
  8
0
100
AcDbLine
 10
0.5
 20
-0.17
 30
0.0
 11
-0.5
 21
-0.17
 31
0.0
  0
LINE
  5
36
330
31
100
AcDbEntity
  8
0
100
AcDbLine
 10
0.5
 20
0.17
 30
0.0
 11
-0.5
 21
0.17
 31
0.0
  0
LINE
  5
37
330
31
100
AcDbEntity
  8
0
100
AcDbLine
 10
-0.5
 20
0.5
 30
0.0
 11
-0.5
 21
-0.5
 31
0.0
  0
LINE
  5
38
330
31
100
AcDbEntity
  8
0
100
AcDbLine
 10
0.5
 20
0.5
 30
0.0
 11
0.5
 21
-0.5
 31
0.0
  0
ENDBLK
  5
39
330
31
100
AcDbEntity
  8
0
100
AcDbBlockEnd
  0
BLOCK
  5
3B
330
3A
100
AcDbEntity
  8
0
100
AcDbBlockBegin
  2
$TCHSYS$WIN3D
 70
     0
 10
0.0
 20
0.0
 30
0.0
  3
$TCHSYS$WIN3D
  1

  0
3DFACE
  5
3C
330
3A
100
AcDbEntity
  8
3T_BAR
100
AcDbFace
 10
580.0
 20
25.0
 30
1780.0
 11
530.0
 21
25.0
 31
1720.0
 12
50.0
 22
25.0
 32
1720.0
 13
0.0
 23
25.0
 33
1780.0
 70
     5
  0
3DFACE
  5
40
330
3A
100
AcDbEntity
  8
3T_BAR
100
AcDbFace
 10
50.0
 20
-25.0
 30
1720.0
 11
530.0
 21
-25.0
 31
1720.0
 12
580.0
 22
-25.0
 32
1780.0
 13
0.0
 23
-25.0
 33
1780.0
 70
    10
  0
3DFACE
  5
41
330
3A
100
AcDbEntity
  8
3T_BAR
100
AcDbFace
 10
600.0
 20
25.0
 30
1800.0
 11
580.0
 21
25.0
 31
1780.0
 12
-580.0
 22
25.0
 32
1780.0
 13
-600.0
 23
25.0
 33
1800.0
 70
     5
  0
3DFACE
  5
42
330
3A
100
AcDbEntity
  8
3T_BAR
100
AcDbFace
 10
-580.0
 20
-25.0
 30
1780.0
 11
580.0
 21
-25.0
 31
1780.0
 12
600.0
 22
-25.0
 32
1800.0
 13
-600.0
 23
-25.0
 33
1800.0
 70
    10
  0
3DFACE
  5
43
330
3A
100
AcDbEntity
  8
3T_BAR
100
AcDbFace
 10
-580.0
 20
-25.0
 30
1780.0
 11
-580.0
 21
25.0
 31
1780.0
 12
580.0
 22
25.0
 32
1780.0
 13
580.0
 23
-25.0
 33
1780.0
  0
3DFACE
  5
44
330
3A
100
AcDbEntity
  8
3T_BAR
100
AcDbFace
 10
0.0
 20
25.0
 30
20.0
 11
50.0
 21
25.0
 31
80.0
 12
530.0
 22
25.0
 32
80.0
 13
580.0
 23
25.0
 33
20.0
 70
     5
  0
3DFACE
  5
45
330
3A
100
AcDbEntity
  8
3T_BAR
100
AcDbFace
 10
0.0
 20
-25.0
 30
20.0
 11
580.0
 21
-25.0
 31
20.0
 12
530.0
 22
-25.0
 32
80.0
 13
50.0
 23
-25.0
 33
80.0
 70
    10
  0
3DFACE
  5
46
330
3A
100
AcDbEntity
  8
3T_BAR
100
AcDbFace
 10
-600.0
 20
25.0
 30
0.0
 11
-580.0
 21
25.0
 31
20.0
 12
580.0
 22
25.0
 32
20.0
 13
600.0
 23
25.0
 33
0.0
 70
     5
  0
3DFACE
  5
47
330
3A
100
AcDbEntity
  8
3T_BAR
100
AcDbFace
 10
-600.0
 20
-25.0
 30
0.0
 11
600.0
 21
-25.0
 31
0.0
 12
580.0
 22
-25.0
 32
20.0
 13
-580.0
 23
-25.0
 33
20.0
 70
    10
  0
3DFACE
  5
48
330
3A
100
AcDbEntity
  8
3T_BAR
100
AcDbFace
 10
-580.0
 20
-25.0
 30
20.0
 11
580.0
 21
-25.0
 31
20.0
 12
580.0
 22
25.0
 32
20.0
 13
-580.0
 23
25.0
 33
20.0
  0
3DFACE
  5
49
330
3A
100
AcDbEntity
  8
3T_BAR
100
AcDbFace
 10
0.0
 20
25.0
 30
1780.0
 11
50.0
 21
25.0
 31
1720.0
 12
50.0
 22
25.0
 32
80.0
 13
0.0
 23
25.0
 33
20.0
 70
     5
  0
3DFACE
  5
4A
330
3A
100
AcDbEntity
  8
3T_BAR
100
AcDbFace
 10
50.0
 20
-25.0
 30
80.0
 11
50.0
 21
-25.0
 31
1720.0
 12
0.0
 22
-25.0
 32
1780.0
 13
0.0
 23
-25.0
 33
20.0
 70
    10
  0
3DFACE
  5
4B
330
3A
100
AcDbEntity
  8
3T_GLASS
100
AcDbFace
 10
-529.34
 20
-15.0
 30
39.86
 11
-529.34
 21
-15.0
 31
1701.4
 12
530.7
 22
-15.0
 32
1701.4
 13
530.7
 23
-15.0
 33
39.86
  0
3DFACE
  5
4F
330
3A
100
AcDbEntity
  8
3T_BAR
100
AcDbFace
 10
-530.0
 20
-25.0
 30
1720.0
 11
-530.0
 21
25.0
 31
1720.0
 12
-50.0
 22
25.0
 32
1720.0
 13
-50.0
 23
-25.0
 33
1720.0
  0
3DFACE
  5
50
330
3A
100
AcDbEntity
  8
3T_BAR
100
AcDbFace
 10
-530.0
 20
-25.0
 30
80.0
 11
-50.0
 21
-25.0
 31
80.0
 12
-50.0
 22
25.0
 32
80.0
 13
-530.0
 23
25.0
 33
80.0
  0
LINE
  5
51
330
3A
100
AcDbEntity
  8
3T_BAR
100
AcDbLine
 10
-600.0
 20
0.5
 30
0.0
 11
-600.0
 21
-0.5
 31
0.0
  0
3DFACE
  5
52
330
3A
100
AcDbEntity
  8
3T_BAR
100
AcDbFace
 10
0.0
 20
25.0
 30
20.0
 11
0.0
 21
-25.0
 31
20.0
 12
0.0
 22
-25.0
 32
1780.0
 13
0.0
 23
25.0
 33
1780.0
  0
3DFACE
  5
53
330
3A
100
AcDbEntity
  8
3T_BAR
100
AcDbFace
 10
0.0
 20
-25.0
 30
20.0
 11
0.0
 21
25.0
 31
20.0
 12
0.0
 22
25.0
 32
1780.0
 13
0.0
 23
-25.0
 33
1780.0
  0
3DFACE
  5
54
330
3A
100
AcDbEntity
  8
3T_BAR
100
AcDbFace
 10
-580.0
 20
25.0
 30
20.0
 11
-580.0
 21
-25.0
 31
20.0
 12
-580.0
 22
-25.0
 32
1780.0
 13
-580.0
 23
25.0
 33
1780.0
  0
3DFACE
  5
55
330
3A
100
AcDbEntity
  8
3T_BAR
100
AcDbFace
 10
-50.0
 20
-25.0
 30
80.0
 11
-50.0
 21
-25.0
 31
1720.0
 12
-50.0
 22
25.0
 32
1720.0
 13
-50.0
 23
25.0
 33
80.0
  0
3DFACE
  5
56
330
3A
100
AcDbEntity
  8
3T_BAR
100
AcDbFace
 10
-530.0
 20
-25.0
 30
80.0
 11
-530.0
 21
25.0
 31
80.0
 12
-530.0
 22
25.0
 32
1720.0
 13
-530.0
 23
-25.0
 33
1720.0
  0
3DFACE
  5
57
330
3A
100
AcDbEntity
  8
3T_BAR
100
AcDbFace
 10
-600.0
 20
25.0
 30
0.0
 11
-600.0
 21
-25.0
 31
0.0
 12
-600.0
 22
-25.0
 32
1800.0
 13
-600.0
 23
25.0
 33
1800.0
  0
3DFACE
  5
58
330
3A
100
AcDbEntity
  8
3T_BAR
100
AcDbFace
 10
-580.0
 20
-25.0
 30
20.0
 11
-580.0
 21
25.0
 31
20.0
 12
-580.0
 22
25.0
 32
1780.0
 13
-580.0
 23
-25.0
 33
1780.0
  0
3DFACE
  5
59
330
3A
100
AcDbEntity
  8
3T_BAR
100
AcDbFace
 10
-530.0
 20
-25.0
 30
80.0
 11
-530.0
 21
-25.0
 31
1720.0
 12
-580.0
 22
-25.0
 32
1780.0
 13
-580.0
 23
-25.0
 33
20.0
 70
    10
  0
3DFACE
  5
5A
330
3A
100
AcDbEntity
  8
3T_BAR
100
AcDbFace
 10
0.0
 20
-25.0
 30
20.0
 11
0.0
 21
-25.0
 31
1780.0
 12
-50.0
 22
-25.0
 32
1720.0
 13
-50.0
 23
-25.0
 33
80.0
 70
    10
  0
3DFACE
  5
5B
330
3A
100
AcDbEntity
  8
3T_BAR
100
AcDbFace
 10
-580.0
 20
-25.0
 30
20.0
 11
-580.0
 21
-25.0
 31
1780.0
 12
-600.0
 22
-25.0
 32
1800.0
 13
-600.0
 23
-25.0
 33
0.0
 70
    10
  0
3DFACE
  5
5C
330
3A
100
AcDbEntity
  8
3T_BAR
100
AcDbFace
 10
-580.0
 20
-25.0
 30
20.0
 11
0.0
 21
-25.0
 31
20.0
 12
-50.0
 22
-25.0
 32
80.0
 13
-530.0
 23
-25.0
 33
80.0
 70
    10
  0
3DFACE
  5
5D
330
3A
100
AcDbEntity
  8
3T_BAR
100
AcDbFace
 10
-530.0
 20
-25.0
 30
1720.0
 11
-50.0
 21
-25.0
 31
1720.0
 12
0.0
 22
-25.0
 32
1780.0
 13
-580.0
 23
-25.0
 33
1780.0
 70
    10
  0
3DFACE
  5
5E
330
3A
100
AcDbEntity
  8
3T_BAR
100
AcDbFace
 10
-580.0
 20
25.0
 30
1780.0
 11
-530.0
 21
25.0
 31
1720.0
 12
-530.0
 22
25.0
 32
80.0
 13
-580.0
 23
25.0
 33
20.0
 70
     5
  0
3DFACE
  5
5F
330
3A
100
AcDbEntity
  8
3T_BAR
100
AcDbFace
 10
0.0
 20
25.0
 30
20.0
 11
-50.0
 21
25.0
 31
80.0
 12
-50.0
 22
25.0
 32
1720.0
 13
0.0
 23
25.0
 33
1780.0
 70
     5
  0
3DFACE
  5
60
330
3A
100
AcDbEntity
  8
3T_BAR
100
AcDbFace
 10
-600.0
 20
25.0
 30
1800.0
 11
-580.0
 21
25.0
 31
1780.0
 12
-580.0
 22
25.0
 32
20.0
 13
-600.0
 23
25.0
 33
0.0
 70
     5
  0
3DFACE
  5
61
330
3A
100
AcDbEntity
  8
3T_BAR
100
AcDbFace
 10
-580.0
 20
25.0
 30
20.0
 11
-530.0
 21
25.0
 31
80.0
 12
-50.0
 22
25.0
 32
80.0
 13
0.0
 23
25.0
 33
20.0
 70
     5
  0
3DFACE
  5
62
330
3A
100
AcDbEntity
  8
3T_BAR
100
AcDbFace
 10
0.0
 20
25.0
 30
1780.0
 11
-50.0
 21
25.0
 31
1720.0
 12
-530.0
 22
25.0
 32
1720.0
 13
-580.0
 23
25.0
 33
1780.0
 70
     5
  0
3DFACE
  5
63
330
3A
100
AcDbEntity
  8
3T_BAR
100
AcDbFace
 10
50.0
 20
-25.0
 30
1720.0
 11
50.0
 21
25.0
 31
1720.0
 12
530.0
 22
25.0
 32
1720.0
 13
530.0
 23
-25.0
 33
1720.0
  0
3DFACE
  5
64
330
3A
100
AcDbEntity
  8
3T_BAR
100
AcDbFace
 10
50.0
 20
-25.0
 30
80.0
 11
530.0
 21
-25.0
 31
80.0
 12
530.0
 22
25.0
 32
80.0
 13
50.0
 23
25.0
 33
80.0
  0
3DFACE
  5
65
330
3A
100
AcDbEntity
  8
3T_BAR
100
AcDbFace
 10
580.0
 20
-25.0
 30
20.0
 11
580.0
 21
25.0
 31
20.0
 12
580.0
 22
25.0
 32
1780.0
 13
580.0
 23
-25.0
 33
1780.0
  0
3DFACE
  5
66
330
3A
100
AcDbEntity
  8
3T_BAR
100
AcDbFace
 10
530.0
 20
-25.0
 30
80.0
 11
530.0
 21
-25.0
 31
1720.0
 12
530.0
 22
25.0
 32
1720.0
 13
530.0
 23
25.0
 33
80.0
  0
3DFACE
  5
67
330
3A
100
AcDbEntity
  8
3T_BAR
100
AcDbFace
 10
50.0
 20
-25.0
 30
80.0
 11
50.0
 21
25.0
 31
80.0
 12
50.0
 22
25.0
 32
1720.0
 13
50.0
 23
-25.0
 33
1720.0
  0
3DFACE
  5
68
330
3A
100
AcDbEntity
  8
3T_BAR
100
AcDbFace
 10
600.0
 20
-25.0
 30
0.0
 11
600.0
 21
25.0
 31
0.0
 12
600.0
 22
25.0
 32
1800.0
 13
600.0
 23
-25.0
 33
1800.0
  0
3DFACE
  5
69
330
3A
100
AcDbEntity
  8
3T_BAR
100
AcDbFace
 10
580.0
 20
-25.0
 30
20.0
 11
580.0
 21
-25.0
 31
1780.0
 12
580.0
 22
25.0
 32
1780.0
 13
580.0
 23
25.0
 33
20.0
  0
3DFACE
  5
6A
330
3A
100
AcDbEntity
  8
3T_BAR
100
AcDbFace
 10
580.0
 20
-25.0
 30
20.0
 11
580.0
 21
-25.0
 31
1780.0
 12
530.0
 22
-25.0
 32
1720.0
 13
530.0
 23
-25.0
 33
80.0
 70
    10
  0
3DFACE
  5
6B
330
3A
100
AcDbEntity
  8
3T_BAR
100
AcDbFace
 10
600.0
 20
-25.0
 30
0.0
 11
600.0
 21
-25.0
 31
1800.0
 12
580.0
 22
-25.0
 32
1780.0
 13
580.0
 23
-25.0
 33
20.0
 70
    10
  0
3DFACE
  5
6C
330
3A
100
AcDbEntity
  8
3T_BAR
100
AcDbFace
 10
580.0
 20
25.0
 30
20.0
 11
530.0
 21
25.0
 31
80.0
 12
530.0
 22
25.0
 32
1720.0
 13
580.0
 23
25.0
 33
1780.0
 70
     5
  0
3DFACE
  5
6D
330
3A
100
AcDbEntity
  8
3T_BAR
100
AcDbFace
 10
600.0
 20
25.0
 30
0.0
 11
580.0
 21
25.0
 31
20.0
 12
580.0
 22
25.0
 32
1780.0
 13
600.0
 23
25.0
 33
1800.0
 70
     5
  0
ENDBLK
  5
6E
330
3A
100
AcDbEntity
  8
0
100
AcDbBlockEnd
  0
BLOCK
  5
110
330
10F
100
AcDbEntity
  8
0
100
AcDbBlockBegin
  2
$TCHSYS$WDOOR3D
 70
     0
 10
0.0
 20
0.0
 30
0.0
  3
$TCHSYS$WDOOR3D
  1

  0
3DFACE
  5
111
330
10F
100
AcDbEntity
  8
3T_BAR
100
AcDbFace
 10
415.0
 20
80.0
 30
1000.0
 11
315.0
 21
80.0
 31
1000.0
 12
315.0
 22
80.0
 32
1250.0
 13
415.0
 23
80.0
 33
1250.0
  0
3DFACE
  5
112
330
10F
100
AcDbEntity
  8
3T_BAR
100
AcDbFace
 10
-450.0
 20
40.0
 30
0.0
 11
-420.0
 21
40.0
 31
0.0
 12
-420.0
 22
40.0
 32
2070.0
 13
-450.0
 23
40.0
 33
2100.0
 70
     4
  0
3DFACE
  5
113
330
10F
100
AcDbEntity
  8
3T_BAR
100
AcDbFace
 10
450.0
 20
40.0
 30
2100.0
 11
420.0
 21
40.0
 31
2070.0
 12
420.0
 22
40.0
 32
0.0
 13
450.0
 23
40.0
 33
0.0
 70
     1
  0
3DFACE
  5
114
330
10F
100
AcDbEntity
  8
3T_BAR
100
AcDbFace
 10
-420.0
 20
40.0
 30
0.0
 11
-350.0
 21
40.0
 31
900.0
 12
-350.0
 22
40.0
 32
2000.0
 13
-420.0
 23
40.0
 33
2070.0
 70
     5
  0
3DFACE
  5
115
330
10F
100
AcDbEntity
  8
3T_BAR
100
AcDbFace
 10
420.0
 20
40.0
 30
2070.0
 11
350.0
 21
40.0
 31
2000.0
 12
350.0
 22
40.0
 32
900.0
 13
420.0
 23
40.0
 33
0.0
 70
     5
  0
3DFACE
  5
116
330
10F
100
AcDbEntity
  8
3T_BAR
100
AcDbFace
 10
420.0
 20
40.0
 30
0.0
 11
350.0
 21
40.0
 31
900.0
 12
-350.0
 22
40.0
 32
900.0
 13
-420.0
 23
40.0
 33
0.0
 70
     5
  0
3DFACE
  5
117
330
10F
100
AcDbEntity
  8
3T_BAR
100
AcDbFace
 10
350.0
 20
40.0
 30
900.0
 11
250.0
 21
40.0
 31
900.0
 12
250.0
 22
40.0
 32
70.0
 13
350.0
 23
40.0
 33
70.0
  0
3DFACE
  5
118
330
10F
100
AcDbEntity
  8
3T_BAR
100
AcDbFace
 10
250.0
 20
40.0
 30
900.0
 11
150.0
 21
40.0
 31
900.0
 12
150.0
 22
40.0
 32
70.0
 13
250.0
 23
40.0
 33
70.0
  0
3DFACE
  5
119
330
10F
100
AcDbEntity
  8
3T_BAR
100
AcDbFace
 10
150.0
 20
40.0
 30
900.0
 11
50.0
 21
40.0
 31
900.0
 12
50.0
 22
40.0
 32
70.0
 13
150.0
 23
40.0
 33
70.0
  0
3DFACE
  5
11A
330
10F
100
AcDbEntity
  8
3T_BAR
100
AcDbFace
 10
50.0
 20
40.0
 30
900.0
 11
-50.0
 21
40.0
 31
900.0
 12
-50.0
 22
40.0
 32
70.0
 13
50.0
 23
40.0
 33
70.0
  0
3DFACE
  5
11B
330
10F
100
AcDbEntity
  8
3T_BAR
100
AcDbFace
 10
-50.0
 20
40.0
 30
900.0
 11
-150.0
 21
40.0
 31
900.0
 12
-150.0
 22
40.0
 32
70.0
 13
-50.0
 23
40.0
 33
70.0
  0
3DFACE
  5
11C
330
10F
100
AcDbEntity
  8
3T_BAR
100
AcDbFace
 10
-150.0
 20
40.0
 30
900.0
 11
-250.0
 21
40.0
 31
900.0
 12
-250.0
 22
40.0
 32
70.0
 13
-150.0
 23
40.0
 33
70.0
  0
3DFACE
  5
11D
330
10F
100
AcDbEntity
  8
3T_BAR
100
AcDbFace
 10
-250.0
 20
40.0
 30
900.0
 11
-350.0
 21
40.0
 31
900.0
 12
-350.0
 22
40.0
 32
70.0
 13
-250.0
 23
40.0
 33
70.0
  0
3DFACE
  5
11E
330
10F
100
AcDbEntity
  8
3T_BAR
100
AcDbFace
 10
-420.0
 20
40.0
 30
2070.0
 11
-350.0
 21
40.0
 31
2000.0
 12
350.0
 22
40.0
 32
2000.0
 13
420.0
 23
40.0
 33
2070.0
 70
     5
  0
3DFACE
  5
11F
330
10F
100
AcDbEntity
  8
3T_BAR
100
AcDbFace
 10
-450.0
 20
40.0
 30
2100.0
 11
-420.0
 21
40.0
 31
2070.0
 12
420.0
 22
40.0
 32
2070.0
 13
450.0
 23
40.0
 33
2100.0
 70
     5
  0
3DFACE
  5
120
330
10F
100
AcDbEntity
  8
3T_BAR
100
AcDbFace
 10
415.0
 20
40.0
 30
1000.0
 11
415.0
 21
80.0
 31
1000.0
 12
415.0
 22
80.0
 32
1250.0
 13
415.0
 23
40.0
 33
1250.0
  0
3DFACE
  5
121
330
10F
100
AcDbEntity
  8
3T_BAR
100
AcDbFace
 10
-450.0
 20
-40.0
 30
0.0
 11
-450.0
 21
-40.0
 31
2100.0
 12
-420.0
 22
-40.0
 32
2070.0
 13
-420.0
 23
-40.0
 33
0.0
 70
     2
  0
3DFACE
  5
122
330
10F
100
AcDbEntity
  8
3T_BAR
100
AcDbFace
 10
420.0
 20
-40.0
 30
0.0
 11
420.0
 21
-40.0
 31
2070.0
 12
450.0
 22
-40.0
 32
2100.0
 13
450.0
 23
-40.0
 33
0.0
 70
     2
  0
3DFACE
  5
123
330
10F
100
AcDbEntity
  8
3T_BAR
100
AcDbFace
 10
-420.0
 20
-40.0
 30
0.0
 11
-420.0
 21
-40.0
 31
2070.0
 12
-350.0
 22
-40.0
 32
2000.0
 13
-350.0
 23
-40.0
 33
900.0
 70
    10
  0
3DFACE
  5
124
330
10F
100
AcDbEntity
  8
3T_BAR
100
AcDbFace
 10
350.0
 20
-40.0
 30
900.0
 11
350.0
 21
-40.0
 31
2000.0
 12
420.0
 22
-40.0
 32
2070.0
 13
420.0
 23
-40.0
 33
0.0
 70
    10
  0
3DFACE
  5
125
330
10F
100
AcDbEntity
  8
3T_BAR
100
AcDbFace
 10
420.0
 20
-40.0
 30
0.0
 11
-420.0
 21
-40.0
 31
0.0
 12
-350.0
 22
-40.0
 32
900.0
 13
350.0
 23
-40.0
 33
900.0
 70
    10
  0
3DFACE
  5
126
330
10F
100
AcDbEntity
  8
3T_BAR
100
AcDbFace
 10
350.0
 20
-40.0
 30
900.0
 11
250.0
 21
-40.0
 31
900.0
 12
250.0
 22
-40.0
 32
70.0
 13
350.0
 23
-40.0
 33
70.0
  0
3DFACE
  5
127
330
10F
100
AcDbEntity
  8
3T_BAR
100
AcDbFace
 10
250.0
 20
-40.0
 30
900.0
 11
150.0
 21
-40.0
 31
900.0
 12
150.0
 22
-40.0
 32
70.0
 13
250.0
 23
-40.0
 33
70.0
  0
3DFACE
  5
128
330
10F
100
AcDbEntity
  8
3T_BAR
100
AcDbFace
 10
150.0
 20
-40.0
 30
900.0
 11
50.0
 21
-40.0
 31
900.0
 12
50.0
 22
-40.0
 32
70.0
 13
150.0
 23
-40.0
 33
70.0
  0
3DFACE
  5
129
330
10F
100
AcDbEntity
  8
3T_BAR
100
AcDbFace
 10
50.0
 20
-40.0
 30
900.0
 11
-50.0
 21
-40.0
 31
900.0
 12
-50.0
 22
-40.0
 32
70.0
 13
50.0
 23
-40.0
 33
70.0
  0
3DFACE
  5
12A
330
10F
100
AcDbEntity
  8
3T_BAR
100
AcDbFace
 10
-50.0
 20
-40.0
 30
900.0
 11
-150.0
 21
-40.0
 31
900.0
 12
-150.0
 22
-40.0
 32
70.0
 13
-50.0
 23
-40.0
 33
70.0
  0
3DFACE
  5
12B
330
10F
100
AcDbEntity
  8
3T_BAR
100
AcDbFace
 10
-150.0
 20
-40.0
 30
900.0
 11
-250.0
 21
-40.0
 31
900.0
 12
-250.0
 22
-40.0
 32
70.0
 13
-150.0
 23
-40.0
 33
70.0
  0
3DFACE
  5
12C
330
10F
100
AcDbEntity
  8
3T_BAR
100
AcDbFace
 10
-250.0
 20
-40.0
 30
900.0
 11
-350.0
 21
-40.0
 31
900.0
 12
-350.0
 22
-40.0
 32
70.0
 13
-250.0
 23
-40.0
 33
70.0
  0
3DFACE
  5
12D
330
10F
100
AcDbEntity
  8
3T_BAR
100
AcDbFace
 10
350.0
 20
-40.0
 30
2000.0
 11
-350.0
 21
-40.0
 31
2000.0
 12
-420.0
 22
-40.0
 32
2070.0
 13
420.0
 23
-40.0
 33
2070.0
 70
    10
  0
3DFACE
  5
12E
330
10F
100
AcDbEntity
  8
3T_BAR
100
AcDbFace
 10
420.0
 20
-40.0
 30
2070.0
 11
-420.0
 21
-40.0
 31
2070.0
 12
-450.0
 22
-40.0
 32
2100.0
 13
450.0
 23
-40.0
 33
2100.0
 70
    10
  0
3DFACE
  5
12F
330
10F
100
AcDbEntity
  8
3T_BAR
100
AcDbFace
 10
420.0
 20
-40.0
 30
0.0
 11
420.0
 21
40.0
 31
0.0
 12
420.0
 22
40.0
 32
2070.0
 13
420.0
 23
-40.0
 33
2070.0
  0
3DFACE
  5
130
330
10F
100
AcDbEntity
  8
3T_BAR
100
AcDbFace
 10
-420.0
 20
-40.0
 30
0.0
 11
-420.0
 21
-40.0
 31
2070.0
 12
-420.0
 22
40.0
 32
2070.0
 13
-420.0
 23
40.0
 33
0.0
  0
3DFACE
  5
131
330
10F
100
AcDbEntity
  8
3T_BAR
100
AcDbFace
 10
450.0
 20
40.0
 30
0.0
 11
450.0
 21
-40.0
 31
0.0
 12
450.0
 22
-40.0
 32
2100.0
 13
450.0
 23
40.0
 33
2100.0
  0
3DFACE
  5
132
330
10F
100
AcDbEntity
  8
3T_BAR
100
AcDbFace
 10
-450.0
 20
-40.0
 30
0.0
 11
-450.0
 21
40.0
 31
0.0
 12
-450.0
 22
40.0
 32
2100.0
 13
-450.0
 23
-40.0
 33
2100.0
  0
3DFACE
  5
133
330
10F
100
AcDbEntity
  8
3T_BAR
100
AcDbFace
 10
350.0
 20
-40.0
 30
900.0
 11
350.0
 21
40.0
 31
900.0
 12
350.0
 22
40.0
 32
2000.0
 13
350.0
 23
-40.0
 33
2000.0
  0
3DFACE
  5
134
330
10F
100
AcDbEntity
  8
3T_BAR
100
AcDbFace
 10
-350.0
 20
-40.0
 30
900.0
 11
-350.0
 21
-40.0
 31
2000.0
 12
-350.0
 22
40.0
 32
2000.0
 13
-350.0
 23
40.0
 33
900.0
  0
3DFACE
  5
135
330
10F
100
AcDbEntity
  8
3T_BAR
100
AcDbFace
 10
420.0
 20
40.0
 30
0.0
 11
420.0
 21
-40.0
 31
0.0
 12
420.0
 22
-40.0
 32
2070.0
 13
420.0
 23
40.0
 33
2070.0
  0
3DFACE
  5
136
330
10F
100
AcDbEntity
  8
3T_BAR
100
AcDbFace
 10
-420.0
 20
-40.0
 30
0.0
 11
-420.0
 21
40.0
 31
0.0
 12
-420.0
 22
40.0
 32
2070.0
 13
-420.0
 23
-40.0
 33
2070.0
  0
3DFACE
  5
137
330
10F
100
AcDbEntity
  8
3T_BAR
100
AcDbFace
 10
350.0
 20
-40.0
 30
900.0
 11
-350.0
 21
-40.0
 31
900.0
 12
-350.0
 22
40.0
 32
900.0
 13
350.0
 23
40.0
 33
900.0
  0
3DFACE
  5
138
330
10F
100
AcDbEntity
  8
3T_BAR
100
AcDbFace
 10
350.0
 20
-40.0
 30
2000.0
 11
350.0
 21
40.0
 31
2000.0
 12
-350.0
 22
40.0
 32
2000.0
 13
-350.0
 23
-40.0
 33
2000.0
  0
3DFACE
  5
139
330
10F
100
AcDbEntity
  8
3T_BAR
100
AcDbFace
 10
420.0
 20
-40.0
 30
2070.0
 11
420.0
 21
40.0
 31
2070.0
 12
-420.0
 22
40.0
 32
2070.0
 13
-420.0
 23
-40.0
 33
2070.0
  0
3DFACE
  5
13A
330
10F
100
AcDbEntity
  8
3T_BAR
100
AcDbFace
 10
415.0
 20
-80.0
 30
1000.0
 11
315.0
 21
-80.0
 31
1000.0
 12
315.0
 22
-80.0
 32
1250.0
 13
415.0
 23
-80.0
 33
1250.0
  0
3DFACE
  5
13B
330
10F
100
AcDbEntity
  8
3T_BAR
100
AcDbFace
 10
415.0
 20
-40.0
 30
1000.0
 11
415.0
 21
-80.0
 31
1000.0
 12
415.0
 22
-80.0
 32
1250.0
 13
415.0
 23
-40.0
 33
1250.0
  0
3DFACE
  5
13C
330
10F
100
AcDbEntity
  8
3T_GLASS
100
AcDbFace
 10
-361.42
 20
2.45
 30
2015.01
 11
365.37
 21
2.45
 31
2015.01
 12
365.37
 22
2.45
 32
882.26
 13
-365.37
 23
2.45
 33
882.26
  0
ENDBLK
  5
13D
330
10F
100
AcDbEntity
  8
0
100
AcDbBlockEnd
  0
BLOCK
  5
13F
330
13E
100
AcDbEntity
  8
0
100
AcDbBlockBegin
  2
$TCHSYS$DWIN3D
 70
     0
 10
0.0
 20
0.0
 30
0.0
  3
$TCHSYS$DWIN3D
  1

  0
POLYLINE
  5
140
330
13E
100
AcDbEntity
  8
3T_BAR
100
AcDbPolyFaceMesh
 66
     1
 10
0.0
 20
0.0
 30
0.0
 70
    64
 71
    56
 72
   116
  0
VERTEX
  5
141
330
140
100
AcDbEntity
  8
3T_BAR
100
AcDbVertex
100
AcDbPolyFaceMeshVertex
 10
-750.0
 20
-30.39
 30
0.0
 70
   192
  0
VERTEX
  5
142
330
140
100
AcDbEntity
  8
3T_BAR
100
AcDbVertex
100
AcDbPolyFaceMeshVertex
 10
-750.0
 20
-30.39
 30
1800.0
 70
   192
  0
VERTEX
  5
143
330
140
100
AcDbEntity
  8
3T_BAR
100
AcDbVertex
100
AcDbPolyFaceMeshVertex
 10
750.0
 20
-30.39
 30
1800.0
 70
   192
  0
VERTEX
  5
144
330
140
100
AcDbEntity
  8
3T_BAR
100
AcDbVertex
100
AcDbPolyFaceMeshVertex
 10
750.0
 20
-30.39
 30
0.0
 70
   192
  0
VERTEX
  5
145
330
140
100
AcDbEntity
  8
3T_BAR
100
AcDbVertex
100
AcDbPolyFaceMeshVertex
 10
-710.29
 20
-30.39
 30
45.99
 70
   192
  0
VERTEX
  5
146
330
140
100
AcDbEntity
  8
3T_BAR
100
AcDbVertex
100
AcDbPolyFaceMeshVertex
 10
-261.22
 20
-30.39
 30
45.99
 70
   192
  0
VERTEX
  5
147
330
140
100
AcDbEntity
  8
3T_BAR
100
AcDbVertex
100
AcDbPolyFaceMeshVertex
 10
-261.22
 20
-30.39
 30
1760.02
 70
   192
  0
VERTEX
  5
148
330
140
100
AcDbEntity
  8
3T_BAR
100
AcDbVertex
100
AcDbPolyFaceMeshVertex
 10
-710.29
 20
-30.39
 30
1760.02
 70
   192
  0
VERTEX
  5
149
330
140
100
AcDbEntity
  8
3T_BAR
100
AcDbVertex
100
AcDbPolyFaceMeshVertex
 10
710.29
 20
-30.39
 30
45.99
 70
   192
  0
VERTEX
  5
14A
330
140
100
AcDbEntity
  8
3T_BAR
100
AcDbVertex
100
AcDbPolyFaceMeshVertex
 10
710.29
 20
-30.39
 30
1760.02
 70
   192
  0
VERTEX
  5
14B
330
140
100
AcDbEntity
  8
3T_BAR
100
AcDbVertex
100
AcDbPolyFaceMeshVertex
 10
261.22
 20
-30.39
 30
1760.02
 70
   192
  0
VERTEX
  5
14C
330
140
100
AcDbEntity
  8
3T_BAR
100
AcDbVertex
100
AcDbPolyFaceMeshVertex
 10
261.22
 20
-30.39
 30
45.99
 70
   192
  0
VERTEX
  5
14D
330
140
100
AcDbEntity
  8
3T_BAR
100
AcDbVertex
100
AcDbPolyFaceMeshVertex
 10
-211.22
 20
-30.39
 30
876.35
 70
   192
  0
VERTEX
  5
14E
330
140
100
AcDbEntity
  8
3T_BAR
100
AcDbVertex
100
AcDbPolyFaceMeshVertex
 10
-211.22
 20
-30.39
 30
46.95
 70
   192
  0
VERTEX
  5
14F
330
140
100
AcDbEntity
  8
3T_BAR
100
AcDbVertex
100
AcDbPolyFaceMeshVertex
 10
211.22
 20
-30.39
 30
46.95
 70
   192
  0
VERTEX
  5
150
330
140
100
AcDbEntity
  8
3T_BAR
100
AcDbVertex
100
AcDbPolyFaceMeshVertex
 10
211.22
 20
-30.39
 30
876.35
 70
   192
  0
VERTEX
  5
151
330
140
100
AcDbEntity
  8
3T_BAR
100
AcDbVertex
100
AcDbPolyFaceMeshVertex
 10
211.22
 20
-30.39
 30
1759.06
 70
   192
  0
VERTEX
  5
152
330
140
100
AcDbEntity
  8
3T_BAR
100
AcDbVertex
100
AcDbPolyFaceMeshVertex
 10
-211.22
 20
-30.39
 30
1759.06
 70
   192
  0
VERTEX
  5
153
330
140
100
AcDbEntity
  8
3T_BAR
100
AcDbVertex
100
AcDbPolyFaceMeshVertex
 10
-211.22
 20
-30.39
 30
924.01
 70
   192
  0
VERTEX
  5
154
330
140
100
AcDbEntity
  8
3T_BAR
100
AcDbVertex
100
AcDbPolyFaceMeshVertex
 10
211.22
 20
-30.39
 30
924.01
 70
   192
  0
VERTEX
  5
155
330
140
100
AcDbEntity
  8
3T_BAR
100
AcDbVertex
100
AcDbPolyFaceMeshVertex
 10
-750.0
 20
30.39
 30
0.0
 70
   192
  0
VERTEX
  5
156
330
140
100
AcDbEntity
  8
3T_BAR
100
AcDbVertex
100
AcDbPolyFaceMeshVertex
 10
-750.0
 20
30.39
 30
1800.0
 70
   192
  0
VERTEX
  5
157
330
140
100
AcDbEntity
  8
3T_BAR
100
AcDbVertex
100
AcDbPolyFaceMeshVertex
 10
750.0
 20
30.39
 30
1800.0
 70
   192
  0
VERTEX
  5
158
330
140
100
AcDbEntity
  8
3T_BAR
100
AcDbVertex
100
AcDbPolyFaceMeshVertex
 10
750.0
 20
30.39
 30
0.0
 70
   192
  0
VERTEX
  5
159
330
140
100
AcDbEntity
  8
3T_BAR
100
AcDbVertex
100
AcDbPolyFaceMeshVertex
 10
-710.29
 20
30.39
 30
45.99
 70
   192
  0
VERTEX
  5
15A
330
140
100
AcDbEntity
  8
3T_BAR
100
AcDbVertex
100
AcDbPolyFaceMeshVertex
 10
-261.22
 20
30.39
 30
45.99
 70
   192
  0
VERTEX
  5
15B
330
140
100
AcDbEntity
  8
3T_BAR
100
AcDbVertex
100
AcDbPolyFaceMeshVertex
 10
-261.22
 20
30.39
 30
1760.02
 70
   192
  0
VERTEX
  5
15C
330
140
100
AcDbEntity
  8
3T_BAR
100
AcDbVertex
100
AcDbPolyFaceMeshVertex
 10
-710.29
 20
30.39
 30
1760.02
 70
   192
  0
VERTEX
  5
15D
330
140
100
AcDbEntity
  8
3T_BAR
100
AcDbVertex
100
AcDbPolyFaceMeshVertex
 10
710.29
 20
30.39
 30
45.99
 70
   192
  0
VERTEX
  5
15E
330
140
100
AcDbEntity
  8
3T_BAR
100
AcDbVertex
100
AcDbPolyFaceMeshVertex
 10
710.29
 20
30.39
 30
1760.02
 70
   192
  0
VERTEX
  5
15F
330
140
100
AcDbEntity
  8
3T_BAR
100
AcDbVertex
100
AcDbPolyFaceMeshVertex
 10
261.22
 20
30.39
 30
1760.02
 70
   192
  0
VERTEX
  5
160
330
140
100
AcDbEntity
  8
3T_BAR
100
AcDbVertex
100
AcDbPolyFaceMeshVertex
 10
261.22
 20
30.39
 30
45.99
 70
   192
  0
VERTEX
  5
161
330
140
100
AcDbEntity
  8
3T_BAR
100
AcDbVertex
100
AcDbPolyFaceMeshVertex
 10
-211.22
 20
30.39
 30
876.35
 70
   192
  0
VERTEX
  5
162
330
140
100
AcDbEntity
  8
3T_BAR
100
AcDbVertex
100
AcDbPolyFaceMeshVertex
 10
-211.22
 20
30.39
 30
46.95
 70
   192
  0
VERTEX
  5
163
330
140
100
AcDbEntity
  8
3T_BAR
100
AcDbVertex
100
AcDbPolyFaceMeshVertex
 10
211.22
 20
30.39
 30
46.95
 70
   192
  0
VERTEX
  5
164
330
140
100
AcDbEntity
  8
3T_BAR
100
AcDbVertex
100
AcDbPolyFaceMeshVertex
 10
211.22
 20
30.39
 30
876.35
 70
   192
  0
VERTEX
  5
165
330
140
100
AcDbEntity
  8
3T_BAR
100
AcDbVertex
100
AcDbPolyFaceMeshVertex
 10
211.22
 20
30.39
 30
1759.06
 70
   192
  0
VERTEX
  5
166
330
140
100
AcDbEntity
  8
3T_BAR
100
AcDbVertex
100
AcDbPolyFaceMeshVertex
 10
-211.22
 20
30.39
 30
1759.06
 70
   192
  0
VERTEX
  5
167
330
140
100
AcDbEntity
  8
3T_BAR
100
AcDbVertex
100
AcDbPolyFaceMeshVertex
 10
-211.22
 20
30.39
 30
924.01
 70
   192
  0
VERTEX
  5
168
330
140
100
AcDbEntity
  8
3T_BAR
100
AcDbVertex
100
AcDbPolyFaceMeshVertex
 10
211.22
 20
30.39
 30
924.01
 70
   192
  0
VERTEX
  5
169
330
140
100
AcDbEntity
  8
3T_BAR
100
AcDbVertex
100
AcDbPolyFaceMeshVertex
 10
261.22
 20
-21.32
 30
888.58
 70
   192
  0
VERTEX
  5
16A
330
140
100
AcDbEntity
  8
3T_BAR
100
AcDbVertex
100
AcDbPolyFaceMeshVertex
 10
261.22
 20
-21.32
 30
911.42
 70
   192
  0
VERTEX
  5
16B
330
140
100
AcDbEntity
  8
3T_BAR
100
AcDbVertex
100
AcDbPolyFaceMeshVertex
 10
710.29
 20
-21.32
 30
911.42
 70
   192
  0
VERTEX
  5
16C
330
140
100
AcDbEntity
  8
3T_BAR
100
AcDbVertex
100
AcDbPolyFaceMeshVertex
 10
710.29
 20
-21.32
 30
888.58
 70
   192
  0
VERTEX
  5
16D
330
140
100
AcDbEntity
  8
3T_BAR
100
AcDbVertex
100
AcDbPolyFaceMeshVertex
 10
-261.22
 20
-21.32
 30
911.42
 70
   192
  0
VERTEX
  5
16E
330
140
100
AcDbEntity
  8
3T_BAR
100
AcDbVertex
100
AcDbPolyFaceMeshVertex
 10
-261.22
 20
-21.32
 30
888.58
 70
   192
  0
VERTEX
  5
16F
330
140
100
AcDbEntity
  8
3T_BAR
100
AcDbVertex
100
AcDbPolyFaceMeshVertex
 10
-710.29
 20
-21.32
 30
888.58
 70
   192
  0
VERTEX
  5
170
330
140
100
AcDbEntity
  8
3T_BAR
100
AcDbVertex
100
AcDbPolyFaceMeshVertex
 10
-710.29
 20
-21.32
 30
911.42
 70
   192
  0
VERTEX
  5
171
330
140
100
AcDbEntity
  8
3T_BAR
100
AcDbVertex
100
AcDbPolyFaceMeshVertex
 10
261.22
 20
19.27
 30
888.58
 70
   192
  0
VERTEX
  5
172
330
140
100
AcDbEntity
  8
3T_BAR
100
AcDbVertex
100
AcDbPolyFaceMeshVertex
 10
261.22
 20
19.27
 30
911.42
 70
   192
  0
VERTEX
  5
173
330
140
100
AcDbEntity
  8
3T_BAR
100
AcDbVertex
100
AcDbPolyFaceMeshVertex
 10
710.29
 20
19.27
 30
911.42
 70
   192
  0
VERTEX
  5
174
330
140
100
AcDbEntity
  8
3T_BAR
100
AcDbVertex
100
AcDbPolyFaceMeshVertex
 10
710.29
 20
19.27
 30
888.58
 70
   192
  0
VERTEX
  5
175
330
140
100
AcDbEntity
  8
3T_BAR
100
AcDbVertex
100
AcDbPolyFaceMeshVertex
 10
-261.22
 20
19.27
 30
911.42
 70
   192
  0
VERTEX
  5
176
330
140
100
AcDbEntity
  8
3T_BAR
100
AcDbVertex
100
AcDbPolyFaceMeshVertex
 10
-261.22
 20
19.27
 30
888.58
 70
   192
  0
VERTEX
  5
177
330
140
100
AcDbEntity
  8
3T_BAR
100
AcDbVertex
100
AcDbPolyFaceMeshVertex
 10
-710.29
 20
19.27
 30
888.58
 70
   192
  0
VERTEX
  5
178
330
140
100
AcDbEntity
  8
3T_BAR
100
AcDbVertex
100
AcDbPolyFaceMeshVertex
 10
-710.29
 20
19.27
 30
911.42
 70
   192
  0
VERTEX
  5
179
330
140
100
AcDbEntity
  8
3T_BAR
100
AcDbFaceRecord
 10
0.0
 20
0.0
 30
0.0
 70
   128
 71
    18
 72
   -17
 73
    -2
  0
VERTEX
  5
17A
330
140
100
AcDbEntity
  8
3T_BAR
100
AcDbFaceRecord
 10
0.0
 20
0.0
 30
0.0
 70
   128
 71
     3
 72
    -2
 73
   -17
  0
VERTEX
  5
17B
330
140
100
AcDbEntity
  8
3T_BAR
100
AcDbFaceRecord
 10
0.0
 20
0.0
 30
0.0
 70
   128
 71
    -1
 72
    15
 73
   -14
  0
VERTEX
  5
17C
330
140
100
AcDbEntity
  8
3T_BAR
100
AcDbFaceRecord
 10
0.0
 20
0.0
 30
0.0
 70
   128
 71
   -15
 72
     1
 73
    -4
  0
VERTEX
  5
17D
330
140
100
AcDbEntity
  8
3T_BAR
100
AcDbFaceRecord
 10
0.0
 20
0.0
 30
0.0
 70
   128
 71
    12
 72
   -11
 73
   -16
  0
VERTEX
  5
17E
330
140
100
AcDbEntity
  8
3T_BAR
100
AcDbFaceRecord
 10
0.0
 20
0.0
 30
0.0
 70
   128
 71
   -12
 72
    16
 73
   -15
  0
VERTEX
  5
17F
330
140
100
AcDbEntity
  8
3T_BAR
100
AcDbFaceRecord
 10
0.0
 20
0.0
 30
0.0
 70
   128
 71
    14
 72
   -13
 73
    -6
  0
VERTEX
  5
180
330
140
100
AcDbEntity
  8
3T_BAR
100
AcDbFaceRecord
 10
0.0
 20
0.0
 30
0.0
 70
   128
 71
     7
 72
    -6
 73
   -13
  0
VERTEX
  5
181
330
140
100
AcDbEntity
  8
3T_BAR
100
AcDbFaceRecord
 10
0.0
 20
0.0
 30
0.0
 70
   128
 71
    -1
 72
   -14
 73
    -6
  0
VERTEX
  5
182
330
140
100
AcDbEntity
  8
3T_BAR
100
AcDbFaceRecord
 10
0.0
 20
0.0
 30
0.0
 70
   128
 71
   -12
 72
   -15
 73
    -4
  0
VERTEX
  5
183
330
140
100
AcDbEntity
  8
3T_BAR
100
AcDbFaceRecord
 10
0.0
 20
0.0
 30
0.0
 70
   128
 71
     9
 72
   -12
 73
    -4
  0
VERTEX
  5
184
330
140
100
AcDbEntity
  8
3T_BAR
100
AcDbFaceRecord
 10
0.0
 20
0.0
 30
0.0
 70
   128
 71
    -1
 72
     6
 73
    -5
  0
VERTEX
  5
185
330
140
100
AcDbEntity
  8
3T_BAR
100
AcDbFaceRecord
 10
0.0
 20
0.0
 30
0.0
 70
   128
 71
     2
 72
    -1
 73
    -5
  0
VERTEX
  5
186
330
140
100
AcDbEntity
  8
3T_BAR
100
AcDbFaceRecord
 10
0.0
 20
0.0
 30
0.0
 70
   128
 71
    -2
 72
     5
 73
    -8
  0
VERTEX
  5
187
330
140
100
AcDbEntity
  8
3T_BAR
100
AcDbFaceRecord
 10
0.0
 20
0.0
 30
0.0
 70
   128
 71
    -9
 72
     4
 73
    -3
  0
VERTEX
  5
188
330
140
100
AcDbEntity
  8
3T_BAR
100
AcDbFaceRecord
 10
0.0
 20
0.0
 30
0.0
 70
   128
 71
    10
 72
    -9
 73
    -3
  0
VERTEX
  5
189
330
140
100
AcDbEntity
  8
3T_BAR
100
AcDbFaceRecord
 10
0.0
 20
0.0
 30
0.0
 70
   128
 71
    11
 72
   -10
 73
    -3
  0
VERTEX
  5
18A
330
140
100
AcDbEntity
  8
3T_BAR
100
AcDbFaceRecord
 10
0.0
 20
0.0
 30
0.0
 70
   128
 71
   -11
 72
    -3
 73
   -17
  0
VERTEX
  5
18B
330
140
100
AcDbEntity
  8
3T_BAR
100
AcDbFaceRecord
 10
0.0
 20
0.0
 30
0.0
 70
   128
 71
   -11
 72
    17
 73
   -20
  0
VERTEX
  5
18C
330
140
100
AcDbEntity
  8
3T_BAR
100
AcDbFaceRecord
 10
0.0
 20
0.0
 30
0.0
 70
   128
 71
   -16
 72
   -11
 73
   -20
  0
VERTEX
  5
18D
330
140
100
AcDbEntity
  8
3T_BAR
100
AcDbFaceRecord
 10
0.0
 20
0.0
 30
0.0
 70
   128
 71
   -16
 72
    20
 73
   -19
  0
VERTEX
  5
18E
330
140
100
AcDbEntity
  8
3T_BAR
100
AcDbFaceRecord
 10
0.0
 20
0.0
 30
0.0
 70
   128
 71
    13
 72
   -16
 73
   -19
  0
VERTEX
  5
18F
330
140
100
AcDbEntity
  8
3T_BAR
100
AcDbFaceRecord
 10
0.0
 20
0.0
 30
0.0
 70
   128
 71
    -7
 72
   -13
 73
   -19
  0
VERTEX
  5
190
330
140
100
AcDbEntity
  8
3T_BAR
100
AcDbFaceRecord
 10
0.0
 20
0.0
 30
0.0
 70
   128
 71
    -7
 72
    19
 73
   -18
  0
VERTEX
  5
191
330
140
100
AcDbEntity
  8
3T_BAR
100
AcDbFaceRecord
 10
0.0
 20
0.0
 30
0.0
 70
   128
 71
    -7
 72
   -18
 73
    -2
  0
VERTEX
  5
192
330
140
100
AcDbEntity
  8
3T_BAR
100
AcDbFaceRecord
 10
0.0
 20
0.0
 30
0.0
 70
   128
 71
     8
 72
    -7
 73
    -2
  0
VERTEX
  5
193
330
140
100
AcDbEntity
  8
3T_BAR
100
AcDbFaceRecord
 10
0.0
 20
0.0
 30
0.0
 70
   128
 71
     1
 72
     2
 73
   -22
  0
VERTEX
  5
194
330
140
100
AcDbEntity
  8
3T_BAR
100
AcDbFaceRecord
 10
0.0
 20
0.0
 30
0.0
 70
   128
 71
    -1
 72
    22
 73
    21
  0
VERTEX
  5
195
330
140
100
AcDbEntity
  8
3T_BAR
100
AcDbFaceRecord
 10
0.0
 20
0.0
 30
0.0
 70
   128
 71
     2
 72
     3
 73
   -23
  0
VERTEX
  5
196
330
140
100
AcDbEntity
  8
3T_BAR
100
AcDbFaceRecord
 10
0.0
 20
0.0
 30
0.0
 70
   128
 71
    -2
 72
    23
 73
    22
  0
VERTEX
  5
197
330
140
100
AcDbEntity
  8
3T_BAR
100
AcDbFaceRecord
 10
0.0
 20
0.0
 30
0.0
 70
   128
 71
     3
 72
     4
 73
   -24
  0
VERTEX
  5
198
330
140
100
AcDbEntity
  8
3T_BAR
100
AcDbFaceRecord
 10
0.0
 20
0.0
 30
0.0
 70
   128
 71
    -3
 72
    24
 73
    23
  0
VERTEX
  5
199
330
140
100
AcDbEntity
  8
3T_BAR
100
AcDbFaceRecord
 10
0.0
 20
0.0
 30
0.0
 70
   128
 71
     4
 72
     1
 73
   -21
  0
VERTEX
  5
19A
330
140
100
AcDbEntity
  8
3T_BAR
100
AcDbFaceRecord
 10
0.0
 20
0.0
 30
0.0
 70
   128
 71
    -4
 72
    21
 73
    24
  0
VERTEX
  5
19B
330
140
100
AcDbEntity
  8
3T_BAR
100
AcDbFaceRecord
 10
0.0
 20
0.0
 30
0.0
 70
   128
 71
     5
 72
     6
 73
   -26
  0
VERTEX
  5
19C
330
140
100
AcDbEntity
  8
3T_BAR
100
AcDbFaceRecord
 10
0.0
 20
0.0
 30
0.0
 70
   128
 71
    -5
 72
    26
 73
    25
  0
VERTEX
  5
19D
330
140
100
AcDbEntity
  8
3T_BAR
100
AcDbFaceRecord
 10
0.0
 20
0.0
 30
0.0
 70
   128
 71
     6
 72
     7
 73
   -27
  0
VERTEX
  5
19E
330
140
100
AcDbEntity
  8
3T_BAR
100
AcDbFaceRecord
 10
0.0
 20
0.0
 30
0.0
 70
   128
 71
    -6
 72
    27
 73
    26
  0
VERTEX
  5
19F
330
140
100
AcDbEntity
  8
3T_BAR
100
AcDbFaceRecord
 10
0.0
 20
0.0
 30
0.0
 70
   128
 71
     7
 72
     8
 73
   -28
  0
VERTEX
  5
1A0
330
140
100
AcDbEntity
  8
3T_BAR
100
AcDbFaceRecord
 10
0.0
 20
0.0
 30
0.0
 70
   128
 71
    -7
 72
    28
 73
    27
  0
VERTEX
  5
1A1
330
140
100
AcDbEntity
  8
3T_BAR
100
AcDbFaceRecord
 10
0.0
 20
0.0
 30
0.0
 70
   128
 71
     8
 72
     5
 73
   -25
  0
VERTEX
  5
1A2
330
140
100
AcDbEntity
  8
3T_BAR
100
AcDbFaceRecord
 10
0.0
 20
0.0
 30
0.0
 70
   128
 71
    -8
 72
    25
 73
    28
  0
VERTEX
  5
1A3
330
140
100
AcDbEntity
  8
3T_BAR
100
AcDbFaceRecord
 10
0.0
 20
0.0
 30
0.0
 70
   128
 71
     9
 72
    10
 73
   -30
  0
VERTEX
  5
1A4
330
140
100
AcDbEntity
  8
3T_BAR
100
AcDbFaceRecord
 10
0.0
 20
0.0
 30
0.0
 70
   128
 71
    -9
 72
    30
 73
    29
  0
VERTEX
  5
1A5
330
140
100
AcDbEntity
  8
3T_BAR
100
AcDbFaceRecord
 10
0.0
 20
0.0
 30
0.0
 70
   128
 71
    10
 72
    11
 73
   -31
  0
VERTEX
  5
1A6
330
140
100
AcDbEntity
  8
3T_BAR
100
AcDbFaceRecord
 10
0.0
 20
0.0
 30
0.0
 70
   128
 71
   -10
 72
    31
 73
    30
  0
VERTEX
  5
1A7
330
140
100
AcDbEntity
  8
3T_BAR
100
AcDbFaceRecord
 10
0.0
 20
0.0
 30
0.0
 70
   128
 71
    11
 72
    12
 73
   -32
  0
VERTEX
  5
1A8
330
140
100
AcDbEntity
  8
3T_BAR
100
AcDbFaceRecord
 10
0.0
 20
0.0
 30
0.0
 70
   128
 71
   -11
 72
    32
 73
    31
  0
VERTEX
  5
1A9
330
140
100
AcDbEntity
  8
3T_BAR
100
AcDbFaceRecord
 10
0.0
 20
0.0
 30
0.0
 70
   128
 71
    12
 72
     9
 73
   -29
  0
VERTEX
  5
1AA
330
140
100
AcDbEntity
  8
3T_BAR
100
AcDbFaceRecord
 10
0.0
 20
0.0
 30
0.0
 70
   128
 71
   -12
 72
    29
 73
    32
  0
VERTEX
  5
1AB
330
140
100
AcDbEntity
  8
3T_BAR
100
AcDbFaceRecord
 10
0.0
 20
0.0
 30
0.0
 70
   128
 71
    13
 72
    14
 73
   -34
  0
VERTEX
  5
1AC
330
140
100
AcDbEntity
  8
3T_BAR
100
AcDbFaceRecord
 10
0.0
 20
0.0
 30
0.0
 70
   128
 71
   -13
 72
    34
 73
    33
  0
VERTEX
  5
1AD
330
140
100
AcDbEntity
  8
3T_BAR
100
AcDbFaceRecord
 10
0.0
 20
0.0
 30
0.0
 70
   128
 71
    14
 72
    15
 73
   -35
  0
VERTEX
  5
1AE
330
140
100
AcDbEntity
  8
3T_BAR
100
AcDbFaceRecord
 10
0.0
 20
0.0
 30
0.0
 70
   128
 71
   -14
 72
    35
 73
    34
  0
VERTEX
  5
1AF
330
140
100
AcDbEntity
  8
3T_BAR
100
AcDbFaceRecord
 10
0.0
 20
0.0
 30
0.0
 70
   128
 71
    15
 72
    16
 73
   -36
  0
VERTEX
  5
1B0
330
140
100
AcDbEntity
  8
3T_BAR
100
AcDbFaceRecord
 10
0.0
 20
0.0
 30
0.0
 70
   128
 71
   -15
 72
    36
 73
    35
  0
VERTEX
  5
1B1
330
140
100
AcDbEntity
  8
3T_BAR
100
AcDbFaceRecord
 10
0.0
 20
0.0
 30
0.0
 70
   128
 71
    16
 72
    13
 73
   -33
  0
VERTEX
  5
1B2
330
140
100
AcDbEntity
  8
3T_BAR
100
AcDbFaceRecord
 10
0.0
 20
0.0
 30
0.0
 70
   128
 71
   -16
 72
    33
 73
    36
  0
VERTEX
  5
1B3
330
140
100
AcDbEntity
  8
3T_BAR
100
AcDbFaceRecord
 10
0.0
 20
0.0
 30
0.0
 70
   128
 71
    17
 72
    18
 73
   -38
  0
VERTEX
  5
1B4
330
140
100
AcDbEntity
  8
3T_BAR
100
AcDbFaceRecord
 10
0.0
 20
0.0
 30
0.0
 70
   128
 71
   -17
 72
    38
 73
    37
  0
VERTEX
  5
1B5
330
140
100
AcDbEntity
  8
3T_BAR
100
AcDbFaceRecord
 10
0.0
 20
0.0
 30
0.0
 70
   128
 71
    18
 72
    19
 73
   -39
  0
VERTEX
  5
1B6
330
140
100
AcDbEntity
  8
3T_BAR
100
AcDbFaceRecord
 10
0.0
 20
0.0
 30
0.0
 70
   128
 71
   -18
 72
    39
 73
    38
  0
VERTEX
  5
1B7
330
140
100
AcDbEntity
  8
3T_BAR
100
AcDbFaceRecord
 10
0.0
 20
0.0
 30
0.0
 70
   128
 71
    19
 72
    20
 73
   -40
  0
VERTEX
  5
1B8
330
140
100
AcDbEntity
  8
3T_BAR
100
AcDbFaceRecord
 10
0.0
 20
0.0
 30
0.0
 70
   128
 71
   -19
 72
    40
 73
    39
  0
VERTEX
  5
1B9
330
140
100
AcDbEntity
  8
3T_BAR
100
AcDbFaceRecord
 10
0.0
 20
0.0
 30
0.0
 70
   128
 71
    20
 72
    17
 73
   -37
  0
VERTEX
  5
1BA
330
140
100
AcDbEntity
  8
3T_BAR
100
AcDbFaceRecord
 10
0.0
 20
0.0
 30
0.0
 70
   128
 71
   -20
 72
    37
 73
    40
  0
VERTEX
  5
1BB
330
140
100
AcDbEntity
  8
3T_BAR
100
AcDbFaceRecord
 10
0.0
 20
0.0
 30
0.0
 70
   128
 71
   -22
 72
    37
 73
   -38
  0
VERTEX
  5
1BC
330
140
100
AcDbEntity
  8
3T_BAR
100
AcDbFaceRecord
 10
0.0
 20
0.0
 30
0.0
 70
   128
 71
   -37
 72
    22
 73
   -23
  0
VERTEX
  5
1BD
330
140
100
AcDbEntity
  8
3T_BAR
100
AcDbFaceRecord
 10
0.0
 20
0.0
 30
0.0
 70
   128
 71
    34
 72
   -35
 73
   -21
  0
VERTEX
  5
1BE
330
140
100
AcDbEntity
  8
3T_BAR
100
AcDbFaceRecord
 10
0.0
 20
0.0
 30
0.0
 70
   128
 71
    24
 72
   -21
 73
   -35
  0
VERTEX
  5
1BF
330
140
100
AcDbEntity
  8
3T_BAR
100
AcDbFaceRecord
 10
0.0
 20
0.0
 30
0.0
 70
   128
 71
   -36
 72
    31
 73
   -32
  0
VERTEX
  5
1C0
330
140
100
AcDbEntity
  8
3T_BAR
100
AcDbFaceRecord
 10
0.0
 20
0.0
 30
0.0
 70
   128
 71
    35
 72
   -36
 73
   -32
  0
VERTEX
  5
1C1
330
140
100
AcDbEntity
  8
3T_BAR
100
AcDbFaceRecord
 10
0.0
 20
0.0
 30
0.0
 70
   128
 71
   -26
 72
    33
 73
   -34
  0
VERTEX
  5
1C2
330
140
100
AcDbEntity
  8
3T_BAR
100
AcDbFaceRecord
 10
0.0
 20
0.0
 30
0.0
 70
   128
 71
   -33
 72
    26
 73
   -27
  0
VERTEX
  5
1C3
330
140
100
AcDbEntity
  8
3T_BAR
100
AcDbFaceRecord
 10
0.0
 20
0.0
 30
0.0
 70
   128
 71
   -26
 72
   -34
 73
   -21
  0
VERTEX
  5
1C4
330
140
100
AcDbEntity
  8
3T_BAR
100
AcDbFaceRecord
 10
0.0
 20
0.0
 30
0.0
 70
   128
 71
   -24
 72
   -35
 73
   -32
  0
VERTEX
  5
1C5
330
140
100
AcDbEntity
  8
3T_BAR
100
AcDbFaceRecord
 10
0.0
 20
0.0
 30
0.0
 70
   128
 71
   -24
 72
    32
 73
   -29
  0
VERTEX
  5
1C6
330
140
100
AcDbEntity
  8
3T_BAR
100
AcDbFaceRecord
 10
0.0
 20
0.0
 30
0.0
 70
   128
 71
    25
 72
   -26
 73
   -21
  0
VERTEX
  5
1C7
330
140
100
AcDbEntity
  8
3T_BAR
100
AcDbFaceRecord
 10
0.0
 20
0.0
 30
0.0
 70
   128
 71
   -25
 72
    21
 73
   -22
  0
VERTEX
  5
1C8
330
140
100
AcDbEntity
  8
3T_BAR
100
AcDbFaceRecord
 10
0.0
 20
0.0
 30
0.0
 70
   128
 71
    28
 72
   -25
 73
   -22
  0
VERTEX
  5
1C9
330
140
100
AcDbEntity
  8
3T_BAR
100
AcDbFaceRecord
 10
0.0
 20
0.0
 30
0.0
 70
   128
 71
    23
 72
   -24
 73
   -29
  0
VERTEX
  5
1CA
330
140
100
AcDbEntity
  8
3T_BAR
100
AcDbFaceRecord
 10
0.0
 20
0.0
 30
0.0
 70
   128
 71
   -23
 72
    29
 73
   -30
  0
VERTEX
  5
1CB
330
140
100
AcDbEntity
  8
3T_BAR
100
AcDbFaceRecord
 10
0.0
 20
0.0
 30
0.0
 70
   128
 71
   -23
 72
    30
 73
   -31
  0
VERTEX
  5
1CC
330
140
100
AcDbEntity
  8
3T_BAR
100
AcDbFaceRecord
 10
0.0
 20
0.0
 30
0.0
 70
   128
 71
   -37
 72
   -23
 73
   -31
  0
VERTEX
  5
1CD
330
140
100
AcDbEntity
  8
3T_BAR
100
AcDbFaceRecord
 10
0.0
 20
0.0
 30
0.0
 70
   128
 71
    40
 72
   -37
 73
   -31
  0
VERTEX
  5
1CE
330
140
100
AcDbEntity
  8
3T_BAR
100
AcDbFaceRecord
 10
0.0
 20
0.0
 30
0.0
 70
   128
 71
   -40
 72
   -31
 73
   -36
  0
VERTEX
  5
1CF
330
140
100
AcDbEntity
  8
3T_BAR
100
AcDbFaceRecord
 10
0.0
 20
0.0
 30
0.0
 70
   128
 71
    39
 72
   -40
 73
   -36
  0
VERTEX
  5
1D0
330
140
100
AcDbEntity
  8
3T_BAR
100
AcDbFaceRecord
 10
0.0
 20
0.0
 30
0.0
 70
   128
 71
   -39
 72
    36
 73
   -33
  0
VERTEX
  5
1D1
330
140
100
AcDbEntity
  8
3T_BAR
100
AcDbFaceRecord
 10
0.0
 20
0.0
 30
0.0
 70
   128
 71
   -39
 72
   -33
 73
   -27
  0
VERTEX
  5
1D2
330
140
100
AcDbEntity
  8
3T_BAR
100
AcDbFaceRecord
 10
0.0
 20
0.0
 30
0.0
 70
   128
 71
    38
 72
   -39
 73
   -27
  0
VERTEX
  5
1D3
330
140
100
AcDbEntity
  8
3T_BAR
100
AcDbFaceRecord
 10
0.0
 20
0.0
 30
0.0
 70
   128
 71
   -22
 72
   -38
 73
   -27
  0
VERTEX
  5
1D4
330
140
100
AcDbEntity
  8
3T_BAR
100
AcDbFaceRecord
 10
0.0
 20
0.0
 30
0.0
 70
   128
 71
   -22
 72
    27
 73
   -28
  0
VERTEX
  5
1D5
330
140
100
AcDbEntity
  8
3T_BAR
100
AcDbFaceRecord
 10
0.0
 20
0.0
 30
0.0
 70
   128
 71
    41
 72
    44
 73
   -43
  0
VERTEX
  5
1D6
330
140
100
AcDbEntity
  8
3T_BAR
100
AcDbFaceRecord
 10
0.0
 20
0.0
 30
0.0
 70
   128
 71
   -41
 72
    43
 73
    42
  0
VERTEX
  5
1D7
330
140
100
AcDbEntity
  8
3T_BAR
100
AcDbFaceRecord
 10
0.0
 20
0.0
 30
0.0
 70
   128
 71
    45
 72
    48
 73
   -47
  0
VERTEX
  5
1D8
330
140
100
AcDbEntity
  8
3T_BAR
100
AcDbFaceRecord
 10
0.0
 20
0.0
 30
0.0
 70
   128
 71
   -45
 72
    47
 73
    46
  0
VERTEX
  5
1D9
330
140
100
AcDbEntity
  8
3T_BAR
100
AcDbFaceRecord
 10
0.0
 20
0.0
 30
0.0
 70
   128
 71
    41
 72
    42
 73
   -50
  0
VERTEX
  5
1DA
330
140
100
AcDbEntity
  8
3T_BAR
100
AcDbFaceRecord
 10
0.0
 20
0.0
 30
0.0
 70
   128
 71
   -41
 72
    50
 73
    49
  0
VERTEX
  5
1DB
330
140
100
AcDbEntity
  8
3T_BAR
100
AcDbFaceRecord
 10
0.0
 20
0.0
 30
0.0
 70
   128
 71
    42
 72
    43
 73
   -51
  0
VERTEX
  5
1DC
330
140
100
AcDbEntity
  8
3T_BAR
100
AcDbFaceRecord
 10
0.0
 20
0.0
 30
0.0
 70
   128
 71
   -42
 72
    51
 73
    50
  0
VERTEX
  5
1DD
330
140
100
AcDbEntity
  8
3T_BAR
100
AcDbFaceRecord
 10
0.0
 20
0.0
 30
0.0
 70
   128
 71
    43
 72
    44
 73
   -52
  0
VERTEX
  5
1DE
330
140
100
AcDbEntity
  8
3T_BAR
100
AcDbFaceRecord
 10
0.0
 20
0.0
 30
0.0
 70
   128
 71
   -43
 72
    52
 73
    51
  0
VERTEX
  5
1DF
330
140
100
AcDbEntity
  8
3T_BAR
100
AcDbFaceRecord
 10
0.0
 20
0.0
 30
0.0
 70
   128
 71
    44
 72
    41
 73
   -49
  0
VERTEX
  5
1E0
330
140
100
AcDbEntity
  8
3T_BAR
100
AcDbFaceRecord
 10
0.0
 20
0.0
 30
0.0
 70
   128
 71
   -44
 72
    49
 73
    52
  0
VERTEX
  5
1E1
330
140
100
AcDbEntity
  8
3T_BAR
100
AcDbFaceRecord
 10
0.0
 20
0.0
 30
0.0
 70
   128
 71
    45
 72
    46
 73
   -54
  0
VERTEX
  5
1E2
330
140
100
AcDbEntity
  8
3T_BAR
100
AcDbFaceRecord
 10
0.0
 20
0.0
 30
0.0
 70
   128
 71
   -45
 72
    54
 73
    53
  0
VERTEX
  5
1E3
330
140
100
AcDbEntity
  8
3T_BAR
100
AcDbFaceRecord
 10
0.0
 20
0.0
 30
0.0
 70
   128
 71
    46
 72
    47
 73
   -55
  0
VERTEX
  5
1E4
330
140
100
AcDbEntity
  8
3T_BAR
100
AcDbFaceRecord
 10
0.0
 20
0.0
 30
0.0
 70
   128
 71
   -46
 72
    55
 73
    54
  0
VERTEX
  5
1E5
330
140
100
AcDbEntity
  8
3T_BAR
100
AcDbFaceRecord
 10
0.0
 20
0.0
 30
0.0
 70
   128
 71
    47
 72
    48
 73
   -56
  0
VERTEX
  5
1E6
330
140
100
AcDbEntity
  8
3T_BAR
100
AcDbFaceRecord
 10
0.0
 20
0.0
 30
0.0
 70
   128
 71
   -47
 72
    56
 73
    55
  0
VERTEX
  5
1E7
330
140
100
AcDbEntity
  8
3T_BAR
100
AcDbFaceRecord
 10
0.0
 20
0.0
 30
0.0
 70
   128
 71
    48
 72
    45
 73
   -53
  0
VERTEX
  5
1E8
330
140
100
AcDbEntity
  8
3T_BAR
100
AcDbFaceRecord
 10
0.0
 20
0.0
 30
0.0
 70
   128
 71
   -48
 72
    53
 73
    56
  0
VERTEX
  5
1E9
330
140
100
AcDbEntity
  8
3T_BAR
100
AcDbFaceRecord
 10
0.0
 20
0.0
 30
0.0
 70
   128
 71
    51
 72
    52
 73
   -49
  0
VERTEX
  5
1EA
330
140
100
AcDbEntity
  8
3T_BAR
100
AcDbFaceRecord
 10
0.0
 20
0.0
 30
0.0
 70
   128
 71
    50
 72
   -51
 73
    49
  0
VERTEX
  5
1EB
330
140
100
AcDbEntity
  8
3T_BAR
100
AcDbFaceRecord
 10
0.0
 20
0.0
 30
0.0
 70
   128
 71
    55
 72
    56
 73
   -53
  0
VERTEX
  5
1EC
330
140
100
AcDbEntity
  8
3T_BAR
100
AcDbFaceRecord
 10
0.0
 20
0.0
 30
0.0
 70
   128
 71
    54
 72
   -55
 73
    53
  0
SEQEND
  5
1ED
330
140
100
AcDbEntity
  8
3T_BAR
  0
3DFACE
  5
1EE
330
13E
100
AcDbEntity
  8
3T_GLASS
100
AcDbFace
 10
-726.28
 20
-0.78
 30
1777.81
 11
726.28
 21
-0.78
 31
1777.81
 12
726.28
 22
-0.78
 32
29.43
 13
-726.28
 23
-0.78
 33
29.43
  0
ENDBLK
  5
1EF
330
13E
100
AcDbEntity
  8
0
100
AcDbBlockEnd
  0
BLOCK
  5
22D
330
22C
100
AcDbEntity
  8
0
100
AcDbBlockBegin
  2
*D10
 70
     1
 10
0.0
 20
0.0
 30
0.0
  3
*D10
  1

  0
LINE
  5
22E
330
22C
100
AcDbEntity
  8
AXIS
 62
     0
440
 16777216
370
    -2
100
AcDbLine
 10
81624.38
 20
22439.01
 30
0.0
 11
84074.38
 21
22439.01
 31
0.0
  0
LINE
  5
22F
330
22C
100
AcDbEntity
  8
AXIS
 62
     0
440
 16777216
370
    -2
100
AcDbLine
 10
81624.38
 20
24439.01
 30
0.0
 11
84074.38
 21
24439.01
 31
0.0
  0
LINE
  5
230
330
22C
100
AcDbEntity
  8
AXIS
 62
     0
440
 16777216
370
    -2
100
AcDbLine
 10
83824.38
 20
22439.01
 30
0.0
 11
83824.38
 21
24439.01
 31
0.0
  0
INSERT
  5
231
330
22C
100
AcDbEntity
  8
AXIS
 62
     0
440
 16777216
370
    -2
100
AcDbBlockReference
  2
_ArchTick
 10
83824.38
 20
22439.01
 30
0.0
 41
100.0
 42
100.0
 43
100.0
 50
270.0
  0
INSERT
  5
236
330
22C
100
AcDbEntity
  8
AXIS
 62
     0
440
 16777216
370
    -2
100
AcDbBlockReference
  2
_ArchTick
 10
83824.38
 20
24439.01
 30
0.0
 41
100.0
 42
100.0
 43
100.0
 50
90.0
  0
MTEXT
  5
237
330
22C
100
AcDbEntity
  8
AXIS
 62
     7
440
 16777216
100
AcDbMText
 10
83549.38
 20
23439.01
 30
0.0
 40
297.5
 41
0.0
 46
0.0
 71
     5
 72
     1
  1
\A1;2000
  7
_TCH_DIM_T3
 11
0.0
 21
1.0
 31
0.0
 73
     1
 44
1.0
  0
POINT
  5
239
330
22C
100
AcDbEntity
  8
Defpoints
 62
     0
440
 16777216
100
AcDbPoint
 10
81324.38
 20
22439.01
 30
0.0
  0
POINT
  5
23B
330
22C
100
AcDbEntity
  8
Defpoints
 62
     0
440
 16777216
100
AcDbPoint
 10
81324.38
 20
24439.01
 30
0.0
  0
POINT
  5
23C
330
22C
100
AcDbEntity
  8
Defpoints
 62
     0
440
 16777216
100
AcDbPoint
 10
83824.38
 20
24439.01
 30
0.0
  0
ENDBLK
  5
23D
330
22C
100
AcDbEntity
  8
0
100
AcDbBlockEnd
  0
BLOCK
  5
241
330
240
100
AcDbEntity
  8
0
100
AcDbBlockBegin
  2
*D11
 70
     1
 10
0.0
 20
0.0
 30
0.0
  3
*D11
  1

  0
LINE
  5
242
330
240
100
AcDbEntity
  8
AXIS
 62
     0
440
 16777216
370
    -2
100
AcDbLine
 10
81624.38
 20
24439.01
 30
0.0
 11
84074.38
 21
24439.01
 31
0.0
  0
LINE
  5
243
330
240
100
AcDbEntity
  8
AXIS
 62
     0
440
 16777216
370
    -2
100
AcDbLine
 10
81624.38
 20
26939.01
 30
0.0
 11
84074.38
 21
26939.01
 31
0.0
  0
LINE
  5
244
330
240
100
AcDbEntity
  8
AXIS
 62
     0
440
 16777216
370
    -2
100
AcDbLine
 10
83824.38
 20
24439.01
 30
0.0
 11
83824.38
 21
26939.01
 31
0.0
  0
INSERT
  5
245
330
240
100
AcDbEntity
  8
AXIS
 62
     0
440
 16777216
370
    -2
100
AcDbBlockReference
  2
_ArchTick
 10
83824.38
 20
24439.01
 30
0.0
 41
100.0
 42
100.0
 43
100.0
 50
270.0
  0
INSERT
  5
246
330
240
100
AcDbEntity
  8
AXIS
 62
     0
440
 16777216
370
    -2
100
AcDbBlockReference
  2
_ArchTick
 10
83824.38
 20
26939.01
 30
0.0
 41
100.0
 42
100.0
 43
100.0
 50
90.0
  0
MTEXT
  5
247
330
240
100
AcDbEntity
  8
AXIS
 62
     7
440
 16777216
100
AcDbMText
 10
83549.38
 20
25689.01
 30
0.0
 40
297.5
 41
0.0
 46
0.0
 71
     5
 72
     1
  1
\A1;2500
  7
_TCH_DIM_T3
 11
0.0
 21
1.0
 31
0.0
 73
     1
 44
1.0
  0
POINT
  5
248
330
240
100
AcDbEntity
  8
Defpoints
 62
     0
440
 16777216
100
AcDbPoint
 10
81324.38
 20
24439.01
 30
0.0
  0
POINT
  5
249
330
240
100
AcDbEntity
  8
Defpoints
 62
     0
440
 16777216
100
AcDbPoint
 10
81324.38
 20
26939.01
 30
0.0
  0
POINT
  5
24A
330
240
100
AcDbEntity
  8
Defpoints
 62
     0
440
 16777216
100
AcDbPoint
 10
83824.38
 20
26939.01
 30
0.0
  0
ENDBLK
  5
24B
330
240
100
AcDbEntity
  8
0
100
AcDbBlockEnd
  0
BLOCK
  5
24E
330
24D
100
AcDbEntity
  8
0
100
AcDbBlockBegin
  2
*D12
 70
     1
 10
0.0
 20
0.0
 30
0.0
  3
*D12
  1

  0
LINE
  5
24F
330
24D
100
AcDbEntity
  8
AXIS
 62
     0
440
 16777216
370
    -2
100
AcDbLine
 10
81624.38
 20
26939.01
 30
0.0
 11
84074.38
 21
26939.01
 31
0.0
  0
LINE
  5
250
330
24D
100
AcDbEntity
  8
AXIS
 62
     0
440
 16777216
370
    -2
100
AcDbLine
 10
81624.38
 20
29939.01
 30
0.0
 11
84074.38
 21
29939.01
 31
0.0
  0
LINE
  5
251
330
24D
100
AcDbEntity
  8
AXIS
 62
     0
440
 16777216
370
    -2
100
AcDbLine
 10
83824.38
 20
26939.01
 30
0.0
 11
83824.38
 21
29939.01
 31
0.0
  0
INSERT
  5
252
330
24D
100
AcDbEntity
  8
AXIS
 62
     0
440
 16777216
370
    -2
100
AcDbBlockReference
  2
_ArchTick
 10
83824.38
 20
26939.01
 30
0.0
 41
100.0
 42
100.0
 43
100.0
 50
270.0
  0
INSERT
  5
253
330
24D
100
AcDbEntity
  8
AXIS
 62
     0
440
 16777216
370
    -2
100
AcDbBlockReference
  2
_ArchTick
 10
83824.38
 20
29939.01
 30
0.0
 41
100.0
 42
100.0
 43
100.0
 50
90.0
  0
MTEXT
  5
254
330
24D
100
AcDbEntity
  8
AXIS
 62
     7
440
 16777216
100
AcDbMText
 10
83549.38
 20
28439.01
 30
0.0
 40
297.5
 41
0.0
 46
0.0
 71
     5
 72
     1
  1
\A1;3000
  7
_TCH_DIM_T3
 11
0.0
 21
1.0
 31
0.0
 73
     1
 44
1.0
  0
POINT
  5
255
330
24D
100
AcDbEntity
  8
Defpoints
 62
     0
440
 16777216
100
AcDbPoint
 10
81324.38
 20
26939.01
 30
0.0
  0
POINT
  5
256
330
24D
100
AcDbEntity
  8
Defpoints
 62
     0
440
 16777216
100
AcDbPoint
 10
81324.38
 20
29939.01
 30
0.0
  0
POINT
  5
257
330
24D
100
AcDbEntity
  8
Defpoints
 62
     0
440
 16777216
100
AcDbPoint
 10
83824.38
 20
29939.01
 30
0.0
  0
ENDBLK
  5
258
330
24D
100
AcDbEntity
  8
0
100
AcDbBlockEnd
  0
BLOCK
  5
25B
330
25A
100
AcDbEntity
  8
0
100
AcDbBlockBegin
  2
*D13
 70
     1
 10
0.0
 20
0.0
 30
0.0
  3
*D13
  1

  0
LINE
  5
25C
330
25A
100
AcDbEntity
  8
AXIS
 62
     0
440
 16777216
370
    -2
100
AcDbLine
 10
81624.38
 20
29939.01
 30
0.0
 11
84074.38
 21
29939.01
 31
0.0
  0
LINE
  5
25D
330
25A
100
AcDbEntity
  8
AXIS
 62
     0
440
 16777216
370
    -2
100
AcDbLine
 10
81624.38
 20
30939.01
 30
0.0
 11
84074.38
 21
30939.01
 31
0.0
  0
LINE
  5
25E
330
25A
100
AcDbEntity
  8
AXIS
 62
     0
440
 16777216
370
    -2
100
AcDbLine
 10
83824.38
 20
29939.01
 30
0.0
 11
83824.38
 21
30939.01
 31
0.0
  0
INSERT
  5
25F
330
25A
100
AcDbEntity
  8
AXIS
 62
     0
440
 16777216
370
    -2
100
AcDbBlockReference
  2
_ArchTick
 10
83824.38
 20
29939.01
 30
0.0
 41
100.0
 42
100.0
 43
100.0
 50
270.0
  0
INSERT
  5
260
330
25A
100
AcDbEntity
  8
AXIS
 62
     0
440
 16777216
370
    -2
100
AcDbBlockReference
  2
_ArchTick
 10
83824.38
 20
30939.01
 30
0.0
 41
100.0
 42
100.0
 43
100.0
 50
90.0
  0
MTEXT
  5
261
330
25A
100
AcDbEntity
  8
AXIS
 62
     7
440
 16777216
100
AcDbMText
 10
83549.38
 20
30439.01
 30
0.0
 40
297.5
 41
0.0
 46
0.0
 71
     5
 72
     1
  1
\A1;1000
  7
_TCH_DIM_T3
 11
0.0
 21
1.0
 31
0.0
 73
     1
 44
1.0
  0
POINT
  5
262
330
25A
100
AcDbEntity
  8
Defpoints
 62
     0
440
 16777216
100
AcDbPoint
 10
81324.38
 20
29939.01
 30
0.0
  0
POINT
  5
263
330
25A
100
AcDbEntity
  8
Defpoints
 62
     0
440
 16777216
100
AcDbPoint
 10
81324.38
 20
30939.01
 30
0.0
  0
POINT
  5
264
330
25A
100
AcDbEntity
  8
Defpoints
 62
     0
440
 16777216
100
AcDbPoint
 10
83824.38
 20
30939.01
 30
0.0
  0
ENDBLK
  5
265
330
25A
100
AcDbEntity
  8
0
100
AcDbBlockEnd
  0
BLOCK
  5
268
330
267
100
AcDbEntity
  8
0
100
AcDbBlockBegin
  2
*D14
 70
     1
 10
0.0
 20
0.0
 30
0.0
  3
*D14
  1

  0
LINE
  5
269
330
267
100
AcDbEntity
  8
AXIS
 62
     0
440
 16777216
370
    -2
100
AcDbLine
 10
81624.38
 20
22439.01
 30
0.0
 11
84874.38
 21
22439.01
 31
0.0
  0
LINE
  5
26A
330
267
100
AcDbEntity
  8
AXIS
 62
     0
440
 16777216
370
    -2
100
AcDbLine
 10
81624.38
 20
30939.01
 30
0.0
 11
84874.38
 21
30939.01
 31
0.0
  0
LINE
  5
26B
330
267
100
AcDbEntity
  8
AXIS
 62
     0
440
 16777216
370
    -2
100
AcDbLine
 10
84624.38
 20
22439.01
 30
0.0
 11
84624.38
 21
30939.01
 31
0.0
  0
INSERT
  5
26C
330
267
100
AcDbEntity
  8
AXIS
 62
     0
440
 16777216
370
    -2
100
AcDbBlockReference
  2
_ArchTick
 10
84624.38
 20
22439.01
 30
0.0
 41
100.0
 42
100.0
 43
100.0
 50
270.0
  0
INSERT
  5
26D
330
267
100
AcDbEntity
  8
AXIS
 62
     0
440
 16777216
370
    -2
100
AcDbBlockReference
  2
_ArchTick
 10
84624.38
 20
30939.01
 30
0.0
 41
100.0
 42
100.0
 43
100.0
 50
90.0
  0
MTEXT
  5
26E
330
267
100
AcDbEntity
  8
AXIS
 62
     7
440
 16777216
100
AcDbMText
 10
84349.38
 20
26689.01
 30
0.0
 40
297.5
 41
0.0
 46
0.0
 71
     5
 72
     1
  1
\A1;8500
  7
_TCH_DIM_T3
 11
0.0
 21
1.0
 31
0.0
 73
     1
 44
1.0
  0
POINT
  5
26F
330
267
100
AcDbEntity
  8
Defpoints
 62
     0
440
 16777216
100
AcDbPoint
 10
81324.38
 20
22439.01
 30
0.0
  0
POINT
  5
270
330
267
100
AcDbEntity
  8
Defpoints
 62
     0
440
 16777216
100
AcDbPoint
 10
81324.38
 20
30939.01
 30
0.0
  0
POINT
  5
271
330
267
100
AcDbEntity
  8
Defpoints
 62
     0
440
 16777216
100
AcDbPoint
 10
84624.38
 20
30939.01
 30
0.0
  0
ENDBLK
  5
272
330
267
100
AcDbEntity
  8
0
100
AcDbBlockEnd
  0
BLOCK
  5
275
330
274
100
AcDbEntity
  8
0
100
AcDbBlockBegin
  2
*D15
 70
     1
 10
0.0
 20
0.0
 30
0.0
  3
*D15
  1

  0
LINE
  5
276
330
274
100
AcDbEntity
  8
AXIS
 62
     0
440
 16777216
370
    -2
100
AcDbLine
 10
68024.38
 20
22439.01
 30
0.0
 11
65574.38
 21
22439.01
 31
0.0
  0
LINE
  5
277
330
274
100
AcDbEntity
  8
AXIS
 62
     0
440
 16777216
370
    -2
100
AcDbLine
 10
68024.38
 20
24439.01
 30
0.0
 11
65574.38
 21
24439.01
 31
0.0
  0
LINE
  5
278
330
274
100
AcDbEntity
  8
AXIS
 62
     0
440
 16777216
370
    -2
100
AcDbLine
 10
65824.38
 20
22439.01
 30
0.0
 11
65824.38
 21
24439.01
 31
0.0
  0
INSERT
  5
279
330
274
100
AcDbEntity
  8
AXIS
 62
     0
440
 16777216
370
    -2
100
AcDbBlockReference
  2
_ArchTick
 10
65824.38
 20
22439.01
 30
0.0
 41
100.0
 42
100.0
 43
100.0
 50
270.0
  0
INSERT
  5
27A
330
274
100
AcDbEntity
  8
AXIS
 62
     0
440
 16777216
370
    -2
100
AcDbBlockReference
  2
_ArchTick
 10
65824.38
 20
24439.01
 30
0.0
 41
100.0
 42
100.0
 43
100.0
 50
90.0
  0
MTEXT
  5
27B
330
274
100
AcDbEntity
  8
AXIS
 62
     7
440
 16777216
100
AcDbMText
 10
65549.38
 20
23439.01
 30
0.0
 40
297.5
 41
0.0
 46
0.0
 71
     5
 72
     1
  1
\A1;2000
  7
_TCH_DIM_T3
 11
0.0
 21
1.0
 31
0.0
 73
     1
 44
1.0
  0
POINT
  5
27C
330
274
100
AcDbEntity
  8
Defpoints
 62
     0
440
 16777216
100
AcDbPoint
 10
68324.38
 20
22439.01
 30
0.0
  0
POINT
  5
27D
330
274
100
AcDbEntity
  8
Defpoints
 62
     0
440
 16777216
100
AcDbPoint
 10
68324.38
 20
24439.01
 30
0.0
  0
POINT
  5
27E
330
274
100
AcDbEntity
  8
Defpoints
 62
     0
440
 16777216
100
AcDbPoint
 10
65824.38
 20
24439.01
 30
0.0
  0
ENDBLK
  5
27F
330
274
100
AcDbEntity
  8
0
100
AcDbBlockEnd
  0
BLOCK
  5
282
330
281
100
AcDbEntity
  8
0
100
AcDbBlockBegin
  2
*D16
 70
     1
 10
0.0
 20
0.0
 30
0.0
  3
*D16
  1

  0
LINE
  5
283
330
281
100
AcDbEntity
  8
AXIS
 62
     0
440
 16777216
370
    -2
100
AcDbLine
 10
68024.38
 20
24439.01
 30
0.0
 11
65574.38
 21
24439.01
 31
0.0
  0
LINE
  5
284
330
281
100
AcDbEntity
  8
AXIS
 62
     0
440
 16777216
370
    -2
100
AcDbLine
 10
68024.38
 20
26939.01
 30
0.0
 11
65574.38
 21
26939.01
 31
0.0
  0
LINE
  5
285
330
281
100
AcDbEntity
  8
AXIS
 62
     0
440
 16777216
370
    -2
100
AcDbLine
 10
65824.38
 20
24439.01
 30
0.0
 11
65824.38
 21
26939.01
 31
0.0
  0
INSERT
  5
286
330
281
100
AcDbEntity
  8
AXIS
 62
     0
440
 16777216
370
    -2
100
AcDbBlockReference
  2
_ArchTick
 10
65824.38
 20
24439.01
 30
0.0
 41
100.0
 42
100.0
 43
100.0
 50
270.0
  0
INSERT
  5
287
330
281
100
AcDbEntity
  8
AXIS
 62
     0
440
 16777216
370
    -2
100
AcDbBlockReference
  2
_ArchTick
 10
65824.38
 20
26939.01
 30
0.0
 41
100.0
 42
100.0
 43
100.0
 50
90.0
  0
MTEXT
  5
288
330
281
100
AcDbEntity
  8
AXIS
 62
     7
440
 16777216
100
AcDbMText
 10
65549.38
 20
25689.01
 30
0.0
 40
297.5
 41
0.0
 46
0.0
 71
     5
 72
     1
  1
\A1;2500
  7
_TCH_DIM_T3
 11
0.0
 21
1.0
 31
0.0
 73
     1
 44
1.0
  0
POINT
  5
289
330
281
100
AcDbEntity
  8
Defpoints
 62
     0
440
 16777216
100
AcDbPoint
 10
68324.38
 20
24439.01
 30
0.0
  0
POINT
  5
28A
330
281
100
AcDbEntity
  8
Defpoints
 62
     0
440
 16777216
100
AcDbPoint
 10
68324.38
 20
26939.01
 30
0.0
  0
POINT
  5
28B
330
281
100
AcDbEntity
  8
Defpoints
 62
     0
440
 16777216
100
AcDbPoint
 10
65824.38
 20
26939.01
 30
0.0
  0
ENDBLK
  5
28C
330
281
100
AcDbEntity
  8
0
100
AcDbBlockEnd
  0
BLOCK
  5
28F
330
28E
100
AcDbEntity
  8
0
100
AcDbBlockBegin
  2
*D17
 70
     1
 10
0.0
 20
0.0
 30
0.0
  3
*D17
  1

  0
LINE
  5
290
330
28E
100
AcDbEntity
  8
AXIS
 62
     0
440
 16777216
370
    -2
100
AcDbLine
 10
68024.38
 20
26939.01
 30
0.0
 11
65574.38
 21
26939.01
 31
0.0
  0
LINE
  5
291
330
28E
100
AcDbEntity
  8
AXIS
 62
     0
440
 16777216
370
    -2
100
AcDbLine
 10
68024.38
 20
29939.01
 30
0.0
 11
65574.38
 21
29939.01
 31
0.0
  0
LINE
  5
292
330
28E
100
AcDbEntity
  8
AXIS
 62
     0
440
 16777216
370
    -2
100
AcDbLine
 10
65824.38
 20
26939.01
 30
0.0
 11
65824.38
 21
29939.01
 31
0.0
  0
INSERT
  5
293
330
28E
100
AcDbEntity
  8
AXIS
 62
     0
440
 16777216
370
    -2
100
AcDbBlockReference
  2
_ArchTick
 10
65824.38
 20
26939.01
 30
0.0
 41
100.0
 42
100.0
 43
100.0
 50
270.0
  0
INSERT
  5
294
330
28E
100
AcDbEntity
  8
AXIS
 62
     0
440
 16777216
370
    -2
100
AcDbBlockReference
  2
_ArchTick
 10
65824.38
 20
29939.01
 30
0.0
 41
100.0
 42
100.0
 43
100.0
 50
90.0
  0
MTEXT
  5
295
330
28E
100
AcDbEntity
  8
AXIS
 62
     7
440
 16777216
100
AcDbMText
 10
65549.38
 20
28439.01
 30
0.0
 40
297.5
 41
0.0
 46
0.0
 71
     5
 72
     1
  1
\A1;3000
  7
_TCH_DIM_T3
 11
0.0
 21
1.0
 31
0.0
 73
     1
 44
1.0
  0
POINT
  5
296
330
28E
100
AcDbEntity
  8
Defpoints
 62
     0
440
 16777216
100
AcDbPoint
 10
68324.38
 20
26939.01
 30
0.0
  0
POINT
  5
297
330
28E
100
AcDbEntity
  8
Defpoints
 62
     0
440
 16777216
100
AcDbPoint
 10
68324.38
 20
29939.01
 30
0.0
  0
POINT
  5
298
330
28E
100
AcDbEntity
  8
Defpoints
 62
     0
440
 16777216
100
AcDbPoint
 10
65824.38
 20
29939.01
 30
0.0
  0
ENDBLK
  5
299
330
28E
100
AcDbEntity
  8
0
100
AcDbBlockEnd
  0
BLOCK
  5
29C
330
29B
100
AcDbEntity
  8
0
100
AcDbBlockBegin
  2
*D18
 70
     1
 10
0.0
 20
0.0
 30
0.0
  3
*D18
  1

  0
LINE
  5
29D
330
29B
100
AcDbEntity
  8
AXIS
 62
     0
440
 16777216
370
    -2
100
AcDbLine
 10
68024.38
 20
29939.01
 30
0.0
 11
65574.38
 21
29939.01
 31
0.0
  0
LINE
  5
29E
330
29B
100
AcDbEntity
  8
AXIS
 62
     0
440
 16777216
370
    -2
100
AcDbLine
 10
68024.38
 20
30939.01
 30
0.0
 11
65574.38
 21
30939.01
 31
0.0
  0
LINE
  5
29F
330
29B
100
AcDbEntity
  8
AXIS
 62
     0
440
 16777216
370
    -2
100
AcDbLine
 10
65824.38
 20
29939.01
 30
0.0
 11
65824.38
 21
30939.01
 31
0.0
  0
INSERT
  5
2A0
330
29B
100
AcDbEntity
  8
AXIS
 62
     0
440
 16777216
370
    -2
100
AcDbBlockReference
  2
_ArchTick
 10
65824.38
 20
29939.01
 30
0.0
 41
100.0
 42
100.0
 43
100.0
 50
270.0
  0
INSERT
  5
2A1
330
29B
100
AcDbEntity
  8
AXIS
 62
     0
440
 16777216
370
    -2
100
AcDbBlockReference
  2
_ArchTick
 10
65824.38
 20
30939.01
 30
0.0
 41
100.0
 42
100.0
 43
100.0
 50
90.0
  0
MTEXT
  5
2A2
330
29B
100
AcDbEntity
  8
AXIS
 62
     7
440
 16777216
100
AcDbMText
 10
65549.38
 20
30439.01
 30
0.0
 40
297.5
 41
0.0
 46
0.0
 71
     5
 72
     1
  1
\A1;1000
  7
_TCH_DIM_T3
 11
0.0
 21
1.0
 31
0.0
 73
     1
 44
1.0
  0
POINT
  5
2A3
330
29B
100
AcDbEntity
  8
Defpoints
 62
     0
440
 16777216
100
AcDbPoint
 10
68324.38
 20
29939.01
 30
0.0
  0
POINT
  5
2A4
330
29B
100
AcDbEntity
  8
Defpoints
 62
     0
440
 16777216
100
AcDbPoint
 10
68324.38
 20
30939.01
 30
0.0
  0
POINT
  5
2A5
330
29B
100
AcDbEntity
  8
Defpoints
 62
     0
440
 16777216
100
AcDbPoint
 10
65824.38
 20
30939.01
 30
0.0
  0
ENDBLK
  5
2A6
330
29B
100
AcDbEntity
  8
0
100
AcDbBlockEnd
  0
BLOCK
  5
2A9
330
2A8
100
AcDbEntity
  8
0
100
AcDbBlockBegin
  2
*D19
 70
     1
 10
0.0
 20
0.0
 30
0.0
  3
*D19
  1

  0
LINE
  5
2AA
330
2A8
100
AcDbEntity
  8
AXIS
 62
     0
440
 16777216
370
    -2
100
AcDbLine
 10
68024.38
 20
22439.01
 30
0.0
 11
64774.38
 21
22439.01
 31
0.0
  0
LINE
  5
2AB
330
2A8
100
AcDbEntity
  8
AXIS
 62
     0
440
 16777216
370
    -2
100
AcDbLine
 10
68024.38
 20
30939.01
 30
0.0
 11
64774.38
 21
30939.01
 31
0.0
  0
LINE
  5
2AC
330
2A8
100
AcDbEntity
  8
AXIS
 62
     0
440
 16777216
370
    -2
100
AcDbLine
 10
65024.38
 20
22439.01
 30
0.0
 11
65024.38
 21
30939.01
 31
0.0
  0
INSERT
  5
2AD
330
2A8
100
AcDbEntity
  8
AXIS
 62
     0
440
 16777216
370
    -2
100
AcDbBlockReference
  2
_ArchTick
 10
65024.38
 20
22439.01
 30
0.0
 41
100.0
 42
100.0
 43
100.0
 50
270.0
  0
INSERT
  5
2AE
330
2A8
100
AcDbEntity
  8
AXIS
 62
     0
440
 16777216
370
    -2
100
AcDbBlockReference
  2
_ArchTick
 10
65024.38
 20
30939.01
 30
0.0
 41
100.0
 42
100.0
 43
100.0
 50
90.0
  0
MTEXT
  5
2AF
330
2A8
100
AcDbEntity
  8
AXIS
 62
     7
440
 16777216
100
AcDbMText
 10
64749.38
 20
26689.01
 30
0.0
 40
297.5
 41
0.0
 46
0.0
 71
     5
 72
     1
  1
\A1;8500
  7
_TCH_DIM_T3
 11
0.0
 21
1.0
 31
0.0
 73
     1
 44
1.0
  0
POINT
  5
2B0
330
2A8
100
AcDbEntity
  8
Defpoints
 62
     0
440
 16777216
100
AcDbPoint
 10
68324.38
 20
22439.01
 30
0.0
  0
POINT
  5
2B1
330
2A8
100
AcDbEntity
  8
Defpoints
 62
     0
440
 16777216
100
AcDbPoint
 10
68324.38
 20
30939.01
 30
0.0
  0
POINT
  5
2B2
330
2A8
100
AcDbEntity
  8
Defpoints
 62
     0
440
 16777216
100
AcDbPoint
 10
65024.38
 20
30939.01
 30
0.0
  0
ENDBLK
  5
2B3
330
2A8
100
AcDbEntity
  8
0
100
AcDbBlockEnd
  0
BLOCK
  5
2B6
330
2B5
100
AcDbEntity
  8
0
100
AcDbBlockBegin
  2
*D20
 70
     1
 10
0.0
 20
0.0
 30
0.0
  3
*D20
  1

  0
LINE
  5
2B7
330
2B5
100
AcDbEntity
  8
AXIS
 62
     0
440
 16777216
370
    -2
100
AcDbLine
 10
69324.38
 20
32239.01
 30
0.0
 11
69324.38
 21
34689.01
 31
0.0
  0
LINE
  5
2B8
330
2B5
100
AcDbEntity
  8
AXIS
 62
     0
440
 16777216
370
    -2
100
AcDbLine
 10
73324.38
 20
32239.01
 30
0.0
 11
73324.38
 21
34689.01
 31
0.0
  0
LINE
  5
2B9
330
2B5
100
AcDbEntity
  8
AXIS
 62
     0
440
 16777216
370
    -2
100
AcDbLine
 10
69324.38
 20
34439.01
 30
0.0
 11
73324.38
 21
34439.01
 31
0.0
  0
INSERT
  5
2BA
330
2B5
100
AcDbEntity
  8
AXIS
 62
     0
440
 16777216
370
    -2
100
AcDbBlockReference
  2
_ArchTick
 10
69324.38
 20
34439.01
 30
0.0
 41
100.0
 42
100.0
 43
100.0
 50
180.0
  0
INSERT
  5
2BB
330
2B5
100
AcDbEntity
  8
AXIS
 62
     0
440
 16777216
370
    -2
100
AcDbBlockReference
  2
_ArchTick
 10
73324.38
 20
34439.01
 30
0.0
 41
100.0
 42
100.0
 43
100.0
  0
MTEXT
  5
2BC
330
2B5
100
AcDbEntity
  8
AXIS
 62
     7
440
 16777216
100
AcDbMText
 10
71324.38
 20
34714.01
 30
0.0
 40
297.5
 41
0.0
 46
0.0
 71
     5
 72
     1
  1
\A1;4000
  7
_TCH_DIM_T3
 73
     1
 44
1.0
  0
POINT
  5
2BD
330
2B5
100
AcDbEntity
  8
Defpoints
 62
     0
440
 16777216
100
AcDbPoint
 10
69324.38
 20
31939.01
 30
0.0
  0
POINT
  5
2BE
330
2B5
100
AcDbEntity
  8
Defpoints
 62
     0
440
 16777216
100
AcDbPoint
 10
73324.38
 20
31939.01
 30
0.0
  0
POINT
  5
2BF
330
2B5
100
AcDbEntity
  8
Defpoints
 62
     0
440
 16777216
100
AcDbPoint
 10
73324.38
 20
34439.01
 30
0.0
  0
ENDBLK
  5
2C0
330
2B5
100
AcDbEntity
  8
0
100
AcDbBlockEnd
  0
BLOCK
  5
2C3
330
2C2
100
AcDbEntity
  8
0
100
AcDbBlockBegin
  2
*D21
 70
     1
 10
0.0
 20
0.0
 30
0.0
  3
*D21
  1

  0
LINE
  5
2C4
330
2C2
100
AcDbEntity
  8
AXIS
 62
     0
440
 16777216
370
    -2
100
AcDbLine
 10
73324.38
 20
32239.01
 30
0.0
 11
73324.38
 21
34689.01
 31
0.0
  0
LINE
  5
2C5
330
2C2
100
AcDbEntity
  8
AXIS
 62
     0
440
 16777216
370
    -2
100
AcDbLine
 10
77324.38
 20
32239.01
 30
0.0
 11
77324.38
 21
34689.01
 31
0.0
  0
LINE
  5
2C6
330
2C2
100
AcDbEntity
  8
AXIS
 62
     0
440
 16777216
370
    -2
100
AcDbLine
 10
73324.38
 20
34439.01
 30
0.0
 11
77324.38
 21
34439.01
 31
0.0
  0
INSERT
  5
2C7
330
2C2
100
AcDbEntity
  8
AXIS
 62
     0
440
 16777216
370
    -2
100
AcDbBlockReference
  2
_ArchTick
 10
73324.38
 20
34439.01
 30
0.0
 41
100.0
 42
100.0
 43
100.0
 50
180.0
  0
INSERT
  5
2C8
330
2C2
100
AcDbEntity
  8
AXIS
 62
     0
440
 16777216
370
    -2
100
AcDbBlockReference
  2
_ArchTick
 10
77324.38
 20
34439.01
 30
0.0
 41
100.0
 42
100.0
 43
100.0
  0
MTEXT
  5
2C9
330
2C2
100
AcDbEntity
  8
AXIS
 62
     7
440
 16777216
100
AcDbMText
 10
75324.38
 20
34714.01
 30
0.0
 40
297.5
 41
0.0
 46
0.0
 71
     5
 72
     1
  1
\A1;4000
  7
_TCH_DIM_T3
 73
     1
 44
1.0
  0
POINT
  5
2CA
330
2C2
100
AcDbEntity
  8
Defpoints
 62
     0
440
 16777216
100
AcDbPoint
 10
73324.38
 20
31939.01
 30
0.0
  0
POINT
  5
2CB
330
2C2
100
AcDbEntity
  8
Defpoints
 62
     0
440
 16777216
100
AcDbPoint
 10
77324.38
 20
31939.01
 30
0.0
  0
POINT
  5
2CC
330
2C2
100
AcDbEntity
  8
Defpoints
 62
     0
440
 16777216
100
AcDbPoint
 10
77324.38
 20
34439.01
 30
0.0
  0
ENDBLK
  5
2CD
330
2C2
100
AcDbEntity
  8
0
100
AcDbBlockEnd
  0
BLOCK
  5
2D0
330
2CF
100
AcDbEntity
  8
0
100
AcDbBlockBegin
  2
*D22
 70
     1
 10
0.0
 20
0.0
 30
0.0
  3
*D22
  1

  0
LINE
  5
2D1
330
2CF
100
AcDbEntity
  8
AXIS
 62
     0
440
 16777216
370
    -2
100
AcDbLine
 10
77324.38
 20
32239.01
 30
0.0
 11
77324.38
 21
34689.01
 31
0.0
  0
LINE
  5
2D2
330
2CF
100
AcDbEntity
  8
AXIS
 62
     0
440
 16777216
370
    -2
100
AcDbLine
 10
80324.38
 20
32239.01
 30
0.0
 11
80324.38
 21
34689.01
 31
0.0
  0
LINE
  5
2D3
330
2CF
100
AcDbEntity
  8
AXIS
 62
     0
440
 16777216
370
    -2
100
AcDbLine
 10
77324.38
 20
34439.01
 30
0.0
 11
80324.38
 21
34439.01
 31
0.0
  0
INSERT
  5
2D4
330
2CF
100
AcDbEntity
  8
AXIS
 62
     0
440
 16777216
370
    -2
100
AcDbBlockReference
  2
_ArchTick
 10
77324.38
 20
34439.01
 30
0.0
 41
100.0
 42
100.0
 43
100.0
 50
180.0
  0
INSERT
  5
2D5
330
2CF
100
AcDbEntity
  8
AXIS
 62
     0
440
 16777216
370
    -2
100
AcDbBlockReference
  2
_ArchTick
 10
80324.38
 20
34439.01
 30
0.0
 41
100.0
 42
100.0
 43
100.0
  0
MTEXT
  5
2D6
330
2CF
100
AcDbEntity
  8
AXIS
 62
     7
440
 16777216
100
AcDbMText
 10
78824.38
 20
34714.01
 30
0.0
 40
297.5
 41
0.0
 46
0.0
 71
     5
 72
     1
  1
\A1;3000
  7
_TCH_DIM_T3
 73
     1
 44
1.0
  0
POINT
  5
2D7
330
2CF
100
AcDbEntity
  8
Defpoints
 62
     0
440
 16777216
100
AcDbPoint
 10
77324.38
 20
31939.01
 30
0.0
  0
POINT
  5
2D8
330
2CF
100
AcDbEntity
  8
Defpoints
 62
     0
440
 16777216
100
AcDbPoint
 10
80324.38
 20
31939.01
 30
0.0
  0
POINT
  5
2D9
330
2CF
100
AcDbEntity
  8
Defpoints
 62
     0
440
 16777216
100
AcDbPoint
 10
80324.38
 20
34439.01
 30
0.0
  0
ENDBLK
  5
2DA
330
2CF
100
AcDbEntity
  8
0
100
AcDbBlockEnd
  0
BLOCK
  5
2DD
330
2DC
100
AcDbEntity
  8
0
100
AcDbBlockBegin
  2
*D23
 70
     1
 10
0.0
 20
0.0
 30
0.0
  3
*D23
  1

  0
LINE
  5
2DE
330
2DC
100
AcDbEntity
  8
AXIS
 62
     0
440
 16777216
370
    -2
100
AcDbLine
 10
69324.38
 20
32239.01
 30
0.0
 11
69324.38
 21
35489.01
 31
0.0
  0
LINE
  5
2DF
330
2DC
100
AcDbEntity
  8
AXIS
 62
     0
440
 16777216
370
    -2
100
AcDbLine
 10
80324.38
 20
32239.01
 30
0.0
 11
80324.38
 21
35489.01
 31
0.0
  0
LINE
  5
2E0
330
2DC
100
AcDbEntity
  8
AXIS
 62
     0
440
 16777216
370
    -2
100
AcDbLine
 10
69324.38
 20
35239.01
 30
0.0
 11
80324.38
 21
35239.01
 31
0.0
  0
INSERT
  5
2E1
330
2DC
100
AcDbEntity
  8
AXIS
 62
     0
440
 16777216
370
    -2
100
AcDbBlockReference
  2
_ArchTick
 10
69324.38
 20
35239.01
 30
0.0
 41
100.0
 42
100.0
 43
100.0
 50
180.0
  0
INSERT
  5
2E2
330
2DC
100
AcDbEntity
  8
AXIS
 62
     0
440
 16777216
370
    -2
100
AcDbBlockReference
  2
_ArchTick
 10
80324.38
 20
35239.01
 30
0.0
 41
100.0
 42
100.0
 43
100.0
  0
MTEXT
  5
2E3
330
2DC
100
AcDbEntity
  8
AXIS
 62
     7
440
 16777216
100
AcDbMText
 10
74824.38
 20
35514.01
 30
0.0
 40
297.5
 41
0.0
 46
0.0
 71
     5
 72
     1
  1
\A1;11000
  7
_TCH_DIM_T3
 73
     1
 44
1.0
  0
POINT
  5
2E4
330
2DC
100
AcDbEntity
  8
Defpoints
 62
     0
440
 16777216
100
AcDbPoint
 10
69324.38
 20
31939.01
 30
0.0
  0
POINT
  5
2E5
330
2DC
100
AcDbEntity
  8
Defpoints
 62
     0
440
 16777216
100
AcDbPoint
 10
80324.38
 20
31939.01
 30
0.0
  0
POINT
  5
2E6
330
2DC
100
AcDbEntity
  8
Defpoints
 62
     0
440
 16777216
100
AcDbPoint
 10
80324.38
 20
35239.01
 30
0.0
  0
ENDBLK
  5
2E7
330
2DC
100
AcDbEntity
  8
0
100
AcDbBlockEnd
  0
BLOCK
  5
2EA
330
2E9
100
AcDbEntity
  8
0
100
AcDbBlockBegin
  2
*D24
 70
     1
 10
0.0
 20
0.0
 30
0.0
  3
*D24
  1

  0
LINE
  5
2EB
330
2E9
100
AcDbEntity
  8
AXIS
 62
     0
440
 16777216
370
    -2
100
AcDbLine
 10
69324.38
 20
21139.01
 30
0.0
 11
69324.38
 21
18689.01
 31
0.0
  0
LINE
  5
2EC
330
2E9
100
AcDbEntity
  8
AXIS
 62
     0
440
 16777216
370
    -2
100
AcDbLine
 10
73324.38
 20
21139.01
 30
0.0
 11
73324.38
 21
18689.01
 31
0.0
  0
LINE
  5
2ED
330
2E9
100
AcDbEntity
  8
AXIS
 62
     0
440
 16777216
370
    -2
100
AcDbLine
 10
69324.38
 20
18939.01
 30
0.0
 11
73324.38
 21
18939.01
 31
0.0
  0
INSERT
  5
2EE
330
2E9
100
AcDbEntity
  8
AXIS
 62
     0
440
 16777216
370
    -2
100
AcDbBlockReference
  2
_ArchTick
 10
69324.38
 20
18939.01
 30
0.0
 41
100.0
 42
100.0
 43
100.0
 50
180.0
  0
INSERT
  5
2EF
330
2E9
100
AcDbEntity
  8
AXIS
 62
     0
440
 16777216
370
    -2
100
AcDbBlockReference
  2
_ArchTick
 10
73324.38
 20
18939.01
 30
0.0
 41
100.0
 42
100.0
 43
100.0
  0
MTEXT
  5
2F0
330
2E9
100
AcDbEntity
  8
AXIS
 62
     7
440
 16777216
100
AcDbMText
 10
71324.38
 20
19214.01
 30
0.0
 40
297.5
 41
0.0
 46
0.0
 71
     5
 72
     1
  1
\A1;4000
  7
_TCH_DIM_T3
 73
     1
 44
1.0
  0
POINT
  5
2F1
330
2E9
100
AcDbEntity
  8
Defpoints
 62
     0
440
 16777216
100
AcDbPoint
 10
69324.38
 20
21439.01
 30
0.0
  0
POINT
  5
2F2
330
2E9
100
AcDbEntity
  8
Defpoints
 62
     0
440
 16777216
100
AcDbPoint
 10
73324.38
 20
21439.01
 30
0.0
  0
POINT
  5
2F3
330
2E9
100
AcDbEntity
  8
Defpoints
 62
     0
440
 16777216
100
AcDbPoint
 10
73324.38
 20
18939.01
 30
0.0
  0
ENDBLK
  5
2F4
330
2E9
100
AcDbEntity
  8
0
100
AcDbBlockEnd
  0
BLOCK
  5
2F7
330
2F6
100
AcDbEntity
  8
0
100
AcDbBlockBegin
  2
*D25
 70
     1
 10
0.0
 20
0.0
 30
0.0
  3
*D25
  1

  0
LINE
  5
2F8
330
2F6
100
AcDbEntity
  8
AXIS
 62
     0
440
 16777216
370
    -2
100
AcDbLine
 10
73324.38
 20
21139.01
 30
0.0
 11
73324.38
 21
18689.01
 31
0.0
  0
LINE
  5
2F9
330
2F6
100
AcDbEntity
  8
AXIS
 62
     0
440
 16777216
370
    -2
100
AcDbLine
 10
77324.38
 20
21139.01
 30
0.0
 11
77324.38
 21
18689.01
 31
0.0
  0
LINE
  5
2FA
330
2F6
100
AcDbEntity
  8
AXIS
 62
     0
440
 16777216
370
    -2
100
AcDbLine
 10
73324.38
 20
18939.01
 30
0.0
 11
77324.38
 21
18939.01
 31
0.0
  0
INSERT
  5
2FB
330
2F6
100
AcDbEntity
  8
AXIS
 62
     0
440
 16777216
370
    -2
100
AcDbBlockReference
  2
_ArchTick
 10
73324.38
 20
18939.01
 30
0.0
 41
100.0
 42
100.0
 43
100.0
 50
180.0
  0
INSERT
  5
2FC
330
2F6
100
AcDbEntity
  8
AXIS
 62
     0
440
 16777216
370
    -2
100
AcDbBlockReference
  2
_ArchTick
 10
77324.38
 20
18939.01
 30
0.0
 41
100.0
 42
100.0
 43
100.0
  0
MTEXT
  5
2FD
330
2F6
100
AcDbEntity
  8
AXIS
 62
     7
440
 16777216
100
AcDbMText
 10
75324.38
 20
19214.01
 30
0.0
 40
297.5
 41
0.0
 46
0.0
 71
     5
 72
     1
  1
\A1;4000
  7
_TCH_DIM_T3
 73
     1
 44
1.0
  0
POINT
  5
2FE
330
2F6
100
AcDbEntity
  8
Defpoints
 62
     0
440
 16777216
100
AcDbPoint
 10
73324.38
 20
21439.01
 30
0.0
  0
POINT
  5
2FF
330
2F6
100
AcDbEntity
  8
Defpoints
 62
     0
440
 16777216
100
AcDbPoint
 10
77324.38
 20
21439.01
 30
0.0
  0
POINT
  5
300
330
2F6
100
AcDbEntity
  8
Defpoints
 62
     0
440
 16777216
100
AcDbPoint
 10
77324.38
 20
18939.01
 30
0.0
  0
ENDBLK
  5
301
330
2F6
100
AcDbEntity
  8
0
100
AcDbBlockEnd
  0
BLOCK
  5
304
330
303
100
AcDbEntity
  8
0
100
AcDbBlockBegin
  2
*D26
 70
     1
 10
0.0
 20
0.0
 30
0.0
  3
*D26
  1

  0
LINE
  5
305
330
303
100
AcDbEntity
  8
AXIS
 62
     0
440
 16777216
370
    -2
100
AcDbLine
 10
77324.38
 20
21139.01
 30
0.0
 11
77324.38
 21
18689.01
 31
0.0
  0
LINE
  5
306
330
303
100
AcDbEntity
  8
AXIS
 62
     0
440
 16777216
370
    -2
100
AcDbLine
 10
80324.38
 20
21139.01
 30
0.0
 11
80324.38
 21
18689.01
 31
0.0
  0
LINE
  5
307
330
303
100
AcDbEntity
  8
AXIS
 62
     0
440
 16777216
370
    -2
100
AcDbLine
 10
77324.38
 20
18939.01
 30
0.0
 11
80324.38
 21
18939.01
 31
0.0
  0
INSERT
  5
308
330
303
100
AcDbEntity
  8
AXIS
 62
     0
440
 16777216
370
    -2
100
AcDbBlockReference
  2
_ArchTick
 10
77324.38
 20
18939.01
 30
0.0
 41
100.0
 42
100.0
 43
100.0
 50
180.0
  0
INSERT
  5
309
330
303
100
AcDbEntity
  8
AXIS
 62
     0
440
 16777216
370
    -2
100
AcDbBlockReference
  2
_ArchTick
 10
80324.38
 20
18939.01
 30
0.0
 41
100.0
 42
100.0
 43
100.0
  0
MTEXT
  5
30A
330
303
100
AcDbEntity
  8
AXIS
 62
     7
440
 16777216
100
AcDbMText
 10
78824.38
 20
19214.01
 30
0.0
 40
297.5
 41
0.0
 46
0.0
 71
     5
 72
     1
  1
\A1;3000
  7
_TCH_DIM_T3
 73
     1
 44
1.0
  0
POINT
  5
30B
330
303
100
AcDbEntity
  8
Defpoints
 62
     0
440
 16777216
100
AcDbPoint
 10
77324.38
 20
21439.01
 30
0.0
  0
POINT
  5
30C
330
303
100
AcDbEntity
  8
Defpoints
 62
     0
440
 16777216
100
AcDbPoint
 10
80324.38
 20
21439.01
 30
0.0
  0
POINT
  5
30D
330
303
100
AcDbEntity
  8
Defpoints
 62
     0
440
 16777216
100
AcDbPoint
 10
80324.38
 20
18939.01
 30
0.0
  0
ENDBLK
  5
30E
330
303
100
AcDbEntity
  8
0
100
AcDbBlockEnd
  0
BLOCK
  5
311
330
310
100
AcDbEntity
  8
0
100
AcDbBlockBegin
  2
*D27
 70
     1
 10
0.0
 20
0.0
 30
0.0
  3
*D27
  1

  0
LINE
  5
312
330
310
100
AcDbEntity
  8
AXIS
 62
     0
440
 16777216
370
    -2
100
AcDbLine
 10
69324.38
 20
21139.01
 30
0.0
 11
69324.38
 21
17889.01
 31
0.0
  0
LINE
  5
313
330
310
100
AcDbEntity
  8
AXIS
 62
     0
440
 16777216
370
    -2
100
AcDbLine
 10
80324.38
 20
21139.01
 30
0.0
 11
80324.38
 21
17889.01
 31
0.0
  0
LINE
  5
314
330
310
100
AcDbEntity
  8
AXIS
 62
     0
440
 16777216
370
    -2
100
AcDbLine
 10
69324.38
 20
18139.01
 30
0.0
 11
80324.38
 21
18139.01
 31
0.0
  0
INSERT
  5
315
330
310
100
AcDbEntity
  8
AXIS
 62
     0
440
 16777216
370
    -2
100
AcDbBlockReference
  2
_ArchTick
 10
69324.38
 20
18139.01
 30
0.0
 41
100.0
 42
100.0
 43
100.0
 50
180.0
  0
INSERT
  5
316
330
310
100
AcDbEntity
  8
AXIS
 62
     0
440
 16777216
370
    -2
100
AcDbBlockReference
  2
_ArchTick
 10
80324.38
 20
18139.01
 30
0.0
 41
100.0
 42
100.0
 43
100.0
  0
MTEXT
  5
317
330
310
100
AcDbEntity
  8
AXIS
 62
     7
440
 16777216
100
AcDbMText
 10
74824.38
 20
18414.01
 30
0.0
 40
297.5
 41
0.0
 46
0.0
 71
     5
 72
     1
  1
\A1;11000
  7
_TCH_DIM_T3
 73
     1
 44
1.0
  0
POINT
  5
318
330
310
100
AcDbEntity
  8
Defpoints
 62
     0
440
 16777216
100
AcDbPoint
 10
69324.38
 20
21439.01
 30
0.0
  0
POINT
  5
319
330
310
100
AcDbEntity
  8
Defpoints
 62
     0
440
 16777216
100
AcDbPoint
 10
80324.38
 20
21439.01
 30
0.0
  0
POINT
  5
31A
330
310
100
AcDbEntity
  8
Defpoints
 62
     0
440
 16777216
100
AcDbPoint
 10
80324.38
 20
18139.01
 30
0.0
  0
ENDBLK
  5
31B
330
310
100
AcDbEntity
  8
0
100
AcDbBlockEnd
  0
BLOCK
  5
380
330
37F
100
AcDbEntity
  8
0
100
AcDbBlockBegin
  2
_AXISO
 70
     2
 10
0.0
 20
0.0
 30
0.0
  3
_AXISO
  1

  0
CIRCLE
  5
381
330
37F
100
AcDbEntity
  8
0
100
AcDbCircle
 10
0.0
 20
0.0
 30
0.0
 40
0.5
  0
ATTDEF
  5
382
330
37F
100
AcDbEntity
  8
AXIS_TEXT
100
AcDbText
 10
-0.25
 20
-0.28
 30
0.0
 40
0.56
  1

 41
1.04
  7
COMPLEX
 72
     5
 11
0.25
 21
-0.28
 31
0.0
100
AcDbAttributeDefinition
280
     0
  3

  2
A
 70
     0
280
     0
  0
ENDBLK
  5
385
330
37F
100
AcDbEntity
  8
0
100
AcDbBlockEnd
  0
BLOCK
  5
41B
330
417
100
AcDbEntity
  8
0
100
AcDbBlockBegin
  2
_FZH
 70
     0
 10
0.0
 20
0.0
 30
0.0
  3
_FZH
  1

  0
SOLID
  5
418
330
417
100
AcDbEntity
  8
PUB_HATCH
100
AcDbTrace
 10
-0.5
 20
-0.5
 30
0.0
 11
0.5
 21
-0.5
 31
0.0
 12
-0.5
 22
0.5
 32
0.0
 13
0.5
 23
0.5
 33
0.0
  0
LWPOLYLINE
  5
419
330
417
100
AcDbEntity
  8
0
100
AcDbPolyline
 90
        4
 70
     1
 43
0.0
 10
-0.5
 20
-0.5
 10
0.5
 20
-0.5
 10
0.5
 20
0.5
 10
-0.5
 20
0.5
  0
ENDBLK
  5
41C
330
417
100
AcDbEntity
  8
0
100
AcDbBlockEnd
  0
ENDSEC
  0
SECTION
  2
ENTITIES
  0
LINE
  5
10
330
2
100
AcDbEntity
  8
DOTE
100
AcDbLine
 10
69324.38
 20
21439.01
 30
0.0
 11
69324.38
 21
31939.01
 31
0.0
  0
LINE
  5
15
330
2
100
AcDbEntity
  8
DOTE
100
AcDbLine
 10
73324.38
 20
21439.01
 30
0.0
 11
73324.38
 21
31939.01
 31
0.0
  0
LINE
  5
16
330
2
100
AcDbEntity
  8
DOTE
100
AcDbLine
 10
77324.38
 20
21439.01
 30
0.0
 11
77324.38
 21
31939.01
 31
0.0
  0
LINE
  5
17
330
2
100
AcDbEntity
  8
DOTE
100
AcDbLine
 10
68324.38
 20
22439.01
 30
0.0
 11
81324.38
 21
22439.01
 31
0.0
  0
LINE
  5
18
330
2
100
AcDbEntity
  8
DOTE
100
AcDbLine
 10
68324.38
 20
26939.01
 30
0.0
 11
81324.38
 21
26939.01
 31
0.0
  0
LINE
  5
77
330
2
100
AcDbEntity
  8
DOTE
100
AcDbLine
 10
68324.38
 20
24439.01
 30
0.0
 11
81324.38
 21
24439.01
 31
0.0
  0
LINE
  5
78
330
2
100
AcDbEntity
  8
DOTE
100
AcDbLine
 10
68324.38
 20
30939.01
 30
0.0
 11
81324.38
 21
30939.01
 31
0.0
  0
LINE
  5
FF
330
2
100
AcDbEntity
  8
DOTE
100
AcDbLine
 10
68324.38
 20
29939.01
 30
0.0
 11
81324.38
 21
29939.01
 31
0.0
  0
LINE
  5
211
330
2
100
AcDbEntity
  8
DOTE
100
AcDbLine
 10
80324.38
 20
21439.01
 30
0.0
 11
80324.38
 21
31939.01
 31
0.0
  0
LWPOLYLINE
  5
21C
330
2
100
AcDbEntity
  8
0
100
AcDbPolyline
 90
        4
 70
     0
 43
0.0
 10
73324.38
 20
22339.01
 10
73324.38
 20
20339.01
 10
77324.38
 20
20339.01
 10
77324.38
 20
22339.01
  0
LWPOLYLINE
  5
21D
330
2
100
AcDbEntity
  8
0
100
AcDbPolyline
 90
        4
 70
     0
 43
0.0
 10
73324.38
 20
22339.01
 10
73324.38
 20
20039.01
 10
77324.38
 20
20039.01
 10
77324.38
 20
22339.01
  0
DIMENSION
  5
22B
330
2
100
AcDbEntity
  8
AXIS
100
AcDbDimension
280
     0
  2
*D10
 10
83824.38
 20
24439.01
 30
0.0
 11
83549.38
 21
23439.01
 31
0.0
 70
     1
 71
     5
 42
2000.0
 73
     0
 74
     0
 75
     0
  3
_TCH_ARCH&&100
100
AcDbAlignedDimension
 13
81324.38
 23
22439.01
 33
0.0
 14
81324.38
 24
24439.01
 34
0.0
  0
DIMENSION
  5
23F
330
2
100
AcDbEntity
  8
AXIS
100
AcDbDimension
280
     0
  2
*D11
 10
83824.38
 20
26939.01
 30
0.0
 11
83549.38
 21
25689.01
 31
0.0
 70
     1
 71
     5
 42
2500.0
 73
     0
 74
     0
 75
     0
  3
_TCH_ARCH&&100
100
AcDbAlignedDimension
 13
81324.38
 23
24439.01
 33
0.0
 14
81324.38
 24
26939.01
 34
0.0
  0
DIMENSION
  5
24C
330
2
100
AcDbEntity
  8
AXIS
100
AcDbDimension
280
     0
  2
*D12
 10
83824.38
 20
29939.01
 30
0.0
 11
83549.38
 21
28439.01
 31
0.0
 70
     1
 71
     5
 42
3000.0
 73
     0
 74
     0
 75
     0
  3
_TCH_ARCH&&100
100
AcDbAlignedDimension
 13
81324.38
 23
26939.01
 33
0.0
 14
81324.38
 24
29939.01
 34
0.0
  0
DIMENSION
  5
259
330
2
100
AcDbEntity
  8
AXIS
100
AcDbDimension
280
     0
  2
*D13
 10
83824.38
 20
30939.01
 30
0.0
 11
83549.38
 21
30439.01
 31
0.0
 70
     1
 71
     5
 42
1000.0
 73
     0
 74
     0
 75
     0
  3
_TCH_ARCH&&100
100
AcDbAlignedDimension
 13
81324.38
 23
29939.01
 33
0.0
 14
81324.38
 24
30939.01
 34
0.0
  0
DIMENSION
  5
266
330
2
100
AcDbEntity
  8
AXIS
100
AcDbDimension
280
     0
  2
*D14
 10
84624.38
 20
30939.01
 30
0.0
 11
84349.38
 21
26689.01
 31
0.0
 70
     1
 71
     5
 42
8500.0
 73
     0
 74
     0
 75
     0
  3
_TCH_ARCH&&100
100
AcDbAlignedDimension
 13
81324.38
 23
22439.01
 33
0.0
 14
81324.38
 24
30939.01
 34
0.0
  0
DIMENSION
  5
273
330
2
100
AcDbEntity
  8
AXIS
100
AcDbDimension
280
     0
  2
*D15
 10
65824.38
 20
24439.01
 30
0.0
 11
65549.38
 21
23439.01
 31
0.0
 70
     1
 71
     5
 42
2000.0
 73
     0
 74
     0
 75
     0
  3
_TCH_ARCH&&100
100
AcDbAlignedDimension
 13
68324.38
 23
22439.01
 33
0.0
 14
68324.38
 24
24439.01
 34
0.0
  0
DIMENSION
  5
280
330
2
100
AcDbEntity
  8
AXIS
100
AcDbDimension
280
     0
  2
*D16
 10
65824.38
 20
26939.01
 30
0.0
 11
65549.38
 21
25689.01
 31
0.0
 70
     1
 71
     5
 42
2500.0
 73
     0
 74
     0
 75
     0
  3
_TCH_ARCH&&100
100
AcDbAlignedDimension
 13
68324.38
 23
24439.01
 33
0.0
 14
68324.38
 24
26939.01
 34
0.0
  0
DIMENSION
  5
28D
330
2
100
AcDbEntity
  8
AXIS
100
AcDbDimension
280
     0
  2
*D17
 10
65824.38
 20
29939.01
 30
0.0
 11
65549.38
 21
28439.01
 31
0.0
 70
     1
 71
     5
 42
3000.0
 73
     0
 74
     0
 75
     0
  3
_TCH_ARCH&&100
100
AcDbAlignedDimension
 13
68324.38
 23
26939.01
 33
0.0
 14
68324.38
 24
29939.01
 34
0.0
  0
DIMENSION
  5
29A
330
2
100
AcDbEntity
  8
AXIS
100
AcDbDimension
280
     0
  2
*D18
 10
65824.38
 20
30939.01
 30
0.0
 11
65549.38
 21
30439.01
 31
0.0
 70
     1
 71
     5
 42
1000.0
 73
     0
 74
     0
 75
     0
  3
_TCH_ARCH&&100
100
AcDbAlignedDimension
 13
68324.38
 23
29939.01
 33
0.0
 14
68324.38
 24
30939.01
 34
0.0
  0
DIMENSION
  5
2A7
330
2
100
AcDbEntity
  8
AXIS
100
AcDbDimension
280
     0
  2
*D19
 10
65024.38
 20
30939.01
 30
0.0
 11
64749.38
 21
26689.01
 31
0.0
 70
     1
 71
     5
 42
8500.0
 73
     0
 74
     0
 75
     0
  3
_TCH_ARCH&&100
100
AcDbAlignedDimension
 13
68324.38
 23
22439.01
 33
0.0
 14
68324.38
 24
30939.01
 34
0.0
  0
DIMENSION
  5
2B4
330
2
100
AcDbEntity
  8
AXIS
100
AcDbDimension
280
     0
  2
*D20
 10
73324.38
 20
34439.01
 30
0.0
 11
71324.38
 21
34714.01
 31
0.0
 70
     1
 71
     5
 42
4000.0
 73
     0
 74
     0
 75
     0
  3
_TCH_ARCH&&100
100
AcDbAlignedDimension
 13
69324.38
 23
31939.01
 33
0.0
 14
73324.38
 24
31939.01
 34
0.0
  0
DIMENSION
  5
2C1
330
2
100
AcDbEntity
  8
AXIS
100
AcDbDimension
280
     0
  2
*D21
 10
77324.38
 20
34439.01
 30
0.0
 11
75324.38
 21
34714.01
 31
0.0
 70
     1
 71
     5
 42
4000.0
 73
     0
 74
     0
 75
     0
  3
_TCH_ARCH&&100
100
AcDbAlignedDimension
 13
73324.38
 23
31939.01
 33
0.0
 14
77324.38
 24
31939.01
 34
0.0
  0
DIMENSION
  5
2CE
330
2
100
AcDbEntity
  8
AXIS
100
AcDbDimension
280
     0
  2
*D22
 10
80324.38
 20
34439.01
 30
0.0
 11
78824.38
 21
34714.01
 31
0.0
 70
     1
 71
     5
 42
3000.0
 73
     0
 74
     0
 75
     0
  3
_TCH_ARCH&&100
100
AcDbAlignedDimension
 13
77324.38
 23
31939.01
 33
0.0
 14
80324.38
 24
31939.01
 34
0.0
  0
DIMENSION
  5
2DB
330
2
100
AcDbEntity
  8
AXIS
100
AcDbDimension
280
     0
  2
*D23
 10
80324.38
 20
35239.01
 30
0.0
 11
74824.38
 21
35514.01
 31
0.0
 70
     1
 71
     5
 42
11000.0
 73
     0
 74
     0
 75
     0
  3
_TCH_ARCH&&100
100
AcDbAlignedDimension
 13
69324.38
 23
31939.01
 33
0.0
 14
80324.38
 24
31939.01
 34
0.0
  0
DIMENSION
  5
2E8
330
2
100
AcDbEntity
  8
AXIS
100
AcDbDimension
280
     0
  2
*D24
 10
73324.38
 20
18939.01
 30
0.0
 11
71324.38
 21
19214.01
 31
0.0
 70
     1
 71
     5
 42
4000.0
 73
     0
 74
     0
 75
     0
  3
_TCH_ARCH&&100
100
AcDbAlignedDimension
 13
69324.38
 23
21439.01
 33
0.0
 14
73324.38
 24
21439.01
 34
0.0
  0
DIMENSION
  5
2F5
330
2
100
AcDbEntity
  8
AXIS
100
AcDbDimension
280
     0
  2
*D25
 10
77324.38
 20
18939.01
 30
0.0
 11
75324.38
 21
19214.01
 31
0.0
 70
     1
 71
     5
 42
4000.0
 73
     0
 74
     0
 75
     0
  3
_TCH_ARCH&&100
100
AcDbAlignedDimension
 13
73324.38
 23
21439.01
 33
0.0
 14
77324.38
 24
21439.01
 34
0.0
  0
DIMENSION
  5
302
330
2
100
AcDbEntity
  8
AXIS
100
AcDbDimension
280
     0
  2
*D26
 10
80324.38
 20
18939.01
 30
0.0
 11
78824.38
 21
19214.01
 31
0.0
 70
     1
 71
     5
 42
3000.0
 73
     0
 74
     0
 75
     0
  3
_TCH_ARCH&&100
100
AcDbAlignedDimension
 13
77324.38
 23
21439.01
 33
0.0
 14
80324.38
 24
21439.01
 34
0.0
  0
DIMENSION
  5
30F
330
2
100
AcDbEntity
  8
AXIS
100
AcDbDimension
280
     0
  2
*D27
 10
80324.38
 20
18139.01
 30
0.0
 11
74824.38
 21
18414.01
 31
0.0
 70
     1
 71
     5
 42
11000.0
 73
     0
 74
     0
 75
     0
  3
_TCH_ARCH&&100
100
AcDbAlignedDimension
 13
69324.38
 23
21439.01
 33
0.0
 14
80324.38
 24
21439.01
 34
0.0
  0
LINE
  5
399
330
2
100
AcDbEntity
  8
WALL
100
AcDbLine
 10
73224.38
 20
22539.01
 30
0.0
 11
72224.38
 21
22539.01
 31
0.0
  0
LINE
  5
39A
330
2
100
AcDbEntity
  8
WALL
100
AcDbLine
 10
72224.38
 20
22539.01
 30
0.0
 11
72224.38
 21
22339.01
 31
0.0
  0
LINE
  5
39B
330
2
100
AcDbEntity
  8
WALL
100
AcDbLine
 10
72224.38
 20
22339.01
 30
0.0
 11
73224.38
 21
22339.01
 31
0.0
  0
LINE
  5
39C
330
2
100
AcDbEntity
  8
WALL
100
AcDbLine
 10
69424.38
 20
22339.01
 30
0.0
 11
70424.38
 21
22339.01
 31
0.0
  0
LINE
  5
39D
330
2
100
AcDbEntity
  8
WALL
100
AcDbLine
 10
70424.38
 20
22339.01
 30
0.0
 11
70424.38
 21
22539.01
 31
0.0
  0
LINE
  5
39E
330
2
100
AcDbEntity
  8
WALL
100
AcDbLine
 10
70424.38
 20
22539.01
 30
0.0
 11
69424.38
 21
22539.01
 31
0.0
  0
LINE
  5
39F
330
2
100
AcDbEntity
  8
WALL
100
AcDbLine
 10
69224.38
 20
22539.01
 30
0.0
 11
69224.38
 21
26839.01
 31
0.0
  0
LINE
  5
3A0
330
2
100
AcDbEntity
  8
WALL
100
AcDbLine
 10
69424.38
 20
22539.01
 30
0.0
 11
69424.38
 21
26839.01
 31
0.0
  0
LINE
  5
3A1
330
2
100
AcDbEntity
  8
WALL
100
AcDbLine
 10
69424.38
 20
27039.01
 30
0.0
 11
71724.38
 21
27039.01
 31
0.0
  0
LINE
  5
3A2
330
2
100
AcDbEntity
  8
WALL
100
AcDbLine
 10
69424.38
 20
26839.01
 30
0.0
 11
71824.38
 21
26839.01
 31
0.0
  0
LINE
  5
3A3
330
2
100
AcDbEntity
  8
WALL
100
AcDbLine
 10
73424.38
 20
26839.01
 30
0.0
 11
73424.38
 21
22539.01
 31
0.0
  0
LINE
  5
3A4
330
2
100
AcDbEntity
  8
WALL
100
AcDbLine
 10
73224.38
 20
26839.01
 30
0.0
 11
73224.38
 21
22539.01
 31
0.0
  0
LINE
  5
3A5
330
2
100
AcDbEntity
  8
WALL
100
AcDbLine
 10
77424.38
 20
24339.01
 30
0.0
 11
77924.38
 21
24339.01
 31
0.0
  0
LINE
  5
3A6
330
2
100
AcDbEntity
  8
WALL
100
AcDbLine
 10
77924.38
 20
24339.01
 30
0.0
 11
77924.38
 21
24539.01
 31
0.0
  0
LINE
  5
3A7
330
2
100
AcDbEntity
  8
WALL
100
AcDbLine
 10
77924.38
 20
24539.01
 30
0.0
 11
77424.38
 21
24539.01
 31
0.0
  0
LINE
  5
3A8
330
2
100
AcDbEntity
  8
WALL
100
AcDbLine
 10
80224.38
 20
24539.01
 30
0.0
 11
79724.38
 21
24539.01
 31
0.0
  0
LINE
  5
3A9
330
2
100
AcDbEntity
  8
WALL
100
AcDbLine
 10
79724.38
 20
24539.01
 30
0.0
 11
79724.38
 21
24339.01
 31
0.0
  0
LINE
  5
3AA
330
2
100
AcDbEntity
  8
WALL
100
AcDbLine
 10
79724.38
 20
24339.01
 30
0.0
 11
80224.38
 21
24339.01
 31
0.0
  0
LINE
  5
3AB
330
2
100
AcDbEntity
  8
WALL
100
AcDbLine
 10
80224.38
 20
24539.01
 30
0.0
 11
80224.38
 21
26839.01
 31
0.0
  0
LINE
  5
3AC
330
2
100
AcDbEntity
  8
WALL
100
AcDbLine
 10
80424.38
 20
24539.01
 30
0.0
 11
80424.38
 21
26839.01
 31
0.0
  0
LINE
  5
3AD
330
2
100
AcDbEntity
  8
WALL
100
AcDbLine
 10
80224.38
 20
28339.01
 30
0.0
 11
77424.38
 21
28339.01
 31
0.0
  0
LINE
  5
3AE
330
2
100
AcDbEntity
  8
WALL
100
AcDbLine
 10
80224.38
 20
28539.01
 30
0.0
 11
77424.38
 21
28539.01
 31
0.0
  0
LINE
  5
3AF
330
2
100
AcDbEntity
  8
WALL
100
AcDbLine
 10
77224.38
 20
28439.01
 30
0.0
 11
77224.38
 21
28239.01
 31
0.0
  0
LINE
  5
3B0
330
2
100
AcDbEntity
  8
WALL
100
AcDbLine
 10
77224.38
 20
28239.01
 30
0.0
 11
77424.38
 21
28239.01
 31
0.0
  0
LINE
  5
3B1
330
2
100
AcDbEntity
  8
WALL
100
AcDbLine
 10
77424.38
 20
28239.01
 30
0.0
 11
77424.38
 21
28339.01
 31
0.0
  0
LINE
  5
3B2
330
2
100
AcDbEntity
  8
WALL
100
AcDbLine
 10
77424.38
 20
27039.01
 30
0.0
 11
77424.38
 21
27239.01
 31
0.0
  0
LINE
  5
3B3
330
2
100
AcDbEntity
  8
WALL
100
AcDbLine
 10
77424.38
 20
27239.01
 30
0.0
 11
77224.38
 21
27239.01
 31
0.0
  0
LINE
  5
3B4
330
2
100
AcDbEntity
  8
WALL
100
AcDbLine
 10
77224.38
 20
27239.01
 30
0.0
 11
77224.38
 21
27039.01
 31
0.0
  0
LINE
  5
3B5
330
2
100
AcDbEntity
  8
WALL
100
AcDbLine
 10
77424.38
 20
28539.01
 30
0.0
 11
77424.38
 21
28639.01
 31
0.0
  0
LINE
  5
3B6
330
2
100
AcDbEntity
  8
WALL
100
AcDbLine
 10
77424.38
 20
28639.01
 30
0.0
 11
77224.38
 21
28639.01
 31
0.0
  0
LINE
  5
3B7
330
2
100
AcDbEntity
  8
WALL
100
AcDbLine
 10
77224.38
 20
28639.01
 30
0.0
 11
77224.38
 21
28439.01
 31
0.0
  0
LINE
  5
3B8
330
2
100
AcDbEntity
  8
WALL
100
AcDbLine
 10
77224.38
 20
29839.01
 30
0.0
 11
77224.38
 21
29639.01
 31
0.0
  0
LINE
  5
3B9
330
2
100
AcDbEntity
  8
WALL
100
AcDbLine
 10
77224.38
 20
29639.01
 30
0.0
 11
77424.38
 21
29639.01
 31
0.0
  0
LINE
  5
3BA
330
2
100
AcDbEntity
  8
WALL
100
AcDbLine
 10
77424.38
 20
29639.01
 30
0.0
 11
77424.38
 21
29839.01
 31
0.0
  0
LINE
  5
3BB
330
2
100
AcDbEntity
  8
WALL
100
AcDbLine
 10
77424.38
 20
30839.01
 30
0.0
 11
77924.38
 21
30839.01
 31
0.0
  0
LINE
  5
3BC
330
2
100
AcDbEntity
  8
WALL
100
AcDbLine
 10
77924.38
 20
30839.01
 30
0.0
 11
77924.38
 21
31039.01
 31
0.0
  0
LINE
  5
3BD
330
2
100
AcDbEntity
  8
WALL
100
AcDbLine
 10
77924.38
 20
31039.01
 30
0.0
 11
77424.38
 21
31039.01
 31
0.0
  0
LINE
  5
3BE
330
2
100
AcDbEntity
  8
WALL
100
AcDbLine
 10
80224.38
 20
31039.01
 30
0.0
 11
79724.38
 21
31039.01
 31
0.0
  0
LINE
  5
3BF
330
2
100
AcDbEntity
  8
WALL
100
AcDbLine
 10
79724.38
 20
31039.01
 30
0.0
 11
79724.38
 21
30839.01
 31
0.0
  0
LINE
  5
3C0
330
2
100
AcDbEntity
  8
WALL
100
AcDbLine
 10
79724.38
 20
30839.01
 30
0.0
 11
80224.38
 21
30839.01
 31
0.0
  0
LINE
  5
3C1
330
2
100
AcDbEntity
  8
WALL
100
AcDbLine
 10
80424.38
 20
30839.01
 30
0.0
 11
80424.38
 21
28439.01
 31
0.0
  0
LINE
  5
3C2
330
2
100
AcDbEntity
  8
WALL
100
AcDbLine
 10
80224.38
 20
30839.01
 30
0.0
 11
80224.38
 21
28539.01
 31
0.0
  0
LINE
  5
3C3
330
2
100
AcDbEntity
  8
WALL
100
AcDbLine
 10
77224.38
 20
24339.01
 30
0.0
 11
77224.38
 21
23789.01
 31
0.0
  0
LINE
  5
3C4
330
2
100
AcDbEntity
  8
WALL
100
AcDbLine
 10
77224.38
 20
23789.01
 30
0.0
 11
77424.38
 21
23789.01
 31
0.0
  0
LINE
  5
3C5
330
2
100
AcDbEntity
  8
WALL
100
AcDbLine
 10
77424.38
 20
23789.01
 30
0.0
 11
77424.38
 21
24339.01
 31
0.0
  0
LINE
  5
3C6
330
2
100
AcDbEntity
  8
WALL
100
AcDbLine
 10
77424.38
 20
22539.01
 30
0.0
 11
77424.38
 21
22889.01
 31
0.0
  0
LINE
  5
3C7
330
2
100
AcDbEntity
  8
WALL
100
AcDbLine
 10
77424.38
 20
22889.01
 30
0.0
 11
77224.38
 21
22889.01
 31
0.0
  0
LINE
  5
3C8
330
2
100
AcDbEntity
  8
WALL
100
AcDbLine
 10
77224.38
 20
22889.01
 30
0.0
 11
77224.38
 21
22539.01
 31
0.0
  0
LINE
  5
3C9
330
2
100
AcDbEntity
  8
WALL
100
AcDbLine
 10
77224.38
 20
22539.01
 30
0.0
 11
76524.38
 21
22539.01
 31
0.0
  0
LINE
  5
3CA
330
2
100
AcDbEntity
  8
WALL
100
AcDbLine
 10
76524.38
 20
22539.01
 30
0.0
 11
76524.38
 21
22339.01
 31
0.0
  0
LINE
  5
3CB
330
2
100
AcDbEntity
  8
WALL
100
AcDbLine
 10
76524.38
 20
22339.01
 30
0.0
 11
77224.38
 21
22339.01
 31
0.0
  0
LINE
  5
3CC
330
2
100
AcDbEntity
  8
WALL
100
AcDbLine
 10
73424.38
 20
22339.01
 30
0.0
 11
74124.38
 21
22339.01
 31
0.0
  0
LINE
  5
3CD
330
2
100
AcDbEntity
  8
WALL
100
AcDbLine
 10
74124.38
 20
22339.01
 30
0.0
 11
74124.38
 21
22539.01
 31
0.0
  0
LINE
  5
3CE
330
2
100
AcDbEntity
  8
WALL
100
AcDbLine
 10
74124.38
 20
22539.01
 30
0.0
 11
73424.38
 21
22539.01
 31
0.0
  0
LINE
  5
3CF
330
2
100
AcDbEntity
  8
WALL
100
AcDbLine
 10
69224.38
 20
27039.01
 30
0.0
 11
69224.38
 21
29839.01
 31
0.0
  0
LINE
  5
3D0
330
2
100
AcDbEntity
  8
WALL
100
AcDbLine
 10
69424.38
 20
27039.01
 30
0.0
 11
69424.38
 21
29839.01
 31
0.0
  0
LINE
  5
3D1
330
2
100
AcDbEntity
  8
WALL
100
AcDbLine
 10
69424.38
 20
29839.01
 30
0.0
 11
70124.38
 21
29839.01
 31
0.0
  0
LINE
  5
3D2
330
2
100
AcDbEntity
  8
WALL
100
AcDbLine
 10
70124.38
 20
29839.01
 30
0.0
 11
70124.38
 21
30039.01
 31
0.0
  0
LINE
  5
3D3
330
2
100
AcDbEntity
  8
WALL
100
AcDbLine
 10
70124.38
 20
30039.01
 30
0.0
 11
69424.38
 21
30039.01
 31
0.0
  0
LINE
  5
3D4
330
2
100
AcDbEntity
  8
WALL
100
AcDbLine
 10
71824.38
 20
30039.01
 30
0.0
 11
71024.38
 21
30039.01
 31
0.0
  0
LINE
  5
3D5
330
2
100
AcDbEntity
  8
WALL
100
AcDbLine
 10
71024.38
 20
30039.01
 30
0.0
 11
71024.38
 21
29839.01
 31
0.0
  0
LINE
  5
3D6
330
2
100
AcDbEntity
  8
WALL
100
AcDbLine
 10
71024.38
 20
29839.01
 30
0.0
 11
71724.38
 21
29839.01
 31
0.0
  0
LINE
  5
3D7
330
2
100
AcDbEntity
  8
WALL
100
AcDbLine
 10
71824.38
 20
26839.01
 30
0.0
 11
72124.38
 21
26839.01
 31
0.0
  0
LINE
  5
3D8
330
2
100
AcDbEntity
  8
WALL
100
AcDbLine
 10
72124.38
 20
26839.01
 30
0.0
 11
72124.38
 21
27039.01
 31
0.0
  0
LINE
  5
3D9
330
2
100
AcDbEntity
  8
WALL
100
AcDbLine
 10
72124.38
 20
27039.01
 30
0.0
 11
71924.38
 21
27039.01
 31
0.0
  0
LINE
  5
3DA
330
2
100
AcDbEntity
  8
WALL
100
AcDbLine
 10
73224.38
 20
27039.01
 30
0.0
 11
73124.38
 21
27039.01
 31
0.0
  0
LINE
  5
3DB
330
2
100
AcDbEntity
  8
WALL
100
AcDbLine
 10
73124.38
 20
27039.01
 30
0.0
 11
73124.38
 21
26839.01
 31
0.0
  0
LINE
  5
3DC
330
2
100
AcDbEntity
  8
WALL
100
AcDbLine
 10
73124.38
 20
26839.01
 30
0.0
 11
73224.38
 21
26839.01
 31
0.0
  0
LINE
  5
3DD
330
2
100
AcDbEntity
  8
WALL
100
AcDbLine
 10
71924.38
 20
29839.01
 30
0.0
 11
71924.38
 21
28539.01
 31
0.0
  0
LINE
  5
3DE
330
2
100
AcDbEntity
  8
WALL
100
AcDbLine
 10
71724.38
 20
29839.01
 30
0.0
 11
71724.38
 21
28439.01
 31
0.0
  0
LINE
  5
3DF
330
2
100
AcDbEntity
  8
WALL
100
AcDbLine
 10
77224.38
 20
30039.01
 30
0.0
 11
77224.38
 21
30839.01
 31
0.0
  0
LINE
  5
3E0
330
2
100
AcDbEntity
  8
WALL
100
AcDbLine
 10
77424.38
 20
30039.01
 30
0.0
 11
77424.38
 21
30839.01
 31
0.0
  0
LINE
  5
3E1
330
2
100
AcDbEntity
  8
WALL
100
AcDbLine
 10
71924.38
 20
29839.01
 30
0.0
 11
72274.38
 21
29839.01
 31
0.0
  0
LINE
  5
3E2
330
2
100
AcDbEntity
  8
WALL
100
AcDbLine
 10
72274.38
 20
29839.01
 30
0.0
 11
72274.38
 21
30039.01
 31
0.0
  0
LINE
  5
3E3
330
2
100
AcDbEntity
  8
WALL
100
AcDbLine
 10
72274.38
 20
30039.01
 30
0.0
 11
71824.38
 21
30039.01
 31
0.0
  0
LINE
  5
3E4
330
2
100
AcDbEntity
  8
WALL
100
AcDbLine
 10
73224.38
 20
30039.01
 30
0.0
 11
72874.38
 21
30039.01
 31
0.0
  0
LINE
  5
3E5
330
2
100
AcDbEntity
  8
WALL
100
AcDbLine
 10
72874.38
 20
30039.01
 30
0.0
 11
72874.38
 21
29839.01
 31
0.0
  0
LINE
  5
3E6
330
2
100
AcDbEntity
  8
WALL
100
AcDbLine
 10
72874.38
 20
29839.01
 30
0.0
 11
73224.38
 21
29839.01
 31
0.0
  0
LINE
  5
3E7
330
2
100
AcDbEntity
  8
WALL
100
AcDbLine
 10
71724.38
 20
28439.01
 30
0.0
 11
71724.38
 21
27939.01
 31
0.0
  0
LINE
  5
3E8
330
2
100
AcDbEntity
  8
WALL
100
AcDbLine
 10
71724.38
 20
27939.01
 30
0.0
 11
71924.38
 21
27939.01
 31
0.0
  0
LINE
  5
3E9
330
2
100
AcDbEntity
  8
WALL
100
AcDbLine
 10
71924.38
 20
27939.01
 30
0.0
 11
71924.38
 21
28339.01
 31
0.0
  0
LINE
  5
3EA
330
2
100
AcDbEntity
  8
WALL
100
AcDbLine
 10
71924.38
 20
27039.01
 30
0.0
 11
71924.38
 21
27139.01
 31
0.0
  0
LINE
  5
3EB
330
2
100
AcDbEntity
  8
WALL
100
AcDbLine
 10
71924.38
 20
27139.01
 30
0.0
 11
71724.38
 21
27139.01
 31
0.0
  0
LINE
  5
3EC
330
2
100
AcDbEntity
  8
WALL
100
AcDbLine
 10
71724.38
 20
27139.01
 30
0.0
 11
71724.38
 21
27039.01
 31
0.0
  0
LINE
  5
3ED
330
2
100
AcDbEntity
  8
WALL
100
AcDbLine
 10
71924.38
 20
28339.01
 30
0.0
 11
72024.38
 21
28339.01
 31
0.0
  0
LINE
  5
3EE
330
2
100
AcDbEntity
  8
WALL
100
AcDbLine
 10
72024.38
 20
28339.01
 30
0.0
 11
72024.38
 21
28539.01
 31
0.0
  0
LINE
  5
3EF
330
2
100
AcDbEntity
  8
WALL
100
AcDbLine
 10
72024.38
 20
28539.01
 30
0.0
 11
71924.38
 21
28539.01
 31
0.0
  0
LINE
  5
3F0
330
2
100
AcDbEntity
  8
WALL
100
AcDbLine
 10
73224.38
 20
28539.01
 30
0.0
 11
72824.38
 21
28539.01
 31
0.0
  0
LINE
  5
3F1
330
2
100
AcDbEntity
  8
WALL
100
AcDbLine
 10
72824.38
 20
28539.01
 30
0.0
 11
72824.38
 21
28339.01
 31
0.0
  0
LINE
  5
3F2
330
2
100
AcDbEntity
  8
WALL
100
AcDbLine
 10
72824.38
 20
28339.01
 30
0.0
 11
73424.38
 21
28339.01
 31
0.0
  0
LINE
  5
3F3
330
2
100
AcDbEntity
  8
WALL
100
AcDbLine
 10
73424.38
 20
29839.01
 30
0.0
 11
74724.38
 21
29839.01
 31
0.0
  0
LINE
  5
3F4
330
2
100
AcDbEntity
  8
WALL
100
AcDbLine
 10
74724.38
 20
29839.01
 30
0.0
 11
74724.38
 21
30039.01
 31
0.0
  0
LINE
  5
3F5
330
2
100
AcDbEntity
  8
WALL
100
AcDbLine
 10
74724.38
 20
30039.01
 30
0.0
 11
73424.38
 21
30039.01
 31
0.0
  0
LINE
  5
3F6
330
2
100
AcDbEntity
  8
WALL
100
AcDbLine
 10
77224.38
 20
30039.01
 30
0.0
 11
77124.38
 21
30039.01
 31
0.0
  0
LINE
  5
3F7
330
2
100
AcDbEntity
  8
WALL
100
AcDbLine
 10
77124.38
 20
30039.01
 30
0.0
 11
77124.38
 21
29839.01
 31
0.0
  0
LINE
  5
3F8
330
2
100
AcDbEntity
  8
WALL
100
AcDbLine
 10
77124.38
 20
29839.01
 30
0.0
 11
77224.38
 21
29839.01
 31
0.0
  0
LINE
  5
3F9
330
2
100
AcDbEntity
  8
WALL
100
AcDbLine
 10
73224.38
 20
28539.01
 30
0.0
 11
73224.38
 21
29839.01
 31
0.0
  0
LINE
  5
3FA
330
2
100
AcDbEntity
  8
WALL
100
AcDbLine
 10
73424.38
 20
28339.01
 30
0.0
 11
73424.38
 21
29839.01
 31
0.0
  0
INSERT
  5
41D
330
2
100
AcDbEntity
  8
COLUMN
100
AcDbBlockReference
  2
_FZH
 10
69324.38
 20
22439.01
 30
0.0
 41
200.0
 42
200.0
 43
200.0
  0
INSERT
  5
41E
330
2
100
AcDbEntity
  8
COLUMN
100
AcDbBlockReference
  2
_FZH
 10
69324.38
 20
29939.01
 30
0.0
 41
200.0
 42
200.0
 43
200.0
  0
INSERT
  5
41F
330
2
100
AcDbEntity
  8
COLUMN
100
AcDbBlockReference
  2
_FZH
 10
77324.38
 20
22439.01
 30
0.0
 41
200.0
 42
200.0
 43
200.0
  0
INSERT
  5
420
330
2
100
AcDbEntity
  8
COLUMN
100
AcDbBlockReference
  2
_FZH
 10
73324.38
 20
22439.01
 30
0.0
 41
200.0
 42
200.0
 43
200.0
  0
INSERT
  5
421
330
2
100
AcDbEntity
  8
COLUMN
100
AcDbBlockReference
  2
_FZH
 10
77324.38
 20
24439.01
 30
0.0
 41
200.0
 42
200.0
 43
200.0
  0
INSERT
  5
422
330
2
100
AcDbEntity
  8
COLUMN
100
AcDbBlockReference
  2
_FZH
 10
80324.38
 20
24439.01
 30
0.0
 41
200.0
 42
200.0
 43
200.0
  0
INSERT
  5
423
330
2
100
AcDbEntity
  8
COLUMN
100
AcDbBlockReference
  2
_FZH
 10
69324.38
 20
26939.01
 30
0.0
 41
200.0
 42
200.0
 43
200.0
  0
INSERT
  5
424
330
2
100
AcDbEntity
  8
COLUMN
100
AcDbBlockReference
  2
_FZH
 10
73324.38
 20
26939.01
 30
0.0
 41
200.0
 42
200.0
 43
200.0
  0
INSERT
  5
425
330
2
100
AcDbEntity
  8
COLUMN
100
AcDbBlockReference
  2
_FZH
 10
73324.38
 20
29939.01
 30
0.0
 41
200.0
 42
200.0
 43
200.0
  0
INSERT
  5
426
330
2
100
AcDbEntity
  8
COLUMN
100
AcDbBlockReference
  2
_FZH
 10
77324.38
 20
29939.01
 30
0.0
 41
200.0
 42
200.0
 43
200.0
  0
INSERT
  5
427
330
2
100
AcDbEntity
  8
COLUMN
100
AcDbBlockReference
  2
_FZH
 10
77324.38
 20
30939.01
 30
0.0
 41
200.0
 42
200.0
 43
200.0
  0
INSERT
  5
428
330
2
100
AcDbEntity
  8
COLUMN
100
AcDbBlockReference
  2
_FZH
 10
80324.38
 20
30939.01
 30
0.0
 41
200.0
 42
200.0
 43
200.0
  0
INSERT
  5
429
330
2
100
AcDbEntity
  8
COLUMN
100
AcDbBlockReference
  2
_FZH
 10
77324.38
 20
26939.01
 30
0.0
 41
200.0
 42
200.0
 43
200.0
  0
LINE
  5
42A
330
2
100
AcDbEntity
  8
WALL
100
AcDbLine
 10
77424.38
 20
26839.01
 30
0.0
 11
77424.38
 21
24539.01
 31
0.0
  0
LINE
  5
42B
330
2
100
AcDbEntity
  8
WALL
100
AcDbLine
 10
77224.38
 20
26839.01
 30
0.0
 11
77224.38
 21
24539.01
 31
0.0
  0
INSERT
  5
42C
330
2
100
AcDbEntity
  8
COLUMN
100
AcDbBlockReference
  2
_FZH
 10
80324.38
 20
26939.01
 30
0.0
 41
200.0
 42
200.0
 43
200.0
  0
LINE
  5
42D
330
2
100
AcDbEntity
  8
WALL
100
AcDbLine
 10
80224.38
 20
27039.01
 30
0.0
 11
80224.38
 21
28339.01
 31
0.0
  0
LINE
  5
42E
330
2
100
AcDbEntity
  8
WALL
100
AcDbLine
 10
80424.38
 20
27039.01
 30
0.0
 11
80424.38
 21
28439.01
 31
0.0
  0
INSERT
  5
42F
330
2
100
AcDbEntity
  8
WINDOW
100
AcDbBlockReference
 66
     1
  2
$DorLib2D$00000225
 10
75324.38
 20
22439.01
 30
0.0
 41
2400.0
 42
2400.0
 43
2400.0
 50
180.0
1001
WTHICK
1040
200.0
  0
ATTRIB
  5
430
330
42F
100
AcDbEntity
  8
WINDOW_TEXT
100
AcDbText
 10
75129.38
 20
22665.26
 30
0.0
 40
297.5
  1

 41
0.71
  7
_TCH_WINDOW
100
AcDbAttribute
280
     0
  2
A
 70
     0
280
     0
  0
SEQEND
  5
431
330
42F
100
AcDbEntity
  8
WINDOW
  0
INSERT
  5
432
330
2
100
AcDbEntity
  8
WINDOW
100
AcDbBlockReference
 66
     1
  2
$DorLib2D$00000001
 10
72624.38
 20
26939.01
 30
0.0
 41
1000.0
 42
-1000.0
 43
1000.0
 50
0.0
1001
WTHICK
1040
200.0
  0
ATTRIB
  5
433
330
432
100
AcDbEntity
  8
WINDOW_TEXT
100
AcDbText
 10
72429.38
 20
27165.26
 30
0.0
 40
297.5
  1

 50
0.0
 41
0.71
  7
_TCH_WINDOW
100
AcDbAttribute
280
     0
  2
A
 70
     0
280
     0
  0
SEQEND
  5
434
330
432
100
AcDbEntity
  8
WINDOW
  0
INSERT
  5
435
330
2
100
AcDbEntity
  8
WINDOW
100
AcDbBlockReference
 66
     1
  2
$DorLib2D$00000001
 10
77324.38
 20
27739.01
 30
0.0
 41
-1000.0
 42
1000.0
 43
-1000.0
 50
270.0
1001
WTHICK
1040
200.0
  0
ATTRIB
  5
436
330
435
100
AcDbEntity
  8
WINDOW_TEXT
100
AcDbText
 10
77198.13
 20
27544.01
 30
0.0
 40
297.5
  1

 50
90.0
 41
0.71
  7
_TCH_WINDOW
100
AcDbAttribute
280
     0
  2
A
 70
     0
280
     0
  0
SEQEND
  5
437
330
435
100
AcDbEntity
  8
WINDOW
  0
INSERT
  5
438
330
2
100
AcDbEntity
  8
WINDOW
100
AcDbBlockReference
 66
     1
  2
$DorLib2D$00000001
 10
77324.38
 20
29139.01
 30
0.0
 41
-1000.0
 42
-1000.0
 43
-1000.0
 50
90.0
1001
WTHICK
1040
200.0
  0
ATTRIB
  5
439
330
438
100
AcDbEntity
  8
WINDOW_TEXT
100
AcDbText
 10
77198.13
 20
28944.01
 30
0.0
 40
297.5
  1

 50
90.0
 41
0.71
  7
_TCH_WINDOW
100
AcDbAttribute
280
     0
  2
A
 70
     0
280
     0
  0
SEQEND
  5
43A
330
438
100
AcDbEntity
  8
WINDOW
  0
TEXT
  5
43B
330
2
100
AcDbEntity
  8
SPACE
100
AcDbText
 10
70928.91
 20
25160.27
 30
0.0
 40
482.27
  1
主卧室
  7
_TCH_SPACE
100
AcDbText
  0
TEXT
  5
43C
330
2
100
AcDbEntity
  8
SPACE
100
AcDbText
 10
70808.59
 20
24648.4
 30
0.0
 40
297.5
  1
16.34m
 41
0.71
  7
_TCH_SPACE
100
AcDbText
  0
TEXT
  5
43D
330
2
100
AcDbEntity
  8
SPACE
100
AcDbText
 10
71968.59
 20
24823.4
 30
0.0
 40
148.75
  1
2
 41
0.71
  7
_TCH_SPACE
100
AcDbText
  0
TEXT
  5
43E
330
2
100
AcDbEntity
  8
SPACE
100
AcDbText
 10
70105.88
 20
28723.63
 30
0.0
 40
482.27
  1
卫生间
  7
_TCH_SPACE
100
AcDbText
  0
TEXT
  5
43F
330
2
100
AcDbEntity
  8
SPACE
100
AcDbText
 10
70049.61
 20
28211.75
 30
0.0
 40
297.5
  1
6.44m
 41
0.71
  7
_TCH_SPACE
100
AcDbText
  0
TEXT
  5
440
330
2
100
AcDbEntity
  8
SPACE
100
AcDbText
 10
71049.61
 20
28386.75
 30
0.0
 40
148.75
  1
2
 41
0.71
  7
_TCH_SPACE
100
AcDbText
  0
TEXT
  5
441
330
2
100
AcDbEntity
  8
SPACE
100
AcDbText
 10
72068.37
 20
29217.53
 30
0.0
 40
482.27
  1
杂物间
  7
_TCH_SPACE
100
AcDbText
  0
TEXT
  5
442
330
2
100
AcDbEntity
  8
SPACE
100
AcDbText
 10
72032.1
 20
28705.66
 30
0.0
 40
297.5
  1
1.69m
 41
0.71
  7
_TCH_SPACE
100
AcDbText
  0
TEXT
  5
443
330
2
100
AcDbEntity
  8
SPACE
100
AcDbText
 10
72992.1
 20
28880.66
 30
0.0
 40
148.75
  1
2
 41
0.71
  7
_TCH_SPACE
100
AcDbText
  0
TEXT
  5
444
330
2
100
AcDbEntity
  8
SPACE
100
AcDbText
 10
78530.39
 20
29676.97
 30
0.0
 40
482.27
  1
厨房
  7
_TCH_SPACE
100
AcDbText
  0
TEXT
  5
445
330
2
100
AcDbEntity
  8
SPACE
100
AcDbText
 10
78322.52
 20
29165.09
 30
0.0
 40
297.5
  1
6.44m
 41
0.71
  7
_TCH_SPACE
100
AcDbText
  0
TEXT
  5
446
330
2
100
AcDbEntity
  8
SPACE
100
AcDbText
 10
79322.52
 20
29340.09
 30
0.0
 40
148.75
  1
2
 41
0.71
  7
_TCH_SPACE
100
AcDbText
  0
TEXT
  5
447
330
2
100
AcDbEntity
  8
SPACE
100
AcDbText
 10
78286.92
 20
26529.38
 30
0.0
 40
482.27
  1
老人房
  7
_TCH_SPACE
100
AcDbText
  0
TEXT
  5
448
330
2
100
AcDbEntity
  8
SPACE
100
AcDbText
 10
78171.92
 20
26017.5
 30
0.0
 40
297.5
  1
10.64m
 41
0.71
  7
_TCH_SPACE
100
AcDbText
  0
TEXT
  5
449
330
2
100
AcDbEntity
  8
SPACE
100
AcDbText
 10
79331.92
 20
26192.5
 30
0.0
 40
148.75
  1
2
 41
0.71
  7
_TCH_SPACE
100
AcDbText
  0
TEXT
  5
44A
330
2
100
AcDbEntity
  8
SPACE
100
AcDbText
 10
74719.29
 20
25238.79
 30
0.0
 40
482.27
  1
客厅
  7
_TCH_SPACE
100
AcDbText
  0
TEXT
  5
44B
330
2
100
AcDbEntity
  8
SPACE
100
AcDbText
 10
74428.76
 20
24726.91
 30
0.0
 40
297.5
  1
16.72m
 41
0.71
  7
_TCH_SPACE
100
AcDbText
  0
TEXT
  5
44C
330
2
100
AcDbEntity
  8
SPACE
100
AcDbText
 10
75588.76
 20
24901.91
 30
0.0
 40
148.75
  1
2
 41
0.71
  7
_TCH_SPACE
100
AcDbText
  0
INSERT
  5
44D
330
2
100
AcDbEntity
  8
WINDOW
100
AcDbBlockReference
 66
     1
  2
$DorLib2D$00000001
 10
71824.38
 20
27539.01
 30
0.0
 41
800.0
 42
-800.0
 43
800.0
 50
270.0
1001
WTHICK
1040
200.0
  0
ATTRIB
  5
44E
330
44D
100
AcDbEntity
  8
WINDOW_TEXT
100
AcDbText
 10
72248.13
 20
27344.01
 30
0.0
 40
297.5
  1

 50
90.0
 41
0.71
  7
_TCH_WINDOW
100
AcDbAttribute
280
     0
  2
A
 70
     0
280
     0
  0
SEQEND
  5
44F
330
44D
100
AcDbEntity
  8
WINDOW
  0
INSERT
  5
450
330
2
100
AcDbEntity
  8
WINDOW
100
AcDbBlockReference
 66
     1
  2
$DorLib2D$00000001
 10
72424.38
 20
28439.01
 30
0.0
 41
-800.0
 42
800.0
 43
-800.0
1001
WTHICK
1040
200.0
  0
ATTRIB
  5
451
330
450
100
AcDbEntity
  8
WINDOW_TEXT
100
AcDbText
 10
72229.38
 20
28015.26
 30
0.0
 40
297.5
  1

 41
0.71
  7
_TCH_WINDOW
100
AcDbAttribute
280
     0
  2
A
 70
     0
280
     0
  0
SEQEND
  5
452
330
450
100
AcDbEntity
  8
WINDOW
  0
TEXT
  5
453
330
2
100
AcDbEntity
  8
SPACE
100
AcDbText
 10
74884.9
 20
28547.65
 30
0.0
 40
482.27
  1
餐厅
  7
_TCH_SPACE
100
AcDbText
  0
TEXT
  5
454
330
2
100
AcDbEntity
  8
SPACE
100
AcDbText
 10
74622.35
 20
28035.78
 30
0.0
 40
297.5
  1
11.02m
 41
0.71
  7
_TCH_SPACE
100
AcDbText
  0
TEXT
  5
455
330
2
100
AcDbEntity
  8
SPACE
100
AcDbText
 10
75742.35
 20
28210.78
 30
0.0
 40
148.75
  1
2
 41
0.71
  7
_TCH_SPACE
100
AcDbText
  0
INSERT
  5
456
330
2
100
AcDbEntity
  8
WINDOW
100
AcDbBlockReference
 66
     1
  2
$TCHSYS$WIN2D
 10
71324.38
 20
22439.01
 30
0.0
 41
1800.0
 42
-200.0
 43
1800.0
 50
180.0
1001
WTHICK
1040
200.0
  0
ATTRIB
  5
457
330
456
100
AcDbEntity
  8
WINDOW_TEXT
100
AcDbText
 10
71129.38
 20
21915.26
 30
0.0
 40
297.5
  1

 41
0.71
  7
_TCH_WINDOW
100
AcDbAttribute
280
     0
  2
A
 70
     0
280
     0
  0
SEQEND
  5
458
330
456
100
AcDbEntity
  8
WINDOW
  0
INSERT
  5
459
330
2
100
AcDbEntity
  8
WINDOW
100
AcDbBlockReference
 66
     1
  2
$TCHSYS$WIN2D
 10
78824.38
 20
24439.01
 30
0.0
 41
1800.0
 42
200.0
 43
1800.0
1001
WTHICK
1040
200.0
  0
ATTRIB
  5
45A
330
459
100
AcDbEntity
  8
WINDOW_TEXT
100
AcDbText
 10
78629.38
 20
23865.26
 30
0.0
 40
297.5
  1

 41
0.71
  7
_TCH_WINDOW
100
AcDbAttribute
280
     0
  2
A
 70
     0
280
     0
  0
SEQEND
  5
45B
330
459
100
AcDbEntity
  8
WINDOW
  0
INSERT
  5
45C
330
2
100
AcDbEntity
  8
WINDOW
100
AcDbBlockReference
 66
     1
  2
$TCHSYS$WIN2D
 10
78824.38
 20
30939.01
 30
0.0
 41
1800.0
 42
200.0
 43
1800.0
1001
WTHICK
1040
200.0
  0
ATTRIB
  5
45D
330
45C
100
AcDbEntity
  8
WINDOW_TEXT
100
AcDbText
 10
78629.38
 20
30465.26
 30
0.0
 40
297.5
  1

 41
0.71
  7
_TCH_WINDOW
100
AcDbAttribute
280
     0
  2
A
 70
     0
280
     0
  0
SEQEND
  5
45E
330
45C
100
AcDbEntity
  8
WINDOW
  0
INSERT
  5
45F
330
2
100
AcDbEntity
  8
WINDOW
100
AcDbBlockReference
 66
     1
  2
$TCHSYS$WIN2D
 10
70574.38
 20
29939.01
 30
0.0
 41
900.0
 42
200.0
 43
900.0
1001
WTHICK
1040
200.0
  0
ATTRIB
  5
460
330
45F
100
AcDbEntity
  8
WINDOW_TEXT
100
AcDbText
 10
70379.38
 20
29415.26
 30
0.0
 40
297.5
  1

 41
0.71
  7
_TCH_WINDOW
100
AcDbAttribute
280
     0
  2
A
 70
     0
280
     0
  0
SEQEND
  5
461
330
45F
100
AcDbEntity
  8
WINDOW
  0
INSERT
  5
462
330
2
100
AcDbEntity
  8
WINDOW
100
AcDbBlockReference
 66
     1
  2
$TCHSYS$WIN2D
 10
72574.38
 20
29939.01
 30
0.0
 41
600.0
 42
200.0
 43
600.0
 50
0.0
1001
WTHICK
1040
200.0
  0
ATTRIB
  5
463
330
462
100
AcDbEntity
  8
WINDOW_TEXT
100
AcDbText
 10
72379.38
 20
29415.26
 30
0.0
 40
297.5
  1

 50
0.0
 41
0.71
  7
_TCH_WINDOW
100
AcDbAttribute
280
     0
  2
A
 70
     0
280
     0
  0
SEQEND
  5
464
330
462
100
AcDbEntity
  8
WINDOW
  0
LINE
  5
465
330
2
100
AcDbEntity
  8
WINDOW
100
AcDbLine
 10
74724.38
 20
29905.68
 30
0.0
 11
76224.38
 21
29905.68
 31
0.0
  0
LINE
  5
466
330
2
100
AcDbEntity
  8
WINDOW
100
AcDbLine
 10
74724.38
 20
29972.34
 30
0.0
 11
76224.38
 21
29972.34
 31
0.0
  0
LINE
  5
467
330
2
100
AcDbEntity
  8
WINDOW
100
AcDbLine
 10
74724.38
 20
29839.01
 30
0.0
 11
76224.38
 21
29839.01
 31
0.0
  0
LINE
  5
468
330
2
100
AcDbEntity
  8
WINDOW
100
AcDbLine
 10
74724.38
 20
30039.01
 30
0.0
 11
76224.38
 21
30039.01
 31
0.0
  0
LINE
  5
469
330
2
100
AcDbEntity
  8
WINDOW
100
AcDbLine
 10
76224.38
 20
29839.01
 30
0.0
 11
76224.38
 21
30039.01
 31
0.0
  0
ARC
  5
46A
330
2
100
AcDbEntity
  8
WINDOW
100
AcDbCircle
 10
77124.38
 20
29939.01
 30
0.0
 40
899.9999999999985
100
AcDbArc
 50
90.0
 51
180.0
  0
LINE
  5
46B
330
2
100
AcDbEntity
  8
WINDOW
100
AcDbLine
 10
77124.38
 20
29939.01
 30
0.0
 11
77124.38
 21
30839.01
 31
0.0
  0
LINE
  5
46C
330
2
100
AcDbEntity
  8
AXIS
100
AcDbLine
 10
69324.38
 20
21439.01
 30
0.0
 11
69324.38
 21
17439.01
 31
0.0
  0
INSERT
  5
46D
330
2
100
AcDbEntity
  8
AXIS
100
AcDbBlockReference
 66
     1
  2
_AXISO
 10
69324.38
 20
17039.01
 30
0.0
 41
800.0
 42
800.0
 43
800.0
  0
ATTRIB
  5
46E
330
46D
100
AcDbEntity
  8
AXIS_TEXT
100
AcDbText
 10
69259.52
 20
16766.62
 30
0.0
 40
544.77
  1
1
 41
0.56
  7
_TCH_AXIS
 72
     5
 11
69389.23
 21
16766.62
 31
0.0
100
AcDbAttribute
280
     0
  2
A
 70
     0
280
     0
  0
SEQEND
  5
46F
330
46D
100
AcDbEntity
  8
AXIS
  0
LINE
  5
470
330
2
100
AcDbEntity
  8
AXIS
100
AcDbLine
 10
69324.38
 20
31939.01
 30
0.0
 11
69324.38
 21
35939.01
 31
0.0
  0
INSERT
  5
471
330
2
100
AcDbEntity
  8
AXIS
100
AcDbBlockReference
 66
     1
  2
_AXISO
 10
69324.38
 20
36339.01
 30
0.0
 41
800.0
 42
800.0
 43
800.0
  0
ATTRIB
  5
472
330
471
100
AcDbEntity
  8
AXIS_TEXT
100
AcDbText
 10
69259.52
 20
36066.62
 30
0.0
 40
544.77
  1
1
 41
0.56
  7
_TCH_AXIS
 72
     5
 11
69389.23
 21
36066.62
 31
0.0
100
AcDbAttribute
280
     0
  2
A
 70
     0
280
     0
  0
SEQEND
  5
473
330
471
100
AcDbEntity
  8
AXIS
  0
LINE
  5
474
330
2
100
AcDbEntity
  8
AXIS
100
AcDbLine
 10
73324.38
 20
21439.01
 30
0.0
 11
73324.38
 21
17439.01
 31
0.0
  0
INSERT
  5
475
330
2
100
AcDbEntity
  8
AXIS
100
AcDbBlockReference
 66
     1
  2
_AXISO
 10
73324.38
 20
17039.01
 30
0.0
 41
800.0
 42
800.0
 43
800.0
  0
ATTRIB
  5
476
330
475
100
AcDbEntity
  8
AXIS_TEXT
100
AcDbText
 10
73169.06
 20
16806.04
 30
0.0
 40
465.95
  1
2
  7
_TCH_AXIS
 72
     5
 11
73479.69
 21
16806.04
 31
0.0
100
AcDbAttribute
280
     0
  2
A
 70
     0
280
     0
  0
SEQEND
  5
477
330
475
100
AcDbEntity
  8
AXIS
  0
LINE
  5
478
330
2
100
AcDbEntity
  8
AXIS
100
AcDbLine
 10
73324.38
 20
31939.01
 30
0.0
 11
73324.38
 21
35939.01
 31
0.0
  0
INSERT
  5
479
330
2
100
AcDbEntity
  8
AXIS
100
AcDbBlockReference
 66
     1
  2
_AXISO
 10
73324.38
 20
36339.01
 30
0.0
 41
800.0
 42
800.0
 43
800.0
  0
ATTRIB
  5
47A
330
479
100
AcDbEntity
  8
AXIS_TEXT
100
AcDbText
 10
73169.06
 20
36106.04
 30
0.0
 40
465.95
  1
2
  7
_TCH_AXIS
 72
     5
 11
73479.69
 21
36106.04
 31
0.0
100
AcDbAttribute
280
     0
  2
A
 70
     0
280
     0
  0
SEQEND
  5
47B
330
479
100
AcDbEntity
  8
AXIS
  0
LINE
  5
47C
330
2
100
AcDbEntity
  8
AXIS
100
AcDbLine
 10
77324.38
 20
21439.01
 30
0.0
 11
77324.38
 21
17439.01
 31
0.0
  0
INSERT
  5
47D
330
2
100
AcDbEntity
  8
AXIS
100
AcDbBlockReference
 66
     1
  2
_AXISO
 10
77324.38
 20
17039.01
 30
0.0
 41
800.0
 42
800.0
 43
800.0
  0
ATTRIB
  5
47E
330
47D
100
AcDbEntity
  8
AXIS_TEXT
100
AcDbText
 10
77169.06
 20
16806.04
 30
0.0
 40
465.95
  1
3
  7
_TCH_AXIS
 72
     5
 11
77479.69
 21
16806.04
 31
0.0
100
AcDbAttribute
280
     0
  2
A
 70
     0
280
     0
  0
SEQEND
  5
47F
330
47D
100
AcDbEntity
  8
AXIS
  0
LINE
  5
480
330
2
100
AcDbEntity
  8
AXIS
100
AcDbLine
 10
77324.38
 20
31939.01
 30
0.0
 11
77324.38
 21
35939.01
 31
0.0
  0
INSERT
  5
481
330
2
100
AcDbEntity
  8
AXIS
100
AcDbBlockReference
 66
     1
  2
_AXISO
 10
77324.38
 20
36339.01
 30
0.0
 41
800.0
 42
800.0
 43
800.0
  0
ATTRIB
  5
482
330
481
100
AcDbEntity
  8
AXIS_TEXT
100
AcDbText
 10
77169.06
 20
36106.04
 30
0.0
 40
465.95
  1
3
  7
_TCH_AXIS
 72
     5
 11
77479.69
 21
36106.04
 31
0.0
100
AcDbAttribute
280
     0
  2
A
 70
     0
280
     0
  0
SEQEND
  5
483
330
481
100
AcDbEntity
  8
AXIS
  0
LINE
  5
484
330
2
100
AcDbEntity
  8
AXIS
100
AcDbLine
 10
80324.38
 20
21439.01
 30
0.0
 11
80324.38
 21
17439.01
 31
0.0
  0
INSERT
  5
485
330
2
100
AcDbEntity
  8
AXIS
100
AcDbBlockReference
 66
     1
  2
_AXISO
 10
80324.38
 20
17039.01
 30
0.0
 41
800.0
 42
800.0
 43
800.0
  0
ATTRIB
  5
486
330
485
100
AcDbEntity
  8
AXIS_TEXT
100
AcDbText
 10
80161.63
 20
16811.17
 30
0.0
 40
455.69
  1
4
 41
0.94
  7
_TCH_AXIS
 72
     5
 11
80487.12
 21
16811.17
 31
0.0
100
AcDbAttribute
280
     0
  2
A
 70
     0
280
     0
  0
SEQEND
  5
487
330
485
100
AcDbEntity
  8
AXIS
  0
LINE
  5
488
330
2
100
AcDbEntity
  8
AXIS
100
AcDbLine
 10
80324.38
 20
31939.01
 30
0.0
 11
80324.38
 21
35939.01
 31
0.0
  0
INSERT
  5
489
330
2
100
AcDbEntity
  8
AXIS
100
AcDbBlockReference
 66
     1
  2
_AXISO
 10
80324.38
 20
36339.01
 30
0.0
 41
800.0
 42
800.0
 43
800.0
  0
ATTRIB
  5
48A
330
489
100
AcDbEntity
  8
AXIS_TEXT
100
AcDbText
 10
80161.63
 20
36111.17
 30
0.0
 40
455.69
  1
4
 41
0.94
  7
_TCH_AXIS
 72
     5
 11
80487.12
 21
36111.17
 31
0.0
100
AcDbAttribute
280
     0
  2
A
 70
     0
280
     0
  0
SEQEND
  5
48B
330
489
100
AcDbEntity
  8
AXIS
  0
LINE
  5
48C
330
2
100
AcDbEntity
  8
AXIS
100
AcDbLine
 10
68324.38
 20
22439.01
 30
0.0
 11
64324.38
 21
22439.01
 31
0.0
  0
INSERT
  5
48D
330
2
100
AcDbEntity
  8
AXIS
100
AcDbBlockReference
 66
     1
  2
_AXISO
 10
63924.38
 20
22439.01
 30
0.0
 41
800.0
 42
800.0
 43
800.0
  0
ATTRIB
  5
48E
330
48D
100
AcDbEntity
  8
AXIS_TEXT
100
AcDbText
 10
63754.69
 20
22216.29
 30
0.0
 40
445.44
  1
A
 41
0.89
  7
_TCH_AXIS
 72
     5
 11
64094.07
 21
22216.29
 31
0.0
100
AcDbAttribute
280
     0
  2
A
 70
     0
280
     0
  0
SEQEND
  5
48F
330
48D
100
AcDbEntity
  8
AXIS
  0
LINE
  5
490
330
2
100
AcDbEntity
  8
AXIS
100
AcDbLine
 10
81324.38
 20
22439.01
 30
0.0
 11
85324.38
 21
22439.01
 31
0.0
  0
INSERT
  5
491
330
2
100
AcDbEntity
  8
AXIS
100
AcDbBlockReference
 66
     1
  2
_AXISO
 10
85724.38
 20
22439.01
 30
0.0
 41
800.0
 42
800.0
 43
800.0
  0
ATTRIB
  5
492
330
491
100
AcDbEntity
  8
AXIS_TEXT
100
AcDbText
 10
85554.69
 20
22216.29
 30
0.0
 40
445.44
  1
A
 41
0.89
  7
_TCH_AXIS
 72
     5
 11
85894.07
 21
22216.29
 31
0.0
100
AcDbAttribute
280
     0
  2
A
 70
     0
280
     0
  0
SEQEND
  5
493
330
491
100
AcDbEntity
  8
AXIS
  0
LINE
  5
494
330
2
100
AcDbEntity
  8
AXIS
100
AcDbLine
 10
68324.38
 20
24439.01
 30
0.0
 11
64324.38
 21
24439.01
 31
0.0
  0
INSERT
  5
495
330
2
100
AcDbEntity
  8
AXIS
100
AcDbBlockReference
 66
     1
  2
_AXISO
 10
63924.38
 20
24439.01
 30
0.0
 41
800.0
 42
800.0
 43
800.0
  0
ATTRIB
  5
496
330
495
100
AcDbEntity
  8
AXIS_TEXT
100
AcDbText
 10
63769.06
 20
24206.04
 30
0.0
 40
465.95
  1
B
 41
0.82
  7
_TCH_AXIS
 72
     5
 11
64079.69
 21
24206.04
 31
0.0
100
AcDbAttribute
280
     0
  2
A
 70
     0
280
     0
  0
SEQEND
  5
497
330
495
100
AcDbEntity
  8
AXIS
  0
LINE
  5
498
330
2
100
AcDbEntity
  8
AXIS
100
AcDbLine
 10
81324.38
 20
24439.01
 30
0.0
 11
85324.38
 21
24439.01
 31
0.0
  0
INSERT
  5
499
330
2
100
AcDbEntity
  8
AXIS
100
AcDbBlockReference
 66
     1
  2
_AXISO
 10
85724.38
 20
24439.01
 30
0.0
 41
800.0
 42
800.0
 43
800.0
  0
ATTRIB
  5
49A
330
499
100
AcDbEntity
  8
AXIS_TEXT
100
AcDbText
 10
85569.06
 20
24206.04
 30
0.0
 40
465.95
  1
B
 41
0.82
  7
_TCH_AXIS
 72
     5
 11
85879.69
 21
24206.04
 31
0.0
100
AcDbAttribute
280
     0
  2
A
 70
     0
280
     0
  0
SEQEND
  5
49B
330
499
100
AcDbEntity
  8
AXIS
  0
LINE
  5
49C
330
2
100
AcDbEntity
  8
AXIS
100
AcDbLine
 10
68324.38
 20
26939.01
 30
0.0
 11
64324.38
 21
26939.01
 31
0.0
  0
INSERT
  5
49D
330
2
100
AcDbEntity
  8
AXIS
100
AcDbBlockReference
 66
     1
  2
_AXISO
 10
63924.38
 20
26939.01
 30
0.0
 41
800.0
 42
800.0
 43
800.0
  0
ATTRIB
  5
49E
330
49D
100
AcDbEntity
  8
AXIS_TEXT
100
AcDbText
 10
63761.63
 20
26711.17
 30
0.0
 40
455.69
  1
C
  7
_TCH_AXIS
 72
     5
 11
64087.12
 21
26711.17
 31
0.0
100
AcDbAttribute
280
     0
  2
A
 70
     0
280
     0
  0
SEQEND
  5
49F
330
49D
100
AcDbEntity
  8
AXIS
  0
LINE
  5
4A0
330
2
100
AcDbEntity
  8
AXIS
100
AcDbLine
 10
81324.38
 20
26939.01
 30
0.0
 11
85324.38
 21
26939.01
 31
0.0
  0
INSERT
  5
4A1
330
2
100
AcDbEntity
  8
AXIS
100
AcDbBlockReference
 66
     1
  2
_AXISO
 10
85724.38
 20
26939.01
 30
0.0
 41
800.0
 42
800.0
 43
800.0
  0
ATTRIB
  5
4A2
330
4A1
100
AcDbEntity
  8
AXIS_TEXT
100
AcDbText
 10
85561.63
 20
26711.17
 30
0.0
 40
455.69
  1
C
  7
_TCH_AXIS
 72
     5
 11
85887.12
 21
26711.17
 31
0.0
100
AcDbAttribute
280
     0
  2
A
 70
     0
280
     0
  0
SEQEND
  5
4A3
330
4A1
100
AcDbEntity
  8
AXIS
  0
LINE
  5
4A4
330
2
100
AcDbEntity
  8
AXIS
100
AcDbLine
 10
68324.38
 20
29939.01
 30
0.0
 11
64324.38
 21
29939.01
 31
0.0
  0
INSERT
  5
4A5
330
2
100
AcDbEntity
  8
AXIS
100
AcDbBlockReference
 66
     1
  2
_AXISO
 10
63924.38
 20
29939.01
 30
0.0
 41
800.0
 42
800.0
 43
800.0
  0
ATTRIB
  5
4A6
330
4A5
100
AcDbEntity
  8
AXIS_TEXT
100
AcDbText
 10
63769.06
 20
29706.04
 30
0.0
 40
465.95
  1
D
 41
0.82
  7
_TCH_AXIS
 72
     5
 11
64079.69
 21
29706.04
 31
0.0
100
AcDbAttribute
280
     0
  2
A
 70
     0
280
     0
  0
SEQEND
  5
4A7
330
4A5
100
AcDbEntity
  8
AXIS
  0
LINE
  5
4A8
330
2
100
AcDbEntity
  8
AXIS
100
AcDbLine
 10
81324.38
 20
29939.01
 30
0.0
 11
85324.38
 21
29939.01
 31
0.0
  0
INSERT
  5
4A9
330
2
100
AcDbEntity
  8
AXIS
100
AcDbBlockReference
 66
     1
  2
_AXISO
 10
85724.38
 20
29939.01
 30
0.0
 41
800.0
 42
800.0
 43
800.0
  0
ATTRIB
  5
4AA
330
4A9
100
AcDbEntity
  8
AXIS_TEXT
100
AcDbText
 10
85569.06
 20
29706.04
 30
0.0
 40
465.95
  1
D
 41
0.82
  7
_TCH_AXIS
 72
     5
 11
85879.69
 21
29706.04
 31
0.0
100
AcDbAttribute
280
     0
  2
A
 70
     0
280
     0
  0
SEQEND
  5
4AB
330
4A9
100
AcDbEntity
  8
AXIS
  0
LINE
  5
4AC
330
2
100
AcDbEntity
  8
AXIS
100
AcDbLine
 10
68324.38
 20
30939.01
 30
0.0
 11
64324.38
 21
30939.01
 31
0.0
  0
INSERT
  5
4AD
330
2
100
AcDbEntity
  8
AXIS
100
AcDbBlockReference
 66
     1
  2
_AXISO
 10
63924.38
 20
30939.01
 30
0.0
 41
800.0
 42
800.0
 43
800.0
  0
ATTRIB
  5
4AE
330
4AD
100
AcDbEntity
  8
AXIS_TEXT
100
AcDbText
 10
63777.0
 20
30700.94
 30
0.0
 40
476.15
  1
E
 41
0.81
  7
_TCH_AXIS
 72
     5
 11
64071.76
 21
30700.94
 31
0.0
100
AcDbAttribute
280
     0
  2
A
 70
     0
280
     0
  0
SEQEND
  5
4AF
330
4AD
100
AcDbEntity
  8
AXIS
  0
LINE
  5
4B0
330
2
100
AcDbEntity
  8
AXIS
100
AcDbLine
 10
81324.38
 20
30939.01
 30
0.0
 11
85324.38
 21
30939.01
 31
0.0
  0
INSERT
  5
4B1
330
2
100
AcDbEntity
  8
AXIS
100
AcDbBlockReference
 66
     1
  2
_AXISO
 10
85724.38
 20
30939.01
 30
0.0
 41
800.0
 42
800.0
 43
800.0
  0
ATTRIB
  5
4B2
330
4B1
100
AcDbEntity
  8
AXIS_TEXT
100
AcDbText
 10
85577.0
 20
30700.94
 30
0.0
 40
476.15
  1
E
 41
0.81
  7
_TCH_AXIS
 72
     5
 11
85871.76
 21
30700.94
 31
0.0
100
AcDbAttribute
280
     0
  2
A
 70
     0
280
     0
  0
SEQEND
  5
4B3
330
4B1
100
AcDbEntity
  8
AXIS
  0
INSERT
  5
4B4
330
2
100
AcDbEntity
  8
WINDOW
100
AcDbBlockReference
 66
     1
  2
$TCHSYS$WIN2D
 10
77324.38
 20
23339.01
 30
0.0
 41
900.0
 42
200.0
 43
900.0
 50
270.0
1001
WTHICK
1040
200.0
  0
ATTRIB
  5
4B5
330
4B4
100
AcDbEntity
  8
WINDOW_TEXT
100
AcDbText
 10
77098.13
 20
23144.01
 30
0.0
 40
297.5
  1

 50
90.0
 41
0.71
  7
_TCH_WINDOW
100
AcDbAttribute
280
     0
  2
A
 70
     0
280
     0
  0
SEQEND
  5
4B6
330
4B4
100
AcDbEntity
  8
WINDOW
  0
LINE
  5
4B7
330
2
100
AcDbEntity
  8
DIM_ELEV
100
AcDbLine
 10
75099.69
 20
23143.78
 30
0.0
 11
74799.69
 21
23443.78
 31
0.0
  0
LINE
  5
4B8
330
2
100
AcDbEntity
  8
DIM_ELEV
100
AcDbLine
 10
75099.69
 20
23143.78
 30
0.0
 11
75399.69
 21
23443.78
 31
0.0
  0
LINE
  5
4B9
330
2
100
AcDbEntity
  8
DIM_ELEV
100
AcDbLine
 10
74799.69
 20
23443.78
 30
0.0
 11
76311.69
 21
23443.78
 31
0.0
  0
TEXT
  5
4BA
330
2
100
AcDbEntity
  8
PUB_TEXT
 62
     7
100
AcDbText
 10
75023.72
 20
23548.78
 30
0.0
 40
337.59
  1
±
  7
_TCH_DIM
100
AcDbText
  0
TEXT
  5
4BB
330
2
100
AcDbEntity
  8
PUB_TEXT
 62
     7
100
AcDbText
 10
75441.69
 20
23548.78
 30
0.0
 40
297.5
  1
0.000
 41
0.71
  7
_TCH_DIM
100
AcDbText
  0
LINE
  5
4BC
330
2
100
AcDbEntity
  8
DIM_ELEV
100
AcDbLine
 10
70928.35
 20
20201.76
 30
0.0
 11
70628.35
 21
20501.76
 31
0.0
  0
LINE
  5
4BD
330
2
100
AcDbEntity
  8
DIM_ELEV
100
AcDbLine
 10
70928.35
 20
20201.76
 30
0.0
 11
71228.35
 21
20501.76
 31
0.0
  0
LINE
  5
4BE
330
2
100
AcDbEntity
  8
DIM_ELEV
100
AcDbLine
 10
70628.35
 20
20501.76
 30
0.0
 11
72140.35
 21
20501.76
 31
0.0
  0
TEXT
  5
4BF
330
2
100
AcDbEntity
  8
PUB_TEXT
 62
     7
100
AcDbText
 10
71010.35
 20
20606.76
 30
0.0
 40
297.5
  1
-0.300
 41
0.71
  7
_TCH_DIM
100
AcDbText
  0
TEXT
  5
4C0
330
2
100
AcDbEntity
  8
PUB_TEXT
 62
     7
100
AcDbText
 10
75220.12
 20
19550.94
 30
0.0
 40
337.59
  1
上
  7
_TCH_DIM
100
AcDbText
  0
LWPOLYLINE
  5
4C1
330
2
100
AcDbEntity
  8
DIM_SYMB
100
AcDbPolyline
 90
        3
 70
     0
 10
75324.38
 20
20005.94
 40
0.0
 41
0.0
 10
75324.38
 20
20520.55
 40
0.0
 41
80.0
 10
75324.38
 20
20220.55
 40
0.0
 41
0.0
  0
ENDSEC
  0
SECTION
  2
OBJECTS
  0
DICTIONARY
  5
B
330
0
100
AcDbDictionary
281
     1
  3
ACAD_CIP_PREVIOUS_PRODUCT_INFO
350
51D
  3
ACAD_COLOR
350
343
  3
ACAD_DETAILVIEWSTYLE
350
415
  3
ACAD_GROUP
350
33E
  3
ACAD_IMAGE_VARS
350
37A
  3
ACAD_LAYOUT
350
31E
  3
ACAD_MATERIAL
350
D
  3
ACAD_MLEADERSTYLE
350
346
  3
ACAD_MLINESTYLE
350
33F
  3
ACAD_PLOTSETTINGS
350
340
  3
ACAD_PLOTSTYLENAME
350
A
  3
ACAD_SCALELIST
350
344
  3
ACAD_SECTIONVIEWSTYLE
350
413
  3
ACAD_TABLESTYLE
350
345
  3
ACAD_VISUALSTYLE
350
338
  3
ACDB_RECOMPOSE_DATA
350
527
  3
AcDbVariableDictionary
350
347
  3
TCH_DBCONFIG
350
51E
  0
DICTIONARY
  5
328
330
327
100
AcDbDictionary
280
     1
281
     1
  3
ACAD_LAYERFILTERS
360
329
  3
ACAD_LAYERSTATES
360
32A
  3
ACLYDICTIONARY
360
32B
  0
DICTIONARY
  5
7
330
6
100
AcDbDictionary
280
     1
281
     1
  3
ADSK_XREC_LAYER_RECONCILED
360
8
  0
DICTIONARY
  5
12
330
11
100
AcDbDictionary
280
     1
281
     1
  3
ADSK_XREC_LAYER_RECONCILED
360
13
  0
DICTIONARY
  5
1F3
330
1F2
100
AcDbDictionary
280
     1
281
     1
  3
ADSK_XREC_LAYER_RECONCILED
360
1F4
  0
DICTIONARY
  5
2F
330
2E
100
AcDbDictionary
280
     1
281
     1
  3
ADSK_XREC_LAYER_RECONCILED
360
30
  0
DICTIONARY
  5
215
330
214
100
AcDbDictionary
280
     1
281
     1
  3
ADSK_XREC_LAYER_RECONCILED
360
216
  0
DICTIONARY
  5
1B
330
1A
100
AcDbDictionary
280
     1
281
     1
  3
ADSK_XREC_LAYER_RECONCILED
360
1C
  0
DICTIONARY
  5
2B
330
2A
100
AcDbDictionary
280
     1
281
     1
  3
ADSK_XREC_LAYER_RECONCILED
360
2C
  0
DICTIONARY
  5
206
330
205
100
AcDbDictionary
280
     1
281
     1
  3
ADSK_XREC_LAYER_RECONCILED
360
207
  0
DICTIONARY
  5
20A
330
209
100
AcDbDictionary
280
     1
281
     1
  3
ADSK_XREC_LAYER_RECONCILED
360
20B
  0
DICTIONARY
  5
219
330
218
100
AcDbDictionary
280
     1
281
     1
  3
ADSK_XREC_LAYER_RECONCILED
360
21A
  0
DICTIONARY
  5
220
330
21F
100
AcDbDictionary
280
     1
281
     1
  3
ADSK_XREC_LAYER_RECONCILED
360
221
  0
DICTIONARY
  5
229
330
228
100
AcDbDictionary
280
     1
281
     1
  3
ADSK_XREC_LAYER_RECONCILED
360
22A
  0
DICTIONARY
  5
224
330
223
100
AcDbDictionary
280
     1
281
     1
  3
ADSK_XREC_LAYER_RECONCILED
360
225
  0
DICTIONARY
  5
28
330
27
100
AcDbDictionary
280
     1
281
     1
  3
ADSK_XREC_LAYER_RECONCILED
360
29
  0
DICTIONARY
  5
72
330
71
100
AcDbDictionary
280
     1
281
     1
  3
ADSK_XREC_LAYER_RECONCILED
360
73
  0
DICTIONARY
  5
3E
330
3D
100
AcDbDictionary
280
     1
281
     1
  3
ADSK_XREC_LAYER_RECONCILED
360
3F
  0
DICTIONARY
  5
4D
330
4C
100
AcDbDictionary
280
     1
281
     1
  3
ADSK_XREC_LAYER_RECONCILED
360
4E
  0
DICTIONARY
  5
8C
330
8B
100
AcDbDictionary
280
     1
281
     1
  3
ADSK_XREC_LAYER_RECONCILED
360
8D
  0
DICTIONARY
  5
3
330
2
100
AcDbDictionary
280
     1
281
     1
  3
ACAD_SORTENTS
360
386
  0
DICTIONARY
  5
1E
330
1D
100
AcDbDictionary
280
     1
281
     1
  3
ACAD_SORTENTS
360
37C
  0
DICTIONARY
  5
F1
330
F0
100
AcDbDictionary
280
     1
281
     1
  3
ACAD_SORTENTS
360
37B
  0
DICTIONARY
  5
80
330
7F
100
AcDbDictionary
280
     1
281
     1
  0
DICTIONARY
  5
41A
330
417
100
AcDbDictionary
280
     1
281
     1
  0
XRECORD
  5
51D
102
{ACAD_REACTORS
330
B
102
}
330
B
100
AcDbXrecord
280
     1
300
ACD
300
2021
300

  0
DICTIONARY
  5
343
102
{ACAD_REACTORS
330
B
102
}
330
B
100
AcDbDictionary
281
     1
  0
DICTIONARY
  5
415
102
{ACAD_REACTORS
330
B
102
}
330
B
100
AcDbDictionary
281
     1
  3
Imperial24
350
416
  0
DICTIONARY
  5
33E
102
{ACAD_REACTORS
330
B
102
}
330
B
100
AcDbDictionary
281
     1
  0
RASTERVARIABLES
  5
37A
102
{ACAD_REACTORS
330
B
102
}
330
B
100
AcDbRasterVariables
 90
        0
 70
     1
 71
     1
 72
     0
  0
DICTIONARY
  5
31E
102
{ACAD_REACTORS
330
B
102
}
330
B
100
AcDbDictionary
281
     1
  3
Model
350
31D
  3
布局1
350
322
  3
布局2
350
326
  0
DICTIONARY
  5
D
102
{ACAD_REACTORS
330
B
102
}
330
B
100
AcDbDictionary
281
     1
  3
ByBlock
350
342
  3
ByLayer
350
341
  3
Global
350
C
  0
DICTIONARY
  5
346
102
{ACAD_REACTORS
330
B
102
}
330
B
100
AcDbDictionary
281
     1
  3
Standard
350
412
  0
DICTIONARY
  5
33F
102
{ACAD_REACTORS
330
B
102
}
330
B
100
AcDbDictionary
281
     1
  3
Standard
350
354
  0
DICTIONARY
  5
340
102
{ACAD_REACTORS
330
B
102
}
330
B
100
AcDbDictionary
281
     1
  0
ACDBDICTIONARYWDFLT
  5
A
102
{ACAD_REACTORS
330
B
102
}
330
B
100
AcDbDictionary
281
     1
  3
Normal
350
9
100
AcDbDictionaryWithDefault
340
9
  0
DICTIONARY
  5
344
102
{ACAD_REACTORS
330
B
102
}
330
B
100
AcDbDictionary
281
     1
  3
A0
350
359
  3
A1
350
35A
  3
A2
350
35B
  3
A3
350
35C
  3
A4
350
35D
  3
A5
350
35E
  3
A6
350
35F
  3
A7
350
360
  3
A8
350
361
  3
A9
350
362
  3
B0
350
363
  3
B1
350
364
  3
B2
350
365
  3
B3
350
366
  3
B4
350
367
  3
B5
350
368
  3
B6
350
369
  3
B7
350
36A
  3
B8
350
36B
  3
B9
350
36C
  3
C0
350
36D
  3
C1
350
36E
  3
C2
350
36F
  3
C3
350
370
  3
C4
350
371
  3
C5
350
372
  3
C6
350
373
  3
C7
350
374
  3
C8
350
375
  3
C9
350
376
  3
D0
350
377
  3
D1
350
378
  3
D2
350
379
  0
DICTIONARY
  5
413
102
{ACAD_REACTORS
330
B
102
}
330
B
100
AcDbDictionary
281
     1
  3
Imperial24
350
414
  0
DICTIONARY
  5
345
102
{ACAD_REACTORS
330
B
102
}
330
B
100
AcDbDictionary
281
     1
  3
Standard
350
355
  0
DICTIONARY
  5
338
102
{ACAD_REACTORS
330
B
102
}
330
B
100
AcDbDictionary
281
     1
  3
2dWireframe
350
337
  3
3dWireframe
350
358
  3
Basic
350
3FC
  3
Brighten
350
3FD
  3
ColorChange
350
3FE
  3
Conceptual
350
3FF
  3
Dim
350
400
  3
EdgeColorOff
350
401
  3
Facepattern
350
402
  3
Flat
350
403
  3
FlatWithEdges
350
404
  3
Gouraud
350
405
  3
GouraudWithEdges
350
406
  3
Hidden
350
407
  3
JitterOff
350
408
  3
Linepattern
350
409
  3
OverhangOff
350
40A
  3
Realistic
350
357
  3
Shaded
350
40B
  3
Shaded with edges
350
40C
  3
Shades of Gray
350
40D
  3
Sketchy
350
40E
  3
Thicken
350
40F
  3
Wireframe
350
410
  3
X-Ray
350
411
  0
XRECORD
  5
527
102
{ACAD_REACTORS
330
B
102
}
330
B
100
AcDbXrecord
280
     1
 90
        1
330
355
  0
DICTIONARY
  5
347
102
{ACAD_REACTORS
330
B
102
}
330
B
100
AcDbDictionary
281
     1
  3
CANNOSCALE
350
348
  3
CMLEADERSTYLE
350
349
  3
CTABLESTYLE
350
34A
  3
CVIEWDETAILSTYLE
350
34B
  3
CVIEWSECTIONSTYLE
350
34C
  3
DIMASSOC
350
34D
  3
HIDETEXT
350
34E
  3
LAYEREVAL
350
34F
  3
LAYERNOTIFY
350
350
  3
LIGHTINGUNITS
350
351
  3
MSLTSCALE
350
352
  3
SOLIDHIST
350
513
  3
WIPEOUTFRAME
350
353
  0
TCH_DBCONFIG
  5
51E
102
{ACAD_REACTORS
330
B
102
}
330
B
100
TDbConfig
  0
DICTIONARY
  5
329
102
{ACAD_REACTORS
330
328
102
}
330
328
100
AcDbDictionary
281
     1
  0
DICTIONARY
  5
32A
102
{ACAD_REACTORS
330
328
102
}
330
328
100
AcDbDictionary
281
     1
  0
DICTIONARY
  5
32B
102
{ACAD_REACTORS
330
328
102
}
330
328
100
AcDbDictionary
281
     1
1001
ACAD
1000
<All
  0
XRECORD
  5
8
102
{ACAD_REACTORS
330
7
102
}
330
7
100
AcDbXrecord
280
     1
290
     1
  0
XRECORD
  5
13
102
{ACAD_REACTORS
330
12
102
}
330
12
100
AcDbXrecord
280
     1
290
     1
  0
XRECORD
  5
1F4
102
{ACAD_REACTORS
330
1F3
102
}
330
1F3
100
AcDbXrecord
280
     1
290
     1
  0
XRECORD
  5
30
102
{ACAD_REACTORS
330
2F
102
}
330
2F
100
AcDbXrecord
280
     1
290
     1
  0
XRECORD
  5
216
102
{ACAD_REACTORS
330
215
102
}
330
215
100
AcDbXrecord
280
     1
290
     1
  0
XRECORD
  5
1C
102
{ACAD_REACTORS
330
1B
102
}
330
1B
100
AcDbXrecord
280
     1
290
     1
  0
XRECORD
  5
2C
102
{ACAD_REACTORS
330
2B
102
}
330
2B
100
AcDbXrecord
280
     1
290
     1
  0
XRECORD
  5
207
102
{ACAD_REACTORS
330
206
102
}
330
206
100
AcDbXrecord
280
     1
290
     1
  0
XRECORD
  5
20B
102
{ACAD_REACTORS
330
20A
102
}
330
20A
100
AcDbXrecord
280
     1
290
     1
  0
XRECORD
  5
21A
102
{ACAD_REACTORS
330
219
102
}
330
219
100
AcDbXrecord
280
     1
290
     1
  0
XRECORD
  5
221
102
{ACAD_REACTORS
330
220
102
}
330
220
100
AcDbXrecord
280
     1
290
     1
  0
XRECORD
  5
22A
102
{ACAD_REACTORS
330
229
102
}
330
229
100
AcDbXrecord
280
     1
290
     1
  0
XRECORD
  5
225
102
{ACAD_REACTORS
330
224
102
}
330
224
100
AcDbXrecord
280
     1
290
     1
  0
XRECORD
  5
29
102
{ACAD_REACTORS
330
28
102
}
330
28
100
AcDbXrecord
280
     1
290
     1
  0
XRECORD
  5
73
102
{ACAD_REACTORS
330
72
102
}
330
72
100
AcDbXrecord
280
     1
290
     1
  0
XRECORD
  5
3F
102
{ACAD_REACTORS
330
3E
102
}
330
3E
100
AcDbXrecord
280
     1
290
     1
  0
XRECORD
  5
4E
102
{ACAD_REACTORS
330
4D
102
}
330
4D
100
AcDbXrecord
280
     1
290
     1
  0
XRECORD
  5
8D
102
{ACAD_REACTORS
330
8C
102
}
330
8C
100
AcDbXrecord
280
     1
290
     1
  0
SORTENTSTABLE
  5
386
102
{ACAD_REACTORS
330
3
102
}
330
3
100
AcDbSortentsTable
330
2
  0
SORTENTSTABLE
  5
37C
102
{ACAD_REACTORS
330
1E
102
}
330
1E
100
AcDbSortentsTable
330
1D
  0
SORTENTSTABLE
  5
37B
102
{ACAD_REACTORS
330
F1
102
}
330
F1
100
AcDbSortentsTable
330
F0
  0
ACDBDETAILVIEWSTYLE
  5
416
102
{ACAD_REACTORS
330
415
102
}
330
415
100
AcDbModelDocViewStyle
 70
     0
  3
Imperial24
290
     0
300
Imperial24
 90
        0
100
AcDbDetailViewStyle
 70
     0
 71
     0
 90
        3
 71
     1
340
32E
 62
   256
 40
0.24
340
0
 62
   256
 40
0.24
300

 40
0.36
280
     3
 71
     2
340
E
 90
       25
 62
   256
 71
     3
340
32E
 62
   256
 40
0.24
 90
        1
 40
0.75
 90
        1
300
%<\AcVar ViewType \f "%tc1">% %<\AcVar ViewDetailId>%\PSCALE %<\AcVar ViewScale \f "%sn">%
 71
     4
340
E
 90
       25
 62
   256
340
E
 90
       25
 62
   256
280
     0
  0
LAYOUT
  5
31D
102
{ACAD_XDICTIONARY
360
4D3
102
}
102
{ACAD_REACTORS
330
31E
102
}
330
31E
100
AcDbPlotSettings
  1

  2
none_device
  4
ANSI_A_(8.50_x_11.00_Inches)
  6

 40
6.35
 41
19.05
 42
6.35
 43
19.05
 44
215.9
 45
279.4
 46
0.0
 47
0.0
 48
0.0
 49
0.0
140
0.0
141
0.0
142
1.0
143
2.58
 70
 11952
 72
     0
 73
     1
 74
     0
  7

 75
     0
147
0.39
 76
     0
 77
     2
 78
   300
148
0.0
149
0.0
100
AcDbLayout
  1
Model
 70
     1
 71
     0
 10
0.0
 20
0.0
 11
12.0
 21
9.0
 12
0.0
 22
0.0
 32
0.0
 14
0.0
 24
0.0
 34
0.0
 15
0.0
 25
0.0
 35
0.0
146
0.0
 13
0.0
 23
0.0
 33
0.0
 16
1.0
 26
0.0
 36
0.0
 17
0.0
 27
1.0
 37
0.0
 76
     0
330
2
331
336
  0
LAYOUT
  5
322
102
{ACAD_REACTORS
330
31E
102
}
330
31E
100
AcDbPlotSettings
  1

  2
None
  4

  6

 40
0.0
 41
0.0
 42
0.0
 43
0.0
 44
0.0
 45
0.0
 46
0.0
 47
0.0
 48
0.0
 49
0.0
140
0.0
141
0.0
142
1.0
143
1.0
 70
   688
 72
     0
 73
     0
 74
     5
  7

 75
    16
147
1.0
 76
     0
 77
     2
 78
   300
148
0.0
149
0.0
100
AcDbLayout
  1
布局1
 70
     1
 71
     1
 10
0.0
 20
0.0
 11
12.0
 21
9.0
 12
0.0
 22
0.0
 32
0.0
 14
0.0
 24
0.0
 34
0.0
 15
0.0
 25
0.0
 35
0.0
146
0.0
 13
0.0
 23
0.0
 33
0.0
 16
1.0
 26
0.0
 36
0.0
 17
0.0
 27
1.0
 37
0.0
 76
     0
330
31F
  0
LAYOUT
  5
326
102
{ACAD_REACTORS
330
31E
102
}
330
31E
100
AcDbPlotSettings
  1

  2
None
  4

  6

 40
0.0
 41
0.0
 42
0.0
 43
0.0
 44
0.0
 45
0.0
 46
0.0
 47
0.0
 48
0.0
 49
0.0
140
0.0
141
0.0
142
1.0
143
1.0
 70
   688
 72
     0
 73
     0
 74
     5
  7

 75
    16
147
1.0
 76
     0
 77
     2
 78
   300
148
0.0
149
0.0
100
AcDbLayout
  1
布局2
 70
     1
 71
     2
 10
0.0
 20
0.0
 11
12.0
 21
9.0
 12
0.0
 22
0.0
 32
0.0
 14
0.0
 24
0.0
 34
0.0
 15
0.0
 25
0.0
 35
0.0
146
0.0
 13
0.0
 23
0.0
 33
0.0
 16
1.0
 26
0.0
 36
0.0
 17
0.0
 27
1.0
 37
0.0
 76
     0
330
323
  0
MATERIAL
  5
342
102
{ACAD_REACTORS
330
D
102
}
330
D
100
AcDbMaterial
  1
ByBlock
 73
     1
 78
     1
172
     1
176
     1
270
     1
274
     1
 94
       63
  0
MATERIAL
  5
341
102
{ACAD_REACTORS
330
D
102
}
330
D
100
AcDbMaterial
  1
ByLayer
 73
     1
 78
     1
172
     1
176
     1
270
     1
274
     1
 94
       63
  0
MATERIAL
  5
C
102
{ACAD_REACTORS
330
D
102
}
330
D
100
AcDbMaterial
  1
Global
 73
     1
 78
     1
172
     1
176
     1
270
     1
274
     1
 94
       63
  0
MLEADERSTYLE
  5
412
102
{ACAD_REACTORS
330
346
102
}
330
346
100
AcDbMLeaderStyle
179
     2
170
     2
171
     1
172
     0
 90
        2
 40
0.0
 41
0.0
173
     1
 91
-1056964608
340
331
 92
       -2
290
     1
 42
0.09
291
     1
 43
0.36
  3
Standard
 44
0.18
300

342
32E
174
     1
178
     6
175
     1
176
     0
 93
-1056964608
 45
0.18
292
     0
297
     0
 46
0.18
 94
-1056964608
 47
1.0
 49
1.0
140
1.0
293
     1
141
0.0
294
     1
177
     0
142
1.0
295
     0
296
     0
143
0.13
271
     0
272
     9
273
     9
298
     1
  0
MLINESTYLE
  5
354
102
{ACAD_REACTORS
330
33F
102
}
330
33F
100
AcDbMlineStyle
  2
STANDARD
 70
     0
  3

 62
   256
 51
90.0
 52
90.0
 71
     2
 49
0.5
 62
   256
  6
BYLAYER
 49
-0.5
 62
   256
  6
BYLAYER
  0
ACDBPLACEHOLDER
  5
9
102
{ACAD_REACTORS
330
A
102
}
330
A
  0
SCALE
  5
359
102
{ACAD_REACTORS
330
344
102
}
330
344
100
AcDbScale
 70
     0
300
1:1
140
1.0
141
1.0
290
     1
  0
SCALE
  5
35A
102
{ACAD_REACTORS
330
344
102
}
330
344
100
AcDbScale
 70
     0
300
1:2
140
1.0
141
2.0
290
     0
  0
SCALE
  5
35B
102
{ACAD_REACTORS
330
344
102
}
330
344
100
AcDbScale
 70
     0
300
1:4
140
1.0
141
4.0
290
     0
  0
SCALE
  5
35C
102
{ACAD_REACTORS
330
344
102
}
330
344
100
AcDbScale
 70
     0
300
1:5
140
1.0
141
5.0
290
     0
  0
SCALE
  5
35D
102
{ACAD_REACTORS
330
344
102
}
330
344
100
AcDbScale
 70
     0
300
1:8
140
1.0
141
8.0
290
     0
  0
SCALE
  5
35E
102
{ACAD_REACTORS
330
344
102
}
330
344
100
AcDbScale
 70
     0
300
1:10
140
1.0
141
10.0
290
     0
  0
SCALE
  5
35F
102
{ACAD_REACTORS
330
344
102
}
330
344
100
AcDbScale
 70
     0
300
1:16
140
1.0
141
16.0
290
     0
  0
SCALE
  5
360
102
{ACAD_REACTORS
330
344
102
}
330
344
100
AcDbScale
 70
     0
300
1:20
140
1.0
141
20.0
290
     0
  0
SCALE
  5
361
102
{ACAD_REACTORS
330
344
102
}
330
344
100
AcDbScale
 70
     0
300
1:30
140
1.0
141
30.0
290
     0
  0
SCALE
  5
362
102
{ACAD_REACTORS
330
344
102
}
330
344
100
AcDbScale
 70
     0
300
1:40
140
1.0
141
40.0
290
     0
  0
SCALE
  5
363
102
{ACAD_REACTORS
330
344
102
}
330
344
100
AcDbScale
 70
     0
300
1:50
140
1.0
141
50.0
290
     0
  0
SCALE
  5
364
102
{ACAD_REACTORS
330
344
102
}
330
344
100
AcDbScale
 70
     0
300
1:100
140
1.0
141
100.0
290
     0
  0
SCALE
  5
365
102
{ACAD_REACTORS
330
344
102
}
330
344
100
AcDbScale
 70
     0
300
2:1
140
2.0
141
1.0
290
     0
  0
SCALE
  5
366
102
{ACAD_REACTORS
330
344
102
}
330
344
100
AcDbScale
 70
     0
300
4:1
140
4.0
141
1.0
290
     0
  0
SCALE
  5
367
102
{ACAD_REACTORS
330
344
102
}
330
344
100
AcDbScale
 70
     0
300
8:1
140
8.0
141
1.0
290
     0
  0
SCALE
  5
368
102
{ACAD_REACTORS
330
344
102
}
330
344
100
AcDbScale
 70
     0
300
10:1
140
10.0
141
1.0
290
     0
  0
SCALE
  5
369
102
{ACAD_REACTORS
330
344
102
}
330
344
100
AcDbScale
 70
     0
300
100:1
140
100.0
141
1.0
290
     0
  0
SCALE
  5
36A
102
{ACAD_REACTORS
330
344
102
}
330
344
100
AcDbScale
 70
     0
300
1/128" = 1'-0"
140
0.01
141
12.0
290
     0
  0
SCALE
  5
36B
102
{ACAD_REACTORS
330
344
102
}
330
344
100
AcDbScale
 70
     0
300
1/64" = 1'-0"
140
0.02
141
12.0
290
     0
  0
SCALE
  5
36C
102
{ACAD_REACTORS
330
344
102
}
330
344
100
AcDbScale
 70
     0
300
1/32" = 1'-0"
140
0.03
141
12.0
290
     0
  0
SCALE
  5
36D
102
{ACAD_REACTORS
330
344
102
}
330
344
100
AcDbScale
 70
     0
300
1/16" = 1'-0"
140
0.06
141
12.0
290
     0
  0
SCALE
  5
36E
102
{ACAD_REACTORS
330
344
102
}
330
344
100
AcDbScale
 70
     0
300
3/32" = 1'-0"
140
0.09
141
12.0
290
     0
  0
SCALE
  5
36F
102
{ACAD_REACTORS
330
344
102
}
330
344
100
AcDbScale
 70
     0
300
1/8" = 1'-0"
140
0.13
141
12.0
290
     0
  0
SCALE
  5
370
102
{ACAD_REACTORS
330
344
102
}
330
344
100
AcDbScale
 70
     0
300
3/16" = 1'-0"
140
0.19
141
12.0
290
     0
  0
SCALE
  5
371
102
{ACAD_REACTORS
330
344
102
}
330
344
100
AcDbScale
 70
     0
300
1/4" = 1'-0"
140
0.25
141
12.0
290
     0
  0
SCALE
  5
372
102
{ACAD_REACTORS
330
344
102
}
330
344
100
AcDbScale
 70
     0
300
3/8" = 1'-0"
140
0.38
141
12.0
290
     0
  0
SCALE
  5
373
102
{ACAD_REACTORS
330
344
102
}
330
344
100
AcDbScale
 70
     0
300
1/2" = 1'-0"
140
0.5
141
12.0
290
     0
  0
SCALE
  5
374
102
{ACAD_REACTORS
330
344
102
}
330
344
100
AcDbScale
 70
     0
300
3/4" = 1'-0"
140
0.75
141
12.0
290
     0
  0
SCALE
  5
375
102
{ACAD_REACTORS
330
344
102
}
330
344
100
AcDbScale
 70
     0
300
1" = 1'-0"
140
1.0
141
12.0
290
     0
  0
SCALE
  5
376
102
{ACAD_REACTORS
330
344
102
}
330
344
100
AcDbScale
 70
     0
300
1-1/2" = 1'-0"
140
1.5
141
12.0
290
     0
  0
SCALE
  5
377
102
{ACAD_REACTORS
330
344
102
}
330
344
100
AcDbScale
 70
     0
300
3" = 1'-0"
140
3.0
141
12.0
290
     0
  0
SCALE
  5
378
102
{ACAD_REACTORS
330
344
102
}
330
344
100
AcDbScale
 70
     0
300
6" = 1'-0"
140
6.0
141
12.0
290
     0
  0
SCALE
  5
379
102
{ACAD_REACTORS
330
344
102
}
330
344
100
AcDbScale
 70
     0
300
1'-0" = 1'-0"
140
12.0
141
12.0
290
     0
  0
ACDBSECTIONVIEWSTYLE
  5
414
102
{ACAD_REACTORS
330
413
102
}
330
413
100
AcDbModelDocViewStyle
 70
     0
  3
Imperial24
290
     0
300
Imperial24
 90
        0
100
AcDbSectionViewStyle
 70
     0
 71
     0
 90
       78
 71
     1
340
32E
 62
   256
 40
0.24
340
0
340
0
 62
   256
 40
0.24
300
I, O, Q, S, X, Z
 40
0.48
 90
        3
 40
0.18
 90
        1
 71
     2
340
E
 90
       25
 62
   256
340
E
 90
       50
 62
   256
 40
0.24
 40
0.0
 40
0.24
 71
     3
340
32E
 62
   256
 40
0.24
 90
        1
 40
0.75
 90
        1
300
%<\AcVar ViewType \f "%tc1">% %<\AcVar ViewSectionStartId>%-%<\AcVar ViewSectionEndId>%\PSCALE %<\AcVar ViewScale \f "%sn">%
 71
     4
 62
   256
 62
   257
300
ANSI31
 40
1.0
 90
        0
290
     0
290
     0
 90
        6
 40
0.0
 40
1.57
 40
0.26
 40
1.31
 40
-0.26
 40
1.83
  0
TABLESTYLE
  5
355
102
{ACAD_XDICTIONARY
360
356
102
}
102
{ACAD_REACTORS
330
345
102
}
330
345
100
AcDbTableStyle
280
     0
  3
Standard
 70
     0
 71
     0
 40
0.06
 41
0.06
280
     0
281
     0
  7
Standard
140
0.18
170
     2
 62
     0
 63
     7
283
     0
 90
      512
 91
        0
  1

274
    -2
284
     1
 64
     0
275
    -2
285
     1
 65
     0
276
    -2
286
     1
 66
     0
277
    -2
287
     1
 67
     0
278
    -2
288
     1
 68
     0
279
    -2
289
     1
 69
     0
  7
Standard
140
0.25
170
     5
 62
     0
 63
     7
283
     0
 90
      512
 91
        0
  1

274
    -2
284
     1
 64
     0
275
    -2
285
     1
 65
     0
276
    -2
286
     1
 66
     0
277
    -2
287
     1
 67
     0
278
    -2
288
     1
 68
     0
279
    -2
289
     1
 69
     0
  7
Standard
140
0.18
170
     5
 62
     0
 63
     7
283
     0
 90
      512
 91
        0
  1

274
    -2
284
     1
 64
     0
275
    -2
285
     1
 65
     0
276
    -2
286
     1
 66
     0
277
    -2
287
     1
 67
     0
278
    -2
288
     1
 68
     0
279
    -2
289
     1
 69
     0
  0
VISUALSTYLE
  5
337
102
{ACAD_REACTORS
330
338
102
}
330
338
100
AcDbVisualStyle
  2
2dWireframe
 70
     4
177
     3
291
     0
 70
    58
 90
        0
176
     1
 90
        2
176
     1
 90
        1
176
     1
 90
        0
176
     1
 40
0.6
176
     1
 40
30.0
176
     1
 62
     7
420
 16777215
176
     1
 90
        1
176
     1
 90
        4
176
     1
 62
     7
176
     1
 62
   257
176
     1
 90
        1
176
     1
 90
        1
176
     1
 40
1.0
176
     1
 90
        0
176
     1
 62
   257
176
     1
 40
1.0
176
     1
 90
        1
176
     1
 90
        6
176
     1
 90
        2
176
     1
 62
     7
176
     1
 90
        5
176
     1
 90
        0
176
     1
 90
        0
176
     1
290
     0
176
     1
 90
        1
176
     1
 40
0.0
176
     1
 90
        0
176
     1
290
     1
176
     1
290
     1
176
     1
290
     0
176
     1
290
     0
176
     1
290
     0
176
     1
290
     0
176
     1
290
     0
176
     1
290
     0
176
     1
290
     0
176
     1
 90
       50
176
     1
 40
0.0
176
     1
 40
1.0
176
     1
 90
        0
176
     1
 62
    18
420
        0
176
     1
 90
       50
176
     1
 90
        3
176
     1
 62
     5
420
      255
176
     1
290
     0
176
     1
 90
       50
176
     1
 90
       50
176
     1
 90
       50
176
     1
290
     0
176
     1
 90
       50
176
     1
 62
   256
176
     0
 40
1.0
176
     0
 90
        2
176
     1
  1
strokes_ogs.tif
176
     1
290
     0
176
     1
 40
1.0
176
     1
 40
1.0
176
     1
  0
VISUALSTYLE
  5
358
102
{ACAD_REACTORS
330
338
102
}
330
338
100
AcDbVisualStyle
  2
3dWireframe
 70
     5
177
     3
291
     0
 70
    58
 90
        0
176
     1
 90
        2
176
     1
 90
        1
176
     1
 90
        0
176
     1
 40
0.6
176
     1
 40
30.0
176
     1
 62
     7
420
 16777215
176
     1
 90
        1
176
     1
 90
        4
176
     1
 62
     7
176
     1
 62
   257
176
     1
 90
        1
176
     1
 90
        1
176
     1
 40
1.0
176
     1
 90
        0
176
     1
 62
   257
176
     1
 40
1.0
176
     1
 90
        1
176
     1
 90
        6
176
     1
 90
        2
176
     1
 62
     7
176
     1
 90
        5
176
     1
 90
        0
176
     1
 90
        0
176
     1
290
     0
176
     1
 90
        1
176
     1
 40
0.0
176
     1
 90
        0
176
     1
290
     0
176
     1
290
     1
176
     1
290
     1
176
     1
290
     0
176
     1
290
     0
176
     1
290
     0
176
     1
290
     0
176
     1
290
     0
176
     1
290
     0
176
     1
 90
       50
176
     1
 40
0.0
176
     1
 40
1.0
176
     1
 90
        0
176
     1
 62
    18
420
        0
176
     1
 90
       50
176
     1
 90
        3
176
     1
 62
     5
420
      255
176
     1
290
     0
176
     1
 90
       50
176
     1
 90
       50
176
     1
 90
       50
176
     1
290
     0
176
     1
 90
       50
176
     1
 62
   256
176
     0
 40
1.0
176
     0
 90
        2
176
     1
  1
strokes_ogs.tif
176
     1
290
     0
176
     1
 40
1.0
176
     1
 40
1.0
176
     1
  0
VISUALSTYLE
  5
3FC
102
{ACAD_REACTORS
330
338
102
}
330
338
100
AcDbVisualStyle
  2
Basic
 70
     7
177
     3
291
     1
 70
    58
 90
        1
176
     1
 90
        0
176
     1
 90
        1
176
     1
 90
        0
176
     1
 40
0.6
176
     1
 40
30.0
176
     1
 62
     7
420
 16777215
176
     1
 90
        0
176
     1
 90
        4
176
     1
 62
     7
176
     1
 62
   257
176
     1
 90
        1
176
     1
 90
        1
176
     1
 40
1.0
176
     1
 90
        8
176
     1
 62
     7
176
     1
 40
1.0
176
     1
 90
        1
176
     1
 90
        6
176
     1
 90
        2
176
     1
 62
     7
176
     1
 90
        5
176
     1
 90
        0
176
     1
 90
        0
176
     1
290
     0
176
     1
 90
        1
176
     1
 40
0.0
176
     1
 90
        0
176
     1
290
     0
176
     1
290
     1
176
     1
290
     1
176
     1
290
     0
176
     1
290
     0
176
     1
290
     0
176
     1
290
     0
176
     1
290
     0
176
     1
290
     0
176
     1
 90
       50
176
     1
 40
0.0
176
     1
 40
1.0
176
     1
 90
        0
176
     1
 62
    18
420
        0
176
     1
 90
       50
176
     1
 90
        3
176
     1
 62
     5
420
      255
176
     1
290
     0
176
     1
 90
       50
176
     1
 90
       50
176
     1
 90
       50
176
     1
290
     0
176
     1
 90
       50
176
     1
 62
   256
176
     0
 40
1.0
176
     0
 90
        2
176
     1
  1
strokes_ogs.tif
176
     1
290
     0
176
     1
 40
1.0
176
     1
 40
1.0
176
     1
  0
VISUALSTYLE
  5
3FD
102
{ACAD_REACTORS
330
338
102
}
330
338
100
AcDbVisualStyle
  2
Brighten
 70
    12
177
     3
291
     1
 70
    58
 90
        2
176
     1
 90
        2
176
     1
 90
        0
176
     1
 90
        0
176
     1
 40
0.6
176
     1
 40
30.0
176
     1
 62
     7
420
 16777215
176
     1
 90
        1
176
     1
 90
        4
176
     1
 62
     7
176
     1
 62
   257
176
     1
 90
        1
176
     1
 90
        1
176
     1
 40
1.0
176
     1
 90
        8
176
     1
 62
     7
176
     1
 40
1.0
176
     1
 90
        1
176
     1
 90
        6
176
     1
 90
        2
176
     1
 62
     7
176
     1
 90
        5
176
     1
 90
        0
176
     1
 90
        0
176
     1
290
     0
176
     1
 90
        1
176
     1
 40
50.0
176
     1
 90
        0
176
     1
290
     0
176
     1
290
     1
176
     1
290
     1
176
     1
290
     0
176
     1
290
     0
176
     1
290
     0
176
     1
290
     0
176
     1
290
     0
176
     1
290
     0
176
     1
 90
       50
176
     1
 40
0.0
176
     1
 40
1.0
176
     1
 90
        0
176
     1
 62
    18
420
        0
176
     1
 90
       50
176
     1
 90
        3
176
     1
 62
     5
420
      255
176
     1
290
     0
176
     1
 90
       50
176
     1
 90
       50
176
     1
 90
       50
176
     1
290
     0
176
     1
 90
       50
176
     1
 62
   256
176
     0
 40
1.0
176
     0
 90
        2
176
     1
  1
strokes_ogs.tif
176
     1
290
     0
176
     1
 40
1.0
176
     1
 40
1.0
176
     1
  0
VISUALSTYLE
  5
3FE
102
{ACAD_REACTORS
330
338
102
}
330
338
100
AcDbVisualStyle
  2
ColorChange
 70
    16
177
     3
291
     1
 70
    58
 90
        2
176
     1
 90
        2
176
     1
 90
        3
176
     1
 90
        0
176
     1
 40
0.6
176
     1
 40
30.0
176
     1
 62
     8
420
  8421504
176
     1
 90
        1
176
     1
 90
        4
176
     1
 62
     7
176
     1
 62
   257
176
     1
 90
        1
176
     1
 90
        1
176
     1
 40
1.0
176
     1
 90
        8
176
     1
 62
     8
420
  8421504
176
     1
 40
1.0
176
     1
 90
        1
176
     1
 90
        6
176
     1
 90
        2
176
     1
 62
     7
176
     1
 90
        5
176
     1
 90
        0
176
     1
 90
        0
176
     1
290
     0
176
     1
 90
        1
176
     1
 40
0.0
176
     1
 90
        0
176
     1
290
     0
176
     1
290
     1
176
     1
290
     1
176
     1
290
     0
176
     1
290
     0
176
     1
290
     0
176
     1
290
     0
176
     1
290
     0
176
     1
290
     0
176
     1
 90
       50
176
     1
 40
0.0
176
     1
 40
1.0
176
     1
 90
        0
176
     1
 62
    18
420
        0
176
     1
 90
       50
176
     1
 90
        3
176
     1
 62
     5
420
      255
176
     1
290
     0
176
     1
 90
       50
176
     1
 90
       50
176
     1
 90
       50
176
     1
290
     0
176
     1
 90
       50
176
     1
 62
   256
176
     0
 40
1.0
176
     0
 90
        2
176
     1
  1
strokes_ogs.tif
176
     1
290
     0
176
     1
 40
1.0
176
     1
 40
1.0
176
     1
  0
VISUALSTYLE
  5
3FF
102
{ACAD_REACTORS
330
338
102
}
330
338
100
AcDbVisualStyle
  2
Conceptual
 70
     9
177
     3
291
     0
 70
    58
 90
        3
176
     1
 90
        2
176
     1
 90
        0
176
     1
 90
        0
176
     1
 40
0.6
176
     1
 40
30.0
176
     1
 62
     7
420
 16777215
176
     1
 90
        2
176
     1
 90
        2
176
     1
 62
     7
176
     1
 62
   257
176
     1
 90
        1
176
     1
 90
        1
176
     1
 40
179.0
176
     1
 90
        8
176
     1
 62
     7
176
     1
 40
1.0
176
     1
 90
        1
176
     1
 90
        6
176
     1
 90
        2
176
     1
 62
     7
176
     1
 90
        3
176
     1
 90
        0
176
     1
 90
        0
176
     1
290
     0
176
     1
 90
        1
176
     1
 40
0.0
176
     1
 90
        0
176
     1
290
     0
176
     1
290
     1
176
     1
290
     1
176
     1
290
     0
176
     1
290
     0
176
     1
290
     0
176
     1
290
     0
176
     1
290
     0
176
     1
290
     0
176
     1
 90
       50
176
     1
 40
0.0
176
     1
 40
1.0
176
     1
 90
        0
176
     1
 62
    18
420
        0
176
     1
 90
       50
176
     1
 90
        3
176
     1
 62
     5
420
      255
176
     1
290
     0
176
     1
 90
       50
176
     1
 90
       50
176
     1
 90
       50
176
     1
290
     0
176
     1
 90
       50
176
     1
 62
   256
176
     0
 40
1.0
176
     0
 90
        2
176
     1
  1
strokes_ogs.tif
176
     1
290
     0
176
     1
 40
1.0
176
     1
 40
1.0
176
     1
  0
VISUALSTYLE
  5
400
102
{ACAD_REACTORS
330
338
102
}
330
338
100
AcDbVisualStyle
  2
Dim
 70
    11
177
     3
291
     1
 70
    58
 90
        2
176
     1
 90
        2
176
     1
 90
        0
176
     1
 90
        0
176
     1
 40
0.6
176
     1
 40
30.0
176
     1
 62
     7
420
 16777215
176
     1
 90
        1
176
     1
 90
        4
176
     1
 62
     7
176
     1
 62
   257
176
     1
 90
        1
176
     1
 90
        1
176
     1
 40
1.0
176
     1
 90
        8
176
     1
 62
     7
176
     1
 40
1.0
176
     1
 90
        1
176
     1
 90
        6
176
     1
 90
        2
176
     1
 62
     7
176
     1
 90
        5
176
     1
 90
        0
176
     1
 90
        0
176
     1
290
     0
176
     1
 90
        1
176
     1
 40
-50.0
176
     1
 90
        0
176
     1
290
     0
176
     1
290
     1
176
     1
290
     1
176
     1
290
     0
176
     1
290
     0
176
     1
290
     0
176
     1
290
     0
176
     1
290
     0
176
     1
290
     0
176
     1
 90
       50
176
     1
 40
0.0
176
     1
 40
1.0
176
     1
 90
        0
176
     1
 62
    18
420
        0
176
     1
 90
       50
176
     1
 90
        3
176
     1
 62
     5
420
      255
176
     1
290
     0
176
     1
 90
       50
176
     1
 90
       50
176
     1
 90
       50
176
     1
290
     0
176
     1
 90
       50
176
     1
 62
   256
176
     0
 40
1.0
176
     0
 90
        2
176
     1
  1
strokes_ogs.tif
176
     1
290
     0
176
     1
 40
1.0
176
     1
 40
1.0
176
     1
  0
VISUALSTYLE
  5
401
102
{ACAD_REACTORS
330
338
102
}
330
338
100
AcDbVisualStyle
  2
EdgeColorOff
 70
    22
177
     3
291
     1
 70
    58
 90
        2
176
     0
 90
        2
176
     0
 90
        0
176
     0
 90
        0
176
     0
 40
0.6
176
     0
 40
30.0
176
     0
 62
     7
420
 16777215
176
     0
 90
        1
176
     0
 90
        4
176
     0
 62
     7
176
     0
 62
   257
176
     0
 90
        1
176
     0
 90
        1
176
     0
 40
1.0
176
     0
 90
        8
176
     2
 62
     7
176
     0
 40
1.0
176
     0
 90
        1
176
     0
 90
        6
176
     0
 90
        2
176
     0
 62
     7
176
     0
 90
        5
176
     0
 90
        0
176
     0
 90
        0
176
     0
290
     0
176
     0
 90
        1
176
     0
 40
0.0
176
     0
 90
        0
176
     0
290
     0
176
     0
290
     1
176
     0
290
     1
176
     0
290
     0
176
     0
290
     0
176
     0
290
     0
176
     0
290
     0
176
     0
290
     0
176
     0
290
     0
176
     0
 90
       50
176
     0
 40
0.0
176
     0
 40
1.0
176
     0
 90
        0
176
     0
 62
    18
420
        0
176
     0
 90
       50
176
     0
 90
        3
176
     0
 62
     5
420
      255
176
     0
290
     0
176
     0
 90
       50
176
     0
 90
       50
176
     0
 90
       50
176
     0
290
     0
176
     0
 90
       50
176
     0
 62
   256
176
     0
 40
1.0
176
     0
 90
        2
176
     0
  1
strokes_ogs.tif
176
     0
290
     0
176
     0
 40
1.0
176
     0
 40
1.0
176
     0
  0
VISUALSTYLE
  5
402
102
{ACAD_REACTORS
330
338
102
}
330
338
100
AcDbVisualStyle
  2
Facepattern
 70
    15
177
     3
291
     1
 70
    58
 90
        2
176
     1
 90
        2
176
     1
 90
        0
176
     1
 90
        0
176
     1
 40
0.6
176
     1
 40
30.0
176
     1
 62
     7
420
 16777215
176
     1
 90
        1
176
     1
 90
        4
176
     1
 62
     7
176
     1
 62
   257
176
     1
 90
        1
176
     1
 90
        1
176
     1
 40
1.0
176
     1
 90
        8
176
     1
 62
     7
176
     1
 40
1.0
176
     1
 90
        1
176
     1
 90
        6
176
     1
 90
        2
176
     1
 62
     7
176
     1
 90
        5
176
     1
 90
        0
176
     1
 90
        0
176
     1
290
     0
176
     1
 90
        1
176
     1
 40
0.0
176
     1
 90
        0
176
     1
290
     0
176
     1
290
     1
176
     1
290
     1
176
     1
290
     0
176
     1
290
     0
176
     1
290
     0
176
     1
290
     0
176
     1
290
     0
176
     1
290
     0
176
     1
 90
       50
176
     1
 40
0.0
176
     1
 40
1.0
176
     1
 90
        0
176
     1
 62
    18
420
        0
176
     1
 90
       50
176
     1
 90
        3
176
     1
 62
     5
420
      255
176
     1
290
     0
176
     1
 90
       50
176
     1
 90
       50
176
     1
 90
       50
176
     1
290
     0
176
     1
 90
       50
176
     1
 62
   256
176
     0
 40
1.0
176
     0
 90
        2
176
     1
  1
strokes_ogs.tif
176
     1
290
     0
176
     1
 40
1.0
176
     1
 40
1.0
176
     1
  0
VISUALSTYLE
  5
403
102
{ACAD_REACTORS
330
338
102
}
330
338
100
AcDbVisualStyle
  2
Flat
 70
     0
177
     3
291
     1
 70
    58
 90
        2
176
     1
 90
        1
176
     1
 90
        1
176
     1
 90
        2
176
     1
 40
0.6
176
     1
 40
30.0
176
     1
 62
     7
420
 16777215
176
     1
 90
        0
176
     1
 90
        0
176
     1
 62
     7
176
     1
 62
   257
176
     1
 90
        1
176
     1
 90
        1
176
     1
 40
1.0
176
     1
 90
        8
176
     1
 62
     7
176
     1
 40
1.0
176
     1
 90
        1
176
     1
 90
        6
176
     1
 90
        2
176
     1
 62
     7
176
     1
 90
        5
176
     1
 90
        0
176
     1
 90
        0
176
     1
290
     0
176
     1
 90
       13
176
     1
 40
0.0
176
     1
 90
        0
176
     1
290
     0
176
     1
290
     1
176
     1
290
     1
176
     1
290
     0
176
     1
290
     0
176
     1
290
     0
176
     1
290
     0
176
     1
290
     0
176
     1
290
     0
176
     1
 90
       50
176
     1
 40
0.0
176
     1
 40
1.0
176
     1
 90
        0
176
     1
 62
    18
420
        0
176
     1
 90
       50
176
     1
 90
        3
176
     1
 62
     5
420
      255
176
     1
290
     0
176
     1
 90
       50
176
     1
 90
       50
176
     1
 90
       50
176
     1
290
     0
176
     1
 90
       50
176
     1
 62
   256
176
     0
 40
1.0
176
     0
 90
        2
176
     1
  1
strokes_ogs.tif
176
     1
290
     0
176
     1
 40
1.0
176
     1
 40
1.0
176
     1
  0
VISUALSTYLE
  5
404
102
{ACAD_REACTORS
330
338
102
}
330
338
100
AcDbVisualStyle
  2
FlatWithEdges
 70
     1
177
     3
291
     1
 70
    58
 90
        2
176
     1
 90
        1
176
     1
 90
        1
176
     1
 90
        2
176
     1
 40
0.6
176
     1
 40
30.0
176
     1
 62
     7
420
 16777215
176
     1
 90
        1
176
     1
 90
        0
176
     1
 62
     7
176
     1
 62
   257
176
     1
 90
        1
176
     1
 90
        1
176
     1
 40
1.0
176
     1
 90
        0
176
     1
 62
   257
176
     1
 40
1.0
176
     1
 90
        1
176
     1
 90
        6
176
     1
 90
        2
176
     1
 62
     7
176
     1
 90
        5
176
     1
 90
        0
176
     1
 90
        0
176
     1
290
     0
176
     1
 90
       13
176
     1
 40
0.0
176
     1
 90
        0
176
     1
290
     0
176
     1
290
     1
176
     1
290
     1
176
     1
290
     0
176
     1
290
     0
176
     1
290
     0
176
     1
290
     0
176
     1
290
     0
176
     1
290
     0
176
     1
 90
       50
176
     1
 40
0.0
176
     1
 40
1.0
176
     1
 90
        0
176
     1
 62
    18
420
        0
176
     1
 90
       50
176
     1
 90
        3
176
     1
 62
     5
420
      255
176
     1
290
     0
176
     1
 90
       50
176
     1
 90
       50
176
     1
 90
       50
176
     1
290
     0
176
     1
 90
       50
176
     1
 62
   256
176
     0
 40
1.0
176
     0
 90
        2
176
     1
  1
strokes_ogs.tif
176
     1
290
     0
176
     1
 40
1.0
176
     1
 40
1.0
176
     1
  0
VISUALSTYLE
  5
405
102
{ACAD_REACTORS
330
338
102
}
330
338
100
AcDbVisualStyle
  2
Gouraud
 70
     2
177
     3
291
     1
 70
    58
 90
        2
176
     1
 90
        2
176
     1
 90
        1
176
     1
 90
        2
176
     1
 40
0.6
176
     1
 40
30.0
176
     1
 62
     7
420
 16777215
176
     1
 90
        0
176
     1
 90
        0
176
     1
 62
     7
176
     1
 62
   257
176
     1
 90
        1
176
     1
 90
        1
176
     1
 40
1.0
176
     1
 90
        0
176
     1
 62
     7
176
     1
 40
1.0
176
     1
 90
        1
176
     1
 90
        6
176
     1
 90
        2
176
     1
 62
     7
176
     1
 90
        5
176
     1
 90
        0
176
     1
 90
        0
176
     1
290
     0
176
     1
 90
       13
176
     1
 40
0.0
176
     1
 90
        0
176
     1
290
     0
176
     1
290
     1
176
     1
290
     1
176
     1
290
     0
176
     1
290
     0
176
     1
290
     0
176
     1
290
     0
176
     1
290
     0
176
     1
290
     0
176
     1
 90
       50
176
     1
 40
0.0
176
     1
 40
1.0
176
     1
 90
        0
176
     1
 62
    18
420
        0
176
     1
 90
       50
176
     1
 90
        3
176
     1
 62
     5
420
      255
176
     1
290
     0
176
     1
 90
       50
176
     1
 90
       50
176
     1
 90
       50
176
     1
290
     0
176
     1
 90
       50
176
     1
 62
   256
176
     0
 40
1.0
176
     0
 90
        2
176
     1
  1
strokes_ogs.tif
176
     1
290
     0
176
     1
 40
1.0
176
     1
 40
1.0
176
     1
  0
VISUALSTYLE
  5
406
102
{ACAD_REACTORS
330
338
102
}
330
338
100
AcDbVisualStyle
  2
GouraudWithEdges
 70
     3
177
     3
291
     1
 70
    58
 90
        2
176
     1
 90
        2
176
     1
 90
        1
176
     1
 90
        2
176
     1
 40
0.6
176
     1
 40
30.0
176
     1
 62
     7
420
 16777215
176
     1
 90
        1
176
     1
 90
        0
176
     1
 62
     7
176
     1
 62
   257
176
     1
 90
        1
176
     1
 90
        1
176
     1
 40
1.0
176
     1
 90
        0
176
     1
 62
   257
176
     1
 40
1.0
176
     1
 90
        1
176
     1
 90
        6
176
     1
 90
        2
176
     1
 62
     7
176
     1
 90
        5
176
     1
 90
        0
176
     1
 90
        0
176
     1
290
     0
176
     1
 90
       13
176
     1
 40
0.0
176
     1
 90
        0
176
     1
290
     0
176
     1
290
     1
176
     1
290
     1
176
     1
290
     0
176
     1
290
     0
176
     1
290
     0
176
     1
290
     0
176
     1
290
     0
176
     1
290
     0
176
     1
 90
       50
176
     1
 40
0.0
176
     1
 40
1.0
176
     1
 90
        0
176
     1
 62
    18
420
        0
176
     1
 90
       50
176
     1
 90
        3
176
     1
 62
     5
420
      255
176
     1
290
     0
176
     1
 90
       50
176
     1
 90
       50
176
     1
 90
       50
176
     1
290
     0
176
     1
 90
       50
176
     1
 62
   256
176
     0
 40
1.0
176
     0
 90
        2
176
     1
  1
strokes_ogs.tif
176
     1
290
     0
176
     1
 40
1.0
176
     1
 40
1.0
176
     1
  0
VISUALSTYLE
  5
407
102
{ACAD_REACTORS
330
338
102
}
330
338
100
AcDbVisualStyle
  2
Hidden
 70
     6
177
     3
291
     0
 70
    58
 90
        1
176
     1
 90
        2
176
     1
 90
        2
176
     1
 90
        0
176
     1
 40
0.6
176
     1
 40
30.0
176
     1
 62
     7
420
 16777215
176
     1
 90
        2
176
     1
 90
        2
176
     1
 62
     7
176
     1
 62
   257
176
     1
 90
        2
176
     1
 90
        1
176
     1
 40
40.0
176
     1
 90
        0
176
     1
 62
   257
176
     1
 40
1.0
176
     1
 90
        1
176
     1
 90
        6
176
     1
 90
        2
176
     1
 62
     7
176
     1
 90
        3
176
     1
 90
        0
176
     1
 90
        0
176
     1
290
     0
176
     1
 90
        1
176
     1
 40
0.0
176
     1
 90
        0
176
     1
290
     0
176
     1
290
     1
176
     1
290
     1
176
     1
290
     0
176
     1
290
     0
176
     1
290
     0
176
     1
290
     0
176
     1
290
     0
176
     1
290
     0
176
     1
 90
       50
176
     1
 40
0.0
176
     1
 40
1.0
176
     1
 90
        0
176
     1
 62
    18
420
        0
176
     1
 90
       50
176
     1
 90
        3
176
     1
 62
     5
420
      255
176
     1
290
     0
176
     1
 90
       50
176
     1
 90
       50
176
     1
 90
       50
176
     1
290
     0
176
     1
 90
       50
176
     1
 62
   256
176
     0
 40
1.0
176
     0
 90
        2
176
     1
  1
strokes_ogs.tif
176
     1
290
     0
176
     1
 40
1.0
176
     1
 40
1.0
176
     1
  0
VISUALSTYLE
  5
408
102
{ACAD_REACTORS
330
338
102
}
330
338
100
AcDbVisualStyle
  2
JitterOff
 70
    20
177
     3
291
     1
 70
    58
 90
        2
176
     0
 90
        2
176
     0
 90
        0
176
     0
 90
        0
176
     0
 40
0.6
176
     0
 40
30.0
176
     0
 62
     7
420
 16777215
176
     0
 90
        1
176
     0
 90
        4
176
     0
 62
     7
176
     0
 62
   257
176
     0
 90
        1
176
     0
 90
        1
176
     0
 40
1.0
176
     0
 90
       10
176
     2
 62
     7
176
     0
 40
1.0
176
     0
 90
        1
176
     0
 90
        6
176
     0
 90
        2
176
     0
 62
     7
176
     0
 90
        5
176
     0
 90
        0
176
     0
 90
        0
176
     0
290
     0
176
     0
 90
        1
176
     0
 40
0.0
176
     0
 90
        0
176
     0
290
     0
176
     0
290
     1
176
     0
290
     1
176
     0
290
     0
176
     0
290
     0
176
     0
290
     0
176
     0
290
     0
176
     0
290
     0
176
     0
290
     0
176
     0
 90
       50
176
     0
 40
0.0
176
     0
 40
1.0
176
     0
 90
        0
176
     0
 62
    18
420
        0
176
     0
 90
       50
176
     0
 90
        3
176
     0
 62
     5
420
      255
176
     0
290
     0
176
     0
 90
       50
176
     0
 90
       50
176
     0
 90
       50
176
     0
290
     0
176
     0
 90
       50
176
     0
 62
   256
176
     0
 40
1.0
176
     0
 90
        2
176
     0
  1
strokes_ogs.tif
176
     0
290
     0
176
     0
 40
1.0
176
     0
 40
1.0
176
     0
  0
VISUALSTYLE
  5
409
102
{ACAD_REACTORS
330
338
102
}
330
338
100
AcDbVisualStyle
  2
Linepattern
 70
    14
177
     3
291
     1
 70
    58
 90
        2
176
     1
 90
        2
176
     1
 90
        0
176
     1
 90
        0
176
     1
 40
0.6
176
     1
 40
30.0
176
     1
 62
     7
420
 16777215
176
     1
 90
        1
176
     1
 90
        4
176
     1
 62
     7
176
     1
 62
   257
176
     1
 90
        7
176
     1
 90
        7
176
     1
 40
1.0
176
     1
 90
        8
176
     1
 62
     7
176
     1
 40
1.0
176
     1
 90
        1
176
     1
 90
        6
176
     1
 90
        2
176
     1
 62
     7
176
     1
 90
        5
176
     1
 90
        0
176
     1
 90
        0
176
     1
290
     0
176
     1
 90
        1
176
     1
 40
0.0
176
     1
 90
        0
176
     1
290
     0
176
     1
290
     1
176
     1
290
     1
176
     1
290
     0
176
     1
290
     0
176
     1
290
     0
176
     1
290
     0
176
     1
290
     0
176
     1
290
     0
176
     1
 90
       50
176
     1
 40
0.0
176
     1
 40
1.0
176
     1
 90
        0
176
     1
 62
    18
420
        0
176
     1
 90
       50
176
     1
 90
        3
176
     1
 62
     5
420
      255
176
     1
290
     0
176
     1
 90
       50
176
     1
 90
       50
176
     1
 90
       50
176
     1
290
     0
176
     1
 90
       50
176
     1
 62
   256
176
     0
 40
1.0
176
     0
 90
        2
176
     1
  1
strokes_ogs.tif
176
     1
290
     0
176
     1
 40
1.0
176
     1
 40
1.0
176
     1
  0
VISUALSTYLE
  5
40A
102
{ACAD_REACTORS
330
338
102
}
330
338
100
AcDbVisualStyle
  2
OverhangOff
 70
    21
177
     3
291
     1
 70
    58
 90
        2
176
     0
 90
        2
176
     0
 90
        0
176
     0
 90
        0
176
     0
 40
0.6
176
     0
 40
30.0
176
     0
 62
     7
420
 16777215
176
     0
 90
        1
176
     0
 90
        4
176
     0
 62
     7
176
     0
 62
   257
176
     0
 90
        1
176
     0
 90
        1
176
     0
 40
1.0
176
     0
 90
        9
176
     2
 62
     7
176
     0
 40
1.0
176
     0
 90
        1
176
     0
 90
        6
176
     0
 90
        2
176
     0
 62
     7
176
     0
 90
        5
176
     0
 90
        0
176
     0
 90
        0
176
     0
290
     0
176
     0
 90
        1
176
     0
 40
0.0
176
     0
 90
        0
176
     0
290
     0
176
     0
290
     1
176
     0
290
     1
176
     0
290
     0
176
     0
290
     0
176
     0
290
     0
176
     0
290
     0
176
     0
290
     0
176
     0
290
     0
176
     0
 90
       50
176
     0
 40
0.0
176
     0
 40
1.0
176
     0
 90
        0
176
     0
 62
    18
420
        0
176
     0
 90
       50
176
     0
 90
        3
176
     0
 62
     5
420
      255
176
     0
290
     0
176
     0
 90
       50
176
     0
 90
       50
176
     0
 90
       50
176
     0
290
     0
176
     0
 90
       50
176
     0
 62
   256
176
     0
 40
1.0
176
     0
 90
        2
176
     0
  1
strokes_ogs.tif
176
     0
290
     0
176
     0
 40
1.0
176
     0
 40
1.0
176
     0
  0
VISUALSTYLE
  5
357
102
{ACAD_REACTORS
330
338
102
}
330
338
100
AcDbVisualStyle
  2
Realistic
 70
     8
177
     3
291
     0
 70
    58
 90
        2
176
     1
 90
        2
176
     1
 90
        1
176
     1
 90
        0
176
     1
 40
0.6
176
     1
 40
30.0
176
     1
 62
     7
420
 16777215
176
     1
 90
        1
176
     1
 90
        0
176
     1
 62
     7
176
     1
 62
   257
176
     1
 90
        1
176
     1
 90
        1
176
     1
 40
1.0
176
     1
 90
        8
176
     1
 62
     8
420
  7895160
176
     1
 40
1.0
176
     1
 90
        1
176
     1
 90
        6
176
     1
 90
        2
176
     1
 62
     7
176
     1
 90
        5
176
     1
 90
        0
176
     1
 90
        0
176
     1
290
     0
176
     1
 90
       13
176
     1
 40
0.0
176
     1
 90
        0
176
     1
290
     0
176
     1
290
     1
176
     1
290
     1
176
     1
290
     0
176
     1
290
     0
176
     1
290
     0
176
     1
290
     0
176
     1
290
     0
176
     1
290
     0
176
     1
 90
       50
176
     1
 40
0.0
176
     1
 40
1.0
176
     1
 90
        0
176
     1
 62
    18
420
        0
176
     1
 90
       50
176
     1
 90
        3
176
     1
 62
     5
420
      255
176
     1
290
     0
176
     1
 90
       50
176
     1
 90
       50
176
     1
 90
       50
176
     1
290
     0
176
     1
 90
       50
176
     1
 62
   256
176
     0
 40
1.0
176
     0
 90
        2
176
     1
  1
strokes_ogs.tif
176
     1
290
     0
176
     1
 40
1.0
176
     1
 40
1.0
176
     1
  0
VISUALSTYLE
  5
40B
102
{ACAD_REACTORS
330
338
102
}
330
338
100
AcDbVisualStyle
  2
Shaded
 70
    27
177
     3
291
     0
 70
    58
 90
        2
176
     1
 90
        2
176
     1
 90
        1
176
     1
 90
        2
176
     1
 40
0.6
176
     1
 40
30.0
176
     1
 62
     7
420
 16777215
176
     1
 90
        0
176
     1
 90
        4
176
     1
 62
     7
176
     1
 62
   257
176
     1
 90
        1
176
     1
 90
        1
176
     1
 40
1.0
176
     1
 90
        8
176
     1
 62
   257
176
     1
 40
1.0
176
     1
 90
        1
176
     1
 90
        6
176
     1
 90
        2
176
     1
 62
     8
420
  7895160
176
     1
 90
        3
176
     1
 90
        0
176
     1
 90
        0
176
     1
290
     0
176
     1
 90
        5
176
     1
 40
0.0
176
     1
 90
        0
176
     1
290
     0
176
     1
290
     1
176
     1
290
     1
176
     1
290
     0
176
     1
290
     0
176
     1
290
     0
176
     1
290
     0
176
     1
290
     0
176
     1
290
     0
176
     1
 90
       50
176
     1
 40
0.0
176
     1
 40
1.0
176
     1
 90
        0
176
     1
 62
    18
420
        0
176
     1
 90
       50
176
     1
 90
        3
176
     1
 62
     5
420
      255
176
     1
290
     0
176
     1
 90
       50
176
     1
 90
       50
176
     1
 90
       50
176
     1
290
     0
176
     1
 90
       50
176
     1
 62
   256
176
     0
 40
1.0
176
     0
 90
        2
176
     1
  1
strokes_ogs.tif
176
     1
290
     0
176
     1
 40
1.0
176
     1
 40
1.0
176
     1
  0
VISUALSTYLE
  5
40C
102
{ACAD_REACTORS
330
338
102
}
330
338
100
AcDbVisualStyle
  2
Shaded with edges
 70
    26
177
     3
291
     0
 70
    58
 90
        2
176
     1
 90
        2
176
     1
 90
        1
176
     1
 90
        2
176
     1
 40
0.6
176
     1
 40
30.0
176
     1
 62
     7
420
 16777215
176
     1
 90
        1
176
     1
 90
        2
176
     1
 62
     7
176
     1
 62
   257
176
     1
 90
        2
176
     1
 90
        1
176
     1
 40
1.0
176
     1
 90
        8
176
     1
 62
   257
176
     1
 40
1.0
176
     1
 90
        1
176
     1
 90
        6
176
     1
 90
        2
176
     1
 62
     7
176
     1
 90
        3
176
     1
 90
        0
176
     1
 90
        0
176
     1
290
     0
176
     1
 90
        5
176
     1
 40
0.0
176
     1
 90
        0
176
     1
290
     0
176
     1
290
     1
176
     1
290
     1
176
     1
290
     0
176
     1
290
     0
176
     1
290
     0
176
     1
290
     0
176
     1
290
     0
176
     1
290
     0
176
     1
 90
       50
176
     1
 40
0.0
176
     1
 40
1.0
176
     1
 90
        0
176
     1
 62
    18
420
        0
176
     1
 90
       50
176
     1
 90
        3
176
     1
 62
     5
420
      255
176
     1
290
     0
176
     1
 90
       50
176
     1
 90
       50
176
     1
 90
       50
176
     1
290
     0
176
     1
 90
       50
176
     1
 62
   256
176
     0
 40
1.0
176
     0
 90
        2
176
     1
  1
strokes_ogs.tif
176
     1
290
     0
176
     1
 40
1.0
176
     1
 40
1.0
176
     1
  0
VISUALSTYLE
  5
40D
102
{ACAD_REACTORS
330
338
102
}
330
338
100
AcDbVisualStyle
  2
Shades of Gray
 70
    23
177
     3
291
     0
 70
    58
 90
        2
176
     1
 90
        2
176
     1
 90
        3
176
     1
 90
        0
176
     1
 40
0.6
176
     1
 40
30.0
176
     1
 62
     7
420
 16777215
176
     1
 90
        2
176
     1
 90
        2
176
     1
 62
     7
176
     1
 62
     7
176
     1
 90
        1
176
     1
 90
        1
176
     1
 40
40.0
176
     1
 90
        8
176
     1
 62
     7
176
     1
 40
1.0
176
     1
 90
        1
176
     1
 90
        6
176
     1
 90
        2
176
     1
 62
     7
176
     1
 90
        3
176
     1
 90
        0
176
     1
 90
        0
176
     1
290
     0
176
     1
 90
        1
176
     1
 40
0.0
176
     1
 90
        0
176
     1
290
     0
176
     1
290
     1
176
     1
290
     1
176
     1
290
     0
176
     1
290
     0
176
     1
290
     0
176
     1
290
     0
176
     1
290
     0
176
     1
290
     0
176
     1
 90
       50
176
     1
 40
0.0
176
     1
 40
1.0
176
     1
 90
        0
176
     1
 62
    18
420
        0
176
     1
 90
       50
176
     1
 90
        3
176
     1
 62
     5
420
      255
176
     1
290
     0
176
     1
 90
       50
176
     1
 90
       50
176
     1
 90
       50
176
     1
290
     0
176
     1
 90
       50
176
     1
 62
   256
176
     0
 40
1.0
176
     0
 90
        2
176
     1
  1
strokes_ogs.tif
176
     1
290
     0
176
     1
 40
1.0
176
     1
 40
1.0
176
     1
  0
VISUALSTYLE
  5
40E
102
{ACAD_REACTORS
330
338
102
}
330
338
100
AcDbVisualStyle
  2
Sketchy
 70
    24
177
     3
291
     0
 70
    58
 90
        1
176
     1
 90
        2
176
     1
 90
        2
176
     1
 90
        0
176
     1
 40
0.6
176
     1
 40
30.0
176
     1
 62
     7
420
 16777215
176
     1
 90
        2
176
     1
 90
        2
176
     1
 62
     7
176
     1
 62
     7
176
     1
 90
        1
176
     1
 90
        1
176
     1
 40
40.0
176
     1
 90
       11
176
     1
 62
     7
176
     1
 40
1.0
176
     1
 90
        1
176
     1
 90
        6
176
     1
 90
        2
176
     1
 62
     7
176
     1
 90
        6
176
     1
 90
        0
176
     1
 90
        0
176
     1
290
     0
176
     1
 90
        1
176
     1
 40
0.0
176
     1
 90
        0
176
     1
290
     0
176
     1
290
     1
176
     1
290
     1
176
     1
290
     0
176
     1
290
     0
176
     1
290
     0
176
     1
290
     0
176
     1
290
     0
176
     1
290
     0
176
     1
 90
       50
176
     1
 40
0.0
176
     1
 40
1.0
176
     1
 90
        0
176
     1
 62
    18
420
        0
176
     1
 90
       50
176
     1
 90
        3
176
     1
 62
     5
420
      255
176
     1
290
     0
176
     1
 90
       50
176
     1
 90
       50
176
     1
 90
       50
176
     1
290
     0
176
     1
 90
       50
176
     1
 62
   256
176
     0
 40
1.0
176
     0
 90
        2
176
     1
  1
strokes_ogs.tif
176
     1
290
     0
176
     1
 40
1.0
176
     1
 40
1.0
176
     1
  0
VISUALSTYLE
  5
40F
102
{ACAD_REACTORS
330
338
102
}
330
338
100
AcDbVisualStyle
  2
Thicken
 70
    13
177
     3
291
     1
 70
    58
 90
        2
176
     1
 90
        2
176
     1
 90
        0
176
     1
 90
        0
176
     1
 40
0.6
176
     1
 40
30.0
176
     1
 62
     7
420
 16777215
176
     1
 90
        1
176
     1
 90
        4
176
     1
 62
     7
176
     1
 62
   257
176
     1
 90
        1
176
     1
 90
        1
176
     1
 40
1.0
176
     1
 90
       12
176
     1
 62
     7
176
     1
 40
1.0
176
     1
 90
        1
176
     1
 90
        6
176
     1
 90
        2
176
     1
 62
     7
176
     1
 90
        5
176
     1
 90
        0
176
     1
 90
        0
176
     1
290
     0
176
     1
 90
        1
176
     1
 40
0.0
176
     1
 90
        0
176
     1
290
     0
176
     1
290
     1
176
     1
290
     1
176
     1
290
     0
176
     1
290
     0
176
     1
290
     0
176
     1
290
     0
176
     1
290
     0
176
     1
290
     0
176
     1
 90
       50
176
     1
 40
0.0
176
     1
 40
1.0
176
     1
 90
        0
176
     1
 62
    18
420
        0
176
     1
 90
       50
176
     1
 90
        3
176
     1
 62
     5
420
      255
176
     1
290
     0
176
     1
 90
       50
176
     1
 90
       50
176
     1
 90
       50
176
     1
290
     0
176
     1
 90
       50
176
     1
 62
   256
176
     0
 40
1.0
176
     0
 90
        2
176
     1
  1
strokes_ogs.tif
176
     1
290
     0
176
     1
 40
1.0
176
     1
 40
1.0
176
     1
  0
VISUALSTYLE
  5
410
102
{ACAD_REACTORS
330
338
102
}
330
338
100
AcDbVisualStyle
  2
Wireframe
 70
     5
177
     3
291
     0
 70
    58
 90
        0
176
     1
 90
        2
176
     1
 90
        0
176
     1
 90
        0
176
     1
 40
0.6
176
     1
 40
30.0
176
     1
 62
     7
420
 16777215
176
     1
 90
        1
176
     1
 90
        4
176
     1
 62
     7
176
     1
 62
   257
176
     1
 90
        1
176
     1
 90
        1
176
     1
 40
1.0
176
     1
 90
        0
176
     1
 62
   257
176
     1
 40
1.0
176
     1
 90
        1
176
     1
 90
        6
176
     1
 90
        2
176
     1
 62
     7
176
     1
 90
        3
176
     1
 90
        0
176
     1
 90
        0
176
     1
290
     0
176
     1
 90
        1
176
     1
 40
0.0
176
     1
 90
        0
176
     1
290
     0
176
     1
290
     1
176
     1
290
     1
176
     1
290
     0
176
     1
290
     0
176
     1
290
     0
176
     1
290
     0
176
     1
290
     0
176
     1
290
     0
176
     1
 90
       50
176
     1
 40
0.0
176
     1
 40
1.0
176
     1
 90
        0
176
     1
 62
    18
420
        0
176
     1
 90
       50
176
     1
 90
        3
176
     1
 62
     5
420
      255
176
     1
290
     0
176
     1
 90
       50
176
     1
 90
       50
176
     1
 90
       50
176
     1
290
     0
176
     1
 90
       50
176
     1
 62
   256
176
     0
 40
1.0
176
     0
 90
        2
176
     1
  1
strokes_ogs.tif
176
     1
290
     0
176
     1
 40
1.0
176
     1
 40
1.0
176
     1
  0
VISUALSTYLE
  5
411
102
{ACAD_REACTORS
330
338
102
}
330
338
100
AcDbVisualStyle
  2
X-Ray
 70
    25
177
     3
291
     0
 70
    58
 90
        2
176
     1
 90
        2
176
     1
 90
        1
176
     1
 90
        1
176
     1
 40
0.5
176
     1
 40
30.0
176
     1
 62
     7
420
 16777215
176
     1
 90
        1
176
     1
 90
        0
176
     1
 62
     7
176
     1
 62
   257
176
     1
 90
        1
176
     1
 90
        1
176
     1
 40
1.0
176
     1
 90
        8
176
     1
 62
     7
176
     1
 40
1.0
176
     1
 90
        1
176
     1
 90
        6
176
     1
 90
        2
176
     1
 62
     7
176
     1
 90
        3
176
     1
 90
        0
176
     1
 90
        0
176
     1
290
     0
176
     1
 90
       13
176
     1
 40
0.0
176
     1
 90
        0
176
     1
290
     0
176
     1
290
     1
176
     1
290
     1
176
     1
290
     0
176
     1
290
     0
176
     1
290
     0
176
     1
290
     0
176
     1
290
     0
176
     1
290
     0
176
     1
 90
       50
176
     1
 40
0.0
176
     1
 40
1.0
176
     1
 90
        0
176
     1
 62
    18
420
        0
176
     1
 90
       50
176
     1
 90
        3
176
     1
 62
     5
420
      255
176
     1
290
     0
176
     1
 90
       50
176
     1
 90
       50
176
     1
 90
       50
176
     1
290
     0
176
     1
 90
       50
176
     1
 62
   256
176
     0
 40
1.0
176
     0
 90
        2
176
     1
  1
strokes_ogs.tif
176
     1
290
     0
176
     1
 40
1.0
176
     1
 40
1.0
176
     1
  0
DICTIONARYVAR
  5
348
102
{ACAD_REACTORS
330
347
102
}
330
347
100
DictionaryVariables
280
     0
  1
1:1
  0
DICTIONARYVAR
  5
349
102
{ACAD_REACTORS
330
347
102
}
330
347
100
DictionaryVariables
280
     0
  1
STANDARD
  0
DICTIONARYVAR
  5
34A
102
{ACAD_REACTORS
330
347
102
}
330
347
100
DictionaryVariables
280
     0
  1
STANDARD
  0
DICTIONARYVAR
  5
34B
102
{ACAD_REACTORS
330
347
102
}
330
347
100
DictionaryVariables
280
     0
  1
Imperial24
  0
DICTIONARYVAR
  5
34C
102
{ACAD_REACTORS
330
347
102
}
330
347
100
DictionaryVariables
280
     0
  1
Imperial24
  0
DICTIONARYVAR
  5
34D
102
{ACAD_REACTORS
330
347
102
}
330
347
100
DictionaryVariables
280
     0
  1
2
  0
DICTIONARYVAR
  5
34E
102
{ACAD_REACTORS
330
347
102
}
330
347
100
DictionaryVariables
280
     0
  1
1
  0
DICTIONARYVAR
  5
34F
102
{ACAD_REACTORS
330
347
102
}
330
347
100
DictionaryVariables
280
     0
  1
1
  0
DICTIONARYVAR
  5
350
102
{ACAD_REACTORS
330
347
102
}
330
347
100
DictionaryVariables
280
     0
  1
15
  0
DICTIONARYVAR
  5
351
102
{ACAD_REACTORS
330
347
102
}
330
347
100
DictionaryVariables
280
     0
  1
0
  0
DICTIONARYVAR
  5
352
102
{ACAD_REACTORS
330
347
102
}
330
347
100
DictionaryVariables
280
     0
  1
0
  0
DICTIONARYVAR
  5
513
102
{ACAD_REACTORS
330
347
102
}
330
347
100
DictionaryVariables
280
     0
  1
1
  0
DICTIONARYVAR
  5
353
102
{ACAD_REACTORS
330
347
102
}
330
347
100
DictionaryVariables
280
     0
  1
0
  0
DICTIONARY
  5
4D3
330
31D
100
AcDbDictionary
280
     1
281
     1
  0
DICTIONARY
  5
356
330
355
100
AcDbDictionary
280
     1
281
     1
  3
ACAD_ROUNDTRIP_2008_TABLESTYLE_CELLSTYLEMAP
360
526
  0
CELLSTYLEMAP
  5
526
102
{ACAD_REACTORS
330
356
102
}
330
356
100
AcDbCellStyleMap
 90
        3
300
CELLSTYLE
  1
TABLEFORMAT_BEGIN
 90
        5
170
     1
 91
        0
 92
    32768
 62
   257
 93
        1
300
CONTENTFORMAT
  1
CONTENTFORMAT_BEGIN
 90
        0
 91
        0
 92
      512
 93
        0
300

 40
0.0
140
1.0
 94
        5
 62
     0
340
32E
144
0.25
309
CONTENTFORMAT_END
171
     0
 94
        6
 95
        1
302
GRIDFORMAT
  1
GRIDFORMAT_BEGIN
 90
        0
 91
        1
 62
     0
 92
       -2
340
0
 93
        0
 40
0.05
309
GRIDFORMAT_END
 95
        2
302
GRIDFORMAT
  1
GRIDFORMAT_BEGIN
 90
        0
 91
        1
 62
     0
 92
       -2
340
0
 93
        0
 40
0.05
309
GRIDFORMAT_END
 95
        4
302
GRIDFORMAT
  1
GRIDFORMAT_BEGIN
 90
        0
 91
        1
 62
     0
 92
       -2
340
0
 93
        0
 40
0.05
309
GRIDFORMAT_END
 95
        8
302
GRIDFORMAT
  1
GRIDFORMAT_BEGIN
 90
        0
 91
        1
 62
     0
 92
       -2
340
0
 93
        0
 40
0.05
309
GRIDFORMAT_END
 95
       16
302
GRIDFORMAT
  1
GRIDFORMAT_BEGIN
 90
        0
 91
        1
 62
     0
 92
       -2
340
0
 93
        0
 40
0.05
309
GRIDFORMAT_END
 95
       32
302
GRIDFORMAT
  1
GRIDFORMAT_BEGIN
 90
        0
 91
        1
 62
     0
 92
       -2
340
0
 93
        0
 40
0.05
309
GRIDFORMAT_END
309
TABLEFORMAT_END
  1
CELLSTYLE_BEGIN
 90
        1
 91
        1
300
_TITLE
309
CELLSTYLE_END
300
CELLSTYLE
  1
TABLEFORMAT_BEGIN
 90
        5
170
     1
 91
        0
 92
        0
 62
   257
 93
        1
300
CONTENTFORMAT
  1
CONTENTFORMAT_BEGIN
 90
        0
 91
        0
 92
      512
 93
        0
300

 40
0.0
140
1.0
 94
        5
 62
     0
340
32E
144
0.18
309
CONTENTFORMAT_END
171
     0
 94
        6
 95
        1
302
GRIDFORMAT
  1
GRIDFORMAT_BEGIN
 90
        0
 91
        1
 62
     0
 92
       -2
340
0
 93
        0
 40
0.05
309
GRIDFORMAT_END
 95
        2
302
GRIDFORMAT
  1
GRIDFORMAT_BEGIN
 90
        0
 91
        1
 62
     0
 92
       -2
340
0
 93
        0
 40
0.05
309
GRIDFORMAT_END
 95
        4
302
GRIDFORMAT
  1
GRIDFORMAT_BEGIN
 90
        0
 91
        1
 62
     0
 92
       -2
340
0
 93
        0
 40
0.05
309
GRIDFORMAT_END
 95
        8
302
GRIDFORMAT
  1
GRIDFORMAT_BEGIN
 90
        0
 91
        1
 62
     0
 92
       -2
340
0
 93
        0
 40
0.05
309
GRIDFORMAT_END
 95
       16
302
GRIDFORMAT
  1
GRIDFORMAT_BEGIN
 90
        0
 91
        1
 62
     0
 92
       -2
340
0
 93
        0
 40
0.05
309
GRIDFORMAT_END
 95
       32
302
GRIDFORMAT
  1
GRIDFORMAT_BEGIN
 90
        0
 91
        1
 62
     0
 92
       -2
340
0
 93
        0
 40
0.05
309
GRIDFORMAT_END
309
TABLEFORMAT_END
  1
CELLSTYLE_BEGIN
 90
        2
 91
        1
300
_HEADER
309
CELLSTYLE_END
300
CELLSTYLE
  1
TABLEFORMAT_BEGIN
 90
        5
170
     1
 91
        0
 92
        0
 62
   257
 93
        1
300
CONTENTFORMAT
  1
CONTENTFORMAT_BEGIN
 90
        0
 91
        0
 92
      512
 93
        0
300

 40
0.0
140
1.0
 94
        2
 62
     0
340
32E
144
0.18
309
CONTENTFORMAT_END
171
     0
 94
        6
 95
        1
302
GRIDFORMAT
  1
GRIDFORMAT_BEGIN
 90
        0
 91
        1
 62
     0
 92
       -2
340
0
 93
        0
 40
0.05
309
GRIDFORMAT_END
 95
        2
302
GRIDFORMAT
  1
GRIDFORMAT_BEGIN
 90
        0
 91
        1
 62
     0
 92
       -2
340
0
 93
        0
 40
0.05
309
GRIDFORMAT_END
 95
        4
302
GRIDFORMAT
  1
GRIDFORMAT_BEGIN
 90
        0
 91
        1
 62
     0
 92
       -2
340
0
 93
        0
 40
0.05
309
GRIDFORMAT_END
 95
        8
302
GRIDFORMAT
  1
GRIDFORMAT_BEGIN
 90
        0
 91
        1
 62
     0
 92
       -2
340
0
 93
        0
 40
0.05
309
GRIDFORMAT_END
 95
       16
302
GRIDFORMAT
  1
GRIDFORMAT_BEGIN
 90
        0
 91
        1
 62
     0
 92
       -2
340
0
 93
        0
 40
0.05
309
GRIDFORMAT_END
 95
       32
302
GRIDFORMAT
  1
GRIDFORMAT_BEGIN
 90
        0
 91
        1
 62
     0
 92
       -2
340
0
 93
        0
 40
0.05
309
GRIDFORMAT_END
309
TABLEFORMAT_END
  1
CELLSTYLE_BEGIN
 90
        3
 91
        2
300
_DATA
309
CELLSTYLE_END
  0
ENDSEC
  0
SECTION
  2
ACDSDATA
 70
     2
 71
     8
  0
ACDSSCHEMA
 90
        0
  1
AcDb_Thumbnail_Schema
  2
AcDbDs::ID
280
    10
 91
        8
  2
Thumbnail_Data
280
    15
 91
        0
101
ACDSRECORD
 95
        0
 90
        1
  2
AcDbDs::TreatedAsObjectData
280
     1
291
     1
101
ACDSRECORD
 95
        0
 90
        2
  2
AcDbDs::Legacy
280
     1
291
     1
101
ACDSRECORD
  1
AcDbDs::ID
 90
        3
  2
AcDs:Indexable
280
     1
291
     1
101
ACDSRECORD
  1
AcDbDs::ID
 90
        4
  2
AcDbDs::HandleAttribute
280
     7
282
     1
  0
ACDSSCHEMA
 90
        1
  1
AcDbDs::TreatedAsObjectDataSchema
  2
AcDbDs::TreatedAsObjectData
280
     1
 91
        0
  0
ACDSSCHEMA
 90
        2
  1
AcDbDs::LegacySchema
  2
AcDbDs::Legacy
280
     1
 91
        0
  0
ACDSSCHEMA
 90
        3
  1
AcDbDs::IndexedPropertySchema
  2
AcDs:Indexable
280
     1
 91
        0
  0
ACDSSCHEMA
 90
        4
  1
AcDbDs::HandleAttributeSchema
  2
AcDbDs::HandleAttribute
280
     7
 91
        1
284
     1
  0
ACDSRECORD
 90
        0
  2
AcDbDs::ID
280
    10
320
31D
  2
Thumbnail_Data
280
    15
 94
     1898
310
89504E470D0A1A0A0000000D4948445200000100000000590803000000E65A0ADF00000300504C5445000000FFFFFF0000000000000000000000000000000000000000000000000000000000330000660000990000CC0000FF0033000033330033660033990033CC0033FF0066000066330066660066990066CC0066FF0099
310
000099330099660099990099CC0099FF00CC0000CC3300CC6600CC9900CCCC00CCFF00FF0000FF3300FF6600FF9900FFCC00FFFF3300003300333300663300993300CC3300FF3333003333333333663333993333CC3333FF3366003366333366663366993366CC3366FF3399003399333399663399993399CC3399FF33CC00
310
33CC3333CC6633CC9933CCCC33CCFF33FF0033FF3333FF6633FF9933FFCC33FFFF6600006600336600666600996600CC6600FF6633006633336633666633996633CC6633FF6666006666336666666666996666CC6666FF6699006699336699666699996699CC6699FF66CC0066CC3366CC6666CC9966CCCC66CCFF66FF0066
310
FF3366FF6666FF9966FFCC66FFFF9900009900339900669900999900CC9900FF9933009933339933669933999933CC9933FF9966009966339966669966999966CC9966FF9999009999339999669999999999CC9999FF99CC0099CC3399CC6699CC9999CCCC99CCFF99FF0099FF3399FF6699FF9999FFCC99FFFFCC0000CC00
310
33CC0066CC0099CC00CCCC00FFCC3300CC3333CC3366CC3399CC33CCCC33FFCC6600CC6633CC6666CC6699CC66CCCC66FFCC9900CC9933CC9966CC9999CC99CCCC99FFCCCC00CCCC33CCCC66CCCC99CCCCCCCCCCFFCCFF00CCFF33CCFF66CCFF99CCFFCCCCFFFFFF0000FF0033FF0066FF0099FF00CCFF00FFFF3300FF3333
310
FF3366FF3399FF33CCFF33FFFF6600FF6633FF6666FF6699FF66CCFF66FFFF9900FF9933FF9966FF9999FF99CCFF99FFFFCC00FFCC33FFCC66FFCC99FFCCCCFFCCFFFFFF00FFFF33FFFF66FFFF99FFFFCCFFFFFF0000000D0D0D1A1A1A2828283535354343435050505D5D5D6B6B6B787878868686939393A1A1A1AEAEAEBB
310
BBBBC9C9C9D6D6D6E4E4E4F1F1F1FFFFFF0000000000000000000000000000000000000000000000000000000000003AE5ACE9000004254944415478DAE59CC1BAAC200880791C36BCFFAE27BA8B36ECEFA9CC44ADA4A251F37CE77C67B21AF90710D00640D1068BEE01DA697D0240C436002806AA92DFFD560F4033501500
310
662EBDF16F012806AA6BD37D4FDAF0401BE746A22DC796FEB331801100047F5FF7174D3480F6011C587D30202B0D98EE8BDECAB617CF0298841DB292EE1C0E8682C9400DDCA031009A34E026001B171893B00140F00800F338C00A00C12300ACE200731F40F008002B1F206781C33719A5231F4771600C9BF0F57E160864FB
310
7B533500308B03B82C0E18FFCD53F62A979FE1DD4BD73D84E76C2752D03D0358C383A1380E8097E280A73560BB3808BDCE35201E909506481F700C2033D6492A9E83343E126521105AC005006FC4015700B06B270060D505AF073A00EFC40196000658EC613600AF030A00D03C80654E5CCF6F17C0F411821360F677453EC0
310
8509E435001A06B07D827F00806996498A127A7A09A030106A0900137127008E23C165AC1C0198FF2796A288A94E44CA545B32A4061039415AC53A0130CAC0A861004EB937135843FDC8041838BA3ADB5A04204C600CC2E42DC671D304F7092098C6C28ADE10198034827E4C20C9053200160B904EA00927A88C04A7247017
310
006701F41007C4C51E55C1A82B0004DF0640FA9261EC029B0640EA9A692A7E0D004459DC12404E7C0D00B3E571EFAC7500D6CA6029809D45C09F97C4A6FB32164DBBE34EDB7AAF0018C7B2C0C4AC2CCE8B769597C5E3E6EAE3B4D3ED97C7D7EEA924FEF7C3D1E182B238585585EF6980336D2AD5802542F215A15F6B00E2F2
310
16250076CCF578ED2BBD5A4489273E2000808C9665F1F700C834A11880F57C7803C0F1F2EFEED5AC0500F502A07200CCAAB2F87B00E0DABAC086A05403B8EA7501753D2040A005D04741E47677AF00A28A689700385AFC08BB33CB02DD0148CA9E0980263500EA0100B5174545480F9995A17B00AAAF0831805CFE0C837D17
310
EB72C700BCFE7336DB49DD60B5002E96C4522165BA9718C16D00AFEC14D56A40DE099A00B0DC29CA78C5096ABB2F3C2F2001C0AF9F18F19B3A776A5E4341498CE23DA48A9298DD13239FD6809B3B45EF770FF05B1F7073A7E87B002ADD297A942BB98D228F0168AB1EC07E2EE4B562422A00CD1744384A97BE05006797F561
310
00D3BD302E1A7ECB04F0EB009271B701C0300ED00280EA7788BC0DC06E8708B4110A1B2583F3C603D56373494A43B90D23B90B6F03F8753AECB78010A54F466ECF558AED23B41E39D940729E0E83DDF7073CAA01D2D4A757FE846B1A00F65FA0C085E79EEC83632F720060FAA1A05B7BD35CDE6E950ED70DE0CD80E0390014
310
CC7FB70140A300E0C30028EDFE140082CE006049F72E00ACD5B5990120F8348024F7F916804CEAD71F0059F50D00E433DFDE00C465EF0D00A9246D5A0338AF011F001025AA5951B06B0DC0CCF70E228B86F1EBBE4C004F4541FCDC34187DE2DC8206FC07F218EE7BA8CB6A4F0000000049454E44AE426082
  0
ENDSEC
  0
EOF
