  0
SECTION
  2
HEADER
  9
$ACADVER
  1
AC1032
  9
$ACADMAINTVER
 90
      174
  9
$DWGCODEPAGE
  3
ANSI_936
  9
$LASTSAVEDBY
  1
10333
  9
$REQUIREDVERSIONS
160
                 0
  9
$INSBASE
 10
0.0
 20
0.0
 30
0.0
  9
$EXTMIN
 10
13453.76
 20
-7033.98
 30
0.0
  9
$EXTMAX
 10
98477.8
 20
16666.02
 30
0.0
  9
$LIMMIN
 10
0.0
 20
0.0
  9
$LIMMAX
 10
420.0
 20
297.0
  9
$ORTHOMODE
 70
     1
  9
$REGENMODE
 70
     1
  9
$FILLMODE
 70
     1
  9
$QTEXTMODE
 70
     0
  9
$MIRRTEXT
 70
     0
  9
$LTSCALE
 40
1.0
  9
$ATTMODE
 70
     1
  9
$TEXTSIZE
 40
2.5
  9
$TRACEWID
 40
1.0
  9
$TEXTSTYLE
  7
Standard
  9
$CLAYER
  8
0
  9
$CELTYPE
  6
ByLayer
  9
$CECOLOR
 62
   256
  9
$CELTSCALE
 40
1.0
  9
$DISPSILH
 70
     0
  9
$DIMSCALE
 40
1.0
  9
$DIMASZ
 40
2.5
  9
$DIMEXO
 40
0.63
  9
$DIMDLI
 40
3.75
  9
$DIMRND
 40
0.0
  9
$DIMDLE
 40
0.0
  9
$DIMEXE
 40
1.25
  9
$DIMTP
 40
0.0
  9
$DIMTM
 40
0.0
  9
$DIMTXT
 40
2.5
  9
$DIMCEN
 40
2.5
  9
$DIMTSZ
 40
0.0
  9
$DIMTOL
 70
     0
  9
$DIMLIM
 70
     0
  9
$DIMTIH
 70
     0
  9
$DIMTOH
 70
     0
  9
$DIMSE1
 70
     0
  9
$DIMSE2
 70
     0
  9
$DIMTAD
 70
     1
  9
$DIMZIN
 70
     8
  9
$DIMBLK
  1

  9
$DIMASO
 70
     1
  9
$DIMSHO
 70
     1
  9
$DIMPOST
  1

  9
$DIMAPOST
  1

  9
$DIMALT
 70
     0
  9
$DIMALTD
 70
     3
  9
$DIMALTF
 40
0.04
  9
$DIMLFAC
 40
1.0
  9
$DIMTOFL
 70
     1
  9
$DIMTVP
 40
0.0
  9
$DIMTIX
 70
     0
  9
$DIMSOXD
 70
     0
  9
$DIMSAH
 70
     0
  9
$DIMBLK1
  1

  9
$DIMBLK2
  1

  9
$DIMSTYLE
  2
ISO-25
  9
$DIMCLRD
 70
     0
  9
$DIMCLRE
 70
     0
  9
$DIMCLRT
 70
     0
  9
$DIMTFAC
 40
1.0
  9
$DIMGAP
 40
0.63
  9
$DIMJUST
 70
     0
  9
$DIMSD1
 70
     0
  9
$DIMSD2
 70
     0
  9
$DIMTOLJ
 70
     0
  9
$DIMTZIN
 70
     8
  9
$DIMALTZ
 70
     0
  9
$DIMALTTZ
 70
     0
  9
$DIMUPT
 70
     0
  9
$DIMDEC
 70
     2
  9
$DIMTDEC
 70
     2
  9
$DIMALTU
 70
     2
  9
$DIMALTTD
 70
     3
  9
$DIMTXSTY
  7
Standard
  9
$DIMAUNIT
 70
     0
  9
$DIMADEC
 70
     0
  9
$DIMALTRND
 40
0.0
  9
$DIMAZIN
 70
     0
  9
$DIMDSEP
 70
    46
  9
$DIMATFIT
 70
     3
  9
$DIMFRAC
 70
     0
  9
$DIMLDRBLK
  1

  9
$DIMLUNIT
 70
     2
  9
$DIMLWD
 70
    -2
  9
$DIMLWE
 70
    -2
  9
$DIMTMOVE
 70
     0
  9
$DIMFXL
 40
100.0
  9
$DIMFXLON
 70
     0
  9
$DIMJOGANG
 40
1.57
  9
$DIMTFILL
 70
     0
  9
$DIMTFILLCLR
 70
     0
  9
$DIMARCSYM
 70
     0
  9
$DIMLTYPE
  6

  9
$DIMLTEX1
  6

  9
$DIMLTEX2
  6

  9
$DIMTXTDIRECTION
 70
     0
  9
$LUNITS
 70
     2
  9
$LUPREC
 70
     4
  9
$SKETCHINC
 40
1.0
  9
$FILLETRAD
 40
0.0
  9
$AUNITS
 70
     0
  9
$AUPREC
 70
     0
  9
$MENU
  1
.
  9
$ELEVATION
 40
0.0
  9
$PELEVATION
 40
0.0
  9
$THICKNESS
 40
0.0
  9
$LIMCHECK
 70
     0
  9
$CHAMFERA
 40
0.0
  9
$CHAMFERB
 40
0.0
  9
$CHAMFERC
 40
0.0
  9
$CHAMFERD
 40
0.0
  9
$SKPOLY
 70
     0
  9
$TDCREATE
 40
2461268.639201389
  9
$TDUCREATE
 40
2461268.305868056
  9
$TDUPDATE
 40
2461268.734479167
  9
$TDUUPDATE
 40
2461268.401145833
  9
$TDINDWG
 40
0.0362962963
  9
$TDUSRTIMER
 40
0.0362962963
  9
$USRTIMER
 70
     1
  9
$ANGBASE
 50
0.0
  9
$ANGDIR
 70
     0
  9
$PDMODE
 70
     0
  9
$PDSIZE
 40
0.0
  9
$PLINEWID
 40
0.0
  9
$SPLFRAME
 70
     0
  9
$SPLINETYPE
 70
     6
  9
$SPLINESEGS
 70
     8
  9
$HANDSEED
  5
6A9
  9
$SURFTAB1
 70
     6
  9
$SURFTAB2
 70
     6
  9
$SURFTYPE
 70
     6
  9
$SURFU
 70
     6
  9
$SURFV
 70
     6
  9
$UCSBASE
  2

  9
$UCSNAME
  2

  9
$UCSORG
 10
0.0
 20
0.0
 30
0.0
  9
$UCSXDIR
 10
1.0
 20
0.0
 30
0.0
  9
$UCSYDIR
 10
0.0
 20
1.0
 30
0.0
  9
$UCSORTHOREF
  2

  9
$UCSORTHOVIEW
 70
     0
  9
$UCSORGTOP
 10
0.0
 20
0.0
 30
0.0
  9
$UCSORGBOTTOM
 10
0.0
 20
0.0
 30
0.0
  9
$UCSORGLEFT
 10
0.0
 20
0.0
 30
0.0
  9
$UCSORGRIGHT
 10
0.0
 20
0.0
 30
0.0
  9
$UCSORGFRONT
 10
0.0
 20
0.0
 30
0.0
  9
$UCSORGBACK
 10
0.0
 20
0.0
 30
0.0
  9
$PUCSBASE
  2

  9
$PUCSNAME
  2

  9
$PUCSORG
 10
0.0
 20
0.0
 30
0.0
  9
$PUCSXDIR
 10
1.0
 20
0.0
 30
0.0
  9
$PUCSYDIR
 10
0.0
 20
1.0
 30
0.0
  9
$PUCSORTHOREF
  2

  9
$PUCSORTHOVIEW
 70
     0
  9
$PUCSORGTOP
 10
0.0
 20
0.0
 30
0.0
  9
$PUCSORGBOTTOM
 10
0.0
 20
0.0
 30
0.0
  9
$PUCSORGLEFT
 10
0.0
 20
0.0
 30
0.0
  9
$PUCSORGRIGHT
 10
0.0
 20
0.0
 30
0.0
  9
$PUCSORGFRONT
 10
0.0
 20
0.0
 30
0.0
  9
$PUCSORGBACK
 10
0.0
 20
0.0
 30
0.0
  9
$USERI1
 70
     0
  9
$USERI2
 70
     0
  9
$USERI3
 70
     0
  9
$USERI4
 70
     0
  9
$USERI5
 70
     0
  9
$USERR1
 40
0.0
  9
$USERR2
 40
0.0
  9
$USERR3
 40
0.0
  9
$USERR4
 40
0.0
  9
$USERR5
 40
0.0
  9
$WORLDVIEW
 70
     1
  9
$SHADEDGE
 70
     3
  9
$SHADEDIF
 70
    70
  9
$TILEMODE
 70
     1
  9
$MAXACTVP
 70
    64
  9
$PINSBASE
 10
0.0
 20
0.0
 30
0.0
  9
$PLIMCHECK
 70
     0
  9
$PEXTMIN
 10
1.00E+20
 20
1.00E+20
 30
1.00E+20
  9
$PEXTMAX
 10
-1.00E+20
 20
-1.00E+20
 30
-1.00E+20
  9
$PLIMMIN
 10
0.0
 20
0.0
  9
$PLIMMAX
 10
420.0
 20
297.0
  9
$UNITMODE
 70
     0
  9
$VISRETAIN
 70
     1
  9
$PLINEGEN
 70
     0
  9
$PSLTSCALE
 70
     1
  9
$TREEDEPTH
 70
  3020
  9
$CMLSTYLE
  2
Standard
  9
$CMLJUST
 70
     0
  9
$CMLSCALE
 40
20.0
  9
$PROXYGRAPHICS
 70
     1
  9
$MEASUREMENT
 70
     1
  9
$CELWEIGHT
370
    -1
  9
$ENDCAPS
280
     0
  9
$JOINSTYLE
280
     0
  9
$LWDISPLAY
290
     0
  9
$INSUNITS
 70
     4
  9
$HYPERLINKBASE
  1

  9
$STYLESHEET
  1

  9
$XEDIT
290
     1
  9
$CEPSNTYPE
380
     0
  9
$PSTYLEMODE
290
     1
  9
$FINGERPRINTGUID
  2
{23D2DE6D-DDE2-9F46-9E0A-0210EB77BBF7}
  9
$VERSIONGUID
  2
{8F5C03C0-D85A-A043-B77F-1F4AFD46DA96}
  9
$EXTNAMES
290
     1
  9
$PSVPSCALE
 40
0.0
  9
$OLESTARTUP
290
     0
  9
$SORTENTS
280
   127
  9
$INDEXCTL
280
     0
  9
$HIDETEXT
280
     1
  9
$XCLIPFRAME
280
     2
  9
$HALOGAP
280
     0
  9
$OBSCOLOR
 70
   257
  9
$OBSLTYPE
280
     0
  9
$INTERSECTIONDISPLAY
280
     0
  9
$INTERSECTIONCOLOR
 70
   257
  9
$DIMASSOC
280
     2
  9
$PROJECTNAME
  1

  9
$CAMERADISPLAY
290
     0
  9
$LENSLENGTH
 40
50.0
  9
$CAMERAHEIGHT
 40
0.0
  9
$STEPSPERSEC
 40
2.0
  9
$STEPSIZE
 40
6.0
  9
$3DDWFPREC
 40
2.0
  9
$PSOLWIDTH
 40
0.25
  9
$PSOLHEIGHT
 40
4.0
  9
$LOFTANG1
 40
1.57
  9
$LOFTANG2
 40
1.57
  9
$LOFTMAG1
 40
0.0
  9
$LOFTMAG2
 40
0.0
  9
$LOFTPARAM
 70
     7
  9
$LOFTNORMALS
280
     1
  9
$LATITUDE
 40
37.8
  9
$LONGITUDE
 40
-122.39
  9
$NORTHDIRECTION
 40
0.0
  9
$TIMEZONE
 70
 -8000
  9
$LIGHTGLYPHDISPLAY
280
     1
  9
$TILEMODELIGHTSYNCH
280
     1
  9
$CMATERIAL
347
38E
  9
$SOLIDHIST
280
     0
  9
$SHOWHIST
280
     1
  9
$DWFFRAME
280
     2
  9
$DGNFRAME
280
     0
  9
$REALWORLDSCALE
290
     1
  9
$INTERFERECOLOR
 62
     1
  9
$INTERFEREOBJVS
345
3AC
  9
$INTERFEREVPVS
346
3AD
  9
$CSHADOW
280
     0
  9
$SHADOWPLANELOCATION
 40
0.0
  0
ENDSEC
  0
SECTION
  2
CLASSES
  0
CLASS
  1
ACDBDICTIONARYWDFLT
  2
AcDbDictionaryWithDefault
  3
ObjectDBX Classes
 90
        0
 91
        1
280
     0
281
     0
  0
CLASS
  1
MATERIAL
  2
AcDbMaterial
  3
ObjectDBX Classes
 90
     1153
 91
        3
280
     0
281
     0
  0
CLASS
  1
VISUALSTYLE
  2
AcDbVisualStyle
  3
ObjectDBX Classes
 90
     4095
 91
       24
280
     0
281
     0
  0
CLASS
  1
SCALE
  2
AcDbScale
  3
ObjectDBX Classes
 90
     1153
 91
       17
280
     0
281
     0
  0
CLASS
  1
TABLESTYLE
  2
AcDbTableStyle
  3
ObjectDBX Classes
 90
     4095
 91
        1
280
     0
281
     0
  0
CLASS
  1
MLEADERSTYLE
  2
AcDbMLeaderStyle
  3
ACDB_MLEADERSTYLE_CLASS
 90
     4095
 91
        1
280
     0
281
     0
  0
CLASS
  1
ACDBSECTIONVIEWSTYLE
  2
AcDbSectionViewStyle
  3
ObjectDBX Classes
 90
     1025
 91
        2
280
     0
281
     0
  0
CLASS
  1
ACDBDETAILVIEWSTYLE
  2
AcDbDetailViewStyle
  3
ObjectDBX Classes
 90
     1025
 91
        2
280
     0
281
     0
  0
CLASS
  1
DICTIONARYVAR
  2
AcDbDictionaryVar
  3
ObjectDBX Classes
 90
        0
 91
       12
280
     0
281
     0
  0
CLASS
  1
SORTENTSTABLE
  2
AcDbSortentsTable
  3
ObjectDBX Classes
 90
        0
 91
        2
280
     0
281
     0
  0
CLASS
  1
TCH_DBCONFIG
  2
TDbConfig
  3
"TCH_KERNAL|缺乏解释器天正图形看不见, 请下载天正插件|网址: www.tangent.com.cn"
 90
        1
 91
        1
280
     0
281
     0
  0
CLASS
  1
TCH_WALL
  2
TDbWall
  3
"TCH_KERNAL|缺乏解释器天正图形看不见, 请下载天正插件|网址: www.tangent.com.cn"
 90
        1
 91
        0
280
     0
281
     1
  0
CLASS
  1
TCH_SPACE
  2
TDbSpace
  3
"TCH_KERNAL|缺乏解释器天正图形看不见, 请下载天正插件|网址: www.tangent.com.cn"
 90
        1
 91
        0
280
     0
281
     1
  0
CLASS
  1
TCH_OPENING
  2
TDbOpening
  3
"TCH_KERNAL|缺乏解释器天正图形看不见, 请下载天正插件|网址: www.tangent.com.cn"
 90
        1
 91
        0
280
     0
281
     1
  0
CLASS
  1
TCH_DIMENSION2
  2
TDbDimension2
  3
"TCH_KERNAL|缺乏解释器天正图形看不见, 请下载天正插件|网址: www.tangent.com.cn"
 90
        1
 91
        0
280
     0
281
     1
  0
CLASS
  1
TCH_RECTSTAIR
  2
TDbRectStair
  3
"TCH_KERNAL|缺乏解释器天正图形看不见, 请下载天正插件|网址: www.tangent.com.cn"
 90
        1
 91
        0
280
     0
281
     1
  0
CLASS
  1
TCH_AXIS_LABEL
  2
TDbAxisLabelSet
  3
"TCH_KERNAL|缺乏解释器天正图形看不见, 请下载天正插件|网址: www.tangent.com.cn"
 90
        1
 91
        0
280
     0
281
     1
  0
CLASS
  1
TCH_COLUMN
  2
TDbColumn
  3
"TCH_KERNAL|缺乏解释器天正图形看不见, 请下载天正插件|网址: www.tangent.com.cn"
 90
        1
 91
        0
280
     0
281
     1
  0
CLASS
  1
TCH_TEXT
  2
TDbText
  3
"TCH_KERNAL|缺乏解释器天正图形看不见, 请下载天正插件|网址: www.tangent.com.cn"
 90
        1
 91
        0
280
     0
281
     1
  0
CLASS
  1
CELLSTYLEMAP
  2
AcDbCellStyleMap
  3
ObjectDBX Classes
 90
     1152
 91
        2
280
     0
281
     0
  0
ENDSEC
  0
SECTION
  2
TABLES
  0
TABLE
  2
VPORT
  5
382
330
0
100
AcDbSymbolTable
 70
     1
  0
VPORT
  5
383
330
382
100
AcDbSymbolTableRecord
100
AcDbViewportTableRecord
  2
*Active
 70
     0
 10
0.0
 20
0.0
 11
1.0
 21
1.0
 12
54525.83
 22
5481.88
 13
0.0
 23
0.0
 14
10.0
 24
10.0
 15
10.0
 25
10.0
 16
0.0
 26
0.0
 36
1.0
 17
0.0
 27
0.0
 37
0.0
 40
62299.27
 41
1.5
 42
50.0
 43
0.0
 44
0.0
 50
0.0
 51
0.0
 71
     0
 72
  1000
 73
     1
 74
     3
 75
     0
 76
     0
 77
     0
 78
     0
281
     0
 65
     1
110
0.0
120
0.0
130
0.0
111
1.0
121
0.0
131
0.0
112
0.0
122
1.0
132
0.0
 79
     0
146
0.0
348
384
 60
     3
 61
     5
292
     1
282
     1
141
0.0
142
0.0
 63
   250
421
  3355443
1001
ACAD_NAV_VCDISPLAY
1070
     1
  0
ENDTAB
  0
TABLE
  2
LTYPE
  5
37D
330
0
100
AcDbSymbolTable
 70
     6
  0
LTYPE
  5
37E
330
37D
100
AcDbSymbolTableRecord
100
AcDbLinetypeTableRecord
  2
ByBlock
 70
     0
  3

 72
    65
 73
     0
 40
0.0
  0
LTYPE
  5
37F
330
37D
100
AcDbSymbolTableRecord
100
AcDbLinetypeTableRecord
  2
ByLayer
 70
     0
  3

 72
    65
 73
     0
 40
0.0
  0
LTYPE
  5
13
330
37D
100
AcDbSymbolTableRecord
100
AcDbLinetypeTableRecord
  2
Continuous
 70
     0
  3
Solid line
 72
    65
 73
     0
 40
0.0
  0
LTYPE
  5
3D4
330
37D
100
AcDbSymbolTableRecord
100
AcDbLinetypeTableRecord
  2
ACAD_ISO05W100
 70
     0
  3
ISO long-dash double-dot ____ .. ____ .. ____ .
 72
    65
 73
     6
 40
34.0
 49
24.0
 74
     0
 49
-3.0
 74
     0
 49
0.5
 74
     0
 49
-3.0
 74
     0
 49
0.5
 74
     0
 49
-3.0
 74
     0
  0
LTYPE
  5
3D5
330
37D
100
AcDbSymbolTableRecord
100
AcDbLinetypeTableRecord
  2
DASH
 70
     0
  3
__ __ __ __ __ __ __ __ __ __ __ __ __ __ __ __
 72
    65
 73
     2
 40
0.35
 49
0.25
 74
     0
 49
-0.1
 74
     0
  0
LTYPE
  5
3D6
330
37D
100
AcDbSymbolTableRecord
100
AcDbLinetypeTableRecord
  2
CENTERX2
 70
     0
  3
Center (2x) ________  __  ________  __  _____
 72
    65
 73
     4
 40
4.0
 49
2.5
 74
     0
 49
-0.5
 74
     0
 49
0.5
 74
     0
 49
-0.5
 74
     0
  0
LTYPE
  5
3D7
330
37D
100
AcDbSymbolTableRecord
100
AcDbLinetypeTableRecord
  2
DASHED
 70
     0
  3
Dashed __ __ __ __ __ __ __ __ __ __ __ __ __ _
 72
    65
 73
     2
 40
0.75
 49
0.5
 74
     0
 49
-0.25
 74
     0
  0
LTYPE
  5
3D8
330
37D
100
AcDbSymbolTableRecord
100
AcDbLinetypeTableRecord
  2
HT-A-NOPLOT-F01-NEW
 70
     0
  3
____ . ____ . ____ . ____ . ____ . ____ . ____ 
 72
    65
 73
     4
 40
2.42
 49
2.0
 74
     0
 49
-0.2
 74
     0
 49
0.02
 74
     0
 49
-0.2
 74
     0
  0
ENDTAB
  0
TABLE
  2
LAYER
  5
374
102
{ACAD_XDICTIONARY
360
375
102
}
330
0
100
AcDbSymbolTable
 70
    23
  0
LAYER
  5
6
330
374
100
AcDbSymbolTableRecord
100
AcDbLayerTableRecord
  2
0
 70
     0
 62
     7
  6
Continuous
370
    -3
390
7
347
A
348
0
  0
LAYER
  5
15
330
374
100
AcDbSymbolTableRecord
100
AcDbLayerTableRecord
  2
HT-A-NOPLOT-F01-NEW
 70
     0
 62
     1
  6
Continuous
370
    -3
390
7
347
A
348
0
1001
AcAecLayerStandard
1000

1000
此图层的直线和弧认为是平面轴线
  0
LAYER
  5
11C
330
374
100
AcDbSymbolTableRecord
100
AcDbLayerTableRecord
  2
HT-A-COLUMN-F01-NEW
 70
     0
 62
     9
  6
Continuous
370
    -3
390
7
347
A
348
0
1001
AcAecLayerStandard
1000

1000
存放各种材质构成的柱子对象
  0
LAYER
  5
2E
330
374
100
AcDbSymbolTableRecord
100
AcDbLayerTableRecord
  2
HT-A-WIND-F01-NEW
 70
     0
 62
     4
  6
Continuous
370
    -3
390
7
347
A
348
0
1001
AcAecLayerStandard
1000

1000
存放插入的门图块
  0
LAYER
  5
115
330
374
100
AcDbSymbolTableRecord
100
AcDbLayerTableRecord
  2
HT-A-AXIS-F01-NEW
 70
     0
 62
     3
  6
Continuous
370
    -3
390
7
347
A
348
0
1001
AcAecLayerStandard
1000

1000
存放轴号对象
  0
LAYER
  5
20
330
374
100
AcDbSymbolTableRecord
100
AcDbLayerTableRecord
  2
HT-A-WALL-F01-NEW
 70
     0
 62
     9
  6
Continuous
370
    -3
390
7
347
A
348
0
1001
AcAecLayerStandard
1000

1000
存放各种材质的墙对象
  0
LAYER
  5
2C
330
374
100
AcDbSymbolTableRecord
100
AcDbLayerTableRecord
  2
SURFACE
 70
     0
 62
     6
  6
Continuous
370
    -3
390
7
347
A
348
0
1001
AcAecLayerStandard
1000

1000
粉刷层、保温层、详图饰面层
  0
LAYER
  5
108
330
374
100
AcDbSymbolTableRecord
100
AcDbLayerTableRecord
  2
STAIR
 70
     0
 62
     2
  6
Continuous
370
    -3
390
7
347
A
348
0
1001
AcAecLayerStandard
1000

1000
楼梯段、坡道、台阶、休息平台
  0
LAYER
  5
10A
330
374
100
AcDbSymbolTableRecord
100
AcDbLayerTableRecord
  2
RAIL
 70
     0
 62
   163
  6
Continuous
370
    -3
390
7
347
A
348
0
1001
AcAecLayerStandard
1000

1000
栏杆
  0
LAYER
  5
109
330
374
100
AcDbSymbolTableRecord
100
AcDbLayerTableRecord
  2
HANDRAIL
 70
     0
 62
     3
  6
Continuous
370
    -3
390
7
347
A
348
0
1001
AcAecLayerStandard
1000

1000
扶手
  0
LAYER
  5
FD
330
374
100
AcDbSymbolTableRecord
100
AcDbLayerTableRecord
  2
HT-A-ROOM-F01-NEW
 70
     0
 62
     7
  6
Continuous
370
    -3
390
7
347
A
348
0
1001
AcAecLayerStandard
1000

1000
房间名称、编号
  0
LAYER
  5
FF
330
374
100
AcDbSymbolTableRecord
100
AcDbLayerTableRecord
  2
SPACE_HATCH
 70
     0
 62
     8
  6
Continuous
370
    -3
390
7
347
A
348
0
1001
AcAecLayerStandard
1000

1000
房间面积填充图案
  0
LAYER
  5
117
330
374
100
AcDbSymbolTableRecord
100
AcDbLayerTableRecord
  2
HT-A-AXIS-TEXT-F01-NEW
 70
     0
 62
     7
  6
Continuous
370
    -3
390
7
347
A
348
0
1001
AcAecLayerStandard
1000

1000
轴号对象的轴号文字
  0
LAYER
  5
10D
330
374
100
AcDbSymbolTableRecord
100
AcDbLayerTableRecord
  2
HT-A-DIMS-SYMB-F01-NEW
 70
     0
 62
     3
  6
Continuous
370
    -3
390
7
347
A
348
0
1001
AcAecLayerStandard
1000

1000
箭头引注
  0
LAYER
  5
10B
330
374
100
AcDbSymbolTableRecord
100
AcDbLayerTableRecord
  2
HT-A-TEXT-F01-NEW
 70
     0
 62
     7
  6
Continuous
370
    -3
390
7
347
A
348
0
1001
AcAecLayerStandard
1000

1000
各种说明文字
  0
LAYER
  5
2B
330
374
100
AcDbSymbolTableRecord
100
AcDbLayerTableRecord
  2
PUB_HATCH
 70
     0
 62
     8
  6
Continuous
370
    -3
390
7
347
A
348
0
1001
AcAecLayerStandard
1000

1000
填充图案
  0
LAYER
  5
187
330
374
100
AcDbSymbolTableRecord
100
AcDbLayerTableRecord
  2
PUB_TITLE
 70
     0
 62
     4
  6
Continuous
370
    -3
390
7
347
A
348
0
1001
AcAecLayerStandard
1000

1000
存放图框线与标题栏、会签栏图块
  0
LAYER
  5
6B
330
374
100
AcDbSymbolTableRecord
100
AcDbLayerTableRecord
  2
HT-A-WIND-TEXT-F01-NEW
 70
     0
 62
     7
  6
Continuous
370
    -3
390
7
347
A
348
0
1001
AcAecLayerStandard
1000

1000
门窗编号
  0
LAYER
  5
3B
330
374
100
AcDbSymbolTableRecord
100
AcDbLayerTableRecord
  2
3T_BAR
 70
     0
 62
     7
  6
Continuous
370
    -3
390
7
347
A
348
0
  0
LAYER
  5
48
330
374
100
AcDbSymbolTableRecord
100
AcDbLayerTableRecord
  2
3T_GLASS
 70
     0
 62
     5
  6
Continuous
370
    -3
390
7
347
A
348
0
  0
LAYER
  5
83
330
374
100
AcDbSymbolTableRecord
100
AcDbLayerTableRecord
  2
3T_WOOD
 70
     0
 62
    21
  6
Continuous
370
    -3
390
7
347
A
348
0
  0
LAYER
  5
19D
330
374
100
AcDbSymbolTableRecord
100
AcDbLayerTableRecord
  2
Defpoints
 70
     0
 62
     7
  6
Continuous
290
     0
370
    -3
390
7
347
A
348
0
  0
LAYER
  5
3DA
330
374
100
AcDbSymbolTableRecord
100
AcDbLayerTableRecord
  2
PUB_WALL
 70
     0
 62
     9
  6
Continuous
370
    -3
390
7
347
A
348
0
  0
ENDTAB
  0
TABLE
  2
STYLE
  5
37A
330
0
100
AcDbSymbolTable
 70
    11
  0
STYLE
  5
37B
330
37A
100
AcDbSymbolTableRecord
100
AcDbTextStyleTableRecord
  2
Standard
 70
     0
 40
0.0
 41
1.0
 50
0.0
 71
     0
 42
2.5
  3
txt
  4

  0
STYLE
  5
10C
330
37A
100
AcDbSymbolTableRecord
100
AcDbTextStyleTableRecord
  2
_TCH_DIM
 70
     0
 40
0.0
 41
1.0
 50
0.0
 71
     0
 42
2.5
  3
SIMPLEX
  4
GBCBIG
1001
_TCH
1040
0.85
1040
0.6
1070
     7
  0
STYLE
  5
FE
330
37A
100
AcDbSymbolTableRecord
100
AcDbTextStyleTableRecord
  2
_TCH_SPACE
 70
     0
 40
0.0
 41
1.0
 50
0.0
 71
     0
 42
2.5
  3
SIMPLEX
  4
GBCBIG
1001
_TCH
1040
0.85
1040
0.6
1070
     7
  0
STYLE
  5
6A
330
37A
100
AcDbSymbolTableRecord
100
AcDbTextStyleTableRecord
  2
_TCH_WINDOW
 70
     0
 40
0.0
 41
1.0
 50
0.0
 71
     0
 42
2.5
  3
SIMPLEX
  4
GBCBIG
1001
_TCH
1040
0.85
1040
0.6
1070
     7
  0
STYLE
  5
116
330
37A
100
AcDbSymbolTableRecord
100
AcDbTextStyleTableRecord
  2
_TCH_AXIS
 70
     0
 40
0.0
 41
1.0
 50
0.0
 71
     0
 42
2.5
  3
COMPLEX
  4
GBCBIG
1001
_TCH
1040
0.85
1040
0.6
1070
     7
  0
STYLE
  5
19B
330
37A
100
AcDbSymbolTableRecord
100
AcDbTextStyleTableRecord
  2
_TCH_DIM_T3
 70
     0
 40
0.0
 41
0.71
 50
0.0
 71
     0
 42
2.5
  3
SIMPLEX
  4
GBCBIG
1001
_TCH
1040
0.85
1040
0.6
1070
     7
  0
STYLE
  5
3C6
330
37A
100
AcDbSymbolTableRecord
100
AcDbTextStyleTableRecord
  2
COMPLEX
 70
     0
 40
0.0
 41
1.0
 50
0.0
 71
     0
 42
0.6
  3
COMPLEX
  4

1001
AcadAnnotative
1000
AnnotativeData
1002
{
1070
     1
1070
     1
1002
}
  0
STYLE
  5
3CA
330
37A
100
AcDbSymbolTableRecord
100
AcDbTextStyleTableRecord
  2
Annotative
 70
     0
 40
0.0
 41
1.0
 50
0.0
 71
     0
 42
0.2
  3
txt
  4

1001
AcadAnnotative
1000
AnnotativeData
1002
{
1070
     1
1070
     1
1002
}
  0
STYLE
  5
3CC
330
37A
100
AcDbSymbolTableRecord
100
AcDbTextStyleTableRecord
  2
_TCH_DYN
 70
     0
 40
0.0
 41
1.0
 50
0.0
 71
     0
 42
2.5
  3

  4

1001
ACAD
1000
SimSun
1071
        0
  0
STYLE
  5
3D0
330
37A
100
AcDbSymbolTableRecord
100
AcDbTextStyleTableRecord
  2
图框
 70
     0
 40
0.0
 41
1.0
 50
0.0
 71
     0
 42
2.0
  3

  4

1001
ACAD
1000
SimSun
1071
    34306
  0
STYLE
  5
3D1
330
37A
100
AcDbSymbolTableRecord
100
AcDbTextStyleTableRecord
  2
DIM_FONT
 70
     0
 40
0.0
 41
0.7
 50
0.0
 71
     0
 42
2.5
  3
SIMPLEX
  4
GBCBIG
1001
_TCH
1040
0.85
1040
0.6
1070
     7
  0
ENDTAB
  0
TABLE
  2
VIEW
  5
380
330
0
100
AcDbSymbolTable
 70
     1
  0
ENDTAB
  0
TABLE
  2
UCS
  5
381
330
0
100
AcDbSymbolTable
 70
     0
  0
ENDTAB
  0
TABLE
  2
APPID
  5
387
330
0
100
AcDbSymbolTable
 70
    10
  0
APPID
  5
379
330
387
100
AcDbSymbolTableRecord
100
AcDbRegAppTableRecord
  2
ACAD
 70
     0
  0
APPID
  5
386
330
387
100
AcDbSymbolTableRecord
100
AcDbRegAppTableRecord
  2
ACAD_NAV_VCDISPLAY
 70
     0
  0
APPID
  5
16
330
387
100
AcDbSymbolTableRecord
100
AcDbRegAppTableRecord
  2
AcAecLayerStandard
 70
     0
  0
APPID
  5
69
330
387
100
AcDbSymbolTableRecord
100
AcDbRegAppTableRecord
  2
_TCH
 70
     0
  0
APPID
  5
3C7
330
387
100
AcDbSymbolTableRecord
100
AcDbRegAppTableRecord
  2
AcadAnnotative
 70
     0
  0
APPID
  5
3DB
330
387
100
AcDbSymbolTableRecord
100
AcDbRegAppTableRecord
  2
WTHICK
 70
     0
  0
APPID
  5
4BF
330
387
100
AcDbSymbolTableRecord
100
AcDbRegAppTableRecord
  2
_TCH_MASK
 70
     0
  0
APPID
  5
651
330
387
100
AcDbSymbolTableRecord
100
AcDbRegAppTableRecord
  2
ACAD_DSTYLE_DIMEXT_LENGTH
 70
     0
  0
APPID
  5
656
330
387
100
AcDbSymbolTableRecord
100
AcDbRegAppTableRecord
  2
ACAD_DSTYLE_DIMJOGGED_JOGANGLE_SYMBOL
 70
     0
  0
APPID
  5
688
330
387
100
AcDbSymbolTableRecord
100
AcDbRegAppTableRecord
  2
ACAD_MLEADERVER
 70
     0
  0
ENDTAB
  0
TABLE
  2
DIMSTYLE
  5
388
330
0
100
AcDbSymbolTable
 70
     3
100
AcDbDimStyleTable
 71
     2
340
1A1
340
389
  0
DIMSTYLE
105
389
330
388
100
AcDbSymbolTableRecord
100
AcDbDimStyleTableRecord
  2
ISO-25
 70
     0
 41
2.5
 42
0.63
 43
3.75
 44
1.25
 50
90.0
 73
     0
 74
     0
 77
     1
 78
     8
140
2.5
141
2.5
143
0.04
147
0.63
171
     3
172
     1
271
     2
272
     2
274
     3
283
     0
284
     8
340
37B
1001
ACAD_DSTYLE_DIMJOGGED_JOGANGLE_SYMBOL
1070
   384
1040
1.57
  0
DIMSTYLE
105
1A1
102
{ACAD_REACTORS
330
18E
330
1A2
330
1AF
330
1BC
330
1C9
330
1D6
330
1E3
330
1F0
330
1FD
330
20A
330
217
330
224
330
231
330
23E
330
24B
330
258
330
265
330
272
330
27F
330
28C
330
299
330
2A6
330
2B3
330
2C0
330
2CD
330
2DA
330
2E7
330
2F4
330
301
330
30E
330
31B
330
328
330
335
330
342
330
34F
330
35C
102
}
330
388
100
AcDbSymbolTableRecord
100
AcDbDimStyleTableRecord
  2
_TCH_ARCH&&100
 70
     0
 41
100.0
 42
300.0
 43
0.0
 44
250.0
 49
100.0
 73
     0
 74
     0
 77
     1
 79
     2
140
297.5
147
126.25
172
     1
174
     1
178
     7
179
     2
271
     0
272
     0
279
     2
340
19B
342
195
  0
DIMSTYLE
105
4BE
330
388
100
AcDbSymbolTableRecord
100
AcDbDimStyleTableRecord
  2
Standard
 70
     0
340
37B
  0
ENDTAB
  0
TABLE
  2
BLOCK_RECORD
  5
1
330
0
100
AcDbSymbolTable
 70
    47
  0
BLOCK_RECORD
  5
2
102
{ACAD_XDICTIONARY
360
3
102
}
330
1
100
AcDbSymbolTableRecord
100
AcDbBlockTableRecord
  2
*Model_Space
340
36A
 70
     0
280
     1
281
     0
  0
BLOCK_RECORD
  5
36C
330
1
100
AcDbSymbolTableRecord
100
AcDbBlockTableRecord
  2
*Paper_Space
340
36F
 70
     0
280
     1
281
     0
  0
BLOCK_RECORD
  5
370
330
1
100
AcDbSymbolTableRecord
100
AcDbBlockTableRecord
  2
*Paper_Space0
340
373
 70
     0
280
     1
281
     0
  0
BLOCK_RECORD
  5
21
102
{ACAD_XDICTIONARY
360
22
102
}
330
1
100
AcDbSymbolTableRecord
100
AcDbBlockTableRecord
  2
$LinePat$保温层
340
0
 70
     0
280
     1
281
     0
  0
BLOCK_RECORD
  5
195
330
1
100
AcDbSymbolTableRecord
100
AcDbBlockTableRecord
  2
_ArchTick
340
0
102
{BLKREFS
331
194
331
307
331
308
331
314
331
315
331
321
331
322
331
32E
331
32F
331
33B
331
33C
331
348
331
349
331
355
331
356
331
362
331
363
331
292
331
293
331
29F
331
2A0
331
2AC
331
2AD
331
2B9
331
2BA
331
2C6
331
2C7
331
2D3
331
2D4
331
2E0
331
2E1
331
2ED
331
2EE
331
2FA
331
2FB
331
199
331
1A8
331
1A9
331
1B5
331
1B6
331
1C2
331
1C3
331
1CF
331
1D0
331
1DC
331
1DD
331
1E9
331
1EA
331
1F6
331
1F7
331
203
331
204
331
210
331
211
331
21D
331
21E
331
22A
331
22B
331
237
331
238
331
244
331
245
331
251
331
252
331
25E
331
25F
331
26B
331
26C
331
278
331
279
331
285
331
286
102
}
 70
     0
280
     1
281
     0
  0
BLOCK_RECORD
  5
149
330
1
100
AcDbSymbolTableRecord
100
AcDbBlockTableRecord
  2
$DorLib2D$00000131
340
0
102
{BLKREFS
331
630
102
}
 70
     0
280
     1
281
     0
1001
_TCH
1040
1.0
  0
BLOCK_RECORD
  5
80
330
1
100
AcDbSymbolTableRecord
100
AcDbBlockTableRecord
  2
$TCHSYS$DOOR3D
340
0
 70
     0
280
     1
281
     0
1001
_TCH
1040
900.0
1040
2100.0
  0
BLOCK_RECORD
  5
77
102
{ACAD_XDICTIONARY
360
78
102
}
330
1
100
AcDbSymbolTableRecord
100
AcDbBlockTableRecord
  2
$DorLib2D$00000001
340
0
102
{BLKREFS
331
55B
331
57C
331
61E
331
621
331
62A
331
63B
331
46D
331
470
331
43D
331
45B
331
460
102
}
 70
     0
280
     1
281
     0
  0
BLOCK_RECORD
  5
2F
330
1
100
AcDbSymbolTableRecord
100
AcDbBlockTableRecord
  2
$TCHSYS$WIN2D
340
0
102
{BLKREFS
331
4F2
331
4F5
331
4F8
331
4FB
331
4FE
331
501
331
504
331
50D
331
518
331
527
331
536
331
53F
331
552
331
564
102
}
 70
     0
280
     1
281
     0
  0
BLOCK_RECORD
  5
38
330
1
100
AcDbSymbolTableRecord
100
AcDbBlockTableRecord
  2
$TCHSYS$WIN3D
340
0
 70
     0
280
     1
281
     0
1001
_TCH
1040
1200.0
1040
1800.0
  0
BLOCK_RECORD
  5
E6
102
{ACAD_XDICTIONARY
360
E7
102
}
330
1
100
AcDbSymbolTableRecord
100
AcDbBlockTableRecord
  2
$DorLib2D$00000002
340
0
102
{BLKREFS
331
615
102
}
 70
     0
280
     1
281
     0
  0
BLOCK_RECORD
  5
18F
330
1
100
AcDbSymbolTableRecord
100
AcDbBlockTableRecord
  2
*D9
340
0
 70
     0
280
     1
281
     0
  0
BLOCK_RECORD
  5
1A3
330
1
100
AcDbSymbolTableRecord
100
AcDbBlockTableRecord
  2
*D10
340
0
 70
     0
280
     1
281
     0
  0
BLOCK_RECORD
  5
1B0
330
1
100
AcDbSymbolTableRecord
100
AcDbBlockTableRecord
  2
*D11
340
0
 70
     0
280
     1
281
     0
  0
BLOCK_RECORD
  5
1BD
330
1
100
AcDbSymbolTableRecord
100
AcDbBlockTableRecord
  2
*D12
340
0
 70
     0
280
     1
281
     0
  0
BLOCK_RECORD
  5
1CA
330
1
100
AcDbSymbolTableRecord
100
AcDbBlockTableRecord
  2
*D13
340
0
 70
     0
280
     1
281
     0
  0
BLOCK_RECORD
  5
1D7
330
1
100
AcDbSymbolTableRecord
100
AcDbBlockTableRecord
  2
*D14
340
0
 70
     0
280
     1
281
     0
  0
BLOCK_RECORD
  5
1E4
330
1
100
AcDbSymbolTableRecord
100
AcDbBlockTableRecord
  2
*D15
340
0
 70
     0
280
     1
281
     0
  0
BLOCK_RECORD
  5
1F1
330
1
100
AcDbSymbolTableRecord
100
AcDbBlockTableRecord
  2
*D16
340
0
 70
     0
280
     1
281
     0
  0
BLOCK_RECORD
  5
1FE
330
1
100
AcDbSymbolTableRecord
100
AcDbBlockTableRecord
  2
*D17
340
0
 70
     0
280
     1
281
     0
  0
BLOCK_RECORD
  5
20B
330
1
100
AcDbSymbolTableRecord
100
AcDbBlockTableRecord
  2
*D18
340
0
 70
     0
280
     1
281
     0
  0
BLOCK_RECORD
  5
218
330
1
100
AcDbSymbolTableRecord
100
AcDbBlockTableRecord
  2
*D19
340
0
 70
     0
280
     1
281
     0
  0
BLOCK_RECORD
  5
225
330
1
100
AcDbSymbolTableRecord
100
AcDbBlockTableRecord
  2
*D20
340
0
 70
     0
280
     1
281
     0
  0
BLOCK_RECORD
  5
232
330
1
100
AcDbSymbolTableRecord
100
AcDbBlockTableRecord
  2
*D21
340
0
 70
     0
280
     1
281
     0
  0
BLOCK_RECORD
  5
23F
330
1
100
AcDbSymbolTableRecord
100
AcDbBlockTableRecord
  2
*D22
340
0
 70
     0
280
     1
281
     0
  0
BLOCK_RECORD
  5
24C
330
1
100
AcDbSymbolTableRecord
100
AcDbBlockTableRecord
  2
*D23
340
0
 70
     0
280
     1
281
     0
  0
BLOCK_RECORD
  5
259
330
1
100
AcDbSymbolTableRecord
100
AcDbBlockTableRecord
  2
*D24
340
0
 70
     0
280
     1
281
     0
  0
BLOCK_RECORD
  5
266
330
1
100
AcDbSymbolTableRecord
100
AcDbBlockTableRecord
  2
*D25
340
0
 70
     0
280
     1
281
     0
  0
BLOCK_RECORD
  5
273
330
1
100
AcDbSymbolTableRecord
100
AcDbBlockTableRecord
  2
*D26
340
0
 70
     0
280
     1
281
     0
  0
BLOCK_RECORD
  5
280
330
1
100
AcDbSymbolTableRecord
100
AcDbBlockTableRecord
  2
*D27
340
0
 70
     0
280
     1
281
     0
  0
BLOCK_RECORD
  5
28D
330
1
100
AcDbSymbolTableRecord
100
AcDbBlockTableRecord
  2
*D28
340
0
 70
     0
280
     1
281
     0
  0
BLOCK_RECORD
  5
29A
330
1
100
AcDbSymbolTableRecord
100
AcDbBlockTableRecord
  2
*D29
340
0
 70
     0
280
     1
281
     0
  0
BLOCK_RECORD
  5
2A7
330
1
100
AcDbSymbolTableRecord
100
AcDbBlockTableRecord
  2
*D30
340
0
 70
     0
280
     1
281
     0
  0
BLOCK_RECORD
  5
2B4
330
1
100
AcDbSymbolTableRecord
100
AcDbBlockTableRecord
  2
*D31
340
0
 70
     0
280
     1
281
     0
  0
BLOCK_RECORD
  5
2C1
330
1
100
AcDbSymbolTableRecord
100
AcDbBlockTableRecord
  2
*D32
340
0
 70
     0
280
     1
281
     0
  0
BLOCK_RECORD
  5
2CE
330
1
100
AcDbSymbolTableRecord
100
AcDbBlockTableRecord
  2
*D33
340
0
 70
     0
280
     1
281
     0
  0
BLOCK_RECORD
  5
2DB
330
1
100
AcDbSymbolTableRecord
100
AcDbBlockTableRecord
  2
*D34
340
0
 70
     0
280
     1
281
     0
  0
BLOCK_RECORD
  5
2E8
330
1
100
AcDbSymbolTableRecord
100
AcDbBlockTableRecord
  2
*D35
340
0
 70
     0
280
     1
281
     0
  0
BLOCK_RECORD
  5
2F5
330
1
100
AcDbSymbolTableRecord
100
AcDbBlockTableRecord
  2
*D36
340
0
 70
     0
280
     1
281
     0
  0
BLOCK_RECORD
  5
302
330
1
100
AcDbSymbolTableRecord
100
AcDbBlockTableRecord
  2
*D37
340
0
 70
     0
280
     1
281
     0
  0
BLOCK_RECORD
  5
30F
330
1
100
AcDbSymbolTableRecord
100
AcDbBlockTableRecord
  2
*D38
340
0
 70
     0
280
     1
281
     0
  0
BLOCK_RECORD
  5
31C
330
1
100
AcDbSymbolTableRecord
100
AcDbBlockTableRecord
  2
*D39
340
0
 70
     0
280
     1
281
     0
  0
BLOCK_RECORD
  5
329
330
1
100
AcDbSymbolTableRecord
100
AcDbBlockTableRecord
  2
*D40
340
0
 70
     0
280
     1
281
     0
  0
BLOCK_RECORD
  5
336
330
1
100
AcDbSymbolTableRecord
100
AcDbBlockTableRecord
  2
*D41
340
0
 70
     0
280
     1
281
     0
  0
BLOCK_RECORD
  5
343
330
1
100
AcDbSymbolTableRecord
100
AcDbBlockTableRecord
  2
*D42
340
0
 70
     0
280
     1
281
     0
  0
BLOCK_RECORD
  5
350
330
1
100
AcDbSymbolTableRecord
100
AcDbBlockTableRecord
  2
*D43
340
0
 70
     0
280
     1
281
     0
  0
BLOCK_RECORD
  5
35D
330
1
100
AcDbSymbolTableRecord
100
AcDbBlockTableRecord
  2
*D44
340
0
 70
     0
280
     1
281
     0
  0
BLOCK_RECORD
  5
3C2
330
1
100
AcDbSymbolTableRecord
100
AcDbBlockTableRecord
  2
_AXISO
340
0
102
{BLKREFS
331
5BC
331
5C0
331
5C4
331
5C8
331
5CC
331
5D0
331
5D4
331
5D8
331
5DC
331
5E0
331
5E4
331
5E8
331
5EC
331
5F0
331
5F4
331
5F8
331
5FC
331
600
331
477
331
47B
331
47F
331
483
331
487
331
48B
331
48F
331
493
331
497
331
49B
331
49F
331
4A3
331
4A7
331
4AB
331
4AF
331
4B3
331
4B7
331
4BB
102
}
 70
     0
280
     1
281
     0
  0
BLOCK_RECORD
  5
4DA
102
{ACAD_XDICTIONARY
360
4DD
102
}
330
1
100
AcDbSymbolTableRecord
100
AcDbBlockTableRecord
  2
_FZH
340
0
102
{BLKREFS
331
4E0
331
4E1
331
4E2
331
4E3
331
4E6
331
4E7
331
4EA
331
4EB
331
4EE
331
4EF
331
4F0
331
4F1
331
603
331
604
331
605
331
606
331
609
331
60A
331
60D
331
60E
331
611
331
612
331
613
331
614
102
}
 70
     0
280
     1
281
     0
  0
ENDTAB
  0
ENDSEC
  0
SECTION
  2
BLOCKS
  0
BLOCK
  5
5
330
2
100
AcDbEntity
  8
0
100
AcDbBlockBegin
  2
*Model_Space
 70
     0
 10
0.0
 20
0.0
 30
0.0
  3
*Model_Space
  1

  0
ENDBLK
  5
369
330
2
100
AcDbEntity
  8
0
100
AcDbBlockEnd
  0
BLOCK
  5
36D
330
36C
100
AcDbEntity
 67
     1
  8
0
100
AcDbBlockBegin
  2
*Paper_Space
 70
     0
 10
0.0
 20
0.0
 30
0.0
  3
*Paper_Space
  1

  0
ENDBLK
  5
36E
330
36C
100
AcDbEntity
 67
     1
  8
0
100
AcDbBlockEnd
  0
BLOCK
  5
371
330
370
100
AcDbEntity
 67
     1
  8
0
100
AcDbBlockBegin
  2
*Paper_Space0
 70
     0
 10
0.0
 20
0.0
 30
0.0
  3
*Paper_Space0
  1

  0
ENDBLK
  5
372
330
370
100
AcDbEntity
 67
     1
  8
0
100
AcDbBlockEnd
  0
BLOCK
  5
24
330
21
100
AcDbEntity
  8
0
100
AcDbBlockBegin
  2
$LinePat$保温层
 70
     0
 10
0.0
 20
0.0
 30
0.0
  3
$LinePat$保温层
  1

  0
LINE
  5
25
330
21
100
AcDbEntity
  8
0
 62
     0
100
AcDbLine
 10
24.0
 20
-24.0
 30
0.0
 11
24.0
 21
-56.0
 31
0.0
  0
LINE
  5
26
330
21
100
AcDbEntity
  8
0
 62
     0
100
AcDbLine
 10
72.0
 20
-56.0
 30
0.0
 11
72.0
 21
-24.0
 31
0.0
  0
ARC
  5
27
330
21
100
AcDbEntity
  8
0
 62
     0
100
AcDbCircle
 10
0.0
 20
-24.0
 30
0.0
 40
23.99999999999855
100
AcDbArc
 50
0.0
 51
90.0
  0
ARC
  5
28
330
21
100
AcDbEntity
  8
0
 62
     0
100
AcDbCircle
 10
96.0
 20
-24.0
 30
0.0
 40
24.00000000000037
100
AcDbArc
 50
90.0
 51
180.0
  0
ARC
  5
29
330
21
100
AcDbEntity
  8
0
 62
     0
100
AcDbCircle
 10
48.0
 20
-56.0
 30
0.0
 40
24.00000000000037
100
AcDbArc
 50
180.0
 51
0.0
  0
ENDBLK
  5
2A
330
21
100
AcDbEntity
  8
0
100
AcDbBlockEnd
  0
BLOCK
  5
196
330
195
100
AcDbEntity
  8
0
100
AcDbBlockBegin
  2
_ArchTick
 70
     0
 10
0.0
 20
0.0
 30
0.0
  3
_ArchTick
  1

  0
LWPOLYLINE
  5
197
330
195
100
AcDbEntity
  8
0
  6
ByBlock
 62
     0
100
AcDbPolyline
 90
        2
 70
     0
 43
0.15
 10
-0.5
 20
-0.5
 10
0.5
 20
0.5
  0
ENDBLK
  5
198
330
195
100
AcDbEntity
  8
0
100
AcDbBlockEnd
  0
BLOCK
  5
14A
330
149
100
AcDbEntity
  8
0
100
AcDbBlockBegin
  2
$DorLib2D$00000131
 70
     0
 10
0.0
 20
0.0
 30
0.0
  3
$DorLib2D$00000131
  1

  0
LINE
  5
14B
330
149
100
AcDbEntity
  8
0
  6
Continuous
 62
     0
100
AcDbLine
 10
-0.23
 20
-0.2
 30
0.0
 11
-0.23
 21
-0.13
 31
0.0
  0
LINE
  5
14C
330
149
100
AcDbEntity
  8
0
  6
Continuous
 62
     0
100
AcDbLine
 10
-0.15
 20
-0.13
 30
0.0
 11
-0.23
 21
-0.2
 31
0.0
  0
LINE
  5
14D
330
149
100
AcDbEntity
  8
0
  6
Continuous
 62
     0
100
AcDbLine
 10
-0.35
 20
-0.13
 30
0.0
 11
-0.15
 21
-0.13
 31
0.0
  0
LINE
  5
14E
330
149
100
AcDbEntity
  8
0
  6
Continuous
 62
     0
100
AcDbLine
 10
0.23
 20
0.2
 30
0.0
 11
0.23
 21
0.13
 31
0.0
  0
LINE
  5
14F
330
149
100
AcDbEntity
  8
0
  6
Continuous
 62
     0
100
AcDbLine
 10
0.15
 20
0.13
 30
0.0
 11
0.23
 21
0.2
 31
0.0
  0
LINE
  5
150
330
149
100
AcDbEntity
  8
0
  6
Continuous
 62
     0
100
AcDbLine
 10
0.35
 20
0.13
 30
0.0
 11
0.15
 21
0.13
 31
0.0
  0
LINE
  5
151
330
149
100
AcDbEntity
  8
0
  6
Continuous
 62
     0
100
AcDbLine
 10
0.5
 20
0.0
 30
0.0
 11
0.5
 21
-0.13
 31
0.0
  0
LINE
  5
152
330
149
100
AcDbEntity
  8
0
  6
Continuous
 62
     0
100
AcDbLine
 10
-0.02
 20
0.0
 30
0.0
 11
0.5
 21
0.0
 31
0.0
  0
LINE
  5
153
330
149
100
AcDbEntity
  8
0
  6
Continuous
 62
     0
100
AcDbLine
 10
-0.02
 20
-0.13
 30
0.0
 11
-0.02
 21
0.0
 31
0.0
  0
LINE
  5
154
330
149
100
AcDbEntity
  8
0
  6
Continuous
 62
     0
100
AcDbLine
 10
0.5
 20
-0.13
 30
0.0
 11
-0.02
 21
-0.13
 31
0.0
  0
LINE
  5
155
330
149
100
AcDbEntity
  8
0
  6
Continuous
 62
     0
100
AcDbLine
 10
-0.5
 20
0.13
 30
0.0
 11
-0.5
 21
0.0
 31
0.0
  0
LINE
  5
156
330
149
100
AcDbEntity
  8
0
  6
Continuous
 62
     0
100
AcDbLine
 10
0.02
 20
0.13
 30
0.0
 11
-0.5
 21
0.13
 31
0.0
  0
LINE
  5
157
330
149
100
AcDbEntity
  8
0
  6
Continuous
 62
     0
100
AcDbLine
 10
0.02
 20
0.0
 30
0.0
 11
0.02
 21
0.13
 31
0.0
  0
LINE
  5
158
330
149
100
AcDbEntity
  8
0
  6
Continuous
 62
     0
100
AcDbLine
 10
-0.5
 20
0.0
 30
0.0
 11
0.02
 21
0.0
 31
0.0
  0
ENDBLK
  5
159
330
149
100
AcDbEntity
  8
0
100
AcDbBlockEnd
  0
BLOCK
  5
81
330
80
100
AcDbEntity
  8
0
100
AcDbBlockBegin
  2
$TCHSYS$DOOR3D
 70
     0
 10
0.0
 20
0.0
 30
0.0
  3
$TCHSYS$DOOR3D
  1

  0
3DFACE
  5
82
330
80
100
AcDbEntity
  8
3T_WOOD
100
AcDbFace
 10
409.41
 20
-10.0
 30
2055.56
 11
-411.02
 21
-10.0
 31
2055.56
 12
-411.02
 22
-10.0
 32
1.21
 13
409.41
 23
-10.0
 33
1.21
  0
3DFACE
  5
84
330
80
100
AcDbEntity
  8
3T_WOOD
100
AcDbFace
 10
-450.0
 20
50.0
 30
2100.0
 11
409.09
 21
50.0
 31
2055.58
 12
-409.09
 22
50.0
 32
2055.58
 13
-409.09
 23
50.0
 33
2055.58
 70
    13
  0
3DFACE
  5
85
330
80
100
AcDbEntity
  8
3T_WOOD
100
AcDbFace
 10
409.09
 20
50.0
 30
2055.58
 11
-450.0
 21
50.0
 31
2100.0
 12
450.0
 22
50.0
 32
2100.0
 13
450.0
 23
50.0
 33
2100.0
 70
    13
  0
3DFACE
  5
86
330
80
100
AcDbEntity
  8
3T_WOOD
100
AcDbFace
 10
-450.0
 20
-50.0
 30
2100.0
 11
-409.09
 21
-50.0
 31
2055.58
 12
409.09
 22
-50.0
 32
2055.58
 13
409.09
 23
-50.0
 33
2055.58
 70
    13
  0
3DFACE
  5
87
330
80
100
AcDbEntity
  8
3T_WOOD
100
AcDbFace
 10
409.09
 20
-50.0
 30
2055.58
 11
450.0
 21
-50.0
 31
2100.0
 12
-450.0
 22
-50.0
 32
2100.0
 13
-450.0
 23
-50.0
 33
2100.0
 70
    13
  0
3DFACE
  5
88
330
80
100
AcDbEntity
  8
3T_WOOD
100
AcDbFace
 10
-409.09
 20
-50.0
 30
2055.58
 11
-409.09
 21
50.0
 31
2055.58
 12
409.09
 22
50.0
 32
2055.58
 13
409.09
 23
-50.0
 33
2055.58
  0
3DFACE
  5
89
330
80
100
AcDbEntity
  8
3T_WOOD
100
AcDbFace
 10
-450.0
 20
50.0
 30
0.0
 11
-409.09
 21
50.0
 31
2055.58
 12
-409.09
 22
50.0
 32
0.0
 13
-409.09
 23
50.0
 33
0.0
 70
     1
  0
3DFACE
  5
8A
330
80
100
AcDbEntity
  8
3T_WOOD
100
AcDbFace
 10
409.09
 20
50.0
 30
2055.58
 11
450.0
 21
50.0
 31
0.0
 12
409.09
 22
50.0
 32
0.0
 13
409.09
 23
50.0
 33
0.0
 70
     1
  0
3DFACE
  5
8B
330
80
100
AcDbEntity
  8
3T_WOOD
100
AcDbFace
 10
409.09
 20
50.0
 30
2055.58
 11
450.0
 21
50.0
 31
2100.0
 12
450.0
 22
50.0
 32
0.0
 13
450.0
 23
50.0
 33
0.0
 70
    13
  0
3DFACE
  5
8C
330
80
100
AcDbEntity
  8
3T_WOOD
100
AcDbFace
 10
-450.0
 20
50.0
 30
2100.0
 11
-409.09
 21
50.0
 31
2055.58
 12
-450.0
 22
50.0
 32
0.0
 13
-450.0
 23
50.0
 33
0.0
 70
     3
  0
3DFACE
  5
8D
330
80
100
AcDbEntity
  8
3T_WOOD
100
AcDbFace
 10
-450.0
 20
-50.0
 30
0.0
 11
-409.09
 21
-50.0
 31
0.0
 12
-409.09
 22
-50.0
 32
2055.58
 13
-409.09
 23
-50.0
 33
2055.58
 70
    12
  0
3DFACE
  5
8E
330
80
100
AcDbEntity
  8
3T_WOOD
100
AcDbFace
 10
409.09
 20
-50.0
 30
2055.58
 11
409.09
 21
-50.0
 31
0.0
 12
450.0
 22
-50.0
 32
0.0
 13
450.0
 23
-50.0
 33
0.0
 70
    12
  0
3DFACE
  5
8F
330
80
100
AcDbEntity
  8
3T_WOOD
100
AcDbFace
 10
409.09
 20
-50.0
 30
2055.58
 11
450.0
 21
-50.0
 31
0.0
 12
450.0
 22
-50.0
 32
2100.0
 13
450.0
 23
-50.0
 33
2100.0
 70
    13
  0
3DFACE
  5
90
330
80
100
AcDbEntity
  8
3T_WOOD
100
AcDbFace
 10
-450.0
 20
-50.0
 30
2100.0
 11
-450.0
 21
-50.0
 31
0.0
 12
-409.09
 22
-50.0
 32
2055.58
 13
-409.09
 23
-50.0
 33
2055.58
 70
    14
  0
3DFACE
  5
91
330
80
100
AcDbEntity
  8
3T_WOOD
100
AcDbFace
 10
450.0
 20
-50.0
 30
0.0
 11
450.0
 21
50.0
 31
0.0
 12
450.0
 22
50.0
 32
2100.0
 13
450.0
 23
50.0
 33
2100.0
 70
    13
  0
3DFACE
  5
92
330
80
100
AcDbEntity
  8
3T_WOOD
100
AcDbFace
 10
450.0
 20
-50.0
 30
2100.0
 11
450.0
 21
-50.0
 31
0.0
 12
450.0
 22
50.0
 32
2100.0
 13
450.0
 23
50.0
 33
2100.0
 70
    14
  0
3DFACE
  5
93
330
80
100
AcDbEntity
  8
3T_WOOD
100
AcDbFace
 10
-450.0
 20
-50.0
 30
0.0
 11
-450.0
 21
-50.0
 31
2100.0
 12
-450.0
 22
50.0
 32
2100.0
 13
-450.0
 23
50.0
 33
2100.0
 70
    14
  0
3DFACE
  5
94
330
80
100
AcDbEntity
  8
3T_WOOD
100
AcDbFace
 10
-450.0
 20
-50.0
 30
0.0
 11
-450.0
 21
50.0
 31
2100.0
 12
-450.0
 22
50.0
 32
0.0
 13
-450.0
 23
50.0
 33
0.0
 70
    13
  0
3DFACE
  5
95
330
80
100
AcDbEntity
  8
3T_WOOD
100
AcDbFace
 10
409.09
 20
-50.0
 30
0.0
 11
409.09
 21
-50.0
 31
2055.58
 12
409.09
 22
50.0
 32
2055.58
 13
409.09
 23
50.0
 33
0.0
  0
3DFACE
  5
96
330
80
100
AcDbEntity
  8
3T_WOOD
100
AcDbFace
 10
-409.09
 20
50.0
 30
0.0
 11
-409.09
 21
50.0
 31
2055.58
 12
-409.09
 22
-50.0
 32
2055.58
 13
-409.09
 23
-50.0
 33
0.0
  0
3DFACE
  5
97
330
80
100
AcDbEntity
  8
3T_BAR
100
AcDbFace
 10
-330.18
 20
80.44
 30
907.28
 11
-341.34
 21
80.44
 31
920.52
 12
-341.34
 22
-63.56
 32
920.52
 13
-330.18
 23
-63.56
 33
907.28
  0
3DFACE
  5
98
330
80
100
AcDbEntity
  8
3T_BAR
100
AcDbFace
 10
-341.34
 20
80.44
 30
920.52
 11
-352.49
 21
80.44
 31
907.28
 12
-352.49
 22
-63.56
 32
907.28
 13
-341.34
 23
-63.56
 33
920.52
  0
3DFACE
  5
99
330
80
100
AcDbEntity
  8
3T_BAR
100
AcDbFace
 10
-352.49
 20
80.44
 30
907.28
 11
-341.34
 21
80.44
 31
894.03
 12
-341.34
 22
-63.56
 32
894.03
 13
-352.49
 23
-63.56
 33
907.28
  0
3DFACE
  5
9A
330
80
100
AcDbEntity
  8
3T_BAR
100
AcDbFace
 10
-341.34
 20
80.44
 30
894.03
 11
-330.18
 21
80.44
 31
907.28
 12
-330.18
 22
-63.56
 32
907.28
 13
-341.34
 23
-63.56
 33
894.03
  0
3DFACE
  5
9B
330
80
100
AcDbEntity
  8
3T_BAR
100
AcDbFace
 10
-351.72
 20
-63.56
 30
907.27
 11
-351.72
 21
-87.56
 31
907.27
 12
-350.12
 22
-87.56
 32
913.54
 13
-351.72
 23
-63.56
 33
907.27
 70
     4
  0
3DFACE
  5
9C
330
80
100
AcDbEntity
  8
3T_BAR
100
AcDbFace
 10
-351.72
 20
-63.56
 30
907.27
 11
-350.12
 21
-87.56
 31
913.54
 12
-350.12
 22
-63.56
 32
913.54
 13
-351.72
 23
-63.56
 33
907.27
 70
     3
  0
3DFACE
  5
9D
330
80
100
AcDbEntity
  8
3T_BAR
100
AcDbFace
 10
-350.12
 20
-63.56
 30
913.54
 11
-350.12
 21
-87.56
 31
913.54
 12
-346.14
 22
-87.56
 32
918.08
 13
-350.12
 23
-63.56
 33
913.54
 70
     5
  0
3DFACE
  5
9E
330
80
100
AcDbEntity
  8
3T_BAR
100
AcDbFace
 10
-350.12
 20
-63.56
 30
913.54
 11
-346.14
 21
-87.56
 31
918.08
 12
-346.14
 22
-63.56
 32
918.08
 13
-350.12
 23
-63.56
 33
913.54
 70
     3
  0
3DFACE
  5
9F
330
80
100
AcDbEntity
  8
3T_BAR
100
AcDbFace
 10
-346.14
 20
-87.56
 30
918.08
 11
-340.81
 21
-87.56
 31
919.73
 12
-340.81
 22
-63.56
 32
919.73
 13
-346.14
 23
-87.56
 33
918.08
 70
     6
  0
3DFACE
  5
A0
330
80
100
AcDbEntity
  8
3T_BAR
100
AcDbFace
 10
-346.14
 20
-87.56
 30
918.08
 11
-340.81
 21
-63.56
 31
919.73
 12
-346.14
 22
-63.56
 32
918.08
 13
-346.14
 23
-87.56
 33
918.08
 70
     5
  0
3DFACE
  5
A1
330
80
100
AcDbEntity
  8
3T_BAR
100
AcDbFace
 10
-340.81
 20
-87.56
 30
919.73
 11
-335.47
 21
-87.56
 31
918.08
 12
-335.47
 22
-63.56
 32
918.08
 13
-340.81
 23
-87.56
 33
919.73
 70
     6
  0
3DFACE
  5
A2
330
80
100
AcDbEntity
  8
3T_BAR
100
AcDbFace
 10
-340.81
 20
-87.56
 30
919.73
 11
-335.47
 21
-63.56
 31
918.08
 12
-340.81
 22
-63.56
 32
919.73
 13
-340.81
 23
-87.56
 33
919.73
 70
     5
  0
3DFACE
  5
A3
330
80
100
AcDbEntity
  8
3T_BAR
100
AcDbFace
 10
-335.47
 20
-63.56
 30
918.08
 11
-335.47
 21
-87.56
 31
918.08
 12
-331.49
 22
-87.56
 32
913.54
 13
-335.47
 23
-63.56
 33
918.08
 70
     5
  0
3DFACE
  5
A4
330
80
100
AcDbEntity
  8
3T_BAR
100
AcDbFace
 10
-335.47
 20
-63.56
 30
918.08
 11
-331.49
 21
-87.56
 31
913.54
 12
-331.49
 22
-63.56
 32
913.54
 13
-335.47
 23
-63.56
 33
918.08
 70
     3
  0
3DFACE
  5
A5
330
80
100
AcDbEntity
  8
3T_BAR
100
AcDbFace
 10
-331.49
 20
-63.56
 30
913.54
 11
-331.49
 21
-87.56
 31
913.54
 12
-329.89
 22
-87.56
 32
907.27
 13
-331.49
 23
-63.56
 33
913.54
 70
     5
  0
3DFACE
  5
A6
330
80
100
AcDbEntity
  8
3T_BAR
100
AcDbFace
 10
-331.49
 20
-63.56
 30
913.54
 11
-329.89
 21
-87.56
 31
907.27
 12
-329.89
 22
-63.56
 32
907.27
 13
-331.49
 23
-63.56
 33
913.54
 70
     1
  0
3DFACE
  5
A7
330
80
100
AcDbEntity
  8
3T_BAR
100
AcDbFace
 10
-329.89
 20
-87.56
 30
907.27
 11
-333.71
 21
-87.56
 31
812.63
 12
-333.71
 22
-63.56
 32
812.63
 13
-329.89
 23
-87.56
 33
907.27
 70
     4
  0
3DFACE
  5
A8
330
80
100
AcDbEntity
  8
3T_BAR
100
AcDbFace
 10
-329.89
 20
-87.56
 30
907.27
 11
-333.71
 21
-63.56
 31
812.63
 12
-329.89
 22
-63.56
 32
907.27
 13
-329.89
 23
-87.56
 33
907.27
 70
     1
  0
3DFACE
  5
A9
330
80
100
AcDbEntity
  8
3T_BAR
100
AcDbFace
 10
-333.71
 20
-63.56
 30
812.63
 11
-333.71
 21
-87.56
 31
812.63
 12
-348.45
 22
-87.56
 32
812.63
 13
-333.71
 23
-63.56
 33
812.63
 70
     4
  0
3DFACE
  5
AA
330
80
100
AcDbEntity
  8
3T_BAR
100
AcDbFace
 10
-333.71
 20
-63.56
 30
812.63
 11
-348.45
 21
-87.56
 31
812.63
 12
-348.45
 22
-63.56
 32
812.63
 13
-333.71
 23
-63.56
 33
812.63
 70
     1
  0
3DFACE
  5
AB
330
80
100
AcDbEntity
  8
3T_BAR
100
AcDbFace
 10
-348.45
 20
-63.56
 30
812.63
 11
-348.45
 21
-87.56
 31
812.63
 12
-351.72
 22
-87.56
 32
907.27
 13
-348.45
 23
-63.56
 33
812.63
 70
     4
  0
3DFACE
  5
AC
330
80
100
AcDbEntity
  8
3T_BAR
100
AcDbFace
 10
-348.45
 20
-63.56
 30
812.63
 11
-351.72
 21
-87.56
 31
907.27
 12
-351.72
 22
-63.56
 32
907.27
 13
-348.45
 23
-63.56
 33
812.63
 70
     1
  0
3DFACE
  5
AD
330
80
100
AcDbEntity
  8
3T_BAR
100
AcDbFace
 10
-348.45
 20
-63.56
 30
812.63
 11
-351.72
 21
-63.56
 31
907.27
 12
-346.14
 22
-63.56
 32
918.08
 13
-348.45
 23
-63.56
 33
812.63
 70
     6
  0
3DFACE
  5
AE
330
80
100
AcDbEntity
  8
3T_BAR
100
AcDbFace
 10
-348.45
 20
-63.56
 30
812.63
 11
-346.14
 21
-63.56
 31
918.08
 12
-340.81
 22
-63.56
 32
919.73
 13
-348.45
 23
-63.56
 33
812.63
 70
     5
  0
3DFACE
  5
AF
330
80
100
AcDbEntity
  8
3T_BAR
100
AcDbFace
 10
-348.45
 20
-63.56
 30
812.63
 11
-340.81
 21
-63.56
 31
919.73
 12
-333.71
 22
-63.56
 32
812.63
 13
-348.45
 23
-63.56
 33
812.63
 70
     3
  0
3DFACE
  5
B0
330
80
100
AcDbEntity
  8
3T_BAR
100
AcDbFace
 10
-351.72
 20
-63.56
 30
907.27
 11
-350.12
 21
-63.56
 31
913.54
 12
-346.14
 22
-63.56
 32
918.08
 13
-351.72
 23
-63.56
 33
907.27
 70
     4
  0
3DFACE
  5
B1
330
80
100
AcDbEntity
  8
3T_BAR
100
AcDbFace
 10
-340.81
 20
-63.56
 30
919.73
 11
-335.47
 21
-63.56
 31
918.08
 12
-333.71
 22
-63.56
 32
812.63
 13
-340.81
 23
-63.56
 33
919.73
 70
     6
  0
3DFACE
  5
B2
330
80
100
AcDbEntity
  8
3T_BAR
100
AcDbFace
 10
-335.47
 20
-63.56
 30
918.08
 11
-331.49
 21
-63.56
 31
913.54
 12
-329.89
 22
-63.56
 32
907.27
 13
-335.47
 23
-63.56
 33
918.08
 70
     4
  0
3DFACE
  5
B3
330
80
100
AcDbEntity
  8
3T_BAR
100
AcDbFace
 10
-335.47
 20
-63.56
 30
918.08
 11
-329.89
 21
-63.56
 31
907.27
 12
-333.71
 22
-63.56
 32
812.63
 13
-335.47
 23
-63.56
 33
918.08
 70
     5
  0
3DFACE
  5
B4
330
80
100
AcDbEntity
  8
3T_BAR
100
AcDbFace
 10
-329.89
 20
-87.56
 30
907.27
 11
-331.49
 21
-87.56
 31
913.54
 12
-335.47
 22
-87.56
 32
918.08
 13
-329.89
 23
-87.56
 33
907.27
 70
     4
  0
3DFACE
  5
B5
330
80
100
AcDbEntity
  8
3T_BAR
100
AcDbFace
 10
-329.89
 20
-87.56
 30
907.27
 11
-335.47
 21
-87.56
 31
918.08
 12
-333.71
 22
-87.56
 32
812.63
 13
-329.89
 23
-87.56
 33
907.27
 70
     3
  0
3DFACE
  5
B6
330
80
100
AcDbEntity
  8
3T_BAR
100
AcDbFace
 10
-333.71
 20
-87.56
 30
812.63
 11
-335.47
 21
-87.56
 31
918.08
 12
-340.81
 22
-87.56
 32
919.73
 13
-333.71
 23
-87.56
 33
812.63
 70
     5
  0
3DFACE
  5
B7
330
80
100
AcDbEntity
  8
3T_BAR
100
AcDbFace
 10
-333.71
 20
-87.56
 30
812.63
 11
-340.81
 21
-87.56
 31
919.73
 12
-348.45
 22
-87.56
 32
812.63
 13
-333.71
 23
-87.56
 33
812.63
 70
     3
  0
3DFACE
  5
B8
330
80
100
AcDbEntity
  8
3T_BAR
100
AcDbFace
 10
-340.81
 20
-87.56
 30
919.73
 11
-346.14
 21
-87.56
 31
918.08
 12
-348.45
 22
-87.56
 32
812.63
 13
-340.81
 23
-87.56
 33
919.73
 70
     6
  0
3DFACE
  5
B9
330
80
100
AcDbEntity
  8
3T_BAR
100
AcDbFace
 10
-346.14
 20
-87.56
 30
918.08
 11
-350.12
 21
-87.56
 31
913.54
 12
-351.72
 22
-87.56
 32
907.27
 13
-346.14
 23
-87.56
 33
918.08
 70
     4
  0
3DFACE
  5
BA
330
80
100
AcDbEntity
  8
3T_BAR
100
AcDbFace
 10
-346.14
 20
-87.56
 30
918.08
 11
-351.72
 21
-87.56
 31
907.27
 12
-348.45
 22
-87.56
 32
812.63
 13
-346.14
 23
-87.56
 33
918.08
 70
     5
  0
3DFACE
  5
BB
330
80
100
AcDbEntity
  8
3T_BAR
100
AcDbFace
 10
-351.72
 20
80.44
 30
907.27
 11
-351.72
 21
56.44
 31
907.27
 12
-350.12
 22
56.44
 32
913.54
 13
-351.72
 23
80.44
 33
907.27
 70
     4
  0
3DFACE
  5
BC
330
80
100
AcDbEntity
  8
3T_BAR
100
AcDbFace
 10
-351.72
 20
80.44
 30
907.27
 11
-350.12
 21
56.44
 31
913.54
 12
-350.12
 22
80.44
 32
913.54
 13
-351.72
 23
80.44
 33
907.27
 70
     3
  0
3DFACE
  5
BD
330
80
100
AcDbEntity
  8
3T_BAR
100
AcDbFace
 10
-350.12
 20
80.44
 30
913.54
 11
-350.12
 21
56.44
 31
913.54
 12
-346.14
 22
56.44
 32
918.08
 13
-350.12
 23
80.44
 33
913.54
 70
     5
  0
3DFACE
  5
BE
330
80
100
AcDbEntity
  8
3T_BAR
100
AcDbFace
 10
-350.12
 20
80.44
 30
913.54
 11
-346.14
 21
56.44
 31
918.08
 12
-346.14
 22
80.44
 32
918.08
 13
-350.12
 23
80.44
 33
913.54
 70
     3
  0
3DFACE
  5
BF
330
80
100
AcDbEntity
  8
3T_BAR
100
AcDbFace
 10
-346.14
 20
56.44
 30
918.08
 11
-340.81
 21
56.44
 31
919.73
 12
-340.81
 22
80.44
 32
919.73
 13
-346.14
 23
56.44
 33
918.08
 70
     6
  0
3DFACE
  5
C0
330
80
100
AcDbEntity
  8
3T_BAR
100
AcDbFace
 10
-346.14
 20
56.44
 30
918.08
 11
-340.81
 21
80.44
 31
919.73
 12
-346.14
 22
80.44
 32
918.08
 13
-346.14
 23
56.44
 33
918.08
 70
     5
  0
3DFACE
  5
C1
330
80
100
AcDbEntity
  8
3T_BAR
100
AcDbFace
 10
-340.81
 20
56.44
 30
919.73
 11
-335.47
 21
56.44
 31
918.08
 12
-335.47
 22
80.44
 32
918.08
 13
-340.81
 23
56.44
 33
919.73
 70
     6
  0
3DFACE
  5
C2
330
80
100
AcDbEntity
  8
3T_BAR
100
AcDbFace
 10
-340.81
 20
56.44
 30
919.73
 11
-335.47
 21
80.44
 31
918.08
 12
-340.81
 22
80.44
 32
919.73
 13
-340.81
 23
56.44
 33
919.73
 70
     5
  0
3DFACE
  5
C3
330
80
100
AcDbEntity
  8
3T_BAR
100
AcDbFace
 10
-335.47
 20
80.44
 30
918.08
 11
-335.47
 21
56.44
 31
918.08
 12
-331.49
 22
56.44
 32
913.54
 13
-335.47
 23
80.44
 33
918.08
 70
     5
  0
3DFACE
  5
C4
330
80
100
AcDbEntity
  8
3T_BAR
100
AcDbFace
 10
-335.47
 20
80.44
 30
918.08
 11
-331.49
 21
56.44
 31
913.54
 12
-331.49
 22
80.44
 32
913.54
 13
-335.47
 23
80.44
 33
918.08
 70
     3
  0
3DFACE
  5
C5
330
80
100
AcDbEntity
  8
3T_BAR
100
AcDbFace
 10
-331.49
 20
80.44
 30
913.54
 11
-331.49
 21
56.44
 31
913.54
 12
-329.89
 22
56.44
 32
907.27
 13
-331.49
 23
80.44
 33
913.54
 70
     5
  0
3DFACE
  5
C6
330
80
100
AcDbEntity
  8
3T_BAR
100
AcDbFace
 10
-331.49
 20
80.44
 30
913.54
 11
-329.89
 21
56.44
 31
907.27
 12
-329.89
 22
80.44
 32
907.27
 13
-331.49
 23
80.44
 33
913.54
 70
     1
  0
3DFACE
  5
C7
330
80
100
AcDbEntity
  8
3T_BAR
100
AcDbFace
 10
-329.89
 20
56.44
 30
907.27
 11
-333.71
 21
56.44
 31
812.63
 12
-333.71
 22
80.44
 32
812.63
 13
-329.89
 23
56.44
 33
907.27
 70
     4
  0
3DFACE
  5
C8
330
80
100
AcDbEntity
  8
3T_BAR
100
AcDbFace
 10
-329.89
 20
56.44
 30
907.27
 11
-333.71
 21
80.44
 31
812.63
 12
-329.89
 22
80.44
 32
907.27
 13
-329.89
 23
56.44
 33
907.27
 70
     1
  0
3DFACE
  5
C9
330
80
100
AcDbEntity
  8
3T_BAR
100
AcDbFace
 10
-333.71
 20
80.44
 30
812.63
 11
-333.71
 21
56.44
 31
812.63
 12
-348.45
 22
56.44
 32
812.63
 13
-333.71
 23
80.44
 33
812.63
 70
     4
  0
3DFACE
  5
CA
330
80
100
AcDbEntity
  8
3T_BAR
100
AcDbFace
 10
-333.71
 20
80.44
 30
812.63
 11
-348.45
 21
56.44
 31
812.63
 12
-348.45
 22
80.44
 32
812.63
 13
-333.71
 23
80.44
 33
812.63
 70
     1
  0
3DFACE
  5
CB
330
80
100
AcDbEntity
  8
3T_BAR
100
AcDbFace
 10
-348.45
 20
80.44
 30
812.63
 11
-348.45
 21
56.44
 31
812.63
 12
-351.72
 22
56.44
 32
907.27
 13
-348.45
 23
80.44
 33
812.63
 70
     4
  0
3DFACE
  5
CC
330
80
100
AcDbEntity
  8
3T_BAR
100
AcDbFace
 10
-348.45
 20
80.44
 30
812.63
 11
-351.72
 21
56.44
 31
907.27
 12
-351.72
 22
80.44
 32
907.27
 13
-348.45
 23
80.44
 33
812.63
 70
     1
  0
3DFACE
  5
CD
330
80
100
AcDbEntity
  8
3T_BAR
100
AcDbFace
 10
-348.45
 20
80.44
 30
812.63
 11
-351.72
 21
80.44
 31
907.27
 12
-346.14
 22
80.44
 32
918.08
 13
-348.45
 23
80.44
 33
812.63
 70
     6
  0
3DFACE
  5
CE
330
80
100
AcDbEntity
  8
3T_BAR
100
AcDbFace
 10
-348.45
 20
80.44
 30
812.63
 11
-346.14
 21
80.44
 31
918.08
 12
-340.81
 22
80.44
 32
919.73
 13
-348.45
 23
80.44
 33
812.63
 70
     5
  0
3DFACE
  5
CF
330
80
100
AcDbEntity
  8
3T_BAR
100
AcDbFace
 10
-348.45
 20
80.44
 30
812.63
 11
-340.81
 21
80.44
 31
919.73
 12
-333.71
 22
80.44
 32
812.63
 13
-348.45
 23
80.44
 33
812.63
 70
     3
  0
3DFACE
  5
D0
330
80
100
AcDbEntity
  8
3T_BAR
100
AcDbFace
 10
-351.72
 20
80.44
 30
907.27
 11
-350.12
 21
80.44
 31
913.54
 12
-346.14
 22
80.44
 32
918.08
 13
-351.72
 23
80.44
 33
907.27
 70
     4
  0
3DFACE
  5
D1
330
80
100
AcDbEntity
  8
3T_BAR
100
AcDbFace
 10
-340.81
 20
80.44
 30
919.73
 11
-335.47
 21
80.44
 31
918.08
 12
-333.71
 22
80.44
 32
812.63
 13
-340.81
 23
80.44
 33
919.73
 70
     6
  0
3DFACE
  5
D2
330
80
100
AcDbEntity
  8
3T_BAR
100
AcDbFace
 10
-335.47
 20
80.44
 30
918.08
 11
-331.49
 21
80.44
 31
913.54
 12
-329.89
 22
80.44
 32
907.27
 13
-335.47
 23
80.44
 33
918.08
 70
     4
  0
3DFACE
  5
D3
330
80
100
AcDbEntity
  8
3T_BAR
100
AcDbFace
 10
-335.47
 20
80.44
 30
918.08
 11
-329.89
 21
80.44
 31
907.27
 12
-333.71
 22
80.44
 32
812.63
 13
-335.47
 23
80.44
 33
918.08
 70
     5
  0
3DFACE
  5
D4
330
80
100
AcDbEntity
  8
3T_BAR
100
AcDbFace
 10
-329.89
 20
56.44
 30
907.27
 11
-331.49
 21
56.44
 31
913.54
 12
-335.47
 22
56.44
 32
918.08
 13
-329.89
 23
56.44
 33
907.27
 70
     4
  0
3DFACE
  5
D5
330
80
100
AcDbEntity
  8
3T_BAR
100
AcDbFace
 10
-329.89
 20
56.44
 30
907.27
 11
-335.47
 21
56.44
 31
918.08
 12
-333.71
 22
56.44
 32
812.63
 13
-329.89
 23
56.44
 33
907.27
 70
     3
  0
3DFACE
  5
D6
330
80
100
AcDbEntity
  8
3T_BAR
100
AcDbFace
 10
-333.71
 20
56.44
 30
812.63
 11
-335.47
 21
56.44
 31
918.08
 12
-340.81
 22
56.44
 32
919.73
 13
-333.71
 23
56.44
 33
812.63
 70
     5
  0
3DFACE
  5
D7
330
80
100
AcDbEntity
  8
3T_BAR
100
AcDbFace
 10
-333.71
 20
56.44
 30
812.63
 11
-340.81
 21
56.44
 31
919.73
 12
-348.45
 22
56.44
 32
812.63
 13
-333.71
 23
56.44
 33
812.63
 70
     3
  0
3DFACE
  5
D8
330
80
100
AcDbEntity
  8
3T_BAR
100
AcDbFace
 10
-340.81
 20
56.44
 30
919.73
 11
-346.14
 21
56.44
 31
918.08
 12
-348.45
 22
56.44
 32
812.63
 13
-340.81
 23
56.44
 33
919.73
 70
     6
  0
3DFACE
  5
D9
330
80
100
AcDbEntity
  8
3T_BAR
100
AcDbFace
 10
-346.14
 20
56.44
 30
918.08
 11
-350.12
 21
56.44
 31
913.54
 12
-351.72
 22
56.44
 32
907.27
 13
-346.14
 23
56.44
 33
918.08
 70
     4
  0
3DFACE
  5
DA
330
80
100
AcDbEntity
  8
3T_BAR
100
AcDbFace
 10
-346.14
 20
56.44
 30
918.08
 11
-351.72
 21
56.44
 31
907.27
 12
-348.45
 22
56.44
 32
812.63
 13
-346.14
 23
56.44
 33
918.08
 70
     5
  0
3DFACE
  5
DB
330
80
100
AcDbEntity
  8
3T_WOOD
100
AcDbFace
 10
409.41
 20
10.0
 30
2055.56
 11
-411.02
 21
10.0
 31
2055.56
 12
-411.02
 22
10.0
 32
1.21
 13
409.41
 23
10.0
 33
1.21
  0
ENDBLK
  5
DC
330
80
100
AcDbEntity
  8
0
100
AcDbBlockEnd
  0
BLOCK
  5
79
330
77
100
AcDbEntity
  8
0
100
AcDbBlockBegin
  2
$DorLib2D$00000001
 70
     0
 10
0.0
 20
0.0
 30
0.0
  3
$DorLib2D$00000001
  1

  0
LINE
  5
7A
330
77
100
AcDbEntity
  8
0
100
AcDbLine
 10
0.45
 20
0.98
 30
0.0
 11
0.5
 21
0.98
 31
0.0
  0
LINE
  5
7B
330
77
100
AcDbEntity
  8
0
100
AcDbLine
 10
0.5
 20
0.0
 30
0.0
 11
0.45
 21
0.0
 31
0.0
  0
ARC
  5
7C
330
77
100
AcDbEntity
  8
0
370
    13
100
AcDbCircle
 10
0.48
 20
0.0
 30
0.0
 40
0.975
100
AcDbArc
 50
91.47
 51
180.0
  0
LINE
  5
7D
330
77
100
AcDbEntity
  8
0
100
AcDbLine
 10
0.5
 20
0.0
 30
0.0
 11
0.5
 21
0.98
 31
0.0
  0
LINE
  5
7E
330
77
100
AcDbEntity
  8
0
100
AcDbLine
 10
0.45
 20
0.0
 30
0.0
 11
0.45
 21
0.98
 31
0.0
  0
ENDBLK
  5
7F
330
77
100
AcDbEntity
  8
0
100
AcDbBlockEnd
  0
BLOCK
  5
30
330
2F
100
AcDbEntity
  8
0
100
AcDbBlockBegin
  2
$TCHSYS$WIN2D
 70
     0
 10
0.0
 20
0.0
 30
0.0
  3
$TCHSYS$WIN2D
  1

  0
LINE
  5
31
330
2F
100
AcDbEntity
  8
0
100
AcDbLine
 10
-0.5
 20
0.5
 30
0.0
 11
0.5
 21
0.5
 31
0.0
  0
LINE
  5
32
330
2F
100
AcDbEntity
  8
0
100
AcDbLine
 10
-0.5
 20
-0.5
 30
0.0
 11
0.5
 21
-0.5
 31
0.0
  0
LINE
  5
33
330
2F
100
AcDbEntity
  8
0
100
AcDbLine
 10
0.5
 20
-0.17
 30
0.0
 11
-0.5
 21
-0.17
 31
0.0
  0
LINE
  5
34
330
2F
100
AcDbEntity
  8
0
100
AcDbLine
 10
0.5
 20
0.17
 30
0.0
 11
-0.5
 21
0.17
 31
0.0
  0
LINE
  5
35
330
2F
100
AcDbEntity
  8
0
100
AcDbLine
 10
-0.5
 20
0.5
 30
0.0
 11
-0.5
 21
-0.5
 31
0.0
  0
LINE
  5
36
330
2F
100
AcDbEntity
  8
0
100
AcDbLine
 10
0.5
 20
0.5
 30
0.0
 11
0.5
 21
-0.5
 31
0.0
  0
ENDBLK
  5
37
330
2F
100
AcDbEntity
  8
0
100
AcDbBlockEnd
  0
BLOCK
  5
39
330
38
100
AcDbEntity
  8
0
100
AcDbBlockBegin
  2
$TCHSYS$WIN3D
 70
     0
 10
0.0
 20
0.0
 30
0.0
  3
$TCHSYS$WIN3D
  1

  0
3DFACE
  5
3A
330
38
100
AcDbEntity
  8
3T_BAR
100
AcDbFace
 10
580.0
 20
25.0
 30
1780.0
 11
530.0
 21
25.0
 31
1720.0
 12
50.0
 22
25.0
 32
1720.0
 13
0.0
 23
25.0
 33
1780.0
 70
     5
  0
3DFACE
  5
3C
330
38
100
AcDbEntity
  8
3T_BAR
100
AcDbFace
 10
50.0
 20
-25.0
 30
1720.0
 11
530.0
 21
-25.0
 31
1720.0
 12
580.0
 22
-25.0
 32
1780.0
 13
0.0
 23
-25.0
 33
1780.0
 70
    10
  0
3DFACE
  5
3D
330
38
100
AcDbEntity
  8
3T_BAR
100
AcDbFace
 10
600.0
 20
25.0
 30
1800.0
 11
580.0
 21
25.0
 31
1780.0
 12
-580.0
 22
25.0
 32
1780.0
 13
-600.0
 23
25.0
 33
1800.0
 70
     5
  0
3DFACE
  5
3E
330
38
100
AcDbEntity
  8
3T_BAR
100
AcDbFace
 10
-580.0
 20
-25.0
 30
1780.0
 11
580.0
 21
-25.0
 31
1780.0
 12
600.0
 22
-25.0
 32
1800.0
 13
-600.0
 23
-25.0
 33
1800.0
 70
    10
  0
3DFACE
  5
3F
330
38
100
AcDbEntity
  8
3T_BAR
100
AcDbFace
 10
-580.0
 20
-25.0
 30
1780.0
 11
-580.0
 21
25.0
 31
1780.0
 12
580.0
 22
25.0
 32
1780.0
 13
580.0
 23
-25.0
 33
1780.0
  0
3DFACE
  5
40
330
38
100
AcDbEntity
  8
3T_BAR
100
AcDbFace
 10
0.0
 20
25.0
 30
20.0
 11
50.0
 21
25.0
 31
80.0
 12
530.0
 22
25.0
 32
80.0
 13
580.0
 23
25.0
 33
20.0
 70
     5
  0
3DFACE
  5
41
330
38
100
AcDbEntity
  8
3T_BAR
100
AcDbFace
 10
0.0
 20
-25.0
 30
20.0
 11
580.0
 21
-25.0
 31
20.0
 12
530.0
 22
-25.0
 32
80.0
 13
50.0
 23
-25.0
 33
80.0
 70
    10
  0
3DFACE
  5
42
330
38
100
AcDbEntity
  8
3T_BAR
100
AcDbFace
 10
-600.0
 20
25.0
 30
0.0
 11
-580.0
 21
25.0
 31
20.0
 12
580.0
 22
25.0
 32
20.0
 13
600.0
 23
25.0
 33
0.0
 70
     5
  0
3DFACE
  5
43
330
38
100
AcDbEntity
  8
3T_BAR
100
AcDbFace
 10
-600.0
 20
-25.0
 30
0.0
 11
600.0
 21
-25.0
 31
0.0
 12
580.0
 22
-25.0
 32
20.0
 13
-580.0
 23
-25.0
 33
20.0
 70
    10
  0
3DFACE
  5
44
330
38
100
AcDbEntity
  8
3T_BAR
100
AcDbFace
 10
-580.0
 20
-25.0
 30
20.0
 11
580.0
 21
-25.0
 31
20.0
 12
580.0
 22
25.0
 32
20.0
 13
-580.0
 23
25.0
 33
20.0
  0
3DFACE
  5
45
330
38
100
AcDbEntity
  8
3T_BAR
100
AcDbFace
 10
0.0
 20
25.0
 30
1780.0
 11
50.0
 21
25.0
 31
1720.0
 12
50.0
 22
25.0
 32
80.0
 13
0.0
 23
25.0
 33
20.0
 70
     5
  0
3DFACE
  5
46
330
38
100
AcDbEntity
  8
3T_BAR
100
AcDbFace
 10
50.0
 20
-25.0
 30
80.0
 11
50.0
 21
-25.0
 31
1720.0
 12
0.0
 22
-25.0
 32
1780.0
 13
0.0
 23
-25.0
 33
20.0
 70
    10
  0
3DFACE
  5
47
330
38
100
AcDbEntity
  8
3T_GLASS
100
AcDbFace
 10
-529.34
 20
-15.0
 30
39.86
 11
-529.34
 21
-15.0
 31
1701.4
 12
530.7
 22
-15.0
 32
1701.4
 13
530.7
 23
-15.0
 33
39.86
  0
3DFACE
  5
49
330
38
100
AcDbEntity
  8
3T_BAR
100
AcDbFace
 10
-530.0
 20
-25.0
 30
1720.0
 11
-530.0
 21
25.0
 31
1720.0
 12
-50.0
 22
25.0
 32
1720.0
 13
-50.0
 23
-25.0
 33
1720.0
  0
3DFACE
  5
4A
330
38
100
AcDbEntity
  8
3T_BAR
100
AcDbFace
 10
-530.0
 20
-25.0
 30
80.0
 11
-50.0
 21
-25.0
 31
80.0
 12
-50.0
 22
25.0
 32
80.0
 13
-530.0
 23
25.0
 33
80.0
  0
LINE
  5
4B
330
38
100
AcDbEntity
  8
3T_BAR
100
AcDbLine
 10
-600.0
 20
0.5
 30
0.0
 11
-600.0
 21
-0.5
 31
0.0
  0
3DFACE
  5
4C
330
38
100
AcDbEntity
  8
3T_BAR
100
AcDbFace
 10
0.0
 20
25.0
 30
20.0
 11
0.0
 21
-25.0
 31
20.0
 12
0.0
 22
-25.0
 32
1780.0
 13
0.0
 23
25.0
 33
1780.0
  0
3DFACE
  5
4D
330
38
100
AcDbEntity
  8
3T_BAR
100
AcDbFace
 10
0.0
 20
-25.0
 30
20.0
 11
0.0
 21
25.0
 31
20.0
 12
0.0
 22
25.0
 32
1780.0
 13
0.0
 23
-25.0
 33
1780.0
  0
3DFACE
  5
4E
330
38
100
AcDbEntity
  8
3T_BAR
100
AcDbFace
 10
-580.0
 20
25.0
 30
20.0
 11
-580.0
 21
-25.0
 31
20.0
 12
-580.0
 22
-25.0
 32
1780.0
 13
-580.0
 23
25.0
 33
1780.0
  0
3DFACE
  5
4F
330
38
100
AcDbEntity
  8
3T_BAR
100
AcDbFace
 10
-50.0
 20
-25.0
 30
80.0
 11
-50.0
 21
-25.0
 31
1720.0
 12
-50.0
 22
25.0
 32
1720.0
 13
-50.0
 23
25.0
 33
80.0
  0
3DFACE
  5
50
330
38
100
AcDbEntity
  8
3T_BAR
100
AcDbFace
 10
-530.0
 20
-25.0
 30
80.0
 11
-530.0
 21
25.0
 31
80.0
 12
-530.0
 22
25.0
 32
1720.0
 13
-530.0
 23
-25.0
 33
1720.0
  0
3DFACE
  5
51
330
38
100
AcDbEntity
  8
3T_BAR
100
AcDbFace
 10
-600.0
 20
25.0
 30
0.0
 11
-600.0
 21
-25.0
 31
0.0
 12
-600.0
 22
-25.0
 32
1800.0
 13
-600.0
 23
25.0
 33
1800.0
  0
3DFACE
  5
52
330
38
100
AcDbEntity
  8
3T_BAR
100
AcDbFace
 10
-580.0
 20
-25.0
 30
20.0
 11
-580.0
 21
25.0
 31
20.0
 12
-580.0
 22
25.0
 32
1780.0
 13
-580.0
 23
-25.0
 33
1780.0
  0
3DFACE
  5
53
330
38
100
AcDbEntity
  8
3T_BAR
100
AcDbFace
 10
-530.0
 20
-25.0
 30
80.0
 11
-530.0
 21
-25.0
 31
1720.0
 12
-580.0
 22
-25.0
 32
1780.0
 13
-580.0
 23
-25.0
 33
20.0
 70
    10
  0
3DFACE
  5
54
330
38
100
AcDbEntity
  8
3T_BAR
100
AcDbFace
 10
0.0
 20
-25.0
 30
20.0
 11
0.0
 21
-25.0
 31
1780.0
 12
-50.0
 22
-25.0
 32
1720.0
 13
-50.0
 23
-25.0
 33
80.0
 70
    10
  0
3DFACE
  5
55
330
38
100
AcDbEntity
  8
3T_BAR
100
AcDbFace
 10
-580.0
 20
-25.0
 30
20.0
 11
-580.0
 21
-25.0
 31
1780.0
 12
-600.0
 22
-25.0
 32
1800.0
 13
-600.0
 23
-25.0
 33
0.0
 70
    10
  0
3DFACE
  5
56
330
38
100
AcDbEntity
  8
3T_BAR
100
AcDbFace
 10
-580.0
 20
-25.0
 30
20.0
 11
0.0
 21
-25.0
 31
20.0
 12
-50.0
 22
-25.0
 32
80.0
 13
-530.0
 23
-25.0
 33
80.0
 70
    10
  0
3DFACE
  5
57
330
38
100
AcDbEntity
  8
3T_BAR
100
AcDbFace
 10
-530.0
 20
-25.0
 30
1720.0
 11
-50.0
 21
-25.0
 31
1720.0
 12
0.0
 22
-25.0
 32
1780.0
 13
-580.0
 23
-25.0
 33
1780.0
 70
    10
  0
3DFACE
  5
58
330
38
100
AcDbEntity
  8
3T_BAR
100
AcDbFace
 10
-580.0
 20
25.0
 30
1780.0
 11
-530.0
 21
25.0
 31
1720.0
 12
-530.0
 22
25.0
 32
80.0
 13
-580.0
 23
25.0
 33
20.0
 70
     5
  0
3DFACE
  5
59
330
38
100
AcDbEntity
  8
3T_BAR
100
AcDbFace
 10
0.0
 20
25.0
 30
20.0
 11
-50.0
 21
25.0
 31
80.0
 12
-50.0
 22
25.0
 32
1720.0
 13
0.0
 23
25.0
 33
1780.0
 70
     5
  0
3DFACE
  5
5A
330
38
100
AcDbEntity
  8
3T_BAR
100
AcDbFace
 10
-600.0
 20
25.0
 30
1800.0
 11
-580.0
 21
25.0
 31
1780.0
 12
-580.0
 22
25.0
 32
20.0
 13
-600.0
 23
25.0
 33
0.0
 70
     5
  0
3DFACE
  5
5B
330
38
100
AcDbEntity
  8
3T_BAR
100
AcDbFace
 10
-580.0
 20
25.0
 30
20.0
 11
-530.0
 21
25.0
 31
80.0
 12
-50.0
 22
25.0
 32
80.0
 13
0.0
 23
25.0
 33
20.0
 70
     5
  0
3DFACE
  5
5C
330
38
100
AcDbEntity
  8
3T_BAR
100
AcDbFace
 10
0.0
 20
25.0
 30
1780.0
 11
-50.0
 21
25.0
 31
1720.0
 12
-530.0
 22
25.0
 32
1720.0
 13
-580.0
 23
25.0
 33
1780.0
 70
     5
  0
3DFACE
  5
5D
330
38
100
AcDbEntity
  8
3T_BAR
100
AcDbFace
 10
50.0
 20
-25.0
 30
1720.0
 11
50.0
 21
25.0
 31
1720.0
 12
530.0
 22
25.0
 32
1720.0
 13
530.0
 23
-25.0
 33
1720.0
  0
3DFACE
  5
5E
330
38
100
AcDbEntity
  8
3T_BAR
100
AcDbFace
 10
50.0
 20
-25.0
 30
80.0
 11
530.0
 21
-25.0
 31
80.0
 12
530.0
 22
25.0
 32
80.0
 13
50.0
 23
25.0
 33
80.0
  0
3DFACE
  5
5F
330
38
100
AcDbEntity
  8
3T_BAR
100
AcDbFace
 10
580.0
 20
-25.0
 30
20.0
 11
580.0
 21
25.0
 31
20.0
 12
580.0
 22
25.0
 32
1780.0
 13
580.0
 23
-25.0
 33
1780.0
  0
3DFACE
  5
60
330
38
100
AcDbEntity
  8
3T_BAR
100
AcDbFace
 10
530.0
 20
-25.0
 30
80.0
 11
530.0
 21
-25.0
 31
1720.0
 12
530.0
 22
25.0
 32
1720.0
 13
530.0
 23
25.0
 33
80.0
  0
3DFACE
  5
61
330
38
100
AcDbEntity
  8
3T_BAR
100
AcDbFace
 10
50.0
 20
-25.0
 30
80.0
 11
50.0
 21
25.0
 31
80.0
 12
50.0
 22
25.0
 32
1720.0
 13
50.0
 23
-25.0
 33
1720.0
  0
3DFACE
  5
62
330
38
100
AcDbEntity
  8
3T_BAR
100
AcDbFace
 10
600.0
 20
-25.0
 30
0.0
 11
600.0
 21
25.0
 31
0.0
 12
600.0
 22
25.0
 32
1800.0
 13
600.0
 23
-25.0
 33
1800.0
  0
3DFACE
  5
63
330
38
100
AcDbEntity
  8
3T_BAR
100
AcDbFace
 10
580.0
 20
-25.0
 30
20.0
 11
580.0
 21
-25.0
 31
1780.0
 12
580.0
 22
25.0
 32
1780.0
 13
580.0
 23
25.0
 33
20.0
  0
3DFACE
  5
64
330
38
100
AcDbEntity
  8
3T_BAR
100
AcDbFace
 10
580.0
 20
-25.0
 30
20.0
 11
580.0
 21
-25.0
 31
1780.0
 12
530.0
 22
-25.0
 32
1720.0
 13
530.0
 23
-25.0
 33
80.0
 70
    10
  0
3DFACE
  5
65
330
38
100
AcDbEntity
  8
3T_BAR
100
AcDbFace
 10
600.0
 20
-25.0
 30
0.0
 11
600.0
 21
-25.0
 31
1800.0
 12
580.0
 22
-25.0
 32
1780.0
 13
580.0
 23
-25.0
 33
20.0
 70
    10
  0
3DFACE
  5
66
330
38
100
AcDbEntity
  8
3T_BAR
100
AcDbFace
 10
580.0
 20
25.0
 30
20.0
 11
530.0
 21
25.0
 31
80.0
 12
530.0
 22
25.0
 32
1720.0
 13
580.0
 23
25.0
 33
1780.0
 70
     5
  0
3DFACE
  5
67
330
38
100
AcDbEntity
  8
3T_BAR
100
AcDbFace
 10
600.0
 20
25.0
 30
0.0
 11
580.0
 21
25.0
 31
20.0
 12
580.0
 22
25.0
 32
1780.0
 13
600.0
 23
25.0
 33
1800.0
 70
     5
  0
ENDBLK
  5
68
330
38
100
AcDbEntity
  8
0
100
AcDbBlockEnd
  0
BLOCK
  5
E8
330
E6
100
AcDbEntity
  8
0
100
AcDbBlockBegin
  2
$DorLib2D$00000002
 70
     0
 10
0.0
 20
0.0
 30
0.0
  3
$DorLib2D$00000002
  1

  0
LINE
  5
E9
330
E6
100
AcDbEntity
  8
0
100
AcDbLine
 10
-0.5
 20
0.0
 30
0.0
 11
-0.5
 21
0.49
 31
0.0
  0
LINE
  5
EA
330
E6
100
AcDbEntity
  8
0
100
AcDbLine
 10
-0.48
 20
0.0
 30
0.0
 11
-0.48
 21
0.49
 31
0.0
  0
LINE
  5
EB
330
E6
100
AcDbEntity
  8
0
100
AcDbLine
 10
-0.5
 20
0.0
 30
0.0
 11
-0.48
 21
0.0
 31
0.0
  0
LINE
  5
EC
330
E6
100
AcDbEntity
  8
0
100
AcDbLine
 10
-0.48
 20
0.49
 30
0.0
 11
-0.5
 21
0.49
 31
0.0
  0
ARC
  5
ED
330
E6
100
AcDbEntity
  8
0
370
    13
100
AcDbCircle
 10
-0.49
 20
0.0
 30
0.0
 40
0.4875
100
AcDbArc
 50
0.0
 51
88.53
  0
ARC
  5
EE
330
E6
100
AcDbEntity
  8
0
370
    13
100
AcDbCircle
 10
0.49
 20
0.0
 30
0.0
 40
0.4875
100
AcDbArc
 50
91.47
 51
180.0
  0
LINE
  5
EF
330
E6
100
AcDbEntity
  8
0
100
AcDbLine
 10
0.48
 20
0.0
 30
0.0
 11
0.48
 21
0.49
 31
0.0
  0
LINE
  5
F0
330
E6
100
AcDbEntity
  8
0
100
AcDbLine
 10
0.5
 20
0.0
 30
0.0
 11
0.5
 21
0.49
 31
0.0
  0
LINE
  5
F1
330
E6
100
AcDbEntity
  8
0
100
AcDbLine
 10
0.48
 20
0.49
 30
0.0
 11
0.5
 21
0.49
 31
0.0
  0
LINE
  5
F2
330
E6
100
AcDbEntity
  8
0
100
AcDbLine
 10
0.5
 20
0.0
 30
0.0
 11
0.48
 21
0.0
 31
0.0
  0
ENDBLK
  5
F3
330
E6
100
AcDbEntity
  8
0
100
AcDbBlockEnd
  0
BLOCK
  5
190
330
18F
100
AcDbEntity
  8
0
100
AcDbBlockBegin
  2
*D9
 70
     1
 10
0.0
 20
0.0
 30
0.0
  3
*D9
  1

  0
LINE
  5
191
330
18F
100
AcDbEntity
  8
HT-A-AXIS-F01-NEW
 62
     0
440
 16777216
370
    -2
100
AcDbLine
 10
91097.07
 20
-749.51
 30
0.0
 11
93547.07
 21
-749.51
 31
0.0
  0
LINE
  5
192
330
18F
100
AcDbEntity
  8
HT-A-AXIS-F01-NEW
 62
     0
440
 16777216
370
    -2
100
AcDbLine
 10
91097.07
 20
750.49
 30
0.0
 11
93547.07
 21
750.49
 31
0.0
  0
LINE
  5
193
330
18F
100
AcDbEntity
  8
HT-A-AXIS-F01-NEW
 62
     0
440
 16777216
370
    -2
100
AcDbLine
 10
93297.07
 20
-749.51
 30
0.0
 11
93297.07
 21
750.49
 31
0.0
  0
INSERT
  5
194
330
18F
100
AcDbEntity
  8
HT-A-AXIS-F01-NEW
 62
     0
440
 16777216
370
    -2
100
AcDbBlockReference
  2
_ArchTick
 10
93297.07
 20
-749.51
 30
0.0
 41
100.0
 42
100.0
 43
100.0
 50
270.0
  0
INSERT
  5
199
330
18F
100
AcDbEntity
  8
HT-A-AXIS-F01-NEW
 62
     0
440
 16777216
370
    -2
100
AcDbBlockReference
  2
_ArchTick
 10
93297.07
 20
750.49
 30
0.0
 41
100.0
 42
100.0
 43
100.0
 50
90.0
  0
MTEXT
  5
19A
330
18F
100
AcDbEntity
  8
HT-A-AXIS-F01-NEW
 62
     7
440
 16777216
100
AcDbMText
 10
93022.07
 20
0.49
 30
0.0
 40
297.5
 41
0.0
 46
0.0
 71
     5
 72
     1
  1
\A1;1500
  7
_TCH_DIM_T3
 11
0.0
 21
1.0
 31
0.0
 73
     1
 44
1.0
  0
POINT
  5
19C
330
18F
100
AcDbEntity
  8
Defpoints
 62
     0
440
 16777216
100
AcDbPoint
 10
90797.07
 20
-749.51
 30
0.0
  0
POINT
  5
19E
330
18F
100
AcDbEntity
  8
Defpoints
 62
     0
440
 16777216
100
AcDbPoint
 10
90797.07
 20
750.49
 30
0.0
  0
POINT
  5
19F
330
18F
100
AcDbEntity
  8
Defpoints
 62
     0
440
 16777216
100
AcDbPoint
 10
93297.07
 20
750.49
 30
0.0
  0
ENDBLK
  5
1A0
330
18F
100
AcDbEntity
  8
0
100
AcDbBlockEnd
  0
BLOCK
  5
1A4
330
1A3
100
AcDbEntity
  8
0
100
AcDbBlockBegin
  2
*D10
 70
     1
 10
0.0
 20
0.0
 30
0.0
  3
*D10
  1

  0
LINE
  5
1A5
330
1A3
100
AcDbEntity
  8
HT-A-AXIS-F01-NEW
 62
     0
440
 16777216
370
    -2
100
AcDbLine
 10
91097.07
 20
750.49
 30
0.0
 11
93547.07
 21
750.49
 31
0.0
  0
LINE
  5
1A6
330
1A3
100
AcDbEntity
  8
HT-A-AXIS-F01-NEW
 62
     0
440
 16777216
370
    -2
100
AcDbLine
 10
91097.07
 20
4950.49
 30
0.0
 11
93547.07
 21
4950.49
 31
0.0
  0
LINE
  5
1A7
330
1A3
100
AcDbEntity
  8
HT-A-AXIS-F01-NEW
 62
     0
440
 16777216
370
    -2
100
AcDbLine
 10
93297.07
 20
750.49
 30
0.0
 11
93297.07
 21
4950.49
 31
0.0
  0
INSERT
  5
1A8
330
1A3
100
AcDbEntity
  8
HT-A-AXIS-F01-NEW
 62
     0
440
 16777216
370
    -2
100
AcDbBlockReference
  2
_ArchTick
 10
93297.07
 20
750.49
 30
0.0
 41
100.0
 42
100.0
 43
100.0
 50
270.0
  0
INSERT
  5
1A9
330
1A3
100
AcDbEntity
  8
HT-A-AXIS-F01-NEW
 62
     0
440
 16777216
370
    -2
100
AcDbBlockReference
  2
_ArchTick
 10
93297.07
 20
4950.49
 30
0.0
 41
100.0
 42
100.0
 43
100.0
 50
90.0
  0
MTEXT
  5
1AA
330
1A3
100
AcDbEntity
  8
HT-A-AXIS-F01-NEW
 62
     7
440
 16777216
100
AcDbMText
 10
93022.07
 20
2850.49
 30
0.0
 40
297.5
 41
0.0
 46
0.0
 71
     5
 72
     1
  1
\A1;4200
  7
_TCH_DIM_T3
 11
0.0
 21
1.0
 31
0.0
 73
     1
 44
1.0
  0
POINT
  5
1AB
330
1A3
100
AcDbEntity
  8
Defpoints
 62
     0
440
 16777216
100
AcDbPoint
 10
90797.07
 20
750.49
 30
0.0
  0
POINT
  5
1AC
330
1A3
100
AcDbEntity
  8
Defpoints
 62
     0
440
 16777216
100
AcDbPoint
 10
90797.07
 20
4950.49
 30
0.0
  0
POINT
  5
1AD
330
1A3
100
AcDbEntity
  8
Defpoints
 62
     0
440
 16777216
100
AcDbPoint
 10
93297.07
 20
4950.49
 30
0.0
  0
ENDBLK
  5
1AE
330
1A3
100
AcDbEntity
  8
0
100
AcDbBlockEnd
  0
BLOCK
  5
1B1
330
1B0
100
AcDbEntity
  8
0
100
AcDbBlockBegin
  2
*D11
 70
     1
 10
0.0
 20
0.0
 30
0.0
  3
*D11
  1

  0
LINE
  5
1B2
330
1B0
100
AcDbEntity
  8
HT-A-AXIS-F01-NEW
 62
     0
440
 16777216
370
    -2
100
AcDbLine
 10
91097.07
 20
4950.49
 30
0.0
 11
93547.07
 21
4950.49
 31
0.0
  0
LINE
  5
1B3
330
1B0
100
AcDbEntity
  8
HT-A-AXIS-F01-NEW
 62
     0
440
 16777216
370
    -2
100
AcDbLine
 10
91097.07
 20
6750.49
 30
0.0
 11
93547.07
 21
6750.49
 31
0.0
  0
LINE
  5
1B4
330
1B0
100
AcDbEntity
  8
HT-A-AXIS-F01-NEW
 62
     0
440
 16777216
370
    -2
100
AcDbLine
 10
93297.07
 20
4950.49
 30
0.0
 11
93297.07
 21
6750.49
 31
0.0
  0
INSERT
  5
1B5
330
1B0
100
AcDbEntity
  8
HT-A-AXIS-F01-NEW
 62
     0
440
 16777216
370
    -2
100
AcDbBlockReference
  2
_ArchTick
 10
93297.07
 20
4950.49
 30
0.0
 41
100.0
 42
100.0
 43
100.0
 50
270.0
  0
INSERT
  5
1B6
330
1B0
100
AcDbEntity
  8
HT-A-AXIS-F01-NEW
 62
     0
440
 16777216
370
    -2
100
AcDbBlockReference
  2
_ArchTick
 10
93297.07
 20
6750.49
 30
0.0
 41
100.0
 42
100.0
 43
100.0
 50
90.0
  0
MTEXT
  5
1B7
330
1B0
100
AcDbEntity
  8
HT-A-AXIS-F01-NEW
 62
     7
440
 16777216
100
AcDbMText
 10
93022.07
 20
5850.49
 30
0.0
 40
297.5
 41
0.0
 46
0.0
 71
     5
 72
     1
  1
\A1;1800
  7
_TCH_DIM_T3
 11
0.0
 21
1.0
 31
0.0
 73
     1
 44
1.0
  0
POINT
  5
1B8
330
1B0
100
AcDbEntity
  8
Defpoints
 62
     0
440
 16777216
100
AcDbPoint
 10
90797.07
 20
4950.49
 30
0.0
  0
POINT
  5
1B9
330
1B0
100
AcDbEntity
  8
Defpoints
 62
     0
440
 16777216
100
AcDbPoint
 10
90797.07
 20
6750.49
 30
0.0
  0
POINT
  5
1BA
330
1B0
100
AcDbEntity
  8
Defpoints
 62
     0
440
 16777216
100
AcDbPoint
 10
93297.07
 20
6750.49
 30
0.0
  0
ENDBLK
  5
1BB
330
1B0
100
AcDbEntity
  8
0
100
AcDbBlockEnd
  0
BLOCK
  5
1BE
330
1BD
100
AcDbEntity
  8
0
100
AcDbBlockBegin
  2
*D12
 70
     1
 10
0.0
 20
0.0
 30
0.0
  3
*D12
  1

  0
LINE
  5
1BF
330
1BD
100
AcDbEntity
  8
HT-A-AXIS-F01-NEW
 62
     0
440
 16777216
370
    -2
100
AcDbLine
 10
91097.07
 20
6750.49
 30
0.0
 11
93547.07
 21
6750.49
 31
0.0
  0
LINE
  5
1C0
330
1BD
100
AcDbEntity
  8
HT-A-AXIS-F01-NEW
 62
     0
440
 16777216
370
    -2
100
AcDbLine
 10
91097.07
 20
10350.49
 30
0.0
 11
93547.07
 21
10350.49
 31
0.0
  0
LINE
  5
1C1
330
1BD
100
AcDbEntity
  8
HT-A-AXIS-F01-NEW
 62
     0
440
 16777216
370
    -2
100
AcDbLine
 10
93297.07
 20
6750.49
 30
0.0
 11
93297.07
 21
10350.49
 31
0.0
  0
INSERT
  5
1C2
330
1BD
100
AcDbEntity
  8
HT-A-AXIS-F01-NEW
 62
     0
440
 16777216
370
    -2
100
AcDbBlockReference
  2
_ArchTick
 10
93297.07
 20
6750.49
 30
0.0
 41
100.0
 42
100.0
 43
100.0
 50
270.0
  0
INSERT
  5
1C3
330
1BD
100
AcDbEntity
  8
HT-A-AXIS-F01-NEW
 62
     0
440
 16777216
370
    -2
100
AcDbBlockReference
  2
_ArchTick
 10
93297.07
 20
10350.49
 30
0.0
 41
100.0
 42
100.0
 43
100.0
 50
90.0
  0
MTEXT
  5
1C4
330
1BD
100
AcDbEntity
  8
HT-A-AXIS-F01-NEW
 62
     7
440
 16777216
100
AcDbMText
 10
93022.07
 20
8550.49
 30
0.0
 40
297.5
 41
0.0
 46
0.0
 71
     5
 72
     1
  1
\A1;3600
  7
_TCH_DIM_T3
 11
0.0
 21
1.0
 31
0.0
 73
     1
 44
1.0
  0
POINT
  5
1C5
330
1BD
100
AcDbEntity
  8
Defpoints
 62
     0
440
 16777216
100
AcDbPoint
 10
90797.07
 20
6750.49
 30
0.0
  0
POINT
  5
1C6
330
1BD
100
AcDbEntity
  8
Defpoints
 62
     0
440
 16777216
100
AcDbPoint
 10
90797.07
 20
10350.49
 30
0.0
  0
POINT
  5
1C7
330
1BD
100
AcDbEntity
  8
Defpoints
 62
     0
440
 16777216
100
AcDbPoint
 10
93297.07
 20
10350.49
 30
0.0
  0
ENDBLK
  5
1C8
330
1BD
100
AcDbEntity
  8
0
100
AcDbBlockEnd
  0
BLOCK
  5
1CB
330
1CA
100
AcDbEntity
  8
0
100
AcDbBlockBegin
  2
*D13
 70
     1
 10
0.0
 20
0.0
 30
0.0
  3
*D13
  1

  0
LINE
  5
1CC
330
1CA
100
AcDbEntity
  8
HT-A-AXIS-F01-NEW
 62
     0
440
 16777216
370
    -2
100
AcDbLine
 10
91097.07
 20
-749.51
 30
0.0
 11
94347.07
 21
-749.51
 31
0.0
  0
LINE
  5
1CD
330
1CA
100
AcDbEntity
  8
HT-A-AXIS-F01-NEW
 62
     0
440
 16777216
370
    -2
100
AcDbLine
 10
91097.07
 20
10350.49
 30
0.0
 11
94347.07
 21
10350.49
 31
0.0
  0
LINE
  5
1CE
330
1CA
100
AcDbEntity
  8
HT-A-AXIS-F01-NEW
 62
     0
440
 16777216
370
    -2
100
AcDbLine
 10
94097.07
 20
-749.51
 30
0.0
 11
94097.07
 21
10350.49
 31
0.0
  0
INSERT
  5
1CF
330
1CA
100
AcDbEntity
  8
HT-A-AXIS-F01-NEW
 62
     0
440
 16777216
370
    -2
100
AcDbBlockReference
  2
_ArchTick
 10
94097.07
 20
-749.51
 30
0.0
 41
100.0
 42
100.0
 43
100.0
 50
270.0
  0
INSERT
  5
1D0
330
1CA
100
AcDbEntity
  8
HT-A-AXIS-F01-NEW
 62
     0
440
 16777216
370
    -2
100
AcDbBlockReference
  2
_ArchTick
 10
94097.07
 20
10350.49
 30
0.0
 41
100.0
 42
100.0
 43
100.0
 50
90.0
  0
MTEXT
  5
1D1
330
1CA
100
AcDbEntity
  8
HT-A-AXIS-F01-NEW
 62
     7
440
 16777216
100
AcDbMText
 10
93822.07
 20
4800.49
 30
0.0
 40
297.5
 41
0.0
 46
0.0
 71
     5
 72
     1
  1
\A1;11100
  7
_TCH_DIM_T3
 11
0.0
 21
1.0
 31
0.0
 73
     1
 44
1.0
  0
POINT
  5
1D2
330
1CA
100
AcDbEntity
  8
Defpoints
 62
     0
440
 16777216
100
AcDbPoint
 10
90797.07
 20
-749.51
 30
0.0
  0
POINT
  5
1D3
330
1CA
100
AcDbEntity
  8
Defpoints
 62
     0
440
 16777216
100
AcDbPoint
 10
90797.07
 20
10350.49
 30
0.0
  0
POINT
  5
1D4
330
1CA
100
AcDbEntity
  8
Defpoints
 62
     0
440
 16777216
100
AcDbPoint
 10
94097.07
 20
10350.49
 30
0.0
  0
ENDBLK
  5
1D5
330
1CA
100
AcDbEntity
  8
0
100
AcDbBlockEnd
  0
BLOCK
  5
1D8
330
1D7
100
AcDbEntity
  8
0
100
AcDbBlockBegin
  2
*D14
 70
     1
 10
0.0
 20
0.0
 30
0.0
  3
*D14
  1

  0
LINE
  5
1D9
330
1D7
100
AcDbEntity
  8
HT-A-AXIS-F01-NEW
 62
     0
440
 16777216
370
    -2
100
AcDbLine
 10
75697.07
 20
-749.51
 30
0.0
 11
73247.07
 21
-749.51
 31
0.0
  0
LINE
  5
1DA
330
1D7
100
AcDbEntity
  8
HT-A-AXIS-F01-NEW
 62
     0
440
 16777216
370
    -2
100
AcDbLine
 10
75697.07
 20
750.49
 30
0.0
 11
73247.07
 21
750.49
 31
0.0
  0
LINE
  5
1DB
330
1D7
100
AcDbEntity
  8
HT-A-AXIS-F01-NEW
 62
     0
440
 16777216
370
    -2
100
AcDbLine
 10
73497.07
 20
-749.51
 30
0.0
 11
73497.07
 21
750.49
 31
0.0
  0
INSERT
  5
1DC
330
1D7
100
AcDbEntity
  8
HT-A-AXIS-F01-NEW
 62
     0
440
 16777216
370
    -2
100
AcDbBlockReference
  2
_ArchTick
 10
73497.07
 20
-749.51
 30
0.0
 41
100.0
 42
100.0
 43
100.0
 50
270.0
  0
INSERT
  5
1DD
330
1D7
100
AcDbEntity
  8
HT-A-AXIS-F01-NEW
 62
     0
440
 16777216
370
    -2
100
AcDbBlockReference
  2
_ArchTick
 10
73497.07
 20
750.49
 30
0.0
 41
100.0
 42
100.0
 43
100.0
 50
90.0
  0
MTEXT
  5
1DE
330
1D7
100
AcDbEntity
  8
HT-A-AXIS-F01-NEW
 62
     7
440
 16777216
100
AcDbMText
 10
73222.07
 20
0.49
 30
0.0
 40
297.5
 41
0.0
 46
0.0
 71
     5
 72
     1
  1
\A1;1500
  7
_TCH_DIM_T3
 11
0.0
 21
1.0
 31
0.0
 73
     1
 44
1.0
  0
POINT
  5
1DF
330
1D7
100
AcDbEntity
  8
Defpoints
 62
     0
440
 16777216
100
AcDbPoint
 10
75997.07
 20
-749.51
 30
0.0
  0
POINT
  5
1E0
330
1D7
100
AcDbEntity
  8
Defpoints
 62
     0
440
 16777216
100
AcDbPoint
 10
75997.07
 20
750.49
 30
0.0
  0
POINT
  5
1E1
330
1D7
100
AcDbEntity
  8
Defpoints
 62
     0
440
 16777216
100
AcDbPoint
 10
73497.07
 20
750.49
 30
0.0
  0
ENDBLK
  5
1E2
330
1D7
100
AcDbEntity
  8
0
100
AcDbBlockEnd
  0
BLOCK
  5
1E5
330
1E4
100
AcDbEntity
  8
0
100
AcDbBlockBegin
  2
*D15
 70
     1
 10
0.0
 20
0.0
 30
0.0
  3
*D15
  1

  0
LINE
  5
1E6
330
1E4
100
AcDbEntity
  8
HT-A-AXIS-F01-NEW
 62
     0
440
 16777216
370
    -2
100
AcDbLine
 10
75697.07
 20
750.49
 30
0.0
 11
73247.07
 21
750.49
 31
0.0
  0
LINE
  5
1E7
330
1E4
100
AcDbEntity
  8
HT-A-AXIS-F01-NEW
 62
     0
440
 16777216
370
    -2
100
AcDbLine
 10
75697.07
 20
4950.49
 30
0.0
 11
73247.07
 21
4950.49
 31
0.0
  0
LINE
  5
1E8
330
1E4
100
AcDbEntity
  8
HT-A-AXIS-F01-NEW
 62
     0
440
 16777216
370
    -2
100
AcDbLine
 10
73497.07
 20
750.49
 30
0.0
 11
73497.07
 21
4950.49
 31
0.0
  0
INSERT
  5
1E9
330
1E4
100
AcDbEntity
  8
HT-A-AXIS-F01-NEW
 62
     0
440
 16777216
370
    -2
100
AcDbBlockReference
  2
_ArchTick
 10
73497.07
 20
750.49
 30
0.0
 41
100.0
 42
100.0
 43
100.0
 50
270.0
  0
INSERT
  5
1EA
330
1E4
100
AcDbEntity
  8
HT-A-AXIS-F01-NEW
 62
     0
440
 16777216
370
    -2
100
AcDbBlockReference
  2
_ArchTick
 10
73497.07
 20
4950.49
 30
0.0
 41
100.0
 42
100.0
 43
100.0
 50
90.0
  0
MTEXT
  5
1EB
330
1E4
100
AcDbEntity
  8
HT-A-AXIS-F01-NEW
 62
     7
440
 16777216
100
AcDbMText
 10
73222.07
 20
2850.49
 30
0.0
 40
297.5
 41
0.0
 46
0.0
 71
     5
 72
     1
  1
\A1;4200
  7
_TCH_DIM_T3
 11
0.0
 21
1.0
 31
0.0
 73
     1
 44
1.0
  0
POINT
  5
1EC
330
1E4
100
AcDbEntity
  8
Defpoints
 62
     0
440
 16777216
100
AcDbPoint
 10
75997.07
 20
750.49
 30
0.0
  0
POINT
  5
1ED
330
1E4
100
AcDbEntity
  8
Defpoints
 62
     0
440
 16777216
100
AcDbPoint
 10
75997.07
 20
4950.49
 30
0.0
  0
POINT
  5
1EE
330
1E4
100
AcDbEntity
  8
Defpoints
 62
     0
440
 16777216
100
AcDbPoint
 10
73497.07
 20
4950.49
 30
0.0
  0
ENDBLK
  5
1EF
330
1E4
100
AcDbEntity
  8
0
100
AcDbBlockEnd
  0
BLOCK
  5
1F2
330
1F1
100
AcDbEntity
  8
0
100
AcDbBlockBegin
  2
*D16
 70
     1
 10
0.0
 20
0.0
 30
0.0
  3
*D16
  1

  0
LINE
  5
1F3
330
1F1
100
AcDbEntity
  8
HT-A-AXIS-F01-NEW
 62
     0
440
 16777216
370
    -2
100
AcDbLine
 10
75697.07
 20
4950.49
 30
0.0
 11
73247.07
 21
4950.49
 31
0.0
  0
LINE
  5
1F4
330
1F1
100
AcDbEntity
  8
HT-A-AXIS-F01-NEW
 62
     0
440
 16777216
370
    -2
100
AcDbLine
 10
75697.07
 20
6750.49
 30
0.0
 11
73247.07
 21
6750.49
 31
0.0
  0
LINE
  5
1F5
330
1F1
100
AcDbEntity
  8
HT-A-AXIS-F01-NEW
 62
     0
440
 16777216
370
    -2
100
AcDbLine
 10
73497.07
 20
4950.49
 30
0.0
 11
73497.07
 21
6750.49
 31
0.0
  0
INSERT
  5
1F6
330
1F1
100
AcDbEntity
  8
HT-A-AXIS-F01-NEW
 62
     0
440
 16777216
370
    -2
100
AcDbBlockReference
  2
_ArchTick
 10
73497.07
 20
4950.49
 30
0.0
 41
100.0
 42
100.0
 43
100.0
 50
270.0
  0
INSERT
  5
1F7
330
1F1
100
AcDbEntity
  8
HT-A-AXIS-F01-NEW
 62
     0
440
 16777216
370
    -2
100
AcDbBlockReference
  2
_ArchTick
 10
73497.07
 20
6750.49
 30
0.0
 41
100.0
 42
100.0
 43
100.0
 50
90.0
  0
MTEXT
  5
1F8
330
1F1
100
AcDbEntity
  8
HT-A-AXIS-F01-NEW
 62
     7
440
 16777216
100
AcDbMText
 10
73222.07
 20
5850.49
 30
0.0
 40
297.5
 41
0.0
 46
0.0
 71
     5
 72
     1
  1
\A1;1800
  7
_TCH_DIM_T3
 11
0.0
 21
1.0
 31
0.0
 73
     1
 44
1.0
  0
POINT
  5
1F9
330
1F1
100
AcDbEntity
  8
Defpoints
 62
     0
440
 16777216
100
AcDbPoint
 10
75997.07
 20
4950.49
 30
0.0
  0
POINT
  5
1FA
330
1F1
100
AcDbEntity
  8
Defpoints
 62
     0
440
 16777216
100
AcDbPoint
 10
75997.07
 20
6750.49
 30
0.0
  0
POINT
  5
1FB
330
1F1
100
AcDbEntity
  8
Defpoints
 62
     0
440
 16777216
100
AcDbPoint
 10
73497.07
 20
6750.49
 30
0.0
  0
ENDBLK
  5
1FC
330
1F1
100
AcDbEntity
  8
0
100
AcDbBlockEnd
  0
BLOCK
  5
1FF
330
1FE
100
AcDbEntity
  8
0
100
AcDbBlockBegin
  2
*D17
 70
     1
 10
0.0
 20
0.0
 30
0.0
  3
*D17
  1

  0
LINE
  5
200
330
1FE
100
AcDbEntity
  8
HT-A-AXIS-F01-NEW
 62
     0
440
 16777216
370
    -2
100
AcDbLine
 10
75697.07
 20
6750.49
 30
0.0
 11
73247.07
 21
6750.49
 31
0.0
  0
LINE
  5
201
330
1FE
100
AcDbEntity
  8
HT-A-AXIS-F01-NEW
 62
     0
440
 16777216
370
    -2
100
AcDbLine
 10
75697.07
 20
10350.49
 30
0.0
 11
73247.07
 21
10350.49
 31
0.0
  0
LINE
  5
202
330
1FE
100
AcDbEntity
  8
HT-A-AXIS-F01-NEW
 62
     0
440
 16777216
370
    -2
100
AcDbLine
 10
73497.07
 20
6750.49
 30
0.0
 11
73497.07
 21
10350.49
 31
0.0
  0
INSERT
  5
203
330
1FE
100
AcDbEntity
  8
HT-A-AXIS-F01-NEW
 62
     0
440
 16777216
370
    -2
100
AcDbBlockReference
  2
_ArchTick
 10
73497.07
 20
6750.49
 30
0.0
 41
100.0
 42
100.0
 43
100.0
 50
270.0
  0
INSERT
  5
204
330
1FE
100
AcDbEntity
  8
HT-A-AXIS-F01-NEW
 62
     0
440
 16777216
370
    -2
100
AcDbBlockReference
  2
_ArchTick
 10
73497.07
 20
10350.49
 30
0.0
 41
100.0
 42
100.0
 43
100.0
 50
90.0
  0
MTEXT
  5
205
330
1FE
100
AcDbEntity
  8
HT-A-AXIS-F01-NEW
 62
     7
440
 16777216
100
AcDbMText
 10
73222.07
 20
8550.49
 30
0.0
 40
297.5
 41
0.0
 46
0.0
 71
     5
 72
     1
  1
\A1;3600
  7
_TCH_DIM_T3
 11
0.0
 21
1.0
 31
0.0
 73
     1
 44
1.0
  0
POINT
  5
206
330
1FE
100
AcDbEntity
  8
Defpoints
 62
     0
440
 16777216
100
AcDbPoint
 10
75997.07
 20
6750.49
 30
0.0
  0
POINT
  5
207
330
1FE
100
AcDbEntity
  8
Defpoints
 62
     0
440
 16777216
100
AcDbPoint
 10
75997.07
 20
10350.49
 30
0.0
  0
POINT
  5
208
330
1FE
100
AcDbEntity
  8
Defpoints
 62
     0
440
 16777216
100
AcDbPoint
 10
73497.07
 20
10350.49
 30
0.0
  0
ENDBLK
  5
209
330
1FE
100
AcDbEntity
  8
0
100
AcDbBlockEnd
  0
BLOCK
  5
20C
330
20B
100
AcDbEntity
  8
0
100
AcDbBlockBegin
  2
*D18
 70
     1
 10
0.0
 20
0.0
 30
0.0
  3
*D18
  1

  0
LINE
  5
20D
330
20B
100
AcDbEntity
  8
HT-A-AXIS-F01-NEW
 62
     0
440
 16777216
370
    -2
100
AcDbLine
 10
75697.07
 20
-749.51
 30
0.0
 11
72447.07
 21
-749.51
 31
0.0
  0
LINE
  5
20E
330
20B
100
AcDbEntity
  8
HT-A-AXIS-F01-NEW
 62
     0
440
 16777216
370
    -2
100
AcDbLine
 10
75697.07
 20
10350.49
 30
0.0
 11
72447.07
 21
10350.49
 31
0.0
  0
LINE
  5
20F
330
20B
100
AcDbEntity
  8
HT-A-AXIS-F01-NEW
 62
     0
440
 16777216
370
    -2
100
AcDbLine
 10
72697.07
 20
-749.51
 30
0.0
 11
72697.07
 21
10350.49
 31
0.0
  0
INSERT
  5
210
330
20B
100
AcDbEntity
  8
HT-A-AXIS-F01-NEW
 62
     0
440
 16777216
370
    -2
100
AcDbBlockReference
  2
_ArchTick
 10
72697.07
 20
-749.51
 30
0.0
 41
100.0
 42
100.0
 43
100.0
 50
270.0
  0
INSERT
  5
211
330
20B
100
AcDbEntity
  8
HT-A-AXIS-F01-NEW
 62
     0
440
 16777216
370
    -2
100
AcDbBlockReference
  2
_ArchTick
 10
72697.07
 20
10350.49
 30
0.0
 41
100.0
 42
100.0
 43
100.0
 50
90.0
  0
MTEXT
  5
212
330
20B
100
AcDbEntity
  8
HT-A-AXIS-F01-NEW
 62
     7
440
 16777216
100
AcDbMText
 10
72422.07
 20
4800.49
 30
0.0
 40
297.5
 41
0.0
 46
0.0
 71
     5
 72
     1
  1
\A1;11100
  7
_TCH_DIM_T3
 11
0.0
 21
1.0
 31
0.0
 73
     1
 44
1.0
  0
POINT
  5
213
330
20B
100
AcDbEntity
  8
Defpoints
 62
     0
440
 16777216
100
AcDbPoint
 10
75997.07
 20
-749.51
 30
0.0
  0
POINT
  5
214
330
20B
100
AcDbEntity
  8
Defpoints
 62
     0
440
 16777216
100
AcDbPoint
 10
75997.07
 20
10350.49
 30
0.0
  0
POINT
  5
215
330
20B
100
AcDbEntity
  8
Defpoints
 62
     0
440
 16777216
100
AcDbPoint
 10
72697.07
 20
10350.49
 30
0.0
  0
ENDBLK
  5
216
330
20B
100
AcDbEntity
  8
0
100
AcDbBlockEnd
  0
BLOCK
  5
219
330
218
100
AcDbEntity
  8
0
100
AcDbBlockBegin
  2
*D19
 70
     1
 10
0.0
 20
0.0
 30
0.0
  3
*D19
  1

  0
LINE
  5
21A
330
218
100
AcDbEntity
  8
HT-A-AXIS-F01-NEW
 62
     0
440
 16777216
370
    -2
100
AcDbLine
 10
76997.07
 20
11650.49
 30
0.0
 11
76997.07
 21
12900.49
 31
0.0
  0
LINE
  5
21B
330
218
100
AcDbEntity
  8
HT-A-AXIS-F01-NEW
 62
     0
440
 16777216
370
    -2
100
AcDbLine
 10
80997.07
 20
11650.49
 30
0.0
 11
80997.07
 21
12900.49
 31
0.0
  0
LINE
  5
21C
330
218
100
AcDbEntity
  8
HT-A-AXIS-F01-NEW
 62
     0
440
 16777216
370
    -2
100
AcDbLine
 10
76997.07
 20
12650.49
 30
0.0
 11
80997.07
 21
12650.49
 31
0.0
  0
INSERT
  5
21D
330
218
100
AcDbEntity
  8
HT-A-AXIS-F01-NEW
 62
     0
440
 16777216
370
    -2
100
AcDbBlockReference
  2
_ArchTick
 10
76997.07
 20
12650.49
 30
0.0
 41
100.0
 42
100.0
 43
100.0
 50
180.0
  0
INSERT
  5
21E
330
218
100
AcDbEntity
  8
HT-A-AXIS-F01-NEW
 62
     0
440
 16777216
370
    -2
100
AcDbBlockReference
  2
_ArchTick
 10
80997.07
 20
12650.49
 30
0.0
 41
100.0
 42
100.0
 43
100.0
  0
MTEXT
  5
21F
330
218
100
AcDbEntity
  8
HT-A-AXIS-F01-NEW
 62
     7
440
 16777216
100
AcDbMText
 10
78997.07
 20
12925.49
 30
0.0
 40
297.5
 41
0.0
 46
0.0
 71
     5
 72
     1
  1
\A1;4000
  7
_TCH_DIM_T3
 73
     1
 44
1.0
  0
POINT
  5
220
330
218
100
AcDbEntity
  8
Defpoints
 62
     0
440
 16777216
100
AcDbPoint
 10
76997.07
 20
11350.49
 30
0.0
  0
POINT
  5
221
330
218
100
AcDbEntity
  8
Defpoints
 62
     0
440
 16777216
100
AcDbPoint
 10
80997.07
 20
11350.49
 30
0.0
  0
POINT
  5
222
330
218
100
AcDbEntity
  8
Defpoints
 62
     0
440
 16777216
100
AcDbPoint
 10
80997.07
 20
12650.49
 30
0.0
  0
ENDBLK
  5
223
330
218
100
AcDbEntity
  8
0
100
AcDbBlockEnd
  0
BLOCK
  5
226
330
225
100
AcDbEntity
  8
0
100
AcDbBlockBegin
  2
*D20
 70
     1
 10
0.0
 20
0.0
 30
0.0
  3
*D20
  1

  0
LINE
  5
227
330
225
100
AcDbEntity
  8
HT-A-AXIS-F01-NEW
 62
     0
440
 16777216
370
    -2
100
AcDbLine
 10
80997.07
 20
11650.49
 30
0.0
 11
80997.07
 21
12900.49
 31
0.0
  0
LINE
  5
228
330
225
100
AcDbEntity
  8
HT-A-AXIS-F01-NEW
 62
     0
440
 16777216
370
    -2
100
AcDbLine
 10
85797.07
 20
11650.49
 30
0.0
 11
85797.07
 21
12900.49
 31
0.0
  0
LINE
  5
229
330
225
100
AcDbEntity
  8
HT-A-AXIS-F01-NEW
 62
     0
440
 16777216
370
    -2
100
AcDbLine
 10
80997.07
 20
12650.49
 30
0.0
 11
85797.07
 21
12650.49
 31
0.0
  0
INSERT
  5
22A
330
225
100
AcDbEntity
  8
HT-A-AXIS-F01-NEW
 62
     0
440
 16777216
370
    -2
100
AcDbBlockReference
  2
_ArchTick
 10
80997.07
 20
12650.49
 30
0.0
 41
100.0
 42
100.0
 43
100.0
 50
180.0
  0
INSERT
  5
22B
330
225
100
AcDbEntity
  8
HT-A-AXIS-F01-NEW
 62
     0
440
 16777216
370
    -2
100
AcDbBlockReference
  2
_ArchTick
 10
85797.07
 20
12650.49
 30
0.0
 41
100.0
 42
100.0
 43
100.0
  0
MTEXT
  5
22C
330
225
100
AcDbEntity
  8
HT-A-AXIS-F01-NEW
 62
     7
440
 16777216
100
AcDbMText
 10
83397.07
 20
12925.49
 30
0.0
 40
297.5
 41
0.0
 46
0.0
 71
     5
 72
     1
  1
\A1;4800
  7
_TCH_DIM_T3
 73
     1
 44
1.0
  0
POINT
  5
22D
330
225
100
AcDbEntity
  8
Defpoints
 62
     0
440
 16777216
100
AcDbPoint
 10
80997.07
 20
11350.49
 30
0.0
  0
POINT
  5
22E
330
225
100
AcDbEntity
  8
Defpoints
 62
     0
440
 16777216
100
AcDbPoint
 10
85797.07
 20
11350.49
 30
0.0
  0
POINT
  5
22F
330
225
100
AcDbEntity
  8
Defpoints
 62
     0
440
 16777216
100
AcDbPoint
 10
85797.07
 20
12650.49
 30
0.0
  0
ENDBLK
  5
230
330
225
100
AcDbEntity
  8
0
100
AcDbBlockEnd
  0
BLOCK
  5
233
330
232
100
AcDbEntity
  8
0
100
AcDbBlockBegin
  2
*D21
 70
     1
 10
0.0
 20
0.0
 30
0.0
  3
*D21
  1

  0
LINE
  5
234
330
232
100
AcDbEntity
  8
HT-A-AXIS-F01-NEW
 62
     0
440
 16777216
370
    -2
100
AcDbLine
 10
85797.07
 20
11650.49
 30
0.0
 11
85797.07
 21
12900.49
 31
0.0
  0
LINE
  5
235
330
232
100
AcDbEntity
  8
HT-A-AXIS-F01-NEW
 62
     0
440
 16777216
370
    -2
100
AcDbLine
 10
89797.07
 20
11650.49
 30
0.0
 11
89797.07
 21
12900.49
 31
0.0
  0
LINE
  5
236
330
232
100
AcDbEntity
  8
HT-A-AXIS-F01-NEW
 62
     0
440
 16777216
370
    -2
100
AcDbLine
 10
85797.07
 20
12650.49
 30
0.0
 11
89797.07
 21
12650.49
 31
0.0
  0
INSERT
  5
237
330
232
100
AcDbEntity
  8
HT-A-AXIS-F01-NEW
 62
     0
440
 16777216
370
    -2
100
AcDbBlockReference
  2
_ArchTick
 10
85797.07
 20
12650.49
 30
0.0
 41
100.0
 42
100.0
 43
100.0
 50
180.0
  0
INSERT
  5
238
330
232
100
AcDbEntity
  8
HT-A-AXIS-F01-NEW
 62
     0
440
 16777216
370
    -2
100
AcDbBlockReference
  2
_ArchTick
 10
89797.07
 20
12650.49
 30
0.0
 41
100.0
 42
100.0
 43
100.0
  0
MTEXT
  5
239
330
232
100
AcDbEntity
  8
HT-A-AXIS-F01-NEW
 62
     7
440
 16777216
100
AcDbMText
 10
87797.07
 20
12925.49
 30
0.0
 40
297.5
 41
0.0
 46
0.0
 71
     5
 72
     1
  1
\A1;4000
  7
_TCH_DIM_T3
 73
     1
 44
1.0
  0
POINT
  5
23A
330
232
100
AcDbEntity
  8
Defpoints
 62
     0
440
 16777216
100
AcDbPoint
 10
85797.07
 20
11350.49
 30
0.0
  0
POINT
  5
23B
330
232
100
AcDbEntity
  8
Defpoints
 62
     0
440
 16777216
100
AcDbPoint
 10
89797.07
 20
11350.49
 30
0.0
  0
POINT
  5
23C
330
232
100
AcDbEntity
  8
Defpoints
 62
     0
440
 16777216
100
AcDbPoint
 10
89797.07
 20
12650.49
 30
0.0
  0
ENDBLK
  5
23D
330
232
100
AcDbEntity
  8
0
100
AcDbBlockEnd
  0
BLOCK
  5
240
330
23F
100
AcDbEntity
  8
0
100
AcDbBlockBegin
  2
*D22
 70
     1
 10
0.0
 20
0.0
 30
0.0
  3
*D22
  1

  0
LINE
  5
241
330
23F
100
AcDbEntity
  8
HT-A-AXIS-F01-NEW
 62
     0
440
 16777216
370
    -2
100
AcDbLine
 10
76997.07
 20
11650.49
 30
0.0
 11
76997.07
 21
13700.49
 31
0.0
  0
LINE
  5
242
330
23F
100
AcDbEntity
  8
HT-A-AXIS-F01-NEW
 62
     0
440
 16777216
370
    -2
100
AcDbLine
 10
89797.07
 20
11650.49
 30
0.0
 11
89797.07
 21
13700.49
 31
0.0
  0
LINE
  5
243
330
23F
100
AcDbEntity
  8
HT-A-AXIS-F01-NEW
 62
     0
440
 16777216
370
    -2
100
AcDbLine
 10
76997.07
 20
13450.49
 30
0.0
 11
89797.07
 21
13450.49
 31
0.0
  0
INSERT
  5
244
330
23F
100
AcDbEntity
  8
HT-A-AXIS-F01-NEW
 62
     0
440
 16777216
370
    -2
100
AcDbBlockReference
  2
_ArchTick
 10
76997.07
 20
13450.49
 30
0.0
 41
100.0
 42
100.0
 43
100.0
 50
180.0
  0
INSERT
  5
245
330
23F
100
AcDbEntity
  8
HT-A-AXIS-F01-NEW
 62
     0
440
 16777216
370
    -2
100
AcDbBlockReference
  2
_ArchTick
 10
89797.07
 20
13450.49
 30
0.0
 41
100.0
 42
100.0
 43
100.0
  0
MTEXT
  5
246
330
23F
100
AcDbEntity
  8
HT-A-AXIS-F01-NEW
 62
     7
440
 16777216
100
AcDbMText
 10
83397.07
 20
13725.49
 30
0.0
 40
297.5
 41
0.0
 46
0.0
 71
     5
 72
     1
  1
\A1;12800
  7
_TCH_DIM_T3
 73
     1
 44
1.0
  0
POINT
  5
247
330
23F
100
AcDbEntity
  8
Defpoints
 62
     0
440
 16777216
100
AcDbPoint
 10
76997.07
 20
11350.49
 30
0.0
  0
POINT
  5
248
330
23F
100
AcDbEntity
  8
Defpoints
 62
     0
440
 16777216
100
AcDbPoint
 10
89797.07
 20
11350.49
 30
0.0
  0
POINT
  5
249
330
23F
100
AcDbEntity
  8
Defpoints
 62
     0
440
 16777216
100
AcDbPoint
 10
89797.07
 20
13450.49
 30
0.0
  0
ENDBLK
  5
24A
330
23F
100
AcDbEntity
  8
0
100
AcDbBlockEnd
  0
BLOCK
  5
24D
330
24C
100
AcDbEntity
  8
0
100
AcDbBlockBegin
  2
*D23
 70
     1
 10
0.0
 20
0.0
 30
0.0
  3
*D23
  1

  0
LINE
  5
24E
330
24C
100
AcDbEntity
  8
HT-A-AXIS-F01-NEW
 62
     0
440
 16777216
370
    -2
100
AcDbLine
 10
76997.07
 20
-2049.51
 30
0.0
 11
76997.07
 21
-4499.51
 31
0.0
  0
LINE
  5
24F
330
24C
100
AcDbEntity
  8
HT-A-AXIS-F01-NEW
 62
     0
440
 16777216
370
    -2
100
AcDbLine
 10
80997.07
 20
-2049.51
 30
0.0
 11
80997.07
 21
-4499.51
 31
0.0
  0
LINE
  5
250
330
24C
100
AcDbEntity
  8
HT-A-AXIS-F01-NEW
 62
     0
440
 16777216
370
    -2
100
AcDbLine
 10
76997.07
 20
-4249.51
 30
0.0
 11
80997.07
 21
-4249.51
 31
0.0
  0
INSERT
  5
251
330
24C
100
AcDbEntity
  8
HT-A-AXIS-F01-NEW
 62
     0
440
 16777216
370
    -2
100
AcDbBlockReference
  2
_ArchTick
 10
76997.07
 20
-4249.51
 30
0.0
 41
100.0
 42
100.0
 43
100.0
 50
180.0
  0
INSERT
  5
252
330
24C
100
AcDbEntity
  8
HT-A-AXIS-F01-NEW
 62
     0
440
 16777216
370
    -2
100
AcDbBlockReference
  2
_ArchTick
 10
80997.07
 20
-4249.51
 30
0.0
 41
100.0
 42
100.0
 43
100.0
  0
MTEXT
  5
253
330
24C
100
AcDbEntity
  8
HT-A-AXIS-F01-NEW
 62
     7
440
 16777216
100
AcDbMText
 10
78997.07
 20
-3974.51
 30
0.0
 40
297.5
 41
0.0
 46
0.0
 71
     5
 72
     1
  1
\A1;4000
  7
_TCH_DIM_T3
 73
     1
 44
1.0
  0
POINT
  5
254
330
24C
100
AcDbEntity
  8
Defpoints
 62
     0
440
 16777216
100
AcDbPoint
 10
76997.07
 20
-1749.51
 30
0.0
  0
POINT
  5
255
330
24C
100
AcDbEntity
  8
Defpoints
 62
     0
440
 16777216
100
AcDbPoint
 10
80997.07
 20
-1749.51
 30
0.0
  0
POINT
  5
256
330
24C
100
AcDbEntity
  8
Defpoints
 62
     0
440
 16777216
100
AcDbPoint
 10
80997.07
 20
-4249.51
 30
0.0
  0
ENDBLK
  5
257
330
24C
100
AcDbEntity
  8
0
100
AcDbBlockEnd
  0
BLOCK
  5
25A
330
259
100
AcDbEntity
  8
0
100
AcDbBlockBegin
  2
*D24
 70
     1
 10
0.0
 20
0.0
 30
0.0
  3
*D24
  1

  0
LINE
  5
25B
330
259
100
AcDbEntity
  8
HT-A-AXIS-F01-NEW
 62
     0
440
 16777216
370
    -2
100
AcDbLine
 10
80997.07
 20
-2049.51
 30
0.0
 11
80997.07
 21
-4499.51
 31
0.0
  0
LINE
  5
25C
330
259
100
AcDbEntity
  8
HT-A-AXIS-F01-NEW
 62
     0
440
 16777216
370
    -2
100
AcDbLine
 10
85797.07
 20
-2049.51
 30
0.0
 11
85797.07
 21
-4499.51
 31
0.0
  0
LINE
  5
25D
330
259
100
AcDbEntity
  8
HT-A-AXIS-F01-NEW
 62
     0
440
 16777216
370
    -2
100
AcDbLine
 10
80997.07
 20
-4249.51
 30
0.0
 11
85797.07
 21
-4249.51
 31
0.0
  0
INSERT
  5
25E
330
259
100
AcDbEntity
  8
HT-A-AXIS-F01-NEW
 62
     0
440
 16777216
370
    -2
100
AcDbBlockReference
  2
_ArchTick
 10
80997.07
 20
-4249.51
 30
0.0
 41
100.0
 42
100.0
 43
100.0
 50
180.0
  0
INSERT
  5
25F
330
259
100
AcDbEntity
  8
HT-A-AXIS-F01-NEW
 62
     0
440
 16777216
370
    -2
100
AcDbBlockReference
  2
_ArchTick
 10
85797.07
 20
-4249.51
 30
0.0
 41
100.0
 42
100.0
 43
100.0
  0
MTEXT
  5
260
330
259
100
AcDbEntity
  8
HT-A-AXIS-F01-NEW
 62
     7
440
 16777216
100
AcDbMText
 10
83397.07
 20
-3974.51
 30
0.0
 40
297.5
 41
0.0
 46
0.0
 71
     5
 72
     1
  1
\A1;4800
  7
_TCH_DIM_T3
 73
     1
 44
1.0
  0
POINT
  5
261
330
259
100
AcDbEntity
  8
Defpoints
 62
     0
440
 16777216
100
AcDbPoint
 10
80997.07
 20
-1749.51
 30
0.0
  0
POINT
  5
262
330
259
100
AcDbEntity
  8
Defpoints
 62
     0
440
 16777216
100
AcDbPoint
 10
85797.07
 20
-1749.51
 30
0.0
  0
POINT
  5
263
330
259
100
AcDbEntity
  8
Defpoints
 62
     0
440
 16777216
100
AcDbPoint
 10
85797.07
 20
-4249.51
 30
0.0
  0
ENDBLK
  5
264
330
259
100
AcDbEntity
  8
0
100
AcDbBlockEnd
  0
BLOCK
  5
267
330
266
100
AcDbEntity
  8
0
100
AcDbBlockBegin
  2
*D25
 70
     1
 10
0.0
 20
0.0
 30
0.0
  3
*D25
  1

  0
LINE
  5
268
330
266
100
AcDbEntity
  8
HT-A-AXIS-F01-NEW
 62
     0
440
 16777216
370
    -2
100
AcDbLine
 10
85797.07
 20
-2049.51
 30
0.0
 11
85797.07
 21
-4499.51
 31
0.0
  0
LINE
  5
269
330
266
100
AcDbEntity
  8
HT-A-AXIS-F01-NEW
 62
     0
440
 16777216
370
    -2
100
AcDbLine
 10
89797.07
 20
-2049.51
 30
0.0
 11
89797.07
 21
-4499.51
 31
0.0
  0
LINE
  5
26A
330
266
100
AcDbEntity
  8
HT-A-AXIS-F01-NEW
 62
     0
440
 16777216
370
    -2
100
AcDbLine
 10
85797.07
 20
-4249.51
 30
0.0
 11
89797.07
 21
-4249.51
 31
0.0
  0
INSERT
  5
26B
330
266
100
AcDbEntity
  8
HT-A-AXIS-F01-NEW
 62
     0
440
 16777216
370
    -2
100
AcDbBlockReference
  2
_ArchTick
 10
85797.07
 20
-4249.51
 30
0.0
 41
100.0
 42
100.0
 43
100.0
 50
180.0
  0
INSERT
  5
26C
330
266
100
AcDbEntity
  8
HT-A-AXIS-F01-NEW
 62
     0
440
 16777216
370
    -2
100
AcDbBlockReference
  2
_ArchTick
 10
89797.07
 20
-4249.51
 30
0.0
 41
100.0
 42
100.0
 43
100.0
  0
MTEXT
  5
26D
330
266
100
AcDbEntity
  8
HT-A-AXIS-F01-NEW
 62
     7
440
 16777216
100
AcDbMText
 10
87797.07
 20
-3974.51
 30
0.0
 40
297.5
 41
0.0
 46
0.0
 71
     5
 72
     1
  1
\A1;4000
  7
_TCH_DIM_T3
 73
     1
 44
1.0
  0
POINT
  5
26E
330
266
100
AcDbEntity
  8
Defpoints
 62
     0
440
 16777216
100
AcDbPoint
 10
85797.07
 20
-1749.51
 30
0.0
  0
POINT
  5
26F
330
266
100
AcDbEntity
  8
Defpoints
 62
     0
440
 16777216
100
AcDbPoint
 10
89797.07
 20
-1749.51
 30
0.0
  0
POINT
  5
270
330
266
100
AcDbEntity
  8
Defpoints
 62
     0
440
 16777216
100
AcDbPoint
 10
89797.07
 20
-4249.51
 30
0.0
  0
ENDBLK
  5
271
330
266
100
AcDbEntity
  8
0
100
AcDbBlockEnd
  0
BLOCK
  5
274
330
273
100
AcDbEntity
  8
0
100
AcDbBlockBegin
  2
*D26
 70
     1
 10
0.0
 20
0.0
 30
0.0
  3
*D26
  1

  0
LINE
  5
275
330
273
100
AcDbEntity
  8
HT-A-AXIS-F01-NEW
 62
     0
440
 16777216
370
    -2
100
AcDbLine
 10
76997.07
 20
-2049.51
 30
0.0
 11
76997.07
 21
-5299.51
 31
0.0
  0
LINE
  5
276
330
273
100
AcDbEntity
  8
HT-A-AXIS-F01-NEW
 62
     0
440
 16777216
370
    -2
100
AcDbLine
 10
89797.07
 20
-2049.51
 30
0.0
 11
89797.07
 21
-5299.51
 31
0.0
  0
LINE
  5
277
330
273
100
AcDbEntity
  8
HT-A-AXIS-F01-NEW
 62
     0
440
 16777216
370
    -2
100
AcDbLine
 10
76997.07
 20
-5049.51
 30
0.0
 11
89797.07
 21
-5049.51
 31
0.0
  0
INSERT
  5
278
330
273
100
AcDbEntity
  8
HT-A-AXIS-F01-NEW
 62
     0
440
 16777216
370
    -2
100
AcDbBlockReference
  2
_ArchTick
 10
76997.07
 20
-5049.51
 30
0.0
 41
100.0
 42
100.0
 43
100.0
 50
180.0
  0
INSERT
  5
279
330
273
100
AcDbEntity
  8
HT-A-AXIS-F01-NEW
 62
     0
440
 16777216
370
    -2
100
AcDbBlockReference
  2
_ArchTick
 10
89797.07
 20
-5049.51
 30
0.0
 41
100.0
 42
100.0
 43
100.0
  0
MTEXT
  5
27A
330
273
100
AcDbEntity
  8
HT-A-AXIS-F01-NEW
 62
     7
440
 16777216
100
AcDbMText
 10
83397.07
 20
-4774.51
 30
0.0
 40
297.5
 41
0.0
 46
0.0
 71
     5
 72
     1
  1
\A1;12800
  7
_TCH_DIM_T3
 73
     1
 44
1.0
  0
POINT
  5
27B
330
273
100
AcDbEntity
  8
Defpoints
 62
     0
440
 16777216
100
AcDbPoint
 10
76997.07
 20
-1749.51
 30
0.0
  0
POINT
  5
27C
330
273
100
AcDbEntity
  8
Defpoints
 62
     0
440
 16777216
100
AcDbPoint
 10
89797.07
 20
-1749.51
 30
0.0
  0
POINT
  5
27D
330
273
100
AcDbEntity
  8
Defpoints
 62
     0
440
 16777216
100
AcDbPoint
 10
89797.07
 20
-5049.51
 30
0.0
  0
ENDBLK
  5
27E
330
273
100
AcDbEntity
  8
0
100
AcDbBlockEnd
  0
BLOCK
  5
281
330
280
100
AcDbEntity
  8
0
100
AcDbBlockBegin
  2
*D27
 70
     1
 10
0.0
 20
0.0
 30
0.0
  3
*D27
  1

  0
LINE
  5
282
330
280
100
AcDbEntity
  8
HT-A-AXIS-F01-NEW
 62
     0
440
 16777216
370
    -2
100
AcDbLine
 10
36973.03
 20
-749.51
 30
0.0
 11
39423.03
 21
-749.51
 31
0.0
  0
LINE
  5
283
330
280
100
AcDbEntity
  8
HT-A-AXIS-F01-NEW
 62
     0
440
 16777216
370
    -2
100
AcDbLine
 10
36973.03
 20
750.49
 30
0.0
 11
39423.03
 21
750.49
 31
0.0
  0
LINE
  5
284
330
280
100
AcDbEntity
  8
HT-A-AXIS-F01-NEW
 62
     0
440
 16777216
370
    -2
100
AcDbLine
 10
39173.03
 20
-749.51
 30
0.0
 11
39173.03
 21
750.49
 31
0.0
  0
INSERT
  5
285
330
280
100
AcDbEntity
  8
HT-A-AXIS-F01-NEW
 62
     0
440
 16777216
370
    -2
100
AcDbBlockReference
  2
_ArchTick
 10
39173.03
 20
-749.51
 30
0.0
 41
100.0
 42
100.0
 43
100.0
 50
270.0
  0
INSERT
  5
286
330
280
100
AcDbEntity
  8
HT-A-AXIS-F01-NEW
 62
     0
440
 16777216
370
    -2
100
AcDbBlockReference
  2
_ArchTick
 10
39173.03
 20
750.49
 30
0.0
 41
100.0
 42
100.0
 43
100.0
 50
90.0
  0
MTEXT
  5
287
330
280
100
AcDbEntity
  8
HT-A-AXIS-F01-NEW
 62
     7
440
 16777216
100
AcDbMText
 10
38898.03
 20
0.49
 30
0.0
 40
297.5
 41
0.0
 46
0.0
 71
     5
 72
     1
  1
\A1;1500
  7
_TCH_DIM_T3
 11
0.0
 21
1.0
 31
0.0
 73
     1
 44
1.0
  0
POINT
  5
288
330
280
100
AcDbEntity
  8
Defpoints
 62
     0
440
 16777216
100
AcDbPoint
 10
36673.03
 20
-749.51
 30
0.0
  0
POINT
  5
289
330
280
100
AcDbEntity
  8
Defpoints
 62
     0
440
 16777216
100
AcDbPoint
 10
36673.03
 20
750.49
 30
0.0
  0
POINT
  5
28A
330
280
100
AcDbEntity
  8
Defpoints
 62
     0
440
 16777216
100
AcDbPoint
 10
39173.03
 20
750.49
 30
0.0
  0
ENDBLK
  5
28B
330
280
100
AcDbEntity
  8
0
100
AcDbBlockEnd
  0
BLOCK
  5
28E
330
28D
100
AcDbEntity
  8
0
100
AcDbBlockBegin
  2
*D28
 70
     1
 10
0.0
 20
0.0
 30
0.0
  3
*D28
  1

  0
LINE
  5
28F
330
28D
100
AcDbEntity
  8
HT-A-AXIS-F01-NEW
 62
     0
440
 16777216
370
    -2
100
AcDbLine
 10
36973.03
 20
750.49
 30
0.0
 11
39423.03
 21
750.49
 31
0.0
  0
LINE
  5
290
330
28D
100
AcDbEntity
  8
HT-A-AXIS-F01-NEW
 62
     0
440
 16777216
370
    -2
100
AcDbLine
 10
36973.03
 20
4950.49
 30
0.0
 11
39423.03
 21
4950.49
 31
0.0
  0
LINE
  5
291
330
28D
100
AcDbEntity
  8
HT-A-AXIS-F01-NEW
 62
     0
440
 16777216
370
    -2
100
AcDbLine
 10
39173.03
 20
750.49
 30
0.0
 11
39173.03
 21
4950.49
 31
0.0
  0
INSERT
  5
292
330
28D
100
AcDbEntity
  8
HT-A-AXIS-F01-NEW
 62
     0
440
 16777216
370
    -2
100
AcDbBlockReference
  2
_ArchTick
 10
39173.03
 20
750.49
 30
0.0
 41
100.0
 42
100.0
 43
100.0
 50
270.0
  0
INSERT
  5
293
330
28D
100
AcDbEntity
  8
HT-A-AXIS-F01-NEW
 62
     0
440
 16777216
370
    -2
100
AcDbBlockReference
  2
_ArchTick
 10
39173.03
 20
4950.49
 30
0.0
 41
100.0
 42
100.0
 43
100.0
 50
90.0
  0
MTEXT
  5
294
330
28D
100
AcDbEntity
  8
HT-A-AXIS-F01-NEW
 62
     7
440
 16777216
100
AcDbMText
 10
38898.03
 20
2850.49
 30
0.0
 40
297.5
 41
0.0
 46
0.0
 71
     5
 72
     1
  1
\A1;4200
  7
_TCH_DIM_T3
 11
0.0
 21
1.0
 31
0.0
 73
     1
 44
1.0
  0
POINT
  5
295
330
28D
100
AcDbEntity
  8
Defpoints
 62
     0
440
 16777216
100
AcDbPoint
 10
36673.03
 20
750.49
 30
0.0
  0
POINT
  5
296
330
28D
100
AcDbEntity
  8
Defpoints
 62
     0
440
 16777216
100
AcDbPoint
 10
36673.03
 20
4950.49
 30
0.0
  0
POINT
  5
297
330
28D
100
AcDbEntity
  8
Defpoints
 62
     0
440
 16777216
100
AcDbPoint
 10
39173.03
 20
4950.49
 30
0.0
  0
ENDBLK
  5
298
330
28D
100
AcDbEntity
  8
0
100
AcDbBlockEnd
  0
BLOCK
  5
29B
330
29A
100
AcDbEntity
  8
0
100
AcDbBlockBegin
  2
*D29
 70
     1
 10
0.0
 20
0.0
 30
0.0
  3
*D29
  1

  0
LINE
  5
29C
330
29A
100
AcDbEntity
  8
HT-A-AXIS-F01-NEW
 62
     0
440
 16777216
370
    -2
100
AcDbLine
 10
36973.03
 20
4950.49
 30
0.0
 11
39423.03
 21
4950.49
 31
0.0
  0
LINE
  5
29D
330
29A
100
AcDbEntity
  8
HT-A-AXIS-F01-NEW
 62
     0
440
 16777216
370
    -2
100
AcDbLine
 10
36973.03
 20
6750.49
 30
0.0
 11
39423.03
 21
6750.49
 31
0.0
  0
LINE
  5
29E
330
29A
100
AcDbEntity
  8
HT-A-AXIS-F01-NEW
 62
     0
440
 16777216
370
    -2
100
AcDbLine
 10
39173.03
 20
4950.49
 30
0.0
 11
39173.03
 21
6750.49
 31
0.0
  0
INSERT
  5
29F
330
29A
100
AcDbEntity
  8
HT-A-AXIS-F01-NEW
 62
     0
440
 16777216
370
    -2
100
AcDbBlockReference
  2
_ArchTick
 10
39173.03
 20
4950.49
 30
0.0
 41
100.0
 42
100.0
 43
100.0
 50
270.0
  0
INSERT
  5
2A0
330
29A
100
AcDbEntity
  8
HT-A-AXIS-F01-NEW
 62
     0
440
 16777216
370
    -2
100
AcDbBlockReference
  2
_ArchTick
 10
39173.03
 20
6750.49
 30
0.0
 41
100.0
 42
100.0
 43
100.0
 50
90.0
  0
MTEXT
  5
2A1
330
29A
100
AcDbEntity
  8
HT-A-AXIS-F01-NEW
 62
     7
440
 16777216
100
AcDbMText
 10
38898.03
 20
5850.49
 30
0.0
 40
297.5
 41
0.0
 46
0.0
 71
     5
 72
     1
  1
\A1;1800
  7
_TCH_DIM_T3
 11
0.0
 21
1.0
 31
0.0
 73
     1
 44
1.0
  0
POINT
  5
2A2
330
29A
100
AcDbEntity
  8
Defpoints
 62
     0
440
 16777216
100
AcDbPoint
 10
36673.03
 20
4950.49
 30
0.0
  0
POINT
  5
2A3
330
29A
100
AcDbEntity
  8
Defpoints
 62
     0
440
 16777216
100
AcDbPoint
 10
36673.03
 20
6750.49
 30
0.0
  0
POINT
  5
2A4
330
29A
100
AcDbEntity
  8
Defpoints
 62
     0
440
 16777216
100
AcDbPoint
 10
39173.03
 20
6750.49
 30
0.0
  0
ENDBLK
  5
2A5
330
29A
100
AcDbEntity
  8
0
100
AcDbBlockEnd
  0
BLOCK
  5
2A8
330
2A7
100
AcDbEntity
  8
0
100
AcDbBlockBegin
  2
*D30
 70
     1
 10
0.0
 20
0.0
 30
0.0
  3
*D30
  1

  0
LINE
  5
2A9
330
2A7
100
AcDbEntity
  8
HT-A-AXIS-F01-NEW
 62
     0
440
 16777216
370
    -2
100
AcDbLine
 10
36973.03
 20
6750.49
 30
0.0
 11
39423.03
 21
6750.49
 31
0.0
  0
LINE
  5
2AA
330
2A7
100
AcDbEntity
  8
HT-A-AXIS-F01-NEW
 62
     0
440
 16777216
370
    -2
100
AcDbLine
 10
36973.03
 20
10350.49
 30
0.0
 11
39423.03
 21
10350.49
 31
0.0
  0
LINE
  5
2AB
330
2A7
100
AcDbEntity
  8
HT-A-AXIS-F01-NEW
 62
     0
440
 16777216
370
    -2
100
AcDbLine
 10
39173.03
 20
6750.49
 30
0.0
 11
39173.03
 21
10350.49
 31
0.0
  0
INSERT
  5
2AC
330
2A7
100
AcDbEntity
  8
HT-A-AXIS-F01-NEW
 62
     0
440
 16777216
370
    -2
100
AcDbBlockReference
  2
_ArchTick
 10
39173.03
 20
6750.49
 30
0.0
 41
100.0
 42
100.0
 43
100.0
 50
270.0
  0
INSERT
  5
2AD
330
2A7
100
AcDbEntity
  8
HT-A-AXIS-F01-NEW
 62
     0
440
 16777216
370
    -2
100
AcDbBlockReference
  2
_ArchTick
 10
39173.03
 20
10350.49
 30
0.0
 41
100.0
 42
100.0
 43
100.0
 50
90.0
  0
MTEXT
  5
2AE
330
2A7
100
AcDbEntity
  8
HT-A-AXIS-F01-NEW
 62
     7
440
 16777216
100
AcDbMText
 10
38898.03
 20
8550.49
 30
0.0
 40
297.5
 41
0.0
 46
0.0
 71
     5
 72
     1
  1
\A1;3600
  7
_TCH_DIM_T3
 11
0.0
 21
1.0
 31
0.0
 73
     1
 44
1.0
  0
POINT
  5
2AF
330
2A7
100
AcDbEntity
  8
Defpoints
 62
     0
440
 16777216
100
AcDbPoint
 10
36673.03
 20
6750.49
 30
0.0
  0
POINT
  5
2B0
330
2A7
100
AcDbEntity
  8
Defpoints
 62
     0
440
 16777216
100
AcDbPoint
 10
36673.03
 20
10350.49
 30
0.0
  0
POINT
  5
2B1
330
2A7
100
AcDbEntity
  8
Defpoints
 62
     0
440
 16777216
100
AcDbPoint
 10
39173.03
 20
10350.49
 30
0.0
  0
ENDBLK
  5
2B2
330
2A7
100
AcDbEntity
  8
0
100
AcDbBlockEnd
  0
BLOCK
  5
2B5
330
2B4
100
AcDbEntity
  8
0
100
AcDbBlockBegin
  2
*D31
 70
     1
 10
0.0
 20
0.0
 30
0.0
  3
*D31
  1

  0
LINE
  5
2B6
330
2B4
100
AcDbEntity
  8
HT-A-AXIS-F01-NEW
 62
     0
440
 16777216
370
    -2
100
AcDbLine
 10
36973.03
 20
-749.51
 30
0.0
 11
40223.03
 21
-749.51
 31
0.0
  0
LINE
  5
2B7
330
2B4
100
AcDbEntity
  8
HT-A-AXIS-F01-NEW
 62
     0
440
 16777216
370
    -2
100
AcDbLine
 10
36973.03
 20
10350.49
 30
0.0
 11
40223.03
 21
10350.49
 31
0.0
  0
LINE
  5
2B8
330
2B4
100
AcDbEntity
  8
HT-A-AXIS-F01-NEW
 62
     0
440
 16777216
370
    -2
100
AcDbLine
 10
39973.03
 20
-749.51
 30
0.0
 11
39973.03
 21
10350.49
 31
0.0
  0
INSERT
  5
2B9
330
2B4
100
AcDbEntity
  8
HT-A-AXIS-F01-NEW
 62
     0
440
 16777216
370
    -2
100
AcDbBlockReference
  2
_ArchTick
 10
39973.03
 20
-749.51
 30
0.0
 41
100.0
 42
100.0
 43
100.0
 50
270.0
  0
INSERT
  5
2BA
330
2B4
100
AcDbEntity
  8
HT-A-AXIS-F01-NEW
 62
     0
440
 16777216
370
    -2
100
AcDbBlockReference
  2
_ArchTick
 10
39973.03
 20
10350.49
 30
0.0
 41
100.0
 42
100.0
 43
100.0
 50
90.0
  0
MTEXT
  5
2BB
330
2B4
100
AcDbEntity
  8
HT-A-AXIS-F01-NEW
 62
     7
440
 16777216
100
AcDbMText
 10
39698.03
 20
4800.49
 30
0.0
 40
297.5
 41
0.0
 46
0.0
 71
     5
 72
     1
  1
\A1;11100
  7
_TCH_DIM_T3
 11
0.0
 21
1.0
 31
0.0
 73
     1
 44
1.0
  0
POINT
  5
2BC
330
2B4
100
AcDbEntity
  8
Defpoints
 62
     0
440
 16777216
100
AcDbPoint
 10
36673.03
 20
-749.51
 30
0.0
  0
POINT
  5
2BD
330
2B4
100
AcDbEntity
  8
Defpoints
 62
     0
440
 16777216
100
AcDbPoint
 10
36673.03
 20
10350.49
 30
0.0
  0
POINT
  5
2BE
330
2B4
100
AcDbEntity
  8
Defpoints
 62
     0
440
 16777216
100
AcDbPoint
 10
39973.03
 20
10350.49
 30
0.0
  0
ENDBLK
  5
2BF
330
2B4
100
AcDbEntity
  8
0
100
AcDbBlockEnd
  0
BLOCK
  5
2C2
330
2C1
100
AcDbEntity
  8
0
100
AcDbBlockBegin
  2
*D32
 70
     1
 10
0.0
 20
0.0
 30
0.0
  3
*D32
  1

  0
LINE
  5
2C3
330
2C1
100
AcDbEntity
  8
HT-A-AXIS-F01-NEW
 62
     0
440
 16777216
370
    -2
100
AcDbLine
 10
21573.03
 20
-749.51
 30
0.0
 11
19123.03
 21
-749.51
 31
0.0
  0
LINE
  5
2C4
330
2C1
100
AcDbEntity
  8
HT-A-AXIS-F01-NEW
 62
     0
440
 16777216
370
    -2
100
AcDbLine
 10
21573.03
 20
750.49
 30
0.0
 11
19123.03
 21
750.49
 31
0.0
  0
LINE
  5
2C5
330
2C1
100
AcDbEntity
  8
HT-A-AXIS-F01-NEW
 62
     0
440
 16777216
370
    -2
100
AcDbLine
 10
19373.03
 20
-749.51
 30
0.0
 11
19373.03
 21
750.49
 31
0.0
  0
INSERT
  5
2C6
330
2C1
100
AcDbEntity
  8
HT-A-AXIS-F01-NEW
 62
     0
440
 16777216
370
    -2
100
AcDbBlockReference
  2
_ArchTick
 10
19373.03
 20
-749.51
 30
0.0
 41
100.0
 42
100.0
 43
100.0
 50
270.0
  0
INSERT
  5
2C7
330
2C1
100
AcDbEntity
  8
HT-A-AXIS-F01-NEW
 62
     0
440
 16777216
370
    -2
100
AcDbBlockReference
  2
_ArchTick
 10
19373.03
 20
750.49
 30
0.0
 41
100.0
 42
100.0
 43
100.0
 50
90.0
  0
MTEXT
  5
2C8
330
2C1
100
AcDbEntity
  8
HT-A-AXIS-F01-NEW
 62
     7
440
 16777216
100
AcDbMText
 10
19098.03
 20
0.49
 30
0.0
 40
297.5
 41
0.0
 46
0.0
 71
     5
 72
     1
  1
\A1;1500
  7
_TCH_DIM_T3
 11
0.0
 21
1.0
 31
0.0
 73
     1
 44
1.0
  0
POINT
  5
2C9
330
2C1
100
AcDbEntity
  8
Defpoints
 62
     0
440
 16777216
100
AcDbPoint
 10
21873.03
 20
-749.51
 30
0.0
  0
POINT
  5
2CA
330
2C1
100
AcDbEntity
  8
Defpoints
 62
     0
440
 16777216
100
AcDbPoint
 10
21873.03
 20
750.49
 30
0.0
  0
POINT
  5
2CB
330
2C1
100
AcDbEntity
  8
Defpoints
 62
     0
440
 16777216
100
AcDbPoint
 10
19373.03
 20
750.49
 30
0.0
  0
ENDBLK
  5
2CC
330
2C1
100
AcDbEntity
  8
0
100
AcDbBlockEnd
  0
BLOCK
  5
2CF
330
2CE
100
AcDbEntity
  8
0
100
AcDbBlockBegin
  2
*D33
 70
     1
 10
0.0
 20
0.0
 30
0.0
  3
*D33
  1

  0
LINE
  5
2D0
330
2CE
100
AcDbEntity
  8
HT-A-AXIS-F01-NEW
 62
     0
440
 16777216
370
    -2
100
AcDbLine
 10
21573.03
 20
750.49
 30
0.0
 11
19123.03
 21
750.49
 31
0.0
  0
LINE
  5
2D1
330
2CE
100
AcDbEntity
  8
HT-A-AXIS-F01-NEW
 62
     0
440
 16777216
370
    -2
100
AcDbLine
 10
21573.03
 20
4950.49
 30
0.0
 11
19123.03
 21
4950.49
 31
0.0
  0
LINE
  5
2D2
330
2CE
100
AcDbEntity
  8
HT-A-AXIS-F01-NEW
 62
     0
440
 16777216
370
    -2
100
AcDbLine
 10
19373.03
 20
750.49
 30
0.0
 11
19373.03
 21
4950.49
 31
0.0
  0
INSERT
  5
2D3
330
2CE
100
AcDbEntity
  8
HT-A-AXIS-F01-NEW
 62
     0
440
 16777216
370
    -2
100
AcDbBlockReference
  2
_ArchTick
 10
19373.03
 20
750.49
 30
0.0
 41
100.0
 42
100.0
 43
100.0
 50
270.0
  0
INSERT
  5
2D4
330
2CE
100
AcDbEntity
  8
HT-A-AXIS-F01-NEW
 62
     0
440
 16777216
370
    -2
100
AcDbBlockReference
  2
_ArchTick
 10
19373.03
 20
4950.49
 30
0.0
 41
100.0
 42
100.0
 43
100.0
 50
90.0
  0
MTEXT
  5
2D5
330
2CE
100
AcDbEntity
  8
HT-A-AXIS-F01-NEW
 62
     7
440
 16777216
100
AcDbMText
 10
19098.03
 20
2850.49
 30
0.0
 40
297.5
 41
0.0
 46
0.0
 71
     5
 72
     1
  1
\A1;4200
  7
_TCH_DIM_T3
 11
0.0
 21
1.0
 31
0.0
 73
     1
 44
1.0
  0
POINT
  5
2D6
330
2CE
100
AcDbEntity
  8
Defpoints
 62
     0
440
 16777216
100
AcDbPoint
 10
21873.03
 20
750.49
 30
0.0
  0
POINT
  5
2D7
330
2CE
100
AcDbEntity
  8
Defpoints
 62
     0
440
 16777216
100
AcDbPoint
 10
21873.03
 20
4950.49
 30
0.0
  0
POINT
  5
2D8
330
2CE
100
AcDbEntity
  8
Defpoints
 62
     0
440
 16777216
100
AcDbPoint
 10
19373.03
 20
4950.49
 30
0.0
  0
ENDBLK
  5
2D9
330
2CE
100
AcDbEntity
  8
0
100
AcDbBlockEnd
  0
BLOCK
  5
2DC
330
2DB
100
AcDbEntity
  8
0
100
AcDbBlockBegin
  2
*D34
 70
     1
 10
0.0
 20
0.0
 30
0.0
  3
*D34
  1

  0
LINE
  5
2DD
330
2DB
100
AcDbEntity
  8
HT-A-AXIS-F01-NEW
 62
     0
440
 16777216
370
    -2
100
AcDbLine
 10
21573.03
 20
4950.49
 30
0.0
 11
19123.03
 21
4950.49
 31
0.0
  0
LINE
  5
2DE
330
2DB
100
AcDbEntity
  8
HT-A-AXIS-F01-NEW
 62
     0
440
 16777216
370
    -2
100
AcDbLine
 10
21573.03
 20
6750.49
 30
0.0
 11
19123.03
 21
6750.49
 31
0.0
  0
LINE
  5
2DF
330
2DB
100
AcDbEntity
  8
HT-A-AXIS-F01-NEW
 62
     0
440
 16777216
370
    -2
100
AcDbLine
 10
19373.03
 20
4950.49
 30
0.0
 11
19373.03
 21
6750.49
 31
0.0
  0
INSERT
  5
2E0
330
2DB
100
AcDbEntity
  8
HT-A-AXIS-F01-NEW
 62
     0
440
 16777216
370
    -2
100
AcDbBlockReference
  2
_ArchTick
 10
19373.03
 20
4950.49
 30
0.0
 41
100.0
 42
100.0
 43
100.0
 50
270.0
  0
INSERT
  5
2E1
330
2DB
100
AcDbEntity
  8
HT-A-AXIS-F01-NEW
 62
     0
440
 16777216
370
    -2
100
AcDbBlockReference
  2
_ArchTick
 10
19373.03
 20
6750.49
 30
0.0
 41
100.0
 42
100.0
 43
100.0
 50
90.0
  0
MTEXT
  5
2E2
330
2DB
100
AcDbEntity
  8
HT-A-AXIS-F01-NEW
 62
     7
440
 16777216
100
AcDbMText
 10
19098.03
 20
5850.49
 30
0.0
 40
297.5
 41
0.0
 46
0.0
 71
     5
 72
     1
  1
\A1;1800
  7
_TCH_DIM_T3
 11
0.0
 21
1.0
 31
0.0
 73
     1
 44
1.0
  0
POINT
  5
2E3
330
2DB
100
AcDbEntity
  8
Defpoints
 62
     0
440
 16777216
100
AcDbPoint
 10
21873.03
 20
4950.49
 30
0.0
  0
POINT
  5
2E4
330
2DB
100
AcDbEntity
  8
Defpoints
 62
     0
440
 16777216
100
AcDbPoint
 10
21873.03
 20
6750.49
 30
0.0
  0
POINT
  5
2E5
330
2DB
100
AcDbEntity
  8
Defpoints
 62
     0
440
 16777216
100
AcDbPoint
 10
19373.03
 20
6750.49
 30
0.0
  0
ENDBLK
  5
2E6
330
2DB
100
AcDbEntity
  8
0
100
AcDbBlockEnd
  0
BLOCK
  5
2E9
330
2E8
100
AcDbEntity
  8
0
100
AcDbBlockBegin
  2
*D35
 70
     1
 10
0.0
 20
0.0
 30
0.0
  3
*D35
  1

  0
LINE
  5
2EA
330
2E8
100
AcDbEntity
  8
HT-A-AXIS-F01-NEW
 62
     0
440
 16777216
370
    -2
100
AcDbLine
 10
21573.03
 20
6750.49
 30
0.0
 11
19123.03
 21
6750.49
 31
0.0
  0
LINE
  5
2EB
330
2E8
100
AcDbEntity
  8
HT-A-AXIS-F01-NEW
 62
     0
440
 16777216
370
    -2
100
AcDbLine
 10
21573.03
 20
10350.49
 30
0.0
 11
19123.03
 21
10350.49
 31
0.0
  0
LINE
  5
2EC
330
2E8
100
AcDbEntity
  8
HT-A-AXIS-F01-NEW
 62
     0
440
 16777216
370
    -2
100
AcDbLine
 10
19373.03
 20
6750.49
 30
0.0
 11
19373.03
 21
10350.49
 31
0.0
  0
INSERT
  5
2ED
330
2E8
100
AcDbEntity
  8
HT-A-AXIS-F01-NEW
 62
     0
440
 16777216
370
    -2
100
AcDbBlockReference
  2
_ArchTick
 10
19373.03
 20
6750.49
 30
0.0
 41
100.0
 42
100.0
 43
100.0
 50
270.0
  0
INSERT
  5
2EE
330
2E8
100
AcDbEntity
  8
HT-A-AXIS-F01-NEW
 62
     0
440
 16777216
370
    -2
100
AcDbBlockReference
  2
_ArchTick
 10
19373.03
 20
10350.49
 30
0.0
 41
100.0
 42
100.0
 43
100.0
 50
90.0
  0
MTEXT
  5
2EF
330
2E8
100
AcDbEntity
  8
HT-A-AXIS-F01-NEW
 62
     7
440
 16777216
100
AcDbMText
 10
19098.03
 20
8550.49
 30
0.0
 40
297.5
 41
0.0
 46
0.0
 71
     5
 72
     1
  1
\A1;3600
  7
_TCH_DIM_T3
 11
0.0
 21
1.0
 31
0.0
 73
     1
 44
1.0
  0
POINT
  5
2F0
330
2E8
100
AcDbEntity
  8
Defpoints
 62
     0
440
 16777216
100
AcDbPoint
 10
21873.03
 20
6750.49
 30
0.0
  0
POINT
  5
2F1
330
2E8
100
AcDbEntity
  8
Defpoints
 62
     0
440
 16777216
100
AcDbPoint
 10
21873.03
 20
10350.49
 30
0.0
  0
POINT
  5
2F2
330
2E8
100
AcDbEntity
  8
Defpoints
 62
     0
440
 16777216
100
AcDbPoint
 10
19373.03
 20
10350.49
 30
0.0
  0
ENDBLK
  5
2F3
330
2E8
100
AcDbEntity
  8
0
100
AcDbBlockEnd
  0
BLOCK
  5
2F6
330
2F5
100
AcDbEntity
  8
0
100
AcDbBlockBegin
  2
*D36
 70
     1
 10
0.0
 20
0.0
 30
0.0
  3
*D36
  1

  0
LINE
  5
2F7
330
2F5
100
AcDbEntity
  8
HT-A-AXIS-F01-NEW
 62
     0
440
 16777216
370
    -2
100
AcDbLine
 10
21573.03
 20
-749.51
 30
0.0
 11
18323.03
 21
-749.51
 31
0.0
  0
LINE
  5
2F8
330
2F5
100
AcDbEntity
  8
HT-A-AXIS-F01-NEW
 62
     0
440
 16777216
370
    -2
100
AcDbLine
 10
21573.03
 20
10350.49
 30
0.0
 11
18323.03
 21
10350.49
 31
0.0
  0
LINE
  5
2F9
330
2F5
100
AcDbEntity
  8
HT-A-AXIS-F01-NEW
 62
     0
440
 16777216
370
    -2
100
AcDbLine
 10
18573.03
 20
-749.51
 30
0.0
 11
18573.03
 21
10350.49
 31
0.0
  0
INSERT
  5
2FA
330
2F5
100
AcDbEntity
  8
HT-A-AXIS-F01-NEW
 62
     0
440
 16777216
370
    -2
100
AcDbBlockReference
  2
_ArchTick
 10
18573.03
 20
-749.51
 30
0.0
 41
100.0
 42
100.0
 43
100.0
 50
270.0
  0
INSERT
  5
2FB
330
2F5
100
AcDbEntity
  8
HT-A-AXIS-F01-NEW
 62
     0
440
 16777216
370
    -2
100
AcDbBlockReference
  2
_ArchTick
 10
18573.03
 20
10350.49
 30
0.0
 41
100.0
 42
100.0
 43
100.0
 50
90.0
  0
MTEXT
  5
2FC
330
2F5
100
AcDbEntity
  8
HT-A-AXIS-F01-NEW
 62
     7
440
 16777216
100
AcDbMText
 10
18298.03
 20
4800.49
 30
0.0
 40
297.5
 41
0.0
 46
0.0
 71
     5
 72
     1
  1
\A1;11100
  7
_TCH_DIM_T3
 11
0.0
 21
1.0
 31
0.0
 73
     1
 44
1.0
  0
POINT
  5
2FD
330
2F5
100
AcDbEntity
  8
Defpoints
 62
     0
440
 16777216
100
AcDbPoint
 10
21873.03
 20
-749.51
 30
0.0
  0
POINT
  5
2FE
330
2F5
100
AcDbEntity
  8
Defpoints
 62
     0
440
 16777216
100
AcDbPoint
 10
21873.03
 20
10350.49
 30
0.0
  0
POINT
  5
2FF
330
2F5
100
AcDbEntity
  8
Defpoints
 62
     0
440
 16777216
100
AcDbPoint
 10
18573.03
 20
10350.49
 30
0.0
  0
ENDBLK
  5
300
330
2F5
100
AcDbEntity
  8
0
100
AcDbBlockEnd
  0
BLOCK
  5
303
330
302
100
AcDbEntity
  8
0
100
AcDbBlockBegin
  2
*D37
 70
     1
 10
0.0
 20
0.0
 30
0.0
  3
*D37
  1

  0
LINE
  5
304
330
302
100
AcDbEntity
  8
HT-A-AXIS-F01-NEW
 62
     0
440
 16777216
370
    -2
100
AcDbLine
 10
22873.03
 20
11650.49
 30
0.0
 11
22873.03
 21
14100.49
 31
0.0
  0
LINE
  5
305
330
302
100
AcDbEntity
  8
HT-A-AXIS-F01-NEW
 62
     0
440
 16777216
370
    -2
100
AcDbLine
 10
26873.03
 20
11650.49
 30
0.0
 11
26873.03
 21
14100.49
 31
0.0
  0
LINE
  5
306
330
302
100
AcDbEntity
  8
HT-A-AXIS-F01-NEW
 62
     0
440
 16777216
370
    -2
100
AcDbLine
 10
22873.03
 20
13850.49
 30
0.0
 11
26873.03
 21
13850.49
 31
0.0
  0
INSERT
  5
307
330
302
100
AcDbEntity
  8
HT-A-AXIS-F01-NEW
 62
     0
440
 16777216
370
    -2
100
AcDbBlockReference
  2
_ArchTick
 10
22873.03
 20
13850.49
 30
0.0
 41
100.0
 42
100.0
 43
100.0
 50
180.0
  0
INSERT
  5
308
330
302
100
AcDbEntity
  8
HT-A-AXIS-F01-NEW
 62
     0
440
 16777216
370
    -2
100
AcDbBlockReference
  2
_ArchTick
 10
26873.03
 20
13850.49
 30
0.0
 41
100.0
 42
100.0
 43
100.0
  0
MTEXT
  5
309
330
302
100
AcDbEntity
  8
HT-A-AXIS-F01-NEW
 62
     7
440
 16777216
100
AcDbMText
 10
24873.03
 20
14125.49
 30
0.0
 40
297.5
 41
0.0
 46
0.0
 71
     5
 72
     1
  1
\A1;4000
  7
_TCH_DIM_T3
 73
     1
 44
1.0
  0
POINT
  5
30A
330
302
100
AcDbEntity
  8
Defpoints
 62
     0
440
 16777216
100
AcDbPoint
 10
22873.03
 20
11350.49
 30
0.0
  0
POINT
  5
30B
330
302
100
AcDbEntity
  8
Defpoints
 62
     0
440
 16777216
100
AcDbPoint
 10
26873.03
 20
11350.49
 30
0.0
  0
POINT
  5
30C
330
302
100
AcDbEntity
  8
Defpoints
 62
     0
440
 16777216
100
AcDbPoint
 10
26873.03
 20
13850.49
 30
0.0
  0
ENDBLK
  5
30D
330
302
100
AcDbEntity
  8
0
100
AcDbBlockEnd
  0
BLOCK
  5
310
330
30F
100
AcDbEntity
  8
0
100
AcDbBlockBegin
  2
*D38
 70
     1
 10
0.0
 20
0.0
 30
0.0
  3
*D38
  1

  0
LINE
  5
311
330
30F
100
AcDbEntity
  8
HT-A-AXIS-F01-NEW
 62
     0
440
 16777216
370
    -2
100
AcDbLine
 10
26873.03
 20
11650.49
 30
0.0
 11
26873.03
 21
14100.49
 31
0.0
  0
LINE
  5
312
330
30F
100
AcDbEntity
  8
HT-A-AXIS-F01-NEW
 62
     0
440
 16777216
370
    -2
100
AcDbLine
 10
31673.03
 20
11650.49
 30
0.0
 11
31673.03
 21
14100.49
 31
0.0
  0
LINE
  5
313
330
30F
100
AcDbEntity
  8
HT-A-AXIS-F01-NEW
 62
     0
440
 16777216
370
    -2
100
AcDbLine
 10
26873.03
 20
13850.49
 30
0.0
 11
31673.03
 21
13850.49
 31
0.0
  0
INSERT
  5
314
330
30F
100
AcDbEntity
  8
HT-A-AXIS-F01-NEW
 62
     0
440
 16777216
370
    -2
100
AcDbBlockReference
  2
_ArchTick
 10
26873.03
 20
13850.49
 30
0.0
 41
100.0
 42
100.0
 43
100.0
 50
180.0
  0
INSERT
  5
315
330
30F
100
AcDbEntity
  8
HT-A-AXIS-F01-NEW
 62
     0
440
 16777216
370
    -2
100
AcDbBlockReference
  2
_ArchTick
 10
31673.03
 20
13850.49
 30
0.0
 41
100.0
 42
100.0
 43
100.0
  0
MTEXT
  5
316
330
30F
100
AcDbEntity
  8
HT-A-AXIS-F01-NEW
 62
     7
440
 16777216
100
AcDbMText
 10
29273.03
 20
14125.49
 30
0.0
 40
297.5
 41
0.0
 46
0.0
 71
     5
 72
     1
  1
\A1;4800
  7
_TCH_DIM_T3
 73
     1
 44
1.0
  0
POINT
  5
317
330
30F
100
AcDbEntity
  8
Defpoints
 62
     0
440
 16777216
100
AcDbPoint
 10
26873.03
 20
11350.49
 30
0.0
  0
POINT
  5
318
330
30F
100
AcDbEntity
  8
Defpoints
 62
     0
440
 16777216
100
AcDbPoint
 10
31673.03
 20
11350.49
 30
0.0
  0
POINT
  5
319
330
30F
100
AcDbEntity
  8
Defpoints
 62
     0
440
 16777216
100
AcDbPoint
 10
31673.03
 20
13850.49
 30
0.0
  0
ENDBLK
  5
31A
330
30F
100
AcDbEntity
  8
0
100
AcDbBlockEnd
  0
BLOCK
  5
31D
330
31C
100
AcDbEntity
  8
0
100
AcDbBlockBegin
  2
*D39
 70
     1
 10
0.0
 20
0.0
 30
0.0
  3
*D39
  1

  0
LINE
  5
31E
330
31C
100
AcDbEntity
  8
HT-A-AXIS-F01-NEW
 62
     0
440
 16777216
370
    -2
100
AcDbLine
 10
31673.03
 20
11650.49
 30
0.0
 11
31673.03
 21
14100.49
 31
0.0
  0
LINE
  5
31F
330
31C
100
AcDbEntity
  8
HT-A-AXIS-F01-NEW
 62
     0
440
 16777216
370
    -2
100
AcDbLine
 10
35673.03
 20
11650.49
 30
0.0
 11
35673.03
 21
14100.49
 31
0.0
  0
LINE
  5
320
330
31C
100
AcDbEntity
  8
HT-A-AXIS-F01-NEW
 62
     0
440
 16777216
370
    -2
100
AcDbLine
 10
31673.03
 20
13850.49
 30
0.0
 11
35673.03
 21
13850.49
 31
0.0
  0
INSERT
  5
321
330
31C
100
AcDbEntity
  8
HT-A-AXIS-F01-NEW
 62
     0
440
 16777216
370
    -2
100
AcDbBlockReference
  2
_ArchTick
 10
31673.03
 20
13850.49
 30
0.0
 41
100.0
 42
100.0
 43
100.0
 50
180.0
  0
INSERT
  5
322
330
31C
100
AcDbEntity
  8
HT-A-AXIS-F01-NEW
 62
     0
440
 16777216
370
    -2
100
AcDbBlockReference
  2
_ArchTick
 10
35673.03
 20
13850.49
 30
0.0
 41
100.0
 42
100.0
 43
100.0
  0
MTEXT
  5
323
330
31C
100
AcDbEntity
  8
HT-A-AXIS-F01-NEW
 62
     7
440
 16777216
100
AcDbMText
 10
33673.03
 20
14125.49
 30
0.0
 40
297.5
 41
0.0
 46
0.0
 71
     5
 72
     1
  1
\A1;4000
  7
_TCH_DIM_T3
 73
     1
 44
1.0
  0
POINT
  5
324
330
31C
100
AcDbEntity
  8
Defpoints
 62
     0
440
 16777216
100
AcDbPoint
 10
31673.03
 20
11350.49
 30
0.0
  0
POINT
  5
325
330
31C
100
AcDbEntity
  8
Defpoints
 62
     0
440
 16777216
100
AcDbPoint
 10
35673.03
 20
11350.49
 30
0.0
  0
POINT
  5
326
330
31C
100
AcDbEntity
  8
Defpoints
 62
     0
440
 16777216
100
AcDbPoint
 10
35673.03
 20
13850.49
 30
0.0
  0
ENDBLK
  5
327
330
31C
100
AcDbEntity
  8
0
100
AcDbBlockEnd
  0
BLOCK
  5
32A
330
329
100
AcDbEntity
  8
0
100
AcDbBlockBegin
  2
*D40
 70
     1
 10
0.0
 20
0.0
 30
0.0
  3
*D40
  1

  0
LINE
  5
32B
330
329
100
AcDbEntity
  8
HT-A-AXIS-F01-NEW
 62
     0
440
 16777216
370
    -2
100
AcDbLine
 10
22873.03
 20
11650.49
 30
0.0
 11
22873.03
 21
14900.49
 31
0.0
  0
LINE
  5
32C
330
329
100
AcDbEntity
  8
HT-A-AXIS-F01-NEW
 62
     0
440
 16777216
370
    -2
100
AcDbLine
 10
35673.03
 20
11650.49
 30
0.0
 11
35673.03
 21
14900.49
 31
0.0
  0
LINE
  5
32D
330
329
100
AcDbEntity
  8
HT-A-AXIS-F01-NEW
 62
     0
440
 16777216
370
    -2
100
AcDbLine
 10
22873.03
 20
14650.49
 30
0.0
 11
35673.03
 21
14650.49
 31
0.0
  0
INSERT
  5
32E
330
329
100
AcDbEntity
  8
HT-A-AXIS-F01-NEW
 62
     0
440
 16777216
370
    -2
100
AcDbBlockReference
  2
_ArchTick
 10
22873.03
 20
14650.49
 30
0.0
 41
100.0
 42
100.0
 43
100.0
 50
180.0
  0
INSERT
  5
32F
330
329
100
AcDbEntity
  8
HT-A-AXIS-F01-NEW
 62
     0
440
 16777216
370
    -2
100
AcDbBlockReference
  2
_ArchTick
 10
35673.03
 20
14650.49
 30
0.0
 41
100.0
 42
100.0
 43
100.0
  0
MTEXT
  5
330
330
329
100
AcDbEntity
  8
HT-A-AXIS-F01-NEW
 62
     7
440
 16777216
100
AcDbMText
 10
29273.03
 20
14925.49
 30
0.0
 40
297.5
 41
0.0
 46
0.0
 71
     5
 72
     1
  1
\A1;12800
  7
_TCH_DIM_T3
 73
     1
 44
1.0
  0
POINT
  5
331
330
329
100
AcDbEntity
  8
Defpoints
 62
     0
440
 16777216
100
AcDbPoint
 10
22873.03
 20
11350.49
 30
0.0
  0
POINT
  5
332
330
329
100
AcDbEntity
  8
Defpoints
 62
     0
440
 16777216
100
AcDbPoint
 10
35673.03
 20
11350.49
 30
0.0
  0
POINT
  5
333
330
329
100
AcDbEntity
  8
Defpoints
 62
     0
440
 16777216
100
AcDbPoint
 10
35673.03
 20
14650.49
 30
0.0
  0
ENDBLK
  5
334
330
329
100
AcDbEntity
  8
0
100
AcDbBlockEnd
  0
BLOCK
  5
337
330
336
100
AcDbEntity
  8
0
100
AcDbBlockBegin
  2
*D41
 70
     1
 10
0.0
 20
0.0
 30
0.0
  3
*D41
  1

  0
LINE
  5
338
330
336
100
AcDbEntity
  8
HT-A-AXIS-F01-NEW
 62
     0
440
 16777216
370
    -2
100
AcDbLine
 10
22873.03
 20
-2049.51
 30
0.0
 11
22873.03
 21
-4499.51
 31
0.0
  0
LINE
  5
339
330
336
100
AcDbEntity
  8
HT-A-AXIS-F01-NEW
 62
     0
440
 16777216
370
    -2
100
AcDbLine
 10
26873.03
 20
-2049.51
 30
0.0
 11
26873.03
 21
-4499.51
 31
0.0
  0
LINE
  5
33A
330
336
100
AcDbEntity
  8
HT-A-AXIS-F01-NEW
 62
     0
440
 16777216
370
    -2
100
AcDbLine
 10
22873.03
 20
-4249.51
 30
0.0
 11
26873.03
 21
-4249.51
 31
0.0
  0
INSERT
  5
33B
330
336
100
AcDbEntity
  8
HT-A-AXIS-F01-NEW
 62
     0
440
 16777216
370
    -2
100
AcDbBlockReference
  2
_ArchTick
 10
22873.03
 20
-4249.51
 30
0.0
 41
100.0
 42
100.0
 43
100.0
 50
180.0
  0
INSERT
  5
33C
330
336
100
AcDbEntity
  8
HT-A-AXIS-F01-NEW
 62
     0
440
 16777216
370
    -2
100
AcDbBlockReference
  2
_ArchTick
 10
26873.03
 20
-4249.51
 30
0.0
 41
100.0
 42
100.0
 43
100.0
  0
MTEXT
  5
33D
330
336
100
AcDbEntity
  8
HT-A-AXIS-F01-NEW
 62
     7
440
 16777216
100
AcDbMText
 10
24873.03
 20
-3974.51
 30
0.0
 40
297.5
 41
0.0
 46
0.0
 71
     5
 72
     1
  1
\A1;4000
  7
_TCH_DIM_T3
 73
     1
 44
1.0
  0
POINT
  5
33E
330
336
100
AcDbEntity
  8
Defpoints
 62
     0
440
 16777216
100
AcDbPoint
 10
22873.03
 20
-1749.51
 30
0.0
  0
POINT
  5
33F
330
336
100
AcDbEntity
  8
Defpoints
 62
     0
440
 16777216
100
AcDbPoint
 10
26873.03
 20
-1749.51
 30
0.0
  0
POINT
  5
340
330
336
100
AcDbEntity
  8
Defpoints
 62
     0
440
 16777216
100
AcDbPoint
 10
26873.03
 20
-4249.51
 30
0.0
  0
ENDBLK
  5
341
330
336
100
AcDbEntity
  8
0
100
AcDbBlockEnd
  0
BLOCK
  5
344
330
343
100
AcDbEntity
  8
0
100
AcDbBlockBegin
  2
*D42
 70
     1
 10
0.0
 20
0.0
 30
0.0
  3
*D42
  1

  0
LINE
  5
345
330
343
100
AcDbEntity
  8
HT-A-AXIS-F01-NEW
 62
     0
440
 16777216
370
    -2
100
AcDbLine
 10
26873.03
 20
-2049.51
 30
0.0
 11
26873.03
 21
-4499.51
 31
0.0
  0
LINE
  5
346
330
343
100
AcDbEntity
  8
HT-A-AXIS-F01-NEW
 62
     0
440
 16777216
370
    -2
100
AcDbLine
 10
31673.03
 20
-2049.51
 30
0.0
 11
31673.03
 21
-4499.51
 31
0.0
  0
LINE
  5
347
330
343
100
AcDbEntity
  8
HT-A-AXIS-F01-NEW
 62
     0
440
 16777216
370
    -2
100
AcDbLine
 10
26873.03
 20
-4249.51
 30
0.0
 11
31673.03
 21
-4249.51
 31
0.0
  0
INSERT
  5
348
330
343
100
AcDbEntity
  8
HT-A-AXIS-F01-NEW
 62
     0
440
 16777216
370
    -2
100
AcDbBlockReference
  2
_ArchTick
 10
26873.03
 20
-4249.51
 30
0.0
 41
100.0
 42
100.0
 43
100.0
 50
180.0
  0
INSERT
  5
349
330
343
100
AcDbEntity
  8
HT-A-AXIS-F01-NEW
 62
     0
440
 16777216
370
    -2
100
AcDbBlockReference
  2
_ArchTick
 10
31673.03
 20
-4249.51
 30
0.0
 41
100.0
 42
100.0
 43
100.0
  0
MTEXT
  5
34A
330
343
100
AcDbEntity
  8
HT-A-AXIS-F01-NEW
 62
     7
440
 16777216
100
AcDbMText
 10
29273.03
 20
-3974.51
 30
0.0
 40
297.5
 41
0.0
 46
0.0
 71
     5
 72
     1
  1
\A1;4800
  7
_TCH_DIM_T3
 73
     1
 44
1.0
  0
POINT
  5
34B
330
343
100
AcDbEntity
  8
Defpoints
 62
     0
440
 16777216
100
AcDbPoint
 10
26873.03
 20
-1749.51
 30
0.0
  0
POINT
  5
34C
330
343
100
AcDbEntity
  8
Defpoints
 62
     0
440
 16777216
100
AcDbPoint
 10
31673.03
 20
-1749.51
 30
0.0
  0
POINT
  5
34D
330
343
100
AcDbEntity
  8
Defpoints
 62
     0
440
 16777216
100
AcDbPoint
 10
31673.03
 20
-4249.51
 30
0.0
  0
ENDBLK
  5
34E
330
343
100
AcDbEntity
  8
0
100
AcDbBlockEnd
  0
BLOCK
  5
351
330
350
100
AcDbEntity
  8
0
100
AcDbBlockBegin
  2
*D43
 70
     1
 10
0.0
 20
0.0
 30
0.0
  3
*D43
  1

  0
LINE
  5
352
330
350
100
AcDbEntity
  8
HT-A-AXIS-F01-NEW
 62
     0
440
 16777216
370
    -2
100
AcDbLine
 10
31673.03
 20
-2049.51
 30
0.0
 11
31673.03
 21
-4499.51
 31
0.0
  0
LINE
  5
353
330
350
100
AcDbEntity
  8
HT-A-AXIS-F01-NEW
 62
     0
440
 16777216
370
    -2
100
AcDbLine
 10
35673.03
 20
-2049.51
 30
0.0
 11
35673.03
 21
-4499.51
 31
0.0
  0
LINE
  5
354
330
350
100
AcDbEntity
  8
HT-A-AXIS-F01-NEW
 62
     0
440
 16777216
370
    -2
100
AcDbLine
 10
31673.03
 20
-4249.51
 30
0.0
 11
35673.03
 21
-4249.51
 31
0.0
  0
INSERT
  5
355
330
350
100
AcDbEntity
  8
HT-A-AXIS-F01-NEW
 62
     0
440
 16777216
370
    -2
100
AcDbBlockReference
  2
_ArchTick
 10
31673.03
 20
-4249.51
 30
0.0
 41
100.0
 42
100.0
 43
100.0
 50
180.0
  0
INSERT
  5
356
330
350
100
AcDbEntity
  8
HT-A-AXIS-F01-NEW
 62
     0
440
 16777216
370
    -2
100
AcDbBlockReference
  2
_ArchTick
 10
35673.03
 20
-4249.51
 30
0.0
 41
100.0
 42
100.0
 43
100.0
  0
MTEXT
  5
357
330
350
100
AcDbEntity
  8
HT-A-AXIS-F01-NEW
 62
     7
440
 16777216
100
AcDbMText
 10
33673.03
 20
-3974.51
 30
0.0
 40
297.5
 41
0.0
 46
0.0
 71
     5
 72
     1
  1
\A1;4000
  7
_TCH_DIM_T3
 73
     1
 44
1.0
  0
POINT
  5
358
330
350
100
AcDbEntity
  8
Defpoints
 62
     0
440
 16777216
100
AcDbPoint
 10
31673.03
 20
-1749.51
 30
0.0
  0
POINT
  5
359
330
350
100
AcDbEntity
  8
Defpoints
 62
     0
440
 16777216
100
AcDbPoint
 10
35673.03
 20
-1749.51
 30
0.0
  0
POINT
  5
35A
330
350
100
AcDbEntity
  8
Defpoints
 62
     0
440
 16777216
100
AcDbPoint
 10
35673.03
 20
-4249.51
 30
0.0
  0
ENDBLK
  5
35B
330
350
100
AcDbEntity
  8
0
100
AcDbBlockEnd
  0
BLOCK
  5
35E
330
35D
100
AcDbEntity
  8
0
100
AcDbBlockBegin
  2
*D44
 70
     1
 10
0.0
 20
0.0
 30
0.0
  3
*D44
  1

  0
LINE
  5
35F
330
35D
100
AcDbEntity
  8
HT-A-AXIS-F01-NEW
 62
     0
440
 16777216
370
    -2
100
AcDbLine
 10
22873.03
 20
-2049.51
 30
0.0
 11
22873.03
 21
-5299.51
 31
0.0
  0
LINE
  5
360
330
35D
100
AcDbEntity
  8
HT-A-AXIS-F01-NEW
 62
     0
440
 16777216
370
    -2
100
AcDbLine
 10
35673.03
 20
-2049.51
 30
0.0
 11
35673.03
 21
-5299.51
 31
0.0
  0
LINE
  5
361
330
35D
100
AcDbEntity
  8
HT-A-AXIS-F01-NEW
 62
     0
440
 16777216
370
    -2
100
AcDbLine
 10
22873.03
 20
-5049.51
 30
0.0
 11
35673.03
 21
-5049.51
 31
0.0
  0
INSERT
  5
362
330
35D
100
AcDbEntity
  8
HT-A-AXIS-F01-NEW
 62
     0
440
 16777216
370
    -2
100
AcDbBlockReference
  2
_ArchTick
 10
22873.03
 20
-5049.51
 30
0.0
 41
100.0
 42
100.0
 43
100.0
 50
180.0
  0
INSERT
  5
363
330
35D
100
AcDbEntity
  8
HT-A-AXIS-F01-NEW
 62
     0
440
 16777216
370
    -2
100
AcDbBlockReference
  2
_ArchTick
 10
35673.03
 20
-5049.51
 30
0.0
 41
100.0
 42
100.0
 43
100.0
  0
MTEXT
  5
364
330
35D
100
AcDbEntity
  8
HT-A-AXIS-F01-NEW
 62
     7
440
 16777216
100
AcDbMText
 10
29273.03
 20
-4774.51
 30
0.0
 40
297.5
 41
0.0
 46
0.0
 71
     5
 72
     1
  1
\A1;12800
  7
_TCH_DIM_T3
 73
     1
 44
1.0
  0
POINT
  5
365
330
35D
100
AcDbEntity
  8
Defpoints
 62
     0
440
 16777216
100
AcDbPoint
 10
22873.03
 20
-1749.51
 30
0.0
  0
POINT
  5
366
330
35D
100
AcDbEntity
  8
Defpoints
 62
     0
440
 16777216
100
AcDbPoint
 10
35673.03
 20
-1749.51
 30
0.0
  0
POINT
  5
367
330
35D
100
AcDbEntity
  8
Defpoints
 62
     0
440
 16777216
100
AcDbPoint
 10
35673.03
 20
-5049.51
 30
0.0
  0
ENDBLK
  5
368
330
35D
100
AcDbEntity
  8
0
100
AcDbBlockEnd
  0
BLOCK
  5
3C3
330
3C2
100
AcDbEntity
  8
0
100
AcDbBlockBegin
  2
_AXISO
 70
     2
 10
0.0
 20
0.0
 30
0.0
  3
_AXISO
  1

  0
CIRCLE
  5
3C4
330
3C2
100
AcDbEntity
  8
0
100
AcDbCircle
 10
0.0
 20
0.0
 30
0.0
 40
0.5
  0
ATTDEF
  5
3C5
330
3C2
100
AcDbEntity
  8
HT-A-AXIS-TEXT-F01-NEW
100
AcDbText
 10
-0.25
 20
-0.28
 30
0.0
 40
0.56
  1

 41
1.04
  7
COMPLEX
 72
     5
 11
0.25
 21
-0.28
 31
0.0
100
AcDbAttributeDefinition
280
     0
  3

  2
A
 70
     0
280
     0
  0
ENDBLK
  5
3C8
330
3C2
100
AcDbEntity
  8
0
100
AcDbBlockEnd
  0
BLOCK
  5
4DE
330
4DA
100
AcDbEntity
  8
0
100
AcDbBlockBegin
  2
_FZH
 70
     0
 10
0.0
 20
0.0
 30
0.0
  3
_FZH
  1

  0
SOLID
  5
4DB
330
4DA
100
AcDbEntity
  8
PUB_HATCH
100
AcDbTrace
 10
-0.5
 20
-0.5
 30
0.0
 11
0.5
 21
-0.5
 31
0.0
 12
-0.5
 22
0.5
 32
0.0
 13
0.5
 23
0.5
 33
0.0
  0
LWPOLYLINE
  5
4DC
330
4DA
100
AcDbEntity
  8
0
100
AcDbPolyline
 90
        4
 70
     1
 43
0.0
 10
-0.5
 20
-0.5
 10
0.5
 20
-0.5
 10
0.5
 20
0.5
 10
-0.5
 20
0.5
  0
ENDBLK
  5
4DF
330
4DA
100
AcDbEntity
  8
0
100
AcDbBlockEnd
  0
ENDSEC
  0
SECTION
  2
ENTITIES
  0
LINE
  5
14
330
2
100
AcDbEntity
  8
HT-A-NOPLOT-F01-NEW
100
AcDbLine
 10
22873.03
 20
-1749.51
 30
0.0
 11
22873.03
 21
11350.49
 31
0.0
  0
LINE
  5
17
330
2
100
AcDbEntity
  8
HT-A-NOPLOT-F01-NEW
100
AcDbLine
 10
21873.03
 20
10350.49
 30
0.0
 11
36673.03
 21
10350.49
 31
0.0
  0
LINE
  5
18
330
2
100
AcDbEntity
  8
HT-A-NOPLOT-F01-NEW
100
AcDbLine
 10
26873.03
 20
-1749.51
 30
0.0
 11
26873.03
 21
11350.49
 31
0.0
  0
LINE
  5
19
330
2
100
AcDbEntity
  8
HT-A-NOPLOT-F01-NEW
100
AcDbLine
 10
31673.03
 20
-1749.51
 30
0.0
 11
31673.03
 21
11350.49
 31
0.0
  0
LINE
  5
1A
330
2
100
AcDbEntity
  8
HT-A-NOPLOT-F01-NEW
100
AcDbLine
 10
35673.03
 20
-1749.51
 30
0.0
 11
35673.03
 21
11350.49
 31
0.0
  0
LINE
  5
1B
330
2
100
AcDbEntity
  8
HT-A-NOPLOT-F01-NEW
100
AcDbLine
 10
21873.03
 20
6750.49
 30
0.0
 11
36673.03
 21
6750.49
 31
0.0
  0
LINE
  5
1C
330
2
100
AcDbEntity
  8
HT-A-NOPLOT-F01-NEW
100
AcDbLine
 10
21873.03
 20
4950.49
 30
0.0
 11
36673.03
 21
4950.49
 31
0.0
  0
LINE
  5
1D
330
2
100
AcDbEntity
  8
HT-A-NOPLOT-F01-NEW
100
AcDbLine
 10
21873.03
 20
750.49
 30
0.0
 11
36673.03
 21
750.49
 31
0.0
  0
LINE
  5
1E
330
2
100
AcDbEntity
  8
HT-A-NOPLOT-F01-NEW
100
AcDbLine
 10
21873.03
 20
-749.51
 30
0.0
 11
36673.03
 21
-749.51
 31
0.0
  0
LWPOLYLINE
  5
119
330
2
100
AcDbEntity
  8
0
100
AcDbPolyline
 90
        3
 70
     0
 43
0.0
 10
22773.03
 20
650.49
 10
22773.03
 20
-849.51
 10
31573.03
 20
-849.51
  0
LWPOLYLINE
  5
11A
330
2
100
AcDbEntity
  8
0
100
AcDbPolyline
 90
        3
 70
     0
 43
0.0
 10
23073.03
 20
650.49
 10
23073.03
 20
-549.51
 10
31573.03
 20
-549.51
  0
LINE
  5
12B
330
2
100
AcDbEntity
  8
HT-A-NOPLOT-F01-NEW
100
AcDbLine
 10
76997.07
 20
-1749.51
 30
0.0
 11
76997.07
 21
11350.49
 31
0.0
  0
LINE
  5
12C
330
2
100
AcDbEntity
  8
HT-A-NOPLOT-F01-NEW
100
AcDbLine
 10
80997.07
 20
-1749.51
 30
0.0
 11
80997.07
 21
11350.49
 31
0.0
  0
LINE
  5
12D
330
2
100
AcDbEntity
  8
HT-A-NOPLOT-F01-NEW
100
AcDbLine
 10
85797.07
 20
-1749.51
 30
0.0
 11
85797.07
 21
11350.49
 31
0.0
  0
LINE
  5
12E
330
2
100
AcDbEntity
  8
HT-A-NOPLOT-F01-NEW
100
AcDbLine
 10
89797.07
 20
-1749.51
 30
0.0
 11
89797.07
 21
11350.49
 31
0.0
  0
LINE
  5
12F
330
2
100
AcDbEntity
  8
HT-A-NOPLOT-F01-NEW
100
AcDbLine
 10
75997.07
 20
10350.49
 30
0.0
 11
90797.07
 21
10350.49
 31
0.0
  0
LINE
  5
130
330
2
100
AcDbEntity
  8
HT-A-NOPLOT-F01-NEW
100
AcDbLine
 10
75997.07
 20
6750.49
 30
0.0
 11
90797.07
 21
6750.49
 31
0.0
  0
LINE
  5
131
330
2
100
AcDbEntity
  8
HT-A-NOPLOT-F01-NEW
100
AcDbLine
 10
75997.07
 20
4950.49
 30
0.0
 11
90797.07
 21
4950.49
 31
0.0
  0
LINE
  5
132
330
2
100
AcDbEntity
  8
HT-A-NOPLOT-F01-NEW
100
AcDbLine
 10
75997.07
 20
750.49
 30
0.0
 11
90797.07
 21
750.49
 31
0.0
  0
LINE
  5
133
330
2
100
AcDbEntity
  8
HT-A-NOPLOT-F01-NEW
100
AcDbLine
 10
75997.07
 20
-749.51
 30
0.0
 11
90797.07
 21
-749.51
 31
0.0
  0
LWPOLYLINE
  5
16F
330
2
100
AcDbEntity
  8
0
100
AcDbPolyline
 90
        3
 70
     0
 43
0.0
 10
76897.07
 20
650.49
 10
76897.07
 20
-849.51
 10
85697.07
 20
-849.51
  0
LWPOLYLINE
  5
170
330
2
100
AcDbEntity
  8
0
100
AcDbPolyline
 90
        3
 70
     0
 43
0.0
 10
77197.07
 20
650.49
 10
77197.07
 20
-549.51
 10
85697.07
 20
-549.51
  0
LWPOLYLINE
  5
182
330
2
100
AcDbEntity
  8
0
100
AcDbPolyline
 90
        3
 70
     0
 43
0.0
 10
77097.07
 20
650.49
 10
77097.07
 20
-649.51
 10
85697.07
 20
-649.51
  0
LWPOLYLINE
  5
186
330
2
100
AcDbEntity
  8
PUB_TITLE
100
AcDbPolyline
 90
        4
 70
     1
 43
0.0
 10
13453.76
 20
-7033.98
 10
44353.76
 20
-7033.98
 10
44353.76
 20
16666.02
 10
13453.76
 20
16666.02
  0
LWPOLYLINE
  5
189
330
2
100
AcDbEntity
  8
PUB_TITLE
100
AcDbPolyline
 90
        4
 70
     1
 43
0.0
 10
67577.8
 20
-7033.98
 10
98477.8
 20
-7033.98
 10
98477.8
 20
16666.02
 10
67577.8
 20
16666.02
  0
DIMENSION
  5
18E
330
2
100
AcDbEntity
  8
HT-A-AXIS-F01-NEW
100
AcDbDimension
280
     0
  2
*D9
 10
93297.07
 20
750.49
 30
0.0
 11
93022.07
 21
0.49
 31
0.0
 70
     1
 71
     5
 42
1500.0
 73
     0
 74
     0
 75
     0
  3
_TCH_ARCH&&100
100
AcDbAlignedDimension
 13
90797.07
 23
-749.51
 33
0.0
 14
90797.07
 24
750.49
 34
0.0
  0
DIMENSION
  5
1A2
330
2
100
AcDbEntity
  8
HT-A-AXIS-F01-NEW
100
AcDbDimension
280
     0
  2
*D10
 10
93297.07
 20
4950.49
 30
0.0
 11
93022.07
 21
2850.49
 31
0.0
 70
     1
 71
     5
 42
4200.0
 73
     0
 74
     0
 75
     0
  3
_TCH_ARCH&&100
100
AcDbAlignedDimension
 13
90797.07
 23
750.49
 33
0.0
 14
90797.07
 24
4950.49
 34
0.0
  0
DIMENSION
  5
1AF
330
2
100
AcDbEntity
  8
HT-A-AXIS-F01-NEW
100
AcDbDimension
280
     0
  2
*D11
 10
93297.07
 20
6750.49
 30
0.0
 11
93022.07
 21
5850.49
 31
0.0
 70
     1
 71
     5
 42
1800.0
 73
     0
 74
     0
 75
     0
  3
_TCH_ARCH&&100
100
AcDbAlignedDimension
 13
90797.07
 23
4950.49
 33
0.0
 14
90797.07
 24
6750.49
 34
0.0
  0
DIMENSION
  5
1BC
330
2
100
AcDbEntity
  8
HT-A-AXIS-F01-NEW
100
AcDbDimension
280
     0
  2
*D12
 10
93297.07
 20
10350.49
 30
0.0
 11
93022.07
 21
8550.49
 31
0.0
 70
     1
 71
     5
 42
3600.0
 73
     0
 74
     0
 75
     0
  3
_TCH_ARCH&&100
100
AcDbAlignedDimension
 13
90797.07
 23
6750.49
 33
0.0
 14
90797.07
 24
10350.49
 34
0.0
  0
DIMENSION
  5
1C9
330
2
100
AcDbEntity
  8
HT-A-AXIS-F01-NEW
100
AcDbDimension
280
     0
  2
*D13
 10
94097.07
 20
10350.49
 30
0.0
 11
93822.07
 21
4800.49
 31
0.0
 70
     1
 71
     5
 42
11100.0
 73
     0
 74
     0
 75
     0
  3
_TCH_ARCH&&100
100
AcDbAlignedDimension
 13
90797.07
 23
-749.51
 33
0.0
 14
90797.07
 24
10350.49
 34
0.0
  0
DIMENSION
  5
1D6
330
2
100
AcDbEntity
  8
HT-A-AXIS-F01-NEW
100
AcDbDimension
280
     0
  2
*D14
 10
73497.07
 20
750.49
 30
0.0
 11
73222.07
 21
0.49
 31
0.0
 70
     1
 71
     5
 42
1500.0
 73
     0
 74
     0
 75
     0
  3
_TCH_ARCH&&100
100
AcDbAlignedDimension
 13
75997.07
 23
-749.51
 33
0.0
 14
75997.07
 24
750.49
 34
0.0
  0
DIMENSION
  5
1E3
330
2
100
AcDbEntity
  8
HT-A-AXIS-F01-NEW
100
AcDbDimension
280
     0
  2
*D15
 10
73497.07
 20
4950.49
 30
0.0
 11
73222.07
 21
2850.49
 31
0.0
 70
     1
 71
     5
 42
4200.0
 73
     0
 74
     0
 75
     0
  3
_TCH_ARCH&&100
100
AcDbAlignedDimension
 13
75997.07
 23
750.49
 33
0.0
 14
75997.07
 24
4950.49
 34
0.0
  0
DIMENSION
  5
1F0
330
2
100
AcDbEntity
  8
HT-A-AXIS-F01-NEW
100
AcDbDimension
280
     0
  2
*D16
 10
73497.07
 20
6750.49
 30
0.0
 11
73222.07
 21
5850.49
 31
0.0
 70
     1
 71
     5
 42
1800.0
 73
     0
 74
     0
 75
     0
  3
_TCH_ARCH&&100
100
AcDbAlignedDimension
 13
75997.07
 23
4950.49
 33
0.0
 14
75997.07
 24
6750.49
 34
0.0
  0
DIMENSION
  5
1FD
330
2
100
AcDbEntity
  8
HT-A-AXIS-F01-NEW
100
AcDbDimension
280
     0
  2
*D17
 10
73497.07
 20
10350.49
 30
0.0
 11
73222.07
 21
8550.49
 31
0.0
 70
     1
 71
     5
 42
3600.0
 73
     0
 74
     0
 75
     0
  3
_TCH_ARCH&&100
100
AcDbAlignedDimension
 13
75997.07
 23
6750.49
 33
0.0
 14
75997.07
 24
10350.49
 34
0.0
  0
DIMENSION
  5
20A
330
2
100
AcDbEntity
  8
HT-A-AXIS-F01-NEW
100
AcDbDimension
280
     0
  2
*D18
 10
72697.07
 20
10350.49
 30
0.0
 11
72422.07
 21
4800.49
 31
0.0
 70
     1
 71
     5
 42
11100.0
 73
     0
 74
     0
 75
     0
  3
_TCH_ARCH&&100
100
AcDbAlignedDimension
 13
75997.07
 23
-749.51
 33
0.0
 14
75997.07
 24
10350.49
 34
0.0
  0
DIMENSION
  5
217
330
2
100
AcDbEntity
  8
HT-A-AXIS-F01-NEW
100
AcDbDimension
280
     0
  2
*D19
 10
80997.07
 20
12650.49
 30
0.0
 11
78997.07
 21
12925.49
 31
0.0
 70
     1
 71
     5
 42
4000.0
 73
     0
 74
     0
 75
     0
  3
_TCH_ARCH&&100
100
AcDbAlignedDimension
 13
76997.07
 23
11350.49
 33
0.0
 14
80997.07
 24
11350.49
 34
0.0
  0
DIMENSION
  5
224
330
2
100
AcDbEntity
  8
HT-A-AXIS-F01-NEW
100
AcDbDimension
280
     0
  2
*D20
 10
85797.07
 20
12650.49
 30
0.0
 11
83397.07
 21
12925.49
 31
0.0
 70
     1
 71
     5
 42
4800.0
 73
     0
 74
     0
 75
     0
  3
_TCH_ARCH&&100
100
AcDbAlignedDimension
 13
80997.07
 23
11350.49
 33
0.0
 14
85797.07
 24
11350.49
 34
0.0
  0
DIMENSION
  5
231
330
2
100
AcDbEntity
  8
HT-A-AXIS-F01-NEW
100
AcDbDimension
280
     0
  2
*D21
 10
89797.07
 20
12650.49
 30
0.0
 11
87797.07
 21
12925.49
 31
0.0
 70
     1
 71
     5
 42
4000.0
 73
     0
 74
     0
 75
     0
  3
_TCH_ARCH&&100
100
AcDbAlignedDimension
 13
85797.07
 23
11350.49
 33
0.0
 14
89797.07
 24
11350.49
 34
0.0
  0
DIMENSION
  5
23E
330
2
100
AcDbEntity
  8
HT-A-AXIS-F01-NEW
100
AcDbDimension
280
     0
  2
*D22
 10
89797.07
 20
13450.49
 30
0.0
 11
83397.07
 21
13725.49
 31
0.0
 70
     1
 71
     5
 42
12800.0
 73
     0
 74
     0
 75
     0
  3
_TCH_ARCH&&100
100
AcDbAlignedDimension
 13
76997.07
 23
11350.49
 33
0.0
 14
89797.07
 24
11350.49
 34
0.0
  0
DIMENSION
  5
24B
330
2
100
AcDbEntity
  8
HT-A-AXIS-F01-NEW
100
AcDbDimension
280
     0
  2
*D23
 10
80997.07
 20
-4249.51
 30
0.0
 11
78997.07
 21
-3974.51
 31
0.0
 70
     1
 71
     5
 42
4000.0
 73
     0
 74
     0
 75
     0
  3
_TCH_ARCH&&100
100
AcDbAlignedDimension
 13
76997.07
 23
-1749.51
 33
0.0
 14
80997.07
 24
-1749.51
 34
0.0
  0
DIMENSION
  5
258
330
2
100
AcDbEntity
  8
HT-A-AXIS-F01-NEW
100
AcDbDimension
280
     0
  2
*D24
 10
85797.07
 20
-4249.51
 30
0.0
 11
83397.07
 21
-3974.51
 31
0.0
 70
     1
 71
     5
 42
4800.0
 73
     0
 74
     0
 75
     0
  3
_TCH_ARCH&&100
100
AcDbAlignedDimension
 13
80997.07
 23
-1749.51
 33
0.0
 14
85797.07
 24
-1749.51
 34
0.0
  0
DIMENSION
  5
265
330
2
100
AcDbEntity
  8
HT-A-AXIS-F01-NEW
100
AcDbDimension
280
     0
  2
*D25
 10
89797.07
 20
-4249.51
 30
0.0
 11
87797.07
 21
-3974.51
 31
0.0
 70
     1
 71
     5
 42
4000.0
 73
     0
 74
     0
 75
     0
  3
_TCH_ARCH&&100
100
AcDbAlignedDimension
 13
85797.07
 23
-1749.51
 33
0.0
 14
89797.07
 24
-1749.51
 34
0.0
  0
DIMENSION
  5
272
330
2
100
AcDbEntity
  8
HT-A-AXIS-F01-NEW
100
AcDbDimension
280
     0
  2
*D26
 10
89797.07
 20
-5049.51
 30
0.0
 11
83397.07
 21
-4774.51
 31
0.0
 70
     1
 71
     5
 42
12800.0
 73
     0
 74
     0
 75
     0
  3
_TCH_ARCH&&100
100
AcDbAlignedDimension
 13
76997.07
 23
-1749.51
 33
0.0
 14
89797.07
 24
-1749.51
 34
0.0
  0
DIMENSION
  5
27F
330
2
100
AcDbEntity
  8
HT-A-AXIS-F01-NEW
100
AcDbDimension
280
     0
  2
*D27
 10
39173.03
 20
750.49
 30
0.0
 11
38898.03
 21
0.49
 31
0.0
 70
     1
 71
     5
 42
1500.0
 73
     0
 74
     0
 75
     0
  3
_TCH_ARCH&&100
100
AcDbAlignedDimension
 13
36673.03
 23
-749.51
 33
0.0
 14
36673.03
 24
750.49
 34
0.0
  0
DIMENSION
  5
28C
330
2
100
AcDbEntity
  8
HT-A-AXIS-F01-NEW
100
AcDbDimension
280
     0
  2
*D28
 10
39173.03
 20
4950.49
 30
0.0
 11
38898.03
 21
2850.49
 31
0.0
 70
     1
 71
     5
 42
4200.0
 73
     0
 74
     0
 75
     0
  3
_TCH_ARCH&&100
100
AcDbAlignedDimension
 13
36673.03
 23
750.49
 33
0.0
 14
36673.03
 24
4950.49
 34
0.0
  0
DIMENSION
  5
299
330
2
100
AcDbEntity
  8
HT-A-AXIS-F01-NEW
100
AcDbDimension
280
     0
  2
*D29
 10
39173.03
 20
6750.49
 30
0.0
 11
38898.03
 21
5850.49
 31
0.0
 70
     1
 71
     5
 42
1800.0
 73
     0
 74
     0
 75
     0
  3
_TCH_ARCH&&100
100
AcDbAlignedDimension
 13
36673.03
 23
4950.49
 33
0.0
 14
36673.03
 24
6750.49
 34
0.0
  0
DIMENSION
  5
2A6
330
2
100
AcDbEntity
  8
HT-A-AXIS-F01-NEW
100
AcDbDimension
280
     0
  2
*D30
 10
39173.03
 20
10350.49
 30
0.0
 11
38898.03
 21
8550.49
 31
0.0
 70
     1
 71
     5
 42
3600.0
 73
     0
 74
     0
 75
     0
  3
_TCH_ARCH&&100
100
AcDbAlignedDimension
 13
36673.03
 23
6750.49
 33
0.0
 14
36673.03
 24
10350.49
 34
0.0
  0
DIMENSION
  5
2B3
330
2
100
AcDbEntity
  8
HT-A-AXIS-F01-NEW
100
AcDbDimension
280
     0
  2
*D31
 10
39973.03
 20
10350.49
 30
0.0
 11
39698.03
 21
4800.49
 31
0.0
 70
     1
 71
     5
 42
11100.0
 73
     0
 74
     0
 75
     0
  3
_TCH_ARCH&&100
100
AcDbAlignedDimension
 13
36673.03
 23
-749.51
 33
0.0
 14
36673.03
 24
10350.49
 34
0.0
  0
DIMENSION
  5
2C0
330
2
100
AcDbEntity
  8
HT-A-AXIS-F01-NEW
100
AcDbDimension
280
     0
  2
*D32
 10
19373.03
 20
750.49
 30
0.0
 11
19098.03
 21
0.49
 31
0.0
 70
     1
 71
     5
 42
1500.0
 73
     0
 74
     0
 75
     0
  3
_TCH_ARCH&&100
100
AcDbAlignedDimension
 13
21873.03
 23
-749.51
 33
0.0
 14
21873.03
 24
750.49
 34
0.0
  0
DIMENSION
  5
2CD
330
2
100
AcDbEntity
  8
HT-A-AXIS-F01-NEW
100
AcDbDimension
280
     0
  2
*D33
 10
19373.03
 20
4950.49
 30
0.0
 11
19098.03
 21
2850.49
 31
0.0
 70
     1
 71
     5
 42
4200.0
 73
     0
 74
     0
 75
     0
  3
_TCH_ARCH&&100
100
AcDbAlignedDimension
 13
21873.03
 23
750.49
 33
0.0
 14
21873.03
 24
4950.49
 34
0.0
  0
DIMENSION
  5
2DA
330
2
100
AcDbEntity
  8
HT-A-AXIS-F01-NEW
100
AcDbDimension
280
     0
  2
*D34
 10
19373.03
 20
6750.49
 30
0.0
 11
19098.03
 21
5850.49
 31
0.0
 70
     1
 71
     5
 42
1800.0
 73
     0
 74
     0
 75
     0
  3
_TCH_ARCH&&100
100
AcDbAlignedDimension
 13
21873.03
 23
4950.49
 33
0.0
 14
21873.03
 24
6750.49
 34
0.0
  0
DIMENSION
  5
2E7
330
2
100
AcDbEntity
  8
HT-A-AXIS-F01-NEW
100
AcDbDimension
280
     0
  2
*D35
 10
19373.03
 20
10350.49
 30
0.0
 11
19098.03
 21
8550.49
 31
0.0
 70
     1
 71
     5
 42
3600.0
 73
     0
 74
     0
 75
     0
  3
_TCH_ARCH&&100
100
AcDbAlignedDimension
 13
21873.03
 23
6750.49
 33
0.0
 14
21873.03
 24
10350.49
 34
0.0
  0
DIMENSION
  5
2F4
330
2
100
AcDbEntity
  8
HT-A-AXIS-F01-NEW
100
AcDbDimension
280
     0
  2
*D36
 10
18573.03
 20
10350.49
 30
0.0
 11
18298.03
 21
4800.49
 31
0.0
 70
     1
 71
     5
 42
11100.0
 73
     0
 74
     0
 75
     0
  3
_TCH_ARCH&&100
100
AcDbAlignedDimension
 13
21873.03
 23
-749.51
 33
0.0
 14
21873.03
 24
10350.49
 34
0.0
  0
DIMENSION
  5
301
330
2
100
AcDbEntity
  8
HT-A-AXIS-F01-NEW
100
AcDbDimension
280
     0
  2
*D37
 10
26873.03
 20
13850.49
 30
0.0
 11
24873.03
 21
14125.49
 31
0.0
 70
     1
 71
     5
 42
4000.0
 73
     0
 74
     0
 75
     0
  3
_TCH_ARCH&&100
100
AcDbAlignedDimension
 13
22873.03
 23
11350.49
 33
0.0
 14
26873.03
 24
11350.49
 34
0.0
  0
DIMENSION
  5
30E
330
2
100
AcDbEntity
  8
HT-A-AXIS-F01-NEW
100
AcDbDimension
280
     0
  2
*D38
 10
31673.03
 20
13850.49
 30
0.0
 11
29273.03
 21
14125.49
 31
0.0
 70
     1
 71
     5
 42
4800.0
 73
     0
 74
     0
 75
     0
  3
_TCH_ARCH&&100
100
AcDbAlignedDimension
 13
26873.03
 23
11350.49
 33
0.0
 14
31673.03
 24
11350.49
 34
0.0
  0
DIMENSION
  5
31B
330
2
100
AcDbEntity
  8
HT-A-AXIS-F01-NEW
100
AcDbDimension
280
     0
  2
*D39
 10
35673.03
 20
13850.49
 30
0.0
 11
33673.03
 21
14125.49
 31
0.0
 70
     1
 71
     5
 42
4000.0
 73
     0
 74
     0
 75
     0
  3
_TCH_ARCH&&100
100
AcDbAlignedDimension
 13
31673.03
 23
11350.49
 33
0.0
 14
35673.03
 24
11350.49
 34
0.0
  0
DIMENSION
  5
328
330
2
100
AcDbEntity
  8
HT-A-AXIS-F01-NEW
100
AcDbDimension
280
     0
  2
*D40
 10
35673.03
 20
14650.49
 30
0.0
 11
29273.03
 21
14925.49
 31
0.0
 70
     1
 71
     5
 42
12800.0
 73
     0
 74
     0
 75
     0
  3
_TCH_ARCH&&100
100
AcDbAlignedDimension
 13
22873.03
 23
11350.49
 33
0.0
 14
35673.03
 24
11350.49
 34
0.0
  0
DIMENSION
  5
335
330
2
100
AcDbEntity
  8
HT-A-AXIS-F01-NEW
100
AcDbDimension
280
     0
  2
*D41
 10
26873.03
 20
-4249.51
 30
0.0
 11
24873.03
 21
-3974.51
 31
0.0
 70
     1
 71
     5
 42
4000.0
 73
     0
 74
     0
 75
     0
  3
_TCH_ARCH&&100
100
AcDbAlignedDimension
 13
22873.03
 23
-1749.51
 33
0.0
 14
26873.03
 24
-1749.51
 34
0.0
  0
DIMENSION
  5
342
330
2
100
AcDbEntity
  8
HT-A-AXIS-F01-NEW
100
AcDbDimension
280
     0
  2
*D42
 10
31673.03
 20
-4249.51
 30
0.0
 11
29273.03
 21
-3974.51
 31
0.0
 70
     1
 71
     5
 42
4800.0
 73
     0
 74
     0
 75
     0
  3
_TCH_ARCH&&100
100
AcDbAlignedDimension
 13
26873.03
 23
-1749.51
 33
0.0
 14
31673.03
 24
-1749.51
 34
0.0
  0
DIMENSION
  5
34F
330
2
100
AcDbEntity
  8
HT-A-AXIS-F01-NEW
100
AcDbDimension
280
     0
  2
*D43
 10
35673.03
 20
-4249.51
 30
0.0
 11
33673.03
 21
-3974.51
 31
0.0
 70
     1
 71
     5
 42
4000.0
 73
     0
 74
     0
 75
     0
  3
_TCH_ARCH&&100
100
AcDbAlignedDimension
 13
31673.03
 23
-1749.51
 33
0.0
 14
35673.03
 24
-1749.51
 34
0.0
  0
DIMENSION
  5
35C
330
2
100
AcDbEntity
  8
HT-A-AXIS-F01-NEW
100
AcDbDimension
280
     0
  2
*D44
 10
35673.03
 20
-5049.51
 30
0.0
 11
29273.03
 21
-4774.51
 31
0.0
 70
     1
 71
     5
 42
12800.0
 73
     0
 74
     0
 75
     0
  3
_TCH_ARCH&&100
100
AcDbAlignedDimension
 13
22873.03
 23
-1749.51
 33
0.0
 14
35673.03
 24
-1749.51
 34
0.0
  0
LINE
  5
3DC
330
2
100
AcDbEntity
  8
HT-A-WALL-F01-NEW
100
AcDbLine
 10
22973.03
 20
650.49
 30
0.0
 11
23773.03
 21
650.49
 31
0.0
  0
LINE
  5
3DD
330
2
100
AcDbEntity
  8
HT-A-WALL-F01-NEW
100
AcDbLine
 10
23773.03
 20
650.49
 30
0.0
 11
23773.03
 21
850.49
 31
0.0
  0
LINE
  5
3DE
330
2
100
AcDbEntity
  8
HT-A-WALL-F01-NEW
100
AcDbLine
 10
23773.03
 20
850.49
 30
0.0
 11
22973.03
 21
850.49
 31
0.0
  0
LINE
  5
3DF
330
2
100
AcDbEntity
  8
HT-A-WALL-F01-NEW
100
AcDbLine
 10
26773.03
 20
850.49
 30
0.0
 11
25973.03
 21
850.49
 31
0.0
  0
LINE
  5
3E0
330
2
100
AcDbEntity
  8
HT-A-WALL-F01-NEW
100
AcDbLine
 10
25973.03
 20
850.49
 30
0.0
 11
25973.03
 21
650.49
 31
0.0
  0
LINE
  5
3E1
330
2
100
AcDbEntity
  8
HT-A-WALL-F01-NEW
100
AcDbLine
 10
25973.03
 20
650.49
 30
0.0
 11
26773.03
 21
650.49
 31
0.0
  0
LINE
  5
3E2
330
2
100
AcDbEntity
  8
HT-A-WALL-F01-NEW
100
AcDbLine
 10
31773.03
 20
650.49
 30
0.0
 11
31773.03
 21
-649.51
 31
0.0
  0
LINE
  5
3E3
330
2
100
AcDbEntity
  8
HT-A-WALL-F01-NEW
100
AcDbLine
 10
31573.03
 20
650.49
 30
0.0
 11
31573.03
 21
-849.51
 31
0.0
  0
LINE
  5
3E4
330
2
100
AcDbEntity
  8
HT-A-WALL-F01-NEW
100
AcDbLine
 10
31573.03
 20
-849.51
 30
0.0
 11
32573.03
 21
-849.51
 31
0.0
  0
LINE
  5
3E5
330
2
100
AcDbEntity
  8
HT-A-WALL-F01-NEW
100
AcDbLine
 10
32573.03
 20
-849.51
 30
0.0
 11
32573.03
 21
-649.51
 31
0.0
  0
LINE
  5
3E6
330
2
100
AcDbEntity
  8
HT-A-WALL-F01-NEW
100
AcDbLine
 10
32573.03
 20
-649.51
 30
0.0
 11
31773.03
 21
-649.51
 31
0.0
  0
LINE
  5
3E7
330
2
100
AcDbEntity
  8
HT-A-WALL-F01-NEW
100
AcDbLine
 10
35573.03
 20
-649.51
 30
0.0
 11
34773.03
 21
-649.51
 31
0.0
  0
LINE
  5
3E8
330
2
100
AcDbEntity
  8
HT-A-WALL-F01-NEW
100
AcDbLine
 10
34773.03
 20
-649.51
 30
0.0
 11
34773.03
 21
-849.51
 31
0.0
  0
LINE
  5
3E9
330
2
100
AcDbEntity
  8
HT-A-WALL-F01-NEW
100
AcDbLine
 10
34773.03
 20
-849.51
 30
0.0
 11
35773.03
 21
-849.51
 31
0.0
  0
LINE
  5
3EA
330
2
100
AcDbEntity
  8
HT-A-WALL-F01-NEW
100
AcDbLine
 10
35573.03
 20
-649.51
 30
0.0
 11
35573.03
 21
650.49
 31
0.0
  0
LINE
  5
3EB
330
2
100
AcDbEntity
  8
HT-A-WALL-F01-NEW
100
AcDbLine
 10
35773.03
 20
-849.51
 30
0.0
 11
35773.03
 21
650.49
 31
0.0
  0
LINE
  5
3EC
330
2
100
AcDbEntity
  8
HT-A-WALL-F01-NEW
100
AcDbLine
 10
35573.03
 20
4850.49
 30
0.0
 11
32923.03
 21
4850.49
 31
0.0
  0
LINE
  5
3ED
330
2
100
AcDbEntity
  8
HT-A-WALL-F01-NEW
100
AcDbLine
 10
35573.03
 20
5050.49
 30
0.0
 11
32973.03
 21
5050.49
 31
0.0
  0
LINE
  5
3EE
330
2
100
AcDbEntity
  8
HT-A-WALL-F01-NEW
100
AcDbLine
 10
31773.03
 20
4850.49
 30
0.0
 11
31773.03
 21
850.49
 31
0.0
  0
LINE
  5
3EF
330
2
100
AcDbEntity
  8
HT-A-WALL-F01-NEW
100
AcDbLine
 10
31573.03
 20
4850.49
 30
0.0
 11
31573.03
 21
850.49
 31
0.0
  0
LINE
  5
3F0
330
2
100
AcDbEntity
  8
HT-A-WALL-F01-NEW
100
AcDbLine
 10
35573.03
 20
6650.49
 30
0.0
 11
35573.03
 21
6300.49
 31
0.0
  0
LINE
  5
3F1
330
2
100
AcDbEntity
  8
HT-A-WALL-F01-NEW
100
AcDbLine
 10
35573.03
 20
6300.49
 30
0.0
 11
35773.03
 21
6300.49
 31
0.0
  0
LINE
  5
3F2
330
2
100
AcDbEntity
  8
HT-A-WALL-F01-NEW
100
AcDbLine
 10
35773.03
 20
6300.49
 30
0.0
 11
35773.03
 21
6750.49
 31
0.0
  0
LINE
  5
3F3
330
2
100
AcDbEntity
  8
HT-A-WALL-F01-NEW
100
AcDbLine
 10
35773.03
 20
5050.49
 30
0.0
 11
35773.03
 21
5400.49
 31
0.0
  0
LINE
  5
3F4
330
2
100
AcDbEntity
  8
HT-A-WALL-F01-NEW
100
AcDbLine
 10
35773.03
 20
5400.49
 30
0.0
 11
35573.03
 21
5400.49
 31
0.0
  0
LINE
  5
3F5
330
2
100
AcDbEntity
  8
HT-A-WALL-F01-NEW
100
AcDbLine
 10
35573.03
 20
5400.49
 30
0.0
 11
35573.03
 21
5050.49
 31
0.0
  0
LINE
  5
3F6
330
2
100
AcDbEntity
  8
HT-A-WALL-F01-NEW
100
AcDbLine
 10
35573.03
 20
6650.49
 30
0.0
 11
32973.03
 21
6650.49
 31
0.0
  0
LINE
  5
3F7
330
2
100
AcDbEntity
  8
HT-A-WALL-F01-NEW
100
AcDbLine
 10
35573.03
 20
6850.49
 30
0.0
 11
32923.03
 21
6850.49
 31
0.0
  0
LINE
  5
3F8
330
2
100
AcDbEntity
  8
HT-A-WALL-F01-NEW
100
AcDbLine
 10
31573.03
 20
10250.49
 30
0.0
 11
31573.03
 21
7950.49
 31
0.0
  0
LINE
  5
3F9
330
2
100
AcDbEntity
  8
HT-A-WALL-F01-NEW
100
AcDbLine
 10
31573.03
 20
7950.49
 30
0.0
 11
31773.03
 21
7950.49
 31
0.0
  0
LINE
  5
3FA
330
2
100
AcDbEntity
  8
HT-A-WALL-F01-NEW
100
AcDbLine
 10
31773.03
 20
7950.49
 30
0.0
 11
31773.03
 21
10250.49
 31
0.0
  0
LINE
  5
3FB
330
2
100
AcDbEntity
  8
HT-A-WALL-F01-NEW
100
AcDbLine
 10
31773.03
 20
6850.49
 30
0.0
 11
31773.03
 21
6950.49
 31
0.0
  0
LINE
  5
3FC
330
2
100
AcDbEntity
  8
HT-A-WALL-F01-NEW
100
AcDbLine
 10
31773.03
 20
6950.49
 30
0.0
 11
31573.03
 21
6950.49
 31
0.0
  0
LINE
  5
3FD
330
2
100
AcDbEntity
  8
HT-A-WALL-F01-NEW
100
AcDbLine
 10
31573.03
 20
6950.49
 30
0.0
 11
31573.03
 21
6750.49
 31
0.0
  0
LINE
  5
3FE
330
2
100
AcDbEntity
  8
HT-A-WALL-F01-NEW
100
AcDbLine
 10
35573.03
 20
6850.49
 30
0.0
 11
35573.03
 21
10250.49
 31
0.0
  0
LINE
  5
3FF
330
2
100
AcDbEntity
  8
HT-A-WALL-F01-NEW
100
AcDbLine
 10
35773.03
 20
6750.49
 30
0.0
 11
35773.03
 21
10250.49
 31
0.0
  0
LINE
  5
400
330
2
100
AcDbEntity
  8
HT-A-WALL-F01-NEW
100
AcDbLine
 10
35573.03
 20
10450.49
 30
0.0
 11
34773.03
 21
10450.49
 31
0.0
  0
LINE
  5
401
330
2
100
AcDbEntity
  8
HT-A-WALL-F01-NEW
100
AcDbLine
 10
34773.03
 20
10450.49
 30
0.0
 11
34773.03
 21
10250.49
 31
0.0
  0
LINE
  5
402
330
2
100
AcDbEntity
  8
HT-A-WALL-F01-NEW
100
AcDbLine
 10
34773.03
 20
10250.49
 30
0.0
 11
35573.03
 21
10250.49
 31
0.0
  0
LINE
  5
403
330
2
100
AcDbEntity
  8
HT-A-WALL-F01-NEW
100
AcDbLine
 10
31773.03
 20
10250.49
 30
0.0
 11
32573.03
 21
10250.49
 31
0.0
  0
LINE
  5
404
330
2
100
AcDbEntity
  8
HT-A-WALL-F01-NEW
100
AcDbLine
 10
32573.03
 20
10250.49
 30
0.0
 11
32573.03
 21
10450.49
 31
0.0
  0
LINE
  5
405
330
2
100
AcDbEntity
  8
HT-A-WALL-F01-NEW
100
AcDbLine
 10
32573.03
 20
10450.49
 30
0.0
 11
31773.03
 21
10450.49
 31
0.0
  0
LINE
  5
406
330
2
100
AcDbEntity
  8
HT-A-WALL-F01-NEW
100
AcDbLine
 10
22773.03
 20
10250.49
 30
0.0
 11
22773.03
 21
9600.49
 31
0.0
  0
LINE
  5
407
330
2
100
AcDbEntity
  8
HT-A-WALL-F01-NEW
100
AcDbLine
 10
22773.03
 20
9600.49
 30
0.0
 11
22973.03
 21
9600.49
 31
0.0
  0
LINE
  5
408
330
2
100
AcDbEntity
  8
HT-A-WALL-F01-NEW
100
AcDbLine
 10
22973.03
 20
9600.49
 30
0.0
 11
22973.03
 21
10250.49
 31
0.0
  0
LINE
  5
409
330
2
100
AcDbEntity
  8
HT-A-WALL-F01-NEW
100
AcDbLine
 10
22973.03
 20
6850.49
 30
0.0
 11
22973.03
 21
8700.49
 31
0.0
  0
LINE
  5
40A
330
2
100
AcDbEntity
  8
HT-A-WALL-F01-NEW
100
AcDbLine
 10
22973.03
 20
8700.49
 30
0.0
 11
22773.03
 21
8700.49
 31
0.0
  0
LINE
  5
40B
330
2
100
AcDbEntity
  8
HT-A-WALL-F01-NEW
100
AcDbLine
 10
22773.03
 20
8700.49
 30
0.0
 11
22773.03
 21
6750.49
 31
0.0
  0
LINE
  5
40C
330
2
100
AcDbEntity
  8
HT-A-WALL-F01-NEW
100
AcDbLine
 10
22973.03
 20
4850.49
 30
0.0
 11
22973.03
 21
850.49
 31
0.0
  0
LINE
  5
40D
330
2
100
AcDbEntity
  8
HT-A-WALL-F01-NEW
100
AcDbLine
 10
22773.03
 20
4850.49
 30
0.0
 11
22773.03
 21
850.49
 31
0.0
  0
LINE
  5
40E
330
2
100
AcDbEntity
  8
HT-A-WALL-F01-NEW
100
AcDbLine
 10
22973.03
 20
5000.49
 30
0.0
 11
25523.03
 21
5000.49
 31
0.0
  0
LINE
  5
40F
330
2
100
AcDbEntity
  8
HT-A-WALL-F01-NEW
100
AcDbLine
 10
22973.03
 20
4900.49
 30
0.0
 11
25623.03
 21
4900.49
 31
0.0
  0
LINE
  5
410
330
2
100
AcDbEntity
  8
HT-A-WALL-F01-NEW
100
AcDbLine
 10
26973.03
 20
650.49
 30
0.0
 11
28373.03
 21
650.49
 31
0.0
  0
LINE
  5
411
330
2
100
AcDbEntity
  8
HT-A-WALL-F01-NEW
100
AcDbLine
 10
28373.03
 20
650.49
 30
0.0
 11
28373.03
 21
850.49
 31
0.0
  0
LINE
  5
412
330
2
100
AcDbEntity
  8
HT-A-WALL-F01-NEW
100
AcDbLine
 10
28373.03
 20
850.49
 30
0.0
 11
26973.03
 21
850.49
 31
0.0
  0
LINE
  5
413
330
2
100
AcDbEntity
  8
HT-A-WALL-F01-NEW
100
AcDbLine
 10
31573.03
 20
850.49
 30
0.0
 11
30173.03
 21
850.49
 31
0.0
  0
LINE
  5
414
330
2
100
AcDbEntity
  8
HT-A-WALL-F01-NEW
100
AcDbLine
 10
30173.03
 20
850.49
 30
0.0
 11
30173.03
 21
650.49
 31
0.0
  0
LINE
  5
415
330
2
100
AcDbEntity
  8
HT-A-WALL-F01-NEW
100
AcDbLine
 10
30173.03
 20
650.49
 30
0.0
 11
31573.03
 21
650.49
 31
0.0
  0
LINE
  5
416
330
2
100
AcDbEntity
  8
HT-A-WALL-F01-NEW
100
AcDbLine
 10
22773.03
 20
6750.49
 30
0.0
 11
22773.03
 21
6300.49
 31
0.0
  0
LINE
  5
417
330
2
100
AcDbEntity
  8
HT-A-WALL-F01-NEW
100
AcDbLine
 10
22773.03
 20
6300.49
 30
0.0
 11
22973.03
 21
6300.49
 31
0.0
  0
LINE
  5
418
330
2
100
AcDbEntity
  8
HT-A-WALL-F01-NEW
100
AcDbLine
 10
22973.03
 20
6300.49
 30
0.0
 11
22973.03
 21
6650.49
 31
0.0
  0
LINE
  5
419
330
2
100
AcDbEntity
  8
HT-A-WALL-F01-NEW
100
AcDbLine
 10
22973.03
 20
5050.49
 30
0.0
 11
22973.03
 21
5400.49
 31
0.0
  0
LINE
  5
41A
330
2
100
AcDbEntity
  8
HT-A-WALL-F01-NEW
100
AcDbLine
 10
22973.03
 20
5400.49
 30
0.0
 11
22773.03
 21
5400.49
 31
0.0
  0
LINE
  5
41B
330
2
100
AcDbEntity
  8
HT-A-WALL-F01-NEW
100
AcDbLine
 10
22773.03
 20
5400.49
 30
0.0
 11
22773.03
 21
5050.49
 31
0.0
  0
LINE
  5
41C
330
2
100
AcDbEntity
  8
HT-A-WALL-F01-NEW
100
AcDbLine
 10
26773.03
 20
6650.49
 30
0.0
 11
26773.03
 21
6550.49
 31
0.0
  0
LINE
  5
41D
330
2
100
AcDbEntity
  8
HT-A-WALL-F01-NEW
100
AcDbLine
 10
26773.03
 20
6550.49
 30
0.0
 11
26973.03
 21
6550.49
 31
0.0
  0
LINE
  5
41E
330
2
100
AcDbEntity
  8
HT-A-WALL-F01-NEW
100
AcDbLine
 10
26973.03
 20
6550.49
 30
0.0
 11
26973.03
 21
6850.49
 31
0.0
  0
LINE
  5
41F
330
2
100
AcDbEntity
  8
HT-A-WALL-F01-NEW
100
AcDbLine
 10
26973.03
 20
5050.49
 30
0.0
 11
26973.03
 21
5550.49
 31
0.0
  0
LINE
  5
420
330
2
100
AcDbEntity
  8
HT-A-WALL-F01-NEW
100
AcDbLine
 10
26973.03
 20
5550.49
 30
0.0
 11
26773.03
 21
5550.49
 31
0.0
  0
LINE
  5
421
330
2
100
AcDbEntity
  8
HT-A-WALL-F01-NEW
100
AcDbLine
 10
26773.03
 20
5550.49
 30
0.0
 11
26773.03
 21
5050.49
 31
0.0
  0
LINE
  5
422
330
2
100
AcDbEntity
  8
HT-A-WALL-F01-NEW
100
AcDbLine
 10
25523.03
 20
6650.49
 30
0.0
 11
25523.03
 21
5900.49
 31
0.0
  0
LINE
  5
423
330
2
100
AcDbEntity
  8
HT-A-WALL-F01-NEW
100
AcDbLine
 10
25523.03
 20
5900.49
 30
0.0
 11
25623.03
 21
5900.49
 31
0.0
  0
LINE
  5
424
330
2
100
AcDbEntity
  8
HT-A-WALL-F01-NEW
100
AcDbLine
 10
25623.03
 20
5900.49
 30
0.0
 11
25623.03
 21
6650.49
 31
0.0
  0
LINE
  5
425
330
2
100
AcDbEntity
  8
HT-A-WALL-F01-NEW
100
AcDbLine
 10
25623.03
 20
4900.49
 30
0.0
 11
25623.03
 21
5100.49
 31
0.0
  0
LINE
  5
426
330
2
100
AcDbEntity
  8
HT-A-WALL-F01-NEW
100
AcDbLine
 10
25623.03
 20
5100.49
 30
0.0
 11
25523.03
 21
5100.49
 31
0.0
  0
LINE
  5
427
330
2
100
AcDbEntity
  8
HT-A-WALL-F01-NEW
100
AcDbLine
 10
25523.03
 20
5100.49
 30
0.0
 11
25523.03
 21
5000.49
 31
0.0
  0
LINE
  5
428
330
2
100
AcDbEntity
  8
HT-A-WALL-F01-NEW
100
AcDbLine
 10
31573.03
 20
10450.49
 30
0.0
 11
30373.03
 21
10450.49
 31
0.0
  0
LINE
  5
429
330
2
100
AcDbEntity
  8
HT-A-WALL-F01-NEW
100
AcDbLine
 10
30373.03
 20
10450.49
 30
0.0
 11
30373.03
 21
10250.49
 31
0.0
  0
LINE
  5
42A
330
2
100
AcDbEntity
  8
HT-A-WALL-F01-NEW
100
AcDbLine
 10
30373.03
 20
10250.49
 30
0.0
 11
31573.03
 21
10250.49
 31
0.0
  0
LINE
  5
42B
330
2
100
AcDbEntity
  8
HT-A-WALL-F01-NEW
100
AcDbLine
 10
26973.03
 20
10250.49
 30
0.0
 11
28173.03
 21
10250.49
 31
0.0
  0
LINE
  5
42C
330
2
100
AcDbEntity
  8
HT-A-WALL-F01-NEW
100
AcDbLine
 10
28173.03
 20
10250.49
 30
0.0
 11
28173.03
 21
10450.49
 31
0.0
  0
LINE
  5
42D
330
2
100
AcDbEntity
  8
HT-A-WALL-F01-NEW
100
AcDbLine
 10
28173.03
 20
10450.49
 30
0.0
 11
26973.03
 21
10450.49
 31
0.0
  0
TEXT
  5
42E
330
2
100
AcDbEntity
  8
HT-A-ROOM-F01-NEW
100
AcDbText
 10
23730.36
 20
5826.5
 30
0.0
 40
482.27
  1
卫生间
  7
_TCH_SPACE
100
AcDbText
  0
TEXT
  5
42F
330
2
100
AcDbEntity
  8
HT-A-ROOM-F01-NEW
100
AcDbText
 10
23694.09
 20
5314.62
 30
0.0
 40
297.5
  1
4.12m
 41
0.71
  7
_TCH_SPACE
100
AcDbText
  0
TEXT
  5
430
330
2
100
AcDbEntity
  8
HT-A-ROOM-F01-NEW
100
AcDbText
 10
24654.09
 20
5489.62
 30
0.0
 40
148.75
  1
2
 41
0.71
  7
_TCH_SPACE
100
AcDbText
  0
TEXT
  5
431
330
2
100
AcDbEntity
  8
HT-A-ROOM-F01-NEW
100
AcDbText
 10
24141.64
 20
3316.06
 30
0.0
 40
482.27
  1
老人房
  7
_TCH_SPACE
100
AcDbText
  0
TEXT
  5
432
330
2
100
AcDbEntity
  8
HT-A-ROOM-F01-NEW
100
AcDbText
 10
24026.64
 20
2804.19
 30
0.0
 40
297.5
  1
17.58m
 41
0.71
  7
_TCH_SPACE
100
AcDbText
  0
TEXT
  5
433
330
2
100
AcDbEntity
  8
HT-A-ROOM-F01-NEW
100
AcDbText
 10
25186.64
 20
2979.19
 30
0.0
 40
148.75
  1
2
 41
0.71
  7
_TCH_SPACE
100
AcDbText
  0
TEXT
  5
434
330
2
100
AcDbEntity
  8
HT-A-ROOM-F01-NEW
100
AcDbText
 10
33308.58
 20
2474.13
 30
0.0
 40
482.27
  1
卧室
  7
_TCH_SPACE
100
AcDbText
  0
TEXT
  5
435
330
2
100
AcDbEntity
  8
HT-A-ROOM-F01-NEW
100
AcDbText
 10
32984.75
 20
1962.26
 30
0.0
 40
297.5
  1
20.90m
 41
0.71
  7
_TCH_SPACE
100
AcDbText
  0
TEXT
  5
436
330
2
100
AcDbEntity
  8
HT-A-ROOM-F01-NEW
100
AcDbText
 10
34184.75
 20
2137.26
 30
0.0
 40
148.75
  1
2
 41
0.71
  7
_TCH_SPACE
100
AcDbText
  0
TEXT
  5
437
330
2
100
AcDbEntity
  8
HT-A-ROOM-F01-NEW
100
AcDbText
 10
33686.69
 20
5838.78
 30
0.0
 40
482.27
  1
卫生间
  7
_TCH_SPACE
100
AcDbText
  0
TEXT
  5
438
330
2
100
AcDbEntity
  8
HT-A-ROOM-F01-NEW
100
AcDbText
 10
33650.41
 20
5326.9
 30
0.0
 40
297.5
  1
4.16m
 41
0.71
  7
_TCH_SPACE
100
AcDbText
  0
TEXT
  5
439
330
2
100
AcDbEntity
  8
HT-A-ROOM-F01-NEW
100
AcDbText
 10
34610.41
 20
5501.9
 30
0.0
 40
148.75
  1
2
 41
0.71
  7
_TCH_SPACE
100
AcDbText
  0
TEXT
  5
43A
330
2
100
AcDbEntity
  8
HT-A-ROOM-F01-NEW
100
AcDbText
 10
33211.75
 20
8624.26
 30
0.0
 40
482.27
  1
厨房
  7
_TCH_SPACE
100
AcDbText
  0
TEXT
  5
43B
330
2
100
AcDbEntity
  8
HT-A-ROOM-F01-NEW
100
AcDbText
 10
32923.87
 20
8112.38
 30
0.0
 40
297.5
  1
12.92m
 41
0.71
  7
_TCH_SPACE
100
AcDbText
  0
TEXT
  5
43C
330
2
100
AcDbEntity
  8
HT-A-ROOM-F01-NEW
100
AcDbText
 10
34083.87
 20
8287.38
 30
0.0
 40
148.75
  1
2
 41
0.71
  7
_TCH_SPACE
100
AcDbText
  0
INSERT
  5
43D
330
2
100
AcDbEntity
  8
HT-A-WIND-F01-NEW
100
AcDbBlockReference
 66
     1
  2
$DorLib2D$00000001
 10
26873.03
 20
6050.49
 30
0.0
 41
-1000.0
 42
-1000.0
 43
-1000.0
 50
270.0
1001
WTHICK
1040
200.0
  0
ATTRIB
  5
43E
330
43D
100
AcDbEntity
  8
HT-A-WIND-TEXT-F01-NEW
100
AcDbText
 10
27496.78
 20
5855.49
 30
0.0
 40
297.5
  1

 50
90.0
 41
0.71
  7
_TCH_WINDOW
100
AcDbAttribute
280
     0
  2
A
 70
     0
280
     0
  0
SEQEND
  5
43F
330
43D
100
AcDbEntity
  8
HT-A-WIND-F01-NEW
  0
LINE
  5
440
330
2
100
AcDbEntity
  8
HT-A-WALL-F01-NEW
100
AcDbLine
 10
32873.03
 20
6650.49
 30
0.0
 11
32873.03
 21
5950.49
 31
0.0
  0
LINE
  5
441
330
2
100
AcDbEntity
  8
HT-A-WALL-F01-NEW
100
AcDbLine
 10
32873.03
 20
5950.49
 30
0.0
 11
32973.03
 21
5950.49
 31
0.0
  0
LINE
  5
442
330
2
100
AcDbEntity
  8
HT-A-WALL-F01-NEW
100
AcDbLine
 10
32973.03
 20
5950.49
 30
0.0
 11
32973.03
 21
6650.49
 31
0.0
  0
LINE
  5
443
330
2
100
AcDbEntity
  8
HT-A-WALL-F01-NEW
100
AcDbLine
 10
32973.03
 20
5050.49
 30
0.0
 11
32973.03
 21
5150.49
 31
0.0
  0
LINE
  5
444
330
2
100
AcDbEntity
  8
HT-A-WALL-F01-NEW
100
AcDbLine
 10
32973.03
 20
5150.49
 30
0.0
 11
32873.03
 21
5150.49
 31
0.0
  0
LINE
  5
445
330
2
100
AcDbEntity
  8
HT-A-WALL-F01-NEW
100
AcDbLine
 10
32873.03
 20
5150.49
 30
0.0
 11
32873.03
 21
5050.49
 31
0.0
  0
LINE
  5
446
330
2
100
AcDbEntity
  8
HT-A-WALL-F01-NEW
100
AcDbLine
 10
31773.03
 20
6650.49
 30
0.0
 11
31773.03
 21
6250.49
 31
0.0
  0
LINE
  5
447
330
2
100
AcDbEntity
  8
HT-A-WALL-F01-NEW
100
AcDbLine
 10
31573.03
 20
6750.49
 30
0.0
 11
31573.03
 21
6250.49
 31
0.0
  0
LINE
  5
448
330
2
100
AcDbEntity
  8
HT-A-WALL-F01-NEW
100
AcDbLine
 10
31773.03
 20
6250.49
 30
0.0
 11
31573.03
 21
6250.49
 31
0.0
  0
TEXT
  5
449
330
2
100
AcDbEntity
  8
HT-A-TEXT-F01-NEW
 62
     7
100
AcDbText
 10
27113.03
 20
7225.49
 30
0.0
 40
337.59
  1
上
  7
_TCH_DIM
100
AcDbText
  0
LWPOLYLINE
  5
44A
330
2
100
AcDbEntity
  8
HT-A-DIMS-SYMB-F01-NEW
100
AcDbPolyline
 90
        3
 70
     0
 10
27008.03
 20
7400.49
 40
0.0
 41
0.0
 10
25793.03
 20
7400.49
 40
0.0
 41
80.0
 10
26093.03
 20
7400.49
 40
0.0
 41
0.0
  0
LINE
  5
44B
330
2
100
AcDbEntity
  8
STAIR
100
AcDbLine
 10
26603.03
 20
6850.49
 30
0.0
 11
26603.03
 21
7890.49
 31
0.0
  0
LINE
  5
44C
330
2
100
AcDbEntity
  8
STAIR
100
AcDbLine
 10
26333.03
 20
6850.49
 30
0.0
 11
26333.03
 21
7890.49
 31
0.0
  0
LINE
  5
44D
330
2
100
AcDbEntity
  8
STAIR
100
AcDbLine
 10
26063.03
 20
6850.49
 30
0.0
 11
26063.03
 21
7890.49
 31
0.0
  0
LINE
  5
44E
330
2
100
AcDbEntity
  8
STAIR
100
AcDbLine
 10
25793.03
 20
7166.66
 30
0.0
 11
25793.03
 21
7890.49
 31
0.0
  0
LINE
  5
44F
330
2
100
AcDbEntity
  8
STAIR
100
AcDbLine
 10
25523.03
 20
7634.32
 30
0.0
 11
25523.03
 21
7890.49
 31
0.0
  0
LINE
  5
450
330
2
100
AcDbEntity
  8
STAIR
100
AcDbLine
 10
26873.03
 20
6850.49
 30
0.0
 11
25975.57
 21
6850.49
 31
0.0
  0
LINE
  5
451
330
2
100
AcDbEntity
  8
STAIR
100
AcDbLine
 10
26873.03
 20
6850.49
 30
0.0
 11
26873.03
 21
7890.49
 31
0.0
  0
LINE
  5
452
330
2
100
AcDbEntity
  8
STAIR
100
AcDbLine
 10
26873.03
 20
7950.49
 30
0.0
 11
25340.49
 21
7950.49
 31
0.0
  0
LINE
  5
453
330
2
100
AcDbEntity
  8
STAIR
100
AcDbLine
 10
25340.49
 20
7950.49
 30
0.0
 11
25623.09
 21
7461.01
 31
0.0
  0
LINE
  5
454
330
2
100
AcDbEntity
  8
STAIR
100
AcDbLine
 10
25623.09
 20
7461.01
 30
0.0
 11
25753.49
 21
7495.95
 31
0.0
  0
LINE
  5
455
330
2
100
AcDbEntity
  8
STAIR
100
AcDbLine
 10
25753.49
 20
7495.95
 30
0.0
 11
25580.6
 21
7289.9
 31
0.0
  0
LINE
  5
456
330
2
100
AcDbEntity
  8
STAIR
100
AcDbLine
 10
25580.6
 20
7289.9
 30
0.0
 11
25702.95
 21
7322.69
 31
0.0
  0
LINE
  5
457
330
2
100
AcDbEntity
  8
STAIR
100
AcDbLine
 10
25702.95
 20
7322.69
 30
0.0
 11
25975.57
 21
6850.49
 31
0.0
  0
LINE
  5
458
330
2
100
AcDbEntity
  8
STAIR
100
AcDbLine
 10
26903.03
 20
7890.49
 30
0.0
 11
25375.13
 21
7890.49
 31
0.0
  0
LINE
  5
459
330
2
100
AcDbEntity
  8
STAIR
100
AcDbLine
 10
26903.03
 20
7950.49
 30
0.0
 11
25340.49
 21
7950.49
 31
0.0
  0
LINE
  5
45A
330
2
100
AcDbEntity
  8
STAIR
100
AcDbLine
 10
26903.03
 20
7890.49
 30
0.0
 11
26903.03
 21
7950.49
 31
0.0
  0
INSERT
  5
45B
330
2
100
AcDbEntity
  8
HT-A-WIND-F01-NEW
100
AcDbBlockReference
 66
     1
  2
$DorLib2D$00000001
 10
31673.03
 20
7450.49
 30
0.0
 41
1000.0
 42
1000.0
 43
1000.0
 50
270.0
1001
WTHICK
1040
200.0
  0
ATTRIB
  5
45C
330
45B
100
AcDbEntity
  8
HT-A-WIND-TEXT-F01-NEW
100
AcDbText
 10
31346.78
 20
7255.49
 30
0.0
 40
297.5
  1

 50
90.0
 41
0.71
  7
_TCH_WINDOW
100
AcDbAttribute
280
     0
  2
A
 70
     0
280
     0
  0
SEQEND
  5
45D
330
45B
100
AcDbEntity
  8
HT-A-WIND-F01-NEW
  0
LINE
  5
45E
330
2
100
AcDbEntity
  8
HT-A-WALL-F01-NEW
100
AcDbLine
 10
22973.03
 20
6850.49
 30
0.0
 11
25573.03
 21
6850.49
 31
0.0
  0
LINE
  5
45F
330
2
100
AcDbEntity
  8
HT-A-WALL-F01-NEW
100
AcDbLine
 10
22973.03
 20
6650.49
 30
0.0
 11
25523.03
 21
6650.49
 31
0.0
  0
INSERT
  5
460
330
2
100
AcDbEntity
  8
HT-A-WIND-F01-NEW
100
AcDbBlockReference
 66
     1
  2
$DorLib2D$00000001
 10
32323.03
 20
4950.49
 30
0.0
 41
1000.0
 42
1000.0
 43
1000.0
 50
180.0
1001
WTHICK
1040
200.0
  0
ATTRIB
  5
461
330
460
100
AcDbEntity
  8
HT-A-WIND-TEXT-F01-NEW
100
AcDbText
 10
32128.03
 20
5176.74
 30
0.0
 40
297.5
  1

 41
0.71
  7
_TCH_WINDOW
100
AcDbAttribute
280
     0
  2
A
 70
     0
280
     0
  0
SEQEND
  5
462
330
460
100
AcDbEntity
  8
HT-A-WIND-F01-NEW
  0
LINE
  5
463
330
2
100
AcDbEntity
  8
HT-A-WALL-F01-NEW
100
AcDbLine
 10
32873.03
 20
6650.49
 30
0.0
 11
31773.03
 21
6650.49
 31
0.0
  0
LINE
  5
464
330
2
100
AcDbEntity
  8
HT-A-WALL-F01-NEW
100
AcDbLine
 10
32923.03
 20
6850.49
 30
0.0
 11
31773.03
 21
6850.49
 31
0.0
  0
LINE
  5
465
330
2
100
AcDbEntity
  8
HT-A-WALL-F01-NEW
100
AcDbLine
 10
32873.03
 20
5050.49
 30
0.0
 11
32823.03
 21
5050.49
 31
0.0
  0
LINE
  5
466
330
2
100
AcDbEntity
  8
HT-A-WALL-F01-NEW
100
AcDbLine
 10
32823.03
 20
5050.49
 30
0.0
 11
32823.03
 21
4850.49
 31
0.0
  0
LINE
  5
467
330
2
100
AcDbEntity
  8
HT-A-WALL-F01-NEW
100
AcDbLine
 10
32823.03
 20
4850.49
 30
0.0
 11
32923.03
 21
4850.49
 31
0.0
  0
LINE
  5
468
330
2
100
AcDbEntity
  8
HT-A-WALL-F01-NEW
100
AcDbLine
 10
31773.03
 20
4850.49
 30
0.0
 11
31823.03
 21
4850.49
 31
0.0
  0
LINE
  5
469
330
2
100
AcDbEntity
  8
HT-A-WALL-F01-NEW
100
AcDbLine
 10
31823.03
 20
4850.49
 30
0.0
 11
31823.03
 21
5050.49
 31
0.0
  0
LINE
  5
46A
330
2
100
AcDbEntity
  8
HT-A-WALL-F01-NEW
100
AcDbLine
 10
31823.03
 20
5050.49
 30
0.0
 11
31773.03
 21
5050.49
 31
0.0
  0
LINE
  5
46B
330
2
100
AcDbEntity
  8
HT-A-WALL-F01-NEW
100
AcDbLine
 10
25573.03
 20
6850.49
 30
0.0
 11
26973.03
 21
6850.49
 31
0.0
  0
LINE
  5
46C
330
2
100
AcDbEntity
  8
HT-A-WALL-F01-NEW
100
AcDbLine
 10
25623.03
 20
6650.49
 30
0.0
 11
26773.03
 21
6650.49
 31
0.0
  0
INSERT
  5
46D
330
2
100
AcDbEntity
  8
HT-A-WIND-F01-NEW
100
AcDbBlockReference
 66
     1
  2
$DorLib2D$00000001
 10
25573.03
 20
5500.49
 30
0.0
 41
800.0
 42
-800.0
 43
800.0
 50
270.0
1001
WTHICK
1040
100.0
  0
ATTRIB
  5
46E
330
46D
100
AcDbEntity
  8
HT-A-WIND-TEXT-F01-NEW
100
AcDbText
 10
26046.78
 20
5305.49
 30
0.0
 40
297.5
  1

 50
90.0
 41
0.71
  7
_TCH_WINDOW
100
AcDbAttribute
280
     0
  2
A
 70
     0
280
     0
  0
SEQEND
  5
46F
330
46D
100
AcDbEntity
  8
HT-A-WIND-F01-NEW
  0
INSERT
  5
470
330
2
100
AcDbEntity
  8
HT-A-WIND-F01-NEW
100
AcDbBlockReference
 66
     1
  2
$DorLib2D$00000001
 10
32923.03
 20
5550.49
 30
0.0
 41
800.0
 42
800.0
 43
800.0
 50
270.0
1001
WTHICK
1040
100.0
  0
ATTRIB
  5
471
330
470
100
AcDbEntity
  8
HT-A-WIND-TEXT-F01-NEW
100
AcDbText
 10
32796.78
 20
5355.49
 30
0.0
 40
297.5
  1

 50
90.0
 41
0.71
  7
_TCH_WINDOW
100
AcDbAttribute
280
     0
  2
A
 70
     0
280
     0
  0
SEQEND
  5
472
330
470
100
AcDbEntity
  8
HT-A-WIND-F01-NEW
  0
TEXT
  5
473
330
2
100
AcDbEntity
  8
HT-A-ROOM-F01-NEW
100
AcDbText
 10
28575.33
 20
3974.13
 30
0.0
 40
482.27
  1
餐客厅
  7
_TCH_SPACE
100
AcDbText
  0
TEXT
  5
474
330
2
100
AcDbEntity
  8
HT-A-ROOM-F01-NEW
100
AcDbText
 10
28448.31
 20
3462.26
 30
0.0
 40
297.5
  1
43.24m
 41
0.71
  7
_TCH_SPACE
100
AcDbText
  0
TEXT
  5
475
330
2
100
AcDbEntity
  8
HT-A-ROOM-F01-NEW
100
AcDbText
 10
29648.31
 20
3637.26
 30
0.0
 40
148.75
  1
2
 41
0.71
  7
_TCH_SPACE
100
AcDbText
  0
LINE
  5
476
330
2
100
AcDbEntity
  8
HT-A-AXIS-F01-NEW
100
AcDbLine
 10
22873.03
 20
-1749.51
 30
0.0
 11
22873.03
 21
-5749.51
 31
0.0
  0
INSERT
  5
477
330
2
100
AcDbEntity
  8
HT-A-AXIS-F01-NEW
100
AcDbBlockReference
 66
     1
  2
_AXISO
 10
22873.03
 20
-6149.51
 30
0.0
 41
800.0
 42
800.0
 43
800.0
  0
ATTRIB
  5
478
330
477
100
AcDbEntity
  8
HT-A-AXIS-TEXT-F01-NEW
100
AcDbText
 10
22808.17
 20
-6421.9
 30
0.0
 40
544.77
  1
1
 41
0.56
  7
_TCH_AXIS
 72
     5
 11
22937.88
 21
-6421.9
 31
0.0
100
AcDbAttribute
280
     0
  2
A
 70
     0
280
     0
  0
SEQEND
  5
479
330
477
100
AcDbEntity
  8
HT-A-AXIS-F01-NEW
  0
LINE
  5
47A
330
2
100
AcDbEntity
  8
HT-A-AXIS-F01-NEW
100
AcDbLine
 10
22873.03
 20
11350.49
 30
0.0
 11
22873.03
 21
15350.49
 31
0.0
  0
INSERT
  5
47B
330
2
100
AcDbEntity
  8
HT-A-AXIS-F01-NEW
100
AcDbBlockReference
 66
     1
  2
_AXISO
 10
22873.03
 20
15750.49
 30
0.0
 41
800.0
 42
800.0
 43
800.0
  0
ATTRIB
  5
47C
330
47B
100
AcDbEntity
  8
HT-A-AXIS-TEXT-F01-NEW
100
AcDbText
 10
22808.17
 20
15478.1
 30
0.0
 40
544.77
  1
1
 41
0.56
  7
_TCH_AXIS
 72
     5
 11
22937.88
 21
15478.1
 31
0.0
100
AcDbAttribute
280
     0
  2
A
 70
     0
280
     0
  0
SEQEND
  5
47D
330
47B
100
AcDbEntity
  8
HT-A-AXIS-F01-NEW
  0
LINE
  5
47E
330
2
100
AcDbEntity
  8
HT-A-AXIS-F01-NEW
100
AcDbLine
 10
26873.03
 20
-1749.51
 30
0.0
 11
26873.03
 21
-5749.51
 31
0.0
  0
INSERT
  5
47F
330
2
100
AcDbEntity
  8
HT-A-AXIS-F01-NEW
100
AcDbBlockReference
 66
     1
  2
_AXISO
 10
26873.03
 20
-6149.51
 30
0.0
 41
800.0
 42
800.0
 43
800.0
  0
ATTRIB
  5
480
330
47F
100
AcDbEntity
  8
HT-A-AXIS-TEXT-F01-NEW
100
AcDbText
 10
26717.71
 20
-6382.48
 30
0.0
 40
465.95
  1
2
  7
_TCH_AXIS
 72
     5
 11
27028.34
 21
-6382.48
 31
0.0
100
AcDbAttribute
280
     0
  2
A
 70
     0
280
     0
  0
SEQEND
  5
481
330
47F
100
AcDbEntity
  8
HT-A-AXIS-F01-NEW
  0
LINE
  5
482
330
2
100
AcDbEntity
  8
HT-A-AXIS-F01-NEW
100
AcDbLine
 10
26873.03
 20
11350.49
 30
0.0
 11
26873.03
 21
15350.49
 31
0.0
  0
INSERT
  5
483
330
2
100
AcDbEntity
  8
HT-A-AXIS-F01-NEW
100
AcDbBlockReference
 66
     1
  2
_AXISO
 10
26873.03
 20
15750.49
 30
0.0
 41
800.0
 42
800.0
 43
800.0
  0
ATTRIB
  5
484
330
483
100
AcDbEntity
  8
HT-A-AXIS-TEXT-F01-NEW
100
AcDbText
 10
26717.71
 20
15517.52
 30
0.0
 40
465.95
  1
2
  7
_TCH_AXIS
 72
     5
 11
27028.34
 21
15517.52
 31
0.0
100
AcDbAttribute
280
     0
  2
A
 70
     0
280
     0
  0
SEQEND
  5
485
330
483
100
AcDbEntity
  8
HT-A-AXIS-F01-NEW
  0
LINE
  5
486
330
2
100
AcDbEntity
  8
HT-A-AXIS-F01-NEW
100
AcDbLine
 10
31673.03
 20
-1749.51
 30
0.0
 11
31673.03
 21
-5749.51
 31
0.0
  0
INSERT
  5
487
330
2
100
AcDbEntity
  8
HT-A-AXIS-F01-NEW
100
AcDbBlockReference
 66
     1
  2
_AXISO
 10
31673.03
 20
-6149.51
 30
0.0
 41
800.0
 42
800.0
 43
800.0
  0
ATTRIB
  5
488
330
487
100
AcDbEntity
  8
HT-A-AXIS-TEXT-F01-NEW
100
AcDbText
 10
31517.71
 20
-6382.48
 30
0.0
 40
465.95
  1
3
  7
_TCH_AXIS
 72
     5
 11
31828.34
 21
-6382.48
 31
0.0
100
AcDbAttribute
280
     0
  2
A
 70
     0
280
     0
  0
SEQEND
  5
489
330
487
100
AcDbEntity
  8
HT-A-AXIS-F01-NEW
  0
LINE
  5
48A
330
2
100
AcDbEntity
  8
HT-A-AXIS-F01-NEW
100
AcDbLine
 10
31673.03
 20
11350.49
 30
0.0
 11
31673.03
 21
15350.49
 31
0.0
  0
INSERT
  5
48B
330
2
100
AcDbEntity
  8
HT-A-AXIS-F01-NEW
100
AcDbBlockReference
 66
     1
  2
_AXISO
 10
31673.03
 20
15750.49
 30
0.0
 41
800.0
 42
800.0
 43
800.0
  0
ATTRIB
  5
48C
330
48B
100
AcDbEntity
  8
HT-A-AXIS-TEXT-F01-NEW
100
AcDbText
 10
31517.71
 20
15517.52
 30
0.0
 40
465.95
  1
3
  7
_TCH_AXIS
 72
     5
 11
31828.34
 21
15517.52
 31
0.0
100
AcDbAttribute
280
     0
  2
A
 70
     0
280
     0
  0
SEQEND
  5
48D
330
48B
100
AcDbEntity
  8
HT-A-AXIS-F01-NEW
  0
LINE
  5
48E
330
2
100
AcDbEntity
  8
HT-A-AXIS-F01-NEW
100
AcDbLine
 10
35673.03
 20
-1749.51
 30
0.0
 11
35673.03
 21
-5749.51
 31
0.0
  0
INSERT
  5
48F
330
2
100
AcDbEntity
  8
HT-A-AXIS-F01-NEW
100
AcDbBlockReference
 66
     1
  2
_AXISO
 10
35673.03
 20
-6149.51
 30
0.0
 41
800.0
 42
800.0
 43
800.0
  0
ATTRIB
  5
490
330
48F
100
AcDbEntity
  8
HT-A-AXIS-TEXT-F01-NEW
100
AcDbText
 10
35510.28
 20
-6377.36
 30
0.0
 40
455.69
  1
4
 41
0.94
  7
_TCH_AXIS
 72
     5
 11
35835.77
 21
-6377.36
 31
0.0
100
AcDbAttribute
280
     0
  2
A
 70
     0
280
     0
  0
SEQEND
  5
491
330
48F
100
AcDbEntity
  8
HT-A-AXIS-F01-NEW
  0
LINE
  5
492
330
2
100
AcDbEntity
  8
HT-A-AXIS-F01-NEW
100
AcDbLine
 10
35673.03
 20
11350.49
 30
0.0
 11
35673.03
 21
15350.49
 31
0.0
  0
INSERT
  5
493
330
2
100
AcDbEntity
  8
HT-A-AXIS-F01-NEW
100
AcDbBlockReference
 66
     1
  2
_AXISO
 10
35673.03
 20
15750.49
 30
0.0
 41
800.0
 42
800.0
 43
800.0
  0
ATTRIB
  5
494
330
493
100
AcDbEntity
  8
HT-A-AXIS-TEXT-F01-NEW
100
AcDbText
 10
35510.28
 20
15522.64
 30
0.0
 40
455.69
  1
4
 41
0.94
  7
_TCH_AXIS
 72
     5
 11
35835.77
 21
15522.64
 31
0.0
100
AcDbAttribute
280
     0
  2
A
 70
     0
280
     0
  0
SEQEND
  5
495
330
493
100
AcDbEntity
  8
HT-A-AXIS-F01-NEW
  0
LINE
  5
496
330
2
100
AcDbEntity
  8
HT-A-AXIS-F01-NEW
100
AcDbLine
 10
21873.03
 20
-749.51
 30
0.0
 11
17873.03
 21
-749.51
 31
0.0
  0
INSERT
  5
497
330
2
100
AcDbEntity
  8
HT-A-AXIS-F01-NEW
100
AcDbBlockReference
 66
     1
  2
_AXISO
 10
17473.03
 20
-749.51
 30
0.0
 41
800.0
 42
800.0
 43
800.0
  0
ATTRIB
  5
498
330
497
100
AcDbEntity
  8
HT-A-AXIS-TEXT-F01-NEW
100
AcDbText
 10
17303.34
 20
-972.23
 30
0.0
 40
445.44
  1
A
 41
0.89
  7
_TCH_AXIS
 72
     5
 11
17642.72
 21
-972.23
 31
0.0
100
AcDbAttribute
280
     0
  2
A
 70
     0
280
     0
  0
SEQEND
  5
499
330
497
100
AcDbEntity
  8
HT-A-AXIS-F01-NEW
  0
LINE
  5
49A
330
2
100
AcDbEntity
  8
HT-A-AXIS-F01-NEW
100
AcDbLine
 10
36673.03
 20
-749.51
 30
0.0
 11
40673.03
 21
-749.51
 31
0.0
  0
INSERT
  5
49B
330
2
100
AcDbEntity
  8
HT-A-AXIS-F01-NEW
100
AcDbBlockReference
 66
     1
  2
_AXISO
 10
41073.03
 20
-749.51
 30
0.0
 41
800.0
 42
800.0
 43
800.0
  0
ATTRIB
  5
49C
330
49B
100
AcDbEntity
  8
HT-A-AXIS-TEXT-F01-NEW
100
AcDbText
 10
40903.34
 20
-972.23
 30
0.0
 40
445.44
  1
A
 41
0.89
  7
_TCH_AXIS
 72
     5
 11
41242.72
 21
-972.23
 31
0.0
100
AcDbAttribute
280
     0
  2
A
 70
     0
280
     0
  0
SEQEND
  5
49D
330
49B
100
AcDbEntity
  8
HT-A-AXIS-F01-NEW
  0
LINE
  5
49E
330
2
100
AcDbEntity
  8
HT-A-AXIS-F01-NEW
100
AcDbLine
 10
21873.03
 20
750.49
 30
0.0
 11
17873.03
 21
750.49
 31
0.0
  0
INSERT
  5
49F
330
2
100
AcDbEntity
  8
HT-A-AXIS-F01-NEW
100
AcDbBlockReference
 66
     1
  2
_AXISO
 10
17473.03
 20
750.49
 30
0.0
 41
800.0
 42
800.0
 43
800.0
  0
ATTRIB
  5
4A0
330
49F
100
AcDbEntity
  8
HT-A-AXIS-TEXT-F01-NEW
100
AcDbText
 10
17317.71
 20
517.52
 30
0.0
 40
465.95
  1
B
 41
0.82
  7
_TCH_AXIS
 72
     5
 11
17628.34
 21
517.52
 31
0.0
100
AcDbAttribute
280
     0
  2
A
 70
     0
280
     0
  0
SEQEND
  5
4A1
330
49F
100
AcDbEntity
  8
HT-A-AXIS-F01-NEW
  0
LINE
  5
4A2
330
2
100
AcDbEntity
  8
HT-A-AXIS-F01-NEW
100
AcDbLine
 10
36673.03
 20
750.49
 30
0.0
 11
40673.03
 21
750.49
 31
0.0
  0
INSERT
  5
4A3
330
2
100
AcDbEntity
  8
HT-A-AXIS-F01-NEW
100
AcDbBlockReference
 66
     1
  2
_AXISO
 10
41073.03
 20
750.49
 30
0.0
 41
800.0
 42
800.0
 43
800.0
  0
ATTRIB
  5
4A4
330
4A3
100
AcDbEntity
  8
HT-A-AXIS-TEXT-F01-NEW
100
AcDbText
 10
40917.71
 20
517.52
 30
0.0
 40
465.95
  1
B
 41
0.82
  7
_TCH_AXIS
 72
     5
 11
41228.34
 21
517.52
 31
0.0
100
AcDbAttribute
280
     0
  2
A
 70
     0
280
     0
  0
SEQEND
  5
4A5
330
4A3
100
AcDbEntity
  8
HT-A-AXIS-F01-NEW
  0
LINE
  5
4A6
330
2
100
AcDbEntity
  8
HT-A-AXIS-F01-NEW
100
AcDbLine
 10
21873.03
 20
4950.49
 30
0.0
 11
17873.03
 21
4950.49
 31
0.0
  0
INSERT
  5
4A7
330
2
100
AcDbEntity
  8
HT-A-AXIS-F01-NEW
100
AcDbBlockReference
 66
     1
  2
_AXISO
 10
17473.03
 20
4950.49
 30
0.0
 41
800.0
 42
800.0
 43
800.0
  0
ATTRIB
  5
4A8
330
4A7
100
AcDbEntity
  8
HT-A-AXIS-TEXT-F01-NEW
100
AcDbText
 10
17310.28
 20
4722.64
 30
0.0
 40
455.69
  1
C
  7
_TCH_AXIS
 72
     5
 11
17635.77
 21
4722.64
 31
0.0
100
AcDbAttribute
280
     0
  2
A
 70
     0
280
     0
  0
SEQEND
  5
4A9
330
4A7
100
AcDbEntity
  8
HT-A-AXIS-F01-NEW
  0
LINE
  5
4AA
330
2
100
AcDbEntity
  8
HT-A-AXIS-F01-NEW
100
AcDbLine
 10
36673.03
 20
4950.49
 30
0.0
 11
40673.03
 21
4950.49
 31
0.0
  0
INSERT
  5
4AB
330
2
100
AcDbEntity
  8
HT-A-AXIS-F01-NEW
100
AcDbBlockReference
 66
     1
  2
_AXISO
 10
41073.03
 20
4950.49
 30
0.0
 41
800.0
 42
800.0
 43
800.0
  0
ATTRIB
  5
4AC
330
4AB
100
AcDbEntity
  8
HT-A-AXIS-TEXT-F01-NEW
100
AcDbText
 10
40910.28
 20
4722.64
 30
0.0
 40
455.69
  1
C
  7
_TCH_AXIS
 72
     5
 11
41235.77
 21
4722.64
 31
0.0
100
AcDbAttribute
280
     0
  2
A
 70
     0
280
     0
  0
SEQEND
  5
4AD
330
4AB
100
AcDbEntity
  8
HT-A-AXIS-F01-NEW
  0
LINE
  5
4AE
330
2
100
AcDbEntity
  8
HT-A-AXIS-F01-NEW
100
AcDbLine
 10
21873.03
 20
6750.49
 30
0.0
 11
17873.03
 21
6750.49
 31
0.0
  0
INSERT
  5
4AF
330
2
100
AcDbEntity
  8
HT-A-AXIS-F01-NEW
100
AcDbBlockReference
 66
     1
  2
_AXISO
 10
17473.03
 20
6750.49
 30
0.0
 41
800.0
 42
800.0
 43
800.0
  0
ATTRIB
  5
4B0
330
4AF
100
AcDbEntity
  8
HT-A-AXIS-TEXT-F01-NEW
100
AcDbText
 10
17317.71
 20
6517.52
 30
0.0
 40
465.95
  1
D
 41
0.82
  7
_TCH_AXIS
 72
     5
 11
17628.34
 21
6517.52
 31
0.0
100
AcDbAttribute
280
     0
  2
A
 70
     0
280
     0
  0
SEQEND
  5
4B1
330
4AF
100
AcDbEntity
  8
HT-A-AXIS-F01-NEW
  0
LINE
  5
4B2
330
2
100
AcDbEntity
  8
HT-A-AXIS-F01-NEW
100
AcDbLine
 10
36673.03
 20
6750.49
 30
0.0
 11
40673.03
 21
6750.49
 31
0.0
  0
INSERT
  5
4B3
330
2
100
AcDbEntity
  8
HT-A-AXIS-F01-NEW
100
AcDbBlockReference
 66
     1
  2
_AXISO
 10
41073.03
 20
6750.49
 30
0.0
 41
800.0
 42
800.0
 43
800.0
  0
ATTRIB
  5
4B4
330
4B3
100
AcDbEntity
  8
HT-A-AXIS-TEXT-F01-NEW
100
AcDbText
 10
40917.71
 20
6517.52
 30
0.0
 40
465.95
  1
D
 41
0.82
  7
_TCH_AXIS
 72
     5
 11
41228.34
 21
6517.52
 31
0.0
100
AcDbAttribute
280
     0
  2
A
 70
     0
280
     0
  0
SEQEND
  5
4B5
330
4B3
100
AcDbEntity
  8
HT-A-AXIS-F01-NEW
  0
LINE
  5
4B6
330
2
100
AcDbEntity
  8
HT-A-AXIS-F01-NEW
100
AcDbLine
 10
21873.03
 20
10350.49
 30
0.0
 11
17873.03
 21
10350.49
 31
0.0
  0
INSERT
  5
4B7
330
2
100
AcDbEntity
  8
HT-A-AXIS-F01-NEW
100
AcDbBlockReference
 66
     1
  2
_AXISO
 10
17473.03
 20
10350.49
 30
0.0
 41
800.0
 42
800.0
 43
800.0
  0
ATTRIB
  5
4B8
330
4B7
100
AcDbEntity
  8
HT-A-AXIS-TEXT-F01-NEW
100
AcDbText
 10
17325.65
 20
10112.42
 30
0.0
 40
476.15
  1
E
 41
0.81
  7
_TCH_AXIS
 72
     5
 11
17620.41
 21
10112.42
 31
0.0
100
AcDbAttribute
280
     0
  2
A
 70
     0
280
     0
  0
SEQEND
  5
4B9
330
4B7
100
AcDbEntity
  8
HT-A-AXIS-F01-NEW
  0
LINE
  5
4BA
330
2
100
AcDbEntity
  8
HT-A-AXIS-F01-NEW
100
AcDbLine
 10
36673.03
 20
10350.49
 30
0.0
 11
40673.03
 21
10350.49
 31
0.0
  0
INSERT
  5
4BB
330
2
100
AcDbEntity
  8
HT-A-AXIS-F01-NEW
100
AcDbBlockReference
 66
     1
  2
_AXISO
 10
41073.03
 20
10350.49
 30
0.0
 41
800.0
 42
800.0
 43
800.0
  0
ATTRIB
  5
4BC
330
4BB
100
AcDbEntity
  8
HT-A-AXIS-TEXT-F01-NEW
100
AcDbText
 10
40925.65
 20
10112.42
 30
0.0
 40
476.15
  1
E
 41
0.81
  7
_TCH_AXIS
 72
     5
 11
41220.41
 21
10112.42
 31
0.0
100
AcDbAttribute
280
     0
  2
A
 70
     0
280
     0
  0
SEQEND
  5
4BD
330
4BB
100
AcDbEntity
  8
HT-A-AXIS-F01-NEW
  0
INSERT
  5
4E0
330
2
100
AcDbEntity
  8
HT-A-COLUMN-F01-NEW
100
AcDbBlockReference
  2
_FZH
 10
22873.03
 20
750.49
 30
0.0
 41
200.0
 42
200.0
 43
200.0
  0
INSERT
  5
4E1
330
2
100
AcDbEntity
  8
HT-A-COLUMN-F01-NEW
100
AcDbBlockReference
  2
_FZH
 10
26873.03
 20
750.49
 30
0.0
 41
200.0
 42
200.0
 43
200.0
  0
INSERT
  5
4E2
330
2
100
AcDbEntity
  8
HT-A-COLUMN-F01-NEW
100
AcDbBlockReference
  2
_FZH
 10
22873.03
 20
4950.49
 30
0.0
 41
200.0
 42
200.0
 43
200.0
  0
INSERT
  5
4E3
330
2
100
AcDbEntity
  8
HT-A-COLUMN-F01-NEW
100
AcDbBlockReference
  2
_FZH
 10
26873.03
 20
4950.49
 30
0.0
 41
200.0
 42
200.0
 43
200.0
  0
LINE
  5
4E4
330
2
100
AcDbEntity
  8
HT-A-WALL-F01-NEW
100
AcDbLine
 10
26973.03
 20
4850.49
 30
0.0
 11
26973.03
 21
850.49
 31
0.0
  0
LINE
  5
4E5
330
2
100
AcDbEntity
  8
HT-A-WALL-F01-NEW
100
AcDbLine
 10
26773.03
 20
4850.49
 30
0.0
 11
26773.03
 21
850.49
 31
0.0
  0
INSERT
  5
4E6
330
2
100
AcDbEntity
  8
HT-A-COLUMN-F01-NEW
100
AcDbBlockReference
  2
_FZH
 10
22873.03
 20
10350.49
 30
0.0
 41
200.0
 42
200.0
 43
200.0
  0
INSERT
  5
4E7
330
2
100
AcDbEntity
  8
HT-A-COLUMN-F01-NEW
100
AcDbBlockReference
  2
_FZH
 10
26873.03
 20
10350.49
 30
0.0
 41
200.0
 42
200.0
 43
200.0
  0
LINE
  5
4E8
330
2
100
AcDbEntity
  8
HT-A-WALL-F01-NEW
100
AcDbLine
 10
26773.03
 20
10250.49
 30
0.0
 11
22973.03
 21
10250.49
 31
0.0
  0
LINE
  5
4E9
330
2
100
AcDbEntity
  8
HT-A-WALL-F01-NEW
100
AcDbLine
 10
26773.03
 20
10450.49
 30
0.0
 11
22973.03
 21
10450.49
 31
0.0
  0
INSERT
  5
4EA
330
2
100
AcDbEntity
  8
HT-A-COLUMN-F01-NEW
100
AcDbBlockReference
  2
_FZH
 10
31673.03
 20
750.49
 30
0.0
 41
200.0
 42
200.0
 43
200.0
  0
INSERT
  5
4EB
330
2
100
AcDbEntity
  8
HT-A-COLUMN-F01-NEW
100
AcDbBlockReference
  2
_FZH
 10
35673.03
 20
750.49
 30
0.0
 41
200.0
 42
200.0
 43
200.0
  0
LINE
  5
4EC
330
2
100
AcDbEntity
  8
HT-A-WALL-F01-NEW
100
AcDbLine
 10
35573.03
 20
850.49
 30
0.0
 11
35573.03
 21
4850.49
 31
0.0
  0
LINE
  5
4ED
330
2
100
AcDbEntity
  8
HT-A-WALL-F01-NEW
100
AcDbLine
 10
35773.03
 20
850.49
 30
0.0
 11
35773.03
 21
4850.49
 31
0.0
  0
INSERT
  5
4EE
330
2
100
AcDbEntity
  8
HT-A-COLUMN-F01-NEW
100
AcDbBlockReference
  2
_FZH
 10
35673.03
 20
4950.49
 30
0.0
 41
200.0
 42
200.0
 43
200.0
  0
INSERT
  5
4EF
330
2
100
AcDbEntity
  8
HT-A-COLUMN-F01-NEW
100
AcDbBlockReference
  2
_FZH
 10
31673.03
 20
4950.49
 30
0.0
 41
200.0
 42
200.0
 43
200.0
  0
INSERT
  5
4F0
330
2
100
AcDbEntity
  8
HT-A-COLUMN-F01-NEW
100
AcDbBlockReference
  2
_FZH
 10
31673.03
 20
10350.49
 30
0.0
 41
200.0
 42
200.0
 43
200.0
  0
INSERT
  5
4F1
330
2
100
AcDbEntity
  8
HT-A-COLUMN-F01-NEW
100
AcDbBlockReference
  2
_FZH
 10
35673.03
 20
10350.49
 30
0.0
 41
200.0
 42
200.0
 43
200.0
  0
INSERT
  5
4F2
330
2
100
AcDbEntity
  8
HT-A-WIND-F01-NEW
100
AcDbBlockReference
 66
     1
  2
$TCHSYS$WIN2D
 10
24873.03
 20
750.49
 30
0.0
 41
-2200.0
 42
200.0
 43
-2200.0
1001
WTHICK
1040
200.0
  0
ATTRIB
  5
4F3
330
4F2
100
AcDbEntity
  8
HT-A-WIND-TEXT-F01-NEW
100
AcDbText
 10
24678.03
 20
226.74
 30
0.0
 40
297.5
  1

 41
0.71
  7
_TCH_WINDOW
100
AcDbAttribute
280
     0
  2
A
 70
     0
280
     0
  0
SEQEND
  5
4F4
330
4F2
100
AcDbEntity
  8
HT-A-WIND-F01-NEW
  0
INSERT
  5
4F5
330
2
100
AcDbEntity
  8
HT-A-WIND-F01-NEW
100
AcDbBlockReference
 66
     1
  2
$TCHSYS$WIN2D
 10
33673.03
 20
-749.51
 30
0.0
 41
-2200.0
 42
200.0
 43
-2200.0
1001
WTHICK
1040
200.0
  0
ATTRIB
  5
4F6
330
4F5
100
AcDbEntity
  8
HT-A-WIND-TEXT-F01-NEW
100
AcDbText
 10
33478.03
 20
-1273.26
 30
0.0
 40
297.5
  1

 41
0.71
  7
_TCH_WINDOW
100
AcDbAttribute
280
     0
  2
A
 70
     0
280
     0
  0
SEQEND
  5
4F7
330
4F5
100
AcDbEntity
  8
HT-A-WIND-F01-NEW
  0
INSERT
  5
4F8
330
2
100
AcDbEntity
  8
HT-A-WIND-F01-NEW
100
AcDbBlockReference
 66
     1
  2
$TCHSYS$WIN2D
 10
29273.03
 20
10350.49
 30
0.0
 41
-2200.0
 42
-200.0
 43
-2200.0
 50
180.0
1001
WTHICK
1040
200.0
  0
ATTRIB
  5
4F9
330
4F8
100
AcDbEntity
  8
HT-A-WIND-TEXT-F01-NEW
100
AcDbText
 10
29078.03
 20
8626.74
 30
0.0
 40
297.5
  1

 41
0.71
  7
_TCH_WINDOW
100
AcDbAttribute
280
     0
  2
A
 70
     0
280
     0
  0
SEQEND
  5
4FA
330
4F8
100
AcDbEntity
  8
HT-A-WIND-F01-NEW
  0
INSERT
  5
4FB
330
2
100
AcDbEntity
  8
HT-A-WIND-F01-NEW
100
AcDbBlockReference
 66
     1
  2
$TCHSYS$WIN2D
 10
33673.03
 20
10350.49
 30
0.0
 41
-2200.0
 42
-200.0
 43
-2200.0
 50
180.0
1001
WTHICK
1040
200.0
  0
ATTRIB
  5
4FC
330
4FB
100
AcDbEntity
  8
HT-A-WIND-TEXT-F01-NEW
100
AcDbText
 10
33478.03
 20
8626.74
 30
0.0
 40
297.5
  1

 41
0.71
  7
_TCH_WINDOW
100
AcDbAttribute
280
     0
  2
A
 70
     0
280
     0
  0
SEQEND
  5
4FD
330
4FB
100
AcDbEntity
  8
HT-A-WIND-F01-NEW
  0
INSERT
  5
4FE
330
2
100
AcDbEntity
  8
HT-A-WIND-F01-NEW
100
AcDbBlockReference
 66
     1
  2
$TCHSYS$WIN2D
 10
22873.03
 20
5850.49
 30
0.0
 41
-900.0
 42
200.0
 43
-900.0
 50
270.0
1001
WTHICK
1040
200.0
  0
ATTRIB
  5
4FF
330
4FE
100
AcDbEntity
  8
HT-A-WIND-TEXT-F01-NEW
100
AcDbText
 10
22646.78
 20
5655.49
 30
0.0
 40
297.5
  1

 50
90.0
 41
0.71
  7
_TCH_WINDOW
100
AcDbAttribute
280
     0
  2
A
 70
     0
280
     0
  0
SEQEND
  5
500
330
4FE
100
AcDbEntity
  8
HT-A-WIND-F01-NEW
  0
INSERT
  5
501
330
2
100
AcDbEntity
  8
HT-A-WIND-F01-NEW
100
AcDbBlockReference
 66
     1
  2
$TCHSYS$WIN2D
 10
22873.03
 20
9150.49
 30
0.0
 41
-900.0
 42
200.0
 43
-900.0
 50
270.0
1001
WTHICK
1040
200.0
  0
ATTRIB
  5
502
330
501
100
AcDbEntity
  8
HT-A-WIND-TEXT-F01-NEW
100
AcDbText
 10
22646.78
 20
7755.49
 30
0.0
 40
297.5
  1

 50
90.0
 41
0.71
  7
_TCH_WINDOW
100
AcDbAttribute
280
     0
  2
A
 70
     0
280
     0
  0
SEQEND
  5
503
330
501
100
AcDbEntity
  8
HT-A-WIND-F01-NEW
  0
INSERT
  5
504
330
2
100
AcDbEntity
  8
HT-A-WIND-F01-NEW
100
AcDbBlockReference
 66
     1
  2
$TCHSYS$WIN2D
 10
35673.03
 20
5850.49
 30
0.0
 41
-900.0
 42
-200.0
 43
-900.0
 50
270.0
1001
WTHICK
1040
200.0
  0
ATTRIB
  5
505
330
504
100
AcDbEntity
  8
HT-A-WIND-TEXT-F01-NEW
100
AcDbText
 10
36196.78
 20
5655.49
 30
0.0
 40
297.5
  1

 50
90.0
 41
0.71
  7
_TCH_WINDOW
100
AcDbAttribute
280
     0
  2
A
 70
     0
280
     0
  0
SEQEND
  5
506
330
504
100
AcDbEntity
  8
HT-A-WIND-F01-NEW
  0
LINE
  5
507
330
2
100
AcDbEntity
  8
HT-A-WALL-F01-NEW
100
AcDbLine
 10
77097.07
 20
650.49
 30
0.0
 11
77897.07
 21
650.49
 31
0.0
  0
LINE
  5
508
330
2
100
AcDbEntity
  8
HT-A-WALL-F01-NEW
100
AcDbLine
 10
77897.07
 20
650.49
 30
0.0
 11
77897.07
 21
850.49
 31
0.0
  0
LINE
  5
509
330
2
100
AcDbEntity
  8
HT-A-WALL-F01-NEW
100
AcDbLine
 10
77897.07
 20
850.49
 30
0.0
 11
77097.07
 21
850.49
 31
0.0
  0
LINE
  5
50A
330
2
100
AcDbEntity
  8
HT-A-WALL-F01-NEW
100
AcDbLine
 10
80897.07
 20
850.49
 30
0.0
 11
80097.07
 21
850.49
 31
0.0
  0
LINE
  5
50B
330
2
100
AcDbEntity
  8
HT-A-WALL-F01-NEW
100
AcDbLine
 10
80097.07
 20
850.49
 30
0.0
 11
80097.07
 21
650.49
 31
0.0
  0
LINE
  5
50C
330
2
100
AcDbEntity
  8
HT-A-WALL-F01-NEW
100
AcDbLine
 10
80097.07
 20
650.49
 30
0.0
 11
80897.07
 21
650.49
 31
0.0
  0
INSERT
  5
50D
330
2
100
AcDbEntity
  8
HT-A-WIND-F01-NEW
100
AcDbBlockReference
 66
     1
  2
$TCHSYS$WIN2D
 10
78997.07
 20
750.49
 30
0.0
 41
-2200.0
 42
200.0
 43
-2200.0
1001
WTHICK
1040
200.0
  0
ATTRIB
  5
50E
330
50D
100
AcDbEntity
  8
HT-A-WIND-TEXT-F01-NEW
100
AcDbText
 10
78802.07
 20
226.74
 30
0.0
 40
297.5
  1

 41
0.71
  7
_TCH_WINDOW
100
AcDbAttribute
280
     0
  2
A
 70
     0
280
     0
  0
SEQEND
  5
50F
330
50D
100
AcDbEntity
  8
HT-A-WIND-F01-NEW
  0
LINE
  5
510
330
2
100
AcDbEntity
  8
HT-A-WALL-F01-NEW
100
AcDbLine
 10
85897.07
 20
650.49
 30
0.0
 11
85897.07
 21
-649.51
 31
0.0
  0
LINE
  5
511
330
2
100
AcDbEntity
  8
HT-A-WALL-F01-NEW
100
AcDbLine
 10
85697.07
 20
650.49
 30
0.0
 11
85697.07
 21
-849.51
 31
0.0
  0
LINE
  5
512
330
2
100
AcDbEntity
  8
HT-A-WALL-F01-NEW
100
AcDbLine
 10
85697.07
 20
-849.51
 30
0.0
 11
86697.07
 21
-849.51
 31
0.0
  0
LINE
  5
513
330
2
100
AcDbEntity
  8
HT-A-WALL-F01-NEW
100
AcDbLine
 10
86697.07
 20
-849.51
 30
0.0
 11
86697.07
 21
-649.51
 31
0.0
  0
LINE
  5
514
330
2
100
AcDbEntity
  8
HT-A-WALL-F01-NEW
100
AcDbLine
 10
86697.07
 20
-649.51
 30
0.0
 11
85897.07
 21
-649.51
 31
0.0
  0
LINE
  5
515
330
2
100
AcDbEntity
  8
HT-A-WALL-F01-NEW
100
AcDbLine
 10
89697.07
 20
-649.51
 30
0.0
 11
88897.07
 21
-649.51
 31
0.0
  0
LINE
  5
516
330
2
100
AcDbEntity
  8
HT-A-WALL-F01-NEW
100
AcDbLine
 10
88897.07
 20
-649.51
 30
0.0
 11
88897.07
 21
-849.51
 31
0.0
  0
LINE
  5
517
330
2
100
AcDbEntity
  8
HT-A-WALL-F01-NEW
100
AcDbLine
 10
88897.07
 20
-849.51
 30
0.0
 11
89897.07
 21
-849.51
 31
0.0
  0
INSERT
  5
518
330
2
100
AcDbEntity
  8
HT-A-WIND-F01-NEW
100
AcDbBlockReference
 66
     1
  2
$TCHSYS$WIN2D
 10
87797.07
 20
-749.51
 30
0.0
 41
-2200.0
 42
200.0
 43
-2200.0
1001
WTHICK
1040
200.0
  0
ATTRIB
  5
519
330
518
100
AcDbEntity
  8
HT-A-WIND-TEXT-F01-NEW
100
AcDbText
 10
87602.07
 20
-1273.26
 30
0.0
 40
297.5
  1

 41
0.71
  7
_TCH_WINDOW
100
AcDbAttribute
280
     0
  2
A
 70
     0
280
     0
  0
SEQEND
  5
51A
330
518
100
AcDbEntity
  8
HT-A-WIND-F01-NEW
  0
LINE
  5
51B
330
2
100
AcDbEntity
  8
HT-A-WALL-F01-NEW
100
AcDbLine
 10
89697.07
 20
-649.51
 30
0.0
 11
89697.07
 21
650.49
 31
0.0
  0
LINE
  5
51C
330
2
100
AcDbEntity
  8
HT-A-WALL-F01-NEW
100
AcDbLine
 10
89897.07
 20
-849.51
 30
0.0
 11
89897.07
 21
650.49
 31
0.0
  0
LINE
  5
51D
330
2
100
AcDbEntity
  8
HT-A-WALL-F01-NEW
100
AcDbLine
 10
89697.07
 20
4850.49
 30
0.0
 11
87047.07
 21
4850.49
 31
0.0
  0
LINE
  5
51E
330
2
100
AcDbEntity
  8
HT-A-WALL-F01-NEW
100
AcDbLine
 10
89697.07
 20
5050.49
 30
0.0
 11
87097.07
 21
5050.49
 31
0.0
  0
LINE
  5
51F
330
2
100
AcDbEntity
  8
HT-A-WALL-F01-NEW
100
AcDbLine
 10
85897.07
 20
4850.49
 30
0.0
 11
85897.07
 21
850.49
 31
0.0
  0
LINE
  5
520
330
2
100
AcDbEntity
  8
HT-A-WALL-F01-NEW
100
AcDbLine
 10
85697.07
 20
4850.49
 30
0.0
 11
85697.07
 21
850.49
 31
0.0
  0
LINE
  5
521
330
2
100
AcDbEntity
  8
HT-A-WALL-F01-NEW
100
AcDbLine
 10
89697.07
 20
6650.49
 30
0.0
 11
89697.07
 21
6300.49
 31
0.0
  0
LINE
  5
522
330
2
100
AcDbEntity
  8
HT-A-WALL-F01-NEW
100
AcDbLine
 10
89697.07
 20
6300.49
 30
0.0
 11
89897.07
 21
6300.49
 31
0.0
  0
LINE
  5
523
330
2
100
AcDbEntity
  8
HT-A-WALL-F01-NEW
100
AcDbLine
 10
89897.07
 20
6300.49
 30
0.0
 11
89897.07
 21
6750.49
 31
0.0
  0
LINE
  5
524
330
2
100
AcDbEntity
  8
HT-A-WALL-F01-NEW
100
AcDbLine
 10
89897.07
 20
5050.49
 30
0.0
 11
89897.07
 21
5400.49
 31
0.0
  0
LINE
  5
525
330
2
100
AcDbEntity
  8
HT-A-WALL-F01-NEW
100
AcDbLine
 10
89897.07
 20
5400.49
 30
0.0
 11
89697.07
 21
5400.49
 31
0.0
  0
LINE
  5
526
330
2
100
AcDbEntity
  8
HT-A-WALL-F01-NEW
100
AcDbLine
 10
89697.07
 20
5400.49
 30
0.0
 11
89697.07
 21
5050.49
 31
0.0
  0
INSERT
  5
527
330
2
100
AcDbEntity
  8
HT-A-WIND-F01-NEW
100
AcDbBlockReference
 66
     1
  2
$TCHSYS$WIN2D
 10
89797.07
 20
5850.49
 30
0.0
 41
-900.0
 42
-200.0
 43
-900.0
 50
270.0
1001
WTHICK
1040
200.0
  0
ATTRIB
  5
528
330
527
100
AcDbEntity
  8
HT-A-WIND-TEXT-F01-NEW
100
AcDbText
 10
90320.82
 20
5655.49
 30
0.0
 40
297.5
  1

 50
90.0
 41
0.71
  7
_TCH_WINDOW
100
AcDbAttribute
280
     0
  2
A
 70
     0
280
     0
  0
SEQEND
  5
529
330
527
100
AcDbEntity
  8
HT-A-WIND-F01-NEW
  0
LINE
  5
52A
330
2
100
AcDbEntity
  8
HT-A-WALL-F01-NEW
100
AcDbLine
 10
89697.07
 20
6650.49
 30
0.0
 11
87097.07
 21
6650.49
 31
0.0
  0
LINE
  5
52B
330
2
100
AcDbEntity
  8
HT-A-WALL-F01-NEW
100
AcDbLine
 10
89697.07
 20
6850.49
 30
0.0
 11
87047.07
 21
6850.49
 31
0.0
  0
LINE
  5
52C
330
2
100
AcDbEntity
  8
HT-A-WALL-F01-NEW
100
AcDbLine
 10
85897.07
 20
10250.49
 30
0.0
 11
85897.07
 21
6850.49
 31
0.0
  0
LINE
  5
52D
330
2
100
AcDbEntity
  8
HT-A-WALL-F01-NEW
100
AcDbLine
 10
85697.07
 20
10250.49
 30
0.0
 11
85697.07
 21
6650.49
 31
0.0
  0
LINE
  5
52E
330
2
100
AcDbEntity
  8
HT-A-WALL-F01-NEW
100
AcDbLine
 10
89697.07
 20
6850.49
 30
0.0
 11
89697.07
 21
10250.49
 31
0.0
  0
LINE
  5
52F
330
2
100
AcDbEntity
  8
HT-A-WALL-F01-NEW
100
AcDbLine
 10
89897.07
 20
6750.49
 30
0.0
 11
89897.07
 21
10250.49
 31
0.0
  0
LINE
  5
530
330
2
100
AcDbEntity
  8
HT-A-WALL-F01-NEW
100
AcDbLine
 10
89697.07
 20
10450.49
 30
0.0
 11
88897.07
 21
10450.49
 31
0.0
  0
LINE
  5
531
330
2
100
AcDbEntity
  8
HT-A-WALL-F01-NEW
100
AcDbLine
 10
88897.07
 20
10450.49
 30
0.0
 11
88897.07
 21
10250.49
 31
0.0
  0
LINE
  5
532
330
2
100
AcDbEntity
  8
HT-A-WALL-F01-NEW
100
AcDbLine
 10
88897.07
 20
10250.49
 30
0.0
 11
89697.07
 21
10250.49
 31
0.0
  0
LINE
  5
533
330
2
100
AcDbEntity
  8
HT-A-WALL-F01-NEW
100
AcDbLine
 10
85897.07
 20
10250.49
 30
0.0
 11
86697.07
 21
10250.49
 31
0.0
  0
LINE
  5
534
330
2
100
AcDbEntity
  8
HT-A-WALL-F01-NEW
100
AcDbLine
 10
86697.07
 20
10250.49
 30
0.0
 11
86697.07
 21
10450.49
 31
0.0
  0
LINE
  5
535
330
2
100
AcDbEntity
  8
HT-A-WALL-F01-NEW
100
AcDbLine
 10
86697.07
 20
10450.49
 30
0.0
 11
85897.07
 21
10450.49
 31
0.0
  0
INSERT
  5
536
330
2
100
AcDbEntity
  8
HT-A-WIND-F01-NEW
100
AcDbBlockReference
 66
     1
  2
$TCHSYS$WIN2D
 10
87797.07
 20
10350.49
 30
0.0
 41
-2200.0
 42
-200.0
 43
-2200.0
 50
180.0
1001
WTHICK
1040
200.0
  0
ATTRIB
  5
537
330
536
100
AcDbEntity
  8
HT-A-WIND-TEXT-F01-NEW
100
AcDbText
 10
87602.07
 20
8626.74
 30
0.0
 40
297.5
  1

 41
0.71
  7
_TCH_WINDOW
100
AcDbAttribute
280
     0
  2
A
 70
     0
280
     0
  0
SEQEND
  5
538
330
536
100
AcDbEntity
  8
HT-A-WIND-F01-NEW
  0
LINE
  5
539
330
2
100
AcDbEntity
  8
HT-A-WALL-F01-NEW
100
AcDbLine
 10
76897.07
 20
10250.49
 30
0.0
 11
76897.07
 21
8400.49
 31
0.0
  0
LINE
  5
53A
330
2
100
AcDbEntity
  8
HT-A-WALL-F01-NEW
100
AcDbLine
 10
76897.07
 20
8400.49
 30
0.0
 11
77097.07
 21
8400.49
 31
0.0
  0
LINE
  5
53B
330
2
100
AcDbEntity
  8
HT-A-WALL-F01-NEW
100
AcDbLine
 10
77097.07
 20
8400.49
 30
0.0
 11
77097.07
 21
10250.49
 31
0.0
  0
LINE
  5
53C
330
2
100
AcDbEntity
  8
HT-A-WALL-F01-NEW
100
AcDbLine
 10
77097.07
 20
6850.49
 30
0.0
 11
77097.07
 21
7500.49
 31
0.0
  0
LINE
  5
53D
330
2
100
AcDbEntity
  8
HT-A-WALL-F01-NEW
100
AcDbLine
 10
77097.07
 20
7500.49
 30
0.0
 11
76897.07
 21
7500.49
 31
0.0
  0
LINE
  5
53E
330
2
100
AcDbEntity
  8
HT-A-WALL-F01-NEW
100
AcDbLine
 10
76897.07
 20
7500.49
 30
0.0
 11
76897.07
 21
6750.49
 31
0.0
  0
INSERT
  5
53F
330
2
100
AcDbEntity
  8
HT-A-WIND-F01-NEW
100
AcDbBlockReference
 66
     1
  2
$TCHSYS$WIN2D
 10
76997.07
 20
7950.49
 30
0.0
 41
-900.0
 42
200.0
 43
-900.0
 50
270.0
1001
WTHICK
1040
200.0
  0
ATTRIB
  5
540
330
53F
100
AcDbEntity
  8
HT-A-WIND-TEXT-F01-NEW
100
AcDbText
 10
76770.82
 20
7755.49
 30
0.0
 40
297.5
  1

 50
90.0
 41
0.71
  7
_TCH_WINDOW
100
AcDbAttribute
280
     0
  2
A
 70
     0
280
     0
  0
SEQEND
  5
541
330
53F
100
AcDbEntity
  8
HT-A-WIND-F01-NEW
  0
LINE
  5
542
330
2
100
AcDbEntity
  8
HT-A-WALL-F01-NEW
100
AcDbLine
 10
77097.07
 20
4850.49
 30
0.0
 11
77097.07
 21
850.49
 31
0.0
  0
LINE
  5
543
330
2
100
AcDbEntity
  8
HT-A-WALL-F01-NEW
100
AcDbLine
 10
76897.07
 20
4850.49
 30
0.0
 11
76897.07
 21
850.49
 31
0.0
  0
LINE
  5
544
330
2
100
AcDbEntity
  8
HT-A-WALL-F01-NEW
100
AcDbLine
 10
77097.07
 20
5050.49
 30
0.0
 11
79647.07
 21
5050.49
 31
0.0
  0
LINE
  5
545
330
2
100
AcDbEntity
  8
HT-A-WALL-F01-NEW
100
AcDbLine
 10
77097.07
 20
4850.49
 30
0.0
 11
79697.07
 21
4850.49
 31
0.0
  0
LINE
  5
546
330
2
100
AcDbEntity
  8
HT-A-WALL-F01-NEW
100
AcDbLine
 10
81097.07
 20
650.49
 30
0.0
 11
82197.07
 21
650.49
 31
0.0
  0
LINE
  5
547
330
2
100
AcDbEntity
  8
HT-A-WALL-F01-NEW
100
AcDbLine
 10
82197.07
 20
650.49
 30
0.0
 11
82197.07
 21
850.49
 31
0.0
  0
LINE
  5
548
330
2
100
AcDbEntity
  8
HT-A-WALL-F01-NEW
100
AcDbLine
 10
82197.07
 20
850.49
 30
0.0
 11
81097.07
 21
850.49
 31
0.0
  0
LINE
  5
549
330
2
100
AcDbEntity
  8
HT-A-WALL-F01-NEW
100
AcDbLine
 10
85697.07
 20
850.49
 30
0.0
 11
84597.07
 21
850.49
 31
0.0
  0
LINE
  5
54A
330
2
100
AcDbEntity
  8
HT-A-WALL-F01-NEW
100
AcDbLine
 10
84597.07
 20
850.49
 30
0.0
 11
84597.07
 21
650.49
 31
0.0
  0
LINE
  5
54B
330
2
100
AcDbEntity
  8
HT-A-WALL-F01-NEW
100
AcDbLine
 10
84597.07
 20
650.49
 30
0.0
 11
85697.07
 21
650.49
 31
0.0
  0
LINE
  5
54C
330
2
100
AcDbEntity
  8
HT-A-WALL-F01-NEW
100
AcDbLine
 10
76897.07
 20
6750.49
 30
0.0
 11
76897.07
 21
6300.49
 31
0.0
  0
LINE
  5
54D
330
2
100
AcDbEntity
  8
HT-A-WALL-F01-NEW
100
AcDbLine
 10
76897.07
 20
6300.49
 30
0.0
 11
77097.07
 21
6300.49
 31
0.0
  0
LINE
  5
54E
330
2
100
AcDbEntity
  8
HT-A-WALL-F01-NEW
100
AcDbLine
 10
77097.07
 20
6300.49
 30
0.0
 11
77097.07
 21
6650.49
 31
0.0
  0
LINE
  5
54F
330
2
100
AcDbEntity
  8
HT-A-WALL-F01-NEW
100
AcDbLine
 10
77097.07
 20
5050.49
 30
0.0
 11
77097.07
 21
5400.49
 31
0.0
  0
LINE
  5
550
330
2
100
AcDbEntity
  8
HT-A-WALL-F01-NEW
100
AcDbLine
 10
77097.07
 20
5400.49
 30
0.0
 11
76897.07
 21
5400.49
 31
0.0
  0
LINE
  5
551
330
2
100
AcDbEntity
  8
HT-A-WALL-F01-NEW
100
AcDbLine
 10
76897.07
 20
5400.49
 30
0.0
 11
76897.07
 21
5050.49
 31
0.0
  0
INSERT
  5
552
330
2
100
AcDbEntity
  8
HT-A-WIND-F01-NEW
100
AcDbBlockReference
 66
     1
  2
$TCHSYS$WIN2D
 10
76997.07
 20
5850.49
 30
0.0
 41
-900.0
 42
200.0
 43
-900.0
 50
270.0
1001
WTHICK
1040
200.0
  0
ATTRIB
  5
553
330
552
100
AcDbEntity
  8
HT-A-WIND-TEXT-F01-NEW
100
AcDbText
 10
76770.82
 20
5655.49
 30
0.0
 40
297.5
  1

 50
90.0
 41
0.71
  7
_TCH_WINDOW
100
AcDbAttribute
280
     0
  2
A
 70
     0
280
     0
  0
SEQEND
  5
554
330
552
100
AcDbEntity
  8
HT-A-WIND-F01-NEW
  0
LINE
  5
555
330
2
100
AcDbEntity
  8
HT-A-WALL-F01-NEW
100
AcDbLine
 10
79647.07
 20
6650.49
 30
0.0
 11
79647.07
 21
5900.49
 31
0.0
  0
LINE
  5
556
330
2
100
AcDbEntity
  8
HT-A-WALL-F01-NEW
100
AcDbLine
 10
79647.07
 20
5900.49
 30
0.0
 11
79747.07
 21
5900.49
 31
0.0
  0
LINE
  5
557
330
2
100
AcDbEntity
  8
HT-A-WALL-F01-NEW
100
AcDbLine
 10
79747.07
 20
5900.49
 30
0.0
 11
79747.07
 21
6650.49
 31
0.0
  0
LINE
  5
558
330
2
100
AcDbEntity
  8
HT-A-WALL-F01-NEW
100
AcDbLine
 10
79747.07
 20
5050.49
 30
0.0
 11
79747.07
 21
5100.49
 31
0.0
  0
LINE
  5
559
330
2
100
AcDbEntity
  8
HT-A-WALL-F01-NEW
100
AcDbLine
 10
79747.07
 20
5100.49
 30
0.0
 11
79647.07
 21
5100.49
 31
0.0
  0
LINE
  5
55A
330
2
100
AcDbEntity
  8
HT-A-WALL-F01-NEW
100
AcDbLine
 10
79647.07
 20
5100.49
 30
0.0
 11
79647.07
 21
5050.49
 31
0.0
  0
INSERT
  5
55B
330
2
100
AcDbEntity
  8
HT-A-WIND-F01-NEW
100
AcDbBlockReference
 66
     1
  2
$DorLib2D$00000001
 10
79697.07
 20
5500.49
 30
0.0
 41
800.0
 42
-800.0
 43
800.0
 50
270.0
1001
WTHICK
1040
100.0
  0
ATTRIB
  5
55C
330
55B
100
AcDbEntity
  8
HT-A-WIND-TEXT-F01-NEW
100
AcDbText
 10
80170.82
 20
5305.49
 30
0.0
 40
297.5
  1

 50
90.0
 41
0.71
  7
_TCH_WINDOW
100
AcDbAttribute
280
     0
  2
A
 70
     0
280
     0
  0
SEQEND
  5
55D
330
55B
100
AcDbEntity
  8
HT-A-WIND-F01-NEW
  0
LINE
  5
55E
330
2
100
AcDbEntity
  8
HT-A-WALL-F01-NEW
100
AcDbLine
 10
85697.07
 20
10450.49
 30
0.0
 11
84497.07
 21
10450.49
 31
0.0
  0
LINE
  5
55F
330
2
100
AcDbEntity
  8
HT-A-WALL-F01-NEW
100
AcDbLine
 10
84497.07
 20
10450.49
 30
0.0
 11
84497.07
 21
10250.49
 31
0.0
  0
LINE
  5
560
330
2
100
AcDbEntity
  8
HT-A-WALL-F01-NEW
100
AcDbLine
 10
84497.07
 20
10250.49
 30
0.0
 11
85697.07
 21
10250.49
 31
0.0
  0
LINE
  5
561
330
2
100
AcDbEntity
  8
HT-A-WALL-F01-NEW
100
AcDbLine
 10
81097.07
 20
10250.49
 30
0.0
 11
82297.07
 21
10250.49
 31
0.0
  0
LINE
  5
562
330
2
100
AcDbEntity
  8
HT-A-WALL-F01-NEW
100
AcDbLine
 10
82297.07
 20
10250.49
 30
0.0
 11
82297.07
 21
10450.49
 31
0.0
  0
LINE
  5
563
330
2
100
AcDbEntity
  8
HT-A-WALL-F01-NEW
100
AcDbLine
 10
82297.07
 20
10450.49
 30
0.0
 11
81097.07
 21
10450.49
 31
0.0
  0
INSERT
  5
564
330
2
100
AcDbEntity
  8
HT-A-WIND-F01-NEW
100
AcDbBlockReference
 66
     1
  2
$TCHSYS$WIN2D
 10
83397.07
 20
10350.49
 30
0.0
 41
-2200.0
 42
-200.0
 43
-2200.0
 50
180.0
1001
WTHICK
1040
200.0
  0
ATTRIB
  5
565
330
564
100
AcDbEntity
  8
HT-A-WIND-TEXT-F01-NEW
100
AcDbText
 10
83202.07
 20
8626.74
 30
0.0
 40
297.5
  1

 41
0.71
  7
_TCH_WINDOW
100
AcDbAttribute
280
     0
  2
A
 70
     0
280
     0
  0
SEQEND
  5
566
330
564
100
AcDbEntity
  8
HT-A-WIND-F01-NEW
  0
TEXT
  5
567
330
2
100
AcDbEntity
  8
HT-A-ROOM-F01-NEW
100
AcDbText
 10
77854.41
 20
5826.5
 30
0.0
 40
482.27
  1
卫生间
  7
_TCH_SPACE
100
AcDbText
  0
TEXT
  5
568
330
2
100
AcDbEntity
  8
HT-A-ROOM-F01-NEW
100
AcDbText
 10
77818.13
 20
5314.62
 30
0.0
 40
297.5
  1
4.12m
 41
0.71
  7
_TCH_SPACE
100
AcDbText
  0
TEXT
  5
569
330
2
100
AcDbEntity
  8
HT-A-ROOM-F01-NEW
100
AcDbText
 10
78778.13
 20
5489.62
 30
0.0
 40
148.75
  1
2
 41
0.71
  7
_TCH_SPACE
100
AcDbText
  0
TEXT
  5
56A
330
2
100
AcDbEntity
  8
HT-A-ROOM-F01-NEW
100
AcDbText
 10
78454.52
 20
3035.08
 30
0.0
 40
482.27
  1
卧室
  7
_TCH_SPACE
100
AcDbText
  0
TEXT
  5
56B
330
2
100
AcDbEntity
  8
HT-A-ROOM-F01-NEW
100
AcDbText
 10
78150.69
 20
2523.21
 30
0.0
 40
297.5
  1
15.20m
 41
0.71
  7
_TCH_SPACE
100
AcDbText
  0
TEXT
  5
56C
330
2
100
AcDbEntity
  8
HT-A-ROOM-F01-NEW
100
AcDbText
 10
79310.69
 20
2698.21
 30
0.0
 40
148.75
  1
2
 41
0.71
  7
_TCH_SPACE
100
AcDbText
  0
TEXT
  5
56D
330
2
100
AcDbEntity
  8
HT-A-ROOM-F01-NEW
100
AcDbText
 10
87424.65
 20
2474.13
 30
0.0
 40
482.27
  1
主卧
  7
_TCH_SPACE
100
AcDbText
  0
TEXT
  5
56E
330
2
100
AcDbEntity
  8
HT-A-ROOM-F01-NEW
100
AcDbText
 10
87108.8
 20
1962.26
 30
0.0
 40
297.5
  1
20.90m
 41
0.71
  7
_TCH_SPACE
100
AcDbText
  0
TEXT
  5
56F
330
2
100
AcDbEntity
  8
HT-A-ROOM-F01-NEW
100
AcDbText
 10
88308.8
 20
2137.26
 30
0.0
 40
148.75
  1
2
 41
0.71
  7
_TCH_SPACE
100
AcDbText
  0
TEXT
  5
570
330
2
100
AcDbEntity
  8
HT-A-ROOM-F01-NEW
100
AcDbText
 10
87810.73
 20
5838.78
 30
0.0
 40
482.27
  1
卫生间
  7
_TCH_SPACE
100
AcDbText
  0
TEXT
  5
571
330
2
100
AcDbEntity
  8
HT-A-ROOM-F01-NEW
100
AcDbText
 10
87774.46
 20
5326.9
 30
0.0
 40
297.5
  1
4.16m
 41
0.71
  7
_TCH_SPACE
100
AcDbText
  0
TEXT
  5
572
330
2
100
AcDbEntity
  8
HT-A-ROOM-F01-NEW
100
AcDbText
 10
88734.46
 20
5501.9
 30
0.0
 40
148.75
  1
2
 41
0.71
  7
_TCH_SPACE
100
AcDbText
  0
TEXT
  5
573
330
2
100
AcDbEntity
  8
HT-A-ROOM-F01-NEW
100
AcDbText
 10
87351.75
 20
8620.19
 30
0.0
 40
482.27
  1
卧室
  7
_TCH_SPACE
100
AcDbText
  0
TEXT
  5
574
330
2
100
AcDbEntity
  8
HT-A-ROOM-F01-NEW
100
AcDbText
 10
87047.92
 20
8108.31
 30
0.0
 40
297.5
  1
12.92m
 41
0.71
  7
_TCH_SPACE
100
AcDbText
  0
TEXT
  5
575
330
2
100
AcDbEntity
  8
HT-A-ROOM-F01-NEW
100
AcDbText
 10
88207.92
 20
8283.31
 30
0.0
 40
148.75
  1
2
 41
0.71
  7
_TCH_SPACE
100
AcDbText
  0
LINE
  5
576
330
2
100
AcDbEntity
  8
HT-A-WALL-F01-NEW
100
AcDbLine
 10
86997.07
 20
6650.49
 30
0.0
 11
86997.07
 21
5950.49
 31
0.0
  0
LINE
  5
577
330
2
100
AcDbEntity
  8
HT-A-WALL-F01-NEW
100
AcDbLine
 10
86997.07
 20
5950.49
 30
0.0
 11
87097.07
 21
5950.49
 31
0.0
  0
LINE
  5
578
330
2
100
AcDbEntity
  8
HT-A-WALL-F01-NEW
100
AcDbLine
 10
87097.07
 20
5950.49
 30
0.0
 11
87097.07
 21
6650.49
 31
0.0
  0
LINE
  5
579
330
2
100
AcDbEntity
  8
HT-A-WALL-F01-NEW
100
AcDbLine
 10
87097.07
 20
5050.49
 30
0.0
 11
87097.07
 21
5150.49
 31
0.0
  0
LINE
  5
57A
330
2
100
AcDbEntity
  8
HT-A-WALL-F01-NEW
100
AcDbLine
 10
87097.07
 20
5150.49
 30
0.0
 11
86997.07
 21
5150.49
 31
0.0
  0
LINE
  5
57B
330
2
100
AcDbEntity
  8
HT-A-WALL-F01-NEW
100
AcDbLine
 10
86997.07
 20
5150.49
 30
0.0
 11
86997.07
 21
5050.49
 31
0.0
  0
INSERT
  5
57C
330
2
100
AcDbEntity
  8
HT-A-WIND-F01-NEW
100
AcDbBlockReference
 66
     1
  2
$DorLib2D$00000001
 10
87047.07
 20
5550.49
 30
0.0
 41
800.0
 42
800.0
 43
800.0
 50
270.0
1001
WTHICK
1040
100.0
  0
ATTRIB
  5
57D
330
57C
100
AcDbEntity
  8
HT-A-WIND-TEXT-F01-NEW
100
AcDbText
 10
86920.82
 20
5355.49
 30
0.0
 40
297.5
  1

 50
90.0
 41
0.71
  7
_TCH_WINDOW
100
AcDbAttribute
280
     0
  2
A
 70
     0
280
     0
  0
SEQEND
  5
57E
330
57C
100
AcDbEntity
  8
HT-A-WIND-F01-NEW
  0
TEXT
  5
57F
330
2
100
AcDbEntity
  8
HT-A-TEXT-F01-NEW
 62
     7
100
AcDbText
 10
81237.07
 20
9525.49
 30
0.0
 40
337.59
  1
下
  7
_TCH_DIM
100
AcDbText
  0
LWPOLYLINE
  5
580
330
2
100
AcDbEntity
  8
HT-A-DIMS-SYMB-F01-NEW
100
AcDbPolyline
 90
        5
 70
     0
 10
81132.07
 20
9700.49
 40
0.0
 41
0.0
 10
77697.07
 20
9700.49
 40
0.0
 41
0.0
 10
77697.07
 20
7400.49
 40
0.0
 41
0.0
 10
80862.07
 20
7400.49
 40
0.0
 41
80.0
 10
80562.07
 20
7400.49
 40
0.0
 41
0.0
  0
LINE
  5
581
330
2
100
AcDbEntity
  8
STAIR
100
AcDbLine
 10
80997.07
 20
6850.49
 30
0.0
 11
78297.07
 21
6850.49
 31
0.0
  0
LINE
  5
582
330
2
100
AcDbEntity
  8
STAIR
100
AcDbLine
 10
80727.07
 20
6850.49
 30
0.0
 11
80727.07
 21
7890.49
 31
0.0
  0
LINE
  5
583
330
2
100
AcDbEntity
  8
STAIR
100
AcDbLine
 10
80457.07
 20
6850.49
 30
0.0
 11
80457.07
 21
7890.49
 31
0.0
  0
LINE
  5
584
330
2
100
AcDbEntity
  8
STAIR
100
AcDbLine
 10
80187.07
 20
6850.49
 30
0.0
 11
80187.07
 21
7890.49
 31
0.0
  0
LINE
  5
585
330
2
100
AcDbEntity
  8
STAIR
100
AcDbLine
 10
79917.07
 20
6850.49
 30
0.0
 11
79917.07
 21
7890.49
 31
0.0
  0
LINE
  5
586
330
2
100
AcDbEntity
  8
STAIR
100
AcDbLine
 10
79647.07
 20
6850.49
 30
0.0
 11
79647.07
 21
7890.49
 31
0.0
  0
LINE
  5
587
330
2
100
AcDbEntity
  8
STAIR
100
AcDbLine
 10
79377.07
 20
6850.49
 30
0.0
 11
79377.07
 21
7890.49
 31
0.0
  0
LINE
  5
588
330
2
100
AcDbEntity
  8
STAIR
100
AcDbLine
 10
79107.07
 20
6850.49
 30
0.0
 11
79107.07
 21
7890.49
 31
0.0
  0
LINE
  5
589
330
2
100
AcDbEntity
  8
STAIR
100
AcDbLine
 10
78837.07
 20
6850.49
 30
0.0
 11
78837.07
 21
7890.49
 31
0.0
  0
LINE
  5
58A
330
2
100
AcDbEntity
  8
STAIR
100
AcDbLine
 10
78567.07
 20
6850.49
 30
0.0
 11
78567.07
 21
7890.49
 31
0.0
  0
LINE
  5
58B
330
2
100
AcDbEntity
  8
STAIR
100
AcDbLine
 10
78297.07
 20
6850.49
 30
0.0
 11
78297.07
 21
7890.49
 31
0.0
  0
LINE
  5
58C
330
2
100
AcDbEntity
  8
STAIR
100
AcDbLine
 10
80997.07
 20
7950.49
 30
0.0
 11
78297.07
 21
7950.49
 31
0.0
  0
LINE
  5
58D
330
2
100
AcDbEntity
  8
STAIR
100
AcDbLine
 10
80997.07
 20
6850.49
 30
0.0
 11
80997.07
 21
7890.49
 31
0.0
  0
LINE
  5
58E
330
2
100
AcDbEntity
  8
STAIR
100
AcDbLine
 10
80997.07
 20
7890.49
 30
0.0
 11
80997.07
 21
7950.49
 31
0.0
  0
LINE
  5
58F
330
2
100
AcDbEntity
  8
STAIR
100
AcDbLine
 10
78297.07
 20
10250.49
 30
0.0
 11
80997.07
 21
10250.49
 31
0.0
  0
LINE
  5
590
330
2
100
AcDbEntity
  8
STAIR
100
AcDbLine
 10
78297.07
 20
10250.49
 30
0.0
 11
78297.07
 21
9210.49
 31
0.0
  0
LINE
  5
591
330
2
100
AcDbEntity
  8
STAIR
100
AcDbLine
 10
78567.07
 20
10250.49
 30
0.0
 11
78567.07
 21
9210.49
 31
0.0
  0
LINE
  5
592
330
2
100
AcDbEntity
  8
STAIR
100
AcDbLine
 10
78837.07
 20
10250.49
 30
0.0
 11
78837.07
 21
9210.49
 31
0.0
  0
LINE
  5
593
330
2
100
AcDbEntity
  8
STAIR
100
AcDbLine
 10
79107.07
 20
10250.49
 30
0.0
 11
79107.07
 21
9210.49
 31
0.0
  0
LINE
  5
594
330
2
100
AcDbEntity
  8
STAIR
100
AcDbLine
 10
79377.07
 20
10250.49
 30
0.0
 11
79377.07
 21
9210.49
 31
0.0
  0
LINE
  5
595
330
2
100
AcDbEntity
  8
STAIR
100
AcDbLine
 10
79647.07
 20
10250.49
 30
0.0
 11
79647.07
 21
9210.49
 31
0.0
  0
LINE
  5
596
330
2
100
AcDbEntity
  8
STAIR
100
AcDbLine
 10
79917.07
 20
10250.49
 30
0.0
 11
79917.07
 21
9210.49
 31
0.0
  0
LINE
  5
597
330
2
100
AcDbEntity
  8
STAIR
100
AcDbLine
 10
80187.07
 20
10250.49
 30
0.0
 11
80187.07
 21
9210.49
 31
0.0
  0
LINE
  5
598
330
2
100
AcDbEntity
  8
STAIR
100
AcDbLine
 10
80457.07
 20
10250.49
 30
0.0
 11
80457.07
 21
9210.49
 31
0.0
  0
LINE
  5
599
330
2
100
AcDbEntity
  8
STAIR
100
AcDbLine
 10
80727.07
 20
10250.49
 30
0.0
 11
80727.07
 21
9210.49
 31
0.0
  0
LINE
  5
59A
330
2
100
AcDbEntity
  8
STAIR
100
AcDbLine
 10
80997.07
 20
10250.49
 30
0.0
 11
80997.07
 21
9210.49
 31
0.0
  0
LINE
  5
59B
330
2
100
AcDbEntity
  8
STAIR
100
AcDbLine
 10
78297.07
 20
9150.49
 30
0.0
 11
80997.07
 21
9150.49
 31
0.0
  0
LINE
  5
59C
330
2
100
AcDbEntity
  8
STAIR
100
AcDbLine
 10
80997.07
 20
7890.49
 30
0.0
 11
78237.07
 21
7890.49
 31
0.0
  0
LINE
  5
59D
330
2
100
AcDbEntity
  8
STAIR
100
AcDbLine
 10
78237.07
 20
7890.49
 30
0.0
 11
78237.07
 21
9210.49
 31
0.0
  0
LINE
  5
59E
330
2
100
AcDbEntity
  8
STAIR
100
AcDbLine
 10
78237.07
 20
9210.49
 30
0.0
 11
81057.07
 21
9210.49
 31
0.0
  0
LINE
  5
59F
330
2
100
AcDbEntity
  8
STAIR
100
AcDbLine
 10
81057.07
 20
9210.49
 30
0.0
 11
81057.07
 21
6850.49
 31
0.0
  0
LINE
  5
5A0
330
2
100
AcDbEntity
  8
STAIR
100
AcDbLine
 10
80997.07
 20
7950.49
 30
0.0
 11
78297.07
 21
7950.49
 31
0.0
  0
LINE
  5
5A1
330
2
100
AcDbEntity
  8
STAIR
100
AcDbLine
 10
78297.07
 20
7950.49
 30
0.0
 11
78297.07
 21
9150.49
 31
0.0
  0
LINE
  5
5A2
330
2
100
AcDbEntity
  8
STAIR
100
AcDbLine
 10
78297.07
 20
9150.49
 30
0.0
 11
80997.07
 21
9150.49
 31
0.0
  0
LINE
  5
5A3
330
2
100
AcDbEntity
  8
STAIR
100
AcDbLine
 10
80997.07
 20
9150.49
 30
0.0
 11
80997.07
 21
6850.49
 31
0.0
  0
LINE
  5
5A4
330
2
100
AcDbEntity
  8
STAIR
100
AcDbLine
 10
80997.07
 20
7890.49
 30
0.0
 11
80997.07
 21
7950.49
 31
0.0
  0
LINE
  5
5A5
330
2
100
AcDbEntity
  8
STAIR
100
AcDbLine
 10
81057.07
 20
6850.49
 30
0.0
 11
80997.07
 21
6850.49
 31
0.0
  0
LINE
  5
5A6
330
2
100
AcDbEntity
  8
STAIR
100
AcDbLine
 10
78297.07
 20
10250.49
 30
0.0
 11
77097.07
 21
10250.49
 31
0.0
  0
LINE
  5
5A7
330
2
100
AcDbEntity
  8
STAIR
100
AcDbLine
 10
77097.07
 20
10250.49
 30
0.0
 11
77097.07
 21
6850.49
 31
0.0
  0
LINE
  5
5A8
330
2
100
AcDbEntity
  8
STAIR
100
AcDbLine
 10
77097.07
 20
6850.49
 30
0.0
 11
78297.07
 21
6850.49
 31
0.0
  0
LINE
  5
5A9
330
2
100
AcDbEntity
  8
STAIR
100
AcDbLine
 10
78297.07
 20
6850.49
 30
0.0
 11
78297.07
 21
7890.49
 31
0.0
  0
LINE
  5
5AA
330
2
100
AcDbEntity
  8
STAIR
100
AcDbLine
 10
78297.07
 20
9210.49
 30
0.0
 11
78297.07
 21
10250.49
 31
0.0
  0
LINE
  5
5AB
330
2
100
AcDbEntity
  8
STAIR
100
AcDbLine
 10
78297.07
 20
7950.49
 30
0.0
 11
78297.07
 21
9150.49
 31
0.0
  0
LINE
  5
5AC
330
2
100
AcDbEntity
  8
STAIR
100
AcDbLine
 10
80997.07
 20
7950.49
 30
0.0
 11
80997.07
 21
9150.49
 31
0.0
  0
LINE
  5
5AD
330
2
100
AcDbEntity
  8
HT-A-WALL-F01-NEW
100
AcDbLine
 10
77097.07
 20
6850.49
 30
0.0
 11
79697.07
 21
6850.49
 31
0.0
  0
LINE
  5
5AE
330
2
100
AcDbEntity
  8
HT-A-WALL-F01-NEW
100
AcDbLine
 10
77097.07
 20
6650.49
 30
0.0
 11
79647.07
 21
6650.49
 31
0.0
  0
LINE
  5
5AF
330
2
100
AcDbEntity
  8
HT-A-WALL-F01-NEW
100
AcDbLine
 10
87047.07
 20
6850.49
 30
0.0
 11
86947.07
 21
6850.49
 31
0.0
  0
LINE
  5
5B0
330
2
100
AcDbEntity
  8
HT-A-WALL-F01-NEW
100
AcDbLine
 10
86947.07
 20
6850.49
 30
0.0
 11
86947.07
 21
6650.49
 31
0.0
  0
LINE
  5
5B1
330
2
100
AcDbEntity
  8
HT-A-WALL-F01-NEW
100
AcDbLine
 10
86947.07
 20
6650.49
 30
0.0
 11
86997.07
 21
6650.49
 31
0.0
  0
LINE
  5
5B2
330
2
100
AcDbEntity
  8
HT-A-WALL-F01-NEW
100
AcDbLine
 10
85697.07
 20
6650.49
 30
0.0
 11
85947.07
 21
6650.49
 31
0.0
  0
LINE
  5
5B3
330
2
100
AcDbEntity
  8
HT-A-WALL-F01-NEW
100
AcDbLine
 10
85947.07
 20
6650.49
 30
0.0
 11
85947.07
 21
6850.49
 31
0.0
  0
LINE
  5
5B4
330
2
100
AcDbEntity
  8
HT-A-WALL-F01-NEW
100
AcDbLine
 10
85947.07
 20
6850.49
 30
0.0
 11
85897.07
 21
6850.49
 31
0.0
  0
LINE
  5
5B5
330
2
100
AcDbEntity
  8
HT-A-WALL-F01-NEW
100
AcDbLine
 10
79697.07
 20
6850.49
 30
0.0
 11
81097.07
 21
6850.49
 31
0.0
  0
LINE
  5
5B6
330
2
100
AcDbEntity
  8
HT-A-WALL-F01-NEW
100
AcDbLine
 10
79747.07
 20
6650.49
 30
0.0
 11
81097.07
 21
6650.49
 31
0.0
  0
LINE
  5
5B7
330
2
100
AcDbEntity
  8
HT-A-WALL-F01-NEW
100
AcDbLine
 10
81097.07
 20
6850.49
 30
0.0
 11
81097.07
 21
6650.49
 31
0.0
  0
TEXT
  5
5B8
330
2
100
AcDbEntity
  8
HT-A-ROOM-F01-NEW
100
AcDbText
 10
82896.19
 20
2977.69
 30
0.0
 40
482.27
  1
卧室
  7
_TCH_SPACE
100
AcDbText
  0
TEXT
  5
5B9
330
2
100
AcDbEntity
  8
HT-A-ROOM-F01-NEW
100
AcDbText
 10
82592.36
 20
2465.81
 30
0.0
 40
297.5
  1
18.40m
 41
0.71
  7
_TCH_SPACE
100
AcDbText
  0
TEXT
  5
5BA
330
2
100
AcDbEntity
  8
HT-A-ROOM-F01-NEW
100
AcDbText
 10
83752.36
 20
2640.81
 30
0.0
 40
148.75
  1
2
 41
0.71
  7
_TCH_SPACE
100
AcDbText
  0
LINE
  5
5BB
330
2
100
AcDbEntity
  8
HT-A-AXIS-F01-NEW
100
AcDbLine
 10
76997.07
 20
-1749.51
 30
0.0
 11
76997.07
 21
-5749.51
 31
0.0
  0
INSERT
  5
5BC
330
2
100
AcDbEntity
  8
HT-A-AXIS-F01-NEW
100
AcDbBlockReference
 66
     1
  2
_AXISO
 10
76997.07
 20
-6149.51
 30
0.0
 41
800.0
 42
800.0
 43
800.0
  0
ATTRIB
  5
5BD
330
5BC
100
AcDbEntity
  8
HT-A-AXIS-TEXT-F01-NEW
100
AcDbText
 10
76932.22
 20
-6421.9
 30
0.0
 40
544.77
  1
1
 41
0.56
  7
_TCH_AXIS
 72
     5
 11
77061.93
 21
-6421.9
 31
0.0
100
AcDbAttribute
280
     0
  2
A
 70
     0
280
     0
  0
SEQEND
  5
5BE
330
5BC
100
AcDbEntity
  8
HT-A-AXIS-F01-NEW
  0
LINE
  5
5BF
330
2
100
AcDbEntity
  8
HT-A-AXIS-F01-NEW
100
AcDbLine
 10
76997.07
 20
11350.49
 30
0.0
 11
76997.07
 21
15350.49
 31
0.0
  0
INSERT
  5
5C0
330
2
100
AcDbEntity
  8
HT-A-AXIS-F01-NEW
100
AcDbBlockReference
 66
     1
  2
_AXISO
 10
76997.07
 20
15750.49
 30
0.0
 41
800.0
 42
800.0
 43
800.0
  0
ATTRIB
  5
5C1
330
5C0
100
AcDbEntity
  8
HT-A-AXIS-TEXT-F01-NEW
100
AcDbText
 10
76932.22
 20
15478.1
 30
0.0
 40
544.77
  1
1
 41
0.56
  7
_TCH_AXIS
 72
     5
 11
77061.93
 21
15478.1
 31
0.0
100
AcDbAttribute
280
     0
  2
A
 70
     0
280
     0
  0
SEQEND
  5
5C2
330
5C0
100
AcDbEntity
  8
HT-A-AXIS-F01-NEW
  0
LINE
  5
5C3
330
2
100
AcDbEntity
  8
HT-A-AXIS-F01-NEW
100
AcDbLine
 10
80997.07
 20
-1749.51
 30
0.0
 11
80997.07
 21
-5749.51
 31
0.0
  0
INSERT
  5
5C4
330
2
100
AcDbEntity
  8
HT-A-AXIS-F01-NEW
100
AcDbBlockReference
 66
     1
  2
_AXISO
 10
80997.07
 20
-6149.51
 30
0.0
 41
800.0
 42
800.0
 43
800.0
  0
ATTRIB
  5
5C5
330
5C4
100
AcDbEntity
  8
HT-A-AXIS-TEXT-F01-NEW
100
AcDbText
 10
80841.76
 20
-6382.48
 30
0.0
 40
465.95
  1
2
  7
_TCH_AXIS
 72
     5
 11
81152.39
 21
-6382.48
 31
0.0
100
AcDbAttribute
280
     0
  2
A
 70
     0
280
     0
  0
SEQEND
  5
5C6
330
5C4
100
AcDbEntity
  8
HT-A-AXIS-F01-NEW
  0
LINE
  5
5C7
330
2
100
AcDbEntity
  8
HT-A-AXIS-F01-NEW
100
AcDbLine
 10
80997.07
 20
11350.49
 30
0.0
 11
80997.07
 21
15350.49
 31
0.0
  0
INSERT
  5
5C8
330
2
100
AcDbEntity
  8
HT-A-AXIS-F01-NEW
100
AcDbBlockReference
 66
     1
  2
_AXISO
 10
80997.07
 20
15750.49
 30
0.0
 41
800.0
 42
800.0
 43
800.0
  0
ATTRIB
  5
5C9
330
5C8
100
AcDbEntity
  8
HT-A-AXIS-TEXT-F01-NEW
100
AcDbText
 10
80841.76
 20
15517.52
 30
0.0
 40
465.95
  1
2
  7
_TCH_AXIS
 72
     5
 11
81152.39
 21
15517.52
 31
0.0
100
AcDbAttribute
280
     0
  2
A
 70
     0
280
     0
  0
SEQEND
  5
5CA
330
5C8
100
AcDbEntity
  8
HT-A-AXIS-F01-NEW
  0
LINE
  5
5CB
330
2
100
AcDbEntity
  8
HT-A-AXIS-F01-NEW
100
AcDbLine
 10
85797.07
 20
-1749.51
 30
0.0
 11
85797.07
 21
-5749.51
 31
0.0
  0
INSERT
  5
5CC
330
2
100
AcDbEntity
  8
HT-A-AXIS-F01-NEW
100
AcDbBlockReference
 66
     1
  2
_AXISO
 10
85797.07
 20
-6149.51
 30
0.0
 41
800.0
 42
800.0
 43
800.0
  0
ATTRIB
  5
5CD
330
5CC
100
AcDbEntity
  8
HT-A-AXIS-TEXT-F01-NEW
100
AcDbText
 10
85641.76
 20
-6382.48
 30
0.0
 40
465.95
  1
3
  7
_TCH_AXIS
 72
     5
 11
85952.39
 21
-6382.48
 31
0.0
100
AcDbAttribute
280
     0
  2
A
 70
     0
280
     0
  0
SEQEND
  5
5CE
330
5CC
100
AcDbEntity
  8
HT-A-AXIS-F01-NEW
  0
LINE
  5
5CF
330
2
100
AcDbEntity
  8
HT-A-AXIS-F01-NEW
100
AcDbLine
 10
85797.07
 20
11350.49
 30
0.0
 11
85797.07
 21
15350.49
 31
0.0
  0
INSERT
  5
5D0
330
2
100
AcDbEntity
  8
HT-A-AXIS-F01-NEW
100
AcDbBlockReference
 66
     1
  2
_AXISO
 10
85797.07
 20
15750.49
 30
0.0
 41
800.0
 42
800.0
 43
800.0
  0
ATTRIB
  5
5D1
330
5D0
100
AcDbEntity
  8
HT-A-AXIS-TEXT-F01-NEW
100
AcDbText
 10
85641.76
 20
15517.52
 30
0.0
 40
465.95
  1
3
  7
_TCH_AXIS
 72
     5
 11
85952.39
 21
15517.52
 31
0.0
100
AcDbAttribute
280
     0
  2
A
 70
     0
280
     0
  0
SEQEND
  5
5D2
330
5D0
100
AcDbEntity
  8
HT-A-AXIS-F01-NEW
  0
LINE
  5
5D3
330
2
100
AcDbEntity
  8
HT-A-AXIS-F01-NEW
100
AcDbLine
 10
89797.07
 20
-1749.51
 30
0.0
 11
89797.07
 21
-5749.51
 31
0.0
  0
INSERT
  5
5D4
330
2
100
AcDbEntity
  8
HT-A-AXIS-F01-NEW
100
AcDbBlockReference
 66
     1
  2
_AXISO
 10
89797.07
 20
-6149.51
 30
0.0
 41
800.0
 42
800.0
 43
800.0
  0
ATTRIB
  5
5D5
330
5D4
100
AcDbEntity
  8
HT-A-AXIS-TEXT-F01-NEW
100
AcDbText
 10
89634.33
 20
-6377.36
 30
0.0
 40
455.69
  1
4
 41
0.94
  7
_TCH_AXIS
 72
     5
 11
89959.82
 21
-6377.36
 31
0.0
100
AcDbAttribute
280
     0
  2
A
 70
     0
280
     0
  0
SEQEND
  5
5D6
330
5D4
100
AcDbEntity
  8
HT-A-AXIS-F01-NEW
  0
LINE
  5
5D7
330
2
100
AcDbEntity
  8
HT-A-AXIS-F01-NEW
100
AcDbLine
 10
89797.07
 20
11350.49
 30
0.0
 11
89797.07
 21
15350.49
 31
0.0
  0
INSERT
  5
5D8
330
2
100
AcDbEntity
  8
HT-A-AXIS-F01-NEW
100
AcDbBlockReference
 66
     1
  2
_AXISO
 10
89797.07
 20
15750.49
 30
0.0
 41
800.0
 42
800.0
 43
800.0
  0
ATTRIB
  5
5D9
330
5D8
100
AcDbEntity
  8
HT-A-AXIS-TEXT-F01-NEW
100
AcDbText
 10
89634.33
 20
15522.64
 30
0.0
 40
455.69
  1
4
 41
0.94
  7
_TCH_AXIS
 72
     5
 11
89959.82
 21
15522.64
 31
0.0
100
AcDbAttribute
280
     0
  2
A
 70
     0
280
     0
  0
SEQEND
  5
5DA
330
5D8
100
AcDbEntity
  8
HT-A-AXIS-F01-NEW
  0
LINE
  5
5DB
330
2
100
AcDbEntity
  8
HT-A-AXIS-F01-NEW
100
AcDbLine
 10
75997.07
 20
-749.51
 30
0.0
 11
71997.07
 21
-749.51
 31
0.0
  0
INSERT
  5
5DC
330
2
100
AcDbEntity
  8
HT-A-AXIS-F01-NEW
100
AcDbBlockReference
 66
     1
  2
_AXISO
 10
71597.07
 20
-749.51
 30
0.0
 41
800.0
 42
800.0
 43
800.0
  0
ATTRIB
  5
5DD
330
5DC
100
AcDbEntity
  8
HT-A-AXIS-TEXT-F01-NEW
100
AcDbText
 10
71427.38
 20
-972.23
 30
0.0
 40
445.44
  1
A
 41
0.89
  7
_TCH_AXIS
 72
     5
 11
71766.76
 21
-972.23
 31
0.0
100
AcDbAttribute
280
     0
  2
A
 70
     0
280
     0
  0
SEQEND
  5
5DE
330
5DC
100
AcDbEntity
  8
HT-A-AXIS-F01-NEW
  0
LINE
  5
5DF
330
2
100
AcDbEntity
  8
HT-A-AXIS-F01-NEW
100
AcDbLine
 10
90797.07
 20
-749.51
 30
0.0
 11
94797.07
 21
-749.51
 31
0.0
  0
INSERT
  5
5E0
330
2
100
AcDbEntity
  8
HT-A-AXIS-F01-NEW
100
AcDbBlockReference
 66
     1
  2
_AXISO
 10
95197.07
 20
-749.51
 30
0.0
 41
800.0
 42
800.0
 43
800.0
  0
ATTRIB
  5
5E1
330
5E0
100
AcDbEntity
  8
HT-A-AXIS-TEXT-F01-NEW
100
AcDbText
 10
95027.38
 20
-972.23
 30
0.0
 40
445.44
  1
A
 41
0.89
  7
_TCH_AXIS
 72
     5
 11
95366.76
 21
-972.23
 31
0.0
100
AcDbAttribute
280
     0
  2
A
 70
     0
280
     0
  0
SEQEND
  5
5E2
330
5E0
100
AcDbEntity
  8
HT-A-AXIS-F01-NEW
  0
LINE
  5
5E3
330
2
100
AcDbEntity
  8
HT-A-AXIS-F01-NEW
100
AcDbLine
 10
75997.07
 20
750.49
 30
0.0
 11
71997.07
 21
750.49
 31
0.0
  0
INSERT
  5
5E4
330
2
100
AcDbEntity
  8
HT-A-AXIS-F01-NEW
100
AcDbBlockReference
 66
     1
  2
_AXISO
 10
71597.07
 20
750.49
 30
0.0
 41
800.0
 42
800.0
 43
800.0
  0
ATTRIB
  5
5E5
330
5E4
100
AcDbEntity
  8
HT-A-AXIS-TEXT-F01-NEW
100
AcDbText
 10
71441.76
 20
517.52
 30
0.0
 40
465.95
  1
B
 41
0.82
  7
_TCH_AXIS
 72
     5
 11
71752.39
 21
517.52
 31
0.0
100
AcDbAttribute
280
     0
  2
A
 70
     0
280
     0
  0
SEQEND
  5
5E6
330
5E4
100
AcDbEntity
  8
HT-A-AXIS-F01-NEW
  0
LINE
  5
5E7
330
2
100
AcDbEntity
  8
HT-A-AXIS-F01-NEW
100
AcDbLine
 10
90797.07
 20
750.49
 30
0.0
 11
94797.07
 21
750.49
 31
0.0
  0
INSERT
  5
5E8
330
2
100
AcDbEntity
  8
HT-A-AXIS-F01-NEW
100
AcDbBlockReference
 66
     1
  2
_AXISO
 10
95197.07
 20
750.49
 30
0.0
 41
800.0
 42
800.0
 43
800.0
  0
ATTRIB
  5
5E9
330
5E8
100
AcDbEntity
  8
HT-A-AXIS-TEXT-F01-NEW
100
AcDbText
 10
95041.76
 20
517.52
 30
0.0
 40
465.95
  1
B
 41
0.82
  7
_TCH_AXIS
 72
     5
 11
95352.39
 21
517.52
 31
0.0
100
AcDbAttribute
280
     0
  2
A
 70
     0
280
     0
  0
SEQEND
  5
5EA
330
5E8
100
AcDbEntity
  8
HT-A-AXIS-F01-NEW
  0
LINE
  5
5EB
330
2
100
AcDbEntity
  8
HT-A-AXIS-F01-NEW
100
AcDbLine
 10
75997.07
 20
4950.49
 30
0.0
 11
71997.07
 21
4950.49
 31
0.0
  0
INSERT
  5
5EC
330
2
100
AcDbEntity
  8
HT-A-AXIS-F01-NEW
100
AcDbBlockReference
 66
     1
  2
_AXISO
 10
71597.07
 20
4950.49
 30
0.0
 41
800.0
 42
800.0
 43
800.0
  0
ATTRIB
  5
5ED
330
5EC
100
AcDbEntity
  8
HT-A-AXIS-TEXT-F01-NEW
100
AcDbText
 10
71434.33
 20
4722.64
 30
0.0
 40
455.69
  1
C
  7
_TCH_AXIS
 72
     5
 11
71759.82
 21
4722.64
 31
0.0
100
AcDbAttribute
280
     0
  2
A
 70
     0
280
     0
  0
SEQEND
  5
5EE
330
5EC
100
AcDbEntity
  8
HT-A-AXIS-F01-NEW
  0
LINE
  5
5EF
330
2
100
AcDbEntity
  8
HT-A-AXIS-F01-NEW
100
AcDbLine
 10
90797.07
 20
4950.49
 30
0.0
 11
94797.07
 21
4950.49
 31
0.0
  0
INSERT
  5
5F0
330
2
100
AcDbEntity
  8
HT-A-AXIS-F01-NEW
100
AcDbBlockReference
 66
     1
  2
_AXISO
 10
95197.07
 20
4950.49
 30
0.0
 41
800.0
 42
800.0
 43
800.0
  0
ATTRIB
  5
5F1
330
5F0
100
AcDbEntity
  8
HT-A-AXIS-TEXT-F01-NEW
100
AcDbText
 10
95034.33
 20
4722.64
 30
0.0
 40
455.69
  1
C
  7
_TCH_AXIS
 72
     5
 11
95359.82
 21
4722.64
 31
0.0
100
AcDbAttribute
280
     0
  2
A
 70
     0
280
     0
  0
SEQEND
  5
5F2
330
5F0
100
AcDbEntity
  8
HT-A-AXIS-F01-NEW
  0
LINE
  5
5F3
330
2
100
AcDbEntity
  8
HT-A-AXIS-F01-NEW
100
AcDbLine
 10
75997.07
 20
6750.49
 30
0.0
 11
71997.07
 21
6750.49
 31
0.0
  0
INSERT
  5
5F4
330
2
100
AcDbEntity
  8
HT-A-AXIS-F01-NEW
100
AcDbBlockReference
 66
     1
  2
_AXISO
 10
71597.07
 20
6750.49
 30
0.0
 41
800.0
 42
800.0
 43
800.0
  0
ATTRIB
  5
5F5
330
5F4
100
AcDbEntity
  8
HT-A-AXIS-TEXT-F01-NEW
100
AcDbText
 10
71441.76
 20
6517.52
 30
0.0
 40
465.95
  1
D
 41
0.82
  7
_TCH_AXIS
 72
     5
 11
71752.39
 21
6517.52
 31
0.0
100
AcDbAttribute
280
     0
  2
A
 70
     0
280
     0
  0
SEQEND
  5
5F6
330
5F4
100
AcDbEntity
  8
HT-A-AXIS-F01-NEW
  0
LINE
  5
5F7
330
2
100
AcDbEntity
  8
HT-A-AXIS-F01-NEW
100
AcDbLine
 10
90797.07
 20
6750.49
 30
0.0
 11
94797.07
 21
6750.49
 31
0.0
  0
INSERT
  5
5F8
330
2
100
AcDbEntity
  8
HT-A-AXIS-F01-NEW
100
AcDbBlockReference
 66
     1
  2
_AXISO
 10
95197.07
 20
6750.49
 30
0.0
 41
800.0
 42
800.0
 43
800.0
  0
ATTRIB
  5
5F9
330
5F8
100
AcDbEntity
  8
HT-A-AXIS-TEXT-F01-NEW
100
AcDbText
 10
95041.76
 20
6517.52
 30
0.0
 40
465.95
  1
D
 41
0.82
  7
_TCH_AXIS
 72
     5
 11
95352.39
 21
6517.52
 31
0.0
100
AcDbAttribute
280
     0
  2
A
 70
     0
280
     0
  0
SEQEND
  5
5FA
330
5F8
100
AcDbEntity
  8
HT-A-AXIS-F01-NEW
  0
LINE
  5
5FB
330
2
100
AcDbEntity
  8
HT-A-AXIS-F01-NEW
100
AcDbLine
 10
75997.07
 20
10350.49
 30
0.0
 11
71997.07
 21
10350.49
 31
0.0
  0
INSERT
  5
5FC
330
2
100
AcDbEntity
  8
HT-A-AXIS-F01-NEW
100
AcDbBlockReference
 66
     1
  2
_AXISO
 10
71597.07
 20
10350.49
 30
0.0
 41
800.0
 42
800.0
 43
800.0
  0
ATTRIB
  5
5FD
330
5FC
100
AcDbEntity
  8
HT-A-AXIS-TEXT-F01-NEW
100
AcDbText
 10
71449.69
 20
10112.42
 30
0.0
 40
476.15
  1
E
 41
0.81
  7
_TCH_AXIS
 72
     5
 11
71744.45
 21
10112.42
 31
0.0
100
AcDbAttribute
280
     0
  2
A
 70
     0
280
     0
  0
SEQEND
  5
5FE
330
5FC
100
AcDbEntity
  8
HT-A-AXIS-F01-NEW
  0
LINE
  5
5FF
330
2
100
AcDbEntity
  8
HT-A-AXIS-F01-NEW
100
AcDbLine
 10
90797.07
 20
10350.49
 30
0.0
 11
94797.07
 21
10350.49
 31
0.0
  0
INSERT
  5
600
330
2
100
AcDbEntity
  8
HT-A-AXIS-F01-NEW
100
AcDbBlockReference
 66
     1
  2
_AXISO
 10
95197.07
 20
10350.49
 30
0.0
 41
800.0
 42
800.0
 43
800.0
  0
ATTRIB
  5
601
330
600
100
AcDbEntity
  8
HT-A-AXIS-TEXT-F01-NEW
100
AcDbText
 10
95049.69
 20
10112.42
 30
0.0
 40
476.15
  1
E
 41
0.81
  7
_TCH_AXIS
 72
     5
 11
95344.45
 21
10112.42
 31
0.0
100
AcDbAttribute
280
     0
  2
A
 70
     0
280
     0
  0
SEQEND
  5
602
330
600
100
AcDbEntity
  8
HT-A-AXIS-F01-NEW
  0
INSERT
  5
603
330
2
100
AcDbEntity
  8
HT-A-COLUMN-F01-NEW
100
AcDbBlockReference
  2
_FZH
 10
76997.07
 20
750.49
 30
0.0
 41
200.0
 42
200.0
 43
200.0
  0
INSERT
  5
604
330
2
100
AcDbEntity
  8
HT-A-COLUMN-F01-NEW
100
AcDbBlockReference
  2
_FZH
 10
80997.07
 20
750.49
 30
0.0
 41
200.0
 42
200.0
 43
200.0
  0
INSERT
  5
605
330
2
100
AcDbEntity
  8
HT-A-COLUMN-F01-NEW
100
AcDbBlockReference
  2
_FZH
 10
76997.07
 20
4950.49
 30
0.0
 41
200.0
 42
200.0
 43
200.0
  0
INSERT
  5
606
330
2
100
AcDbEntity
  8
HT-A-COLUMN-F01-NEW
100
AcDbBlockReference
  2
_FZH
 10
80997.07
 20
4950.49
 30
0.0
 41
200.0
 42
200.0
 43
200.0
  0
LINE
  5
607
330
2
100
AcDbEntity
  8
HT-A-WALL-F01-NEW
100
AcDbLine
 10
81097.07
 20
4850.49
 30
0.0
 11
81097.07
 21
850.49
 31
0.0
  0
LINE
  5
608
330
2
100
AcDbEntity
  8
HT-A-WALL-F01-NEW
100
AcDbLine
 10
80897.07
 20
4850.49
 30
0.0
 11
80897.07
 21
850.49
 31
0.0
  0
INSERT
  5
609
330
2
100
AcDbEntity
  8
HT-A-COLUMN-F01-NEW
100
AcDbBlockReference
  2
_FZH
 10
76997.07
 20
10350.49
 30
0.0
 41
200.0
 42
200.0
 43
200.0
  0
INSERT
  5
60A
330
2
100
AcDbEntity
  8
HT-A-COLUMN-F01-NEW
100
AcDbBlockReference
  2
_FZH
 10
80997.07
 20
10350.49
 30
0.0
 41
200.0
 42
200.0
 43
200.0
  0
LINE
  5
60B
330
2
100
AcDbEntity
  8
HT-A-WALL-F01-NEW
100
AcDbLine
 10
80897.07
 20
10250.49
 30
0.0
 11
77097.07
 21
10250.49
 31
0.0
  0
LINE
  5
60C
330
2
100
AcDbEntity
  8
HT-A-WALL-F01-NEW
100
AcDbLine
 10
80897.07
 20
10450.49
 30
0.0
 11
77097.07
 21
10450.49
 31
0.0
  0
INSERT
  5
60D
330
2
100
AcDbEntity
  8
HT-A-COLUMN-F01-NEW
100
AcDbBlockReference
  2
_FZH
 10
85797.07
 20
750.49
 30
0.0
 41
200.0
 42
200.0
 43
200.0
  0
INSERT
  5
60E
330
2
100
AcDbEntity
  8
HT-A-COLUMN-F01-NEW
100
AcDbBlockReference
  2
_FZH
 10
89797.07
 20
750.49
 30
0.0
 41
200.0
 42
200.0
 43
200.0
  0
LINE
  5
60F
330
2
100
AcDbEntity
  8
HT-A-WALL-F01-NEW
100
AcDbLine
 10
89697.07
 20
850.49
 30
0.0
 11
89697.07
 21
4850.49
 31
0.0
  0
LINE
  5
610
330
2
100
AcDbEntity
  8
HT-A-WALL-F01-NEW
100
AcDbLine
 10
89897.07
 20
850.49
 30
0.0
 11
89897.07
 21
4850.49
 31
0.0
  0
INSERT
  5
611
330
2
100
AcDbEntity
  8
HT-A-COLUMN-F01-NEW
100
AcDbBlockReference
  2
_FZH
 10
89797.07
 20
4950.49
 30
0.0
 41
200.0
 42
200.0
 43
200.0
  0
INSERT
  5
612
330
2
100
AcDbEntity
  8
HT-A-COLUMN-F01-NEW
100
AcDbBlockReference
  2
_FZH
 10
85797.07
 20
4950.49
 30
0.0
 41
200.0
 42
200.0
 43
200.0
  0
INSERT
  5
613
330
2
100
AcDbEntity
  8
HT-A-COLUMN-F01-NEW
100
AcDbBlockReference
  2
_FZH
 10
85797.07
 20
10350.49
 30
0.0
 41
200.0
 42
200.0
 43
200.0
  0
INSERT
  5
614
330
2
100
AcDbEntity
  8
HT-A-COLUMN-F01-NEW
100
AcDbBlockReference
  2
_FZH
 10
89797.07
 20
10350.49
 30
0.0
 41
200.0
 42
200.0
 43
200.0
  0
INSERT
  5
615
330
2
100
AcDbEntity
  8
HT-A-WIND-F01-NEW
100
AcDbBlockReference
 66
     1
  2
$DorLib2D$00000002
 10
29273.03
 20
750.49
 30
0.0
 41
-1800.0
 42
-1800.0
 43
-1800.0
1001
WTHICK
1040
200.0
  0
ATTRIB
  5
616
330
615
100
AcDbEntity
  8
HT-A-WIND-TEXT-F01-NEW
100
AcDbText
 10
29078.03
 20
976.74
 30
0.0
 40
297.5
  1

 41
0.71
  7
_TCH_WINDOW
100
AcDbAttribute
280
     0
  2
A
 70
     0
280
     0
  0
SEQEND
  5
617
330
615
100
AcDbEntity
  8
HT-A-WIND-F01-NEW
  0
LINE
  5
618
330
2
100
AcDbEntity
  8
HT-A-WALL-F01-NEW
100
AcDbLine
 10
79697.07
 20
4850.49
 30
0.0
 11
79847.07
 21
4850.49
 31
0.0
  0
LINE
  5
619
330
2
100
AcDbEntity
  8
HT-A-WALL-F01-NEW
100
AcDbLine
 10
79847.07
 20
4850.49
 30
0.0
 11
79847.07
 21
5050.49
 31
0.0
  0
LINE
  5
61A
330
2
100
AcDbEntity
  8
HT-A-WALL-F01-NEW
100
AcDbLine
 10
79847.07
 20
5050.49
 30
0.0
 11
79747.07
 21
5050.49
 31
0.0
  0
LINE
  5
61B
330
2
100
AcDbEntity
  8
HT-A-WALL-F01-NEW
100
AcDbLine
 10
80897.07
 20
5050.49
 30
0.0
 11
80847.07
 21
5050.49
 31
0.0
  0
LINE
  5
61C
330
2
100
AcDbEntity
  8
HT-A-WALL-F01-NEW
100
AcDbLine
 10
80847.07
 20
5050.49
 30
0.0
 11
80847.07
 21
4850.49
 31
0.0
  0
LINE
  5
61D
330
2
100
AcDbEntity
  8
HT-A-WALL-F01-NEW
100
AcDbLine
 10
80847.07
 20
4850.49
 30
0.0
 11
80897.07
 21
4850.49
 31
0.0
  0
INSERT
  5
61E
330
2
100
AcDbEntity
  8
HT-A-WIND-F01-NEW
100
AcDbBlockReference
 66
     1
  2
$DorLib2D$00000001
 10
80347.07
 20
4950.49
 30
0.0
 41
1000.0
 42
-1000.0
 43
1000.0
1001
WTHICK
1040
200.0
  0
ATTRIB
  5
61F
330
61E
100
AcDbEntity
  8
HT-A-WIND-TEXT-F01-NEW
100
AcDbText
 10
80152.07
 20
5176.74
 30
0.0
 40
297.5
  1

 41
0.71
  7
_TCH_WINDOW
100
AcDbAttribute
280
     0
  2
A
 70
     0
280
     0
  0
SEQEND
  5
620
330
61E
100
AcDbEntity
  8
HT-A-WIND-F01-NEW
  0
INSERT
  5
621
330
2
100
AcDbEntity
  8
HT-A-WIND-F01-NEW
100
AcDbBlockReference
 66
     1
  2
$DorLib2D$00000001
 10
86447.07
 20
6750.49
 30
0.0
 41
1000.0
 42
-1000.0
 43
1000.0
 50
180.0
1001
WTHICK
1040
200.0
  0
ATTRIB
  5
622
330
621
100
AcDbEntity
  8
HT-A-WIND-TEXT-F01-NEW
100
AcDbText
 10
86252.07
 20
6226.74
 30
0.0
 40
297.5
  1

 41
0.71
  7
_TCH_WINDOW
100
AcDbAttribute
280
     0
  2
A
 70
     0
280
     0
  0
SEQEND
  5
623
330
621
100
AcDbEntity
  8
HT-A-WIND-F01-NEW
  0
LINE
  5
624
330
2
100
AcDbEntity
  8
HT-A-WALL-F01-NEW
100
AcDbLine
 10
81097.07
 20
4850.49
 30
0.0
 11
81147.07
 21
4850.49
 31
0.0
  0
LINE
  5
625
330
2
100
AcDbEntity
  8
HT-A-WALL-F01-NEW
100
AcDbLine
 10
81147.07
 20
4850.49
 30
0.0
 11
81147.07
 21
5050.49
 31
0.0
  0
LINE
  5
626
330
2
100
AcDbEntity
  8
HT-A-WALL-F01-NEW
100
AcDbLine
 10
81147.07
 20
5050.49
 30
0.0
 11
81097.07
 21
5050.49
 31
0.0
  0
LINE
  5
627
330
2
100
AcDbEntity
  8
HT-A-WALL-F01-NEW
100
AcDbLine
 10
85697.07
 20
5050.49
 30
0.0
 11
82147.07
 21
5050.49
 31
0.0
  0
LINE
  5
628
330
2
100
AcDbEntity
  8
HT-A-WALL-F01-NEW
100
AcDbLine
 10
82147.07
 20
5050.49
 30
0.0
 11
82147.07
 21
4850.49
 31
0.0
  0
LINE
  5
629
330
2
100
AcDbEntity
  8
HT-A-WALL-F01-NEW
100
AcDbLine
 10
82147.07
 20
4850.49
 30
0.0
 11
85697.07
 21
4850.49
 31
0.0
  0
INSERT
  5
62A
330
2
100
AcDbEntity
  8
HT-A-WIND-F01-NEW
100
AcDbBlockReference
 66
     1
  2
$DorLib2D$00000001
 10
81647.07
 20
4950.49
 30
0.0
 41
-1000.0
 42
-1000.0
 43
-1000.0
1001
WTHICK
1040
200.0
  0
ATTRIB
  5
62B
330
62A
100
AcDbEntity
  8
HT-A-WIND-TEXT-F01-NEW
100
AcDbText
 10
81452.07
 20
5176.74
 30
0.0
 40
297.5
  1

 41
0.71
  7
_TCH_WINDOW
100
AcDbAttribute
280
     0
  2
A
 70
     0
280
     0
  0
SEQEND
  5
62C
330
62A
100
AcDbEntity
  8
HT-A-WIND-F01-NEW
  0
TEXT
  5
62D
330
2
100
AcDbEntity
  8
HT-A-ROOM-F01-NEW
100
AcDbText
 10
82550.44
 20
8356.39
 30
0.0
 40
482.27
  1
多功能厅
  7
_TCH_SPACE
100
AcDbText
  0
TEXT
  5
62E
330
2
100
AcDbEntity
  8
HT-A-ROOM-F01-NEW
100
AcDbText
 10
82572.36
 20
7844.52
 30
0.0
 40
297.5
  1
23.92m
 41
0.71
  7
_TCH_SPACE
100
AcDbText
  0
TEXT
  5
62F
330
2
100
AcDbEntity
  8
HT-A-ROOM-F01-NEW
100
AcDbText
 10
83772.36
 20
8019.52
 30
0.0
 40
148.75
  1
2
 41
0.71
  7
_TCH_SPACE
100
AcDbText
  0
INSERT
  5
630
330
2
100
AcDbEntity
  8
HT-A-WIND-F01-NEW
100
AcDbBlockReference
 66
     1
  2
$DorLib2D$00000131
 10
83397.07
 20
750.49
 30
0.0
 41
-2400.0
 42
-200.0
 43
-2400.0
1001
WTHICK
1040
200.0
  0
ATTRIB
  5
631
330
630
100
AcDbEntity
  8
HT-A-WIND-TEXT-F01-NEW
100
AcDbText
 10
83202.07
 20
976.74
 30
0.0
 40
297.5
  1

 41
0.71
  7
_TCH_WINDOW
100
AcDbAttribute
280
     0
  2
A
 70
     0
280
     0
  0
SEQEND
  5
632
330
630
100
AcDbEntity
  8
HT-A-WIND-F01-NEW
  0
TEXT
  5
633
330
2
100
AcDbEntity
  8
HT-A-ROOM-F01-NEW
100
AcDbText
 10
39687.52
 20
-4715.84
 30
0.0
 40
482.27
  1
一层平面图
  7
_TCH_SPACE
100
AcDbText
  0
TEXT
  5
634
330
2
100
AcDbEntity
  8
HT-A-ROOM-F01-NEW
100
AcDbText
 10
93811.56
 20
-4715.84
 30
0.0
 40
482.27
  1
二层平面图
  7
_TCH_SPACE
100
AcDbText
  0
LINE
  5
635
330
2
100
AcDbEntity
  8
HT-A-WALL-F01-NEW
100
AcDbLine
 10
85897.07
 20
4850.49
 30
0.0
 11
85947.07
 21
4850.49
 31
0.0
  0
LINE
  5
636
330
2
100
AcDbEntity
  8
HT-A-WALL-F01-NEW
100
AcDbLine
 10
85947.07
 20
4850.49
 30
0.0
 11
85947.07
 21
5050.49
 31
0.0
  0
LINE
  5
637
330
2
100
AcDbEntity
  8
HT-A-WALL-F01-NEW
100
AcDbLine
 10
85947.07
 20
5050.49
 30
0.0
 11
85897.07
 21
5050.49
 31
0.0
  0
LINE
  5
638
330
2
100
AcDbEntity
  8
HT-A-WALL-F01-NEW
100
AcDbLine
 10
86997.07
 20
5050.49
 30
0.0
 11
86947.07
 21
5050.49
 31
0.0
  0
LINE
  5
639
330
2
100
AcDbEntity
  8
HT-A-WALL-F01-NEW
100
AcDbLine
 10
86947.07
 20
5050.49
 30
0.0
 11
86947.07
 21
4850.49
 31
0.0
  0
LINE
  5
63A
330
2
100
AcDbEntity
  8
HT-A-WALL-F01-NEW
100
AcDbLine
 10
86947.07
 20
4850.49
 30
0.0
 11
87047.07
 21
4850.49
 31
0.0
  0
INSERT
  5
63B
330
2
100
AcDbEntity
  8
HT-A-WIND-F01-NEW
100
AcDbBlockReference
 66
     1
  2
$DorLib2D$00000001
 10
86447.07
 20
4950.49
 30
0.0
 41
-1000.0
 42
-1000.0
 43
-1000.0
1001
WTHICK
1040
200.0
  0
ATTRIB
  5
63C
330
63B
100
AcDbEntity
  8
HT-A-WIND-TEXT-F01-NEW
100
AcDbText
 10
86252.07
 20
5176.74
 30
0.0
 40
297.5
  1

 41
0.71
  7
_TCH_WINDOW
100
AcDbAttribute
280
     0
  2
A
 70
     0
280
     0
  0
SEQEND
  5
63D
330
63B
100
AcDbEntity
  8
HT-A-WIND-F01-NEW
  0
TEXT
  5
63E
330
2
100
AcDbEntity
  8
HT-A-ROOM-F01-NEW
100
AcDbText
 10
80696.54
 20
107.57
 30
0.0
 40
482.27
  1
阳台
  7
_TCH_SPACE
100
AcDbText
  0
TEXT
  5
63F
330
2
100
AcDbEntity
  8
HT-A-ROOM-F01-NEW
100
AcDbText
 10
80422.07
 20
-404.31
 30
0.0
 40
297.5
  1
11.18m
 41
0.71
  7
_TCH_SPACE
100
AcDbText
  0
TEXT
  5
640
330
2
100
AcDbEntity
  8
HT-A-ROOM-F01-NEW
100
AcDbText
 10
81502.07
 20
-229.31
 30
0.0
 40
148.75
  1
2
 41
0.71
  7
_TCH_SPACE
100
AcDbText
  0
ENDSEC
  0
SECTION
  2
OBJECTS
  0
DICTIONARY
  5
9
330
0
100
AcDbDictionary
281
     1
  3
ACAD_CIP_PREVIOUS_PRODUCT_INFO
350
69E
  3
ACAD_COLOR
350
39E
  3
ACAD_DETAILVIEWSTYLE
350
4D8
  3
ACAD_GROUP
350
38B
  3
ACAD_LAYOUT
350
36B
  3
ACAD_MATERIAL
350
B
  3
ACAD_MLEADERSTYLE
350
3A1
  3
ACAD_MLINESTYLE
350
38C
  3
ACAD_PLOTSETTINGS
350
38D
  3
ACAD_PLOTSTYLENAME
350
8
  3
ACAD_SCALELIST
350
39F
  3
ACAD_SECTIONVIEWSTYLE
350
4D6
  3
ACAD_TABLESTYLE
350
3A0
  3
ACAD_VISUALSTYLE
350
385
  3
ACDB_RECOMPOSE_DATA
350
6A8
  3
AcDbVariableDictionary
350
3A2
  3
TCH_DBCONFIG
350
69F
  0
DICTIONARY
  5
375
330
374
100
AcDbDictionary
280
     1
281
     1
  3
ACAD_LAYERFILTERS
360
376
  3
ACAD_LAYERSTATES
360
377
  3
ACLYDICTIONARY
360
378
  0
DICTIONARY
  5
3
330
2
100
AcDbDictionary
280
     1
281
     1
  3
ACAD_SORTENTS
360
3C9
  0
DICTIONARY
  5
22
330
21
100
AcDbDictionary
280
     1
281
     1
  3
ACAD_SORTENTS
360
3BF
  0
DICTIONARY
  5
78
330
77
100
AcDbDictionary
280
     1
281
     1
  0
DICTIONARY
  5
E7
330
E6
100
AcDbDictionary
280
     1
281
     1
  0
DICTIONARY
  5
4DD
330
4DA
100
AcDbDictionary
280
     1
281
     1
  0
XRECORD
  5
69E
102
{ACAD_REACTORS
330
9
102
}
330
9
100
AcDbXrecord
280
     1
300
ACD
300
2021
300

  0
DICTIONARY
  5
39E
102
{ACAD_REACTORS
330
9
102
}
330
9
100
AcDbDictionary
281
     1
  0
DICTIONARY
  5
4D8
102
{ACAD_REACTORS
330
9
102
}
330
9
100
AcDbDictionary
281
     1
  3
Imperial24
350
4D9
  3
Metric50
350
696
  0
DICTIONARY
  5
38B
102
{ACAD_REACTORS
330
9
102
}
330
9
100
AcDbDictionary
281
     1
  0
DICTIONARY
  5
36B
102
{ACAD_REACTORS
330
9
102
}
330
9
100
AcDbDictionary
281
     1
  3
Model
350
36A
  3
布局1
350
36F
  3
布局2
350
373
  0
DICTIONARY
  5
B
102
{ACAD_REACTORS
330
9
102
}
330
9
100
AcDbDictionary
281
     1
  3
ByBlock
350
396
  3
ByLayer
350
38E
  3
Global
350
A
  0
DICTIONARY
  5
3A1
102
{ACAD_REACTORS
330
9
102
}
330
9
100
AcDbDictionary
281
     1
  3
Standard
350
4D5
  0
DICTIONARY
  5
38C
102
{ACAD_REACTORS
330
9
102
}
330
9
100
AcDbDictionary
281
     1
  3
Standard
350
3AA
  0
DICTIONARY
  5
38D
102
{ACAD_REACTORS
330
9
102
}
330
9
100
AcDbDictionary
281
     1
  0
ACDBDICTIONARYWDFLT
  5
8
102
{ACAD_REACTORS
330
9
102
}
330
9
100
AcDbDictionary
281
     1
  3
Normal
350
7
100
AcDbDictionaryWithDefault
340
7
  0
DICTIONARY
  5
39F
102
{ACAD_REACTORS
330
9
102
}
330
9
100
AcDbDictionary
281
     1
  3
A0
350
3AE
  3
A1
350
3AF
  3
A2
350
3B0
  3
A3
350
3B1
  3
A4
350
3B2
  3
A5
350
3B3
  3
A6
350
3B4
  3
A7
350
3B5
  3
A8
350
3B6
  3
A9
350
3B7
  3
B0
350
3B8
  3
B1
350
3B9
  3
B2
350
3BA
  3
B3
350
3BB
  3
B4
350
3BC
  3
B5
350
3BD
  3
B6
350
3BE
  0
DICTIONARY
  5
4D6
102
{ACAD_REACTORS
330
9
102
}
330
9
100
AcDbDictionary
281
     1
  3
Imperial24
350
4D7
  3
Metric50
350
695
  0
DICTIONARY
  5
3A0
102
{ACAD_REACTORS
330
9
102
}
330
9
100
AcDbDictionary
281
     1
  3
Standard
350
3AB
  0
DICTIONARY
  5
385
102
{ACAD_REACTORS
330
9
102
}
330
9
100
AcDbDictionary
281
     1
  3
2dWireframe
350
384
  3
Basic
350
4C0
  3
Brighten
350
4C1
  3
ColorChange
350
4C2
  3
Conceptual
350
4C3
  3
Dim
350
4C4
  3
EdgeColorOff
350
4C5
  3
Facepattern
350
4C6
  3
Flat
350
4C7
  3
FlatWithEdges
350
4C8
  3
Gouraud
350
4C9
  3
GouraudWithEdges
350
4CA
  3
Hidden
350
4CB
  3
JitterOff
350
4CC
  3
Linepattern
350
4CD
  3
OverhangOff
350
4CE
  3
Realistic
350
3AC
  3
Shaded
350
4CF
  3
Shaded with edges
350
4D0
  3
Shades of Gray
350
4D1
  3
Sketchy
350
4D2
  3
Thicken
350
4D3
  3
Wireframe
350
3AD
  3
X-Ray
350
4D4
  0
XRECORD
  5
6A8
102
{ACAD_REACTORS
330
9
102
}
330
9
100
AcDbXrecord
280
     1
 90
        1
330
3AB
  0
DICTIONARY
  5
3A2
102
{ACAD_REACTORS
330
9
102
}
330
9
100
AcDbDictionary
281
     1
  3
CANNOSCALE
350
3A3
  3
CENTEREXE
350
3A4
  3
CENTERLTYPEFILE
350
3A5
  3
CMLEADERSTYLE
350
3A6
  3
CTABLESTYLE
350
3A7
  3
CVIEWDETAILSTYLE
350
3A8
  3
CVIEWSECTIONSTYLE
350
3A9
  3
LAYEREVAL
350
691
  3
LAYERNOTIFY
350
692
  3
LIGHTINGUNITS
350
690
  3
MSLTSCALE
350
68F
  0
TCH_DBCONFIG
  5
69F
102
{ACAD_REACTORS
330
9
102
}
330
9
100
TDbConfig
  0
DICTIONARY
  5
376
102
{ACAD_REACTORS
330
375
102
}
330
375
100
AcDbDictionary
281
     1
  0
DICTIONARY
  5
377
102
{ACAD_REACTORS
330
375
102
}
330
375
100
AcDbDictionary
281
     1
  0
DICTIONARY
  5
378
102
{ACAD_REACTORS
330
375
102
}
330
375
100
AcDbDictionary
281
     1
1001
ACAD
1000
<All
  0
SORTENTSTABLE
  5
3C9
102
{ACAD_REACTORS
330
3
102
}
330
3
100
AcDbSortentsTable
330
2
  0
SORTENTSTABLE
  5
3BF
102
{ACAD_REACTORS
330
22
102
}
330
22
100
AcDbSortentsTable
330
21
  0
ACDBDETAILVIEWSTYLE
  5
4D9
102
{ACAD_REACTORS
330
4D8
102
}
330
4D8
100
AcDbModelDocViewStyle
 70
     0
  3
Imperial24
290
     0
300
Imperial24
 90
        0
100
AcDbDetailViewStyle
 70
     0
 71
     0
 90
        3
 71
     1
340
37B
 62
   256
 40
0.24
340
0
 62
   256
 40
0.24
300

 40
0.36
280
     3
 71
     2
340
13
 90
       25
 62
   256
 71
     3
340
37B
 62
   256
 40
0.24
 90
        1
 40
0.75
 90
        1
300
%<\AcVar ViewType \f "%tc1">% %<\AcVar ViewDetailId>%\PSCALE %<\AcVar ViewScale \f "%sn">%
 71
     4
340
13
 90
       25
 62
   256
340
13
 90
       25
 62
   256
280
     0
  0
ACDBDETAILVIEWSTYLE
  5
696
102
{ACAD_REACTORS
330
4D8
102
}
330
4D8
100
AcDbModelDocViewStyle
 70
     0
  3
Metric50
290
     1
300
Metric50
 90
        0
100
AcDbDetailViewStyle
 70
     0
 71
     0
 90
        3
 71
     1
340
37B
 62
   256
 40
5.0
340
0
 62
   256
 40
5.0
300

 40
0.0
280
     1
 71
     2
340
13
 90
       25
 62
   256
 71
     3
340
37B
 62
   256
 40
5.0
 90
        0
 40
15.0
 90
        1
300
%<\AcVar ViewDetailId>% (%<\AcVar ViewScale \f "%sn">%)
 71
     4
340
13
 90
       25
 62
   256
340
13
 90
       25
 62
   256
280
     0
  0
LAYOUT
  5
36A
102
{ACAD_XDICTIONARY
360
652
102
}
102
{ACAD_REACTORS
330
36B
102
}
330
36B
100
AcDbPlotSettings
  1

  2
Microsoft Print to PDF
  4

  6

 40
0.0
 41
0.0
 42
0.0
 43
0.0
 44
0.0
 45
0.0
 46
0.0
 47
0.0
 48
0.0
 49
0.0
140
0.0
141
0.0
142
1.0
143
1.0
 70
  1712
 72
     0
 73
     0
 74
     0
  7
TArch20V8.ctb
 75
     0
147
1.0
 76
     0
 77
     2
 78
   300
148
0.0
149
0.0
100
AcDbLayout
  1
Model
 70
     1
 71
     0
 10
0.0
 20
0.0
 11
12.0
 21
9.0
 12
0.0
 22
0.0
 32
0.0
 14
0.0
 24
0.0
 34
0.0
 15
0.0
 25
0.0
 35
0.0
146
0.0
 13
0.0
 23
0.0
 33
0.0
 16
1.0
 26
0.0
 36
0.0
 17
0.0
 27
1.0
 37
0.0
 76
     0
330
2
331
383
  0
LAYOUT
  5
36F
102
{ACAD_REACTORS
330
36B
102
}
330
36B
100
AcDbPlotSettings
  1

  2
Microsoft Print to PDF
  4

  6

 40
0.0
 41
0.0
 42
0.0
 43
0.0
 44
0.0
 45
0.0
 46
0.0
 47
0.0
 48
0.0
 49
0.0
140
0.0
141
0.0
142
1.0
143
1.0
 70
   688
 72
     0
 73
     0
 74
     5
  7
TArch20V8.ctb
 75
    16
147
1.0
 76
     0
 77
     2
 78
   300
148
0.0
149
0.0
100
AcDbLayout
  1
布局1
 70
     1
 71
     1
 10
0.0
 20
0.0
 11
420.0
 21
297.0
 12
0.0
 22
0.0
 32
0.0
 14
1.00E+20
 24
1.00E+20
 34
1.00E+20
 15
-1.00E+20
 25
-1.00E+20
 35
-1.00E+20
146
0.0
 13
0.0
 23
0.0
 33
0.0
 16
1.0
 26
0.0
 36
0.0
 17
0.0
 27
1.0
 37
0.0
 76
     0
330
36C
  0
LAYOUT
  5
373
102
{ACAD_REACTORS
330
36B
102
}
330
36B
100
AcDbPlotSettings
  1

  2
Microsoft Print to PDF
  4

  6

 40
0.0
 41
0.0
 42
0.0
 43
0.0
 44
0.0
 45
0.0
 46
0.0
 47
0.0
 48
0.0
 49
0.0
140
0.0
141
0.0
142
1.0
143
1.0
 70
   688
 72
     0
 73
     0
 74
     5
  7
TArch20V8.ctb
 75
    16
147
1.0
 76
     0
 77
     2
 78
   300
148
0.0
149
0.0
100
AcDbLayout
  1
布局2
 70
     1
 71
     2
 10
0.0
 20
0.0
 11
12.0
 21
9.0
 12
0.0
 22
0.0
 32
0.0
 14
0.0
 24
0.0
 34
0.0
 15
0.0
 25
0.0
 35
0.0
146
0.0
 13
0.0
 23
0.0
 33
0.0
 16
1.0
 26
0.0
 36
0.0
 17
0.0
 27
1.0
 37
0.0
 76
     0
330
370
  0
MATERIAL
  5
396
102
{ACAD_XDICTIONARY
360
397
102
}
102
{ACAD_REACTORS
330
B
102
}
330
B
100
AcDbMaterial
  1
ByBlock
 72
     0
 43
0.02
 43
0.0
 43
0.0
 43
0.0
 43
0.0
 43
0.02
 43
0.0
 43
0.0
 43
0.0
 43
0.0
 43
1.0
 43
0.0
 43
0.0
 43
0.0
 43
0.0
 43
1.0
 77
     0
 47
0.02
 47
0.0
 47
0.0
 47
0.0
 47
0.0
 47
0.02
 47
0.0
 47
0.0
 47
0.0
 47
0.0
 47
1.0
 47
0.0
 47
0.0
 47
0.0
 47
0.0
 47
1.0
171
     0
 49
0.02
 49
0.0
 49
0.0
 49
0.0
 49
0.0
 49
0.02
 49
0.0
 49
0.0
 49
0.0
 49
0.0
 49
1.0
 49
0.0
 49
0.0
 49
0.0
 49
0.0
 49
1.0
175
     0
142
0.02
142
0.0
142
0.0
142
0.0
142
0.0
142
0.02
142
0.0
142
0.0
142
0.0
142
0.0
142
1.0
142
0.0
142
0.0
142
0.0
142
0.0
142
1.0
179
     0
144
0.02
144
0.0
144
0.0
144
0.0
144
0.0
144
0.02
144
0.0
144
0.0
144
0.0
144
0.0
144
1.0
144
0.0
144
0.0
144
0.0
144
0.0
144
1.0
147
0.02
147
0.0
147
0.0
147
0.0
147
0.0
147
0.02
147
0.0
147
0.0
147
0.0
147
0.0
147
1.0
147
0.0
147
0.0
147
0.0
147
0.0
147
1.0
  0
MATERIAL
  5
38E
102
{ACAD_XDICTIONARY
360
38F
102
}
102
{ACAD_REACTORS
330
B
102
}
330
B
100
AcDbMaterial
  1
ByLayer
 72
     0
 43
0.02
 43
0.0
 43
0.0
 43
0.0
 43
0.0
 43
0.02
 43
0.0
 43
0.0
 43
0.0
 43
0.0
 43
1.0
 43
0.0
 43
0.0
 43
0.0
 43
0.0
 43
1.0
 77
     0
 47
0.02
 47
0.0
 47
0.0
 47
0.0
 47
0.0
 47
0.02
 47
0.0
 47
0.0
 47
0.0
 47
0.0
 47
1.0
 47
0.0
 47
0.0
 47
0.0
 47
0.0
 47
1.0
171
     0
 49
0.02
 49
0.0
 49
0.0
 49
0.0
 49
0.0
 49
0.02
 49
0.0
 49
0.0
 49
0.0
 49
0.0
 49
1.0
 49
0.0
 49
0.0
 49
0.0
 49
0.0
 49
1.0
175
     0
142
0.02
142
0.0
142
0.0
142
0.0
142
0.0
142
0.02
142
0.0
142
0.0
142
0.0
142
0.0
142
1.0
142
0.0
142
0.0
142
0.0
142
0.0
142
1.0
179
     0
144
0.02
144
0.0
144
0.0
144
0.0
144
0.0
144
0.02
144
0.0
144
0.0
144
0.0
144
0.0
144
1.0
144
0.0
144
0.0
144
0.0
144
0.0
144
1.0
147
0.02
147
0.0
147
0.0
147
0.0
147
0.0
147
0.02
147
0.0
147
0.0
147
0.0
147
0.0
147
1.0
147
0.0
147
0.0
147
0.0
147
0.0
147
1.0
  0
MATERIAL
  5
A
102
{ACAD_XDICTIONARY
360
C
102
}
102
{ACAD_REACTORS
330
B
102
}
330
B
100
AcDbMaterial
  1
Global
 72
     0
 43
0.02
 43
0.0
 43
0.0
 43
0.0
 43
0.0
 43
0.02
 43
0.0
 43
0.0
 43
0.0
 43
0.0
 43
1.0
 43
0.0
 43
0.0
 43
0.0
 43
0.0
 43
1.0
 77
     0
 47
0.02
 47
0.0
 47
0.0
 47
0.0
 47
0.0
 47
0.02
 47
0.0
 47
0.0
 47
0.0
 47
0.0
 47
1.0
 47
0.0
 47
0.0
 47
0.0
 47
0.0
 47
1.0
171
     0
 49
0.02
 49
0.0
 49
0.0
 49
0.0
 49
0.0
 49
0.02
 49
0.0
 49
0.0
 49
0.0
 49
0.0
 49
1.0
 49
0.0
 49
0.0
 49
0.0
 49
0.0
 49
1.0
175
     0
142
0.02
142
0.0
142
0.0
142
0.0
142
0.0
142
0.02
142
0.0
142
0.0
142
0.0
142
0.0
142
1.0
142
0.0
142
0.0
142
0.0
142
0.0
142
1.0
179
     0
144
0.02
144
0.0
144
0.0
144
0.0
144
0.0
144
0.02
144
0.0
144
0.0
144
0.0
144
0.0
144
1.0
144
0.0
144
0.0
144
0.0
144
0.0
144
1.0
147
0.02
147
0.0
147
0.0
147
0.0
147
0.0
147
0.02
147
0.0
147
0.0
147
0.0
147
0.0
147
1.0
147
0.0
147
0.0
147
0.0
147
0.0
147
1.0
  0
MLEADERSTYLE
  5
4D5
102
{ACAD_REACTORS
330
3A1
102
}
330
3A1
100
AcDbMLeaderStyle
179
     2
170
     2
171
     1
172
     0
 90
        2
 40
0.0
 41
0.0
173
     1
 91
-1056964608
340
37E
 92
       -2
290
     1
 42
0.09
291
     1
 43
0.36
  3
Standard
 44
0.18
300

342
37B
174
     1
178
     6
175
     1
176
     0
 93
-1056964608
 45
0.18
292
     0
297
     0
 46
0.18
 94
-1056964608
 47
1.0
 49
1.0
140
1.0
293
     1
141
0.0
294
     1
177
     0
142
1.0
295
     0
296
     0
143
0.13
271
     0
272
     9
273
     9
298
     1
  0
MLINESTYLE
  5
3AA
102
{ACAD_REACTORS
330
38C
102
}
330
38C
100
AcDbMlineStyle
  2
STANDARD
 70
     0
  3

 62
   256
 51
90.0
 52
90.0
 71
     2
 49
0.5
 62
   256
  6
BYLAYER
 49
-0.5
 62
   256
  6
BYLAYER
  0
ACDBPLACEHOLDER
  5
7
102
{ACAD_REACTORS
330
8
102
}
330
8
  0
SCALE
  5
3AE
102
{ACAD_REACTORS
330
39F
102
}
330
39F
100
AcDbScale
 70
     0
300
1:1
140
1.0
141
1.0
290
     1
  0
SCALE
  5
3AF
102
{ACAD_REACTORS
330
39F
102
}
330
39F
100
AcDbScale
 70
     0
300
1:2
140
1.0
141
2.0
290
     0
  0
SCALE
  5
3B0
102
{ACAD_REACTORS
330
39F
102
}
330
39F
100
AcDbScale
 70
     0
300
1:4
140
1.0
141
4.0
290
     0
  0
SCALE
  5
3B1
102
{ACAD_REACTORS
330
39F
102
}
330
39F
100
AcDbScale
 70
     0
300
1:5
140
1.0
141
5.0
290
     0
  0
SCALE
  5
3B2
102
{ACAD_REACTORS
330
39F
102
}
330
39F
100
AcDbScale
 70
     0
300
1:8
140
1.0
141
8.0
290
     0
  0
SCALE
  5
3B3
102
{ACAD_REACTORS
330
39F
102
}
330
39F
100
AcDbScale
 70
     0
300
1:10
140
1.0
141
10.0
290
     0
  0
SCALE
  5
3B4
102
{ACAD_REACTORS
330
39F
102
}
330
39F
100
AcDbScale
 70
     0
300
1:16
140
1.0
141
16.0
290
     0
  0
SCALE
  5
3B5
102
{ACAD_REACTORS
330
39F
102
}
330
39F
100
AcDbScale
 70
     0
300
1:20
140
1.0
141
20.0
290
     0
  0
SCALE
  5
3B6
102
{ACAD_REACTORS
330
39F
102
}
330
39F
100
AcDbScale
 70
     0
300
1:30
140
1.0
141
30.0
290
     0
  0
SCALE
  5
3B7
102
{ACAD_REACTORS
330
39F
102
}
330
39F
100
AcDbScale
 70
     0
300
1:40
140
1.0
141
40.0
290
     0
  0
SCALE
  5
3B8
102
{ACAD_REACTORS
330
39F
102
}
330
39F
100
AcDbScale
 70
     0
300
1:50
140
1.0
141
50.0
290
     0
  0
SCALE
  5
3B9
102
{ACAD_REACTORS
330
39F
102
}
330
39F
100
AcDbScale
 70
     0
300
1:100
140
1.0
141
100.0
290
     0
  0
SCALE
  5
3BA
102
{ACAD_REACTORS
330
39F
102
}
330
39F
100
AcDbScale
 70
     0
300
2:1
140
2.0
141
1.0
290
     0
  0
SCALE
  5
3BB
102
{ACAD_REACTORS
330
39F
102
}
330
39F
100
AcDbScale
 70
     0
300
4:1
140
4.0
141
1.0
290
     0
  0
SCALE
  5
3BC
102
{ACAD_REACTORS
330
39F
102
}
330
39F
100
AcDbScale
 70
     0
300
8:1
140
8.0
141
1.0
290
     0
  0
SCALE
  5
3BD
102
{ACAD_REACTORS
330
39F
102
}
330
39F
100
AcDbScale
 70
     0
300
10:1
140
10.0
141
1.0
290
     0
  0
SCALE
  5
3BE
102
{ACAD_REACTORS
330
39F
102
}
330
39F
100
AcDbScale
 70
     0
300
100:1
140
100.0
141
1.0
290
     0
  0
ACDBSECTIONVIEWSTYLE
  5
4D7
102
{ACAD_REACTORS
330
4D6
102
}
330
4D6
100
AcDbModelDocViewStyle
 70
     0
  3
Imperial24
290
     0
300
Imperial24
 90
        0
100
AcDbSectionViewStyle
 70
     0
 71
     0
 90
       78
 71
     1
340
37B
 62
   256
 40
0.24
340
0
340
0
 62
   256
 40
0.24
300
I, O, Q, S, X, Z
 40
0.48
 90
        3
 40
0.18
 90
        1
 71
     2
340
13
 90
       25
 62
   256
340
13
 90
       50
 62
   256
 40
0.24
 40
0.0
 40
0.24
 71
     3
340
37B
 62
   256
 40
0.24
 90
        1
 40
0.75
 90
        1
300
%<\AcVar ViewType \f "%tc1">% %<\AcVar ViewSectionStartId>%-%<\AcVar ViewSectionEndId>%\PSCALE %<\AcVar ViewScale \f "%sn">%
 71
     4
 62
   256
 62
   257
300
ANSI31
 40
1.0
 90
        0
290
     0
290
     0
 90
        6
 40
0.0
 40
1.57
 40
0.26
 40
1.31
 40
-0.26
 40
1.83
  0
ACDBSECTIONVIEWSTYLE
  5
695
102
{ACAD_REACTORS
330
4D6
102
}
330
4D6
100
AcDbModelDocViewStyle
 70
     0
  3
Metric50
290
     1
300
Metric50
 90
        0
100
AcDbSectionViewStyle
 70
     0
 71
     0
 90
      102
 71
     1
340
37B
 62
   256
 40
5.0
340
0
340
0
 62
   256
 40
5.0
300
I, O, Q, S, X, Z
 40
10.0
 90
        0
 40
2.5
 90
        0
 71
     2
340
13
 90
       25
 62
   256
340
13
 90
       50
 62
   256
 40
5.0
 40
2.5
 40
5.0
 71
     3
340
37B
 62
   256
 40
5.0
 90
        0
 40
15.0
 90
        1
300
%<\AcVar ViewSectionStartId>%-%<\AcVar ViewSectionEndId>% (%<\AcVar ViewScale \f "%sn">%)
 71
     4
 62
   256
 62
   257
300
ANSI31
 40
1.0
 90
        0
290
     0
290
     0
 90
        6
 40
0.0
 40
1.57
 40
0.26
 40
1.31
 40
-0.26
 40
1.83
  0
TABLESTYLE
  5
3AB
102
{ACAD_XDICTIONARY
360
643
102
}
102
{ACAD_REACTORS
330
3A0
102
}
330
3A0
100
AcDbTableStyle
280
     0
  3
Standard
 70
     0
 71
     0
 40
1.5
 41
1.5
280
     0
281
     0
  7
Standard
140
4.5
170
     2
 62
     0
 63
     7
283
     0
 90
      512
 91
        0
  1

274
    -2
284
     1
 64
     0
275
    -2
285
     1
 65
     0
276
    -2
286
     1
 66
     0
277
    -2
287
     1
 67
     0
278
    -2
288
     1
 68
     0
279
    -2
289
     1
 69
     0
  7
Standard
140
6.0
170
     5
 62
     0
 63
     7
283
     0
 90
      512
 91
        0
  1

274
    -2
284
     1
 64
     0
275
    -2
285
     1
 65
     0
276
    -2
286
     1
 66
     0
277
    -2
287
     1
 67
     0
278
    -2
288
     1
 68
     0
279
    -2
289
     1
 69
     0
  7
Standard
140
4.5
170
     5
 62
     0
 63
     7
283
     0
 90
      512
 91
        0
  1

274
    -2
284
     1
 64
     0
275
    -2
285
     1
 65
     0
276
    -2
286
     1
 66
     0
277
    -2
287
     1
 67
     0
278
    -2
288
     1
 68
     0
279
    -2
289
     1
 69
     0
  0
VISUALSTYLE
  5
384
102
{ACAD_REACTORS
330
385
102
}
330
385
100
AcDbVisualStyle
  2
2dWireframe
 70
     4
177
     3
291
     0
 70
    58
 90
        0
176
     1
 90
        2
176
     1
 90
        0
176
     1
 90
        0
176
     1
 40
0.6
176
     1
 40
30.0
176
     1
 62
     7
420
 16777215
176
     1
 90
        1
176
     1
 90
        4
176
     1
 62
     7
176
     1
 62
   257
176
     1
 90
        1
176
     1
 90
        1
176
     1
 40
1.0
176
     1
 90
        0
176
     1
 62
   257
176
     1
 40
1.0
176
     1
 90
        1
176
     1
 90
        6
176
     1
 90
        2
176
     1
 62
     7
176
     1
 90
        5
176
     1
 90
        0
176
     1
 90
        0
176
     1
290
     0
176
     1
 90
        1
176
     1
 40
0.0
176
     1
 90
        0
176
     1
290
     1
176
     1
290
     1
176
     1
290
     0
176
     1
290
     0
176
     1
290
     0
176
     1
290
     0
176
     1
290
     0
176
     1
290
     0
176
     1
290
     0
176
     1
 90
       50
176
     1
 40
0.0
176
     1
 40
1.0
176
     1
 90
        0
176
     1
 62
    18
420
        0
176
     1
 90
       50
176
     1
 90
        3
176
     1
 62
     5
420
      255
176
     1
290
     0
176
     1
 90
       50
176
     1
 90
       50
176
     1
 90
       50
176
     1
290
     0
176
     1
 90
       50
176
     1
 62
   256
176
     0
 40
1.0
176
     0
 90
        2
176
     1
  1
strokes_ogs.tif
176
     1
290
     0
176
     1
 40
1.0
176
     1
 40
1.0
176
     1
  0
VISUALSTYLE
  5
4C0
102
{ACAD_REACTORS
330
385
102
}
330
385
100
AcDbVisualStyle
  2
Basic
 70
     7
177
     3
291
     1
 70
    58
 90
        1
176
     1
 90
        0
176
     1
 90
        1
176
     1
 90
        0
176
     1
 40
0.6
176
     1
 40
30.0
176
     1
 62
     7
420
 16777215
176
     1
 90
        0
176
     1
 90
        4
176
     1
 62
     7
176
     1
 62
   257
176
     1
 90
        1
176
     1
 90
        1
176
     1
 40
1.0
176
     1
 90
        8
176
     1
 62
     7
176
     1
 40
1.0
176
     1
 90
        1
176
     1
 90
        6
176
     1
 90
        2
176
     1
 62
     7
176
     1
 90
        5
176
     1
 90
        0
176
     1
 90
        0
176
     1
290
     0
176
     1
 90
        1
176
     1
 40
0.0
176
     1
 90
        0
176
     1
290
     0
176
     1
290
     1
176
     1
290
     1
176
     1
290
     0
176
     1
290
     0
176
     1
290
     0
176
     1
290
     0
176
     1
290
     0
176
     1
290
     0
176
     1
 90
       50
176
     1
 40
0.0
176
     1
 40
1.0
176
     1
 90
        0
176
     1
 62
    18
420
        0
176
     1
 90
       50
176
     1
 90
        3
176
     1
 62
     5
420
      255
176
     1
290
     0
176
     1
 90
       50
176
     1
 90
       50
176
     1
 90
       50
176
     1
290
     0
176
     1
 90
       50
176
     1
 62
   256
176
     0
 40
1.0
176
     0
 90
        2
176
     1
  1
strokes_ogs.tif
176
     1
290
     0
176
     1
 40
1.0
176
     1
 40
1.0
176
     1
  0
VISUALSTYLE
  5
4C1
102
{ACAD_REACTORS
330
385
102
}
330
385
100
AcDbVisualStyle
  2
Brighten
 70
    12
177
     3
291
     1
 70
    58
 90
        2
176
     1
 90
        2
176
     1
 90
        0
176
     1
 90
        0
176
     1
 40
0.6
176
     1
 40
30.0
176
     1
 62
     7
420
 16777215
176
     1
 90
        1
176
     1
 90
        4
176
     1
 62
     7
176
     1
 62
   257
176
     1
 90
        1
176
     1
 90
        1
176
     1
 40
1.0
176
     1
 90
        8
176
     1
 62
     7
176
     1
 40
1.0
176
     1
 90
        1
176
     1
 90
        6
176
     1
 90
        2
176
     1
 62
     7
176
     1
 90
        5
176
     1
 90
        0
176
     1
 90
        0
176
     1
290
     0
176
     1
 90
        1
176
     1
 40
50.0
176
     1
 90
        0
176
     1
290
     0
176
     1
290
     1
176
     1
290
     1
176
     1
290
     0
176
     1
290
     0
176
     1
290
     0
176
     1
290
     0
176
     1
290
     0
176
     1
290
     0
176
     1
 90
       50
176
     1
 40
0.0
176
     1
 40
1.0
176
     1
 90
        0
176
     1
 62
    18
420
        0
176
     1
 90
       50
176
     1
 90
        3
176
     1
 62
     5
420
      255
176
     1
290
     0
176
     1
 90
       50
176
     1
 90
       50
176
     1
 90
       50
176
     1
290
     0
176
     1
 90
       50
176
     1
 62
   256
176
     0
 40
1.0
176
     0
 90
        2
176
     1
  1
strokes_ogs.tif
176
     1
290
     0
176
     1
 40
1.0
176
     1
 40
1.0
176
     1
  0
VISUALSTYLE
  5
4C2
102
{ACAD_REACTORS
330
385
102
}
330
385
100
AcDbVisualStyle
  2
ColorChange
 70
    16
177
     3
291
     1
 70
    58
 90
        2
176
     1
 90
        2
176
     1
 90
        3
176
     1
 90
        0
176
     1
 40
0.6
176
     1
 40
30.0
176
     1
 62
     8
420
  8421504
176
     1
 90
        1
176
     1
 90
        4
176
     1
 62
     7
176
     1
 62
   257
176
     1
 90
        1
176
     1
 90
        1
176
     1
 40
1.0
176
     1
 90
        8
176
     1
 62
     8
420
  8421504
176
     1
 40
1.0
176
     1
 90
        1
176
     1
 90
        6
176
     1
 90
        2
176
     1
 62
     7
176
     1
 90
        5
176
     1
 90
        0
176
     1
 90
        0
176
     1
290
     0
176
     1
 90
        1
176
     1
 40
0.0
176
     1
 90
        0
176
     1
290
     0
176
     1
290
     1
176
     1
290
     1
176
     1
290
     0
176
     1
290
     0
176
     1
290
     0
176
     1
290
     0
176
     1
290
     0
176
     1
290
     0
176
     1
 90
       50
176
     1
 40
0.0
176
     1
 40
1.0
176
     1
 90
        0
176
     1
 62
    18
420
        0
176
     1
 90
       50
176
     1
 90
        3
176
     1
 62
     5
420
      255
176
     1
290
     0
176
     1
 90
       50
176
     1
 90
       50
176
     1
 90
       50
176
     1
290
     0
176
     1
 90
       50
176
     1
 62
   256
176
     0
 40
1.0
176
     0
 90
        2
176
     1
  1
strokes_ogs.tif
176
     1
290
     0
176
     1
 40
1.0
176
     1
 40
1.0
176
     1
  0
VISUALSTYLE
  5
4C3
102
{ACAD_REACTORS
330
385
102
}
330
385
100
AcDbVisualStyle
  2
Conceptual
 70
     9
177
     3
291
     0
 70
    58
 90
        3
176
     1
 90
        2
176
     1
 90
        0
176
     1
 90
        0
176
     1
 40
0.6
176
     1
 40
30.0
176
     1
 62
     7
420
 16777215
176
     1
 90
        2
176
     1
 90
        2
176
     1
 62
     7
176
     1
 62
   257
176
     1
 90
        1
176
     1
 90
        1
176
     1
 40
179.0
176
     1
 90
        8
176
     1
 62
     7
176
     1
 40
1.0
176
     1
 90
        1
176
     1
 90
        6
176
     1
 90
        2
176
     1
 62
     7
176
     1
 90
        3
176
     1
 90
        0
176
     1
 90
        0
176
     1
290
     0
176
     1
 90
        1
176
     1
 40
0.0
176
     1
 90
        0
176
     1
290
     0
176
     1
290
     1
176
     1
290
     1
176
     1
290
     0
176
     1
290
     0
176
     1
290
     0
176
     1
290
     0
176
     1
290
     0
176
     1
290
     0
176
     1
 90
       50
176
     1
 40
0.0
176
     1
 40
1.0
176
     1
 90
        0
176
     1
 62
    18
420
        0
176
     1
 90
       50
176
     1
 90
        3
176
     1
 62
     5
420
      255
176
     1
290
     0
176
     1
 90
       50
176
     1
 90
       50
176
     1
 90
       50
176
     1
290
     0
176
     1
 90
       50
176
     1
 62
   256
176
     0
 40
1.0
176
     0
 90
        2
176
     1
  1
strokes_ogs.tif
176
     1
290
     0
176
     1
 40
1.0
176
     1
 40
1.0
176
     1
  0
VISUALSTYLE
  5
4C4
102
{ACAD_REACTORS
330
385
102
}
330
385
100
AcDbVisualStyle
  2
Dim
 70
    11
177
     3
291
     1
 70
    58
 90
        2
176
     1
 90
        2
176
     1
 90
        0
176
     1
 90
        0
176
     1
 40
0.6
176
     1
 40
30.0
176
     1
 62
     7
420
 16777215
176
     1
 90
        1
176
     1
 90
        4
176
     1
 62
     7
176
     1
 62
   257
176
     1
 90
        1
176
     1
 90
        1
176
     1
 40
1.0
176
     1
 90
        8
176
     1
 62
     7
176
     1
 40
1.0
176
     1
 90
        1
176
     1
 90
        6
176
     1
 90
        2
176
     1
 62
     7
176
     1
 90
        5
176
     1
 90
        0
176
     1
 90
        0
176
     1
290
     0
176
     1
 90
        1
176
     1
 40
-50.0
176
     1
 90
        0
176
     1
290
     0
176
     1
290
     1
176
     1
290
     1
176
     1
290
     0
176
     1
290
     0
176
     1
290
     0
176
     1
290
     0
176
     1
290
     0
176
     1
290
     0
176
     1
 90
       50
176
     1
 40
0.0
176
     1
 40
1.0
176
     1
 90
        0
176
     1
 62
    18
420
        0
176
     1
 90
       50
176
     1
 90
        3
176
     1
 62
     5
420
      255
176
     1
290
     0
176
     1
 90
       50
176
     1
 90
       50
176
     1
 90
       50
176
     1
290
     0
176
     1
 90
       50
176
     1
 62
   256
176
     0
 40
1.0
176
     0
 90
        2
176
     1
  1
strokes_ogs.tif
176
     1
290
     0
176
     1
 40
1.0
176
     1
 40
1.0
176
     1
  0
VISUALSTYLE
  5
4C5
102
{ACAD_REACTORS
330
385
102
}
330
385
100
AcDbVisualStyle
  2
EdgeColorOff
 70
    22
177
     3
291
     1
 70
    58
 90
        2
176
     0
 90
        2
176
     0
 90
        0
176
     0
 90
        0
176
     0
 40
0.6
176
     0
 40
30.0
176
     0
 62
     7
420
 16777215
176
     0
 90
        1
176
     0
 90
        4
176
     0
 62
     7
176
     0
 62
   257
176
     0
 90
        1
176
     0
 90
        1
176
     0
 40
1.0
176
     0
 90
        8
176
     2
 62
     7
176
     0
 40
1.0
176
     0
 90
        1
176
     0
 90
        6
176
     0
 90
        2
176
     0
 62
     7
176
     0
 90
        5
176
     0
 90
        0
176
     0
 90
        0
176
     0
290
     0
176
     0
 90
        1
176
     0
 40
0.0
176
     0
 90
        0
176
     0
290
     0
176
     0
290
     1
176
     0
290
     1
176
     0
290
     0
176
     0
290
     0
176
     0
290
     0
176
     0
290
     0
176
     0
290
     0
176
     0
290
     0
176
     0
 90
       50
176
     0
 40
0.0
176
     0
 40
1.0
176
     0
 90
        0
176
     0
 62
    18
420
        0
176
     0
 90
       50
176
     0
 90
        3
176
     0
 62
     5
420
      255
176
     0
290
     0
176
     0
 90
       50
176
     0
 90
       50
176
     0
 90
       50
176
     0
290
     0
176
     0
 90
       50
176
     0
 62
   256
176
     0
 40
1.0
176
     0
 90
        2
176
     0
  1
strokes_ogs.tif
176
     0
290
     0
176
     0
 40
1.0
176
     0
 40
1.0
176
     0
  0
VISUALSTYLE
  5
4C6
102
{ACAD_REACTORS
330
385
102
}
330
385
100
AcDbVisualStyle
  2
Facepattern
 70
    15
177
     3
291
     1
 70
    58
 90
        2
176
     1
 90
        2
176
     1
 90
        0
176
     1
 90
        0
176
     1
 40
0.6
176
     1
 40
30.0
176
     1
 62
     7
420
 16777215
176
     1
 90
        1
176
     1
 90
        4
176
     1
 62
     7
176
     1
 62
   257
176
     1
 90
        1
176
     1
 90
        1
176
     1
 40
1.0
176
     1
 90
        8
176
     1
 62
     7
176
     1
 40
1.0
176
     1
 90
        1
176
     1
 90
        6
176
     1
 90
        2
176
     1
 62
     7
176
     1
 90
        5
176
     1
 90
        0
176
     1
 90
        0
176
     1
290
     0
176
     1
 90
        1
176
     1
 40
0.0
176
     1
 90
        0
176
     1
290
     0
176
     1
290
     1
176
     1
290
     1
176
     1
290
     0
176
     1
290
     0
176
     1
290
     0
176
     1
290
     0
176
     1
290
     0
176
     1
290
     0
176
     1
 90
       50
176
     1
 40
0.0
176
     1
 40
1.0
176
     1
 90
        0
176
     1
 62
    18
420
        0
176
     1
 90
       50
176
     1
 90
        3
176
     1
 62
     5
420
      255
176
     1
290
     0
176
     1
 90
       50
176
     1
 90
       50
176
     1
 90
       50
176
     1
290
     0
176
     1
 90
       50
176
     1
 62
   256
176
     0
 40
1.0
176
     0
 90
        2
176
     1
  1
strokes_ogs.tif
176
     1
290
     0
176
     1
 40
1.0
176
     1
 40
1.0
176
     1
  0
VISUALSTYLE
  5
4C7
102
{ACAD_REACTORS
330
385
102
}
330
385
100
AcDbVisualStyle
  2
Flat
 70
     0
177
     3
291
     1
 70
    58
 90
        2
176
     1
 90
        1
176
     1
 90
        1
176
     1
 90
        2
176
     1
 40
0.6
176
     1
 40
30.0
176
     1
 62
     7
420
 16777215
176
     1
 90
        0
176
     1
 90
        0
176
     1
 62
     7
176
     1
 62
   257
176
     1
 90
        1
176
     1
 90
        1
176
     1
 40
1.0
176
     1
 90
        8
176
     1
 62
     7
176
     1
 40
1.0
176
     1
 90
        1
176
     1
 90
        6
176
     1
 90
        2
176
     1
 62
     7
176
     1
 90
        5
176
     1
 90
        0
176
     1
 90
        0
176
     1
290
     0
176
     1
 90
       13
176
     1
 40
0.0
176
     1
 90
        0
176
     1
290
     0
176
     1
290
     1
176
     1
290
     1
176
     1
290
     0
176
     1
290
     0
176
     1
290
     0
176
     1
290
     0
176
     1
290
     0
176
     1
290
     0
176
     1
 90
       50
176
     1
 40
0.0
176
     1
 40
1.0
176
     1
 90
        0
176
     1
 62
    18
420
        0
176
     1
 90
       50
176
     1
 90
        3
176
     1
 62
     5
420
      255
176
     1
290
     0
176
     1
 90
       50
176
     1
 90
       50
176
     1
 90
       50
176
     1
290
     0
176
     1
 90
       50
176
     1
 62
   256
176
     0
 40
1.0
176
     0
 90
        2
176
     1
  1
strokes_ogs.tif
176
     1
290
     0
176
     1
 40
1.0
176
     1
 40
1.0
176
     1
  0
VISUALSTYLE
  5
4C8
102
{ACAD_REACTORS
330
385
102
}
330
385
100
AcDbVisualStyle
  2
FlatWithEdges
 70
     1
177
     3
291
     1
 70
    58
 90
        2
176
     1
 90
        1
176
     1
 90
        1
176
     1
 90
        2
176
     1
 40
0.6
176
     1
 40
30.0
176
     1
 62
     7
420
 16777215
176
     1
 90
        1
176
     1
 90
        0
176
     1
 62
     7
176
     1
 62
   257
176
     1
 90
        1
176
     1
 90
        1
176
     1
 40
1.0
176
     1
 90
        0
176
     1
 62
   257
176
     1
 40
1.0
176
     1
 90
        1
176
     1
 90
        6
176
     1
 90
        2
176
     1
 62
     7
176
     1
 90
        5
176
     1
 90
        0
176
     1
 90
        0
176
     1
290
     0
176
     1
 90
       13
176
     1
 40
0.0
176
     1
 90
        0
176
     1
290
     0
176
     1
290
     1
176
     1
290
     1
176
     1
290
     0
176
     1
290
     0
176
     1
290
     0
176
     1
290
     0
176
     1
290
     0
176
     1
290
     0
176
     1
 90
       50
176
     1
 40
0.0
176
     1
 40
1.0
176
     1
 90
        0
176
     1
 62
    18
420
        0
176
     1
 90
       50
176
     1
 90
        3
176
     1
 62
     5
420
      255
176
     1
290
     0
176
     1
 90
       50
176
     1
 90
       50
176
     1
 90
       50
176
     1
290
     0
176
     1
 90
       50
176
     1
 62
   256
176
     0
 40
1.0
176
     0
 90
        2
176
     1
  1
strokes_ogs.tif
176
     1
290
     0
176
     1
 40
1.0
176
     1
 40
1.0
176
     1
  0
VISUALSTYLE
  5
4C9
102
{ACAD_REACTORS
330
385
102
}
330
385
100
AcDbVisualStyle
  2
Gouraud
 70
     2
177
     3
291
     1
 70
    58
 90
        2
176
     1
 90
        2
176
     1
 90
        1
176
     1
 90
        2
176
     1
 40
0.6
176
     1
 40
30.0
176
     1
 62
     7
420
 16777215
176
     1
 90
        0
176
     1
 90
        0
176
     1
 62
     7
176
     1
 62
   257
176
     1
 90
        1
176
     1
 90
        1
176
     1
 40
1.0
176
     1
 90
        0
176
     1
 62
     7
176
     1
 40
1.0
176
     1
 90
        1
176
     1
 90
        6
176
     1
 90
        2
176
     1
 62
     7
176
     1
 90
        5
176
     1
 90
        0
176
     1
 90
        0
176
     1
290
     0
176
     1
 90
       13
176
     1
 40
0.0
176
     1
 90
        0
176
     1
290
     0
176
     1
290
     1
176
     1
290
     1
176
     1
290
     0
176
     1
290
     0
176
     1
290
     0
176
     1
290
     0
176
     1
290
     0
176
     1
290
     0
176
     1
 90
       50
176
     1
 40
0.0
176
     1
 40
1.0
176
     1
 90
        0
176
     1
 62
    18
420
        0
176
     1
 90
       50
176
     1
 90
        3
176
     1
 62
     5
420
      255
176
     1
290
     0
176
     1
 90
       50
176
     1
 90
       50
176
     1
 90
       50
176
     1
290
     0
176
     1
 90
       50
176
     1
 62
   256
176
     0
 40
1.0
176
     0
 90
        2
176
     1
  1
strokes_ogs.tif
176
     1
290
     0
176
     1
 40
1.0
176
     1
 40
1.0
176
     1
  0
VISUALSTYLE
  5
4CA
102
{ACAD_REACTORS
330
385
102
}
330
385
100
AcDbVisualStyle
  2
GouraudWithEdges
 70
     3
177
     3
291
     1
 70
    58
 90
        2
176
     1
 90
        2
176
     1
 90
        1
176
     1
 90
        2
176
     1
 40
0.6
176
     1
 40
30.0
176
     1
 62
     7
420
 16777215
176
     1
 90
        1
176
     1
 90
        0
176
     1
 62
     7
176
     1
 62
   257
176
     1
 90
        1
176
     1
 90
        1
176
     1
 40
1.0
176
     1
 90
        0
176
     1
 62
   257
176
     1
 40
1.0
176
     1
 90
        1
176
     1
 90
        6
176
     1
 90
        2
176
     1
 62
     7
176
     1
 90
        5
176
     1
 90
        0
176
     1
 90
        0
176
     1
290
     0
176
     1
 90
       13
176
     1
 40
0.0
176
     1
 90
        0
176
     1
290
     0
176
     1
290
     1
176
     1
290
     1
176
     1
290
     0
176
     1
290
     0
176
     1
290
     0
176
     1
290
     0
176
     1
290
     0
176
     1
290
     0
176
     1
 90
       50
176
     1
 40
0.0
176
     1
 40
1.0
176
     1
 90
        0
176
     1
 62
    18
420
        0
176
     1
 90
       50
176
     1
 90
        3
176
     1
 62
     5
420
      255
176
     1
290
     0
176
     1
 90
       50
176
     1
 90
       50
176
     1
 90
       50
176
     1
290
     0
176
     1
 90
       50
176
     1
 62
   256
176
     0
 40
1.0
176
     0
 90
        2
176
     1
  1
strokes_ogs.tif
176
     1
290
     0
176
     1
 40
1.0
176
     1
 40
1.0
176
     1
  0
VISUALSTYLE
  5
4CB
102
{ACAD_REACTORS
330
385
102
}
330
385
100
AcDbVisualStyle
  2
Hidden
 70
     6
177
     3
291
     0
 70
    58
 90
        1
176
     1
 90
        2
176
     1
 90
        2
176
     1
 90
        0
176
     1
 40
0.6
176
     1
 40
30.0
176
     1
 62
     7
420
 16777215
176
     1
 90
        2
176
     1
 90
        2
176
     1
 62
     7
176
     1
 62
   257
176
     1
 90
        2
176
     1
 90
        1
176
     1
 40
40.0
176
     1
 90
        0
176
     1
 62
   257
176
     1
 40
1.0
176
     1
 90
        1
176
     1
 90
        6
176
     1
 90
        2
176
     1
 62
     7
176
     1
 90
        3
176
     1
 90
        0
176
     1
 90
        0
176
     1
290
     0
176
     1
 90
        1
176
     1
 40
0.0
176
     1
 90
        0
176
     1
290
     0
176
     1
290
     1
176
     1
290
     1
176
     1
290
     0
176
     1
290
     0
176
     1
290
     0
176
     1
290
     0
176
     1
290
     0
176
     1
290
     0
176
     1
 90
       50
176
     1
 40
0.0
176
     1
 40
1.0
176
     1
 90
        0
176
     1
 62
    18
420
        0
176
     1
 90
       50
176
     1
 90
        3
176
     1
 62
     5
420
      255
176
     1
290
     0
176
     1
 90
       50
176
     1
 90
       50
176
     1
 90
       50
176
     1
290
     0
176
     1
 90
       50
176
     1
 62
   256
176
     0
 40
1.0
176
     0
 90
        2
176
     1
  1
strokes_ogs.tif
176
     1
290
     0
176
     1
 40
1.0
176
     1
 40
1.0
176
     1
  0
VISUALSTYLE
  5
4CC
102
{ACAD_REACTORS
330
385
102
}
330
385
100
AcDbVisualStyle
  2
JitterOff
 70
    20
177
     3
291
     1
 70
    58
 90
        2
176
     0
 90
        2
176
     0
 90
        0
176
     0
 90
        0
176
     0
 40
0.6
176
     0
 40
30.0
176
     0
 62
     7
420
 16777215
176
     0
 90
        1
176
     0
 90
        4
176
     0
 62
     7
176
     0
 62
   257
176
     0
 90
        1
176
     0
 90
        1
176
     0
 40
1.0
176
     0
 90
       10
176
     2
 62
     7
176
     0
 40
1.0
176
     0
 90
        1
176
     0
 90
        6
176
     0
 90
        2
176
     0
 62
     7
176
     0
 90
        5
176
     0
 90
        0
176
     0
 90
        0
176
     0
290
     0
176
     0
 90
        1
176
     0
 40
0.0
176
     0
 90
        0
176
     0
290
     0
176
     0
290
     1
176
     0
290
     1
176
     0
290
     0
176
     0
290
     0
176
     0
290
     0
176
     0
290
     0
176
     0
290
     0
176
     0
290
     0
176
     0
 90
       50
176
     0
 40
0.0
176
     0
 40
1.0
176
     0
 90
        0
176
     0
 62
    18
420
        0
176
     0
 90
       50
176
     0
 90
        3
176
     0
 62
     5
420
      255
176
     0
290
     0
176
     0
 90
       50
176
     0
 90
       50
176
     0
 90
       50
176
     0
290
     0
176
     0
 90
       50
176
     0
 62
   256
176
     0
 40
1.0
176
     0
 90
        2
176
     0
  1
strokes_ogs.tif
176
     0
290
     0
176
     0
 40
1.0
176
     0
 40
1.0
176
     0
  0
VISUALSTYLE
  5
4CD
102
{ACAD_REACTORS
330
385
102
}
330
385
100
AcDbVisualStyle
  2
Linepattern
 70
    14
177
     3
291
     1
 70
    58
 90
        2
176
     1
 90
        2
176
     1
 90
        0
176
     1
 90
        0
176
     1
 40
0.6
176
     1
 40
30.0
176
     1
 62
     7
420
 16777215
176
     1
 90
        1
176
     1
 90
        4
176
     1
 62
     7
176
     1
 62
   257
176
     1
 90
        7
176
     1
 90
        7
176
     1
 40
1.0
176
     1
 90
        8
176
     1
 62
     7
176
     1
 40
1.0
176
     1
 90
        1
176
     1
 90
        6
176
     1
 90
        2
176
     1
 62
     7
176
     1
 90
        5
176
     1
 90
        0
176
     1
 90
        0
176
     1
290
     0
176
     1
 90
        1
176
     1
 40
0.0
176
     1
 90
        0
176
     1
290
     0
176
     1
290
     1
176
     1
290
     1
176
     1
290
     0
176
     1
290
     0
176
     1
290
     0
176
     1
290
     0
176
     1
290
     0
176
     1
290
     0
176
     1
 90
       50
176
     1
 40
0.0
176
     1
 40
1.0
176
     1
 90
        0
176
     1
 62
    18
420
        0
176
     1
 90
       50
176
     1
 90
        3
176
     1
 62
     5
420
      255
176
     1
290
     0
176
     1
 90
       50
176
     1
 90
       50
176
     1
 90
       50
176
     1
290
     0
176
     1
 90
       50
176
     1
 62
   256
176
     0
 40
1.0
176
     0
 90
        2
176
     1
  1
strokes_ogs.tif
176
     1
290
     0
176
     1
 40
1.0
176
     1
 40
1.0
176
     1
  0
VISUALSTYLE
  5
4CE
102
{ACAD_REACTORS
330
385
102
}
330
385
100
AcDbVisualStyle
  2
OverhangOff
 70
    21
177
     3
291
     1
 70
    58
 90
        2
176
     0
 90
        2
176
     0
 90
        0
176
     0
 90
        0
176
     0
 40
0.6
176
     0
 40
30.0
176
     0
 62
     7
420
 16777215
176
     0
 90
        1
176
     0
 90
        4
176
     0
 62
     7
176
     0
 62
   257
176
     0
 90
        1
176
     0
 90
        1
176
     0
 40
1.0
176
     0
 90
        9
176
     2
 62
     7
176
     0
 40
1.0
176
     0
 90
        1
176
     0
 90
        6
176
     0
 90
        2
176
     0
 62
     7
176
     0
 90
        5
176
     0
 90
        0
176
     0
 90
        0
176
     0
290
     0
176
     0
 90
        1
176
     0
 40
0.0
176
     0
 90
        0
176
     0
290
     0
176
     0
290
     1
176
     0
290
     1
176
     0
290
     0
176
     0
290
     0
176
     0
290
     0
176
     0
290
     0
176
     0
290
     0
176
     0
290
     0
176
     0
 90
       50
176
     0
 40
0.0
176
     0
 40
1.0
176
     0
 90
        0
176
     0
 62
    18
420
        0
176
     0
 90
       50
176
     0
 90
        3
176
     0
 62
     5
420
      255
176
     0
290
     0
176
     0
 90
       50
176
     0
 90
       50
176
     0
 90
       50
176
     0
290
     0
176
     0
 90
       50
176
     0
 62
   256
176
     0
 40
1.0
176
     0
 90
        2
176
     0
  1
strokes_ogs.tif
176
     0
290
     0
176
     0
 40
1.0
176
     0
 40
1.0
176
     0
  0
VISUALSTYLE
  5
3AC
102
{ACAD_REACTORS
330
385
102
}
330
385
100
AcDbVisualStyle
  2
Realistic
 70
     8
177
     3
291
     0
 70
    58
 90
        2
176
     1
 90
        2
176
     1
 90
        0
176
     1
 90
        2
176
     1
 40
0.6
176
     1
 40
30.0
176
     1
 62
     7
420
 16777215
176
     1
 90
        0
176
     1
 90
        0
176
     1
 62
     7
176
     1
 62
   257
176
     1
 90
        1
176
     1
 90
        1
176
     1
 40
1.0
176
     1
 90
        8
176
     1
 62
   257
176
     1
 40
1.0
176
     1
 90
        1
176
     1
 90
        6
176
     1
 90
        2
176
     1
 62
     7
176
     1
 90
        3
176
     1
 90
        0
176
     1
 90
        0
176
     1
290
     0
176
     1
 90
       13
176
     1
 40
0.0
176
     1
 90
        0
176
     1
290
     0
176
     1
290
     1
176
     1
290
     1
176
     1
290
     0
176
     1
290
     0
176
     1
290
     0
176
     1
290
     0
176
     1
290
     0
176
     1
290
     0
176
     1
 90
       50
176
     1
 40
0.0
176
     1
 40
1.0
176
     1
 90
        0
176
     1
 62
    18
420
        0
176
     1
 90
       50
176
     1
 90
        3
176
     1
 62
     5
420
      255
176
     1
290
     0
176
     1
 90
       50
176
     1
 90
       50
176
     1
 90
       50
176
     1
290
     0
176
     1
 90
       50
176
     1
 62
   256
176
     0
 40
1.0
176
     0
 90
        2
176
     1
  1
strokes_ogs.tif
176
     1
290
     0
176
     1
 40
1.0
176
     1
 40
1.0
176
     1
  0
VISUALSTYLE
  5
4CF
102
{ACAD_REACTORS
330
385
102
}
330
385
100
AcDbVisualStyle
  2
Shaded
 70
    27
177
     3
291
     0
 70
    58
 90
        2
176
     1
 90
        2
176
     1
 90
        1
176
     1
 90
        2
176
     1
 40
0.6
176
     1
 40
30.0
176
     1
 62
     7
420
 16777215
176
     1
 90
        0
176
     1
 90
        4
176
     1
 62
     7
176
     1
 62
   257
176
     1
 90
        1
176
     1
 90
        1
176
     1
 40
1.0
176
     1
 90
        8
176
     1
 62
   257
176
     1
 40
1.0
176
     1
 90
        1
176
     1
 90
        6
176
     1
 90
        2
176
     1
 62
     8
420
  7895160
176
     1
 90
        3
176
     1
 90
        0
176
     1
 90
        0
176
     1
290
     0
176
     1
 90
        5
176
     1
 40
0.0
176
     1
 90
        0
176
     1
290
     0
176
     1
290
     1
176
     1
290
     1
176
     1
290
     0
176
     1
290
     0
176
     1
290
     0
176
     1
290
     0
176
     1
290
     0
176
     1
290
     0
176
     1
 90
       50
176
     1
 40
0.0
176
     1
 40
1.0
176
     1
 90
        0
176
     1
 62
    18
420
        0
176
     1
 90
       50
176
     1
 90
        3
176
     1
 62
     5
420
      255
176
     1
290
     0
176
     1
 90
       50
176
     1
 90
       50
176
     1
 90
       50
176
     1
290
     0
176
     1
 90
       50
176
     1
 62
   256
176
     0
 40
1.0
176
     0
 90
        2
176
     1
  1
strokes_ogs.tif
176
     1
290
     0
176
     1
 40
1.0
176
     1
 40
1.0
176
     1
  0
VISUALSTYLE
  5
4D0
102
{ACAD_REACTORS
330
385
102
}
330
385
100
AcDbVisualStyle
  2
Shaded with edges
 70
    26
177
     3
291
     0
 70
    58
 90
        2
176
     1
 90
        2
176
     1
 90
        1
176
     1
 90
        2
176
     1
 40
0.6
176
     1
 40
30.0
176
     1
 62
     7
420
 16777215
176
     1
 90
        1
176
     1
 90
        2
176
     1
 62
     7
176
     1
 62
   257
176
     1
 90
        2
176
     1
 90
        1
176
     1
 40
1.0
176
     1
 90
        8
176
     1
 62
   257
176
     1
 40
1.0
176
     1
 90
        1
176
     1
 90
        6
176
     1
 90
        2
176
     1
 62
     7
176
     1
 90
        3
176
     1
 90
        0
176
     1
 90
        0
176
     1
290
     0
176
     1
 90
        5
176
     1
 40
0.0
176
     1
 90
        0
176
     1
290
     0
176
     1
290
     1
176
     1
290
     1
176
     1
290
     0
176
     1
290
     0
176
     1
290
     0
176
     1
290
     0
176
     1
290
     0
176
     1
290
     0
176
     1
 90
       50
176
     1
 40
0.0
176
     1
 40
1.0
176
     1
 90
        0
176
     1
 62
    18
420
        0
176
     1
 90
       50
176
     1
 90
        3
176
     1
 62
     5
420
      255
176
     1
290
     0
176
     1
 90
       50
176
     1
 90
       50
176
     1
 90
       50
176
     1
290
     0
176
     1
 90
       50
176
     1
 62
   256
176
     0
 40
1.0
176
     0
 90
        2
176
     1
  1
strokes_ogs.tif
176
     1
290
     0
176
     1
 40
1.0
176
     1
 40
1.0
176
     1
  0
VISUALSTYLE
  5
4D1
102
{ACAD_REACTORS
330
385
102
}
330
385
100
AcDbVisualStyle
  2
Shades of Gray
 70
    23
177
     3
291
     0
 70
    58
 90
        2
176
     1
 90
        2
176
     1
 90
        3
176
     1
 90
        0
176
     1
 40
0.6
176
     1
 40
30.0
176
     1
 62
     7
420
 16777215
176
     1
 90
        2
176
     1
 90
        2
176
     1
 62
     7
176
     1
 62
     7
176
     1
 90
        1
176
     1
 90
        1
176
     1
 40
40.0
176
     1
 90
        8
176
     1
 62
     7
176
     1
 40
1.0
176
     1
 90
        1
176
     1
 90
        6
176
     1
 90
        2
176
     1
 62
     7
176
     1
 90
        3
176
     1
 90
        0
176
     1
 90
        0
176
     1
290
     0
176
     1
 90
        1
176
     1
 40
0.0
176
     1
 90
        0
176
     1
290
     0
176
     1
290
     1
176
     1
290
     1
176
     1
290
     0
176
     1
290
     0
176
     1
290
     0
176
     1
290
     0
176
     1
290
     0
176
     1
290
     0
176
     1
 90
       50
176
     1
 40
0.0
176
     1
 40
1.0
176
     1
 90
        0
176
     1
 62
    18
420
        0
176
     1
 90
       50
176
     1
 90
        3
176
     1
 62
     5
420
      255
176
     1
290
     0
176
     1
 90
       50
176
     1
 90
       50
176
     1
 90
       50
176
     1
290
     0
176
     1
 90
       50
176
     1
 62
   256
176
     0
 40
1.0
176
     0
 90
        2
176
     1
  1
strokes_ogs.tif
176
     1
290
     0
176
     1
 40
1.0
176
     1
 40
1.0
176
     1
  0
VISUALSTYLE
  5
4D2
102
{ACAD_REACTORS
330
385
102
}
330
385
100
AcDbVisualStyle
  2
Sketchy
 70
    24
177
     3
291
     0
 70
    58
 90
        1
176
     1
 90
        2
176
     1
 90
        2
176
     1
 90
        0
176
     1
 40
0.6
176
     1
 40
30.0
176
     1
 62
     7
420
 16777215
176
     1
 90
        2
176
     1
 90
        2
176
     1
 62
     7
176
     1
 62
     7
176
     1
 90
        1
176
     1
 90
        1
176
     1
 40
40.0
176
     1
 90
       11
176
     1
 62
     7
176
     1
 40
1.0
176
     1
 90
        1
176
     1
 90
        6
176
     1
 90
        2
176
     1
 62
     7
176
     1
 90
        6
176
     1
 90
        0
176
     1
 90
        0
176
     1
290
     0
176
     1
 90
        1
176
     1
 40
0.0
176
     1
 90
        0
176
     1
290
     0
176
     1
290
     1
176
     1
290
     1
176
     1
290
     0
176
     1
290
     0
176
     1
290
     0
176
     1
290
     0
176
     1
290
     0
176
     1
290
     0
176
     1
 90
       50
176
     1
 40
0.0
176
     1
 40
1.0
176
     1
 90
        0
176
     1
 62
    18
420
        0
176
     1
 90
       50
176
     1
 90
        3
176
     1
 62
     5
420
      255
176
     1
290
     0
176
     1
 90
       50
176
     1
 90
       50
176
     1
 90
       50
176
     1
290
     0
176
     1
 90
       50
176
     1
 62
   256
176
     0
 40
1.0
176
     0
 90
        2
176
     1
  1
strokes_ogs.tif
176
     1
290
     0
176
     1
 40
1.0
176
     1
 40
1.0
176
     1
  0
VISUALSTYLE
  5
4D3
102
{ACAD_REACTORS
330
385
102
}
330
385
100
AcDbVisualStyle
  2
Thicken
 70
    13
177
     3
291
     1
 70
    58
 90
        2
176
     1
 90
        2
176
     1
 90
        0
176
     1
 90
        0
176
     1
 40
0.6
176
     1
 40
30.0
176
     1
 62
     7
420
 16777215
176
     1
 90
        1
176
     1
 90
        4
176
     1
 62
     7
176
     1
 62
   257
176
     1
 90
        1
176
     1
 90
        1
176
     1
 40
1.0
176
     1
 90
       12
176
     1
 62
     7
176
     1
 40
1.0
176
     1
 90
        1
176
     1
 90
        6
176
     1
 90
        2
176
     1
 62
     7
176
     1
 90
        5
176
     1
 90
        0
176
     1
 90
        0
176
     1
290
     0
176
     1
 90
        1
176
     1
 40
0.0
176
     1
 90
        0
176
     1
290
     0
176
     1
290
     1
176
     1
290
     1
176
     1
290
     0
176
     1
290
     0
176
     1
290
     0
176
     1
290
     0
176
     1
290
     0
176
     1
290
     0
176
     1
 90
       50
176
     1
 40
0.0
176
     1
 40
1.0
176
     1
 90
        0
176
     1
 62
    18
420
        0
176
     1
 90
       50
176
     1
 90
        3
176
     1
 62
     5
420
      255
176
     1
290
     0
176
     1
 90
       50
176
     1
 90
       50
176
     1
 90
       50
176
     1
290
     0
176
     1
 90
       50
176
     1
 62
   256
176
     0
 40
1.0
176
     0
 90
        2
176
     1
  1
strokes_ogs.tif
176
     1
290
     0
176
     1
 40
1.0
176
     1
 40
1.0
176
     1
  0
VISUALSTYLE
  5
3AD
102
{ACAD_REACTORS
330
385
102
}
330
385
100
AcDbVisualStyle
  2
Wireframe
 70
     5
177
     3
291
     0
 70
    58
 90
        0
176
     1
 90
        2
176
     1
 90
        0
176
     1
 90
        0
176
     1
 40
0.6
176
     1
 40
30.0
176
     1
 62
     7
420
 16777215
176
     1
 90
        1
176
     1
 90
        4
176
     1
 62
     7
176
     1
 62
   257
176
     1
 90
        1
176
     1
 90
        1
176
     1
 40
1.0
176
     1
 90
        0
176
     1
 62
   257
176
     1
 40
1.0
176
     1
 90
        1
176
     1
 90
        6
176
     1
 90
        2
176
     1
 62
     7
176
     1
 90
        3
176
     1
 90
        0
176
     1
 90
        0
176
     1
290
     0
176
     1
 90
        1
176
     1
 40
0.0
176
     1
 90
        0
176
     1
290
     0
176
     1
290
     1
176
     1
290
     1
176
     1
290
     0
176
     1
290
     0
176
     1
290
     0
176
     1
290
     0
176
     1
290
     0
176
     1
290
     0
176
     1
 90
       50
176
     1
 40
0.0
176
     1
 40
1.0
176
     1
 90
        0
176
     1
 62
    18
420
        0
176
     1
 90
       50
176
     1
 90
        3
176
     1
 62
     5
420
      255
176
     1
290
     0
176
     1
 90
       50
176
     1
 90
       50
176
     1
 90
       50
176
     1
290
     0
176
     1
 90
       50
176
     1
 62
   256
176
     0
 40
1.0
176
     0
 90
        2
176
     1
  1
strokes_ogs.tif
176
     1
290
     0
176
     1
 40
1.0
176
     1
 40
1.0
176
     1
  0
VISUALSTYLE
  5
4D4
102
{ACAD_REACTORS
330
385
102
}
330
385
100
AcDbVisualStyle
  2
X-Ray
 70
    25
177
     3
291
     0
 70
    58
 90
        2
176
     1
 90
        2
176
     1
 90
        1
176
     1
 90
        1
176
     1
 40
0.5
176
     1
 40
30.0
176
     1
 62
     7
420
 16777215
176
     1
 90
        1
176
     1
 90
        0
176
     1
 62
     7
176
     1
 62
   257
176
     1
 90
        1
176
     1
 90
        1
176
     1
 40
1.0
176
     1
 90
        8
176
     1
 62
     7
176
     1
 40
1.0
176
     1
 90
        1
176
     1
 90
        6
176
     1
 90
        2
176
     1
 62
     7
176
     1
 90
        3
176
     1
 90
        0
176
     1
 90
        0
176
     1
290
     0
176
     1
 90
       13
176
     1
 40
0.0
176
     1
 90
        0
176
     1
290
     0
176
     1
290
     1
176
     1
290
     1
176
     1
290
     0
176
     1
290
     0
176
     1
290
     0
176
     1
290
     0
176
     1
290
     0
176
     1
290
     0
176
     1
 90
       50
176
     1
 40
0.0
176
     1
 40
1.0
176
     1
 90
        0
176
     1
 62
    18
420
        0
176
     1
 90
       50
176
     1
 90
        3
176
     1
 62
     5
420
      255
176
     1
290
     0
176
     1
 90
       50
176
     1
 90
       50
176
     1
 90
       50
176
     1
290
     0
176
     1
 90
       50
176
     1
 62
   256
176
     0
 40
1.0
176
     0
 90
        2
176
     1
  1
strokes_ogs.tif
176
     1
290
     0
176
     1
 40
1.0
176
     1
 40
1.0
176
     1
  0
DICTIONARYVAR
  5
3A3
102
{ACAD_REACTORS
330
3A2
102
}
330
3A2
100
DictionaryVariables
280
     0
  1
1:1
  0
DICTIONARYVAR
  5
3A4
102
{ACAD_REACTORS
330
3A2
102
}
330
3A2
100
DictionaryVariables
280
     0
  1
3.500000
  0
DICTIONARYVAR
  5
3A5
102
{ACAD_REACTORS
330
3A2
102
}
330
3A2
100
DictionaryVariables
280
     0
  1
acadiso.lin
  0
DICTIONARYVAR
  5
3A6
102
{ACAD_REACTORS
330
3A2
102
}
330
3A2
100
DictionaryVariables
280
     0
  1
STANDARD
  0
DICTIONARYVAR
  5
3A7
102
{ACAD_REACTORS
330
3A2
102
}
330
3A2
100
DictionaryVariables
280
     0
  1
STANDARD
  0
DICTIONARYVAR
  5
3A8
102
{ACAD_REACTORS
330
3A2
102
}
330
3A2
100
DictionaryVariables
280
     0
  1
Imperial24
  0
DICTIONARYVAR
  5
3A9
102
{ACAD_REACTORS
330
3A2
102
}
330
3A2
100
DictionaryVariables
280
     0
  1
Imperial24
  0
DICTIONARYVAR
  5
691
102
{ACAD_REACTORS
330
3A2
102
}
330
3A2
100
DictionaryVariables
280
     0
  1
0
  0
DICTIONARYVAR
  5
692
102
{ACAD_REACTORS
330
3A2
102
}
330
3A2
100
DictionaryVariables
280
     0
  1
0
  0
DICTIONARYVAR
  5
690
102
{ACAD_REACTORS
330
3A2
102
}
330
3A2
100
DictionaryVariables
280
     0
  1
2
  0
DICTIONARYVAR
  5
68F
102
{ACAD_REACTORS
330
3A2
102
}
330
3A2
100
DictionaryVariables
280
     0
  1
1
  0
DICTIONARY
  5
652
330
36A
100
AcDbDictionary
280
     1
281
     1
  0
DICTIONARY
  5
397
330
396
100
AcDbDictionary
280
     1
281
     1
  3
BUMPTILE
360
398
  3
DIFFUSETILE
360
399
  3
OPACITYTILE
360
39A
  3
REFLECTIONTILE
360
39B
  3
REFRACTIONTILE
360
39C
  3
SPECULARTILE
360
39D
  0
DICTIONARY
  5
38F
330
38E
100
AcDbDictionary
280
     1
281
     1
  3
BUMPTILE
360
390
  3
DIFFUSETILE
360
391
  3
OPACITYTILE
360
392
  3
REFLECTIONTILE
360
393
  3
REFRACTIONTILE
360
394
  3
SPECULARTILE
360
395
  0
DICTIONARY
  5
C
330
A
100
AcDbDictionary
280
     1
281
     1
  3
BUMPTILE
360
D
  3
DIFFUSETILE
360
E
  3
OPACITYTILE
360
F
  3
REFLECTIONTILE
360
10
  3
REFRACTIONTILE
360
11
  3
SPECULARTILE
360
12
  0
DICTIONARY
  5
643
330
3AB
100
AcDbDictionary
280
     1
281
     1
  3
ACAD_ROUNDTRIP_2008_TABLESTYLE_CELLSTYLEMAP
360
6A7
  0
XRECORD
  5
398
102
{ACAD_REACTORS
330
397
102
}
330
397
100
AcDbXrecord
280
     1
270
     1
271
     1
  0
XRECORD
  5
399
102
{ACAD_REACTORS
330
397
102
}
330
397
100
AcDbXrecord
280
     1
270
     1
271
     1
  0
XRECORD
  5
39A
102
{ACAD_REACTORS
330
397
102
}
330
397
100
AcDbXrecord
280
     1
270
     1
271
     1
  0
XRECORD
  5
39B
102
{ACAD_REACTORS
330
397
102
}
330
397
100
AcDbXrecord
280
     1
270
     1
271
     1
  0
XRECORD
  5
39C
102
{ACAD_REACTORS
330
397
102
}
330
397
100
AcDbXrecord
280
     1
270
     1
271
     1
  0
XRECORD
  5
39D
102
{ACAD_REACTORS
330
397
102
}
330
397
100
AcDbXrecord
280
     1
270
     1
271
     1
  0
XRECORD
  5
390
102
{ACAD_REACTORS
330
38F
102
}
330
38F
100
AcDbXrecord
280
     1
270
     1
271
     1
  0
XRECORD
  5
391
102
{ACAD_REACTORS
330
38F
102
}
330
38F
100
AcDbXrecord
280
     1
270
     1
271
     1
  0
XRECORD
  5
392
102
{ACAD_REACTORS
330
38F
102
}
330
38F
100
AcDbXrecord
280
     1
270
     1
271
     1
  0
XRECORD
  5
393
102
{ACAD_REACTORS
330
38F
102
}
330
38F
100
AcDbXrecord
280
     1
270
     1
271
     1
  0
XRECORD
  5
394
102
{ACAD_REACTORS
330
38F
102
}
330
38F
100
AcDbXrecord
280
     1
270
     1
271
     1
  0
XRECORD
  5
395
102
{ACAD_REACTORS
330
38F
102
}
330
38F
100
AcDbXrecord
280
     1
270
     1
271
     1
  0
XRECORD
  5
D
102
{ACAD_REACTORS
330
C
102
}
330
C
100
AcDbXrecord
280
     1
270
     1
271
     1
  0
XRECORD
  5
E
102
{ACAD_REACTORS
330
C
102
}
330
C
100
AcDbXrecord
280
     1
270
     1
271
     1
  0
XRECORD
  5
F
102
{ACAD_REACTORS
330
C
102
}
330
C
100
AcDbXrecord
280
     1
270
     1
271
     1
  0
XRECORD
  5
10
102
{ACAD_REACTORS
330
C
102
}
330
C
100
AcDbXrecord
280
     1
270
     1
271
     1
  0
XRECORD
  5
11
102
{ACAD_REACTORS
330
C
102
}
330
C
100
AcDbXrecord
280
     1
270
     1
271
     1
  0
XRECORD
  5
12
102
{ACAD_REACTORS
330
C
102
}
330
C
100
AcDbXrecord
280
     1
270
     1
271
     1
  0
CELLSTYLEMAP
  5
6A7
102
{ACAD_REACTORS
330
643
102
}
330
643
100
AcDbCellStyleMap
 90
        3
300
CELLSTYLE
  1
TABLEFORMAT_BEGIN
 90
        5
170
     1
 91
        0
 92
    32768
 62
   257
 93
        1
300
CONTENTFORMAT
  1
CONTENTFORMAT_BEGIN
 90
        0
 91
        0
 92
      512
 93
        0
300

 40
0.0
140
1.0
 94
        5
 62
     0
340
37B
144
6.0
309
CONTENTFORMAT_END
171
     1
301
MARGIN
  1
CELLMARGIN_BEGIN
 40
1.5
 40
1.5
 40
1.5
 40
1.5
 40
4.5
 40
4.5
309
CELLMARGIN_END
 94
        6
 95
        1
302
GRIDFORMAT
  1
GRIDFORMAT_BEGIN
 90
        0
 91
        1
 62
     0
 92
       -2
340
0
 93
        0
 40
1.13
309
GRIDFORMAT_END
 95
        2
302
GRIDFORMAT
  1
GRIDFORMAT_BEGIN
 90
        0
 91
        1
 62
     0
 92
       -2
340
0
 93
        0
 40
1.13
309
GRIDFORMAT_END
 95
        4
302
GRIDFORMAT
  1
GRIDFORMAT_BEGIN
 90
        0
 91
        1
 62
     0
 92
       -2
340
0
 93
        0
 40
1.13
309
GRIDFORMAT_END
 95
        8
302
GRIDFORMAT
  1
GRIDFORMAT_BEGIN
 90
        0
 91
        1
 62
     0
 92
       -2
340
0
 93
        0
 40
1.13
309
GRIDFORMAT_END
 95
       16
302
GRIDFORMAT
  1
GRIDFORMAT_BEGIN
 90
        0
 91
        1
 62
     0
 92
       -2
340
0
 93
        0
 40
1.13
309
GRIDFORMAT_END
 95
       32
302
GRIDFORMAT
  1
GRIDFORMAT_BEGIN
 90
        0
 91
        1
 62
     0
 92
       -2
340
0
 93
        0
 40
1.13
309
GRIDFORMAT_END
309
TABLEFORMAT_END
  1
CELLSTYLE_BEGIN
 90
        1
 91
        1
300
_TITLE
309
CELLSTYLE_END
300
CELLSTYLE
  1
TABLEFORMAT_BEGIN
 90
        5
170
     1
 91
        0
 92
        0
 62
   257
 93
        1
300
CONTENTFORMAT
  1
CONTENTFORMAT_BEGIN
 90
        0
 91
        0
 92
      512
 93
        0
300

 40
0.0
140
1.0
 94
        5
 62
     0
340
37B
144
4.5
309
CONTENTFORMAT_END
171
     1
301
MARGIN
  1
CELLMARGIN_BEGIN
 40
1.5
 40
1.5
 40
1.5
 40
1.5
 40
4.5
 40
4.5
309
CELLMARGIN_END
 94
        6
 95
        1
302
GRIDFORMAT
  1
GRIDFORMAT_BEGIN
 90
        0
 91
        1
 62
     0
 92
       -2
340
0
 93
        0
 40
1.13
309
GRIDFORMAT_END
 95
        2
302
GRIDFORMAT
  1
GRIDFORMAT_BEGIN
 90
        0
 91
        1
 62
     0
 92
       -2
340
0
 93
        0
 40
1.13
309
GRIDFORMAT_END
 95
        4
302
GRIDFORMAT
  1
GRIDFORMAT_BEGIN
 90
        0
 91
        1
 62
     0
 92
       -2
340
0
 93
        0
 40
1.13
309
GRIDFORMAT_END
 95
        8
302
GRIDFORMAT
  1
GRIDFORMAT_BEGIN
 90
        0
 91
        1
 62
     0
 92
       -2
340
0
 93
        0
 40
1.13
309
GRIDFORMAT_END
 95
       16
302
GRIDFORMAT
  1
GRIDFORMAT_BEGIN
 90
        0
 91
        1
 62
     0
 92
       -2
340
0
 93
        0
 40
1.13
309
GRIDFORMAT_END
 95
       32
302
GRIDFORMAT
  1
GRIDFORMAT_BEGIN
 90
        0
 91
        1
 62
     0
 92
       -2
340
0
 93
        0
 40
1.13
309
GRIDFORMAT_END
309
TABLEFORMAT_END
  1
CELLSTYLE_BEGIN
 90
        2
 91
        1
300
_HEADER
309
CELLSTYLE_END
300
CELLSTYLE
  1
TABLEFORMAT_BEGIN
 90
        5
170
     1
 91
        0
 92
        0
 62
   257
 93
        1
300
CONTENTFORMAT
  1
CONTENTFORMAT_BEGIN
 90
        0
 91
        0
 92
      512
 93
        0
300

 40
0.0
140
1.0
 94
        2
 62
     0
340
37B
144
4.5
309
CONTENTFORMAT_END
171
     1
301
MARGIN
  1
CELLMARGIN_BEGIN
 40
1.5
 40
1.5
 40
1.5
 40
1.5
 40
4.5
 40
4.5
309
CELLMARGIN_END
 94
        6
 95
        1
302
GRIDFORMAT
  1
GRIDFORMAT_BEGIN
 90
        0
 91
        1
 62
     0
 92
       -2
340
0
 93
        0
 40
1.13
309
GRIDFORMAT_END
 95
        2
302
GRIDFORMAT
  1
GRIDFORMAT_BEGIN
 90
        0
 91
        1
 62
     0
 92
       -2
340
0
 93
        0
 40
1.13
309
GRIDFORMAT_END
 95
        4
302
GRIDFORMAT
  1
GRIDFORMAT_BEGIN
 90
        0
 91
        1
 62
     0
 92
       -2
340
0
 93
        0
 40
1.13
309
GRIDFORMAT_END
 95
        8
302
GRIDFORMAT
  1
GRIDFORMAT_BEGIN
 90
        0
 91
        1
 62
     0
 92
       -2
340
0
 93
        0
 40
1.13
309
GRIDFORMAT_END
 95
       16
302
GRIDFORMAT
  1
GRIDFORMAT_BEGIN
 90
        0
 91
        1
 62
     0
 92
       -2
340
0
 93
        0
 40
1.13
309
GRIDFORMAT_END
 95
       32
302
GRIDFORMAT
  1
GRIDFORMAT_BEGIN
 90
        0
 91
        1
 62
     0
 92
       -2
340
0
 93
        0
 40
1.13
309
GRIDFORMAT_END
309
TABLEFORMAT_END
  1
CELLSTYLE_BEGIN
 90
        3
 91
        2
300
_DATA
309
CELLSTYLE_END
  0
ENDSEC
  0
SECTION
  2
ACDSDATA
 70
     2
 71
     8
  0
ACDSSCHEMA
 90
        0
  1
AcDb_Thumbnail_Schema
  2
AcDbDs::ID
280
    10
 91
        8
  2
Thumbnail_Data
280
    15
 91
        0
101
ACDSRECORD
 95
        0
 90
        1
  2
AcDbDs::TreatedAsObjectData
280
     1
291
     1
101
ACDSRECORD
 95
        0
 90
        2
  2
AcDbDs::Legacy
280
     1
291
     1
101
ACDSRECORD
  1
AcDbDs::ID
 90
        3
  2
AcDs:Indexable
280
     1
291
     1
101
ACDSRECORD
  1
AcDbDs::ID
 90
        4
  2
AcDbDs::HandleAttribute
280
     7
282
     1
  0
ACDSSCHEMA
 90
        1
  1
AcDbDs::TreatedAsObjectDataSchema
  2
AcDbDs::TreatedAsObjectData
280
     1
 91
        0
  0
ACDSSCHEMA
 90
        2
  1
AcDbDs::LegacySchema
  2
AcDbDs::Legacy
280
     1
 91
        0
  0
ACDSSCHEMA
 90
        3
  1
AcDbDs::IndexedPropertySchema
  2
AcDs:Indexable
280
     1
 91
        0
  0
ACDSSCHEMA
 90
        4
  1
AcDbDs::HandleAttributeSchema
  2
AcDbDs::HandleAttribute
280
     7
 91
        1
284
     1
  0
ACDSRECORD
 90
        0
  2
AcDbDs::ID
280
    10
320
36A
  2
Thumbnail_Data
280
    15
 94
     1692
310
89504E470D0A1A0A0000000D4948445200000100000000AB0803000000BE00B2CD00000300504C5445000000FFFFFF0000000000000000000000000000000000000000000000000000000000330000660000990000CC0000FF0033000033330033660033990033CC0033FF0066000066330066660066990066CC0066FF0099
310
000099330099660099990099CC0099FF00CC0000CC3300CC6600CC9900CCCC00CCFF00FF0000FF3300FF6600FF9900FFCC00FFFF3300003300333300663300993300CC3300FF3333003333333333663333993333CC3333FF3366003366333366663366993366CC3366FF3399003399333399663399993399CC3399FF33CC00
310
33CC3333CC6633CC9933CCCC33CCFF33FF0033FF3333FF6633FF9933FFCC33FFFF6600006600336600666600996600CC6600FF6633006633336633666633996633CC6633FF6666006666336666666666996666CC6666FF6699006699336699666699996699CC6699FF66CC0066CC3366CC6666CC9966CCCC66CCFF66FF0066
310
FF3366FF6666FF9966FFCC66FFFF9900009900339900669900999900CC9900FF9933009933339933669933999933CC9933FF9966009966339966669966999966CC9966FF9999009999339999669999999999CC9999FF99CC0099CC3399CC6699CC9999CCCC99CCFF99FF0099FF3399FF6699FF9999FFCC99FFFFCC0000CC00
310
33CC0066CC0099CC00CCCC00FFCC3300CC3333CC3366CC3399CC33CCCC33FFCC6600CC6633CC6666CC6699CC66CCCC66FFCC9900CC9933CC9966CC9999CC99CCCC99FFCCCC00CCCC33CCCC66CCCC99CCCCCCCCCCFFCCFF00CCFF33CCFF66CCFF99CCFFCCCCFFFFFF0000FF0033FF0066FF0099FF00CCFF00FFFF3300FF3333
310
FF3366FF3399FF33CCFF33FFFF6600FF6633FF6666FF6699FF66CCFF66FFFF9900FF9933FF9966FF9999FF99CCFF99FFFFCC00FFCC33FFCC66FFCC99FFCCCCFFCCFFFFFF00FFFF33FFFF66FFFF99FFFFCCFFFFFF0000000D0D0D1A1A1A2828283535354343435050505D5D5D6B6B6B787878868686939393A1A1A1AEAEAEBB
310
BBBBC9C9C9D6D6D6E4E4E4F1F1F1FFFFFF0000000000000000000000000000000000000000000000000000000000003AE5ACE9000003574944415478DAED9C4B76C3200C45598E27EC7FE69564119E30AFE3C48D20C8C1B6807CEEEDC48736D63B2F20247FEA1C000000000000000000000000000000000000000000000000
310
00007C2FBE0A1FA4C95771B5EBC7F79D540F1686DCA13EDEC2800A9AD460C3E34C419E548C0FAD0D28D014CC0C70DA49DF630684EA33C00DC96198C98DB734408B7D42D346B084AB01E9D8771B70FBDA1F27BD1D3F8F7FF30C905F7AEEB8B70106CBB2A9DBE70DB05F961F6680FDB2FCBC1960BC2C3F700634DD053000037E
310
D780317BA88FB730A08226317EDF5256A688FB5585E438EE54FEFB103B03EA6BF2A2A79435C53896041BC7A82A3137A081262F37593788253429D36ACA1D2E1F1CEC6740A2E9E286CB4AB0D1E4932433E47E5368409D1C70CE809D49B0D4807B0FD2D500234D493091747618705D69F50C109AAE06FC1FDE9AC17052931E6C
310
2307AC81DFC980A39A5E1A5032DD9A1A2096408519F0BC0B3C251CFF2649505C0F71E2B6875D12D40C18FDDB18F0F8848901B39B910102AD1A8BB6EB4A956089A6D980A39ACAAAAE51108FF7AB04A5A6B51E9C4E5782D136B82CB1D9519FEE02B3CDCBEAF371C2A9540966353D354347356DD5014B309FFED11CCCE783D5DF
310
0584A6D148D32BB77D5212DC22FBD07306F86C3B7C50D38BF5362FAEEBB28F7280E8C1BAE48039B69F57FDE8A3BE703AA829CAB8D79C3BA419379D015326E32EF767EBEC02594DCB97E0A4018735F9F8F241BE1D9EDCA3D252F6DC502B07289AE2273E4E687A5908151AD0A610DA678041251897DA69BFD9C980E09E12B3DD
310
F580B8194A7A8DA0056BB60DA64D8F81A66203D2F5D0CB80A0CECA8AD7037EC8808D24984CC3D037099A69C28043C1FA6F83357681B4F7DE1BACC5F5007B4D5B75B7BCF322CA6FD116B4EF05564D61FEF1F276D0514DD2EDB8F31287E3BDD85A0A2E75CFAD3203124DB249D89E01A59AF42D273560FDEB9E8550889AA40203
310
F6E5807406E4D183359801F69AF4F5A606EB7877B88226FD5EFCEE87111A3C1F5041134F88A8C178480A0330000330E01D5F9868F9B4B87C1F218860A1A301C69ACA5F4EC8E19222B5BA01F69ACC5E4F6963C02E4D670DD8E576A32560AF895D400DF6EB6F8EF2EEB0584DD1C2D2C6DBE400734D3FFF0F1400000000000000
310
0000000000000000000000000000000000003E9C3FC2F9B7C6B12CDBC20000000049454E44AE426082
  0
ENDSEC
  0
EOF
