  0
SECTION
  2
HEADER
  9
$ACADVER
  1
AC1032
  9
$ACADMAINTVER
 90
      174
  9
$DWGCODEPAGE
  3
ANSI_936
  9
$LASTSAVEDBY
  1
10333
  9
$REQUIREDVERSIONS
160
                 0
  9
$INSBASE
 10
0.0
 20
0.0
 30
0.0
  9
$EXTMIN
 10
63524.3775632201
 20
16639.01072727419
 30
0.0
  9
$EXTMAX
 10
86124.37756322011
 20
36739.01072727419
 30
0.0
  9
$LIMMIN
 10
0.0
 20
0.0
  9
$LIMMAX
 10
50000.0
 20
32000.0
  9
$ORTHOMODE
 70
     0
  9
$REGENMODE
 70
     1
  9
$FILLMODE
 70
     1
  9
$QTEXTMODE
 70
     0
  9
$MIRRTEXT
 70
     0
  9
$LTSCALE
 40
1000.0
  9
$ATTMODE
 70
     1
  9
$TEXTSIZE
 40
350.0
  9
$TRACEWID
 40
0.05
  9
$TEXTSTYLE
  7
Standard
  9
$CLAYER
  8
0
  9
$CELTYPE
  6
ByLayer
  9
$CECOLOR
 62
   256
  9
$CELTSCALE
 40
1.0
  9
$DISPSILH
 70
     0
  9
$DIMSCALE
 40
100.0
  9
$DIMASZ
 40
1.0
  9
$DIMEXO
 40
3.0
  9
$DIMDLI
 40
0.0
  9
$DIMRND
 40
0.0
  9
$DIMDLE
 40
0.0
  9
$DIMEXE
 40
2.5
  9
$DIMTP
 40
0.0
  9
$DIMTM
 40
0.0
  9
$DIMTXT
 40
3.5
  9
$DIMCEN
 40
0.09
  9
$DIMTSZ
 40
0.0
  9
$DIMTOL
 70
     0
  9
$DIMLIM
 70
     0
  9
$DIMTIH
 70
     0
  9
$DIMTOH
 70
     0
  9
$DIMSE1
 70
     0
  9
$DIMSE2
 70
     0
  9
$DIMTAD
 70
     1
  9
$DIMZIN
 70
     0
  9
$DIMBLK
  1
ArchTick
  9
$DIMASO
 70
     1
  9
$DIMSHO
 70
     1
  9
$DIMPOST
  1

  9
$DIMAPOST
  1

  9
$DIMALT
 70
     0
  9
$DIMALTD
 70
     2
  9
$DIMALTF
 40
25.4
  9
$DIMLFAC
 40
1.0
  9
$DIMTOFL
 70
     1
  9
$DIMTVP
 40
0.0
  9
$DIMTIX
 70
     1
  9
$DIMSOXD
 70
     0
  9
$DIMSAH
 70
     0
  9
$DIMBLK1
  1

  9
$DIMBLK2
  1

  9
$DIMSTYLE
  2
STANDARD
  9
$DIMCLRD
 70
     0
  9
$DIMCLRE
 70
     0
  9
$DIMCLRT
 70
     0
  9
$DIMTFAC
 40
1.0
  9
$DIMGAP
 40
1.5
  9
$DIMJUST
 70
     0
  9
$DIMSD1
 70
     0
  9
$DIMSD2
 70
     0
  9
$DIMTOLJ
 70
     1
  9
$DIMTZIN
 70
     0
  9
$DIMALTZ
 70
     0
  9
$DIMALTTZ
 70
     0
  9
$DIMUPT
 70
     0
  9
$DIMDEC
 70
     0
  9
$DIMTDEC
 70
     0
  9
$DIMALTU
 70
     2
  9
$DIMALTTD
 70
     2
  9
$DIMTXSTY
  7
Standard
  9
$DIMAUNIT
 70
     0
  9
$DIMADEC
 70
     0
  9
$DIMALTRND
 40
0.0
  9
$DIMAZIN
 70
     0
  9
$DIMDSEP
 70
    46
  9
$DIMATFIT
 70
     3
  9
$DIMFRAC
 70
     0
  9
$DIMLDRBLK
  1

  9
$DIMLUNIT
 70
     2
  9
$DIMLWD
 70
    -2
  9
$DIMLWE
 70
    -2
  9
$DIMTMOVE
 70
     2
  9
$DIMFXL
 40
1.0
  9
$DIMFXLON
 70
     0
  9
$DIMJOGANG
 40
0.7853981633974483
  9
$DIMTFILL
 70
     0
  9
$DIMTFILLCLR
 70
     0
  9
$DIMARCSYM
 70
     0
  9
$DIMLTYPE
  6

  9
$DIMLTEX1
  6

  9
$DIMLTEX2
  6

  9
$DIMTXTDIRECTION
 70
     0
  9
$LUNITS
 70
     2
  9
$LUPREC
 70
     0
  9
$SKETCHINC
 40
0.1
  9
$FILLETRAD
 40
0.0
  9
$AUNITS
 70
     0
  9
$AUPREC
 70
     0
  9
$MENU
  1
.
  9
$ELEVATION
 40
0.0
  9
$PELEVATION
 40
0.0
  9
$THICKNESS
 40
0.0
  9
$LIMCHECK
 70
     0
  9
$CHAMFERA
 40
0.0
  9
$CHAMFERB
 40
0.0
  9
$CHAMFERC
 40
0.0
  9
$CHAMFERD
 40
0.0
  9
$SKPOLY
 70
     0
  9
$TDCREATE
 40
2461265.539143519
  9
$TDUCREATE
 40
2461265.205810185
  9
$TDUPDATE
 40
2461265.623206019
  9
$TDUUPDATE
 40
2461265.289872685
  9
$TDINDWG
 40
0.0398148148
  9
$TDUSRTIMER
 40
0.0398032407
  9
$USRTIMER
 70
     1
  9
$ANGBASE
 50
0.0
  9
$ANGDIR
 70
     0
  9
$PDMODE
 70
     0
  9
$PDSIZE
 40
0.0
  9
$PLINEWID
 40
0.0
  9
$SPLFRAME
 70
     0
  9
$SPLINETYPE
 70
     6
  9
$SPLINESEGS
 70
     8
  9
$HANDSEED
  5
5BB
  9
$SURFTAB1
 70
     6
  9
$SURFTAB2
 70
     6
  9
$SURFTYPE
 70
     6
  9
$SURFU
 70
     6
  9
$SURFV
 70
     6
  9
$UCSBASE
  2

  9
$UCSNAME
  2

  9
$UCSORG
 10
0.0
 20
0.0
 30
0.0
  9
$UCSXDIR
 10
1.0
 20
0.0
 30
0.0
  9
$UCSYDIR
 10
0.0
 20
1.0
 30
0.0
  9
$UCSORTHOREF
  2

  9
$UCSORTHOVIEW
 70
     0
  9
$UCSORGTOP
 10
0.0
 20
0.0
 30
0.0
  9
$UCSORGBOTTOM
 10
0.0
 20
0.0
 30
0.0
  9
$UCSORGLEFT
 10
0.0
 20
0.0
 30
0.0
  9
$UCSORGRIGHT
 10
0.0
 20
0.0
 30
0.0
  9
$UCSORGFRONT
 10
0.0
 20
0.0
 30
0.0
  9
$UCSORGBACK
 10
0.0
 20
0.0
 30
0.0
  9
$PUCSBASE
  2

  9
$PUCSNAME
  2

  9
$PUCSORG
 10
0.0
 20
0.0
 30
0.0
  9
$PUCSXDIR
 10
1.0
 20
0.0
 30
0.0
  9
$PUCSYDIR
 10
0.0
 20
1.0
 30
0.0
  9
$PUCSORTHOREF
  2

  9
$PUCSORTHOVIEW
 70
     0
  9
$PUCSORGTOP
 10
0.0
 20
0.0
 30
0.0
  9
$PUCSORGBOTTOM
 10
0.0
 20
0.0
 30
0.0
  9
$PUCSORGLEFT
 10
0.0
 20
0.0
 30
0.0
  9
$PUCSORGRIGHT
 10
0.0
 20
0.0
 30
0.0
  9
$PUCSORGFRONT
 10
0.0
 20
0.0
 30
0.0
  9
$PUCSORGBACK
 10
0.0
 20
0.0
 30
0.0
  9
$USERI1
 70
     0
  9
$USERI2
 70
     0
  9
$USERI3
 70
     0
  9
$USERI4
 70
     0
  9
$USERI5
 70
     0
  9
$USERR1
 40
0.0
  9
$USERR2
 40
0.0
  9
$USERR3
 40
0.0
  9
$USERR4
 40
0.0
  9
$USERR5
 40
0.0
  9
$WORLDVIEW
 70
     1
  9
$SHADEDGE
 70
     3
  9
$SHADEDIF
 70
    70
  9
$TILEMODE
 70
     1
  9
$MAXACTVP
 70
    64
  9
$PINSBASE
 10
0.0
 20
0.0
 30
0.0
  9
$PLIMCHECK
 70
     0
  9
$PEXTMIN
 10
0.0
 20
0.0
 30
0.0
  9
$PEXTMAX
 10
0.0
 20
0.0
 30
0.0
  9
$PLIMMIN
 10
0.0
 20
0.0
  9
$PLIMMAX
 10
12.0
 20
9.0
  9
$UNITMODE
 70
     0
  9
$VISRETAIN
 70
     1
  9
$PLINEGEN
 70
     0
  9
$PSLTSCALE
 70
     1
  9
$TREEDEPTH
 70
  3020
  9
$CMLSTYLE
  2
Standard
  9
$CMLJUST
 70
     0
  9
$CMLSCALE
 40
1.0
  9
$PROXYGRAPHICS
 70
     1
  9
$MEASUREMENT
 70
     0
  9
$CELWEIGHT
370
    -1
  9
$ENDCAPS
280
     0
  9
$JOINSTYLE
280
     0
  9
$LWDISPLAY
290
     0
  9
$INSUNITS
 70
     0
  9
$HYPERLINKBASE
  1

  9
$STYLESHEET
  1

  9
$XEDIT
290
     1
  9
$CEPSNTYPE
380
     0
  9
$PSTYLEMODE
290
     1
  9
$FINGERPRINTGUID
  2
{85BF333A-2626-ED41-9BF6-447A1AB279F2}
  9
$VERSIONGUID
  2
{C5C1336C-EA9A-5A47-AA43-E1D75BE4B92A}
  9
$EXTNAMES
290
     1
  9
$PSVPSCALE
 40
0.0
  9
$OLESTARTUP
290
     0
  9
$SORTENTS
280
   127
  9
$INDEXCTL
280
     0
  9
$HIDETEXT
280
     1
  9
$XCLIPFRAME
280
     0
  9
$HALOGAP
280
     0
  9
$OBSCOLOR
 70
   257
  9
$OBSLTYPE
280
     0
  9
$INTERSECTIONDISPLAY
280
     0
  9
$INTERSECTIONCOLOR
 70
   257
  9
$DIMASSOC
280
     2
  9
$PROJECTNAME
  1

  9
$CAMERADISPLAY
290
     0
  9
$LENSLENGTH
 40
50.0
  9
$CAMERAHEIGHT
 40
0.0
  9
$STEPSPERSEC
 40
2.0
  9
$STEPSIZE
 40
6.0
  9
$3DDWFPREC
 40
2.0
  9
$PSOLWIDTH
 40
0.25
  9
$PSOLHEIGHT
 40
4.0
  9
$LOFTANG1
 40
1.570796326794896
  9
$LOFTANG2
 40
1.570796326794896
  9
$LOFTMAG1
 40
0.0
  9
$LOFTMAG2
 40
0.0
  9
$LOFTPARAM
 70
     7
  9
$LOFTNORMALS
280
     1
  9
$LATITUDE
 40
37.795
  9
$LONGITUDE
 40
-122.394
  9
$NORTHDIRECTION
 40
0.0
  9
$TIMEZONE
 70
 -8000
  9
$LIGHTGLYPHDISPLAY
280
     1
  9
$TILEMODELIGHTSYNCH
280
     1
  9
$CMATERIAL
347
96
  9
$SOLIDHIST
280
     1
  9
$SHOWHIST
280
     1
  9
$DWFFRAME
280
     2
  9
$DGNFRAME
280
     0
  9
$REALWORLDSCALE
290
     1
  9
$INTERFERECOLOR
 62
     1
  9
$INTERFEREOBJVS
345
A3
  9
$INTERFEREVPVS
346
A0
  9
$CSHADOW
280
     0
  9
$SHADOWPLANELOCATION
 40
0.0
  0
ENDSEC
  0
SECTION
  2
CLASSES
  0
CLASS
  1
ACDBDICTIONARYWDFLT
  2
AcDbDictionaryWithDefault
  3
ObjectDBX Classes
 90
        0
 91
        1
280
     0
281
     0
  0
CLASS
  1
DICTIONARYVAR
  2
AcDbDictionaryVar
  3
ObjectDBX Classes
 90
        0
 91
       12
280
     0
281
     0
  0
CLASS
  1
TABLESTYLE
  2
AcDbTableStyle
  3
ObjectDBX Classes
 90
     4095
 91
        1
280
     0
281
     0
  0
CLASS
  1
MATERIAL
  2
AcDbMaterial
  3
ObjectDBX Classes
 90
     1153
 91
        3
280
     0
281
     0
  0
CLASS
  1
VISUALSTYLE
  2
AcDbVisualStyle
  3
ObjectDBX Classes
 90
     4095
 91
       26
280
     0
281
     0
  0
CLASS
  1
GROUND_PLANE_BACKGROUND
  2
AcDbGroundPlaneBackground
  3
SCENEOE
 90
     4095
 91
        0
280
     0
281
     0
  0
CLASS
  1
NPOCOLLECTION
  2
AcDbImpNonPersistentObjectsCollection
  3
ObjectDBX Classes
 90
     1153
 91
        0
280
     0
281
     0
  0
CLASS
  1
ACSH_CONE_CLASS
  2
AcDbShCone
  3
ObjectDBX Classes
 90
     1153
 91
        0
280
     0
281
     0
  0
CLASS
  1
ACAD_EVALUATION_GRAPH
  2
AcDbEvalGraph
  3
ObjectDBX Classes
 90
     1153
 91
        0
280
     0
281
     0
  0
CLASS
  1
ACSH_HISTORY_CLASS
  2
AcDbShHistory
  3
ObjectDBX Classes
 90
     1153
 91
        0
280
     0
281
     0
  0
CLASS
  1
SOLID_BACKGROUND
  2
AcDbSolidBackground
  3
SCENEOE
 90
     4095
 91
        0
280
     0
281
     0
  0
CLASS
  1
ACSH_BOX_CLASS
  2
AcDbShBox
  3
ObjectDBX Classes
 90
     1153
 91
        0
280
     0
281
     0
  0
CLASS
  1
SCALE
  2
AcDbScale
  3
ObjectDBX Classes
 90
     1153
 91
       33
280
     0
281
     0
  0
CLASS
  1
MLEADERSTYLE
  2
AcDbMLeaderStyle
  3
ACDB_MLEADERSTYLE_CLASS
 90
     4095
 91
        1
280
     0
281
     0
  0
CLASS
  1
WIPEOUTVARIABLES
  2
AcDbWipeoutVariables
  3
"WipeOut|Product Desc:     WipeOut Dbx Application|Company:          Autodesk, Inc.|WEB Address:      www.autodesk.com"
 90
        0
 91
        1
280
     0
281
     0
  0
CLASS
  1
CELLSTYLEMAP
  2
AcDbCellStyleMap
  3
ObjectDBX Classes
 90
     1152
 91
        1
280
     0
281
     0
  0
CLASS
  1
ACDBSECTIONVIEWSTYLE
  2
AcDbSectionViewStyle
  3
ObjectDBX Classes
 90
     1025
 91
        1
280
     0
281
     0
  0
CLASS
  1
ACDBDETAILVIEWSTYLE
  2
AcDbDetailViewStyle
  3
ObjectDBX Classes
 90
     1025
 91
        1
280
     0
281
     0
  0
CLASS
  1
TCH_DBCONFIG
  2
TDbConfig
  3
"TCH_KERNAL|缺乏解释器天正图形看不见, 请下载天正插件|网址: www.tangent.com.cn"
 90
        1
 91
      255
280
     0
281
     0
  0
CLASS
  1
RASTERVARIABLES
  2
AcDbRasterVariables
  3
ISM
 90
        0
 91
        1
280
     0
281
     0
  0
CLASS
  1
IMAGEDEF
  2
AcDbRasterImageDef
  3
ISM
 90
        0
 91
        1
280
     0
281
     0
  0
CLASS
  1
IMAGEDEF_REACTOR
  2
AcDbRasterImageDefReactor
  3
ISM
 90
        1
 91
        0
280
     0
281
     0
  0
CLASS
  1
IMAGE
  2
AcDbRasterImage
  3
ISM
 90
     2175
 91
        0
280
     0
281
     1
  0
CLASS
  1
TCH_DIMENSION2
  2
TDbDimension2
  3
"TCH_KERNAL|缺乏解释器天正图形看不见, 请下载天正插件|网址: www.tangent.com.cn"
 90
        1
 91
        8
280
     0
281
     1
  0
CLASS
  1
SORTENTSTABLE
  2
AcDbSortentsTable
  3
ObjectDBX Classes
 90
        0
 91
        3
280
     0
281
     0
  0
CLASS
  1
TCH_WALL
  2
TDbWall
  3
"TCH_KERNAL|缺乏解释器天正图形看不见, 请下载天正插件|网址: www.tangent.com.cn"
 90
        1
 91
       25
280
     0
281
     1
  0
CLASS
  1
TCH_COLUMN
  2
TDbColumn
  3
"TCH_KERNAL|缺乏解释器天正图形看不见, 请下载天正插件|网址: www.tangent.com.cn"
 90
        1
 91
       14
280
     0
281
     1
  0
CLASS
  1
TCH_OPENING
  2
TDbOpening
  3
"TCH_KERNAL|缺乏解释器天正图形看不见, 请下载天正插件|网址: www.tangent.com.cn"
 90
        1
 91
       13
280
     0
281
     1
  0
CLASS
  1
TCH_SPACE
  2
TDbSpace
  3
"TCH_KERNAL|缺乏解释器天正图形看不见, 请下载天正插件|网址: www.tangent.com.cn"
 90
        1
 91
        7
280
     0
281
     1
  0
CLASS
  1
TCH_AXIS_LABEL
  2
TDbAxisLabelSet
  3
"TCH_KERNAL|缺乏解释器天正图形看不见, 请下载天正插件|网址: www.tangent.com.cn"
 90
        1
 91
        2
280
     0
281
     1
  0
CLASS
  1
TCH_ELEVATION
  2
TDbSymbElevation
  3
"TCH_KERNAL|缺乏解释器天正图形看不见, 请下载天正插件|网址: www.tangent.com.cn"
 90
        1
 91
        2
280
     0
281
     1
  0
CLASS
  1
TCH_ARROW
  2
TDbSymbArrow
  3
"TCH_KERNAL|缺乏解释器天正图形看不见, 请下载天正插件|网址: www.tangent.com.cn"
 90
        1
 91
        1
280
     0
281
     1
  0
ENDSEC
  0
SECTION
  2
TABLES
  0
TABLE
  2
VPORT
  5
8
330
0
100
AcDbSymbolTable
 70
     4
  0
VPORT
  5
94
330
8
100
AcDbSymbolTableRecord
100
AcDbViewportTableRecord
  2
*Active
 70
     0
 10
0.0
 20
0.0
 11
1.0
 21
1.0
 12
81234.76136396348
 22
26154.64795211535
 13
0.0
 23
0.0
 14
0.5
 24
0.5
 15
0.5
 25
0.5
 16
0.0
 26
0.0
 36
1.0
 17
6.0
 27
4.5
 37
-6.894340875746145
 40
19025.0185614624
 41
2.738297872340425
 42
50.0
 43
0.0
 44
0.0
 50
0.0
 51
0.0
 71
     0
 72
  1000
 73
     1
 74
     3
 75
     0
 76
     0
 77
     0
 78
     0
281
     0
 65
     1
110
0.0
120
0.0
130
0.0
111
1.0
121
0.0
131
0.0
112
0.0
122
1.0
132
0.0
 79
     0
146
0.0
348
9F
 60
     3
 61
     5
292
     1
282
     1
141
0.0
142
0.0
 63
   250
421
  3355443
1001
ACAD_NAV_VCDISPLAY
1070
     3
  0
ENDTAB
  0
TABLE
  2
LTYPE
  5
5
330
0
100
AcDbSymbolTable
 70
     6
  0
LTYPE
  5
14
330
5
100
AcDbSymbolTableRecord
100
AcDbLinetypeTableRecord
  2
ByBlock
 70
     0
  3

 72
    65
 73
     0
 40
0.0
  0
LTYPE
  5
15
330
5
100
AcDbSymbolTableRecord
100
AcDbLinetypeTableRecord
  2
ByLayer
 70
     0
  3

 72
    65
 73
     0
 40
0.0
  0
LTYPE
  5
16
330
5
100
AcDbSymbolTableRecord
100
AcDbLinetypeTableRecord
  2
Continuous
 70
     0
  3
Solid line
 72
    65
 73
     0
 40
0.0
  0
LTYPE
  5
250
330
5
100
AcDbSymbolTableRecord
100
AcDbLinetypeTableRecord
  2
DASH
 70
     0
  3
__ __ __ __ __ __ __ __ __ __ __ __ __ __ __ __
 72
    65
 73
     2
 40
0.35
 49
0.25
 74
     0
 49
-0.1
 74
     0
  0
LTYPE
  5
251
330
5
100
AcDbSymbolTableRecord
100
AcDbLinetypeTableRecord
  2
DOTE
 70
     0
  3
____ . ____ . ____ . ____ . ____ . ____ . ____ 
 72
    65
 73
     4
 40
2.419999999999999
 49
2.0
 74
     0
 49
-0.2
 74
     0
 49
0.02
 74
     0
 49
-0.2
 74
     0
  0
LTYPE
  5
261
330
5
100
AcDbSymbolTableRecord
100
AcDbLinetypeTableRecord
  2
ACAD_ISO05W100
 70
     0
  3
ISO long-dash double-dot ____ .. ____ .. ____ .
 72
    65
 73
     6
 40
34.0
 49
24.0
 74
     0
 49
-3.0
 74
     0
 49
0.5
 74
     0
 49
-3.0
 74
     0
 49
0.5
 74
     0
 49
-3.0
 74
     0
  0
LTYPE
  5
266
330
5
100
AcDbSymbolTableRecord
100
AcDbLinetypeTableRecord
  2
CENTERX2
 70
     0
  3
Center (2x) ________  __  ________  __  _____
 72
    65
 73
     4
 40
4.0
 49
2.5
 74
     0
 49
-0.5
 74
     0
 49
0.5
 74
     0
 49
-0.5
 74
     0
  0
LTYPE
  5
282
330
5
100
AcDbSymbolTableRecord
100
AcDbLinetypeTableRecord
  2
DASHED
 70
     0
  3
Dashed __ __ __ __ __ __ __ __ __ __ __ __ __ _
 72
    65
 73
     2
 40
0.75
 49
0.5
 74
     0
 49
-0.25
 74
     0
  0
ENDTAB
  0
TABLE
  2
LAYER
  5
2
102
{ACAD_XDICTIONARY
360
D5
102
}
330
0
100
AcDbSymbolTable
 70
    80
  0
LAYER
  5
10
102
{ACAD_XDICTIONARY
360
501
102
}
330
2
100
AcDbSymbolTableRecord
100
AcDbLayerTableRecord
  2
0
 70
     0
 62
     7
  6
Continuous
370
    -3
390
F
347
98
348
0
1001
_LayerManage
1070
     0
1070
     0
1070
     0
  0
LAYER
  5
17F
102
{ACAD_XDICTIONARY
360
503
102
}
330
2
100
AcDbSymbolTableRecord
100
AcDbLayerTableRecord
  2
ASHADE
 70
     4
 62
     7
  6
Continuous
370
    -3
390
F
347
98
348
0
1001
_LayerManage
1070
     0
1070
     0
1070
     1
  0
LAYER
  5
189
330
2
100
AcDbSymbolTableRecord
100
AcDbLayerTableRecord
  2
Defpoints
 70
     0
 62
     7
  6
Continuous
290
     0
370
    -3
390
F
347
98
348
0
1001
_LayerManage
1070
     0
1070
     0
1070
     0
  0
LAYER
  5
257
102
{ACAD_XDICTIONARY
360
505
102
}
330
2
100
AcDbSymbolTableRecord
100
AcDbLayerTableRecord
  2
DOTE
 70
     0
 62
     1
  6
Continuous
370
    -3
390
F
347
98
348
0
1001
AcAecLayerStandard
1000

1000
此图层的直线和弧认为是平面轴线
1001
_LayerManage
1070
     0
1070
     0
1070
     0
  0
LAYER
  5
259
102
{ACAD_XDICTIONARY
360
507
102
}
330
2
100
AcDbSymbolTableRecord
100
AcDbLayerTableRecord
  2
BALCONY
 70
     0
 62
     6
  6
Continuous
370
    -3
390
F
347
98
348
0
1001
AcAecLayerStandard
1000

1000
存放阳台对象，利用阳台做的雨蓬
1001
_LayerManage
1070
     0
1070
     0
1070
     0
  0
LAYER
  5
25A
102
{ACAD_XDICTIONARY
360
509
102
}
330
2
100
AcDbSymbolTableRecord
100
AcDbLayerTableRecord
  2
COLUMN
 70
     0
 62
     9
  6
Continuous
370
    -3
390
F
347
98
348
0
1001
AcAecLayerStandard
1000

1000
存放各种材质构成的柱子对象
1001
_LayerManage
1070
     0
1070
     0
1070
     0
  0
LAYER
  5
25B
102
{ACAD_XDICTIONARY
360
50B
102
}
330
2
100
AcDbSymbolTableRecord
100
AcDbLayerTableRecord
  2
WINDOW
 70
     0
 62
     4
  6
Continuous
370
    -3
390
F
347
98
348
0
1001
AcAecLayerStandard
1000

1000
存放插入的门图块
1001
_LayerManage
1070
     0
1070
     0
1070
     0
  0
LAYER
  5
25C
102
{ACAD_XDICTIONARY
360
50D
102
}
330
2
100
AcDbSymbolTableRecord
100
AcDbLayerTableRecord
  2
DOOR_FIRE
 70
     0
 62
     4
  6
Continuous
370
    -3
390
F
347
98
348
0
1001
AcAecLayerStandard
1000

1000
防火门
1001
_LayerManage
1070
     0
1070
     0
1070
     0
  0
LAYER
  5
25D
102
{ACAD_XDICTIONARY
360
50F
102
}
330
2
100
AcDbSymbolTableRecord
100
AcDbLayerTableRecord
  2
AXIS
 70
     0
 62
     3
  6
Continuous
370
    -3
390
F
347
98
348
0
1001
AcAecLayerStandard
1000

1000
存放轴号对象
1001
_LayerManage
1070
     0
1070
     0
1070
     0
  0
LAYER
  5
25E
102
{ACAD_XDICTIONARY
360
511
102
}
330
2
100
AcDbSymbolTableRecord
100
AcDbLayerTableRecord
  2
GROUND
 70
     0
 62
     2
  6
Continuous
370
    -3
390
F
347
98
348
0
1001
AcAecLayerStandard
1000

1000
地面与散水
1001
_LayerManage
1070
     0
1070
     0
1070
     0
  0
LAYER
  5
25F
102
{ACAD_XDICTIONARY
360
513
102
}
330
2
100
AcDbSymbolTableRecord
100
AcDbLayerTableRecord
  2
RMAP
 70
     0
 62
   252
  6
Continuous
370
    -3
390
F
347
98
348
0
1001
AcAecLayerStandard
1000

1000
地形底图
1001
_LayerManage
1070
     0
1070
     0
1070
     0
  0
LAYER
  5
260
102
{ACAD_XDICTIONARY
360
515
102
}
330
2
100
AcDbSymbolTableRecord
100
AcDbLayerTableRecord
  2
REDLINE
 70
     0
 62
     1
  6
ACAD_ISO05W100
370
    -3
390
F
347
98
348
0
1001
AcAecLayerStandard
1000

1000
场地红线
1001
_LayerManage
1070
     0
1070
     0
1070
     0
  0
LAYER
  5
262
102
{ACAD_XDICTIONARY
360
517
102
}
330
2
100
AcDbSymbolTableRecord
100
AcDbLayerTableRecord
  2
REDL-CTRL
 70
     0
 62
     6
  6
DASH
370
    -3
390
F
347
98
348
0
1001
AcAecLayerStandard
1000

1000
建筑控制线
1001
_LayerManage
1070
     0
1070
     0
1070
     0
  0
LAYER
  5
263
102
{ACAD_XDICTIONARY
360
519
102
}
330
2
100
AcDbSymbolTableRecord
100
AcDbLayerTableRecord
  2
SITE-BOTL
 70
     0
 62
    31
  6
Continuous
370
    -3
390
F
347
98
348
0
1001
AcAecLayerStandard
1000

1000
建筑物轮廓线
1001
_LayerManage
1070
     0
1070
     0
1070
     0
  0
LAYER
  5
264
102
{ACAD_XDICTIONARY
360
51B
102
}
330
2
100
AcDbSymbolTableRecord
100
AcDbLayerTableRecord
  2
ROAD
 70
     0
 62
     2
  6
Continuous
370
    -3
390
F
347
98
348
0
1001
AcAecLayerStandard
1000

1000
存放道路绘制命令所绘制的道路线
1001
_LayerManage
1070
     0
1070
     0
1070
     0
  0
LAYER
  5
265
102
{ACAD_XDICTIONARY
360
51D
102
}
330
2
100
AcDbSymbolTableRecord
100
AcDbLayerTableRecord
  2
ROAD_DOTE
 70
     0
 62
     1
  6
CENTERX2
370
    -3
390
F
347
98
348
0
1001
AcAecLayerStandard
1000

1000
存放道路绘制命令所绘制的道路中心线
1001
_LayerManage
1070
     0
1070
     0
1070
     0
  0
LAYER
  5
267
102
{ACAD_XDICTIONARY
360
51F
102
}
330
2
100
AcDbSymbolTableRecord
100
AcDbLayerTableRecord
  2
TREE
 70
     0
 62
    74
  6
Continuous
370
    -3
390
F
347
98
348
0
1001
AcAecLayerStandard
1000

1000
存放成片布树和任意布树命令生成的植物
1001
_LayerManage
1070
     0
1070
     0
1070
     0
  0
LAYER
  5
268
102
{ACAD_XDICTIONARY
360
521
102
}
330
2
100
AcDbSymbolTableRecord
100
AcDbLayerTableRecord
  2
LSCP-ROAD
 70
     0
 62
    83
  6
Continuous
370
    -3
390
F
347
98
348
0
1001
AcAecLayerStandard
1000

1000
碎石、汀步等景观路
1001
_LayerManage
1070
     0
1070
     0
1070
     0
  0
LAYER
  5
269
102
{ACAD_XDICTIONARY
360
523
102
}
330
2
100
AcDbSymbolTableRecord
100
AcDbLayerTableRecord
  2
PKNG-TSRP
 70
     0
 62
    83
  6
Continuous
370
    -3
390
F
347
98
348
0
1001
AcAecLayerStandard
1000

1000
停车位及标注
1001
_LayerManage
1070
     0
1070
     0
1070
     0
  0
LAYER
  5
26A
102
{ACAD_XDICTIONARY
360
525
102
}
330
2
100
AcDbSymbolTableRecord
100
AcDbLayerTableRecord
  2
PKNG-SIGN
 70
     0
 62
     7
  6
Continuous
370
    -3
390
F
347
98
348
0
1001
AcAecLayerStandard
1000

1000
停车位编号
1001
_LayerManage
1070
     0
1070
     0
1070
     0
  0
LAYER
  5
26B
102
{ACAD_XDICTIONARY
360
527
102
}
330
2
100
AcDbSymbolTableRecord
100
AcDbLayerTableRecord
  2
WALL
 70
     0
 62
     9
  6
Continuous
370
    -3
390
F
347
98
348
0
1001
AcAecLayerStandard
1000

1000
存放各种材质的墙对象
  0
LAYER
  5
26C
102
{ACAD_XDICTIONARY
360
529
102
}
330
2
100
AcDbSymbolTableRecord
100
AcDbLayerTableRecord
  2
CURTWALL
 70
     0
 62
     4
  6
Continuous
370
    -3
390
F
347
98
348
0
1001
AcAecLayerStandard
1000

1000
存放玻璃幕墙对象
1001
_LayerManage
1070
     0
1070
     0
1070
     0
  0
LAYER
  5
26D
102
{ACAD_XDICTIONARY
360
52B
102
}
330
2
100
AcDbSymbolTableRecord
100
AcDbLayerTableRecord
  2
WALL-MOVE
 70
     0
 62
     6
  6
Continuous
370
    -3
390
F
347
98
348
0
1001
AcAecLayerStandard
1000

1000
存放轻质材料的墙对象
1001
_LayerManage
1070
     0
1070
     0
1070
     0
  0
LAYER
  5
26E
102
{ACAD_XDICTIONARY
360
52D
102
}
330
2
100
AcDbSymbolTableRecord
100
AcDbLayerTableRecord
  2
WALL-PARAPET
 70
     0
 62
     6
  6
Continuous
370
    -3
390
F
347
98
348
0
1001
AcAecLayerStandard
1000

1000
用于表示檐口、女儿墙、侧墩等半高墙对象
1001
_LayerManage
1070
     0
1070
     0
1070
     0
  0
LAYER
  5
26F
102
{ACAD_XDICTIONARY
360
52F
102
}
330
2
100
AcDbSymbolTableRecord
100
AcDbLayerTableRecord
  2
BEAM
 70
     0
 62
     4
  6
Continuous
370
    -3
390
F
347
98
348
0
1001
AcAecLayerStandard
1000

1000
转结构条件图时使用
1001
_LayerManage
1070
     0
1070
     0
1070
     0
  0
LAYER
  5
270
102
{ACAD_XDICTIONARY
360
531
102
}
330
2
100
AcDbSymbolTableRecord
100
AcDbLayerTableRecord
  2
SLAB
 70
     0
 62
     4
  6
Continuous
370
    -3
390
F
347
98
348
0
1001
AcAecLayerStandard
1000

1000
板
1001
_LayerManage
1070
     0
1070
     0
1070
     0
  0
LAYER
  5
271
102
{ACAD_XDICTIONARY
360
533
102
}
330
2
100
AcDbSymbolTableRecord
100
AcDbLayerTableRecord
  2
SURFACE
 70
     0
 62
     6
  6
Continuous
370
    -3
390
F
347
98
348
0
1001
AcAecLayerStandard
1000

1000
粉刷层、保温层、详图饰面层
1001
_LayerManage
1070
     0
1070
     0
1070
     0
  0
LAYER
  5
272
102
{ACAD_XDICTIONARY
360
535
102
}
330
2
100
AcDbSymbolTableRecord
100
AcDbLayerTableRecord
  2
ROOF
 70
     0
 62
     4
  6
Continuous
370
    -3
390
F
347
98
348
0
1001
AcAecLayerStandard
1000

1000
坡屋顶、老虎窗所在的图层
1001
_LayerManage
1070
     0
1070
     0
1070
     0
  0
LAYER
  5
273
102
{ACAD_XDICTIONARY
360
537
102
}
330
2
100
AcDbSymbolTableRecord
100
AcDbLayerTableRecord
  2
PUB_STRM
 70
     0
 62
     4
  6
Continuous
370
    -3
390
F
347
98
348
0
1001
AcAecLayerStandard
1000

1000
平面雨水管线所在的图层
1001
_LayerManage
1070
     0
1070
     0
1070
     0
  0
LAYER
  5
274
102
{ACAD_XDICTIONARY
360
539
102
}
330
2
100
AcDbSymbolTableRecord
100
AcDbLayerTableRecord
  2
STAIR
 70
     0
 62
     2
  6
Continuous
370
    -3
390
F
347
98
348
0
1001
AcAecLayerStandard
1000

1000
楼梯段、坡道、台阶、休息平台
1001
_LayerManage
1070
     0
1070
     0
1070
     0
  0
LAYER
  5
275
102
{ACAD_XDICTIONARY
360
53B
102
}
330
2
100
AcDbSymbolTableRecord
100
AcDbLayerTableRecord
  2
EVTR
 70
     0
 62
     2
  6
Continuous
370
    -3
390
F
347
98
348
0
1001
AcAecLayerStandard
1000

1000
电梯轿厢和平衡块所在的图层
1001
_LayerManage
1070
     0
1070
     0
1070
     0
  0
LAYER
  5
276
102
{ACAD_XDICTIONARY
360
53D
102
}
330
2
100
AcDbSymbolTableRecord
100
AcDbLayerTableRecord
  2
LVTRY
 70
     0
 62
     6
  6
Continuous
370
    -3
390
F
347
98
348
0
1001
AcAecLayerStandard
1000

1000
洁具
1001
_LayerManage
1070
     0
1070
     0
1070
     0
  0
LAYER
  5
277
102
{ACAD_XDICTIONARY
360
53F
102
}
330
2
100
AcDbSymbolTableRecord
100
AcDbLayerTableRecord
  2
LATRINE
 70
     0
 62
     6
  6
Continuous
370
    -3
390
F
347
98
348
0
1001
AcAecLayerStandard
1000

1000
卫生隔断
1001
_LayerManage
1070
     0
1070
     0
1070
     0
  0
LAYER
  5
278
102
{ACAD_XDICTIONARY
360
541
102
}
330
2
100
AcDbSymbolTableRecord
100
AcDbLayerTableRecord
  2
RAIL
 70
     0
 62
   163
  6
Continuous
370
    -3
390
F
347
98
348
0
1001
AcAecLayerStandard
1000

1000
栏杆
1001
_LayerManage
1070
     0
1070
     0
1070
     0
  0
LAYER
  5
279
102
{ACAD_XDICTIONARY
360
543
102
}
330
2
100
AcDbSymbolTableRecord
100
AcDbLayerTableRecord
  2
HANDRAIL
 70
     0
 62
     3
  6
Continuous
370
    -3
390
F
347
98
348
0
1001
AcAecLayerStandard
1000

1000
扶手
1001
_LayerManage
1070
     0
1070
     0
1070
     0
  0
LAYER
  5
27A
102
{ACAD_XDICTIONARY
360
545
102
}
330
2
100
AcDbSymbolTableRecord
100
AcDbLayerTableRecord
  2
SPACE
 70
     0
 62
     7
  6
Continuous
370
    -3
390
F
347
98
348
0
1001
AcAecLayerStandard
1000

1000
房间名称、编号
1001
_LayerManage
1070
     0
1070
     0
1070
     0
  0
LAYER
  5
27B
102
{ACAD_XDICTIONARY
360
547
102
}
330
2
100
AcDbSymbolTableRecord
100
AcDbLayerTableRecord
  2
SPACE_HOUSE
 70
     0
 62
     5
  6
Continuous
370
    -3
390
F
347
98
348
0
1001
AcAecLayerStandard
1000

1000
套内面积名称与边界线
1001
_LayerManage
1070
     0
1070
     0
1070
     0
  0
LAYER
  5
27C
102
{ACAD_XDICTIONARY
360
549
102
}
330
2
100
AcDbSymbolTableRecord
100
AcDbLayerTableRecord
  2
SPACE_ALL
 70
     0
 62
     1
  6
Continuous
370
    -3
390
F
347
98
348
0
1001
AcAecLayerStandard
1000

1000
建筑面积名称与边界线
1001
_LayerManage
1070
     0
1070
     0
1070
     0
  0
LAYER
  5
27D
102
{ACAD_XDICTIONARY
360
54B
102
}
330
2
100
AcDbSymbolTableRecord
100
AcDbLayerTableRecord
  2
SPACE_SHARE
 70
     0
 62
     2
  6
Continuous
370
    -3
390
F
347
98
348
0
1001
AcAecLayerStandard
1000

1000
公摊面积名称与边界线
1001
_LayerManage
1070
     0
1070
     0
1070
     0
  0
LAYER
  5
27E
102
{ACAD_XDICTIONARY
360
54D
102
}
330
2
100
AcDbSymbolTableRecord
100
AcDbLayerTableRecord
  2
SPACE_HOLE
 70
     0
 62
     3
  6
Continuous
370
    -3
390
F
347
98
348
0
1001
AcAecLayerStandard
1000

1000
洞口面积名称与边界线
1001
_LayerManage
1070
     0
1070
     0
1070
     0
  0
LAYER
  5
27F
102
{ACAD_XDICTIONARY
360
54F
102
}
330
2
100
AcDbSymbolTableRecord
100
AcDbLayerTableRecord
  2
SPACE_BALCONY
 70
     0
 62
     6
  6
Continuous
370
    -3
390
F
347
98
348
0
1001
AcAecLayerStandard
1000

1000
套内阳台面积名称与边界线
1001
_LayerManage
1070
     0
1070
     0
1070
     0
  0
LAYER
  5
280
102
{ACAD_XDICTIONARY
360
551
102
}
330
2
100
AcDbSymbolTableRecord
100
AcDbLayerTableRecord
  2
SPACE_HATCH
 70
     0
 62
     8
  6
Continuous
370
    -3
390
F
347
98
348
0
1001
AcAecLayerStandard
1000

1000
房间面积填充图案
1001
_LayerManage
1070
     0
1070
     0
1070
     0
  0
LAYER
  5
281
102
{ACAD_XDICTIONARY
360
553
102
}
330
2
100
AcDbSymbolTableRecord
100
AcDbLayerTableRecord
  2
FIRE
 70
     0
 62
     1
  6
DASHED
370
    -3
390
F
347
98
348
0
1001
AcAecLayerStandard
1000

1000
防火分区轮廓线和文字标注
1001
_LayerManage
1070
     0
1070
     0
1070
     0
  0
LAYER
  5
283
102
{ACAD_XDICTIONARY
360
555
102
}
330
2
100
AcDbSymbolTableRecord
100
AcDbLayerTableRecord
  2
FIRE_HATCH
 70
     0
 62
     8
  6
Continuous
370
    -3
390
F
347
98
348
0
1001
AcAecLayerStandard
1000

1000
防火分区填充
1001
_LayerManage
1070
     0
1070
     0
1070
     0
  0
LAYER
  5
284
102
{ACAD_XDICTIONARY
360
557
102
}
330
2
100
AcDbSymbolTableRecord
100
AcDbLayerTableRecord
  2
EVAC_PATH
 70
     0
 62
     1
  6
DASHED
370
    -3
390
F
347
98
348
0
1001
AcAecLayerStandard
1000

1000
疏散路径线和文字标注
1001
_LayerManage
1070
     0
1070
     0
1070
     0
  0
LAYER
  5
285
102
{ACAD_XDICTIONARY
360
559
102
}
330
2
100
AcDbSymbolTableRecord
100
AcDbLayerTableRecord
  2
CAMERA
 70
     0
 62
     6
  6
Continuous
370
    -3
390
F
347
98
348
0
1001
AcAecLayerStandard
1000

1000
相机
1001
_LayerManage
1070
     0
1070
     0
1070
     0
  0
LAYER
  5
286
102
{ACAD_XDICTIONARY
360
55B
102
}
330
2
100
AcDbSymbolTableRecord
100
AcDbLayerTableRecord
  2
AXIS_TEXT
 70
     0
 62
     7
  6
Continuous
370
    -3
390
F
347
98
348
0
1001
AcAecLayerStandard
1000

1000
轴号对象的轴号文字
1001
_LayerManage
1070
     0
1070
     0
1070
     0
  0
LAYER
  5
287
102
{ACAD_XDICTIONARY
360
55D
102
}
330
2
100
AcDbSymbolTableRecord
100
AcDbLayerTableRecord
  2
PUB_DIM
 70
     0
 62
     3
  6
Continuous
370
    -3
390
F
347
98
348
0
1001
AcAecLayerStandard
1000

1000
尺寸标注
1001
_LayerManage
1070
     0
1070
     0
1070
     0
  0
LAYER
  5
288
102
{ACAD_XDICTIONARY
360
55F
102
}
330
2
100
AcDbSymbolTableRecord
100
AcDbLayerTableRecord
  2
DIM_ELEV
 70
     0
 62
     3
  6
Continuous
370
    -3
390
F
347
98
348
0
1001
AcAecLayerStandard
1000

1000
标高标注
1001
_LayerManage
1070
     0
1070
     0
1070
     0
  0
LAYER
  5
289
102
{ACAD_XDICTIONARY
360
561
102
}
330
2
100
AcDbSymbolTableRecord
100
AcDbLayerTableRecord
  2
DIM_COOR
 70
     0
 62
     3
  6
Continuous
370
    -3
390
F
347
98
348
0
1001
AcAecLayerStandard
1000

1000
坐标标注
1001
_LayerManage
1070
     0
1070
     0
1070
     0
  0
LAYER
  5
28A
102
{ACAD_XDICTIONARY
360
563
102
}
330
2
100
AcDbSymbolTableRecord
100
AcDbLayerTableRecord
  2
DIM_IDEN
 70
     0
 62
     3
  6
Continuous
370
    -3
390
F
347
98
348
0
1001
AcAecLayerStandard
1000

1000
索引标注
1001
_LayerManage
1070
     0
1070
     0
1070
     0
  0
LAYER
  5
28B
102
{ACAD_XDICTIONARY
360
565
102
}
330
2
100
AcDbSymbolTableRecord
100
AcDbLayerTableRecord
  2
DIM_LEAD
 70
     0
 62
     3
  6
Continuous
370
    -3
390
F
347
98
348
0
1001
AcAecLayerStandard
1000

1000
引出标注
1001
_LayerManage
1070
     0
1070
     0
1070
     0
  0
LAYER
  5
28C
102
{ACAD_XDICTIONARY
360
567
102
}
330
2
100
AcDbSymbolTableRecord
100
AcDbLayerTableRecord
  2
DIM_SYMB
 70
     0
 62
     3
  6
Continuous
370
    -3
390
F
347
98
348
0
1001
AcAecLayerStandard
1000

1000
箭头引注
1001
_LayerManage
1070
     0
1070
     0
1070
     0
  0
LAYER
  5
28D
102
{ACAD_XDICTIONARY
360
569
102
}
330
2
100
AcDbSymbolTableRecord
100
AcDbLayerTableRecord
  2
DIM_MODI
 70
     0
 62
     6
  6
Continuous
370
    -3
390
F
347
98
348
0
1001
AcAecLayerStandard
1000

1000
修订云线
1001
_LayerManage
1070
     0
1070
     0
1070
     0
  0
LAYER
  5
28E
102
{ACAD_XDICTIONARY
360
56B
102
}
330
2
100
AcDbSymbolTableRecord
100
AcDbLayerTableRecord
  2
PUB_TEXT
 70
     0
 62
     7
  6
Continuous
370
    -3
390
F
347
98
348
0
1001
AcAecLayerStandard
1000

1000
各种说明文字
1001
_LayerManage
1070
     0
1070
     0
1070
     0
  0
LAYER
  5
28F
102
{ACAD_XDICTIONARY
360
56D
102
}
330
2
100
AcDbSymbolTableRecord
100
AcDbLayerTableRecord
  2
PUB_TAB
 70
     0
 62
     7
  6
Continuous
370
    -3
390
F
347
98
348
0
1001
AcAecLayerStandard
1000

1000
表格
1001
_LayerManage
1070
     0
1070
     0
1070
     0
  0
LAYER
  5
290
102
{ACAD_XDICTIONARY
360
56F
102
}
330
2
100
AcDbSymbolTableRecord
100
AcDbLayerTableRecord
  2
DIM_COOR_GRID
 70
     0
 62
     7
  6
Continuous
370
    -3
390
F
347
98
348
0
1001
AcAecLayerStandard
1000

1000
坐标网格
1001
_LayerManage
1070
     0
1070
     0
1070
     0
  0
LAYER
  5
291
102
{ACAD_XDICTIONARY
360
571
102
}
330
2
100
AcDbSymbolTableRecord
100
AcDbLayerTableRecord
  2
PUB_WINDW
 70
     0
 62
     7
  6
Continuous
290
     0
370
    -3
390
F
347
98
348
0
1001
AcAecLayerStandard
1000

1000
图纸空间的布局视口
1001
_LayerManage
1070
     0
1070
     0
1070
     0
  0
LAYER
  5
292
102
{ACAD_XDICTIONARY
360
573
102
}
330
2
100
AcDbSymbolTableRecord
100
AcDbLayerTableRecord
  2
PUB_HATCH
 70
     0
 62
     8
  6
Continuous
370
    -3
390
F
347
98
348
0
1001
AcAecLayerStandard
1000

1000
填充图案
1001
_LayerManage
1070
     0
1070
     0
1070
     0
  0
LAYER
  5
293
102
{ACAD_XDICTIONARY
360
575
102
}
330
2
100
AcDbSymbolTableRecord
100
AcDbLayerTableRecord
  2
PUB_TITLE
 70
     0
 62
     4
  6
Continuous
370
    -3
390
F
347
98
348
0
1001
AcAecLayerStandard
1000

1000
存放图框线与标题栏、会签栏图块
1001
_LayerManage
1070
     0
1070
     0
1070
     0
  0
LAYER
  5
294
102
{ACAD_XDICTIONARY
360
577
102
}
330
2
100
AcDbSymbolTableRecord
100
AcDbLayerTableRecord
  2
WINDOW_TEXT
 70
     0
 62
     7
  6
Continuous
370
    -3
390
F
347
98
348
0
1001
AcAecLayerStandard
1000

1000
门窗编号
1001
_LayerManage
1070
     0
1070
     0
1070
     0
  0
LAYER
  5
295
102
{ACAD_XDICTIONARY
360
579
102
}
330
2
100
AcDbSymbolTableRecord
100
AcDbLayerTableRecord
  2
DOOR_FIRE_TEXT
 70
     0
 62
     7
  6
Continuous
370
    -3
390
F
347
98
348
0
1001
AcAecLayerStandard
1000

1000
防火门窗及防火卷帘编号及说明
1001
_LayerManage
1070
     0
1070
     0
1070
     0
  0
LAYER
  5
296
102
{ACAD_XDICTIONARY
360
57B
102
}
330
2
100
AcDbSymbolTableRecord
100
AcDbLayerTableRecord
  2
S_WALL
 70
     0
 62
     9
  6
Continuous
370
    -3
390
F
347
98
348
0
1001
AcAecLayerStandard
1000

1000
剖切到的墙线
1001
_LayerManage
1070
     0
1070
     0
1070
     0
  0
LAYER
  5
297
102
{ACAD_XDICTIONARY
360
57D
102
}
330
2
100
AcDbSymbolTableRecord
100
AcDbLayerTableRecord
  2
S_WINDOW
 70
     0
 62
     4
  6
Continuous
370
    -3
390
F
347
98
348
0
1001
AcAecLayerStandard
1000

1000
剖切到的门窗
1001
_LayerManage
1070
     0
1070
     0
1070
     0
  0
LAYER
  5
298
102
{ACAD_XDICTIONARY
360
57F
102
}
330
2
100
AcDbSymbolTableRecord
100
AcDbLayerTableRecord
  2
S_BLOCK
 70
     0
 62
     7
  6
Continuous
370
    -3
390
F
347
98
348
0
1001
AcAecLayerStandard
1000

1000

1001
_LayerManage
1070
     0
1070
     0
1070
     0
  0
LAYER
  5
299
102
{ACAD_XDICTIONARY
360
581
102
}
330
2
100
AcDbSymbolTableRecord
100
AcDbLayerTableRecord
  2
S_STAIR
 70
     0
 62
     9
  6
Continuous
370
    -3
390
F
347
98
348
0
1001
AcAecLayerStandard
1000

1000
剖切到的楼梯
1001
_LayerManage
1070
     0
1070
     0
1070
     0
  0
LAYER
  5
29A
102
{ACAD_XDICTIONARY
360
583
102
}
330
2
100
AcDbSymbolTableRecord
100
AcDbLayerTableRecord
  2
E_FLOOR
 70
     0
 62
     4
  6
Continuous
370
    -3
390
F
347
98
348
0
1001
AcAecLayerStandard
1000

1000
立面楼层分隔线
1001
_LayerManage
1070
     0
1070
     0
1070
     0
  0
LAYER
  5
29B
102
{ACAD_XDICTIONARY
360
585
102
}
330
2
100
AcDbSymbolTableRecord
100
AcDbLayerTableRecord
  2
E_LINE
 70
     0
 62
     7
  6
Continuous
370
    -3
390
F
347
98
348
0
1001
AcAecLayerStandard
1000

1000
立面可见线
1001
_LayerManage
1070
     0
1070
     0
1070
     0
  0
LAYER
  5
29C
102
{ACAD_XDICTIONARY
360
587
102
}
330
2
100
AcDbSymbolTableRecord
100
AcDbLayerTableRecord
  2
E_WINDOW
 70
     0
 62
     4
  6
Continuous
370
    -3
390
F
347
98
348
0
1001
AcAecLayerStandard
1000

1000
立面门窗
1001
_LayerManage
1070
     0
1070
     0
1070
     0
  0
LAYER
  5
29D
102
{ACAD_XDICTIONARY
360
589
102
}
330
2
100
AcDbSymbolTableRecord
100
AcDbLayerTableRecord
  2
E_BLOCK
 70
     0
 62
     7
  6
Continuous
370
    -3
390
F
347
98
348
0
1001
AcAecLayerStandard
1000

1000

1001
_LayerManage
1070
     0
1070
     0
1070
     0
  0
LAYER
  5
29E
102
{ACAD_XDICTIONARY
360
58B
102
}
330
2
100
AcDbSymbolTableRecord
100
AcDbLayerTableRecord
  2
E_STAIR
 70
     0
 62
     2
  6
Continuous
370
    -3
390
F
347
98
348
0
1001
AcAecLayerStandard
1000

1000
立面楼梯
1001
_LayerManage
1070
     0
1070
     0
1070
     0
  0
LAYER
  5
29F
102
{ACAD_XDICTIONARY
360
58D
102
}
330
2
100
AcDbSymbolTableRecord
100
AcDbLayerTableRecord
  2
E_STRM
 70
     0
 62
     7
  6
Continuous
370
    -3
390
F
347
98
348
0
1001
AcAecLayerStandard
1000

1000
立面雨水管线
1001
_LayerManage
1070
     0
1070
     0
1070
     0
  0
LAYER
  5
2A0
102
{ACAD_XDICTIONARY
360
58F
102
}
330
2
100
AcDbSymbolTableRecord
100
AcDbLayerTableRecord
  2
TG_SUNBUILD
 70
     0
 62
    41
  6
Continuous
370
    -3
390
F
347
98
348
0
1001
AcAecLayerStandard
1000

1000
日照分析建筑模型
1001
_LayerManage
1070
     0
1070
     0
1070
     0
  0
LAYER
  5
2A1
102
{ACAD_XDICTIONARY
360
591
102
}
330
2
100
AcDbSymbolTableRecord
100
AcDbLayerTableRecord
  2
TG_SUNVIS
 70
     0
 62
     6
  6
Continuous
370
    -3
390
F
347
98
348
0
1001
AcAecLayerStandard
1000

1000
日照分析的窗模型
1001
_LayerManage
1070
     0
1070
     0
1070
     0
  0
LAYER
  5
2A2
102
{ACAD_XDICTIONARY
360
593
102
}
330
2
100
AcDbSymbolTableRecord
100
AcDbLayerTableRecord
  2
TG_SUNTESTE
 70
     0
 62
     7
  6
Continuous
370
    -3
390
F
347
98
348
0
1001
AcAecLayerStandard
1000

1000
日照分析的输出结果
1001
_LayerManage
1070
     0
1070
     0
1070
     0
  0
LAYER
  5
2A3
102
{ACAD_XDICTIONARY
360
595
102
}
330
2
100
AcDbSymbolTableRecord
100
AcDbLayerTableRecord
  2
S_SURFACE
 70
     0
 62
     6
  6
Continuous
370
    -3
390
F
347
98
348
0
1001
AcAecLayerStandard
1000

1000
剖面面层线
1001
_LayerManage
1070
     0
1070
     0
1070
     0
  0
LAYER
  5
324
102
{ACAD_XDICTIONARY
360
597
102
}
330
2
100
AcDbSymbolTableRecord
100
AcDbLayerTableRecord
  2
3T_BAR
 70
     0
 62
     7
  6
Continuous
370
    -3
390
F
347
98
348
0
1001
_LayerManage
1070
     0
1070
     0
1070
     0
  0
LAYER
  5
325
102
{ACAD_XDICTIONARY
360
599
102
}
330
2
100
AcDbSymbolTableRecord
100
AcDbLayerTableRecord
  2
3T_GLASS
 70
     0
 62
     5
  6
Continuous
370
    -3
390
F
347
98
348
0
1001
_LayerManage
1070
     0
1070
     0
1070
     0
  0
LAYER
  5
330
102
{ACAD_XDICTIONARY
360
59B
102
}
330
2
100
AcDbSymbolTableRecord
100
AcDbLayerTableRecord
  2
3T_WOOD
 70
     0
 62
    21
  6
Continuous
370
    -3
390
F
347
98
348
0
1001
_LayerManage
1070
     0
1070
     0
1070
     0
  0
LAYER
  5
331
102
{ACAD_XDICTIONARY
360
59D
102
}
330
2
100
AcDbSymbolTableRecord
100
AcDbLayerTableRecord
  2
_TCH_KEY
 70
     4
 62
     7
  6
Continuous
370
    -3
390
F
347
98
348
0
1001
_LayerManage
1070
     0
1070
     0
1070
     1
  0
ENDTAB
  0
TABLE
  2
STYLE
  5
3
330
0
100
AcDbSymbolTable
 70
     8
  0
STYLE
  5
11
330
3
100
AcDbSymbolTableRecord
100
AcDbTextStyleTableRecord
  2
Standard
 70
     0
 40
0.0
 41
1.0
 50
0.0
 71
     0
 42
350.0
  3
gbenor.shx
  4
gbcbig.shx
  0
STYLE
  5
180
330
3
100
AcDbSymbolTableRecord
100
AcDbTextStyleTableRecord
  2
ASHADE
 70
     0
 40
0.2
 41
1.0
 50
0.0
 71
     0
 42
0.2
  3
txt.shx
  4
chineset.shx
  0
STYLE
  5
253
330
3
100
AcDbSymbolTableRecord
100
AcDbTextStyleTableRecord
  2
_TCH_DIM
 70
     0
 40
0.0
 41
1.0
 50
0.0
 71
     0
 42
350.0
  3
SIMPLEX
  4
GBCBIG
1001
_TCH
1040
0.85
1040
0.6
1070
     7
  0
STYLE
  5
254
330
3
100
AcDbSymbolTableRecord
100
AcDbTextStyleTableRecord
  2
_TCH_LABEL
 70
     0
 40
0.0
 41
1.0
 50
0.0
 71
     0
 42
350.0
  3
COMPLEX
  4
GBCBIG
1001
_TCH
1040
0.85
1040
0.6
1070
     7
  0
STYLE
  5
323
330
3
100
AcDbSymbolTableRecord
100
AcDbTextStyleTableRecord
  2
_TCH_WINDOW
 70
     0
 40
0.0
 41
1.0
 50
0.0
 71
     0
 42
350.0
  3
SIMPLEX
  4
GBCBIG
1001
_TCH
1040
0.85
1040
0.6
1070
     7
  0
STYLE
  5
38F
330
3
100
AcDbSymbolTableRecord
100
AcDbTextStyleTableRecord
  2
_TCH_DYN
 70
     0
 40
0.0
 41
1.0
 50
0.0
 71
     0
 42
350.0
  3

  4

1001
ACAD
1000
SimSun
1071
        0
  0
STYLE
  5
3B5
330
3
100
AcDbSymbolTableRecord
100
AcDbTextStyleTableRecord
  2
_TCH_SPACE
 70
     0
 40
0.0
 41
1.0
 50
0.0
 71
     0
 42
350.0
  3
SIMPLEX
  4
GBCBIG
1001
_TCH
1040
0.85
1040
0.6
1070
     7
  0
STYLE
  5
4EA
330
3
100
AcDbSymbolTableRecord
100
AcDbTextStyleTableRecord
  2
_TCH_AXIS
 70
     0
 40
0.0
 41
1.0
 50
0.0
 71
     0
 42
350.0
  3
COMPLEX
  4
GBCBIG
1001
_TCH
1040
0.85
1040
0.6
1070
     7
  0
ENDTAB
  0
TABLE
  2
VIEW
  5
6
330
0
100
AcDbSymbolTable
 70
     0
  0
ENDTAB
  0
TABLE
  2
UCS
  5
7
330
0
100
AcDbSymbolTable
 70
     0
  0
ENDTAB
  0
TABLE
  2
APPID
  5
9
330
0
100
AcDbSymbolTable
 70
     9
  0
APPID
  5
12
330
9
100
AcDbSymbolTableRecord
100
AcDbRegAppTableRecord
  2
ACAD
 70
     0
  0
APPID
  5
F8
330
9
100
AcDbSymbolTableRecord
100
AcDbRegAppTableRecord
  2
ACAD_EXEMPT_FROM_CAD_STANDARDS
 70
     0
  0
APPID
  5
171
330
9
100
AcDbSymbolTableRecord
100
AcDbRegAppTableRecord
  2
_TCH
 70
     0
  0
APPID
  5
22A
330
9
100
AcDbSymbolTableRecord
100
AcDbRegAppTableRecord
  2
ACAD_MLEADERVER
 70
     0
  0
APPID
  5
258
330
9
100
AcDbSymbolTableRecord
100
AcDbRegAppTableRecord
  2
AcAecLayerStandard
 70
     0
  0
APPID
  5
2E1
330
9
100
AcDbSymbolTableRecord
100
AcDbRegAppTableRecord
  2
ACAD_PSEXT
 70
     0
  0
APPID
  5
2F0
330
9
100
AcDbSymbolTableRecord
100
AcDbRegAppTableRecord
  2
ACAD_NAV_VCDISPLAY
 70
     0
  0
APPID
  5
3FD
330
9
100
AcDbSymbolTableRecord
100
AcDbRegAppTableRecord
  2
_LayerManage
 70
     0
  0
APPID
  5
404
330
9
100
AcDbSymbolTableRecord
100
AcDbRegAppTableRecord
  2
_XG_HVAC
 70
     0
  0
ENDTAB
  0
TABLE
  2
DIMSTYLE
  5
A
330
0
100
AcDbSymbolTable
 70
     3
100
AcDbDimStyleTable
 71
     1
340
1B5
  0
DIMSTYLE
105
1B5
330
A
100
AcDbSymbolTableRecord
100
AcDbDimStyleTableRecord
  2
STANDARD
 70
     0
 40
100.0
 41
1.0
 42
3.0
 43
0.0
 44
2.5
 73
     0
 74
     0
 77
     1
140
3.5
147
1.5
172
     1
174
     1
271
     0
272
     0
279
     2
340
11
342
16D
  0
DIMSTYLE
105
2D3
330
A
100
AcDbSymbolTableRecord
100
AcDbDimStyleTableRecord
  2
_TCH_ARCH
 70
     0
 41
1.0
 42
3.0
 43
0.0
 44
2.5
 73
     0
 74
     0
 77
     1
 79
     2
140
3.5
147
1.0
172
     1
174
     1
178
     7
179
     2
271
     0
272
     0
279
     2
340
253
342
16D
  0
DIMSTYLE
105
326
330
A
100
AcDbSymbolTableRecord
100
AcDbDimStyleTableRecord
  2
NORMAL
 70
     0
279
     2
340
11
  0
ENDTAB
  0
TABLE
  2
BLOCK_RECORD
  5
1
330
0
100
AcDbSymbolTable
 70
    13
  0
BLOCK_RECORD
  5
1F
102
{ACAD_XDICTIONARY
360
2DD
102
}
330
1
100
AcDbSymbolTableRecord
100
AcDbBlockTableRecord
  2
*Model_Space
340
22
 70
     0
280
     1
281
     0
  0
BLOCK_RECORD
  5
58
330
1
100
AcDbSymbolTableRecord
100
AcDbBlockTableRecord
  2
*Paper_Space
340
59
 70
     0
280
     1
281
     0
  0
BLOCK_RECORD
  5
5D
330
1
100
AcDbSymbolTableRecord
100
AcDbBlockTableRecord
  2
*Paper_Space0
340
5E
 70
     0
280
     1
281
     0
  0
BLOCK_RECORD
  5
168
330
1
100
AcDbSymbolTableRecord
100
AcDbBlockTableRecord
  2
_DIMX
340
0
 70
     0
280
     1
281
     0
  0
BLOCK_RECORD
  5
16D
330
1
100
AcDbSymbolTableRecord
100
AcDbBlockTableRecord
  2
_ArchTick
340
0
 70
     0
280
     1
281
     0
  0
BLOCK_RECORD
  5
2E2
102
{ACAD_XDICTIONARY
360
2E8
102
}
330
1
100
AcDbSymbolTableRecord
100
AcDbBlockTableRecord
  2
$LinePat$保温层
340
0
 70
     0
280
     1
281
     0
  0
BLOCK_RECORD
  5
327
102
{ACAD_XDICTIONARY
360
32D
102
}
330
1
100
AcDbSymbolTableRecord
100
AcDbBlockTableRecord
  2
$TCHSYS$DOOR2D
340
0
 70
     0
280
     1
281
     0
  0
BLOCK_RECORD
  5
332
330
1
100
AcDbSymbolTableRecord
100
AcDbBlockTableRecord
  2
$TCHSYS$DOOR3D
340
0
 70
     0
280
     1
281
     0
1001
_TCH
1040
900.0
1040
2100.0
  0
BLOCK_RECORD
  5
391
330
1
100
AcDbSymbolTableRecord
100
AcDbBlockTableRecord
  2
_ClosedBlank
340
0
 70
     0
280
     1
281
     0
  0
BLOCK_RECORD
  5
398
102
{ACAD_XDICTIONARY
360
3A4
102
}
330
1
100
AcDbSymbolTableRecord
100
AcDbBlockTableRecord
  2
$DorLib2D$00000225
340
0
 70
     0
280
     1
281
     0
1001
_TCH
1040
0.0
  0
BLOCK_RECORD
  5
3A9
102
{ACAD_XDICTIONARY
360
3AF
102
}
330
1
100
AcDbSymbolTableRecord
100
AcDbBlockTableRecord
  2
$DorLib2D$00000001
340
0
 70
     0
280
     1
281
     0
  0
BLOCK_RECORD
  5
3C4
330
1
100
AcDbSymbolTableRecord
100
AcDbBlockTableRecord
  2
$TCHSYS$WIN2D
340
0
 70
     0
280
     1
281
     0
  0
BLOCK_RECORD
  5
3CD
330
1
100
AcDbSymbolTableRecord
100
AcDbBlockTableRecord
  2
$TCHSYS$WIN3D
340
0
 70
     0
280
     1
281
     0
1001
_TCH
1040
1200.0
1040
1800.0
  0
BLOCK_RECORD
  5
405
330
1
100
AcDbSymbolTableRecord
100
AcDbBlockTableRecord
  2
$TCHSYS$WDOOR3D
340
0
 70
     0
280
     1
281
     0
1001
_TCH
1040
900.0
1040
2100.0
  0
BLOCK_RECORD
  5
434
330
1
100
AcDbSymbolTableRecord
100
AcDbBlockTableRecord
  2
$TCHSYS$DWIN3D
340
0
 70
     0
280
     1
281
     0
1001
_TCH
1040
1500.0
1040
1800.0
  0
ENDTAB
  0
ENDSEC
  0
SECTION
  2
BLOCKS
  0
BLOCK
  5
20
330
1F
100
AcDbEntity
  8
0
100
AcDbBlockBegin
  2
*Model_Space
 70
     0
 10
0.0
 20
0.0
 30
0.0
  3
*Model_Space
  1

  0
ENDBLK
  5
21
330
1F
100
AcDbEntity
  8
0
100
AcDbBlockEnd
  0
BLOCK
  5
5A
330
58
100
AcDbEntity
 67
     1
  8
0
100
AcDbBlockBegin
  2
*Paper_Space
 70
     0
 10
0.0
 20
0.0
 30
0.0
  3
*Paper_Space
  1

  0
ENDBLK
  5
5B
330
58
100
AcDbEntity
 67
     1
  8
0
100
AcDbBlockEnd
  0
BLOCK
  5
5F
330
5D
100
AcDbEntity
 67
     1
  8
0
100
AcDbBlockBegin
  2
*Paper_Space0
 70
     0
 10
0.0
 20
0.0
 30
0.0
  3
*Paper_Space0
  1

  0
ENDBLK
  5
60
330
5D
100
AcDbEntity
 67
     1
  8
0
100
AcDbBlockEnd
  0
BLOCK
  5
169
330
168
100
AcDbEntity
  8
0
100
AcDbBlockBegin
  2
_DIMX
 70
     0
 10
0.0
 20
0.0
 30
0.0
  3
_DIMX
  1

  0
LINE
  5
16A
330
168
100
AcDbEntity
  8
0
100
AcDbLine
 10
-150.0
 20
0.0
 30
0.0
 11
150.0
 21
0.0
 31
0.0
  0
LWPOLYLINE
  5
16B
330
168
100
AcDbEntity
  8
0
100
AcDbPolyline
 90
        2
 70
     0
 43
50.0
 10
-70.0
 20
-70.0
 10
70.0
 20
70.0
  0
ENDBLK
  5
16C
330
168
100
AcDbEntity
  8
0
100
AcDbBlockEnd
  0
BLOCK
  5
16E
330
16D
100
AcDbEntity
  8
0
100
AcDbBlockBegin
  2
_ArchTick
 70
     0
 10
0.0
 20
0.0
 30
0.0
  3
_ArchTick
  1

  0
LWPOLYLINE
  5
16F
330
16D
100
AcDbEntity
  8
0
  6
ByBlock
 62
     0
100
AcDbPolyline
 90
        2
 70
     0
 43
0.4
 10
-0.5
 20
-0.5
 10
0.5
 20
0.5
  0
ENDBLK
  5
170
330
16D
100
AcDbEntity
  8
0
100
AcDbBlockEnd
  0
BLOCK
  5
2EA
330
2E2
100
AcDbEntity
  8
0
100
AcDbBlockBegin
  2
$LinePat$保温层
 70
     0
 10
0.0
 20
0.0
 30
0.0
  3
$LinePat$保温层
  1

  0
LINE
  5
2E3
330
2E2
100
AcDbEntity
  8
0
 62
     0
100
AcDbLine
 10
23.99999999999818
 20
-24.0
 30
0.0
 11
23.99999999999818
 21
-56.00000000011641
 31
0.0
  0
LINE
  5
2E4
330
2E2
100
AcDbEntity
  8
0
 62
     0
100
AcDbLine
 10
72.00000000000454
 20
-56.00000000011641
 30
0.0
 11
72.00000000000454
 21
-24.0
 31
0.0
  0
ARC
  5
2E5
330
2E2
100
AcDbEntity
  8
0
 62
     0
100
AcDbCircle
 10
0.0
 20
-24.0
 30
0.0
 40
23.99999999999855
100
AcDbArc
 50
0.0
 51
90.0
  0
ARC
  5
2E6
330
2E2
100
AcDbEntity
  8
0
 62
     0
100
AcDbCircle
 10
96.00000000000546
 20
-24.0
 30
0.0
 40
24.00000000000037
100
AcDbArc
 50
90.0
 51
180.0
  0
ARC
  5
2E7
330
2E2
100
AcDbEntity
  8
0
 62
     0
100
AcDbCircle
 10
48.00000000000455
 20
-56.00000000011641
 30
0.0
 40
24.00000000000037
100
AcDbArc
 50
180.0
 51
0.0
  0
ENDBLK
  5
2EB
330
2E2
100
AcDbEntity
  8
0
100
AcDbBlockEnd
  0
BLOCK
  5
32E
330
327
100
AcDbEntity
  8
0
100
AcDbBlockBegin
  2
$TCHSYS$DOOR2D
 70
     0
 10
0.0
 20
0.0
 30
0.0
  3
$TCHSYS$DOOR2D
  1

  0
LINE
  5
328
330
327
100
AcDbEntity
  8
0
100
AcDbLine
 10
0.45
 20
0.975
 30
0.0
 11
0.5000000000000002
 21
0.975
 31
0.0
  0
LINE
  5
329
330
327
100
AcDbEntity
  8
0
100
AcDbLine
 10
0.5
 20
0.0
 30
0.0
 11
0.45
 21
0.0
 31
0.0
  0
ARC
  5
32A
330
327
100
AcDbEntity
  8
0
370
    13
100
AcDbCircle
 10
0.475
 20
0.0
 30
0.0
 40
0.975
100
AcDbArc
 50
91.46928358135381
 51
180.0
  0
LINE
  5
32B
330
327
100
AcDbEntity
  8
0
100
AcDbLine
 10
0.5
 20
0.0
 30
0.0
 11
0.5
 21
0.975
 31
0.0
  0
LINE
  5
32C
330
327
100
AcDbEntity
  8
0
100
AcDbLine
 10
0.45
 20
0.0
 30
0.0
 11
0.45
 21
0.975
 31
0.0
  0
ENDBLK
  5
32F
330
327
100
AcDbEntity
  8
0
100
AcDbBlockEnd
  0
BLOCK
  5
38D
330
332
100
AcDbEntity
  8
0
100
AcDbBlockBegin
  2
$TCHSYS$DOOR3D
 70
     0
 10
0.0
 20
0.0
 30
0.0
  3
$TCHSYS$DOOR3D
  1

  0
3DFACE
  5
333
330
332
100
AcDbEntity
  8
3T_WOOD
100
AcDbFace
 10
409.405851520077
 20
-10.0
 30
2055.56275091877
 11
-411.0232818317192
 21
-10.0
 31
2055.56275091877
 12
-411.0232818317192
 22
-10.0
 32
1.214918879440119
 13
409.405851520077
 23
-10.0
 33
1.214918879440119
  0
3DFACE
  5
334
330
332
100
AcDbEntity
  8
3T_WOOD
100
AcDbFace
 10
-450.0
 20
50.0
 30
2100.0
 11
409.0909090909083
 21
50.0
 31
2055.578907839387
 12
-409.0909090909083
 22
50.0
 32
2055.578907839387
 13
-409.0909090909083
 23
50.0
 33
2055.578907839387
 70
    13
  0
3DFACE
  5
335
330
332
100
AcDbEntity
  8
3T_WOOD
100
AcDbFace
 10
409.0909090909083
 20
50.0
 30
2055.578907839387
 11
-450.0
 21
50.0
 31
2100.0
 12
449.999999999997
 22
50.0
 32
2100.0
 13
449.999999999997
 23
50.0
 33
2100.0
 70
    13
  0
3DFACE
  5
336
330
332
100
AcDbEntity
  8
3T_WOOD
100
AcDbFace
 10
-450.0
 20
-50.0
 30
2100.0
 11
-409.0909090909083
 21
-50.0
 31
2055.578907839387
 12
409.0909090909083
 22
-50.0
 32
2055.578907839387
 13
409.0909090909083
 23
-50.0
 33
2055.578907839387
 70
    13
  0
3DFACE
  5
337
330
332
100
AcDbEntity
  8
3T_WOOD
100
AcDbFace
 10
409.0909090909083
 20
-50.0
 30
2055.578907839387
 11
449.999999999997
 21
-50.0
 31
2100.0
 12
-450.0
 22
-50.0
 32
2100.0
 13
-450.0
 23
-50.0
 33
2100.0
 70
    13
  0
3DFACE
  5
338
330
332
100
AcDbEntity
  8
3T_WOOD
100
AcDbFace
 10
-409.0909090909083
 20
-50.0
 30
2055.578907839386
 11
-409.0909090909083
 21
50.0
 31
2055.578907839386
 12
409.0909090909083
 22
50.0
 32
2055.578907839386
 13
409.0909090909083
 23
-50.0
 33
2055.578907839386
  0
3DFACE
  5
339
330
332
100
AcDbEntity
  8
3T_WOOD
100
AcDbFace
 10
-450.0
 20
50.0
 30
0.0000000000004663
 11
-409.0909090909083
 21
50.0
 31
2055.578907839387
 12
-409.0909090909083
 22
50.0
 32
0.0000000000004663
 13
-409.0909090909083
 23
50.0
 33
0.0000000000004663
 70
     1
  0
3DFACE
  5
33A
330
332
100
AcDbEntity
  8
3T_WOOD
100
AcDbFace
 10
409.0909090909083
 20
50.0
 30
2055.578907839387
 11
449.999999999997
 21
50.0
 31
0.0000000000004663
 12
409.0909090909083
 22
50.0
 32
0.0
 13
409.0909090909083
 23
50.0
 33
0.0
 70
     1
  0
3DFACE
  5
33B
330
332
100
AcDbEntity
  8
3T_WOOD
100
AcDbFace
 10
409.0909090909083
 20
50.0
 30
2055.578907839387
 11
449.999999999997
 21
50.0
 31
2100.0
 12
449.999999999997
 22
50.0
 32
0.0000000000004663
 13
449.999999999997
 23
50.0
 33
0.0000000000004663
 70
    13
  0
3DFACE
  5
33C
330
332
100
AcDbEntity
  8
3T_WOOD
100
AcDbFace
 10
-450.0
 20
50.0
 30
2100.0
 11
-409.0909090909083
 21
50.0
 31
2055.578907839387
 12
-450.0
 22
50.0
 32
0.0000000000004663
 13
-450.0
 23
50.0
 33
0.0000000000004663
 70
     3
  0
3DFACE
  5
33D
330
332
100
AcDbEntity
  8
3T_WOOD
100
AcDbFace
 10
-450.0
 20
-50.0
 30
0.0000000000004663
 11
-409.0909090909083
 21
-50.0
 31
0.0000000000004663
 12
-409.0909090909083
 22
-50.0
 32
2055.578907839387
 13
-409.0909090909083
 23
-50.0
 33
2055.578907839387
 70
    12
  0
3DFACE
  5
33E
330
332
100
AcDbEntity
  8
3T_WOOD
100
AcDbFace
 10
409.0909090909083
 20
-50.0
 30
2055.578907839387
 11
409.0909090909083
 21
-50.0
 31
0.0
 12
449.999999999997
 22
-50.0
 32
0.0000000000004663
 13
449.999999999997
 23
-50.0
 33
0.0000000000004663
 70
    12
  0
3DFACE
  5
33F
330
332
100
AcDbEntity
  8
3T_WOOD
100
AcDbFace
 10
409.0909090909083
 20
-50.0
 30
2055.578907839387
 11
449.999999999997
 21
-50.0
 31
0.0000000000004663
 12
449.999999999997
 22
-50.0
 32
2100.0
 13
449.999999999997
 23
-50.0
 33
2100.0
 70
    13
  0
3DFACE
  5
340
330
332
100
AcDbEntity
  8
3T_WOOD
100
AcDbFace
 10
-450.0
 20
-50.0
 30
2100.0
 11
-450.0
 21
-50.0
 31
0.0000000000004663
 12
-409.0909090909083
 22
-50.0
 32
2055.578907839387
 13
-409.0909090909083
 23
-50.0
 33
2055.578907839387
 70
    14
  0
3DFACE
  5
341
330
332
100
AcDbEntity
  8
3T_WOOD
100
AcDbFace
 10
450.0
 20
-50.0
 30
0.0000000000004663
 11
450.0
 21
50.0
 31
0.0000000000004663
 12
450.0
 22
50.0
 32
2100.0
 13
450.0
 23
50.0
 33
2100.0
 70
    13
  0
3DFACE
  5
342
330
332
100
AcDbEntity
  8
3T_WOOD
100
AcDbFace
 10
450.0
 20
-50.0
 30
2100.0
 11
450.0
 21
-50.0
 31
0.0000000000004663
 12
450.0
 22
50.0
 32
2100.0
 13
450.0
 23
50.0
 33
2100.0
 70
    14
  0
3DFACE
  5
343
330
332
100
AcDbEntity
  8
3T_WOOD
100
AcDbFace
 10
-450.0
 20
-50.0
 30
0.0000000000004663
 11
-450.0
 21
-50.0
 31
2100.0
 12
-450.0
 22
50.0
 32
2100.0
 13
-450.0
 23
50.0
 33
2100.0
 70
    14
  0
3DFACE
  5
344
330
332
100
AcDbEntity
  8
3T_WOOD
100
AcDbFace
 10
-450.0
 20
-50.0
 30
0.0000000000004663
 11
-450.0
 21
50.0
 31
2100.0
 12
-450.0
 22
50.0
 32
0.0000000000004663
 13
-450.0
 23
50.0
 33
0.0000000000004663
 70
    13
  0
3DFACE
  5
345
330
332
100
AcDbEntity
  8
3T_WOOD
100
AcDbFace
 10
409.0909090909083
 20
-50.0
 30
0.0
 11
409.0909090909083
 21
-50.0
 31
2055.578907839387
 12
409.0909090909083
 22
50.0
 32
2055.578907839387
 13
409.0909090909083
 23
50.0
 33
0.0
  0
3DFACE
  5
346
330
332
100
AcDbEntity
  8
3T_WOOD
100
AcDbFace
 10
-409.0909090909083
 20
50.0
 30
0.0
 11
-409.0909090909083
 21
50.0
 31
2055.578907839387
 12
-409.0909090909083
 22
-50.0
 32
2055.578907839387
 13
-409.0909090909083
 23
-50.0
 33
0.0
  0
3DFACE
  5
347
330
332
100
AcDbEntity
  8
3T_BAR
100
AcDbFace
 10
-330.1835182958273
 20
80.44126187745858
 30
907.27500183827
 11
-341.337567592067
 21
80.44126187745858
 31
920.5246603962276
 12
-341.337567592067
 22
-63.55873812254142
 32
920.5246603962276
 13
-330.1835182958273
 23
-63.55873812254142
 33
907.27500183827
  0
3DFACE
  5
348
330
332
100
AcDbEntity
  8
3T_BAR
100
AcDbFace
 10
-341.337567592067
 20
80.44126187745858
 30
920.5246603962276
 11
-352.4916168883067
 21
80.44126187745858
 31
907.27500183827
 12
-352.4916168883067
 22
-63.55873812254142
 32
907.27500183827
 13
-341.337567592067
 23
-63.55873812254142
 33
920.5246603962276
  0
3DFACE
  5
349
330
332
100
AcDbEntity
  8
3T_BAR
100
AcDbFace
 10
-352.4916168883067
 20
80.44126187745858
 30
907.27500183827
 11
-341.337567592067
 21
80.44126187745858
 31
894.0253432803126
 12
-341.337567592067
 22
-63.55873812254142
 32
894.0253432803126
 13
-352.4916168883067
 23
-63.55873812254142
 33
907.27500183827
  0
3DFACE
  5
34A
330
332
100
AcDbEntity
  8
3T_BAR
100
AcDbFace
 10
-341.337567592067
 20
80.44126187745858
 30
894.0253432803126
 11
-330.1835182958273
 21
80.44126187745858
 31
907.27500183827
 12
-330.1835182958273
 22
-63.55873812254142
 32
907.27500183827
 13
-341.337567592067
 23
-63.55873812254142
 33
894.0253432803126
  0
3DFACE
  5
34B
330
332
100
AcDbEntity
  8
3T_BAR
100
AcDbFace
 10
-351.7241700511461
 20
-63.5587381225414
 30
907.2679621884894
 11
-351.7241700511461
 21
-87.5587381225414
 31
907.2679621884894
 12
-350.1203418156404
 22
-87.5587381225414
 32
913.5369390248449
 13
-351.7241700511461
 23
-63.5587381225414
 33
907.2679621884894
 70
     4
  0
3DFACE
  5
34C
330
332
100
AcDbEntity
  8
3T_BAR
100
AcDbFace
 10
-351.7241700511461
 20
-63.5587381225414
 30
907.2679621884894
 11
-350.1203418156404
 21
-87.5587381225414
 31
913.5369390248449
 12
-350.1203418156404
 22
-63.5587381225414
 32
913.5369390248449
 13
-351.7241700511461
 23
-63.5587381225414
 33
907.2679621884894
 70
     3
  0
3DFACE
  5
34D
330
332
100
AcDbEntity
  8
3T_BAR
100
AcDbFace
 10
-350.1203418156404
 20
-63.5587381225414
 30
913.5369390248449
 11
-350.1203418156404
 21
-87.5587381225414
 31
913.5369390248449
 12
-346.1431084054609
 22
-87.5587381225414
 32
918.0766584484265
 13
-350.1203418156404
 23
-63.5587381225414
 33
913.5369390248449
 70
     5
  0
3DFACE
  5
34E
330
332
100
AcDbEntity
  8
3T_BAR
100
AcDbFace
 10
-350.1203418156404
 20
-63.5587381225414
 30
913.5369390248449
 11
-346.1431084054609
 21
-87.5587381225414
 31
918.0766584484265
 12
-346.1431084054609
 22
-63.5587381225414
 32
918.0766584484265
 13
-350.1203418156404
 23
-63.5587381225414
 33
913.5369390248449
 70
     3
  0
3DFACE
  5
34F
330
332
100
AcDbEntity
  8
3T_BAR
100
AcDbFace
 10
-346.1431084054609
 20
-87.5587381225414
 30
918.0766584484265
 11
-340.8059060133006
 21
-87.5587381225414
 31
919.7303575806076
 12
-340.8059060133006
 22
-63.5587381225414
 32
919.7303575806076
 13
-346.1431084054609
 23
-87.5587381225414
 33
918.0766584484265
 70
     6
  0
3DFACE
  5
350
330
332
100
AcDbEntity
  8
3T_BAR
100
AcDbFace
 10
-346.1431084054609
 20
-87.5587381225414
 30
918.0766584484265
 11
-340.8059060133006
 21
-63.5587381225414
 31
919.7303575806076
 12
-346.1431084054609
 22
-63.5587381225414
 32
918.0766584484265
 13
-346.1431084054609
 23
-87.5587381225414
 33
918.0766584484265
 70
     5
  0
3DFACE
  5
351
330
332
100
AcDbEntity
  8
3T_BAR
100
AcDbFace
 10
-340.8059060133006
 20
-87.5587381225414
 30
919.7303575806076
 11
-335.4687036211402
 21
-87.5587381225414
 31
918.0766584484265
 12
-335.4687036211402
 22
-63.5587381225414
 32
918.0766584484265
 13
-340.8059060133006
 23
-87.5587381225414
 33
919.7303575806076
 70
     6
  0
3DFACE
  5
352
330
332
100
AcDbEntity
  8
3T_BAR
100
AcDbFace
 10
-340.8059060133006
 20
-87.5587381225414
 30
919.7303575806076
 11
-335.4687036211402
 21
-63.5587381225414
 31
918.0766584484265
 12
-340.8059060133006
 22
-63.5587381225414
 32
919.7303575806076
 13
-340.8059060133006
 23
-87.5587381225414
 33
919.7303575806076
 70
     5
  0
3DFACE
  5
353
330
332
100
AcDbEntity
  8
3T_BAR
100
AcDbFace
 10
-335.4687036211402
 20
-63.5587381225414
 30
918.0766584484265
 11
-335.4687036211402
 21
-87.5587381225414
 31
918.0766584484265
 12
-331.4914702109608
 22
-87.5587381225414
 32
913.5369390248449
 13
-335.4687036211402
 23
-63.5587381225414
 33
918.0766584484265
 70
     5
  0
3DFACE
  5
354
330
332
100
AcDbEntity
  8
3T_BAR
100
AcDbFace
 10
-335.4687036211402
 20
-63.5587381225414
 30
918.0766584484265
 11
-331.4914702109608
 21
-87.5587381225414
 31
913.5369390248449
 12
-331.4914702109608
 22
-63.5587381225414
 32
913.5369390248449
 13
-335.4687036211402
 23
-63.5587381225414
 33
918.0766584484265
 70
     3
  0
3DFACE
  5
355
330
332
100
AcDbEntity
  8
3T_BAR
100
AcDbFace
 10
-331.4914702109608
 20
-63.5587381225414
 30
913.5369390248449
 11
-331.4914702109608
 21
-87.5587381225414
 31
913.5369390248449
 12
-329.8876419754551
 22
-87.5587381225414
 32
907.2679621884894
 13
-331.4914702109608
 23
-63.5587381225414
 33
913.5369390248449
 70
     5
  0
3DFACE
  5
356
330
332
100
AcDbEntity
  8
3T_BAR
100
AcDbFace
 10
-331.4914702109608
 20
-63.5587381225414
 30
913.5369390248449
 11
-329.8876419754551
 21
-87.5587381225414
 31
907.2679621884894
 12
-329.8876419754551
 22
-63.5587381225414
 32
907.2679621884894
 13
-331.4914702109608
 23
-63.5587381225414
 33
913.5369390248449
 70
     1
  0
3DFACE
  5
357
330
332
100
AcDbEntity
  8
3T_BAR
100
AcDbFace
 10
-329.8876419754551
 20
-87.5587381225414
 30
907.2679621884894
 11
-333.709035383422
 21
-87.5587381225414
 31
812.6309451712311
 12
-333.709035383422
 22
-63.55873812254142
 32
812.6309451712311
 13
-329.8876419754551
 23
-87.5587381225414
 33
907.2679621884894
 70
     4
  0
3DFACE
  5
358
330
332
100
AcDbEntity
  8
3T_BAR
100
AcDbFace
 10
-329.8876419754551
 20
-87.5587381225414
 30
907.2679621884894
 11
-333.709035383422
 21
-63.55873812254142
 31
812.6309451712311
 12
-329.8876419754551
 22
-63.5587381225414
 32
907.2679621884894
 13
-329.8876419754551
 23
-87.5587381225414
 33
907.2679621884894
 70
     1
  0
3DFACE
  5
359
330
332
100
AcDbEntity
  8
3T_BAR
100
AcDbFace
 10
-333.709035383422
 20
-63.55873812254142
 30
812.6309451712311
 11
-333.709035383422
 21
-87.55873812254142
 31
812.6309451712311
 12
-348.4486928292348
 22
-87.5587381225414
 32
812.6309451712311
 13
-333.709035383422
 23
-63.55873812254142
 33
812.6309451712311
 70
     4
  0
3DFACE
  5
35A
330
332
100
AcDbEntity
  8
3T_BAR
100
AcDbFace
 10
-333.709035383422
 20
-63.55873812254142
 30
812.6309451712311
 11
-348.4486928292348
 21
-87.5587381225414
 31
812.6309451712311
 12
-348.4486928292348
 22
-63.55873812254142
 32
812.6309451712311
 13
-333.709035383422
 23
-63.55873812254142
 33
812.6309451712311
 70
     1
  0
3DFACE
  5
35B
330
332
100
AcDbEntity
  8
3T_BAR
100
AcDbFace
 10
-348.4486928292348
 20
-63.55873812254142
 30
812.6309451712311
 11
-348.4486928292348
 21
-87.55873812254142
 31
812.6309451712311
 12
-351.724170051146
 22
-87.5587381225414
 32
907.2679621884894
 13
-348.4486928292348
 23
-63.55873812254142
 33
812.6309451712311
 70
     4
  0
3DFACE
  5
35C
330
332
100
AcDbEntity
  8
3T_BAR
100
AcDbFace
 10
-348.4486928292348
 20
-63.55873812254142
 30
812.6309451712311
 11
-351.724170051146
 21
-87.5587381225414
 31
907.2679621884894
 12
-351.724170051146
 22
-63.55873812254141
 32
907.2679621884894
 13
-348.4486928292348
 23
-63.55873812254142
 33
812.6309451712311
 70
     1
  0
3DFACE
  5
35D
330
332
100
AcDbEntity
  8
3T_BAR
100
AcDbFace
 10
-348.4486928292348
 20
-63.55873812254142
 30
812.6309451712311
 11
-351.7241700511461
 21
-63.55873812254139
 31
907.2679621884894
 12
-346.1431084054609
 22
-63.55873812254138
 32
918.0766584484265
 13
-348.4486928292348
 23
-63.55873812254142
 33
812.6309451712311
 70
     6
  0
3DFACE
  5
35E
330
332
100
AcDbEntity
  8
3T_BAR
100
AcDbFace
 10
-348.4486928292348
 20
-63.55873812254142
 30
812.6309451712311
 11
-346.1431084054609
 21
-63.55873812254138
 31
918.0766584484265
 12
-340.8059060133006
 22
-63.55873812254138
 32
919.7303575806076
 13
-348.4486928292348
 23
-63.55873812254142
 33
812.6309451712311
 70
     5
  0
3DFACE
  5
35F
330
332
100
AcDbEntity
  8
3T_BAR
100
AcDbFace
 10
-348.4486928292348
 20
-63.55873812254142
 30
812.6309451712311
 11
-340.8059060133006
 21
-63.55873812254138
 31
919.7303575806076
 12
-333.709035383422
 22
-63.55873812254142
 32
812.6309451712311
 13
-348.4486928292348
 23
-63.55873812254142
 33
812.6309451712311
 70
     3
  0
3DFACE
  5
360
330
332
100
AcDbEntity
  8
3T_BAR
100
AcDbFace
 10
-351.7241700511461
 20
-63.55873812254139
 30
907.2679621884894
 11
-350.1203418156404
 21
-63.55873812254139
 31
913.5369390248449
 12
-346.1431084054609
 22
-63.55873812254138
 32
918.0766584484265
 13
-351.7241700511461
 23
-63.55873812254139
 33
907.2679621884894
 70
     4
  0
3DFACE
  5
361
330
332
100
AcDbEntity
  8
3T_BAR
100
AcDbFace
 10
-340.8059060133006
 20
-63.55873812254138
 30
919.7303575806076
 11
-335.4687036211402
 21
-63.55873812254138
 31
918.0766584484265
 12
-333.709035383422
 22
-63.55873812254142
 32
812.6309451712311
 13
-340.8059060133006
 23
-63.55873812254138
 33
919.7303575806076
 70
     6
  0
3DFACE
  5
362
330
332
100
AcDbEntity
  8
3T_BAR
100
AcDbFace
 10
-335.4687036211402
 20
-63.55873812254138
 30
918.0766584484265
 11
-331.4914702109608
 21
-63.55873812254139
 31
913.5369390248449
 12
-329.8876419754551
 22
-63.55873812254139
 32
907.2679621884894
 13
-335.4687036211402
 23
-63.55873812254138
 33
918.0766584484265
 70
     4
  0
3DFACE
  5
363
330
332
100
AcDbEntity
  8
3T_BAR
100
AcDbFace
 10
-335.4687036211402
 20
-63.55873812254138
 30
918.0766584484265
 11
-329.8876419754551
 21
-63.55873812254139
 31
907.2679621884894
 12
-333.709035383422
 22
-63.55873812254142
 32
812.6309451712311
 13
-335.4687036211402
 23
-63.55873812254138
 33
918.0766584484265
 70
     5
  0
3DFACE
  5
364
330
332
100
AcDbEntity
  8
3T_BAR
100
AcDbFace
 10
-329.8876419754551
 20
-87.5587381225414
 30
907.2679621884894
 11
-331.4914702109608
 21
-87.5587381225414
 31
913.5369390248449
 12
-335.4687036211402
 22
-87.5587381225414
 32
918.0766584484265
 13
-329.8876419754551
 23
-87.5587381225414
 33
907.2679621884894
 70
     4
  0
3DFACE
  5
365
330
332
100
AcDbEntity
  8
3T_BAR
100
AcDbFace
 10
-329.8876419754551
 20
-87.5587381225414
 30
907.2679621884894
 11
-335.4687036211402
 21
-87.5587381225414
 31
918.0766584484265
 12
-333.709035383422
 22
-87.5587381225414
 32
812.6309451712311
 13
-329.8876419754551
 23
-87.5587381225414
 33
907.2679621884894
 70
     3
  0
3DFACE
  5
366
330
332
100
AcDbEntity
  8
3T_BAR
100
AcDbFace
 10
-333.709035383422
 20
-87.5587381225414
 30
812.6309451712311
 11
-335.4687036211402
 21
-87.5587381225414
 31
918.0766584484265
 12
-340.8059060133006
 22
-87.5587381225414
 32
919.7303575806076
 13
-333.709035383422
 23
-87.5587381225414
 33
812.6309451712311
 70
     5
  0
3DFACE
  5
367
330
332
100
AcDbEntity
  8
3T_BAR
100
AcDbFace
 10
-333.709035383422
 20
-87.5587381225414
 30
812.6309451712311
 11
-340.8059060133006
 21
-87.5587381225414
 31
919.7303575806076
 12
-348.4486928292348
 22
-87.5587381225414
 32
812.6309451712311
 13
-333.709035383422
 23
-87.5587381225414
 33
812.6309451712311
 70
     3
  0
3DFACE
  5
368
330
332
100
AcDbEntity
  8
3T_BAR
100
AcDbFace
 10
-340.8059060133006
 20
-87.5587381225414
 30
919.7303575806076
 11
-346.1431084054609
 21
-87.5587381225414
 31
918.0766584484265
 12
-348.4486928292348
 22
-87.5587381225414
 32
812.6309451712311
 13
-340.8059060133006
 23
-87.5587381225414
 33
919.7303575806076
 70
     6
  0
3DFACE
  5
369
330
332
100
AcDbEntity
  8
3T_BAR
100
AcDbFace
 10
-346.1431084054609
 20
-87.5587381225414
 30
918.0766584484265
 11
-350.1203418156404
 21
-87.5587381225414
 31
913.5369390248449
 12
-351.724170051146
 22
-87.5587381225414
 32
907.2679621884894
 13
-346.1431084054609
 23
-87.5587381225414
 33
918.0766584484265
 70
     4
  0
3DFACE
  5
36A
330
332
100
AcDbEntity
  8
3T_BAR
100
AcDbFace
 10
-346.1431084054609
 20
-87.5587381225414
 30
918.0766584484265
 11
-351.724170051146
 21
-87.5587381225414
 31
907.2679621884894
 12
-348.4486928292348
 22
-87.5587381225414
 32
812.6309451712311
 13
-346.1431084054609
 23
-87.5587381225414
 33
918.0766584484265
 70
     5
  0
3DFACE
  5
36B
330
332
100
AcDbEntity
  8
3T_BAR
100
AcDbFace
 10
-351.7241700511461
 20
80.44126187745858
 30
907.2679621884894
 11
-351.7241700511461
 21
56.44126187745857
 31
907.2679621884894
 12
-350.1203418156404
 22
56.44126187745857
 32
913.5369390248449
 13
-351.7241700511461
 23
80.44126187745858
 33
907.2679621884894
 70
     4
  0
3DFACE
  5
36C
330
332
100
AcDbEntity
  8
3T_BAR
100
AcDbFace
 10
-351.7241700511461
 20
80.44126187745858
 30
907.2679621884894
 11
-350.1203418156404
 21
56.44126187745857
 31
913.5369390248449
 12
-350.1203418156404
 22
80.44126187745858
 32
913.5369390248449
 13
-351.7241700511461
 23
80.44126187745858
 33
907.2679621884894
 70
     3
  0
3DFACE
  5
36D
330
332
100
AcDbEntity
  8
3T_BAR
100
AcDbFace
 10
-350.1203418156404
 20
80.44126187745858
 30
913.5369390248449
 11
-350.1203418156404
 21
56.44126187745857
 31
913.5369390248449
 12
-346.1431084054609
 22
56.44126187745857
 32
918.0766584484265
 13
-350.1203418156404
 23
80.44126187745858
 33
913.5369390248449
 70
     5
  0
3DFACE
  5
36E
330
332
100
AcDbEntity
  8
3T_BAR
100
AcDbFace
 10
-350.1203418156404
 20
80.44126187745858
 30
913.5369390248449
 11
-346.1431084054609
 21
56.44126187745857
 31
918.0766584484265
 12
-346.1431084054609
 22
80.44126187745858
 32
918.0766584484265
 13
-350.1203418156404
 23
80.44126187745858
 33
913.5369390248449
 70
     3
  0
3DFACE
  5
36F
330
332
100
AcDbEntity
  8
3T_BAR
100
AcDbFace
 10
-346.1431084054609
 20
56.44126187745857
 30
918.0766584484265
 11
-340.8059060133006
 21
56.44126187745857
 31
919.7303575806076
 12
-340.8059060133006
 22
80.44126187745858
 32
919.7303575806076
 13
-346.1431084054609
 23
56.44126187745857
 33
918.0766584484265
 70
     6
  0
3DFACE
  5
370
330
332
100
AcDbEntity
  8
3T_BAR
100
AcDbFace
 10
-346.1431084054609
 20
56.44126187745857
 30
918.0766584484265
 11
-340.8059060133006
 21
80.44126187745858
 31
919.7303575806076
 12
-346.1431084054609
 22
80.44126187745858
 32
918.0766584484265
 13
-346.1431084054609
 23
56.44126187745857
 33
918.0766584484265
 70
     5
  0
3DFACE
  5
371
330
332
100
AcDbEntity
  8
3T_BAR
100
AcDbFace
 10
-340.8059060133006
 20
56.44126187745857
 30
919.7303575806076
 11
-335.4687036211402
 21
56.44126187745857
 31
918.0766584484265
 12
-335.4687036211402
 22
80.44126187745858
 32
918.0766584484265
 13
-340.8059060133006
 23
56.44126187745857
 33
919.7303575806076
 70
     6
  0
3DFACE
  5
372
330
332
100
AcDbEntity
  8
3T_BAR
100
AcDbFace
 10
-340.8059060133006
 20
56.44126187745857
 30
919.7303575806076
 11
-335.4687036211402
 21
80.44126187745858
 31
918.0766584484265
 12
-340.8059060133006
 22
80.44126187745858
 32
919.7303575806076
 13
-340.8059060133006
 23
56.44126187745857
 33
919.7303575806076
 70
     5
  0
3DFACE
  5
373
330
332
100
AcDbEntity
  8
3T_BAR
100
AcDbFace
 10
-335.4687036211402
 20
80.44126187745858
 30
918.0766584484265
 11
-335.4687036211402
 21
56.44126187745857
 31
918.0766584484265
 12
-331.4914702109608
 22
56.44126187745857
 32
913.5369390248449
 13
-335.4687036211402
 23
80.44126187745858
 33
918.0766584484265
 70
     5
  0
3DFACE
  5
374
330
332
100
AcDbEntity
  8
3T_BAR
100
AcDbFace
 10
-335.4687036211402
 20
80.44126187745858
 30
918.0766584484265
 11
-331.4914702109608
 21
56.44126187745857
 31
913.5369390248449
 12
-331.4914702109608
 22
80.44126187745858
 32
913.5369390248449
 13
-335.4687036211402
 23
80.44126187745858
 33
918.0766584484265
 70
     3
  0
3DFACE
  5
375
330
332
100
AcDbEntity
  8
3T_BAR
100
AcDbFace
 10
-331.4914702109608
 20
80.44126187745858
 30
913.5369390248449
 11
-331.4914702109608
 21
56.44126187745857
 31
913.5369390248449
 12
-329.8876419754551
 22
56.44126187745857
 32
907.2679621884894
 13
-331.4914702109608
 23
80.44126187745858
 33
913.5369390248449
 70
     5
  0
3DFACE
  5
376
330
332
100
AcDbEntity
  8
3T_BAR
100
AcDbFace
 10
-331.4914702109608
 20
80.44126187745858
 30
913.5369390248449
 11
-329.8876419754551
 21
56.44126187745857
 31
907.2679621884894
 12
-329.8876419754551
 22
80.44126187745858
 32
907.2679621884894
 13
-331.4914702109608
 23
80.44126187745858
 33
913.5369390248449
 70
     1
  0
3DFACE
  5
377
330
332
100
AcDbEntity
  8
3T_BAR
100
AcDbFace
 10
-329.8876419754551
 20
56.44126187745857
 30
907.2679621884894
 11
-333.709035383422
 21
56.44126187745857
 31
812.6309451712311
 12
-333.709035383422
 22
80.44126187745854
 32
812.6309451712311
 13
-329.8876419754551
 23
56.44126187745857
 33
907.2679621884894
 70
     4
  0
3DFACE
  5
378
330
332
100
AcDbEntity
  8
3T_BAR
100
AcDbFace
 10
-329.8876419754551
 20
56.44126187745857
 30
907.2679621884894
 11
-333.709035383422
 21
80.44126187745854
 31
812.6309451712311
 12
-329.8876419754551
 22
80.44126187745858
 32
907.2679621884894
 13
-329.8876419754551
 23
56.44126187745857
 33
907.2679621884894
 70
     1
  0
3DFACE
  5
379
330
332
100
AcDbEntity
  8
3T_BAR
100
AcDbFace
 10
-333.709035383422
 20
80.44126187745854
 30
812.6309451712311
 11
-333.709035383422
 21
56.44126187745856
 31
812.6309451712311
 12
-348.4486928292348
 22
56.44126187745857
 32
812.6309451712311
 13
-333.709035383422
 23
80.44126187745854
 33
812.6309451712311
 70
     4
  0
3DFACE
  5
37A
330
332
100
AcDbEntity
  8
3T_BAR
100
AcDbFace
 10
-333.709035383422
 20
80.44126187745854
 30
812.6309451712311
 11
-348.4486928292348
 21
56.44126187745857
 31
812.6309451712311
 12
-348.4486928292348
 22
80.44126187745854
 32
812.6309451712311
 13
-333.709035383422
 23
80.44126187745854
 33
812.6309451712311
 70
     1
  0
3DFACE
  5
37B
330
332
100
AcDbEntity
  8
3T_BAR
100
AcDbFace
 10
-348.4486928292348
 20
80.44126187745854
 30
812.6309451712311
 11
-348.4486928292348
 21
56.44126187745856
 31
812.6309451712311
 12
-351.724170051146
 22
56.44126187745857
 32
907.2679621884894
 13
-348.4486928292348
 23
80.44126187745854
 33
812.6309451712311
 70
     4
  0
3DFACE
  5
37C
330
332
100
AcDbEntity
  8
3T_BAR
100
AcDbFace
 10
-348.4486928292348
 20
80.44126187745854
 30
812.6309451712311
 11
-351.724170051146
 21
56.44126187745857
 31
907.2679621884894
 12
-351.724170051146
 22
80.44126187745858
 32
907.2679621884894
 13
-348.4486928292348
 23
80.44126187745854
 33
812.6309451712311
 70
     1
  0
3DFACE
  5
37D
330
332
100
AcDbEntity
  8
3T_BAR
100
AcDbFace
 10
-348.4486928292348
 20
80.44126187745854
 30
812.6309451712311
 11
-351.7241700511461
 21
80.44126187745858
 31
907.2679621884894
 12
-346.1431084054609
 22
80.44126187745858
 32
918.0766584484265
 13
-348.4486928292348
 23
80.44126187745854
 33
812.6309451712311
 70
     6
  0
3DFACE
  5
37E
330
332
100
AcDbEntity
  8
3T_BAR
100
AcDbFace
 10
-348.4486928292348
 20
80.44126187745854
 30
812.6309451712311
 11
-346.1431084054609
 21
80.44126187745858
 31
918.0766584484265
 12
-340.8059060133006
 22
80.44126187745858
 32
919.7303575806076
 13
-348.4486928292348
 23
80.44126187745854
 33
812.6309451712311
 70
     5
  0
3DFACE
  5
37F
330
332
100
AcDbEntity
  8
3T_BAR
100
AcDbFace
 10
-348.4486928292348
 20
80.44126187745854
 30
812.6309451712311
 11
-340.8059060133006
 21
80.44126187745858
 31
919.7303575806076
 12
-333.709035383422
 22
80.44126187745854
 32
812.6309451712311
 13
-348.4486928292348
 23
80.44126187745854
 33
812.6309451712311
 70
     3
  0
3DFACE
  5
380
330
332
100
AcDbEntity
  8
3T_BAR
100
AcDbFace
 10
-351.7241700511461
 20
80.44126187745858
 30
907.2679621884894
 11
-350.1203418156404
 21
80.44126187745858
 31
913.5369390248449
 12
-346.1431084054609
 22
80.44126187745858
 32
918.0766584484265
 13
-351.7241700511461
 23
80.44126187745858
 33
907.2679621884894
 70
     4
  0
3DFACE
  5
381
330
332
100
AcDbEntity
  8
3T_BAR
100
AcDbFace
 10
-340.8059060133006
 20
80.44126187745858
 30
919.7303575806076
 11
-335.4687036211402
 21
80.44126187745858
 31
918.0766584484265
 12
-333.709035383422
 22
80.44126187745854
 32
812.6309451712311
 13
-340.8059060133006
 23
80.44126187745858
 33
919.7303575806076
 70
     6
  0
3DFACE
  5
382
330
332
100
AcDbEntity
  8
3T_BAR
100
AcDbFace
 10
-335.4687036211402
 20
80.44126187745858
 30
918.0766584484265
 11
-331.4914702109608
 21
80.44126187745858
 31
913.5369390248449
 12
-329.8876419754551
 22
80.44126187745858
 32
907.2679621884894
 13
-335.4687036211402
 23
80.44126187745858
 33
918.0766584484265
 70
     4
  0
3DFACE
  5
383
330
332
100
AcDbEntity
  8
3T_BAR
100
AcDbFace
 10
-335.4687036211402
 20
80.44126187745858
 30
918.0766584484265
 11
-329.8876419754551
 21
80.44126187745858
 31
907.2679621884894
 12
-333.709035383422
 22
80.44126187745854
 32
812.6309451712311
 13
-335.4687036211402
 23
80.44126187745858
 33
918.0766584484265
 70
     5
  0
3DFACE
  5
384
330
332
100
AcDbEntity
  8
3T_BAR
100
AcDbFace
 10
-329.8876419754551
 20
56.44126187745857
 30
907.2679621884894
 11
-331.4914702109608
 21
56.44126187745857
 31
913.5369390248449
 12
-335.4687036211402
 22
56.44126187745857
 32
918.0766584484265
 13
-329.8876419754551
 23
56.44126187745857
 33
907.2679621884894
 70
     4
  0
3DFACE
  5
385
330
332
100
AcDbEntity
  8
3T_BAR
100
AcDbFace
 10
-329.8876419754551
 20
56.44126187745857
 30
907.2679621884894
 11
-335.4687036211402
 21
56.44126187745857
 31
918.0766584484265
 12
-333.709035383422
 22
56.44126187745857
 32
812.6309451712311
 13
-329.8876419754551
 23
56.44126187745857
 33
907.2679621884894
 70
     3
  0
3DFACE
  5
386
330
332
100
AcDbEntity
  8
3T_BAR
100
AcDbFace
 10
-333.709035383422
 20
56.44126187745857
 30
812.6309451712311
 11
-335.4687036211402
 21
56.44126187745857
 31
918.0766584484265
 12
-340.8059060133006
 22
56.44126187745857
 32
919.7303575806076
 13
-333.709035383422
 23
56.44126187745857
 33
812.6309451712311
 70
     5
  0
3DFACE
  5
387
330
332
100
AcDbEntity
  8
3T_BAR
100
AcDbFace
 10
-333.709035383422
 20
56.44126187745857
 30
812.6309451712311
 11
-340.8059060133006
 21
56.44126187745857
 31
919.7303575806076
 12
-348.4486928292348
 22
56.44126187745857
 32
812.6309451712311
 13
-333.709035383422
 23
56.44126187745857
 33
812.6309451712311
 70
     3
  0
3DFACE
  5
388
330
332
100
AcDbEntity
  8
3T_BAR
100
AcDbFace
 10
-340.8059060133006
 20
56.44126187745857
 30
919.7303575806076
 11
-346.1431084054609
 21
56.44126187745857
 31
918.0766584484265
 12
-348.4486928292348
 22
56.44126187745857
 32
812.6309451712311
 13
-340.8059060133006
 23
56.44126187745857
 33
919.7303575806076
 70
     6
  0
3DFACE
  5
389
330
332
100
AcDbEntity
  8
3T_BAR
100
AcDbFace
 10
-346.1431084054609
 20
56.44126187745857
 30
918.0766584484265
 11
-350.1203418156404
 21
56.44126187745857
 31
913.5369390248449
 12
-351.724170051146
 22
56.44126187745857
 32
907.2679621884894
 13
-346.1431084054609
 23
56.44126187745857
 33
918.0766584484265
 70
     4
  0
3DFACE
  5
38A
330
332
100
AcDbEntity
  8
3T_BAR
100
AcDbFace
 10
-346.1431084054609
 20
56.44126187745857
 30
918.0766584484265
 11
-351.724170051146
 21
56.44126187745857
 31
907.2679621884894
 12
-348.4486928292348
 22
56.44126187745857
 32
812.6309451712311
 13
-346.1431084054609
 23
56.44126187745857
 33
918.0766584484265
 70
     5
  0
3DFACE
  5
38C
330
332
100
AcDbEntity
  8
3T_WOOD
100
AcDbFace
 10
409.405851520077
 20
10.0
 30
2055.56275091877
 11
-411.0232818317192
 21
10.0
 31
2055.56275091877
 12
-411.0232818317192
 22
10.0
 32
1.214918879440119
 13
409.405851520077
 23
10.0
 33
1.214918879440119
  0
ENDBLK
  5
38E
330
332
100
AcDbEntity
  8
0
100
AcDbBlockEnd
  0
BLOCK
  5
392
330
391
100
AcDbEntity
  8
0
 62
     2
100
AcDbBlockBegin
  2
_ClosedBlank
 70
     0
 10
0.0
 20
0.0
 30
0.0
  3
_ClosedBlank
  1

  0
LINE
  5
393
330
391
100
AcDbEntity
  8
0
  6
ByBlock
 62
     0
370
    -2
100
AcDbLine
 10
-1.0
 20
0.1666666666666666
 30
0.0
 11
0.0
 21
0.0
 31
0.0
  0
LINE
  5
394
330
391
100
AcDbEntity
  8
0
  6
ByBlock
 62
     0
370
    -2
100
AcDbLine
 10
0.0
 20
0.0
 30
0.0
 11
-1.0
 21
-0.1666666666666666
 31
0.0
  0
LINE
  5
395
330
391
100
AcDbEntity
  8
0
  6
ByBlock
 62
     0
370
    -2
100
AcDbLine
 10
-1.0
 20
0.1666666666666666
 30
0.0
 11
-1.0
 21
-0.1666666666666666
 31
0.0
  0
ENDBLK
  5
396
330
391
100
AcDbEntity
  8
0
 62
     2
100
AcDbBlockEnd
  0
BLOCK
  5
3A6
330
398
100
AcDbEntity
  8
0
100
AcDbBlockBegin
  2
$DorLib2D$00000225
 70
     0
 10
0.0
 20
0.0
 30
0.0
  3
$DorLib2D$00000225
  1

  0
ARC
  5
39A
330
398
100
AcDbEntity
  8
0
 62
     0
100
AcDbCircle
 10
0.5046168020419071
 20
-0.0019208093578129
 30
0.0
 40
0.7546247204382253
100
AcDbArc
 50
92.24926861260724
 51
179.7237749158362
  0
ARC
  5
39B
330
398
100
AcDbEntity
  8
0
 62
     0
100
AcDbCircle
 10
-0.50079081205425
 20
0.0025725639174823
 30
0.0
 40
0.2507930763238999
100
AcDbArc
 50
359.7898704778746
 51
84.09743784757413
  0
LINE
  5
39C
330
398
100
AcDbEntity
  8
0
 62
     0
100
AcDbLine
 10
0.4750000000000032
 20
-0.0014478852985498
 30
0.0
 11
0.4750000000000032
 21
0.7521225008925328
 31
0.0
  0
LINE
  5
39D
330
398
100
AcDbEntity
  8
0
 62
     0
100
AcDbLine
 10
-0.4749999999999997
 20
-0.0000000000000036
 30
0.0
 11
-0.4750000000000015
 21
0.252035990386009
 31
0.0
  0
LINE
  5
39E
330
398
100
AcDbEntity
  8
0
 62
     0
100
AcDbLine
 10
-0.4999999999999983
 20
-0.0000000000000036
 30
0.0
 11
-0.5
 21
0.252035990386009
 31
0.0
  0
LINE
  5
39F
330
398
100
AcDbEntity
  8
0
 62
     0
100
AcDbLine
 10
0.5000000000000036
 20
-0.0014478852985498
 30
0.0
 11
0.5000000000000036
 21
0.7521225008925363
 31
0.0
  0
LINE
  5
3A0
330
398
100
AcDbEntity
  8
0
 62
     0
100
AcDbLine
 10
0.4750000000000032
 20
-0.0014478852985498
 30
0.0
 11
0.4999999999999929
 21
-0.0014478852985498
 31
0.0
  0
LINE
  5
3A1
330
398
100
AcDbEntity
  8
0
 62
     0
100
AcDbLine
 10
-0.4749999999999997
 20
-0.0000000000000036
 30
0.0
 11
-0.4999999999999947
 21
-0.0000000000000036
 31
0.0
  0
LINE
  5
3A2
330
398
100
AcDbEntity
  8
0
 62
     0
100
AcDbLine
 10
0.4750000000000032
 20
0.7521225008925328
 30
0.0
 11
0.5000000000000036
 21
0.7521225008925363
 31
0.0
  0
LINE
  5
3A3
330
398
100
AcDbEntity
  8
0
 62
     0
100
AcDbLine
 10
-0.4750000000000015
 20
0.252035990386009
 30
0.0
 11
-0.5
 21
0.252035990386009
 31
0.0
  0
ENDBLK
  5
3A7
330
398
100
AcDbEntity
  8
0
100
AcDbBlockEnd
  0
BLOCK
  5
3B0
330
3A9
100
AcDbEntity
  8
0
100
AcDbBlockBegin
  2
$DorLib2D$00000001
 70
     0
 10
0.0
 20
0.0
 30
0.0
  3
$DorLib2D$00000001
  1

  0
LINE
  5
3AA
330
3A9
100
AcDbEntity
  8
0
100
AcDbLine
 10
0.45
 20
0.975
 30
0.0
 11
0.5000000000000002
 21
0.975
 31
0.0
  0
LINE
  5
3AB
330
3A9
100
AcDbEntity
  8
0
100
AcDbLine
 10
0.5
 20
0.0
 30
0.0
 11
0.45
 21
0.0
 31
0.0
  0
ARC
  5
3AC
330
3A9
100
AcDbEntity
  8
0
370
    13
100
AcDbCircle
 10
0.475
 20
0.0
 30
0.0
 40
0.975
100
AcDbArc
 50
91.46928358135381
 51
180.0
  0
LINE
  5
3AD
330
3A9
100
AcDbEntity
  8
0
100
AcDbLine
 10
0.5
 20
0.0
 30
0.0
 11
0.5
 21
0.975
 31
0.0
  0
LINE
  5
3AE
330
3A9
100
AcDbEntity
  8
0
100
AcDbLine
 10
0.45
 20
0.0
 30
0.0
 11
0.45
 21
0.975
 31
0.0
  0
ENDBLK
  5
3B1
330
3A9
100
AcDbEntity
  8
0
100
AcDbBlockEnd
  0
BLOCK
  5
3CB
330
3C4
100
AcDbEntity
  8
0
100
AcDbBlockBegin
  2
$TCHSYS$WIN2D
 70
     0
 10
0.0
 20
0.0
 30
0.0
  3
$TCHSYS$WIN2D
  1

  0
LINE
  5
3C5
330
3C4
100
AcDbEntity
  8
0
100
AcDbLine
 10
-0.5
 20
0.5
 30
0.0
 11
0.5
 21
0.5
 31
0.0
  0
LINE
  5
3C6
330
3C4
100
AcDbEntity
  8
0
100
AcDbLine
 10
-0.5
 20
-0.5
 30
0.0
 11
0.5
 21
-0.5
 31
0.0
  0
LINE
  5
3C7
330
3C4
100
AcDbEntity
  8
0
100
AcDbLine
 10
0.5
 20
-0.1666666666666667
 30
0.0
 11
-0.5
 21
-0.1666666666666667
 31
0.0
  0
LINE
  5
3C8
330
3C4
100
AcDbEntity
  8
0
100
AcDbLine
 10
0.5
 20
0.1666666666666666
 30
0.0
 11
-0.5
 21
0.1666666666666666
 31
0.0
  0
LINE
  5
3C9
330
3C4
100
AcDbEntity
  8
0
100
AcDbLine
 10
-0.5
 20
0.5
 30
0.0
 11
-0.5
 21
-0.5
 31
0.0
  0
LINE
  5
3CA
330
3C4
100
AcDbEntity
  8
0
100
AcDbLine
 10
0.5
 20
0.5
 30
0.0
 11
0.4999999999999999
 21
-0.5
 31
0.0
  0
ENDBLK
  5
3CC
330
3C4
100
AcDbEntity
  8
0
100
AcDbBlockEnd
  0
BLOCK
  5
3FB
330
3CD
100
AcDbEntity
  8
0
100
AcDbBlockBegin
  2
$TCHSYS$WIN3D
 70
     0
 10
0.0
 20
0.0
 30
0.0
  3
$TCHSYS$WIN3D
  1

  0
3DFACE
  5
3CE
330
3CD
100
AcDbEntity
  8
3T_BAR
100
AcDbFace
 10
580.0
 20
25.0
 30
1780.0
 11
530.0
 21
25.0
 31
1720.0
 12
50.0
 22
25.0
 32
1720.0
 13
0.0
 23
25.0
 33
1780.0
 70
     5
  0
3DFACE
  5
3CF
330
3CD
100
AcDbEntity
  8
3T_BAR
100
AcDbFace
 10
50.0
 20
-25.0
 30
1720.0
 11
530.0
 21
-25.0
 31
1720.0
 12
580.0
 22
-25.0
 32
1780.0
 13
0.0
 23
-25.0
 33
1780.0
 70
    10
  0
3DFACE
  5
3D0
330
3CD
100
AcDbEntity
  8
3T_BAR
100
AcDbFace
 10
600.0
 20
25.0
 30
1800.0
 11
580.0
 21
25.0
 31
1780.0
 12
-580.0
 22
25.0
 32
1780.0
 13
-600.0
 23
25.0
 33
1800.0
 70
     5
  0
3DFACE
  5
3D1
330
3CD
100
AcDbEntity
  8
3T_BAR
100
AcDbFace
 10
-580.0
 20
-25.0
 30
1780.0
 11
580.0
 21
-25.0
 31
1780.0
 12
600.0
 22
-25.0
 32
1800.0
 13
-600.0
 23
-25.0
 33
1800.0
 70
    10
  0
3DFACE
  5
3D2
330
3CD
100
AcDbEntity
  8
3T_BAR
100
AcDbFace
 10
-580.0
 20
-25.0
 30
1780.0
 11
-580.0
 21
25.0
 31
1780.0
 12
580.0
 22
25.0
 32
1780.0
 13
580.0
 23
-25.0
 33
1780.0
  0
3DFACE
  5
3D3
330
3CD
100
AcDbEntity
  8
3T_BAR
100
AcDbFace
 10
0.0
 20
25.0
 30
19.99999999999988
 11
50.0
 21
25.0
 31
80.00000000000012
 12
530.0
 22
25.0
 32
80.00000000000012
 13
580.0
 23
25.0
 33
19.99999999999988
 70
     5
  0
3DFACE
  5
3D4
330
3CD
100
AcDbEntity
  8
3T_BAR
100
AcDbFace
 10
0.0
 20
-25.0
 30
19.99999999999988
 11
580.0
 21
-25.0
 31
19.99999999999988
 12
530.0
 22
-25.0
 32
80.00000000000012
 13
50.0
 23
-25.0
 33
80.00000000000012
 70
    10
  0
3DFACE
  5
3D5
330
3CD
100
AcDbEntity
  8
3T_BAR
100
AcDbFace
 10
-600.0
 20
25.0
 30
0.0
 11
-580.0
 21
25.0
 31
19.99999999999988
 12
580.0
 22
25.0
 32
19.99999999999988
 13
600.0
 23
25.0
 33
0.0
 70
     5
  0
3DFACE
  5
3D6
330
3CD
100
AcDbEntity
  8
3T_BAR
100
AcDbFace
 10
-600.0
 20
-25.0
 30
0.0
 11
600.0
 21
-25.0
 31
0.0
 12
580.0
 22
-25.0
 32
19.99999999999988
 13
-580.0
 23
-25.0
 33
19.99999999999988
 70
    10
  0
3DFACE
  5
3D7
330
3CD
100
AcDbEntity
  8
3T_BAR
100
AcDbFace
 10
-580.0
 20
-25.0
 30
19.99999999999988
 11
580.0
 21
-25.0
 31
19.99999999999988
 12
580.0
 22
25.0
 32
19.99999999999988
 13
-580.0
 23
25.0
 33
19.99999999999988
  0
3DFACE
  5
3D8
330
3CD
100
AcDbEntity
  8
3T_BAR
100
AcDbFace
 10
0.0
 20
25.0
 30
1780.0
 11
50.0
 21
25.0
 31
1720.0
 12
50.0
 22
25.0
 32
80.00000000000012
 13
0.0
 23
25.0
 33
19.99999999999988
 70
     5
  0
3DFACE
  5
3D9
330
3CD
100
AcDbEntity
  8
3T_BAR
100
AcDbFace
 10
50.0
 20
-25.0
 30
80.00000000000012
 11
50.0
 21
-25.0
 31
1720.0
 12
0.0
 22
-25.0
 32
1780.0
 13
0.0
 23
-25.0
 33
19.99999999999988
 70
    10
  0
3DFACE
  5
3DA
330
3CD
100
AcDbEntity
  8
3T_GLASS
100
AcDbFace
 10
-529.3409588699785
 20
-15.0
 30
39.85507021644025
 11
-529.3409588699785
 21
-15.0
 31
1701.395767951701
 12
530.6952744597106
 22
-15.0
 32
1701.395767951701
 13
530.6952744597106
 23
-15.0
 33
39.85507021644025
  0
3DFACE
  5
3DB
330
3CD
100
AcDbEntity
  8
3T_BAR
100
AcDbFace
 10
-530.0
 20
-25.0
 30
1720.0
 11
-530.0
 21
25.0
 31
1720.0
 12
-50.0
 22
25.0
 32
1720.0
 13
-50.0
 23
-25.0
 33
1720.0
  0
3DFACE
  5
3DC
330
3CD
100
AcDbEntity
  8
3T_BAR
100
AcDbFace
 10
-530.0
 20
-25.0
 30
80.00000000000012
 11
-50.0
 21
-25.0
 31
80.00000000000012
 12
-50.0
 22
25.0
 32
80.00000000000012
 13
-530.0
 23
25.0
 33
80.00000000000012
  0
LINE
  5
3DD
330
3CD
100
AcDbEntity
  8
3T_BAR
100
AcDbLine
 10
-600.0
 20
0.5
 30
0.0
 11
-600.0
 21
-0.5
 31
0.0
  0
3DFACE
  5
3DE
330
3CD
100
AcDbEntity
  8
3T_BAR
100
AcDbFace
 10
0.0
 20
25.0
 30
19.99999999999988
 11
0.0
 21
-25.0
 31
19.99999999999988
 12
0.0
 22
-25.0
 32
1780.0
 13
0.0
 23
25.0
 33
1780.0
  0
3DFACE
  5
3DF
330
3CD
100
AcDbEntity
  8
3T_BAR
100
AcDbFace
 10
0.0
 20
-25.0
 30
19.99999999999988
 11
0.0
 21
25.0
 31
19.99999999999988
 12
0.0
 22
25.0
 32
1780.0
 13
0.0
 23
-25.0
 33
1780.0
  0
3DFACE
  5
3E0
330
3CD
100
AcDbEntity
  8
3T_BAR
100
AcDbFace
 10
-580.0
 20
25.0
 30
19.99999999999988
 11
-580.0
 21
-25.0
 31
19.99999999999988
 12
-580.0
 22
-25.0
 32
1780.0
 13
-580.0
 23
25.0
 33
1780.0
  0
3DFACE
  5
3E1
330
3CD
100
AcDbEntity
  8
3T_BAR
100
AcDbFace
 10
-50.0
 20
-25.0
 30
80.00000000000012
 11
-50.0
 21
-25.0
 31
1720.0
 12
-50.0
 22
25.0
 32
1720.0
 13
-50.0
 23
25.0
 33
80.00000000000012
  0
3DFACE
  5
3E2
330
3CD
100
AcDbEntity
  8
3T_BAR
100
AcDbFace
 10
-530.0
 20
-25.0
 30
80.00000000000012
 11
-530.0
 21
25.0
 31
80.00000000000012
 12
-530.0
 22
25.0
 32
1720.0
 13
-530.0
 23
-25.0
 33
1720.0
  0
3DFACE
  5
3E3
330
3CD
100
AcDbEntity
  8
3T_BAR
100
AcDbFace
 10
-600.0
 20
25.0
 30
0.0
 11
-600.0
 21
-25.0
 31
0.0
 12
-600.0
 22
-25.0
 32
1800.0
 13
-600.0
 23
25.0
 33
1800.0
  0
3DFACE
  5
3E4
330
3CD
100
AcDbEntity
  8
3T_BAR
100
AcDbFace
 10
-580.0
 20
-25.0
 30
19.99999999999988
 11
-580.0
 21
25.0
 31
19.99999999999988
 12
-580.0
 22
25.0
 32
1780.0
 13
-580.0
 23
-25.0
 33
1780.0
  0
3DFACE
  5
3E5
330
3CD
100
AcDbEntity
  8
3T_BAR
100
AcDbFace
 10
-530.0
 20
-25.0
 30
80.00000000000012
 11
-530.0
 21
-25.0
 31
1720.0
 12
-580.0
 22
-25.0
 32
1780.0
 13
-580.0
 23
-25.0
 33
19.99999999999988
 70
    10
  0
3DFACE
  5
3E6
330
3CD
100
AcDbEntity
  8
3T_BAR
100
AcDbFace
 10
0.0
 20
-25.0
 30
19.99999999999988
 11
0.0
 21
-25.0
 31
1780.0
 12
-50.0
 22
-25.0
 32
1720.0
 13
-50.0
 23
-25.0
 33
80.00000000000012
 70
    10
  0
3DFACE
  5
3E7
330
3CD
100
AcDbEntity
  8
3T_BAR
100
AcDbFace
 10
-580.0
 20
-25.0
 30
19.99999999999988
 11
-580.0
 21
-25.0
 31
1780.0
 12
-600.0
 22
-25.0
 32
1800.0
 13
-600.0
 23
-25.0
 33
0.0
 70
    10
  0
3DFACE
  5
3E8
330
3CD
100
AcDbEntity
  8
3T_BAR
100
AcDbFace
 10
-580.0
 20
-25.0
 30
19.99999999999988
 11
0.0
 21
-25.0
 31
19.99999999999988
 12
-50.0
 22
-25.0
 32
80.00000000000012
 13
-530.0
 23
-25.0
 33
80.00000000000012
 70
    10
  0
3DFACE
  5
3E9
330
3CD
100
AcDbEntity
  8
3T_BAR
100
AcDbFace
 10
-530.0
 20
-25.0
 30
1720.0
 11
-50.0
 21
-25.0
 31
1720.0
 12
0.0
 22
-25.0
 32
1780.0
 13
-580.0
 23
-25.0
 33
1780.0
 70
    10
  0
3DFACE
  5
3EA
330
3CD
100
AcDbEntity
  8
3T_BAR
100
AcDbFace
 10
-580.0
 20
25.0
 30
1780.0
 11
-530.0
 21
25.0
 31
1720.0
 12
-530.0
 22
25.0
 32
80.00000000000012
 13
-580.0
 23
25.0
 33
19.99999999999988
 70
     5
  0
3DFACE
  5
3EB
330
3CD
100
AcDbEntity
  8
3T_BAR
100
AcDbFace
 10
0.0
 20
25.0
 30
19.99999999999988
 11
-50.0
 21
25.0
 31
80.00000000000012
 12
-50.0
 22
25.0
 32
1720.0
 13
0.0
 23
25.0
 33
1780.0
 70
     5
  0
3DFACE
  5
3EC
330
3CD
100
AcDbEntity
  8
3T_BAR
100
AcDbFace
 10
-600.0
 20
25.0
 30
1800.0
 11
-580.0
 21
25.0
 31
1780.0
 12
-580.0
 22
25.0
 32
19.99999999999988
 13
-600.0
 23
25.0
 33
0.0
 70
     5
  0
3DFACE
  5
3ED
330
3CD
100
AcDbEntity
  8
3T_BAR
100
AcDbFace
 10
-580.0
 20
25.0
 30
19.99999999999988
 11
-530.0
 21
25.0
 31
80.00000000000012
 12
-50.0
 22
25.0
 32
80.00000000000012
 13
0.0
 23
25.0
 33
19.99999999999988
 70
     5
  0
3DFACE
  5
3EE
330
3CD
100
AcDbEntity
  8
3T_BAR
100
AcDbFace
 10
0.0
 20
25.0
 30
1780.0
 11
-50.0
 21
25.0
 31
1720.0
 12
-530.0
 22
25.0
 32
1720.0
 13
-580.0
 23
25.0
 33
1780.0
 70
     5
  0
3DFACE
  5
3EF
330
3CD
100
AcDbEntity
  8
3T_BAR
100
AcDbFace
 10
50.0
 20
-25.0
 30
1720.0
 11
50.0
 21
25.0
 31
1720.0
 12
530.0
 22
25.0
 32
1720.0
 13
530.0
 23
-25.0
 33
1720.0
  0
3DFACE
  5
3F0
330
3CD
100
AcDbEntity
  8
3T_BAR
100
AcDbFace
 10
50.0
 20
-25.0
 30
80.00000000000012
 11
530.0
 21
-25.0
 31
80.00000000000012
 12
530.0
 22
25.0
 32
80.00000000000012
 13
50.0
 23
25.0
 33
80.00000000000012
  0
3DFACE
  5
3F1
330
3CD
100
AcDbEntity
  8
3T_BAR
100
AcDbFace
 10
580.0
 20
-25.0
 30
19.99999999999988
 11
580.0
 21
25.0
 31
19.99999999999988
 12
580.0
 22
25.0
 32
1780.0
 13
580.0
 23
-25.0
 33
1780.0
  0
3DFACE
  5
3F2
330
3CD
100
AcDbEntity
  8
3T_BAR
100
AcDbFace
 10
530.0
 20
-25.0
 30
80.00000000000012
 11
530.0
 21
-25.0
 31
1720.0
 12
530.0
 22
25.0
 32
1720.0
 13
530.0
 23
25.0
 33
80.00000000000012
  0
3DFACE
  5
3F3
330
3CD
100
AcDbEntity
  8
3T_BAR
100
AcDbFace
 10
50.0
 20
-25.0
 30
80.00000000000012
 11
50.0
 21
25.0
 31
80.00000000000012
 12
50.0
 22
25.0
 32
1720.0
 13
50.0
 23
-25.0
 33
1720.0
  0
3DFACE
  5
3F4
330
3CD
100
AcDbEntity
  8
3T_BAR
100
AcDbFace
 10
600.0
 20
-25.0
 30
0.0
 11
600.0
 21
25.0
 31
0.0
 12
600.0
 22
25.0
 32
1800.0
 13
600.0
 23
-25.0
 33
1800.0
  0
3DFACE
  5
3F5
330
3CD
100
AcDbEntity
  8
3T_BAR
100
AcDbFace
 10
580.0
 20
-25.0
 30
19.99999999999988
 11
580.0
 21
-25.0
 31
1780.0
 12
580.0
 22
25.0
 32
1780.0
 13
580.0
 23
25.0
 33
19.99999999999988
  0
3DFACE
  5
3F6
330
3CD
100
AcDbEntity
  8
3T_BAR
100
AcDbFace
 10
580.0
 20
-25.0
 30
19.99999999999988
 11
580.0
 21
-25.0
 31
1780.0
 12
530.0
 22
-25.0
 32
1720.0
 13
530.0
 23
-25.0
 33
80.00000000000012
 70
    10
  0
3DFACE
  5
3F7
330
3CD
100
AcDbEntity
  8
3T_BAR
100
AcDbFace
 10
600.0
 20
-25.0
 30
0.0
 11
600.0
 21
-25.0
 31
1800.0
 12
580.0
 22
-25.0
 32
1780.0
 13
580.0
 23
-25.0
 33
19.99999999999988
 70
    10
  0
3DFACE
  5
3F8
330
3CD
100
AcDbEntity
  8
3T_BAR
100
AcDbFace
 10
580.0
 20
25.0
 30
19.99999999999988
 11
530.0
 21
25.0
 31
80.00000000000012
 12
530.0
 22
25.0
 32
1720.0
 13
580.0
 23
25.0
 33
1780.0
 70
     5
  0
3DFACE
  5
3F9
330
3CD
100
AcDbEntity
  8
3T_BAR
100
AcDbFace
 10
600.0
 20
25.0
 30
0.0
 11
580.0
 21
25.0
 31
19.99999999999988
 12
580.0
 22
25.0
 32
1780.0
 13
600.0
 23
25.0
 33
1800.0
 70
     5
  0
ENDBLK
  5
3FC
330
3CD
100
AcDbEntity
  8
0
100
AcDbBlockEnd
  0
BLOCK
  5
432
330
405
100
AcDbEntity
  8
0
100
AcDbBlockBegin
  2
$TCHSYS$WDOOR3D
 70
     0
 10
0.0
 20
0.0
 30
0.0
  3
$TCHSYS$WDOOR3D
  1

  0
3DFACE
  5
406
330
405
100
AcDbEntity
  8
3T_BAR
100
AcDbFace
 10
415.0
 20
80.0
 30
1000.0
 11
315.0
 21
80.0
 31
1000.0
 12
315.0
 22
80.0
 32
1250.0
 13
415.0
 23
80.0
 33
1250.0
  0
3DFACE
  5
407
330
405
100
AcDbEntity
  8
3T_BAR
100
AcDbFace
 10
-450.0
 20
40.0
 30
0.0
 11
-420.0
 21
40.0
 31
0.0
 12
-420.0
 22
40.0
 32
2070.0
 13
-450.0
 23
40.0
 33
2100.0
 70
     4
  0
3DFACE
  5
408
330
405
100
AcDbEntity
  8
3T_BAR
100
AcDbFace
 10
450.0
 20
40.0
 30
2100.0
 11
420.0
 21
40.0
 31
2070.0
 12
420.0
 22
40.0
 32
0.0
 13
450.0
 23
40.0
 33
0.0
 70
     1
  0
3DFACE
  5
409
330
405
100
AcDbEntity
  8
3T_BAR
100
AcDbFace
 10
-420.0
 20
40.0
 30
0.0
 11
-350.0
 21
40.0
 31
900.0
 12
-350.0
 22
40.0
 32
2000.0
 13
-420.0
 23
40.0
 33
2070.0
 70
     5
  0
3DFACE
  5
40A
330
405
100
AcDbEntity
  8
3T_BAR
100
AcDbFace
 10
420.0
 20
40.0
 30
2070.0
 11
350.0
 21
40.0
 31
2000.0
 12
350.0
 22
40.0
 32
900.0
 13
420.0
 23
40.0
 33
0.0
 70
     5
  0
3DFACE
  5
40B
330
405
100
AcDbEntity
  8
3T_BAR
100
AcDbFace
 10
420.0
 20
40.0
 30
0.0
 11
350.0
 21
40.0
 31
900.0
 12
-350.0
 22
40.0
 32
900.0
 13
-420.0
 23
40.0
 33
0.0
 70
     5
  0
3DFACE
  5
40C
330
405
100
AcDbEntity
  8
3T_BAR
100
AcDbFace
 10
350.0
 20
40.0
 30
900.0
 11
250.0
 21
40.0
 31
900.0
 12
250.0
 22
40.0
 32
70.0
 13
350.0
 23
40.0
 33
70.0
  0
3DFACE
  5
40D
330
405
100
AcDbEntity
  8
3T_BAR
100
AcDbFace
 10
250.0
 20
40.0
 30
900.0
 11
150.0
 21
40.0
 31
900.0
 12
150.0
 22
40.0
 32
70.0
 13
250.0
 23
40.0
 33
70.0
  0
3DFACE
  5
40E
330
405
100
AcDbEntity
  8
3T_BAR
100
AcDbFace
 10
150.0
 20
40.0
 30
900.0
 11
50.0
 21
40.0
 31
900.0
 12
50.0
 22
40.0
 32
70.0
 13
150.0
 23
40.0
 33
70.0
  0
3DFACE
  5
40F
330
405
100
AcDbEntity
  8
3T_BAR
100
AcDbFace
 10
50.0
 20
40.0
 30
900.0
 11
-50.0
 21
40.0
 31
900.0
 12
-50.0
 22
40.0
 32
70.0
 13
50.0
 23
40.0
 33
70.0
  0
3DFACE
  5
410
330
405
100
AcDbEntity
  8
3T_BAR
100
AcDbFace
 10
-50.0
 20
40.0
 30
900.0
 11
-150.0
 21
40.0
 31
900.0
 12
-150.0
 22
40.0
 32
70.0
 13
-50.0
 23
40.0
 33
70.0
  0
3DFACE
  5
411
330
405
100
AcDbEntity
  8
3T_BAR
100
AcDbFace
 10
-150.0
 20
40.0
 30
900.0
 11
-250.0
 21
40.0
 31
900.0
 12
-250.0
 22
40.0
 32
70.0
 13
-150.0
 23
40.0
 33
70.0
  0
3DFACE
  5
412
330
405
100
AcDbEntity
  8
3T_BAR
100
AcDbFace
 10
-250.0
 20
40.0
 30
900.0
 11
-350.0
 21
40.0
 31
900.0
 12
-350.0
 22
40.0
 32
70.0
 13
-250.0
 23
40.0
 33
70.0
  0
3DFACE
  5
413
330
405
100
AcDbEntity
  8
3T_BAR
100
AcDbFace
 10
-420.0
 20
40.0
 30
2070.0
 11
-350.0
 21
40.0
 31
2000.0
 12
350.0
 22
40.0
 32
2000.0
 13
420.0
 23
40.0
 33
2070.0
 70
     5
  0
3DFACE
  5
414
330
405
100
AcDbEntity
  8
3T_BAR
100
AcDbFace
 10
-450.0
 20
40.0
 30
2100.0
 11
-420.0
 21
40.0
 31
2070.0
 12
420.0
 22
40.0
 32
2070.0
 13
450.0
 23
40.0
 33
2100.0
 70
     5
  0
3DFACE
  5
415
330
405
100
AcDbEntity
  8
3T_BAR
100
AcDbFace
 10
415.0
 20
40.0
 30
1000.0
 11
415.0
 21
80.0
 31
1000.0
 12
415.0
 22
80.0
 32
1250.0
 13
415.0
 23
40.0
 33
1250.0
  0
3DFACE
  5
416
330
405
100
AcDbEntity
  8
3T_BAR
100
AcDbFace
 10
-450.0
 20
-40.0
 30
0.0
 11
-450.0
 21
-40.0
 31
2100.0
 12
-420.0
 22
-40.0
 32
2070.0
 13
-420.0
 23
-40.0
 33
0.0
 70
     2
  0
3DFACE
  5
417
330
405
100
AcDbEntity
  8
3T_BAR
100
AcDbFace
 10
420.0
 20
-40.0
 30
0.0
 11
420.0
 21
-40.0
 31
2070.0
 12
450.0
 22
-40.0
 32
2100.0
 13
450.0
 23
-40.0
 33
0.0
 70
     2
  0
3DFACE
  5
418
330
405
100
AcDbEntity
  8
3T_BAR
100
AcDbFace
 10
-420.0
 20
-40.0
 30
0.0
 11
-420.0
 21
-40.0
 31
2070.0
 12
-350.0
 22
-40.0
 32
2000.0
 13
-350.0
 23
-40.0
 33
900.0
 70
    10
  0
3DFACE
  5
419
330
405
100
AcDbEntity
  8
3T_BAR
100
AcDbFace
 10
350.0
 20
-40.0
 30
900.0
 11
350.0
 21
-40.0
 31
2000.0
 12
420.0
 22
-40.0
 32
2070.0
 13
420.0
 23
-40.0
 33
0.0
 70
    10
  0
3DFACE
  5
41A
330
405
100
AcDbEntity
  8
3T_BAR
100
AcDbFace
 10
420.0
 20
-40.0
 30
0.0
 11
-420.0
 21
-40.0
 31
0.0
 12
-350.0
 22
-40.0
 32
900.0
 13
350.0
 23
-40.0
 33
900.0
 70
    10
  0
3DFACE
  5
41B
330
405
100
AcDbEntity
  8
3T_BAR
100
AcDbFace
 10
350.0
 20
-40.0
 30
900.0
 11
250.0
 21
-40.0
 31
900.0
 12
250.0
 22
-40.0
 32
70.0
 13
350.0
 23
-40.0
 33
70.0
  0
3DFACE
  5
41C
330
405
100
AcDbEntity
  8
3T_BAR
100
AcDbFace
 10
250.0
 20
-40.0
 30
900.0
 11
150.0
 21
-40.0
 31
900.0
 12
150.0
 22
-40.0
 32
70.0
 13
250.0
 23
-40.0
 33
70.0
  0
3DFACE
  5
41D
330
405
100
AcDbEntity
  8
3T_BAR
100
AcDbFace
 10
150.0
 20
-40.0
 30
900.0
 11
50.0
 21
-40.0
 31
900.0
 12
50.0
 22
-40.0
 32
70.0
 13
150.0
 23
-40.0
 33
70.0
  0
3DFACE
  5
41E
330
405
100
AcDbEntity
  8
3T_BAR
100
AcDbFace
 10
50.0
 20
-40.0
 30
900.0
 11
-50.0
 21
-40.0
 31
900.0
 12
-50.0
 22
-40.0
 32
70.0
 13
50.0
 23
-40.0
 33
70.0
  0
3DFACE
  5
41F
330
405
100
AcDbEntity
  8
3T_BAR
100
AcDbFace
 10
-50.0
 20
-40.0
 30
900.0
 11
-150.0
 21
-40.0
 31
900.0
 12
-150.0
 22
-40.0
 32
70.0
 13
-50.0
 23
-40.0
 33
70.0
  0
3DFACE
  5
420
330
405
100
AcDbEntity
  8
3T_BAR
100
AcDbFace
 10
-150.0
 20
-40.0
 30
900.0
 11
-250.0
 21
-40.0
 31
900.0
 12
-250.0
 22
-40.0
 32
70.0
 13
-150.0
 23
-40.0
 33
70.0
  0
3DFACE
  5
421
330
405
100
AcDbEntity
  8
3T_BAR
100
AcDbFace
 10
-250.0
 20
-40.0
 30
900.0
 11
-350.0
 21
-40.0
 31
900.0
 12
-350.0
 22
-40.0
 32
70.0
 13
-250.0
 23
-40.0
 33
70.0
  0
3DFACE
  5
422
330
405
100
AcDbEntity
  8
3T_BAR
100
AcDbFace
 10
350.0
 20
-40.0
 30
2000.0
 11
-350.0
 21
-40.0
 31
2000.0
 12
-420.0
 22
-40.0
 32
2070.0
 13
420.0
 23
-40.0
 33
2070.0
 70
    10
  0
3DFACE
  5
423
330
405
100
AcDbEntity
  8
3T_BAR
100
AcDbFace
 10
420.0
 20
-40.0
 30
2070.0
 11
-420.0
 21
-40.0
 31
2070.0
 12
-450.0
 22
-40.0
 32
2100.0
 13
450.0
 23
-40.0
 33
2100.0
 70
    10
  0
3DFACE
  5
424
330
405
100
AcDbEntity
  8
3T_BAR
100
AcDbFace
 10
420.0
 20
-40.0
 30
0.0
 11
420.0
 21
40.0
 31
0.0
 12
420.0
 22
40.0
 32
2070.0
 13
420.0
 23
-40.0
 33
2070.0
  0
3DFACE
  5
425
330
405
100
AcDbEntity
  8
3T_BAR
100
AcDbFace
 10
-420.0
 20
-40.0
 30
0.0
 11
-420.0
 21
-40.0
 31
2070.0
 12
-420.0
 22
40.0
 32
2070.0
 13
-420.0
 23
40.0
 33
0.0
  0
3DFACE
  5
426
330
405
100
AcDbEntity
  8
3T_BAR
100
AcDbFace
 10
450.0
 20
40.0
 30
0.0
 11
450.0
 21
-40.0
 31
0.0
 12
450.0
 22
-40.0
 32
2100.0
 13
450.0
 23
40.0
 33
2100.0
  0
3DFACE
  5
427
330
405
100
AcDbEntity
  8
3T_BAR
100
AcDbFace
 10
-450.0
 20
-40.0
 30
0.0
 11
-450.0
 21
40.0
 31
0.0
 12
-450.0
 22
40.0
 32
2100.0
 13
-450.0
 23
-40.0
 33
2100.0
  0
3DFACE
  5
428
330
405
100
AcDbEntity
  8
3T_BAR
100
AcDbFace
 10
350.0
 20
-40.0
 30
900.0
 11
350.0
 21
40.0
 31
900.0
 12
350.0
 22
40.0
 32
2000.0
 13
350.0
 23
-40.0
 33
2000.0
  0
3DFACE
  5
429
330
405
100
AcDbEntity
  8
3T_BAR
100
AcDbFace
 10
-350.0
 20
-40.0
 30
900.0
 11
-350.0
 21
-40.0
 31
2000.0
 12
-350.0
 22
40.0
 32
2000.0
 13
-350.0
 23
40.0
 33
900.0
  0
3DFACE
  5
42A
330
405
100
AcDbEntity
  8
3T_BAR
100
AcDbFace
 10
420.0
 20
40.0
 30
0.0
 11
420.0
 21
-40.0
 31
0.0
 12
420.0
 22
-40.0
 32
2070.0
 13
420.0
 23
40.0
 33
2070.0
  0
3DFACE
  5
42B
330
405
100
AcDbEntity
  8
3T_BAR
100
AcDbFace
 10
-420.0
 20
-40.0
 30
0.0
 11
-420.0
 21
40.0
 31
0.0
 12
-420.0
 22
40.0
 32
2070.0
 13
-420.0
 23
-40.0
 33
2070.0
  0
3DFACE
  5
42C
330
405
100
AcDbEntity
  8
3T_BAR
100
AcDbFace
 10
350.0
 20
-40.0
 30
900.0
 11
-350.0
 21
-40.0
 31
900.0
 12
-350.0
 22
40.0
 32
900.0
 13
350.0
 23
40.0
 33
900.0
  0
3DFACE
  5
42D
330
405
100
AcDbEntity
  8
3T_BAR
100
AcDbFace
 10
350.0
 20
-40.0
 30
2000.0
 11
350.0
 21
40.0
 31
2000.0
 12
-350.0
 22
40.0
 32
2000.0
 13
-350.0
 23
-40.0
 33
2000.0
  0
3DFACE
  5
42E
330
405
100
AcDbEntity
  8
3T_BAR
100
AcDbFace
 10
420.0
 20
-40.0
 30
2070.0
 11
420.0
 21
40.0
 31
2070.0
 12
-420.0
 22
40.0
 32
2070.0
 13
-420.0
 23
-40.0
 33
2070.0
  0
3DFACE
  5
42F
330
405
100
AcDbEntity
  8
3T_BAR
100
AcDbFace
 10
415.0
 20
-80.0
 30
1000.0
 11
315.0
 21
-80.0
 31
1000.0
 12
315.0
 22
-80.0
 32
1250.0
 13
415.0
 23
-80.0
 33
1250.0
  0
3DFACE
  5
430
330
405
100
AcDbEntity
  8
3T_BAR
100
AcDbFace
 10
415.0
 20
-40.0
 30
1000.0
 11
415.0
 21
-80.0
 31
1000.0
 12
415.0
 22
-80.0
 32
1250.0
 13
415.0
 23
-40.0
 33
1250.0
  0
3DFACE
  5
431
330
405
100
AcDbEntity
  8
3T_GLASS
100
AcDbFace
 10
-361.4244226913688
 20
2.445210949923477
 30
2015.011543423232
 11
365.3744197615834
 21
2.445210949923477
 31
2015.011543423232
 12
365.3744197615834
 22
2.445210949923477
 32
882.2577052347288
 13
-365.3744197615815
 23
2.445210949923477
 33
882.2577052347288
  0
ENDBLK
  5
433
330
405
100
AcDbEntity
  8
0
100
AcDbBlockEnd
  0
BLOCK
  5
4E5
330
434
100
AcDbEntity
  8
0
100
AcDbBlockBegin
  2
$TCHSYS$DWIN3D
 70
     0
 10
0.0
 20
0.0
 30
0.0
  3
$TCHSYS$DWIN3D
  1

  0
POLYLINE
  5
435
330
434
100
AcDbEntity
  8
3T_BAR
100
AcDbPolyFaceMesh
 66
     1
 10
0.0
 20
0.0
 30
0.0
 70
    64
 71
    56
 72
   116
  0
VERTEX
  5
436
330
435
100
AcDbEntity
  8
3T_BAR
100
AcDbVertex
100
AcDbPolyFaceMeshVertex
 10
-750.0
 20
-30.388572
 30
0.0
 70
   192
  0
VERTEX
  5
437
330
435
100
AcDbEntity
  8
3T_BAR
100
AcDbVertex
100
AcDbPolyFaceMeshVertex
 10
-750.0
 20
-30.388259
 30
1800.0
 70
   192
  0
VERTEX
  5
438
330
435
100
AcDbEntity
  8
3T_BAR
100
AcDbVertex
100
AcDbPolyFaceMeshVertex
 10
750.0
 20
-30.388259
 30
1800.0
 70
   192
  0
VERTEX
  5
439
330
435
100
AcDbEntity
  8
3T_BAR
100
AcDbVertex
100
AcDbPolyFaceMeshVertex
 10
750.0
 20
-30.388572
 30
0.0
 70
   192
  0
VERTEX
  5
43A
330
435
100
AcDbEntity
  8
3T_BAR
100
AcDbVertex
100
AcDbPolyFaceMeshVertex
 10
-710.2851569999984
 20
-30.388565
 30
45.98828199999843
 70
   192
  0
VERTEX
  5
43B
330
435
100
AcDbEntity
  8
3T_BAR
100
AcDbVertex
100
AcDbPolyFaceMeshVertex
 10
-261.2246100000011
 20
-30.388565
 30
45.98828199999843
 70
   192
  0
VERTEX
  5
43C
330
435
100
AcDbEntity
  8
3T_BAR
100
AcDbVertex
100
AcDbPolyFaceMeshVertex
 10
-261.2246100000011
 20
-30.388266
 30
1760.015625
 70
   192
  0
VERTEX
  5
43D
330
435
100
AcDbEntity
  8
3T_BAR
100
AcDbVertex
100
AcDbPolyFaceMeshVertex
 10
-710.2851569999984
 20
-30.388266
 30
1760.015625
 70
   192
  0
VERTEX
  5
43E
330
435
100
AcDbEntity
  8
3T_BAR
100
AcDbVertex
100
AcDbPolyFaceMeshVertex
 10
710.285155999998
 20
-30.388565
 30
45.98828199999843
 70
   192
  0
VERTEX
  5
43F
330
435
100
AcDbEntity
  8
3T_BAR
100
AcDbVertex
100
AcDbPolyFaceMeshVertex
 10
710.285155999998
 20
-30.388266
 30
1760.015625
 70
   192
  0
VERTEX
  5
440
330
435
100
AcDbEntity
  8
3T_BAR
100
AcDbVertex
100
AcDbPolyFaceMeshVertex
 10
261.2246090000008
 20
-30.388266
 30
1760.015625
 70
   192
  0
VERTEX
  5
441
330
435
100
AcDbEntity
  8
3T_BAR
100
AcDbVertex
100
AcDbPolyFaceMeshVertex
 10
261.2246090000008
 20
-30.388565
 30
45.98828199999843
 70
   192
  0
VERTEX
  5
442
330
435
100
AcDbEntity
  8
3T_BAR
100
AcDbVertex
100
AcDbPolyFaceMeshVertex
 10
-211.2246100000011
 20
-30.38842
 30
876.3515630000037
 70
   192
  0
VERTEX
  5
443
330
435
100
AcDbEntity
  8
3T_BAR
100
AcDbVertex
100
AcDbPolyFaceMeshVertex
 10
-211.2246100000011
 20
-30.388565
 30
46.9453130000038
 70
   192
  0
VERTEX
  5
444
330
435
100
AcDbEntity
  8
3T_BAR
100
AcDbVertex
100
AcDbPolyFaceMeshVertex
 10
211.2246090000008
 20
-30.388565
 30
46.9453130000038
 70
   192
  0
VERTEX
  5
445
330
435
100
AcDbEntity
  8
3T_BAR
100
AcDbVertex
100
AcDbPolyFaceMeshVertex
 10
211.2246090000008
 20
-30.38842
 30
876.3515630000037
 70
   192
  0
VERTEX
  5
446
330
435
100
AcDbEntity
  8
3T_BAR
100
AcDbVertex
100
AcDbPolyFaceMeshVertex
 10
211.2246090000008
 20
-30.388266
 30
1759.058594000002
 70
   192
  0
VERTEX
  5
447
330
435
100
AcDbEntity
  8
3T_BAR
100
AcDbVertex
100
AcDbPolyFaceMeshVertex
 10
-211.2246100000011
 20
-30.388266
 30
1759.058594000002
 70
   192
  0
VERTEX
  5
448
330
435
100
AcDbEntity
  8
3T_BAR
100
AcDbVertex
100
AcDbPolyFaceMeshVertex
 10
-211.2246100000011
 20
-30.388412
 30
924.0078130000037
 70
   192
  0
VERTEX
  5
449
330
435
100
AcDbEntity
  8
3T_BAR
100
AcDbVertex
100
AcDbPolyFaceMeshVertex
 10
211.2246090000008
 20
-30.388412
 30
924.0078130000037
 70
   192
  0
VERTEX
  5
44A
330
435
100
AcDbEntity
  8
3T_BAR
100
AcDbVertex
100
AcDbPolyFaceMeshVertex
 10
-750.0
 20
30.38825500000001
 30
0.0
 70
   192
  0
VERTEX
  5
44B
330
435
100
AcDbEntity
  8
3T_BAR
100
AcDbVertex
100
AcDbPolyFaceMeshVertex
 10
-750.0
 20
30.388572
 30
1800.0
 70
   192
  0
VERTEX
  5
44C
330
435
100
AcDbEntity
  8
3T_BAR
100
AcDbVertex
100
AcDbPolyFaceMeshVertex
 10
750.0
 20
30.388572
 30
1800.0
 70
   192
  0
VERTEX
  5
44D
330
435
100
AcDbEntity
  8
3T_BAR
100
AcDbVertex
100
AcDbPolyFaceMeshVertex
 10
750.0
 20
30.38825500000001
 30
0.0
 70
   192
  0
VERTEX
  5
44E
330
435
100
AcDbEntity
  8
3T_BAR
100
AcDbVertex
100
AcDbPolyFaceMeshVertex
 10
-710.2851569999984
 20
30.388263
 30
45.98828199999843
 70
   192
  0
VERTEX
  5
44F
330
435
100
AcDbEntity
  8
3T_BAR
100
AcDbVertex
100
AcDbPolyFaceMeshVertex
 10
-261.2246100000011
 20
30.388263
 30
45.98828199999843
 70
   192
  0
VERTEX
  5
450
330
435
100
AcDbEntity
  8
3T_BAR
100
AcDbVertex
100
AcDbPolyFaceMeshVertex
 10
-261.2246100000011
 20
30.388564
 30
1760.015625
 70
   192
  0
VERTEX
  5
451
330
435
100
AcDbEntity
  8
3T_BAR
100
AcDbVertex
100
AcDbPolyFaceMeshVertex
 10
-710.2851569999984
 20
30.388564
 30
1760.015625
 70
   192
  0
VERTEX
  5
452
330
435
100
AcDbEntity
  8
3T_BAR
100
AcDbVertex
100
AcDbPolyFaceMeshVertex
 10
710.285155999998
 20
30.388263
 30
45.98828199999843
 70
   192
  0
VERTEX
  5
453
330
435
100
AcDbEntity
  8
3T_BAR
100
AcDbVertex
100
AcDbPolyFaceMeshVertex
 10
710.285155999998
 20
30.388564
 30
1760.015625
 70
   192
  0
VERTEX
  5
454
330
435
100
AcDbEntity
  8
3T_BAR
100
AcDbVertex
100
AcDbPolyFaceMeshVertex
 10
261.2246090000008
 20
30.388564
 30
1760.015625
 70
   192
  0
VERTEX
  5
455
330
435
100
AcDbEntity
  8
3T_BAR
100
AcDbVertex
100
AcDbPolyFaceMeshVertex
 10
261.2246090000008
 20
30.388263
 30
45.98828199999843
 70
   192
  0
VERTEX
  5
456
330
435
100
AcDbEntity
  8
3T_BAR
100
AcDbVertex
100
AcDbPolyFaceMeshVertex
 10
-211.2246100000011
 20
30.38840700000001
 30
876.3515630000037
 70
   192
  0
VERTEX
  5
457
330
435
100
AcDbEntity
  8
3T_BAR
100
AcDbVertex
100
AcDbPolyFaceMeshVertex
 10
-211.2246100000011
 20
30.388263
 30
46.9453130000038
 70
   192
  0
VERTEX
  5
458
330
435
100
AcDbEntity
  8
3T_BAR
100
AcDbVertex
100
AcDbPolyFaceMeshVertex
 10
211.2246090000008
 20
30.388263
 30
46.9453130000038
 70
   192
  0
VERTEX
  5
459
330
435
100
AcDbEntity
  8
3T_BAR
100
AcDbVertex
100
AcDbPolyFaceMeshVertex
 10
211.2246090000008
 20
30.38840700000001
 30
876.3515630000037
 70
   192
  0
VERTEX
  5
45A
330
435
100
AcDbEntity
  8
3T_BAR
100
AcDbVertex
100
AcDbPolyFaceMeshVertex
 10
211.2246090000008
 20
30.388564
 30
1759.058594000002
 70
   192
  0
VERTEX
  5
45B
330
435
100
AcDbEntity
  8
3T_BAR
100
AcDbVertex
100
AcDbPolyFaceMeshVertex
 10
-211.2246100000011
 20
30.388564
 30
1759.058594000002
 70
   192
  0
VERTEX
  5
45C
330
435
100
AcDbEntity
  8
3T_BAR
100
AcDbVertex
100
AcDbPolyFaceMeshVertex
 10
-211.2246100000011
 20
30.38841900000001
 30
924.0078130000037
 70
   192
  0
VERTEX
  5
45D
330
435
100
AcDbEntity
  8
3T_BAR
100
AcDbVertex
100
AcDbPolyFaceMeshVertex
 10
211.2246090000008
 20
30.38841900000001
 30
924.0078130000037
 70
   192
  0
VERTEX
  5
45E
330
435
100
AcDbEntity
  8
3T_BAR
100
AcDbVertex
100
AcDbPolyFaceMeshVertex
 10
261.2246090000008
 20
-21.320322
 30
888.5820319999984
 70
   192
  0
VERTEX
  5
45F
330
435
100
AcDbEntity
  8
3T_BAR
100
AcDbVertex
100
AcDbPolyFaceMeshVertex
 10
261.2246090000008
 20
-21.32032
 30
911.4179690000019
 70
   192
  0
VERTEX
  5
460
330
435
100
AcDbEntity
  8
3T_BAR
100
AcDbVertex
100
AcDbPolyFaceMeshVertex
 10
710.285155999998
 20
-21.32032
 30
911.4179690000019
 70
   192
  0
VERTEX
  5
461
330
435
100
AcDbEntity
  8
3T_BAR
100
AcDbVertex
100
AcDbPolyFaceMeshVertex
 10
710.285155999998
 20
-21.320322
 30
888.5820319999984
 70
   192
  0
VERTEX
  5
462
330
435
100
AcDbEntity
  8
3T_BAR
100
AcDbVertex
100
AcDbPolyFaceMeshVertex
 10
-261.2246100000011
 20
-21.32032
 30
911.4179690000019
 70
   192
  0
VERTEX
  5
463
330
435
100
AcDbEntity
  8
3T_BAR
100
AcDbVertex
100
AcDbPolyFaceMeshVertex
 10
-261.2246100000011
 20
-21.320322
 30
888.5820319999984
 70
   192
  0
VERTEX
  5
464
330
435
100
AcDbEntity
  8
3T_BAR
100
AcDbVertex
100
AcDbPolyFaceMeshVertex
 10
-710.2851569999984
 20
-21.320322
 30
888.5820319999984
 70
   192
  0
VERTEX
  5
465
330
435
100
AcDbEntity
  8
3T_BAR
100
AcDbVertex
100
AcDbPolyFaceMeshVertex
 10
-710.2851569999984
 20
-21.32032
 30
911.4179690000019
 70
   192
  0
VERTEX
  5
466
330
435
100
AcDbEntity
  8
3T_BAR
100
AcDbVertex
100
AcDbPolyFaceMeshVertex
 10
261.2246090000008
 20
19.27043
 30
888.5820319999984
 70
   192
  0
VERTEX
  5
467
330
435
100
AcDbEntity
  8
3T_BAR
100
AcDbVertex
100
AcDbPolyFaceMeshVertex
 10
261.2246090000008
 20
19.27043
 30
911.4179690000019
 70
   192
  0
VERTEX
  5
468
330
435
100
AcDbEntity
  8
3T_BAR
100
AcDbVertex
100
AcDbPolyFaceMeshVertex
 10
710.285155999998
 20
19.27043
 30
911.4179690000019
 70
   192
  0
VERTEX
  5
469
330
435
100
AcDbEntity
  8
3T_BAR
100
AcDbVertex
100
AcDbPolyFaceMeshVertex
 10
710.285155999998
 20
19.27043
 30
888.5820319999984
 70
   192
  0
VERTEX
  5
46A
330
435
100
AcDbEntity
  8
3T_BAR
100
AcDbVertex
100
AcDbPolyFaceMeshVertex
 10
-261.2246100000011
 20
19.27043
 30
911.4179690000019
 70
   192
  0
VERTEX
  5
46B
330
435
100
AcDbEntity
  8
3T_BAR
100
AcDbVertex
100
AcDbPolyFaceMeshVertex
 10
-261.2246100000011
 20
19.27043
 30
888.5820319999984
 70
   192
  0
VERTEX
  5
46C
330
435
100
AcDbEntity
  8
3T_BAR
100
AcDbVertex
100
AcDbPolyFaceMeshVertex
 10
-710.2851569999984
 20
19.27043
 30
888.5820319999984
 70
   192
  0
VERTEX
  5
46D
330
435
100
AcDbEntity
  8
3T_BAR
100
AcDbVertex
100
AcDbPolyFaceMeshVertex
 10
-710.2851569999984
 20
19.27043
 30
911.4179690000019
 70
   192
  0
VERTEX
  5
46E
330
435
100
AcDbEntity
  8
3T_BAR
100
AcDbFaceRecord
 10
0.0
 20
0.0
 30
0.0
 70
   128
 71
    18
 72
   -17
 73
    -2
  0
VERTEX
  5
46F
330
435
100
AcDbEntity
  8
3T_BAR
100
AcDbFaceRecord
 10
0.0
 20
0.0
 30
0.0
 70
   128
 71
     3
 72
    -2
 73
   -17
  0
VERTEX
  5
470
330
435
100
AcDbEntity
  8
3T_BAR
100
AcDbFaceRecord
 10
0.0
 20
0.0
 30
0.0
 70
   128
 71
    -1
 72
    15
 73
   -14
  0
VERTEX
  5
471
330
435
100
AcDbEntity
  8
3T_BAR
100
AcDbFaceRecord
 10
0.0
 20
0.0
 30
0.0
 70
   128
 71
   -15
 72
     1
 73
    -4
  0
VERTEX
  5
472
330
435
100
AcDbEntity
  8
3T_BAR
100
AcDbFaceRecord
 10
0.0
 20
0.0
 30
0.0
 70
   128
 71
    12
 72
   -11
 73
   -16
  0
VERTEX
  5
473
330
435
100
AcDbEntity
  8
3T_BAR
100
AcDbFaceRecord
 10
0.0
 20
0.0
 30
0.0
 70
   128
 71
   -12
 72
    16
 73
   -15
  0
VERTEX
  5
474
330
435
100
AcDbEntity
  8
3T_BAR
100
AcDbFaceRecord
 10
0.0
 20
0.0
 30
0.0
 70
   128
 71
    14
 72
   -13
 73
    -6
  0
VERTEX
  5
475
330
435
100
AcDbEntity
  8
3T_BAR
100
AcDbFaceRecord
 10
0.0
 20
0.0
 30
0.0
 70
   128
 71
     7
 72
    -6
 73
   -13
  0
VERTEX
  5
476
330
435
100
AcDbEntity
  8
3T_BAR
100
AcDbFaceRecord
 10
0.0
 20
0.0
 30
0.0
 70
   128
 71
    -1
 72
   -14
 73
    -6
  0
VERTEX
  5
477
330
435
100
AcDbEntity
  8
3T_BAR
100
AcDbFaceRecord
 10
0.0
 20
0.0
 30
0.0
 70
   128
 71
   -12
 72
   -15
 73
    -4
  0
VERTEX
  5
478
330
435
100
AcDbEntity
  8
3T_BAR
100
AcDbFaceRecord
 10
0.0
 20
0.0
 30
0.0
 70
   128
 71
     9
 72
   -12
 73
    -4
  0
VERTEX
  5
479
330
435
100
AcDbEntity
  8
3T_BAR
100
AcDbFaceRecord
 10
0.0
 20
0.0
 30
0.0
 70
   128
 71
    -1
 72
     6
 73
    -5
  0
VERTEX
  5
47A
330
435
100
AcDbEntity
  8
3T_BAR
100
AcDbFaceRecord
 10
0.0
 20
0.0
 30
0.0
 70
   128
 71
     2
 72
    -1
 73
    -5
  0
VERTEX
  5
47B
330
435
100
AcDbEntity
  8
3T_BAR
100
AcDbFaceRecord
 10
0.0
 20
0.0
 30
0.0
 70
   128
 71
    -2
 72
     5
 73
    -8
  0
VERTEX
  5
47C
330
435
100
AcDbEntity
  8
3T_BAR
100
AcDbFaceRecord
 10
0.0
 20
0.0
 30
0.0
 70
   128
 71
    -9
 72
     4
 73
    -3
  0
VERTEX
  5
47D
330
435
100
AcDbEntity
  8
3T_BAR
100
AcDbFaceRecord
 10
0.0
 20
0.0
 30
0.0
 70
   128
 71
    10
 72
    -9
 73
    -3
  0
VERTEX
  5
47E
330
435
100
AcDbEntity
  8
3T_BAR
100
AcDbFaceRecord
 10
0.0
 20
0.0
 30
0.0
 70
   128
 71
    11
 72
   -10
 73
    -3
  0
VERTEX
  5
47F
330
435
100
AcDbEntity
  8
3T_BAR
100
AcDbFaceRecord
 10
0.0
 20
0.0
 30
0.0
 70
   128
 71
   -11
 72
    -3
 73
   -17
  0
VERTEX
  5
480
330
435
100
AcDbEntity
  8
3T_BAR
100
AcDbFaceRecord
 10
0.0
 20
0.0
 30
0.0
 70
   128
 71
   -11
 72
    17
 73
   -20
  0
VERTEX
  5
481
330
435
100
AcDbEntity
  8
3T_BAR
100
AcDbFaceRecord
 10
0.0
 20
0.0
 30
0.0
 70
   128
 71
   -16
 72
   -11
 73
   -20
  0
VERTEX
  5
482
330
435
100
AcDbEntity
  8
3T_BAR
100
AcDbFaceRecord
 10
0.0
 20
0.0
 30
0.0
 70
   128
 71
   -16
 72
    20
 73
   -19
  0
VERTEX
  5
483
330
435
100
AcDbEntity
  8
3T_BAR
100
AcDbFaceRecord
 10
0.0
 20
0.0
 30
0.0
 70
   128
 71
    13
 72
   -16
 73
   -19
  0
VERTEX
  5
484
330
435
100
AcDbEntity
  8
3T_BAR
100
AcDbFaceRecord
 10
0.0
 20
0.0
 30
0.0
 70
   128
 71
    -7
 72
   -13
 73
   -19
  0
VERTEX
  5
485
330
435
100
AcDbEntity
  8
3T_BAR
100
AcDbFaceRecord
 10
0.0
 20
0.0
 30
0.0
 70
   128
 71
    -7
 72
    19
 73
   -18
  0
VERTEX
  5
486
330
435
100
AcDbEntity
  8
3T_BAR
100
AcDbFaceRecord
 10
0.0
 20
0.0
 30
0.0
 70
   128
 71
    -7
 72
   -18
 73
    -2
  0
VERTEX
  5
487
330
435
100
AcDbEntity
  8
3T_BAR
100
AcDbFaceRecord
 10
0.0
 20
0.0
 30
0.0
 70
   128
 71
     8
 72
    -7
 73
    -2
  0
VERTEX
  5
488
330
435
100
AcDbEntity
  8
3T_BAR
100
AcDbFaceRecord
 10
0.0
 20
0.0
 30
0.0
 70
   128
 71
     1
 72
     2
 73
   -22
  0
VERTEX
  5
489
330
435
100
AcDbEntity
  8
3T_BAR
100
AcDbFaceRecord
 10
0.0
 20
0.0
 30
0.0
 70
   128
 71
    -1
 72
    22
 73
    21
  0
VERTEX
  5
48A
330
435
100
AcDbEntity
  8
3T_BAR
100
AcDbFaceRecord
 10
0.0
 20
0.0
 30
0.0
 70
   128
 71
     2
 72
     3
 73
   -23
  0
VERTEX
  5
48B
330
435
100
AcDbEntity
  8
3T_BAR
100
AcDbFaceRecord
 10
0.0
 20
0.0
 30
0.0
 70
   128
 71
    -2
 72
    23
 73
    22
  0
VERTEX
  5
48C
330
435
100
AcDbEntity
  8
3T_BAR
100
AcDbFaceRecord
 10
0.0
 20
0.0
 30
0.0
 70
   128
 71
     3
 72
     4
 73
   -24
  0
VERTEX
  5
48D
330
435
100
AcDbEntity
  8
3T_BAR
100
AcDbFaceRecord
 10
0.0
 20
0.0
 30
0.0
 70
   128
 71
    -3
 72
    24
 73
    23
  0
VERTEX
  5
48E
330
435
100
AcDbEntity
  8
3T_BAR
100
AcDbFaceRecord
 10
0.0
 20
0.0
 30
0.0
 70
   128
 71
     4
 72
     1
 73
   -21
  0
VERTEX
  5
48F
330
435
100
AcDbEntity
  8
3T_BAR
100
AcDbFaceRecord
 10
0.0
 20
0.0
 30
0.0
 70
   128
 71
    -4
 72
    21
 73
    24
  0
VERTEX
  5
490
330
435
100
AcDbEntity
  8
3T_BAR
100
AcDbFaceRecord
 10
0.0
 20
0.0
 30
0.0
 70
   128
 71
     5
 72
     6
 73
   -26
  0
VERTEX
  5
491
330
435
100
AcDbEntity
  8
3T_BAR
100
AcDbFaceRecord
 10
0.0
 20
0.0
 30
0.0
 70
   128
 71
    -5
 72
    26
 73
    25
  0
VERTEX
  5
492
330
435
100
AcDbEntity
  8
3T_BAR
100
AcDbFaceRecord
 10
0.0
 20
0.0
 30
0.0
 70
   128
 71
     6
 72
     7
 73
   -27
  0
VERTEX
  5
493
330
435
100
AcDbEntity
  8
3T_BAR
100
AcDbFaceRecord
 10
0.0
 20
0.0
 30
0.0
 70
   128
 71
    -6
 72
    27
 73
    26
  0
VERTEX
  5
494
330
435
100
AcDbEntity
  8
3T_BAR
100
AcDbFaceRecord
 10
0.0
 20
0.0
 30
0.0
 70
   128
 71
     7
 72
     8
 73
   -28
  0
VERTEX
  5
495
330
435
100
AcDbEntity
  8
3T_BAR
100
AcDbFaceRecord
 10
0.0
 20
0.0
 30
0.0
 70
   128
 71
    -7
 72
    28
 73
    27
  0
VERTEX
  5
496
330
435
100
AcDbEntity
  8
3T_BAR
100
AcDbFaceRecord
 10
0.0
 20
0.0
 30
0.0
 70
   128
 71
     8
 72
     5
 73
   -25
  0
VERTEX
  5
497
330
435
100
AcDbEntity
  8
3T_BAR
100
AcDbFaceRecord
 10
0.0
 20
0.0
 30
0.0
 70
   128
 71
    -8
 72
    25
 73
    28
  0
VERTEX
  5
498
330
435
100
AcDbEntity
  8
3T_BAR
100
AcDbFaceRecord
 10
0.0
 20
0.0
 30
0.0
 70
   128
 71
     9
 72
    10
 73
   -30
  0
VERTEX
  5
499
330
435
100
AcDbEntity
  8
3T_BAR
100
AcDbFaceRecord
 10
0.0
 20
0.0
 30
0.0
 70
   128
 71
    -9
 72
    30
 73
    29
  0
VERTEX
  5
49A
330
435
100
AcDbEntity
  8
3T_BAR
100
AcDbFaceRecord
 10
0.0
 20
0.0
 30
0.0
 70
   128
 71
    10
 72
    11
 73
   -31
  0
VERTEX
  5
49B
330
435
100
AcDbEntity
  8
3T_BAR
100
AcDbFaceRecord
 10
0.0
 20
0.0
 30
0.0
 70
   128
 71
   -10
 72
    31
 73
    30
  0
VERTEX
  5
49C
330
435
100
AcDbEntity
  8
3T_BAR
100
AcDbFaceRecord
 10
0.0
 20
0.0
 30
0.0
 70
   128
 71
    11
 72
    12
 73
   -32
  0
VERTEX
  5
49D
330
435
100
AcDbEntity
  8
3T_BAR
100
AcDbFaceRecord
 10
0.0
 20
0.0
 30
0.0
 70
   128
 71
   -11
 72
    32
 73
    31
  0
VERTEX
  5
49E
330
435
100
AcDbEntity
  8
3T_BAR
100
AcDbFaceRecord
 10
0.0
 20
0.0
 30
0.0
 70
   128
 71
    12
 72
     9
 73
   -29
  0
VERTEX
  5
49F
330
435
100
AcDbEntity
  8
3T_BAR
100
AcDbFaceRecord
 10
0.0
 20
0.0
 30
0.0
 70
   128
 71
   -12
 72
    29
 73
    32
  0
VERTEX
  5
4A0
330
435
100
AcDbEntity
  8
3T_BAR
100
AcDbFaceRecord
 10
0.0
 20
0.0
 30
0.0
 70
   128
 71
    13
 72
    14
 73
   -34
  0
VERTEX
  5
4A1
330
435
100
AcDbEntity
  8
3T_BAR
100
AcDbFaceRecord
 10
0.0
 20
0.0
 30
0.0
 70
   128
 71
   -13
 72
    34
 73
    33
  0
VERTEX
  5
4A2
330
435
100
AcDbEntity
  8
3T_BAR
100
AcDbFaceRecord
 10
0.0
 20
0.0
 30
0.0
 70
   128
 71
    14
 72
    15
 73
   -35
  0
VERTEX
  5
4A3
330
435
100
AcDbEntity
  8
3T_BAR
100
AcDbFaceRecord
 10
0.0
 20
0.0
 30
0.0
 70
   128
 71
   -14
 72
    35
 73
    34
  0
VERTEX
  5
4A4
330
435
100
AcDbEntity
  8
3T_BAR
100
AcDbFaceRecord
 10
0.0
 20
0.0
 30
0.0
 70
   128
 71
    15
 72
    16
 73
   -36
  0
VERTEX
  5
4A5
330
435
100
AcDbEntity
  8
3T_BAR
100
AcDbFaceRecord
 10
0.0
 20
0.0
 30
0.0
 70
   128
 71
   -15
 72
    36
 73
    35
  0
VERTEX
  5
4A6
330
435
100
AcDbEntity
  8
3T_BAR
100
AcDbFaceRecord
 10
0.0
 20
0.0
 30
0.0
 70
   128
 71
    16
 72
    13
 73
   -33
  0
VERTEX
  5
4A7
330
435
100
AcDbEntity
  8
3T_BAR
100
AcDbFaceRecord
 10
0.0
 20
0.0
 30
0.0
 70
   128
 71
   -16
 72
    33
 73
    36
  0
VERTEX
  5
4A8
330
435
100
AcDbEntity
  8
3T_BAR
100
AcDbFaceRecord
 10
0.0
 20
0.0
 30
0.0
 70
   128
 71
    17
 72
    18
 73
   -38
  0
VERTEX
  5
4A9
330
435
100
AcDbEntity
  8
3T_BAR
100
AcDbFaceRecord
 10
0.0
 20
0.0
 30
0.0
 70
   128
 71
   -17
 72
    38
 73
    37
  0
VERTEX
  5
4AA
330
435
100
AcDbEntity
  8
3T_BAR
100
AcDbFaceRecord
 10
0.0
 20
0.0
 30
0.0
 70
   128
 71
    18
 72
    19
 73
   -39
  0
VERTEX
  5
4AB
330
435
100
AcDbEntity
  8
3T_BAR
100
AcDbFaceRecord
 10
0.0
 20
0.0
 30
0.0
 70
   128
 71
   -18
 72
    39
 73
    38
  0
VERTEX
  5
4AC
330
435
100
AcDbEntity
  8
3T_BAR
100
AcDbFaceRecord
 10
0.0
 20
0.0
 30
0.0
 70
   128
 71
    19
 72
    20
 73
   -40
  0
VERTEX
  5
4AD
330
435
100
AcDbEntity
  8
3T_BAR
100
AcDbFaceRecord
 10
0.0
 20
0.0
 30
0.0
 70
   128
 71
   -19
 72
    40
 73
    39
  0
VERTEX
  5
4AE
330
435
100
AcDbEntity
  8
3T_BAR
100
AcDbFaceRecord
 10
0.0
 20
0.0
 30
0.0
 70
   128
 71
    20
 72
    17
 73
   -37
  0
VERTEX
  5
4AF
330
435
100
AcDbEntity
  8
3T_BAR
100
AcDbFaceRecord
 10
0.0
 20
0.0
 30
0.0
 70
   128
 71
   -20
 72
    37
 73
    40
  0
VERTEX
  5
4B0
330
435
100
AcDbEntity
  8
3T_BAR
100
AcDbFaceRecord
 10
0.0
 20
0.0
 30
0.0
 70
   128
 71
   -22
 72
    37
 73
   -38
  0
VERTEX
  5
4B1
330
435
100
AcDbEntity
  8
3T_BAR
100
AcDbFaceRecord
 10
0.0
 20
0.0
 30
0.0
 70
   128
 71
   -37
 72
    22
 73
   -23
  0
VERTEX
  5
4B2
330
435
100
AcDbEntity
  8
3T_BAR
100
AcDbFaceRecord
 10
0.0
 20
0.0
 30
0.0
 70
   128
 71
    34
 72
   -35
 73
   -21
  0
VERTEX
  5
4B3
330
435
100
AcDbEntity
  8
3T_BAR
100
AcDbFaceRecord
 10
0.0
 20
0.0
 30
0.0
 70
   128
 71
    24
 72
   -21
 73
   -35
  0
VERTEX
  5
4B4
330
435
100
AcDbEntity
  8
3T_BAR
100
AcDbFaceRecord
 10
0.0
 20
0.0
 30
0.0
 70
   128
 71
   -36
 72
    31
 73
   -32
  0
VERTEX
  5
4B5
330
435
100
AcDbEntity
  8
3T_BAR
100
AcDbFaceRecord
 10
0.0
 20
0.0
 30
0.0
 70
   128
 71
    35
 72
   -36
 73
   -32
  0
VERTEX
  5
4B6
330
435
100
AcDbEntity
  8
3T_BAR
100
AcDbFaceRecord
 10
0.0
 20
0.0
 30
0.0
 70
   128
 71
   -26
 72
    33
 73
   -34
  0
VERTEX
  5
4B7
330
435
100
AcDbEntity
  8
3T_BAR
100
AcDbFaceRecord
 10
0.0
 20
0.0
 30
0.0
 70
   128
 71
   -33
 72
    26
 73
   -27
  0
VERTEX
  5
4B8
330
435
100
AcDbEntity
  8
3T_BAR
100
AcDbFaceRecord
 10
0.0
 20
0.0
 30
0.0
 70
   128
 71
   -26
 72
   -34
 73
   -21
  0
VERTEX
  5
4B9
330
435
100
AcDbEntity
  8
3T_BAR
100
AcDbFaceRecord
 10
0.0
 20
0.0
 30
0.0
 70
   128
 71
   -24
 72
   -35
 73
   -32
  0
VERTEX
  5
4BA
330
435
100
AcDbEntity
  8
3T_BAR
100
AcDbFaceRecord
 10
0.0
 20
0.0
 30
0.0
 70
   128
 71
   -24
 72
    32
 73
   -29
  0
VERTEX
  5
4BB
330
435
100
AcDbEntity
  8
3T_BAR
100
AcDbFaceRecord
 10
0.0
 20
0.0
 30
0.0
 70
   128
 71
    25
 72
   -26
 73
   -21
  0
VERTEX
  5
4BC
330
435
100
AcDbEntity
  8
3T_BAR
100
AcDbFaceRecord
 10
0.0
 20
0.0
 30
0.0
 70
   128
 71
   -25
 72
    21
 73
   -22
  0
VERTEX
  5
4BD
330
435
100
AcDbEntity
  8
3T_BAR
100
AcDbFaceRecord
 10
0.0
 20
0.0
 30
0.0
 70
   128
 71
    28
 72
   -25
 73
   -22
  0
VERTEX
  5
4BE
330
435
100
AcDbEntity
  8
3T_BAR
100
AcDbFaceRecord
 10
0.0
 20
0.0
 30
0.0
 70
   128
 71
    23
 72
   -24
 73
   -29
  0
VERTEX
  5
4BF
330
435
100
AcDbEntity
  8
3T_BAR
100
AcDbFaceRecord
 10
0.0
 20
0.0
 30
0.0
 70
   128
 71
   -23
 72
    29
 73
   -30
  0
VERTEX
  5
4C0
330
435
100
AcDbEntity
  8
3T_BAR
100
AcDbFaceRecord
 10
0.0
 20
0.0
 30
0.0
 70
   128
 71
   -23
 72
    30
 73
   -31
  0
VERTEX
  5
4C1
330
435
100
AcDbEntity
  8
3T_BAR
100
AcDbFaceRecord
 10
0.0
 20
0.0
 30
0.0
 70
   128
 71
   -37
 72
   -23
 73
   -31
  0
VERTEX
  5
4C2
330
435
100
AcDbEntity
  8
3T_BAR
100
AcDbFaceRecord
 10
0.0
 20
0.0
 30
0.0
 70
   128
 71
    40
 72
   -37
 73
   -31
  0
VERTEX
  5
4C3
330
435
100
AcDbEntity
  8
3T_BAR
100
AcDbFaceRecord
 10
0.0
 20
0.0
 30
0.0
 70
   128
 71
   -40
 72
   -31
 73
   -36
  0
VERTEX
  5
4C4
330
435
100
AcDbEntity
  8
3T_BAR
100
AcDbFaceRecord
 10
0.0
 20
0.0
 30
0.0
 70
   128
 71
    39
 72
   -40
 73
   -36
  0
VERTEX
  5
4C5
330
435
100
AcDbEntity
  8
3T_BAR
100
AcDbFaceRecord
 10
0.0
 20
0.0
 30
0.0
 70
   128
 71
   -39
 72
    36
 73
   -33
  0
VERTEX
  5
4C6
330
435
100
AcDbEntity
  8
3T_BAR
100
AcDbFaceRecord
 10
0.0
 20
0.0
 30
0.0
 70
   128
 71
   -39
 72
   -33
 73
   -27
  0
VERTEX
  5
4C7
330
435
100
AcDbEntity
  8
3T_BAR
100
AcDbFaceRecord
 10
0.0
 20
0.0
 30
0.0
 70
   128
 71
    38
 72
   -39
 73
   -27
  0
VERTEX
  5
4C8
330
435
100
AcDbEntity
  8
3T_BAR
100
AcDbFaceRecord
 10
0.0
 20
0.0
 30
0.0
 70
   128
 71
   -22
 72
   -38
 73
   -27
  0
VERTEX
  5
4C9
330
435
100
AcDbEntity
  8
3T_BAR
100
AcDbFaceRecord
 10
0.0
 20
0.0
 30
0.0
 70
   128
 71
   -22
 72
    27
 73
   -28
  0
VERTEX
  5
4CA
330
435
100
AcDbEntity
  8
3T_BAR
100
AcDbFaceRecord
 10
0.0
 20
0.0
 30
0.0
 70
   128
 71
    41
 72
    44
 73
   -43
  0
VERTEX
  5
4CB
330
435
100
AcDbEntity
  8
3T_BAR
100
AcDbFaceRecord
 10
0.0
 20
0.0
 30
0.0
 70
   128
 71
   -41
 72
    43
 73
    42
  0
VERTEX
  5
4CC
330
435
100
AcDbEntity
  8
3T_BAR
100
AcDbFaceRecord
 10
0.0
 20
0.0
 30
0.0
 70
   128
 71
    45
 72
    48
 73
   -47
  0
VERTEX
  5
4CD
330
435
100
AcDbEntity
  8
3T_BAR
100
AcDbFaceRecord
 10
0.0
 20
0.0
 30
0.0
 70
   128
 71
   -45
 72
    47
 73
    46
  0
VERTEX
  5
4CE
330
435
100
AcDbEntity
  8
3T_BAR
100
AcDbFaceRecord
 10
0.0
 20
0.0
 30
0.0
 70
   128
 71
    41
 72
    42
 73
   -50
  0
VERTEX
  5
4CF
330
435
100
AcDbEntity
  8
3T_BAR
100
AcDbFaceRecord
 10
0.0
 20
0.0
 30
0.0
 70
   128
 71
   -41
 72
    50
 73
    49
  0
VERTEX
  5
4D0
330
435
100
AcDbEntity
  8
3T_BAR
100
AcDbFaceRecord
 10
0.0
 20
0.0
 30
0.0
 70
   128
 71
    42
 72
    43
 73
   -51
  0
VERTEX
  5
4D1
330
435
100
AcDbEntity
  8
3T_BAR
100
AcDbFaceRecord
 10
0.0
 20
0.0
 30
0.0
 70
   128
 71
   -42
 72
    51
 73
    50
  0
VERTEX
  5
4D2
330
435
100
AcDbEntity
  8
3T_BAR
100
AcDbFaceRecord
 10
0.0
 20
0.0
 30
0.0
 70
   128
 71
    43
 72
    44
 73
   -52
  0
VERTEX
  5
4D3
330
435
100
AcDbEntity
  8
3T_BAR
100
AcDbFaceRecord
 10
0.0
 20
0.0
 30
0.0
 70
   128
 71
   -43
 72
    52
 73
    51
  0
VERTEX
  5
4D4
330
435
100
AcDbEntity
  8
3T_BAR
100
AcDbFaceRecord
 10
0.0
 20
0.0
 30
0.0
 70
   128
 71
    44
 72
    41
 73
   -49
  0
VERTEX
  5
4D5
330
435
100
AcDbEntity
  8
3T_BAR
100
AcDbFaceRecord
 10
0.0
 20
0.0
 30
0.0
 70
   128
 71
   -44
 72
    49
 73
    52
  0
VERTEX
  5
4D6
330
435
100
AcDbEntity
  8
3T_BAR
100
AcDbFaceRecord
 10
0.0
 20
0.0
 30
0.0
 70
   128
 71
    45
 72
    46
 73
   -54
  0
VERTEX
  5
4D7
330
435
100
AcDbEntity
  8
3T_BAR
100
AcDbFaceRecord
 10
0.0
 20
0.0
 30
0.0
 70
   128
 71
   -45
 72
    54
 73
    53
  0
VERTEX
  5
4D8
330
435
100
AcDbEntity
  8
3T_BAR
100
AcDbFaceRecord
 10
0.0
 20
0.0
 30
0.0
 70
   128
 71
    46
 72
    47
 73
   -55
  0
VERTEX
  5
4D9
330
435
100
AcDbEntity
  8
3T_BAR
100
AcDbFaceRecord
 10
0.0
 20
0.0
 30
0.0
 70
   128
 71
   -46
 72
    55
 73
    54
  0
VERTEX
  5
4DA
330
435
100
AcDbEntity
  8
3T_BAR
100
AcDbFaceRecord
 10
0.0
 20
0.0
 30
0.0
 70
   128
 71
    47
 72
    48
 73
   -56
  0
VERTEX
  5
4DB
330
435
100
AcDbEntity
  8
3T_BAR
100
AcDbFaceRecord
 10
0.0
 20
0.0
 30
0.0
 70
   128
 71
   -47
 72
    56
 73
    55
  0
VERTEX
  5
4DC
330
435
100
AcDbEntity
  8
3T_BAR
100
AcDbFaceRecord
 10
0.0
 20
0.0
 30
0.0
 70
   128
 71
    48
 72
    45
 73
   -53
  0
VERTEX
  5
4DD
330
435
100
AcDbEntity
  8
3T_BAR
100
AcDbFaceRecord
 10
0.0
 20
0.0
 30
0.0
 70
   128
 71
   -48
 72
    53
 73
    56
  0
VERTEX
  5
4DE
330
435
100
AcDbEntity
  8
3T_BAR
100
AcDbFaceRecord
 10
0.0
 20
0.0
 30
0.0
 70
   128
 71
    51
 72
    52
 73
   -49
  0
VERTEX
  5
4DF
330
435
100
AcDbEntity
  8
3T_BAR
100
AcDbFaceRecord
 10
0.0
 20
0.0
 30
0.0
 70
   128
 71
    50
 72
   -51
 73
    49
  0
VERTEX
  5
4E0
330
435
100
AcDbEntity
  8
3T_BAR
100
AcDbFaceRecord
 10
0.0
 20
0.0
 30
0.0
 70
   128
 71
    55
 72
    56
 73
   -53
  0
VERTEX
  5
4E1
330
435
100
AcDbEntity
  8
3T_BAR
100
AcDbFaceRecord
 10
0.0
 20
0.0
 30
0.0
 70
   128
 71
    54
 72
   -55
 73
    53
  0
SEQEND
  5
4E2
330
435
100
AcDbEntity
  8
3T_BAR
  0
3DFACE
  5
4E3
330
434
100
AcDbEntity
  8
3T_GLASS
100
AcDbFace
 10
-726.2821175426106
 20
-0.780897297233139
 30
1777.813739349432
 11
726.2821107954477
 21
-0.780897297233139
 31
1777.813739349432
 12
726.2821107954477
 22
-0.7808972972335227
 32
29.42595708510635
 13
-726.2821175426106
 23
-0.7808972972335227
 33
29.42595708510635
  0
ENDBLK
  5
4E6
330
434
100
AcDbEntity
  8
0
100
AcDbBlockEnd
  0
ENDSEC
  0
SECTION
  2
ENTITIES
  0
LINE
  5
2C8
330
1F
100
AcDbEntity
  8
DOTE
100
AcDbLine
 10
69324.3775632201
 20
21439.01072727419
 30
0.0
 11
69324.3775632201
 21
31939.01072727419
 31
0.0
  0
LINE
  5
2CA
330
1F
100
AcDbEntity
  8
DOTE
100
AcDbLine
 10
73324.3775632201
 20
21439.01072727419
 30
0.0
 11
73324.37756322009
 21
31939.01072727419
 31
0.0
  0
LINE
  5
2CB
330
1F
100
AcDbEntity
  8
DOTE
100
AcDbLine
 10
77324.3775632201
 20
21439.01072727419
 30
0.0
 11
77324.37756322008
 21
31939.01072727419
 31
0.0
  0
LINE
  5
2CF
330
1F
100
AcDbEntity
  8
DOTE
100
AcDbLine
 10
68324.3775632201
 20
22439.01072727419
 30
0.0
 11
81324.37756322012
 21
22439.01072727419
 31
0.0
  0
LINE
  5
2E0
330
1F
100
AcDbEntity
  8
DOTE
100
AcDbLine
 10
68324.3775632201
 20
26939.01072727419
 30
0.0
 11
81324.3775632201
 21
26939.01072727419
 31
0.0
  0
TCH_WALL
  5
2EC
330
1F
100
AcDbEntity
  8
WALL
160
                 8
310
0800000000000000
100
TDbCurveEntity
 46
0.0
 47
100.0
 68
     0
100
TDbWall
 38
0.0
 39
4000.0
300
NwAzADMAMgA0AC4ANAAsADYAOQAzADIANAAuADQALAAyADIANAAzADkALAAyADIANAAzADkALAAwACwAMAAsADEAMAAwACwAMQAwADAA
 42
80.080000001
148
0.0
149
4000.0
 50
0.0
 73
     0
 74
    40
 75
     0
 90
        0
 76
        1
330
3FE
411
PUB_HATCH
412
SURFACE
413
0
414
0
  1

  2

  0
TCH_WALL
  5
2ED
330
1F
100
AcDbEntity
  8
WALL
160
                 8
310
0800000000000000
100
TDbCurveEntity
 46
0.0
 47
100.0
 68
     0
100
TDbWall
 38
0.0
 39
4000.0
300
NgA5ADMAMgA0AC4ANAAsADYAOQAzADIANAAuADQALAAyADIANAAzADkALAAyADIANAAzADkALAAwACwAMAAsADEAMAAwACwAMQAwADAA
 42
80.080000001
148
0.0
149
4000.0
 50
0.0
 73
     0
 74
    40
 75
     0
 90
        0
 76
        0
411
PUB_HATCH
412
SURFACE
413
0
414
0
  1

  2

  0
TCH_WALL
  5
2EE
330
1F
100
AcDbEntity
  8
WALL
160
                 8
310
0800000000000000
100
TDbCurveEntity
 46
0.0
 47
100.0
 68
     0
100
TDbWall
 38
0.0
 39
4000.0
300
NgA5ADMAMgA0AC4ANAAsADcAMQA4ADIANAAuADQALAAyADYAOQAzADkALAAyADYAOQAzADkALAAwACwAMAAsADEAMAAwACwAMQAwADAA
 42
80.080000001
148
0.0
149
4000.0
 50
0.0
 73
     0
 74
    40
 75
     0
 90
        0
 76
        0
411
PUB_HATCH
412
SURFACE
413
0
414
0
  1

  2

  0
TCH_WALL
  5
2EF
330
1F
100
AcDbEntity
  8
WALL
160
                 8
310
0800000000000000
100
TDbCurveEntity
 46
0.0
 47
100.0
 68
     0
100
TDbWall
 38
0.0
 39
4000.0
300
NwAzADMAMgA0AC4ANAAsADcAMwAzADIANAAuADQALAAyADYAOQAzADkALAAyADYAOQAzADkALAAwACwAMAAsADEAMAAwACwAMQAwADAA
 42
80.080000001
148
0.0
149
4000.0
 50
0.0
 73
     0
 74
    40
 75
     0
 90
        0
 76
        0
411
PUB_HATCH
412
SURFACE
413
0
414
0
  1

  2

  0
LINE
  5
2F5
330
1F
100
AcDbEntity
  8
DOTE
100
AcDbLine
 10
68324.3775632201
 20
24439.01072727419
 30
0.0
 11
81324.3775632201
 21
24439.01072727419
 31
0.0
  0
LINE
  5
2F8
330
1F
100
AcDbEntity
  8
DOTE
100
AcDbLine
 10
68324.3775632201
 20
30939.01072727419
 30
0.0
 11
81324.3775632201
 21
30939.01072727419
 31
0.0
  0
TCH_WALL
  5
2F9
330
1F
100
AcDbEntity
  8
WALL
160
                 8
310
0800000000000000
100
TDbCurveEntity
 46
0.0
 47
100.0
 68
     0
100
TDbWall
 38
0.0
 39
4000.0
300
NwA3ADMAMgA0AC4ANAAsADgAMAAzADIANAAuADQALAAyADQANAAzADkALAAyADQANAAzADkALAAwACwAMAAsADEAMAAwACwAMQAwADAA
 42
80.080000001
148
0.0
149
4000.0
 50
0.0
 73
     0
 74
    40
 75
     0
 90
        0
 76
        1
330
3FF
411
PUB_HATCH
412
SURFACE
413
0
414
0
  1

  2

  0
TCH_WALL
  5
2FA
330
1F
100
AcDbEntity
  8
WALL
160
                 8
310
0800000000000000
100
TDbCurveEntity
 46
0.0
 47
100.0
 68
     0
100
TDbWall
 38
0.0
 39
4000.0
300
OAAwADMAMgA0AC4ANAAsADgAMAAzADIANAAuADQALAAyADQANAAzADkALAAyADQANAAzADkALAAwACwAMAAsADEAMAAwACwAMQAwADAA
 42
80.080000001
148
0.0
149
4000.0
 50
0.0
 73
     0
 74
    40
 75
     0
 90
        0
 76
        0
411
PUB_HATCH
412
SURFACE
413
0
414
0
  1

  2

  0
TCH_WALL
  5
2FB
330
1F
100
AcDbEntity
  8
WALL
160
                 8
310
0800000000000000
100
TDbCurveEntity
 46
0.0
 47
100.0
 68
     0
100
TDbWall
 38
0.0
 39
4000.0
300
OAAwADMAMgA0AC4ANAAsADcANwAzADIANAAuADQALAAyADgANAAzADkALAAyADgANAAzADkALAAwACwAMAAsADEAMAAwACwAMQAwADAA
 42
80.080000001
148
0.0
149
4000.0
 50
0.0
 73
     0
 74
    40
 75
     0
 90
        0
 76
        0
411
PUB_HATCH
412
SURFACE
413
0
414
0
  1

  2

  0
TCH_WALL
  5
2FC
330
1F
100
AcDbEntity
  8
WALL
160
                 8
310
0800000000000000
100
TDbCurveEntity
 46
0.0
 47
100.0
 68
     0
100
TDbWall
 38
0.0
 39
4000.0
300
NwA3ADMAMgA0AC4ANAAsADcANwAzADIANAAuADQALAAyADgANAAzADkALAAyADgANAAzADkALAAwACwAMAAsADEAMAAwACwAMQAwADAA
 42
80.080000001
148
0.0
149
4000.0
 50
0.0
 73
     0
 74
    40
 75
     0
 90
        0
 76
        1
330
3B3
411
PUB_HATCH
412
SURFACE
413
0
414
0
  1

  2

  0
TCH_WALL
  5
2FD
330
1F
100
AcDbEntity
  8
WALL
160
                 8
310
0800000000000000
100
TDbCurveEntity
 46
0.0
 47
100.0
 68
     0
100
TDbWall
 38
0.0
 39
4000.0
300
NwA3ADMAMgA0AC4ANAAsADcANwAzADIANAAuADQALAAyADgANAAzADkALAAyADgANAAzADkALAAwACwAMAAsADEAMAAwACwAMQAwADAA
 42
80.080000001
148
0.0
149
4000.0
 50
0.0
 73
     0
 74
    40
 75
     0
 90
        0
 76
        1
330
3B4
411
PUB_HATCH
412
SURFACE
413
0
414
0
  1

  2

  0
TCH_WALL
  5
2FE
330
1F
100
AcDbEntity
  8
WALL
160
                 8
310
0800000000000000
100
TDbCurveEntity
 46
0.0
 47
100.0
 68
     0
100
TDbWall
 38
0.0
 39
4000.0
300
NwA3ADMAMgA0AC4ANAAsADgAMAAzADIANAAuADQALAAzADAAOQAzADkALAAzADAAOQAzADkALAAwACwAMAAsADEAMAAwACwAMQAwADAA
 42
80.080000001
148
0.0
149
4000.0
 50
0.0
 73
     0
 74
    40
 75
     0
 90
        0
 76
        1
330
400
411
PUB_HATCH
412
SURFACE
413
0
414
0
  1

  2

  0
TCH_WALL
  5
2FF
330
1F
100
AcDbEntity
  8
WALL
160
                 8
310
0800000000000000
100
TDbCurveEntity
 46
0.0
 47
100.0
 68
     0
100
TDbWall
 38
0.0
 39
4000.0
300
OAAwADMAMgA0AC4ANAAsADgAMAAzADIANAAuADQALAAzADAAOQAzADkALAAzADAAOQAzADkALAAwACwAMAAsADEAMAAwACwAMQAwADAA
 42
80.080000001
148
0.0
149
4000.0
 50
0.0
 73
     0
 74
    40
 75
     0
 90
        0
 76
        0
411
PUB_HATCH
412
SURFACE
413
0
414
0
  1

  2

  0
TCH_WALL
  5
300
330
1F
100
AcDbEntity
  8
WALL
160
                 8
310
0800000000000000
100
TDbCurveEntity
 46
0.0
 47
100.0
 68
     0
100
TDbWall
 38
0.0
 39
4000.0
300
NwA3ADMAMgA0AC4ANAAsADcANwAzADIANAAuADQALAAyADQANAAzADkALAAyADQANAAzADkALAAwACwAMAAsADEAMAAwACwAMQAwADAA
 42
80.080000001
148
0.0
149
4000.0
 50
0.0
 73
     0
 74
    40
 75
     0
 90
        0
 76
        1
330
4F6
411
PUB_HATCH
412
SURFACE
413
0
414
0
  1

  2

  0
TCH_WALL
  5
301
330
1F
100
AcDbEntity
  8
WALL
160
                 8
310
0800000000000000
100
TDbCurveEntity
 46
0.0
 47
100.0
 68
     0
100
TDbWall
 38
0.0
 39
4000.0
300
NwA3ADMAMgA0AC4ANAAsADcAMwAzADIANAAuADQALAAyADIANAAzADkALAAyADIANAAzADkALAAwACwAMAAsADEAMAAwACwAMQAwADAA
 42
80.080000001
148
0.0
149
4000.0
 50
0.0
 73
     0
 74
    40
 75
     0
 90
        0
 76
        1
330
3A8
411
PUB_HATCH
412
SURFACE
413
0
414
0
  1

  2

  0
LINE
  5
302
330
1F
100
AcDbEntity
  8
DOTE
100
AcDbLine
 10
68324.3775632201
 20
29939.01072727419
 30
0.0
 11
81324.3775632201
 21
29939.01072727419
 31
0.0
  0
TCH_WALL
  5
304
330
1F
100
AcDbEntity
  8
WALL
160
                 8
310
0800000000000000
100
TDbCurveEntity
 46
0.0
 47
100.0
 68
     0
100
TDbWall
 38
0.0
 39
4000.0
300
NgA5ADMAMgA0AC4ANAAsADYAOQAzADIANAAuADQALAAyADYAOQAzADkALAAyADYAOQAzADkALAAwACwAMAAsADEAMAAwACwAMQAwADAA
 42
80.080000001
148
0.0
149
4000.0
 50
0.0
 73
     0
 74
    40
 75
     0
 90
        0
 76
        0
411
PUB_HATCH
412
SURFACE
413
0
414
0
  1

  2

  0
TCH_WALL
  5
305
330
1F
100
AcDbEntity
  8
WALL
160
                 8
310
0800000000000000
100
TDbCurveEntity
 46
0.0
 47
100.0
 68
     0
100
TDbWall
 38
0.0
 39
4000.0
300
NgA5ADMAMgA0AC4ANAAsADcAMQA4ADIANAAuADQALAAyADkAOQAzADkALAAyADkAOQAzADkALAAwACwAMAAsADEAMAAwACwAMQAwADAA
 42
80.080000001
148
0.0
149
4000.0
 50
0.0
 73
     0
 74
    40
 75
     0
 90
        0
 76
        1
330
401
411
PUB_HATCH
412
SURFACE
413
0
414
0
  1

  2

  0
TCH_WALL
  5
306
330
1F
100
AcDbEntity
  8
WALL
160
                 8
310
0800000000000000
100
TDbCurveEntity
 46
0.0
 47
100.0
 68
     0
100
TDbWall
 38
0.0
 39
4000.0
300
NwAxADgAMgA0AC4ANAAsADcAMwAzADIANAAuADQALAAyADYAOQAzADkALAAyADYAOQAzADkALAAwACwAMAAsADEAMAAwACwAMQAwADAA
 42
80.080000001
148
0.0
149
4000.0
 50
0.0
 73
     0
 74
    40
 75
     0
 90
        0
 76
        1
330
3B2
411
PUB_HATCH
412
SURFACE
413
0
414
0
  1

  2

  0
TCH_WALL
  5
307
330
1F
100
AcDbEntity
  8
WALL
160
                 8
310
0800000000000000
100
TDbCurveEntity
 46
0.0
 47
100.0
 68
     0
100
TDbWall
 38
0.0
 39
4000.0
300
NwAxADgAMgA0AC4ANAAsADcAMQA4ADIANAAuADQALAAyADkAOQAzADkALAAyADkAOQAzADkALAAwACwAMAAsADEAMAAwACwAMQAwADAA
 42
80.080000001
148
0.0
149
4000.0
 50
0.0
 73
     0
 74
    40
 75
     0
 90
        0
 76
        0
411
PUB_HATCH
412
SURFACE
413
0
414
0
  1

  2

  0
TCH_WALL
  5
308
330
1F
100
AcDbEntity
  8
WALL
160
                 8
310
0800000000000000
100
TDbCurveEntity
 46
0.0
 47
100.0
 68
     0
100
TDbWall
 38
0.0
 39
4000.0
300
NwA3ADMAMgA0AC4ANAAsADcANwAzADIANAAuADQALAAyADkAOQAzADkALAAyADkAOQAzADkALAAwACwAMAAsADEAMAAwACwAMQAwADAA
 42
80.080000001
148
0.0
149
4000.0
 50
0.0
 73
     0
 74
    40
 75
     0
 90
        0
 76
        0
411
PUB_HATCH
412
SURFACE
413
0
414
0
  1

  2

  0
TCH_WALL
  5
309
330
1F
100
AcDbEntity
  8
WALL
160
                 8
310
0800000000000000
100
TDbCurveEntity
 46
0.0
 47
100.0
 68
     0
100
TDbWall
 38
0.0
 39
4000.0
300
NwAxADgAMgA0AC4ANAAsADcAMwAzADIANAAuADQALAAyADkAOQAzADkALAAyADkAOQAzADkALAAwACwAMAAsADEAMAAwACwAMQAwADAA
 42
80.080000001
148
0.0
149
4000.0
 50
0.0
 73
     0
 74
    40
 75
     0
 90
        0
 76
        1
330
402
411
PUB_HATCH
412
SURFACE
413
0
414
0
  1

  2

  0
TCH_WALL
  5
30A
330
1F
100
AcDbEntity
  8
WALL
160
                 8
310
0800000000000000
100
TDbCurveEntity
 46
0.0
 47
100.0
 68
     0
100
TDbWall
 38
0.0
 39
4000.0
300
NwAxADgAMgA0AC4ANAAsADcAMQA4ADIANAAuADQALAAyADgANAAzADkALAAyADgANAAzADkALAAwACwAMAAsADEAMAAwACwAMQAwADAA
 42
80.080000001
148
0.0
149
4000.0
 50
0.0
 73
     0
 74
    40
 75
     0
 90
        0
 76
        1
330
3BD
411
PUB_HATCH
412
SURFACE
413
0
414
0
  1

  2

  0
TCH_WALL
  5
30B
330
1F
100
AcDbEntity
  8
WALL
160
                 8
310
0800000000000000
100
TDbCurveEntity
 46
0.0
 47
100.0
 68
     0
100
TDbWall
 38
0.0
 39
4000.0
300
NwAxADgAMgA0AC4ANAAsADcAMwAzADIANAAuADQALAAyADgANAAzADkALAAyADgANAAzADkALAAwACwAMAAsADEAMAAwACwAMQAwADAA
 42
80.080000001
148
0.0
149
4000.0
 50
0.0
 73
     0
 74
    40
 75
     0
 90
        0
 76
        1
330
3BE
411
PUB_HATCH
412
SURFACE
413
0
414
0
  1

  2

  0
TCH_WALL
  5
30C
330
1F
100
AcDbEntity
  8
WALL
160
                 8
310
0800000000000000
100
TDbCurveEntity
 46
0.0
 47
100.0
 68
     0
100
TDbWall
 38
0.0
 39
4000.0
300
NwAzADMAMgA0AC4ANAAsADcANwAzADIANAAuADQALAAyADkAOQAzADkALAAyADkAOQAzADkALAAwACwAMAAsADEAMAAwACwAMQAwADAA
 42
80.080000001
148
0.0
149
4000.0
 50
0.0
 73
     0
 74
    40
 75
     0
 90
        0
 76
        1
330
4E7
411
PUB_HATCH
412
SURFACE
413
0
414
0
  1

  2

  0
TCH_WALL
  5
30D
330
1F
100
AcDbEntity
  8
WALL
160
                 8
310
0800000000000000
100
TDbCurveEntity
 46
0.0
 47
100.0
 68
     0
100
TDbWall
 38
0.0
 39
4000.0
300
NwAzADMAMgA0AC4ANAAsADcAMwAzADIANAAuADQALAAyADgANAAzADkALAAyADgANAAzADkALAAwACwAMAAsADEAMAAwACwAMQAwADAA
 42
80.080000001
148
0.0
149
4000.0
 50
0.0
 73
     0
 74
    40
 75
     0
 90
        0
 76
        0
411
PUB_HATCH
412
SURFACE
413
0
414
0
  1

  2

  0
TCH_COLUMN
  5
30E
330
1F
100
AcDbEntity
  8
COLUMN
160
                 8
310
0800000000000000
100
TDbEntity
 46
0.0
 47
100.0
 68
     0
100
TDbColumn
 11
69324.3775632201
 21
22439.01072727419
 31
0.0
149
3000.0
 70
     1
 71
    60
 72
     0
 10
69224.37756322009
 20
22339.01072727419
 50
0.0
 10
69424.3775632201
 20
22339.01072727419
 50
0.0
 10
69424.3775632201
 20
22539.01072727419
 50
0.0
 10
69224.37756322009
 20
22539.01072727419
 50
0.0
411
PUB_HATCH
  0
TCH_COLUMN
  5
313
330
1F
100
AcDbEntity
  8
COLUMN
160
                 8
310
0800000000000000
100
TDbEntity
 46
0.0
 47
100.0
 68
     0
100
TDbColumn
 11
69324.3775632201
 21
29939.01072727419
 31
0.0
149
3000.0
 70
     1
 71
    60
 72
     0
 10
69224.37756322009
 20
29839.01072727419
 50
0.0
 10
69424.3775632201
 20
29839.01072727419
 50
0.0
 10
69424.3775632201
 20
30039.01072727419
 50
0.0
 10
69224.37756322009
 20
30039.01072727419
 50
0.0
411
PUB_HATCH
  0
TCH_COLUMN
  5
314
330
1F
100
AcDbEntity
  8
COLUMN
160
                 8
310
0800000000000000
100
TDbEntity
 46
0.0
 47
100.0
 68
     0
100
TDbColumn
 11
77324.3775632201
 21
22439.01072727419
 31
0.0
149
3000.0
 70
     1
 71
    60
 72
     0
 10
77224.3775632201
 20
22339.01072727419
 50
0.0
 10
77424.3775632201
 20
22339.01072727419
 50
0.0
 10
77424.3775632201
 20
22539.01072727419
 50
0.0
 10
77224.3775632201
 20
22539.01072727419
 50
0.0
411
PUB_HATCH
  0
TCH_COLUMN
  5
315
330
1F
100
AcDbEntity
  8
COLUMN
160
                 8
310
0800000000000000
100
TDbEntity
 46
0.0
 47
100.0
 68
     0
100
TDbColumn
 11
73324.3775632201
 21
22439.01072727419
 31
0.0
149
3000.0
 70
     1
 71
    60
 72
     0
 10
73224.3775632201
 20
22339.01072727419
 50
0.0
 10
73424.3775632201
 20
22339.01072727419
 50
0.0
 10
73424.3775632201
 20
22539.01072727419
 50
0.0
 10
73224.3775632201
 20
22539.01072727419
 50
0.0
411
PUB_HATCH
  0
TCH_COLUMN
  5
316
330
1F
100
AcDbEntity
  8
COLUMN
160
                 8
310
0800000000000000
100
TDbEntity
 46
0.0
 47
100.0
 68
     0
100
TDbColumn
 11
77324.3775632201
 21
24439.01072727419
 31
0.0
149
3000.0
 70
     1
 71
    60
 72
     0
 10
77224.3775632201
 20
24339.01072727419
 50
0.0
 10
77424.3775632201
 20
24339.01072727419
 50
0.0
 10
77424.3775632201
 20
24539.01072727419
 50
0.0
 10
77224.3775632201
 20
24539.01072727419
 50
0.0
411
PUB_HATCH
  0
TCH_COLUMN
  5
317
330
1F
100
AcDbEntity
  8
COLUMN
160
                 8
310
0800000000000000
100
TDbEntity
 46
0.0
 47
100.0
 68
     0
100
TDbColumn
 11
80324.37756322011
 21
24439.01072727419
 31
0.0
149
3000.0
 70
     1
 71
    60
 72
     0
 10
80224.37756322009
 20
24339.01072727419
 50
0.0
 10
80424.3775632201
 20
24339.01072727419
 50
0.0
 10
80424.3775632201
 20
24539.01072727419
 50
0.0
 10
80224.37756322009
 20
24539.01072727419
 50
0.0
411
PUB_HATCH
  0
TCH_COLUMN
  5
318
330
1F
100
AcDbEntity
  8
COLUMN
160
                 8
310
0800000000000000
100
TDbEntity
 46
0.0
 47
100.0
 68
     0
100
TDbColumn
 11
69324.3775632201
 21
26939.01072727419
 31
0.0
149
3000.0
 70
     1
 71
    60
 72
     0
 10
69224.37756322009
 20
26839.01072727419
 50
0.0
 10
69424.3775632201
 20
26839.01072727419
 50
0.0
 10
69424.3775632201
 20
27039.01072727419
 50
0.0
 10
69224.37756322009
 20
27039.01072727419
 50
0.0
411
PUB_HATCH
  0
TCH_COLUMN
  5
319
330
1F
100
AcDbEntity
  8
COLUMN
160
                 8
310
0800000000000000
100
TDbEntity
 46
0.0
 47
100.0
 68
     0
100
TDbColumn
 11
73324.3775632201
 21
26939.01072727419
 31
0.0
149
3000.0
 70
     1
 71
    60
 72
     0
 10
73224.3775632201
 20
26839.01072727419
 50
0.0
 10
73424.3775632201
 20
26839.01072727419
 50
0.0
 10
73424.3775632201
 20
27039.01072727419
 50
0.0
 10
73224.3775632201
 20
27039.01072727419
 50
0.0
411
PUB_HATCH
  0
TCH_COLUMN
  5
31A
330
1F
100
AcDbEntity
  8
COLUMN
160
                 8
310
0800000000000000
100
TDbEntity
 46
0.0
 47
100.0
 68
     0
100
TDbColumn
 11
73324.3775632201
 21
29939.01072727419
 31
0.0
149
3000.0
 70
     1
 71
    60
 72
     0
 10
73224.3775632201
 20
29839.01072727419
 50
0.0
 10
73424.3775632201
 20
29839.01072727419
 50
0.0
 10
73424.3775632201
 20
30039.01072727419
 50
0.0
 10
73224.3775632201
 20
30039.01072727419
 50
0.0
411
PUB_HATCH
  0
TCH_COLUMN
  5
31B
330
1F
100
AcDbEntity
  8
COLUMN
160
                 8
310
0800000000000000
100
TDbEntity
 46
0.0
 47
100.0
 68
     0
100
TDbColumn
 11
77324.3775632201
 21
29939.01072727419
 31
0.0
149
3000.0
 70
     1
 71
    60
 72
     0
 10
77224.3775632201
 20
29839.01072727419
 50
0.0
 10
77424.3775632201
 20
29839.01072727419
 50
0.0
 10
77424.3775632201
 20
30039.01072727419
 50
0.0
 10
77224.3775632201
 20
30039.01072727419
 50
0.0
411
PUB_HATCH
  0
TCH_COLUMN
  5
31C
330
1F
100
AcDbEntity
  8
COLUMN
160
                 8
310
0800000000000000
100
TDbEntity
 46
0.0
 47
100.0
 68
     0
100
TDbColumn
 11
77324.3775632201
 21
30939.01072727419
 31
0.0
149
3000.0
 70
     1
 71
    60
 72
     0
 10
77224.3775632201
 20
30839.01072727419
 50
0.0
 10
77424.3775632201
 20
30839.01072727419
 50
0.0
 10
77424.3775632201
 20
31039.01072727419
 50
0.0
 10
77224.3775632201
 20
31039.01072727419
 50
0.0
411
PUB_HATCH
  0
TCH_COLUMN
  5
31D
330
1F
100
AcDbEntity
  8
COLUMN
160
                 8
310
0800000000000000
100
TDbEntity
 46
0.0
 47
100.0
 68
     0
100
TDbColumn
 11
80324.37756322011
 21
30939.01072727419
 31
0.0
149
3000.0
 70
     1
 71
    60
 72
     0
 10
80224.37756322009
 20
30839.01072727419
 50
0.0
 10
80424.3775632201
 20
30839.01072727419
 50
0.0
 10
80424.3775632201
 20
31039.01072727419
 50
0.0
 10
80224.37756322009
 20
31039.01072727419
 50
0.0
411
PUB_HATCH
  0
TCH_COLUMN
  5
31E
330
1F
100
AcDbEntity
  8
COLUMN
160
                 8
310
0800000000000000
100
TDbEntity
 46
0.0
 47
100.0
 68
     0
100
TDbColumn
 11
77324.3775632201
 21
26939.01072727419
 31
0.0
149
3000.0
 70
     1
 71
    60
 72
     0
 10
77224.3775632201
 20
26839.01072727419
 50
0.0
 10
77424.3775632201
 20
26839.01072727419
 50
0.0
 10
77424.3775632201
 20
27039.01072727419
 50
0.0
 10
77224.3775632201
 20
27039.01072727419
 50
0.0
411
PUB_HATCH
  0
TCH_WALL
  5
31F
330
1F
100
AcDbEntity
  8
WALL
160
                 8
310
0800000000000000
100
TDbCurveEntity
 46
0.0
 47
100.0
 68
     0
100
TDbWall
 38
0.0
 39
4000.0
300
NwA3ADMAMgA0AC4ANAAsADcANwAzADIANAAuADQALAAyADYAOQAzADkALAAyADYAOQAzADkALAAwACwAMAAsADEAMAAwACwAMQAwADAA
 42
80.080000001
148
0.0
149
4000.0
 50
0.0
 73
     0
 74
    40
 75
     0
 90
        0
 76
        0
411
PUB_HATCH
412
SURFACE
413
0
414
0
  1

  2

  0
TCH_COLUMN
  5
320
330
1F
100
AcDbEntity
  8
COLUMN
160
                 8
310
0800000000000000
100
TDbEntity
 46
0.0
 47
100.0
 68
     0
100
TDbColumn
 11
80324.37756322011
 21
26939.01072727419
 31
0.0
149
3000.0
 70
     1
 71
    60
 72
     0
 10
80224.37756322009
 20
26839.01072727419
 50
0.0
 10
80424.3775632201
 20
26839.01072727419
 50
0.0
 10
80424.3775632201
 20
27039.01072727419
 50
0.0
 10
80224.37756322009
 20
27039.01072727419
 50
0.0
411
PUB_HATCH
  0
TCH_WALL
  5
321
330
1F
100
AcDbEntity
  8
WALL
160
                 8
310
0800000000000000
100
TDbCurveEntity
 46
0.0
 47
100.0
 68
     0
100
TDbWall
 38
0.0
 39
4000.0
300
OAAwADMAMgA0AC4ANAAsADgAMAAzADIANAAuADQALAAyADYAOQAzADkALAAyADYAOQAzADkALAAwACwAMAAsADEAMAAwACwAMQAwADAA
 42
80.080000001
148
0.0
149
4000.0
 50
0.0
 73
     0
 74
    40
 75
     0
 90
        0
 76
        0
411
PUB_HATCH
412
SURFACE
413
0
414
0
  1

  2

  0
TCH_OPENING
  5
3A8
330
1F
100
AcDbEntity
  8
WINDOW
160
                 8
310
0800000000000000
100
TDbEntity
 46
0.0
 47
100.0
 68
     0
100
TDbOpening
  1
$DorLib2D$00000225
  2
$TCHSYS$DOOR3D
302

 10
75324.3775632201
 20
22439.01072727419
 30
0.0
 11
75324.3775632201
 21
22814.01072727419
 40
2400.0
 41
2700.0
 50
180.0
 51
0.0
 43
0.0
 44
0.0
 45
0.0
 46
0.0
 70
     0
 71
     0
 72
     0
330
301
147
100.0
148
40.0
149
40.0
  7
_TCH_WINDOW
140
3.5
410
WINDOW_TEXT
411
3T_GLASS
412
3T_BAR
413
WALL
 90
        0
  0
TCH_OPENING
  5
3B2
330
1F
100
AcDbEntity
  8
WINDOW
160
                 8
310
0800000000000000
100
TDbEntity
 46
0.0
 47
100.0
 68
     0
100
TDbOpening
  1
$DorLib2D$00000001
  2
$TCHSYS$DOOR3D
302

 10
72624.37756322029
 20
26939.01072727419
 30
0.0
 11
72624.37756322029
 21
27314.01072727419
 40
1000.0
 41
2200.0
 50
0.0000000000002807
 51
0.0
 43
0.0
 44
0.0
 45
0.0
 46
0.0
 70
     3
 71
     0
 72
     0
330
306
147
100.0
148
40.0
149
40.0
  7
_TCH_WINDOW
140
3.5
410
WINDOW_TEXT
411
3T_GLASS
412
3T_BAR
413
WALL
 90
        0
  0
TCH_OPENING
  5
3B3
330
1F
100
AcDbEntity
  8
WINDOW
160
                 8
310
0800000000000000
100
TDbEntity
 46
0.0
 47
100.0
 68
     0
100
TDbOpening
  1
$DorLib2D$00000001
  2
$TCHSYS$DOOR3D
302

 10
77324.3775632201
 20
27739.01072727408
 30
0.0
 11
77049.37756322003
 21
27739.01072727408
 40
1000.0
 41
2200.0
 50
270.0
 51
0.0
 43
0.0
 44
0.0
 45
0.0
 46
0.0
 70
     1
 71
     0
 72
     0
330
2FC
147
100.0
148
40.0
149
40.0
  7
_TCH_WINDOW
140
3.5
410
WINDOW_TEXT
411
3T_GLASS
412
3T_BAR
413
WALL
 90
        0
  0
TCH_OPENING
  5
3B4
330
1F
100
AcDbEntity
  8
WINDOW
160
                 8
310
0800000000000000
100
TDbEntity
 46
0.0
 47
100.0
 68
     0
100
TDbOpening
  1
$DorLib2D$00000001
  2
$TCHSYS$DOOR3D
302

 10
77324.37756322007
 20
29139.01072727418
 30
0.0
 11
77049.37756322008
 21
29139.01072727417
 40
1000.0
 41
2200.0
 50
90.00000000000277
 51
0.0
 43
0.0
 44
0.0
 45
0.0
 46
0.0
 70
     2
 71
     0
 72
     0
330
2FD
147
100.0
148
40.0
149
40.0
  7
_TCH_WINDOW
140
3.5
410
WINDOW_TEXT
411
3T_GLASS
412
3T_BAR
413
WALL
 90
        0
  0
TCH_SPACE
  5
3B6
330
1F
100
AcDbEntity
  8
SPACE
160
                 8
310
0800000000000000
100
TDbEntity
 46
0.0
 47
100.0
 68
     0
100
TDbSpace
 70
     5
 10
71423.59005750579
 20
25060.27199104504
  1
主卧室
  2
1001
  7
_TCH_SPACE
 40
5.0
 41
16.33999999999975
 42
16199.99999999987
 43
120.0
 50
0.0
 90
        0
  0
TCH_SPACE
  5
3B7
330
1F
100
AcDbEntity
  8
SPACE
160
                 8
310
0800000000000000
100
TDbEntity
 46
0.0
 47
100.0
 68
     0
100
TDbSpace
 70
     5
 10
70584.60537957763
 20
28623.62850696296
  1
卫生间
  2
1002
  7
_TCH_SPACE
 40
5.0
 41
6.440000000000178
 42
10200.00000000013
 43
120.0
 50
0.0
 90
        0
  0
TCH_SPACE
  5
3B8
330
1F
100
AcDbEntity
  8
SPACE
160
                 8
310
0800000000000000
100
TDbEntity
 46
0.0
 47
100.0
 68
     0
100
TDbSpace
 70
     5
 10
72547.09662506074
 20
29117.5319928324
  1
杂物间
  2
1003
  7
_TCH_SPACE
 40
5.0
 41
1.690000000000141
 42
5200.000000000222
 43
120.0
 50
0.0
 90
        0
  0
TCH_SPACE
  5
3B9
330
1F
100
AcDbEntity
  8
SPACE
160
                 8
310
0800000000000000
100
TDbEntity
 46
0.0
 47
100.0
 68
     0
100
TDbSpace
 70
     5
 10
78857.51538215589
 20
29576.96767265364
  1
厨房
  2
1004
  7
_TCH_SPACE
 40
5.0
 41
6.440000000000297
 42
10200.00000000026
 43
120.0
 50
0.0
 90
        0
  0
TCH_SPACE
  5
3BA
330
1F
100
AcDbEntity
  8
SPACE
160
                 8
310
0800000000000000
100
TDbEntity
 46
0.0
 47
100.0
 68
     0
100
TDbSpace
 70
     5
 10
78786.91775665132
 20
26429.37913506181
  1
老人房
  2
1005
  7
_TCH_SPACE
 40
5.0
 41
10.63999999999982
 42
13199.99999999991
 43
120.0
 50
0.0
 90
        0
  0
TCH_SPACE
  5
3BB
330
1F
100
AcDbEntity
  8
SPACE
160
                 8
310
0800000000000000
100
TDbEntity
 46
0.0
 47
100.0
 68
     0
100
TDbSpace
 70
     5
 10
75043.75756757342
 20
25138.7855531075
  1
客厅
  2
1006
  7
_TCH_SPACE
 40
5.0
 41
16.72000000000021
 42
16400.0000000001
 43
120.0
 50
0.0
 90
        0
  0
LINE
  5
3BC
330
1F
100
AcDbEntity
  8
DOTE
100
AcDbLine
 10
80324.37756322011
 20
21439.01072727419
 30
0.0
 11
80324.37756322009
 21
31939.01072727419
 31
0.0
  0
TCH_OPENING
  5
3BD
330
1F
100
AcDbEntity
  8
WINDOW
160
                 8
310
0800000000000000
100
TDbEntity
 46
0.0
 47
100.0
 68
     0
100
TDbOpening
  1
$DorLib2D$00000001
  2
$TCHSYS$DOOR3D
302

 10
71824.37756322006
 20
27539.01072727424
 30
0.0
 11
72099.37756322015
 21
27539.01072727421
 40
800.0
 41
2200.0
 50
270.0000000000027
 51
0.0
 43
0.0
 44
0.0
 45
0.0
 46
0.0
 70
     3
 71
     0
 72
     0
330
30A
147
100.0
148
40.0
149
40.0
  7
_TCH_WINDOW
140
3.5
410
WINDOW_TEXT
411
3T_GLASS
412
3T_BAR
413
WALL
 90
        0
  0
TCH_OPENING
  5
3BE
330
1F
100
AcDbEntity
  8
WINDOW
160
                 8
310
0800000000000000
100
TDbEntity
 46
0.0
 47
100.0
 68
     0
100
TDbOpening
  1
$DorLib2D$00000001
  2
$TCHSYS$DOOR3D
302

 10
72424.37756321995
 20
28439.01072727419
 30
0.0
 11
72424.37756321995
 21
28164.01072727426
 40
800.0
 41
2200.0
 50
0.0
 51
0.0
 43
0.0
 44
0.0
 45
0.0
 46
0.0
 70
     1
 71
     0
 72
     0
330
30B
147
100.0
148
40.0
149
40.0
  7
_TCH_WINDOW
140
3.5
410
WINDOW_TEXT
411
3T_GLASS
412
3T_BAR
413
WALL
 90
        0
  0
TCH_SPACE
  5
3BF
330
1F
100
AcDbEntity
  8
SPACE
160
                 8
310
0800000000000000
100
TDbEntity
 46
0.0
 47
100.0
 68
     0
100
TDbSpace
 70
     5
 10
75217.35055673751
 20
28447.65118675985
  1
餐厅
  2
1003
  7
_TCH_SPACE
 40
5.0
 41
11.02000000000043
 42
13400.00000000027
 43
120.0
 50
0.0
 90
        0
  0
TCH_OPENING
  5
3FE
330
1F
100
AcDbEntity
  8
WINDOW
160
                 8
310
0800000000000000
100
TDbEntity
 46
0.0
 47
100.0
 68
     0
100
TDbOpening
  1
$TCHSYS$WIN2D
  2
$TCHSYS$WIN3D
302

 10
71324.37756322026
 20
22439.01072727419
 30
900.0
 11
71324.37756322026
 21
22064.01072727419
 40
1800.0
 41
2400.0
 50
180.0
 51
0.0
 43
0.0
 44
0.0
 45
0.0
 46
0.0
 70
     3
 71
     1
 72
     0
330
2EC
147
100.0
148
40.0
149
40.0
  7
_TCH_WINDOW
140
3.5
410
WINDOW_TEXT
411
3T_GLASS
412
3T_BAR
413
WALL
 90
        0
  0
TCH_OPENING
  5
3FF
330
1F
100
AcDbEntity
  8
WINDOW
160
                 8
310
0800000000000000
100
TDbEntity
 46
0.0
 47
100.0
 68
     0
100
TDbOpening
  1
$TCHSYS$WIN2D
  2
$TCHSYS$WIN3D
302

 10
78824.3775632201
 20
24439.01072727419
 30
900.0
 11
78824.3775632201
 21
24014.01072727419
 40
1800.0
 41
2400.0
 50
0.0
 51
0.0
 43
0.0
 44
0.0
 45
0.0
 46
0.0
 70
     0
 71
     1
 72
     0
330
2F9
147
100.0
148
40.0
149
40.0
  7
_TCH_WINDOW
140
3.5
410
WINDOW_TEXT
411
3T_GLASS
412
3T_BAR
413
WALL
 90
        0
  0
TCH_OPENING
  5
400
330
1F
100
AcDbEntity
  8
WINDOW
160
                 8
310
0800000000000000
100
TDbEntity
 46
0.0
 47
100.0
 68
     0
100
TDbOpening
  1
$TCHSYS$WIN2D
  2
$TCHSYS$WIN3D
302

 10
78824.3775632201
 20
30939.01072727419
 30
900.0
 11
78824.3775632201
 21
30614.01072727419
 40
1800.0
 41
2400.0
 50
0.0
 51
0.0
 43
0.0
 44
0.0
 45
0.0
 46
0.0
 70
     0
 71
     1
 72
     0
330
2FE
147
100.0
148
40.0
149
40.0
  7
_TCH_WINDOW
140
3.5
410
WINDOW_TEXT
411
3T_GLASS
412
3T_BAR
413
WALL
 90
        0
  0
TCH_OPENING
  5
401
330
1F
100
AcDbEntity
  8
WINDOW
160
                 8
310
0800000000000000
100
TDbEntity
 46
0.0
 47
100.0
 68
     0
100
TDbOpening
  1
$TCHSYS$WIN2D
  2
$TCHSYS$WIN3D
302

 10
70574.37756322022
 20
29939.01072727419
 30
1800.0
 11
70574.37756322022
 21
29564.01072727423
 40
900.0
 41
1500.0
 50
0.0
 51
0.0
 43
0.0
 44
0.0
 45
0.0
 46
0.0
 70
     0
 71
     1
 72
     0
330
305
147
100.0
148
40.0
149
40.0
  7
_TCH_WINDOW
140
3.5
410
WINDOW_TEXT
411
3T_GLASS
412
3T_BAR
413
WALL
 90
        0
  0
TCH_OPENING
  5
402
330
1F
100
AcDbEntity
  8
WINDOW
160
                 8
310
0800000000000000
100
TDbEntity
 46
0.0
 47
100.0
 68
     0
100
TDbOpening
  1
$TCHSYS$WIN2D
  2
$TCHSYS$WIN3D
302

 10
72574.37756322061
 20
29939.0107272742
 30
1800.0
 11
72574.37756322061
 21
29564.01072727426
 40
600.0
 41
1500.0
 50
0.0000000000004183
 51
0.0
 43
0.0
 44
0.0
 45
0.0
 46
0.0
 70
     0
 71
     1
 72
     0
330
309
147
100.0
148
40.0
149
40.0
  7
_TCH_WINDOW
140
3.5
410
WINDOW_TEXT
411
3T_GLASS
412
3T_BAR
413
WALL
 90
        0
  0
TCH_OPENING
  5
4E7
330
1F
100
AcDbEntity
  8
WINDOW
160
                 8
310
0800000000000000
100
TDbEntity
 46
0.0
 47
100.0
 68
     0
100
TDbOpening
  1
$TCHSYS$WDOOR3D
  2
$TCHSYS$DWIN3D
302

 10
75924.3775632201
 20
29939.01072727419
 30
0.0
 11
75924.3775632201
 21
29564.01072727419
 40
2400.0
 41
2400.0
 50
359.9999999999998
 51
0.0
 43
0.0
 44
0.0
 45
900.0
 46
1500.0
 70
     0
 71
     6
 72
     0
330
30C
147
100.0
148
40.0
149
40.0
  7
_TCH_WINDOW
140
3.5
410
WINDOW_TEXT
411
3T_GLASS
412
3T_BAR
413
WALL
 90
        0
  0
TCH_AXIS_LABEL
  5
4EB
330
1F
100
AcDbEntity
  8
AXIS
160
                 8
310
0800000000000000
100
TDbEntity
 46
0.0
 47
100.0
 68
     1
100
TDbAxisLabelSet
  7
_TCH_AXIS
 40
40.0
 41
8.0
410
AXIS_TEXT
  0
TCH_DIMENSION2
  5
4EC
330
1F
100
AcDbEntity
  8
AXIS
160
                 8
310
0800000000000000
100
TDbCurveEntity
 46
0.0
 47
100.0
 68
     1
100
TDbDimension2
  0
TCH_DIMENSION2
  5
4ED
330
1F
100
AcDbEntity
  8
AXIS
160
                 8
310
0800000000000000
100
TDbCurveEntity
 46
0.0
 47
100.0
 68
     1
100
TDbDimension2
  0
TCH_DIMENSION2
  5
4EE
330
1F
100
AcDbEntity
  8
AXIS
160
                 8
310
0800000000000000
100
TDbCurveEntity
 46
0.0
 47
100.0
 68
     1
100
TDbDimension2
  0
TCH_DIMENSION2
  5
4EF
330
1F
100
AcDbEntity
  8
AXIS
160
                 8
310
0800000000000000
100
TDbCurveEntity
 46
0.0
 47
100.0
 68
     1
100
TDbDimension2
  0
TCH_AXIS_LABEL
  5
4F1
330
1F
100
AcDbEntity
  8
AXIS
160
                 8
310
0800000000000000
100
TDbEntity
 46
0.0
 47
100.0
 68
     1
100
TDbAxisLabelSet
  7
_TCH_AXIS
 40
40.0
 41
8.0
410
AXIS_TEXT
  0
TCH_DIMENSION2
  5
4F2
330
1F
100
AcDbEntity
  8
AXIS
160
                 8
310
0800000000000000
100
TDbCurveEntity
 46
0.0
 47
100.0
 68
     1
100
TDbDimension2
  0
TCH_DIMENSION2
  5
4F3
330
1F
100
AcDbEntity
  8
AXIS
160
                 8
310
0800000000000000
100
TDbCurveEntity
 46
0.0
 47
100.0
 68
     1
100
TDbDimension2
  0
TCH_DIMENSION2
  5
4F4
330
1F
100
AcDbEntity
  8
AXIS
160
                 8
310
0800000000000000
100
TDbCurveEntity
 46
0.0
 47
100.0
 68
     1
100
TDbDimension2
  0
TCH_DIMENSION2
  5
4F5
330
1F
100
AcDbEntity
  8
AXIS
160
                 8
310
0800000000000000
100
TDbCurveEntity
 46
0.0
 47
100.0
 68
     1
100
TDbDimension2
  0
TCH_OPENING
  5
4F6
330
1F
100
AcDbEntity
  8
WINDOW
160
                 8
310
0800000000000000
100
TDbEntity
 46
0.0
 47
100.0
 68
     0
100
TDbOpening
  1
$TCHSYS$WIN2D
  2
$TCHSYS$WIN3D
302

 10
77324.3775632201
 20
23339.01072727407
 30
900.0
 11
76949.37756322001
 21
23339.01072727407
 40
900.0
 41
1800.0
 50
270.0
 51
0.0
 43
0.0
 44
0.0
 45
0.0
 46
0.0
 70
     0
 71
     1
 72
     0
330
300
147
100.0
148
40.0
149
40.0
  7
_TCH_WINDOW
140
3.5
410
WINDOW_TEXT
411
3T_GLASS
412
3T_BAR
413
WALL
 90
        0
  0
LWPOLYLINE
  5
4FC
330
1F
100
AcDbEntity
  8
0
100
AcDbPolyline
 90
        4
 70
     0
 43
0.0
 10
73324.3775632201
 20
22339.01072727419
 10
73324.3775632201
 20
20339.01072727419
 10
77324.3775632201
 20
20339.01072727419
 10
77324.3775632201
 20
22339.01072727419
  0
LWPOLYLINE
  5
4FD
330
1F
100
AcDbEntity
  8
0
100
AcDbPolyline
 90
        4
 70
     0
 43
0.0
 10
73324.3775632201
 20
22339.01072727419
 10
73324.3775632201
 20
20039.01072727419
 10
77324.3775632201
 20
20039.01072727419
 10
77324.3775632201
 20
22339.01072727419
  0
TCH_ELEVATION
  5
4FE
330
1F
100
AcDbEntity
  8
DIM_ELEV
160
                 8
310
0800000000000000
100
TDbEntity
 46
0.0
 47
100.0
 68
     1
100
TDbSymbWithText
  7
_TCH_DIM
 40
3.5
 52
0.0
410
PUB_TEXT
100
TDbSymbElevation
 70
     0
 10
75099.68784756324
 20
23143.78394381673
  1
±0.000
 41
12.12
 42
7.0
 43
7.0
  0
TCH_ELEVATION
  5
4FF
330
1F
100
AcDbEntity
  8
DIM_ELEV
160
                 8
310
0800000000000000
100
TDbEntity
 46
0.0
 47
100.0
 68
     1
100
TDbSymbWithText
  7
_TCH_DIM
 40
3.5
 52
0.0
410
PUB_TEXT
100
TDbSymbElevation
 70
     0
 10
70928.35287623899
 20
20201.75622942502
  1
-0.300
 41
12.12
 42
7.0
 43
7.0
  0
TCH_ARROW
  5
500
330
1F
100
AcDbEntity
  8
DIM_SYMB
160
                 8
310
0800000000000000
100
TDbEntity
 46
0.0
 47
100.0
 68
     1
100
TDbSymbWithText
  7
_TCH_DIM
 40
3.5
 52
0.0
410
PUB_TEXT
100
TDbSymbArrow
 70
     1
 11
0.0
 21
0.0
  1
上
 41
3.0
 10
75324.3775632201
 20
20005.9419837094
 50
0.0
 10
75324.3775632201
 20
20520.55275558429
 50
0.0
 71
     0
  0
ENDSEC
  0
SECTION
  2
OBJECTS
  0
DICTIONARY
  5
C
330
0
100
AcDbDictionary
281
     1
  3
ACAD_BACKGROUND
350
AE
  3
ACAD_CIP_PREVIOUS_PRODUCT_INFO
350
24F
  3
ACAD_COLOR
350
73
  3
ACAD_DETAILVIEWSTYLE
350
246
  3
ACAD_GROUP
350
D
  3
ACAD_IMAGE_DICT
350
2B2
  3
ACAD_IMAGE_VARS
350
2B3
  3
ACAD_LAYOUT
350
1A
  3
ACAD_MATERIAL
350
72
  3
ACAD_MLEADERSTYLE
350
228
  3
ACAD_MLINESTYLE
350
17
  3
ACAD_PLOTSETTINGS
350
19
  3
ACAD_PLOTSTYLENAME
350
E
  3
ACAD_SCALELIST
350
206
  3
ACAD_SECTIONVIEWSTYLE
350
244
  3
ACAD_TABLESTYLE
350
86
  3
ACAD_VISUALSTYLE
350
99
  3
ACAD_WIPEOUT_VARS
350
231
  3
ACDB_RECOMPOSE_DATA
350
5BA
  3
AcDbVariableDictionary
350
66
  3
TCH_DBCONFIG
350
252
  0
DICTIONARY
  5
D5
330
2
100
AcDbDictionary
280
     1
281
     1
  3
ACAD_LAYERFILTERS
360
2AC
  3
ACAD_LAYERSTATES
360
397
  3
ACLYDICTIONARY
360
2AB
  0
DICTIONARY
  5
501
330
10
100
AcDbDictionary
280
     1
281
     1
  3
ADSK_XREC_LAYER_RECONCILED
360
502
  0
DICTIONARY
  5
503
330
17F
100
AcDbDictionary
280
     1
281
     1
  3
ADSK_XREC_LAYER_RECONCILED
360
504
  0
DICTIONARY
  5
505
330
257
100
AcDbDictionary
280
     1
281
     1
  3
ADSK_XREC_LAYER_RECONCILED
360
506
  0
DICTIONARY
  5
507
330
259
100
AcDbDictionary
280
     1
281
     1
  3
ADSK_XREC_LAYER_RECONCILED
360
508
  0
DICTIONARY
  5
509
330
25A
100
AcDbDictionary
280
     1
281
     1
  3
ADSK_XREC_LAYER_RECONCILED
360
50A
  0
DICTIONARY
  5
50B
330
25B
100
AcDbDictionary
280
     1
281
     1
  3
ADSK_XREC_LAYER_RECONCILED
360
50C
  0
DICTIONARY
  5
50D
330
25C
100
AcDbDictionary
280
     1
281
     1
  3
ADSK_XREC_LAYER_RECONCILED
360
50E
  0
DICTIONARY
  5
50F
330
25D
100
AcDbDictionary
280
     1
281
     1
  3
ADSK_XREC_LAYER_RECONCILED
360
510
  0
DICTIONARY
  5
511
330
25E
100
AcDbDictionary
280
     1
281
     1
  3
ADSK_XREC_LAYER_RECONCILED
360
512
  0
DICTIONARY
  5
513
330
25F
100
AcDbDictionary
280
     1
281
     1
  3
ADSK_XREC_LAYER_RECONCILED
360
514
  0
DICTIONARY
  5
515
330
260
100
AcDbDictionary
280
     1
281
     1
  3
ADSK_XREC_LAYER_RECONCILED
360
516
  0
DICTIONARY
  5
517
330
262
100
AcDbDictionary
280
     1
281
     1
  3
ADSK_XREC_LAYER_RECONCILED
360
518
  0
DICTIONARY
  5
519
330
263
100
AcDbDictionary
280
     1
281
     1
  3
ADSK_XREC_LAYER_RECONCILED
360
51A
  0
DICTIONARY
  5
51B
330
264
100
AcDbDictionary
280
     1
281
     1
  3
ADSK_XREC_LAYER_RECONCILED
360
51C
  0
DICTIONARY
  5
51D
330
265
100
AcDbDictionary
280
     1
281
     1
  3
ADSK_XREC_LAYER_RECONCILED
360
51E
  0
DICTIONARY
  5
51F
330
267
100
AcDbDictionary
280
     1
281
     1
  3
ADSK_XREC_LAYER_RECONCILED
360
520
  0
DICTIONARY
  5
521
330
268
100
AcDbDictionary
280
     1
281
     1
  3
ADSK_XREC_LAYER_RECONCILED
360
522
  0
DICTIONARY
  5
523
330
269
100
AcDbDictionary
280
     1
281
     1
  3
ADSK_XREC_LAYER_RECONCILED
360
524
  0
DICTIONARY
  5
525
330
26A
100
AcDbDictionary
280
     1
281
     1
  3
ADSK_XREC_LAYER_RECONCILED
360
526
  0
DICTIONARY
  5
527
330
26B
100
AcDbDictionary
280
     1
281
     1
  3
ADSK_XREC_LAYER_RECONCILED
360
528
  0
DICTIONARY
  5
529
330
26C
100
AcDbDictionary
280
     1
281
     1
  3
ADSK_XREC_LAYER_RECONCILED
360
52A
  0
DICTIONARY
  5
52B
330
26D
100
AcDbDictionary
280
     1
281
     1
  3
ADSK_XREC_LAYER_RECONCILED
360
52C
  0
DICTIONARY
  5
52D
330
26E
100
AcDbDictionary
280
     1
281
     1
  3
ADSK_XREC_LAYER_RECONCILED
360
52E
  0
DICTIONARY
  5
52F
330
26F
100
AcDbDictionary
280
     1
281
     1
  3
ADSK_XREC_LAYER_RECONCILED
360
530
  0
DICTIONARY
  5
531
330
270
100
AcDbDictionary
280
     1
281
     1
  3
ADSK_XREC_LAYER_RECONCILED
360
532
  0
DICTIONARY
  5
533
330
271
100
AcDbDictionary
280
     1
281
     1
  3
ADSK_XREC_LAYER_RECONCILED
360
534
  0
DICTIONARY
  5
535
330
272
100
AcDbDictionary
280
     1
281
     1
  3
ADSK_XREC_LAYER_RECONCILED
360
536
  0
DICTIONARY
  5
537
330
273
100
AcDbDictionary
280
     1
281
     1
  3
ADSK_XREC_LAYER_RECONCILED
360
538
  0
DICTIONARY
  5
539
330
274
100
AcDbDictionary
280
     1
281
     1
  3
ADSK_XREC_LAYER_RECONCILED
360
53A
  0
DICTIONARY
  5
53B
330
275
100
AcDbDictionary
280
     1
281
     1
  3
ADSK_XREC_LAYER_RECONCILED
360
53C
  0
DICTIONARY
  5
53D
330
276
100
AcDbDictionary
280
     1
281
     1
  3
ADSK_XREC_LAYER_RECONCILED
360
53E
  0
DICTIONARY
  5
53F
330
277
100
AcDbDictionary
280
     1
281
     1
  3
ADSK_XREC_LAYER_RECONCILED
360
540
  0
DICTIONARY
  5
541
330
278
100
AcDbDictionary
280
     1
281
     1
  3
ADSK_XREC_LAYER_RECONCILED
360
542
  0
DICTIONARY
  5
543
330
279
100
AcDbDictionary
280
     1
281
     1
  3
ADSK_XREC_LAYER_RECONCILED
360
544
  0
DICTIONARY
  5
545
330
27A
100
AcDbDictionary
280
     1
281
     1
  3
ADSK_XREC_LAYER_RECONCILED
360
546
  0
DICTIONARY
  5
547
330
27B
100
AcDbDictionary
280
     1
281
     1
  3
ADSK_XREC_LAYER_RECONCILED
360
548
  0
DICTIONARY
  5
549
330
27C
100
AcDbDictionary
280
     1
281
     1
  3
ADSK_XREC_LAYER_RECONCILED
360
54A
  0
DICTIONARY
  5
54B
330
27D
100
AcDbDictionary
280
     1
281
     1
  3
ADSK_XREC_LAYER_RECONCILED
360
54C
  0
DICTIONARY
  5
54D
330
27E
100
AcDbDictionary
280
     1
281
     1
  3
ADSK_XREC_LAYER_RECONCILED
360
54E
  0
DICTIONARY
  5
54F
330
27F
100
AcDbDictionary
280
     1
281
     1
  3
ADSK_XREC_LAYER_RECONCILED
360
550
  0
DICTIONARY
  5
551
330
280
100
AcDbDictionary
280
     1
281
     1
  3
ADSK_XREC_LAYER_RECONCILED
360
552
  0
DICTIONARY
  5
553
330
281
100
AcDbDictionary
280
     1
281
     1
  3
ADSK_XREC_LAYER_RECONCILED
360
554
  0
DICTIONARY
  5
555
330
283
100
AcDbDictionary
280
     1
281
     1
  3
ADSK_XREC_LAYER_RECONCILED
360
556
  0
DICTIONARY
  5
557
330
284
100
AcDbDictionary
280
     1
281
     1
  3
ADSK_XREC_LAYER_RECONCILED
360
558
  0
DICTIONARY
  5
559
330
285
100
AcDbDictionary
280
     1
281
     1
  3
ADSK_XREC_LAYER_RECONCILED
360
55A
  0
DICTIONARY
  5
55B
330
286
100
AcDbDictionary
280
     1
281
     1
  3
ADSK_XREC_LAYER_RECONCILED
360
55C
  0
DICTIONARY
  5
55D
330
287
100
AcDbDictionary
280
     1
281
     1
  3
ADSK_XREC_LAYER_RECONCILED
360
55E
  0
DICTIONARY
  5
55F
330
288
100
AcDbDictionary
280
     1
281
     1
  3
ADSK_XREC_LAYER_RECONCILED
360
560
  0
DICTIONARY
  5
561
330
289
100
AcDbDictionary
280
     1
281
     1
  3
ADSK_XREC_LAYER_RECONCILED
360
562
  0
DICTIONARY
  5
563
330
28A
100
AcDbDictionary
280
     1
281
     1
  3
ADSK_XREC_LAYER_RECONCILED
360
564
  0
DICTIONARY
  5
565
330
28B
100
AcDbDictionary
280
     1
281
     1
  3
ADSK_XREC_LAYER_RECONCILED
360
566
  0
DICTIONARY
  5
567
330
28C
100
AcDbDictionary
280
     1
281
     1
  3
ADSK_XREC_LAYER_RECONCILED
360
568
  0
DICTIONARY
  5
569
330
28D
100
AcDbDictionary
280
     1
281
     1
  3
ADSK_XREC_LAYER_RECONCILED
360
56A
  0
DICTIONARY
  5
56B
330
28E
100
AcDbDictionary
280
     1
281
     1
  3
ADSK_XREC_LAYER_RECONCILED
360
56C
  0
DICTIONARY
  5
56D
330
28F
100
AcDbDictionary
280
     1
281
     1
  3
ADSK_XREC_LAYER_RECONCILED
360
56E
  0
DICTIONARY
  5
56F
330
290
100
AcDbDictionary
280
     1
281
     1
  3
ADSK_XREC_LAYER_RECONCILED
360
570
  0
DICTIONARY
  5
571
330
291
100
AcDbDictionary
280
     1
281
     1
  3
ADSK_XREC_LAYER_RECONCILED
360
572
  0
DICTIONARY
  5
573
330
292
100
AcDbDictionary
280
     1
281
     1
  3
ADSK_XREC_LAYER_RECONCILED
360
574
  0
DICTIONARY
  5
575
330
293
100
AcDbDictionary
280
     1
281
     1
  3
ADSK_XREC_LAYER_RECONCILED
360
576
  0
DICTIONARY
  5
577
330
294
100
AcDbDictionary
280
     1
281
     1
  3
ADSK_XREC_LAYER_RECONCILED
360
578
  0
DICTIONARY
  5
579
330
295
100
AcDbDictionary
280
     1
281
     1
  3
ADSK_XREC_LAYER_RECONCILED
360
57A
  0
DICTIONARY
  5
57B
330
296
100
AcDbDictionary
280
     1
281
     1
  3
ADSK_XREC_LAYER_RECONCILED
360
57C
  0
DICTIONARY
  5
57D
330
297
100
AcDbDictionary
280
     1
281
     1
  3
ADSK_XREC_LAYER_RECONCILED
360
57E
  0
DICTIONARY
  5
57F
330
298
100
AcDbDictionary
280
     1
281
     1
  3
ADSK_XREC_LAYER_RECONCILED
360
580
  0
DICTIONARY
  5
581
330
299
100
AcDbDictionary
280
     1
281
     1
  3
ADSK_XREC_LAYER_RECONCILED
360
582
  0
DICTIONARY
  5
583
330
29A
100
AcDbDictionary
280
     1
281
     1
  3
ADSK_XREC_LAYER_RECONCILED
360
584
  0
DICTIONARY
  5
585
330
29B
100
AcDbDictionary
280
     1
281
     1
  3
ADSK_XREC_LAYER_RECONCILED
360
586
  0
DICTIONARY
  5
587
330
29C
100
AcDbDictionary
280
     1
281
     1
  3
ADSK_XREC_LAYER_RECONCILED
360
588
  0
DICTIONARY
  5
589
330
29D
100
AcDbDictionary
280
     1
281
     1
  3
ADSK_XREC_LAYER_RECONCILED
360
58A
  0
DICTIONARY
  5
58B
330
29E
100
AcDbDictionary
280
     1
281
     1
  3
ADSK_XREC_LAYER_RECONCILED
360
58C
  0
DICTIONARY
  5
58D
330
29F
100
AcDbDictionary
280
     1
281
     1
  3
ADSK_XREC_LAYER_RECONCILED
360
58E
  0
DICTIONARY
  5
58F
330
2A0
100
AcDbDictionary
280
     1
281
     1
  3
ADSK_XREC_LAYER_RECONCILED
360
590
  0
DICTIONARY
  5
591
330
2A1
100
AcDbDictionary
280
     1
281
     1
  3
ADSK_XREC_LAYER_RECONCILED
360
592
  0
DICTIONARY
  5
593
330
2A2
100
AcDbDictionary
280
     1
281
     1
  3
ADSK_XREC_LAYER_RECONCILED
360
594
  0
DICTIONARY
  5
595
330
2A3
100
AcDbDictionary
280
     1
281
     1
  3
ADSK_XREC_LAYER_RECONCILED
360
596
  0
DICTIONARY
  5
597
330
324
100
AcDbDictionary
280
     1
281
     1
  3
ADSK_XREC_LAYER_RECONCILED
360
598
  0
DICTIONARY
  5
599
330
325
100
AcDbDictionary
280
     1
281
     1
  3
ADSK_XREC_LAYER_RECONCILED
360
59A
  0
DICTIONARY
  5
59B
330
330
100
AcDbDictionary
280
     1
281
     1
  3
ADSK_XREC_LAYER_RECONCILED
360
59C
  0
DICTIONARY
  5
59D
330
331
100
AcDbDictionary
280
     1
281
     1
  3
ADSK_XREC_LAYER_RECONCILED
360
59E
  0
DICTIONARY
  5
2DD
330
1F
100
AcDbDictionary
280
     1
281
     1
  3
ACAD_SORTENTS
360
2DE
  0
DICTIONARY
  5
2E8
330
2E2
100
AcDbDictionary
280
     1
281
     1
  3
ACAD_SORTENTS
360
2E9
  0
DICTIONARY
  5
32D
330
327
100
AcDbDictionary
280
     1
281
     1
  0
DICTIONARY
  5
3A4
330
398
100
AcDbDictionary
280
     1
281
     1
  3
ACAD_SORTENTS
360
3A5
  0
DICTIONARY
  5
3AF
330
3A9
100
AcDbDictionary
280
     1
281
     1
  0
DICTIONARY
  5
AE
102
{ACAD_REACTORS
330
C
102
}
330
C
100
AcDbDictionary
281
     1
  0
XRECORD
  5
24F
102
{ACAD_REACTORS
330
C
102
}
330
C
100
AcDbXrecord
280
     1
300
ACD
300
2021
300

  0
DICTIONARY
  5
73
102
{ACAD_REACTORS
330
C
102
}
330
C
100
AcDbDictionary
281
     1
  0
DICTIONARY
  5
246
102
{ACAD_REACTORS
330
C
102
}
330
C
100
AcDbDictionary
281
     1
  3
Imperial24
350
247
  0
DICTIONARY
  5
D
102
{ACAD_REACTORS
330
C
102
}
330
C
100
AcDbDictionary
281
     1
  0
DICTIONARY
  5
2B2
102
{ACAD_REACTORS
330
C
102
}
330
C
100
AcDbDictionary
281
     1
  3
1-3-768x536
350
2B4
  0
RASTERVARIABLES
  5
2B3
102
{ACAD_REACTORS
330
C
102
}
330
C
100
AcDbRasterVariables
 90
        0
 70
     1
 71
     1
 72
     0
  0
DICTIONARY
  5
1A
102
{ACAD_REACTORS
330
C
102
}
330
C
100
AcDbDictionary
281
     1
  3
Model
350
22
  3
布局1
350
59
  3
布局2
350
5E
  0
DICTIONARY
  5
72
102
{ACAD_REACTORS
330
C
102
}
330
C
100
AcDbDictionary
281
     1
  3
ByBlock
350
97
  3
ByLayer
350
96
  3
Global
350
98
  0
DICTIONARY
  5
228
102
{ACAD_REACTORS
330
C
102
}
330
C
100
AcDbDictionary
281
     1
  3
Standard
350
229
  0
DICTIONARY
  5
17
102
{ACAD_REACTORS
330
C
102
}
330
C
100
AcDbDictionary
281
     1
  3
Standard
350
18
  0
DICTIONARY
  5
19
102
{ACAD_REACTORS
330
C
102
}
330
C
100
AcDbDictionary
281
     1
  0
ACDBDICTIONARYWDFLT
  5
E
102
{ACAD_REACTORS
330
C
102
}
330
C
100
AcDbDictionary
281
     1
  3
Normal
350
F
100
AcDbDictionaryWithDefault
340
F
  0
DICTIONARY
  5
206
102
{ACAD_REACTORS
330
C
102
}
330
C
100
AcDbDictionary
281
     1
  3
A0
350
207
  3
A1
350
208
  3
A2
350
209
  3
A3
350
20A
  3
A4
350
20B
  3
A5
350
20C
  3
A6
350
20D
  3
A7
350
20E
  3
A8
350
20F
  3
A9
350
210
  3
B0
350
211
  3
B1
350
212
  3
B2
350
213
  3
B3
350
214
  3
B4
350
215
  3
B5
350
216
  3
B6
350
217
  3
B7
350
218
  3
B8
350
219
  3
B9
350
21A
  3
C0
350
21B
  3
C1
350
21C
  3
C2
350
21D
  3
C3
350
21E
  3
C4
350
21F
  3
C5
350
220
  3
C6
350
221
  3
C7
350
222
  3
C8
350
223
  3
C9
350
224
  3
D0
350
225
  3
D1
350
226
  3
D2
350
227
  0
DICTIONARY
  5
244
102
{ACAD_REACTORS
330
C
102
}
330
C
100
AcDbDictionary
281
     1
  3
Imperial24
350
245
  0
DICTIONARY
  5
86
102
{ACAD_REACTORS
330
C
102
}
330
C
100
AcDbDictionary
281
     1
  3
Standard
350
87
  0
DICTIONARY
  5
99
102
{ACAD_REACTORS
330
C
102
}
330
C
100
AcDbDictionary
281
     1
  3
2dWireframe
350
9F
  3
3D Hidden
350
A1
  3
3dWireframe
350
A0
  3
Basic
350
9E
  3
Brighten
350
A5
  3
ColorChange
350
AA
  3
Conceptual
350
A2
  3
Dim
350
A4
  3
EdgeColorOff
350
243
  3
Facepattern
350
A9
  3
Flat
350
9A
  3
FlatWithEdges
350
9B
  3
Gouraud
350
9C
  3
GouraudWithEdges
350
9D
  3
Hidden
350
23B
  3
JitterOff
350
241
  3
Linepattern
350
A8
  3
OverhangOff
350
242
  3
Realistic
350
A3
  3
Shaded
350
240
  3
Shaded with edges
350
23F
  3
Shades of Gray
350
23C
  3
Sketchy
350
23D
  3
Thicken
350
A6
  3
Wireframe
350
23A
  3
X-Ray
350
23E
  0
WIPEOUTVARIABLES
  5
231
102
{ACAD_REACTORS
330
C
102
}
330
C
100
AcDbWipeoutVariables
 70
     0
  0
XRECORD
  5
5BA
102
{ACAD_REACTORS
330
C
102
}
330
C
100
AcDbXrecord
280
     1
 90
        1
330
87
  0
DICTIONARY
  5
66
102
{ACAD_REACTORS
330
C
102
}
330
C
100
AcDbDictionary
281
     1
  3
CANNOSCALE
350
237
  3
CMLEADERSTYLE
350
235
  3
CTABLESTYLE
350
89
  3
CVIEWDETAILSTYLE
350
5AA
  3
CVIEWSECTIONSTYLE
350
5AB
  3
DIMASSOC
350
67
  3
HIDETEXT
350
6B
  3
LAYEREVAL
350
5AC
  3
LAYERNOTIFY
350
5AD
  3
LIGHTINGUNITS
350
238
  3
MSLTSCALE
350
236
  3
WIPEOUTFRAME
350
24E
  0
TCH_DBCONFIG
  5
252
102
{ACAD_REACTORS
330
C
102
}
330
C
100
TDbConfig
  0
DICTIONARY
  5
2AC
102
{ACAD_REACTORS
330
D5
102
}
330
D5
100
AcDbDictionary
281
     1
  0
DICTIONARY
  5
397
102
{ACAD_REACTORS
330
D5
102
}
330
D5
100
AcDbDictionary
281
     1
  0
DICTIONARY
  5
2AB
102
{ACAD_REACTORS
330
D5
102
}
330
D5
100
AcDbDictionary
281
     1
  3
*A1
350
2AD
  3
*A2
350
2AE
  3
*A3
350
2AF
  3
*A4
350
2B0
  3
*A5
350
2B1
1001
ACAD
1000
<All
  0
XRECORD
  5
502
102
{ACAD_REACTORS
330
501
102
}
330
501
100
AcDbXrecord
280
     1
290
     1
  0
XRECORD
  5
504
102
{ACAD_REACTORS
330
503
102
}
330
503
100
AcDbXrecord
280
     1
290
     1
  0
XRECORD
  5
506
102
{ACAD_REACTORS
330
505
102
}
330
505
100
AcDbXrecord
280
     1
290
     1
  0
XRECORD
  5
508
102
{ACAD_REACTORS
330
507
102
}
330
507
100
AcDbXrecord
280
     1
290
     1
  0
XRECORD
  5
50A
102
{ACAD_REACTORS
330
509
102
}
330
509
100
AcDbXrecord
280
     1
290
     1
  0
XRECORD
  5
50C
102
{ACAD_REACTORS
330
50B
102
}
330
50B
100
AcDbXrecord
280
     1
290
     1
  0
XRECORD
  5
50E
102
{ACAD_REACTORS
330
50D
102
}
330
50D
100
AcDbXrecord
280
     1
290
     1
  0
XRECORD
  5
510
102
{ACAD_REACTORS
330
50F
102
}
330
50F
100
AcDbXrecord
280
     1
290
     1
  0
XRECORD
  5
512
102
{ACAD_REACTORS
330
511
102
}
330
511
100
AcDbXrecord
280
     1
290
     1
  0
XRECORD
  5
514
102
{ACAD_REACTORS
330
513
102
}
330
513
100
AcDbXrecord
280
     1
290
     1
  0
XRECORD
  5
516
102
{ACAD_REACTORS
330
515
102
}
330
515
100
AcDbXrecord
280
     1
290
     1
  0
XRECORD
  5
518
102
{ACAD_REACTORS
330
517
102
}
330
517
100
AcDbXrecord
280
     1
290
     1
  0
XRECORD
  5
51A
102
{ACAD_REACTORS
330
519
102
}
330
519
100
AcDbXrecord
280
     1
290
     1
  0
XRECORD
  5
51C
102
{ACAD_REACTORS
330
51B
102
}
330
51B
100
AcDbXrecord
280
     1
290
     1
  0
XRECORD
  5
51E
102
{ACAD_REACTORS
330
51D
102
}
330
51D
100
AcDbXrecord
280
     1
290
     1
  0
XRECORD
  5
520
102
{ACAD_REACTORS
330
51F
102
}
330
51F
100
AcDbXrecord
280
     1
290
     1
  0
XRECORD
  5
522
102
{ACAD_REACTORS
330
521
102
}
330
521
100
AcDbXrecord
280
     1
290
     1
  0
XRECORD
  5
524
102
{ACAD_REACTORS
330
523
102
}
330
523
100
AcDbXrecord
280
     1
290
     1
  0
XRECORD
  5
526
102
{ACAD_REACTORS
330
525
102
}
330
525
100
AcDbXrecord
280
     1
290
     1
  0
XRECORD
  5
528
102
{ACAD_REACTORS
330
527
102
}
330
527
100
AcDbXrecord
280
     1
290
     1
  0
XRECORD
  5
52A
102
{ACAD_REACTORS
330
529
102
}
330
529
100
AcDbXrecord
280
     1
290
     1
  0
XRECORD
  5
52C
102
{ACAD_REACTORS
330
52B
102
}
330
52B
100
AcDbXrecord
280
     1
290
     1
  0
XRECORD
  5
52E
102
{ACAD_REACTORS
330
52D
102
}
330
52D
100
AcDbXrecord
280
     1
290
     1
  0
XRECORD
  5
530
102
{ACAD_REACTORS
330
52F
102
}
330
52F
100
AcDbXrecord
280
     1
290
     1
  0
XRECORD
  5
532
102
{ACAD_REACTORS
330
531
102
}
330
531
100
AcDbXrecord
280
     1
290
     1
  0
XRECORD
  5
534
102
{ACAD_REACTORS
330
533
102
}
330
533
100
AcDbXrecord
280
     1
290
     1
  0
XRECORD
  5
536
102
{ACAD_REACTORS
330
535
102
}
330
535
100
AcDbXrecord
280
     1
290
     1
  0
XRECORD
  5
538
102
{ACAD_REACTORS
330
537
102
}
330
537
100
AcDbXrecord
280
     1
290
     1
  0
XRECORD
  5
53A
102
{ACAD_REACTORS
330
539
102
}
330
539
100
AcDbXrecord
280
     1
290
     1
  0
XRECORD
  5
53C
102
{ACAD_REACTORS
330
53B
102
}
330
53B
100
AcDbXrecord
280
     1
290
     1
  0
XRECORD
  5
53E
102
{ACAD_REACTORS
330
53D
102
}
330
53D
100
AcDbXrecord
280
     1
290
     1
  0
XRECORD
  5
540
102
{ACAD_REACTORS
330
53F
102
}
330
53F
100
AcDbXrecord
280
     1
290
     1
  0
XRECORD
  5
542
102
{ACAD_REACTORS
330
541
102
}
330
541
100
AcDbXrecord
280
     1
290
     1
  0
XRECORD
  5
544
102
{ACAD_REACTORS
330
543
102
}
330
543
100
AcDbXrecord
280
     1
290
     1
  0
XRECORD
  5
546
102
{ACAD_REACTORS
330
545
102
}
330
545
100
AcDbXrecord
280
     1
290
     1
  0
XRECORD
  5
548
102
{ACAD_REACTORS
330
547
102
}
330
547
100
AcDbXrecord
280
     1
290
     1
  0
XRECORD
  5
54A
102
{ACAD_REACTORS
330
549
102
}
330
549
100
AcDbXrecord
280
     1
290
     1
  0
XRECORD
  5
54C
102
{ACAD_REACTORS
330
54B
102
}
330
54B
100
AcDbXrecord
280
     1
290
     1
  0
XRECORD
  5
54E
102
{ACAD_REACTORS
330
54D
102
}
330
54D
100
AcDbXrecord
280
     1
290
     1
  0
XRECORD
  5
550
102
{ACAD_REACTORS
330
54F
102
}
330
54F
100
AcDbXrecord
280
     1
290
     1
  0
XRECORD
  5
552
102
{ACAD_REACTORS
330
551
102
}
330
551
100
AcDbXrecord
280
     1
290
     1
  0
XRECORD
  5
554
102
{ACAD_REACTORS
330
553
102
}
330
553
100
AcDbXrecord
280
     1
290
     1
  0
XRECORD
  5
556
102
{ACAD_REACTORS
330
555
102
}
330
555
100
AcDbXrecord
280
     1
290
     1
  0
XRECORD
  5
558
102
{ACAD_REACTORS
330
557
102
}
330
557
100
AcDbXrecord
280
     1
290
     1
  0
XRECORD
  5
55A
102
{ACAD_REACTORS
330
559
102
}
330
559
100
AcDbXrecord
280
     1
290
     1
  0
XRECORD
  5
55C
102
{ACAD_REACTORS
330
55B
102
}
330
55B
100
AcDbXrecord
280
     1
290
     1
  0
XRECORD
  5
55E
102
{ACAD_REACTORS
330
55D
102
}
330
55D
100
AcDbXrecord
280
     1
290
     1
  0
XRECORD
  5
560
102
{ACAD_REACTORS
330
55F
102
}
330
55F
100
AcDbXrecord
280
     1
290
     1
  0
XRECORD
  5
562
102
{ACAD_REACTORS
330
561
102
}
330
561
100
AcDbXrecord
280
     1
290
     1
  0
XRECORD
  5
564
102
{ACAD_REACTORS
330
563
102
}
330
563
100
AcDbXrecord
280
     1
290
     1
  0
XRECORD
  5
566
102
{ACAD_REACTORS
330
565
102
}
330
565
100
AcDbXrecord
280
     1
290
     1
  0
XRECORD
  5
568
102
{ACAD_REACTORS
330
567
102
}
330
567
100
AcDbXrecord
280
     1
290
     1
  0
XRECORD
  5
56A
102
{ACAD_REACTORS
330
569
102
}
330
569
100
AcDbXrecord
280
     1
290
     1
  0
XRECORD
  5
56C
102
{ACAD_REACTORS
330
56B
102
}
330
56B
100
AcDbXrecord
280
     1
290
     1
  0
XRECORD
  5
56E
102
{ACAD_REACTORS
330
56D
102
}
330
56D
100
AcDbXrecord
280
     1
290
     1
  0
XRECORD
  5
570
102
{ACAD_REACTORS
330
56F
102
}
330
56F
100
AcDbXrecord
280
     1
290
     1
  0
XRECORD
  5
572
102
{ACAD_REACTORS
330
571
102
}
330
571
100
AcDbXrecord
280
     1
290
     1
  0
XRECORD
  5
574
102
{ACAD_REACTORS
330
573
102
}
330
573
100
AcDbXrecord
280
     1
290
     1
  0
XRECORD
  5
576
102
{ACAD_REACTORS
330
575
102
}
330
575
100
AcDbXrecord
280
     1
290
     1
  0
XRECORD
  5
578
102
{ACAD_REACTORS
330
577
102
}
330
577
100
AcDbXrecord
280
     1
290
     1
  0
XRECORD
  5
57A
102
{ACAD_REACTORS
330
579
102
}
330
579
100
AcDbXrecord
280
     1
290
     1
  0
XRECORD
  5
57C
102
{ACAD_REACTORS
330
57B
102
}
330
57B
100
AcDbXrecord
280
     1
290
     1
  0
XRECORD
  5
57E
102
{ACAD_REACTORS
330
57D
102
}
330
57D
100
AcDbXrecord
280
     1
290
     1
  0
XRECORD
  5
580
102
{ACAD_REACTORS
330
57F
102
}
330
57F
100
AcDbXrecord
280
     1
290
     1
  0
XRECORD
  5
582
102
{ACAD_REACTORS
330
581
102
}
330
581
100
AcDbXrecord
280
     1
290
     1
  0
XRECORD
  5
584
102
{ACAD_REACTORS
330
583
102
}
330
583
100
AcDbXrecord
280
     1
290
     1
  0
XRECORD
  5
586
102
{ACAD_REACTORS
330
585
102
}
330
585
100
AcDbXrecord
280
     1
290
     1
  0
XRECORD
  5
588
102
{ACAD_REACTORS
330
587
102
}
330
587
100
AcDbXrecord
280
     1
290
     1
  0
XRECORD
  5
58A
102
{ACAD_REACTORS
330
589
102
}
330
589
100
AcDbXrecord
280
     1
290
     1
  0
XRECORD
  5
58C
102
{ACAD_REACTORS
330
58B
102
}
330
58B
100
AcDbXrecord
280
     1
290
     1
  0
XRECORD
  5
58E
102
{ACAD_REACTORS
330
58D
102
}
330
58D
100
AcDbXrecord
280
     1
290
     1
  0
XRECORD
  5
590
102
{ACAD_REACTORS
330
58F
102
}
330
58F
100
AcDbXrecord
280
     1
290
     1
  0
XRECORD
  5
592
102
{ACAD_REACTORS
330
591
102
}
330
591
100
AcDbXrecord
280
     1
290
     1
  0
XRECORD
  5
594
102
{ACAD_REACTORS
330
593
102
}
330
593
100
AcDbXrecord
280
     1
290
     1
  0
XRECORD
  5
596
102
{ACAD_REACTORS
330
595
102
}
330
595
100
AcDbXrecord
280
     1
290
     1
  0
XRECORD
  5
598
102
{ACAD_REACTORS
330
597
102
}
330
597
100
AcDbXrecord
280
     1
290
     1
  0
XRECORD
  5
59A
102
{ACAD_REACTORS
330
599
102
}
330
599
100
AcDbXrecord
280
     1
290
     1
  0
XRECORD
  5
59C
102
{ACAD_REACTORS
330
59B
102
}
330
59B
100
AcDbXrecord
280
     1
290
     1
  0
XRECORD
  5
59E
102
{ACAD_REACTORS
330
59D
102
}
330
59D
100
AcDbXrecord
280
     1
290
     1
  0
SORTENTSTABLE
  5
2DE
102
{ACAD_REACTORS
330
2DD
102
}
330
2DD
100
AcDbSortentsTable
330
1F
331
2CB
  5
2CF
331
2CF
  5
2EC
331
2E0
  5
2FA
331
2EC
  5
2FB
331
2ED
  5
2FC
331
2EE
  5
2FD
331
2EF
  5
2FE
331
2F5
  5
2EF
331
2F8
  5
2F6
331
2F9
  5
2FF
331
2FA
  5
300
331
2FB
  5
301
331
2FC
  5
302
331
2FD
  5
303
331
2FE
  5
304
331
2FF
  5
305
331
300
  5
306
331
301
  5
307
331
302
  5
2F9
331
304
  5
308
331
305
  5
309
331
306
  5
30A
331
307
  5
30B
331
308
  5
30C
331
309
  5
30D
331
30A
  5
30E
331
30B
  5
313
331
30C
  5
314
331
30D
  5
315
331
30E
  5
316
331
313
  5
317
331
314
  5
318
331
315
  5
319
331
316
  5
31A
331
317
  5
31B
331
318
  5
31C
331
319
  5
31D
331
31A
  5
31E
331
31B
  5
31F
331
31C
  5
320
331
31D
  5
321
331
31E
  5
322
331
31F
  5
3A8
331
320
  5
3B2
331
321
  5
3B3
331
3A8
  5
3B4
331
3B2
  5
3B6
331
3B3
  5
3B7
331
3B4
  5
3B8
331
3B6
  5
3B9
331
3B7
  5
3BA
331
3B8
  5
3BB
331
3B9
  5
3BC
331
3BA
  5
3BD
331
3BB
  5
3BE
331
3BC
  5
2D5
331
3BD
  5
3BF
331
3BE
  5
3FE
331
3BF
  5
3FF
331
3FE
  5
400
331
3FF
  5
401
331
400
  5
402
331
401
  5
4E7
331
402
  5
4E8
331
4E7
  5
4E9
  0
SORTENTSTABLE
  5
2E9
102
{ACAD_REACTORS
330
2E8
102
}
330
2E8
100
AcDbSortentsTable
330
2E2
  0
SORTENTSTABLE
  5
3A5
102
{ACAD_REACTORS
330
3A4
102
}
330
3A4
100
AcDbSortentsTable
330
398
  0
ACDBDETAILVIEWSTYLE
  5
247
102
{ACAD_REACTORS
330
246
102
}
330
246
100
AcDbModelDocViewStyle
 70
     0
  3
Imperial24
290
     1
300
Imperial24
 90
        0
100
AcDbDetailViewStyle
 70
     0
 71
     0
 90
        3
 71
     1
340
11
 62
   256
 40
0.24
340
0
 62
   256
 40
0.24
300

 40
0.36
280
     3
 71
     2
340
16
 90
       25
 62
   256
 71
     3
340
11
 62
   256
 40
0.24
 90
        1
 40
0.75
 90
        1
300
%<\AcVar ViewType \f "%tc1">% %<\AcVar ViewDetailId>%\PSCALE %<\AcVar ViewScale \f "%sn">%
 71
     4
340
16
 90
       25
 62
   256
340
16
 90
       25
 62
   256
280
     0
  0
IMAGEDEF
  5
2B4
102
{ACAD_REACTORS
330
2B2
102
}
330
2B2
100
AcDbRasterImageDef
 90
        0
  1
C:\Users\10333\Desktop\户型图\F1\001\1-3-768x536.jpg
 10
768.0
 20
536.0
 11
0.2645833333333333
 21
0.2645833333333333
280
     1
281
     5
  0
LAYOUT
  5
22
102
{ACAD_REACTORS
330
1A
102
}
330
1A
100
AcDbPlotSettings
  1

  2
none_device
  4
ANSI_A_(8.50_x_11.00_Inches)
  6

 40
6.349999904632568
 41
19.04999923706055
 42
6.350006103515625
 43
19.04998779296875
 44
215.8999938964844
 45
279.3999938964844
 46
0.0
 47
0.0
 48
0.0
 49
0.0
140
0.0
141
0.0
142
1.0
143
2.584895464708373
 70
 11952
 72
     0
 73
     1
 74
     0
  7

 75
     0
147
0.3868628397755418
 76
     0
 77
     2
 78
   300
148
0.0
149
0.0
100
AcDbLayout
  1
Model
 70
     1
 71
     0
 10
0.0
 20
0.0
 11
12.0
 21
9.0
 12
0.0
 22
0.0
 32
0.0
 14
0.0
 24
0.0
 34
0.0
 15
0.0
 25
0.0
 35
0.0
146
0.0
 13
0.0
 23
0.0
 33
0.0
 16
1.0
 26
0.0
 36
0.0
 17
0.0
 27
1.0
 37
0.0
 76
     0
330
1F
331
94
  0
LAYOUT
  5
59
102
{ACAD_REACTORS
330
1A
102
}
330
1A
100
AcDbPlotSettings
  1

  2
None
  4

  6

 40
0.0
 41
0.0
 42
0.0
 43
0.0
 44
0.0
 45
0.0
 46
0.0
 47
0.0
 48
0.0
 49
0.0
140
0.0
141
0.0
142
1.0
143
1.0
 70
   688
 72
     0
 73
     0
 74
     5
  7

 75
    16
147
1.0
 76
     0
 77
     2
 78
   300
148
0.0
149
0.0
100
AcDbLayout
  1
布局1
 70
     1
 71
     1
 10
0.0
 20
0.0
 11
12.0
 21
9.0
 12
0.0
 22
0.0
 32
0.0
 14
0.0
 24
0.0
 34
0.0
 15
0.0
 25
0.0
 35
0.0
146
0.0
 13
0.0
 23
0.0
 33
0.0
 16
1.0
 26
0.0
 36
0.0
 17
0.0
 27
1.0
 37
0.0
 76
     0
330
58
  0
LAYOUT
  5
5E
102
{ACAD_REACTORS
330
1A
102
}
330
1A
100
AcDbPlotSettings
  1

  2
None
  4

  6

 40
0.0
 41
0.0
 42
0.0
 43
0.0
 44
0.0
 45
0.0
 46
0.0
 47
0.0
 48
0.0
 49
0.0
140
0.0
141
0.0
142
1.0
143
1.0
 70
   688
 72
     0
 73
     0
 74
     5
  7

 75
    16
147
1.0
 76
     0
 77
     2
 78
   300
148
0.0
149
0.0
100
AcDbLayout
  1
布局2
 70
     1
 71
     2
 10
0.0
 20
0.0
 11
12.0
 21
9.0
 12
0.0
 22
0.0
 32
0.0
 14
0.0
 24
0.0
 34
0.0
 15
0.0
 25
0.0
 35
0.0
146
0.0
 13
0.0
 23
0.0
 33
0.0
 16
1.0
 26
0.0
 36
0.0
 17
0.0
 27
1.0
 37
0.0
 76
     0
330
5D
  0
MATERIAL
  5
97
102
{ACAD_REACTORS
330
72
102
}
330
72
100
AcDbMaterial
  1
ByBlock
 73
     1
 78
     1
172
     1
176
     1
270
     1
274
     1
 94
       63
  0
MATERIAL
  5
96
102
{ACAD_REACTORS
330
72
102
}
330
72
100
AcDbMaterial
  1
ByLayer
 73
     1
 78
     1
172
     1
176
     1
270
     1
274
     1
 94
       63
  0
MATERIAL
  5
98
102
{ACAD_REACTORS
330
72
102
}
330
72
100
AcDbMaterial
  1
Global
 73
     1
 78
     1
172
     1
176
     1
270
     1
274
     1
 94
       63
  0
MLEADERSTYLE
  5
229
102
{ACAD_REACTORS
330
228
102
}
330
228
100
AcDbMLeaderStyle
179
     2
170
     2
171
     1
172
     0
 90
        2
 40
0.0
 41
0.0
173
     1
 91
-1056964608
340
14
 92
       -2
290
     1
 42
0.09
291
     1
 43
0.36
  3
Standard
 44
0.18
300

342
11
174
     1
178
     6
175
     1
176
     0
 93
-1056964608
 45
0.18
292
     0
297
     0
 46
0.18
 94
-1056964608
 47
1.0
 49
1.0
140
1.0
293
     1
141
0.0
294
     1
177
     0
142
1.0
295
     1
296
     0
143
0.125
271
     0
272
     9
273
     9
298
     1
  0
MLINESTYLE
  5
18
102
{ACAD_REACTORS
330
17
102
}
330
17
100
AcDbMlineStyle
  2
STANDARD
 70
     0
  3

 62
   256
 51
90.0
 52
90.0
 71
     2
 49
0.5
 62
   256
  6
BYLAYER
 49
-0.5
 62
   256
  6
BYLAYER
  0
ACDBPLACEHOLDER
  5
F
102
{ACAD_REACTORS
330
E
102
}
330
E
  0
SCALE
  5
207
102
{ACAD_REACTORS
330
206
102
}
330
206
100
AcDbScale
 70
     0
300
1:1
140
1.0
141
1.0
290
     1
  0
SCALE
  5
208
102
{ACAD_REACTORS
330
206
102
}
330
206
100
AcDbScale
 70
     0
300
1:2
140
1.0
141
2.0
290
     0
  0
SCALE
  5
209
102
{ACAD_REACTORS
330
206
102
}
330
206
100
AcDbScale
 70
     0
300
1:4
140
1.0
141
4.0
290
     0
  0
SCALE
  5
20A
102
{ACAD_REACTORS
330
206
102
}
330
206
100
AcDbScale
 70
     0
300
1:5
140
1.0
141
5.0
290
     0
  0
SCALE
  5
20B
102
{ACAD_REACTORS
330
206
102
}
330
206
100
AcDbScale
 70
     0
300
1:8
140
1.0
141
8.0
290
     0
  0
SCALE
  5
20C
102
{ACAD_REACTORS
330
206
102
}
330
206
100
AcDbScale
 70
     0
300
1:10
140
1.0
141
10.0
290
     0
  0
SCALE
  5
20D
102
{ACAD_REACTORS
330
206
102
}
330
206
100
AcDbScale
 70
     0
300
1:16
140
1.0
141
16.0
290
     0
  0
SCALE
  5
20E
102
{ACAD_REACTORS
330
206
102
}
330
206
100
AcDbScale
 70
     0
300
1:20
140
1.0
141
20.0
290
     0
  0
SCALE
  5
20F
102
{ACAD_REACTORS
330
206
102
}
330
206
100
AcDbScale
 70
     0
300
1:30
140
1.0
141
30.0
290
     0
  0
SCALE
  5
210
102
{ACAD_REACTORS
330
206
102
}
330
206
100
AcDbScale
 70
     0
300
1:40
140
1.0
141
40.0
290
     0
  0
SCALE
  5
211
102
{ACAD_REACTORS
330
206
102
}
330
206
100
AcDbScale
 70
     0
300
1:50
140
1.0
141
50.0
290
     0
  0
SCALE
  5
212
102
{ACAD_REACTORS
330
206
102
}
330
206
100
AcDbScale
 70
     0
300
1:100
140
1.0
141
100.0
290
     0
  0
SCALE
  5
213
102
{ACAD_REACTORS
330
206
102
}
330
206
100
AcDbScale
 70
     0
300
2:1
140
2.0
141
1.0
290
     0
  0
SCALE
  5
214
102
{ACAD_REACTORS
330
206
102
}
330
206
100
AcDbScale
 70
     0
300
4:1
140
4.0
141
1.0
290
     0
  0
SCALE
  5
215
102
{ACAD_REACTORS
330
206
102
}
330
206
100
AcDbScale
 70
     0
300
8:1
140
8.0
141
1.0
290
     0
  0
SCALE
  5
216
102
{ACAD_REACTORS
330
206
102
}
330
206
100
AcDbScale
 70
     0
300
10:1
140
10.0
141
1.0
290
     0
  0
SCALE
  5
217
102
{ACAD_REACTORS
330
206
102
}
330
206
100
AcDbScale
 70
     0
300
100:1
140
100.0
141
1.0
290
     0
  0
SCALE
  5
218
102
{ACAD_REACTORS
330
206
102
}
330
206
100
AcDbScale
 70
     0
300
1/128" = 1'-0"
140
0.0078125
141
12.0
290
     0
  0
SCALE
  5
219
102
{ACAD_REACTORS
330
206
102
}
330
206
100
AcDbScale
 70
     0
300
1/64" = 1'-0"
140
0.015625
141
12.0
290
     0
  0
SCALE
  5
21A
102
{ACAD_REACTORS
330
206
102
}
330
206
100
AcDbScale
 70
     0
300
1/32" = 1'-0"
140
0.03125
141
12.0
290
     0
  0
SCALE
  5
21B
102
{ACAD_REACTORS
330
206
102
}
330
206
100
AcDbScale
 70
     0
300
1/16" = 1'-0"
140
0.0625
141
12.0
290
     0
  0
SCALE
  5
21C
102
{ACAD_REACTORS
330
206
102
}
330
206
100
AcDbScale
 70
     0
300
3/32" = 1'-0"
140
0.09375
141
12.0
290
     0
  0
SCALE
  5
21D
102
{ACAD_REACTORS
330
206
102
}
330
206
100
AcDbScale
 70
     0
300
1/8" = 1'-0"
140
0.125
141
12.0
290
     0
  0
SCALE
  5
21E
102
{ACAD_REACTORS
330
206
102
}
330
206
100
AcDbScale
 70
     0
300
3/16" = 1'-0"
140
0.1875
141
12.0
290
     0
  0
SCALE
  5
21F
102
{ACAD_REACTORS
330
206
102
}
330
206
100
AcDbScale
 70
     0
300
1/4" = 1'-0"
140
0.25
141
12.0
290
     0
  0
SCALE
  5
220
102
{ACAD_REACTORS
330
206
102
}
330
206
100
AcDbScale
 70
     0
300
3/8" = 1'-0"
140
0.375
141
12.0
290
     0
  0
SCALE
  5
221
102
{ACAD_REACTORS
330
206
102
}
330
206
100
AcDbScale
 70
     0
300
1/2" = 1'-0"
140
0.5
141
12.0
290
     0
  0
SCALE
  5
222
102
{ACAD_REACTORS
330
206
102
}
330
206
100
AcDbScale
 70
     0
300
3/4" = 1'-0"
140
0.75
141
12.0
290
     0
  0
SCALE
  5
223
102
{ACAD_REACTORS
330
206
102
}
330
206
100
AcDbScale
 70
     0
300
1" = 1'-0"
140
1.0
141
12.0
290
     0
  0
SCALE
  5
224
102
{ACAD_REACTORS
330
206
102
}
330
206
100
AcDbScale
 70
     0
300
1-1/2" = 1'-0"
140
1.5
141
12.0
290
     0
  0
SCALE
  5
225
102
{ACAD_REACTORS
330
206
102
}
330
206
100
AcDbScale
 70
     0
300
3" = 1'-0"
140
3.0
141
12.0
290
     0
  0
SCALE
  5
226
102
{ACAD_REACTORS
330
206
102
}
330
206
100
AcDbScale
 70
     0
300
6" = 1'-0"
140
6.0
141
12.0
290
     0
  0
SCALE
  5
227
102
{ACAD_REACTORS
330
206
102
}
330
206
100
AcDbScale
 70
     0
300
1'-0" = 1'-0"
140
12.0
141
12.0
290
     0
  0
ACDBSECTIONVIEWSTYLE
  5
245
102
{ACAD_REACTORS
330
244
102
}
330
244
100
AcDbModelDocViewStyle
 70
     0
  3
Imperial24
290
     1
300
Imperial24
 90
        0
100
AcDbSectionViewStyle
 70
     0
 71
     0
 90
       78
 71
     1
340
11
 62
   256
 40
0.24
340
0
340
0
 62
   256
 40
0.24
300
I, O, Q, S, X, Z
 40
0.48
 90
        3
 40
0.18
 90
        1
 71
     2
340
16
 90
       25
 62
   256
340
16
 90
       50
 62
   256
 40
0.24
 40
0.0
 40
0.24
 71
     3
340
11
 62
   256
 40
0.24
 90
        1
 40
0.75
 90
        1
300
%<\AcVar ViewType \f "%tc1">% %<\AcVar ViewSectionStartId>%-%<\AcVar ViewSectionEndId>%\PSCALE %<\AcVar ViewScale \f "%sn">%
 71
     4
 62
   256
 62
   257
300
ANSI31
 40
1.0
 90
        0
290
     0
290
     0
 90
        6
 40
0.0
 40
1.570796326794896
 40
0.2617993877991494
 40
1.308996938995747
 40
-0.2617993877991494
 40
1.832595714594046
  0
TABLESTYLE
  5
87
102
{ACAD_XDICTIONARY
360
232
102
}
102
{ACAD_REACTORS
330
86
102
}
330
86
100
AcDbTableStyle
280
     0
  3
Standard
 70
     0
 71
     0
 40
0.06
 41
0.06
280
     0
281
     0
  7
Standard
140
0.18
170
     2
 62
     0
 63
     7
283
     0
 90
      512
 91
        0
  1

274
    -2
284
     1
 64
     0
275
    -2
285
     1
 65
     0
276
    -2
286
     1
 66
     0
277
    -2
287
     1
 67
     0
278
    -2
288
     1
 68
     0
279
    -2
289
     1
 69
     0
  7
Standard
140
0.25
170
     5
 62
     0
 63
     7
283
     0
 90
      512
 91
        0
  1

274
    -2
284
     1
 64
     0
275
    -2
285
     1
 65
     0
276
    -2
286
     1
 66
     0
277
    -2
287
     1
 67
     0
278
    -2
288
     1
 68
     0
279
    -2
289
     1
 69
     0
  7
Standard
140
0.18
170
     5
 62
     0
 63
     7
283
     0
 90
      512
 91
        0
  1

274
    -2
284
     1
 64
     0
275
    -2
285
     1
 65
     0
276
    -2
286
     1
 66
     0
277
    -2
287
     1
 67
     0
278
    -2
288
     1
 68
     0
279
    -2
289
     1
 69
     0
  0
VISUALSTYLE
  5
9F
102
{ACAD_REACTORS
330
99
102
}
330
99
100
AcDbVisualStyle
  2
2dWireframe
 70
     4
177
     3
291
     0
 70
    58
 90
        0
176
     1
 90
        2
176
     1
 90
        1
176
     1
 90
        0
176
     1
 40
0.6
176
     1
 40
30.0
176
     1
 62
     7
420
 16777215
176
     1
 90
        1
176
     1
 90
        4
176
     1
 62
     7
176
     1
 62
   257
176
     1
 90
        1
176
     1
 90
        1
176
     1
 40
1.0
176
     1
 90
        0
176
     1
 62
   257
176
     1
 40
1.0
176
     1
 90
        1
176
     1
 90
        6
176
     1
 90
        2
176
     1
 62
     7
176
     1
 90
        5
176
     1
 90
        0
176
     1
 90
        0
176
     1
290
     0
176
     1
 90
        1
176
     1
 40
0.0
176
     1
 90
        0
176
     1
290
     1
176
     1
290
     1
176
     1
290
     0
176
     1
290
     0
176
     1
290
     0
176
     1
290
     0
176
     1
290
     0
176
     1
290
     0
176
     1
290
     0
176
     1
 90
       50
176
     1
 40
0.0
176
     1
 40
1.0
176
     1
 90
        0
176
     1
 62
    18
420
        0
176
     1
 90
       50
176
     1
 90
        3
176
     1
 62
     5
420
      255
176
     1
290
     0
176
     1
 90
       50
176
     1
 90
       50
176
     1
 90
       50
176
     1
290
     0
176
     1
 90
       50
176
     1
 62
   256
176
     0
 40
1.0
176
     0
 90
        2
176
     1
  1
strokes_ogs.tif
176
     1
290
     0
176
     1
 40
1.0
176
     1
 40
1.0
176
     1
  0
VISUALSTYLE
  5
A1
102
{ACAD_REACTORS
330
99
102
}
330
99
100
AcDbVisualStyle
  2
3D Hidden
 70
     6
177
     3
291
     0
 70
    58
 90
        1
176
     1
 90
        2
176
     1
 90
        2
176
     1
 90
        0
176
     1
 40
0.6
176
     1
 40
30.0
176
     1
 62
     7
420
 16777215
176
     1
 90
        2
176
     1
 90
        2
176
     1
 62
     7
176
     1
 62
   257
176
     1
 90
        2
176
     1
 90
        1
176
     1
 40
40.0
176
     1
 90
        0
176
     1
 62
   257
176
     1
 40
1.0
176
     1
 90
        1
176
     1
 90
        6
176
     1
 90
        2
176
     1
 62
     7
176
     1
 90
        3
176
     1
 90
        0
176
     1
 90
        0
176
     1
290
     0
176
     1
 90
        1
176
     1
 40
0.0
176
     1
 90
        0
176
     1
290
     0
176
     1
290
     1
176
     1
290
     1
176
     1
290
     0
176
     1
290
     0
176
     1
290
     0
176
     1
290
     0
176
     1
290
     0
176
     1
290
     0
176
     1
 90
       50
176
     1
 40
0.0
176
     1
 40
1.0
176
     1
 90
        0
176
     1
 62
    18
420
        0
176
     1
 90
       50
176
     1
 90
        3
176
     1
 62
     5
420
      255
176
     1
290
     0
176
     1
 90
       50
176
     1
 90
       50
176
     1
 90
       50
176
     1
290
     0
176
     1
 90
       50
176
     1
 62
   256
176
     0
 40
1.0
176
     0
 90
        2
176
     1
  1
strokes_ogs.tif
176
     1
290
     0
176
     1
 40
1.0
176
     1
 40
1.0
176
     1
  0
VISUALSTYLE
  5
A0
102
{ACAD_REACTORS
330
99
102
}
330
99
100
AcDbVisualStyle
  2
3dWireframe
 70
     5
177
     3
291
     0
 70
    58
 90
        0
176
     1
 90
        2
176
     1
 90
        1
176
     1
 90
        0
176
     1
 40
0.6
176
     1
 40
30.0
176
     1
 62
     7
420
 16777215
176
     1
 90
        1
176
     1
 90
        4
176
     1
 62
     7
176
     1
 62
   257
176
     1
 90
        1
176
     1
 90
        1
176
     1
 40
1.0
176
     1
 90
        0
176
     1
 62
   257
176
     1
 40
1.0
176
     1
 90
        1
176
     1
 90
        6
176
     1
 90
        2
176
     1
 62
     7
176
     1
 90
        5
176
     1
 90
        0
176
     1
 90
        0
176
     1
290
     0
176
     1
 90
        1
176
     1
 40
0.0
176
     1
 90
        0
176
     1
290
     0
176
     1
290
     1
176
     1
290
     1
176
     1
290
     0
176
     1
290
     0
176
     1
290
     0
176
     1
290
     0
176
     1
290
     0
176
     1
290
     0
176
     1
 90
       50
176
     1
 40
0.0
176
     1
 40
1.0
176
     1
 90
        0
176
     1
 62
    18
420
        0
176
     1
 90
       50
176
     1
 90
        3
176
     1
 62
     5
420
      255
176
     1
290
     0
176
     1
 90
       50
176
     1
 90
       50
176
     1
 90
       50
176
     1
290
     0
176
     1
 90
       50
176
     1
 62
   256
176
     0
 40
1.0
176
     0
 90
        2
176
     1
  1
strokes_ogs.tif
176
     1
290
     0
176
     1
 40
1.0
176
     1
 40
1.0
176
     1
  0
VISUALSTYLE
  5
9E
102
{ACAD_REACTORS
330
99
102
}
330
99
100
AcDbVisualStyle
  2
Basic
 70
     7
177
     3
291
     1
 70
    58
 90
        1
176
     1
 90
        0
176
     1
 90
        1
176
     1
 90
        0
176
     1
 40
0.6
176
     1
 40
30.0
176
     1
 62
     7
420
 16777215
176
     1
 90
        0
176
     1
 90
        4
176
     1
 62
     7
176
     1
 62
   257
176
     1
 90
        1
176
     1
 90
        1
176
     1
 40
1.0
176
     1
 90
        8
176
     1
 62
     7
176
     1
 40
1.0
176
     1
 90
        1
176
     1
 90
        6
176
     1
 90
        2
176
     1
 62
     7
176
     1
 90
        5
176
     1
 90
        0
176
     1
 90
        0
176
     1
290
     0
176
     1
 90
        1
176
     1
 40
0.0
176
     1
 90
        0
176
     1
290
     0
176
     1
290
     1
176
     1
290
     1
176
     1
290
     0
176
     1
290
     0
176
     1
290
     0
176
     1
290
     0
176
     1
290
     0
176
     1
290
     0
176
     1
 90
       50
176
     1
 40
0.0
176
     1
 40
1.0
176
     1
 90
        0
176
     1
 62
    18
420
        0
176
     1
 90
       50
176
     1
 90
        3
176
     1
 62
     5
420
      255
176
     1
290
     0
176
     1
 90
       50
176
     1
 90
       50
176
     1
 90
       50
176
     1
290
     0
176
     1
 90
       50
176
     1
 62
   256
176
     0
 40
1.0
176
     0
 90
        2
176
     1
  1
strokes_ogs.tif
176
     1
290
     0
176
     1
 40
1.0
176
     1
 40
1.0
176
     1
  0
VISUALSTYLE
  5
A5
102
{ACAD_REACTORS
330
99
102
}
330
99
100
AcDbVisualStyle
  2
Brighten
 70
    12
177
     3
291
     1
 70
    58
 90
        2
176
     1
 90
        2
176
     1
 90
        1
176
     1
 90
        0
176
     1
 40
0.6
176
     1
 40
30.0
176
     1
 62
     7
420
 16777215
176
     1
 90
        1
176
     1
 90
        4
176
     1
 62
     7
176
     1
 62
   257
176
     1
 90
        1
176
     1
 90
        1
176
     1
 40
1.0
176
     1
 90
        8
176
     1
 62
     7
176
     1
 40
1.0
176
     1
 90
        1
176
     1
 90
        6
176
     1
 90
        2
176
     1
 62
     7
176
     1
 90
        5
176
     1
 90
        0
176
     1
 90
        0
176
     1
290
     0
176
     1
 90
        1
176
     1
 40
50.0
176
     1
 90
        0
176
     1
290
     0
176
     1
290
     1
176
     1
290
     1
176
     1
290
     0
176
     1
290
     0
176
     1
290
     0
176
     1
290
     0
176
     1
290
     0
176
     1
290
     0
176
     1
 90
       50
176
     1
 40
0.0
176
     1
 40
1.0
176
     1
 90
        0
176
     1
 62
    18
420
        0
176
     1
 90
       50
176
     1
 90
        3
176
     1
 62
     5
420
      255
176
     1
290
     0
176
     1
 90
       50
176
     1
 90
       50
176
     1
 90
       50
176
     1
290
     0
176
     1
 90
       50
176
     1
 62
   256
176
     0
 40
1.0
176
     0
 90
        2
176
     1
  1
strokes_ogs.tif
176
     1
290
     0
176
     1
 40
1.0
176
     1
 40
1.0
176
     1
  0
VISUALSTYLE
  5
AA
102
{ACAD_REACTORS
330
99
102
}
330
99
100
AcDbVisualStyle
  2
ColorChange
 70
    17
177
     3
291
     1
 70
    58
 90
        2
176
     1
 90
        2
176
     1
 90
        1
176
     1
 90
        0
176
     1
 40
0.6
176
     1
 40
30.0
176
     1
 62
     7
420
 16777215
176
     1
 90
        1
176
     1
 90
        4
176
     1
 62
     7
176
     1
 62
   257
176
     1
 90
        1
176
     1
 90
        1
176
     1
 40
1.0
176
     1
 90
        8
176
     1
 62
     7
176
     1
 40
1.0
176
     1
 90
        1
176
     1
 90
        6
176
     1
 90
        2
176
     1
 62
     7
176
     1
 90
        5
176
     1
 90
        0
176
     1
 90
        0
176
     1
290
     0
176
     1
 90
        1
176
     1
 40
0.0
176
     1
 90
        0
176
     1
290
     0
176
     1
290
     1
176
     1
290
     1
176
     1
290
     0
176
     1
290
     0
176
     1
290
     0
176
     1
290
     0
176
     1
290
     0
176
     1
290
     0
176
     1
 90
       50
176
     1
 40
0.0
176
     1
 40
1.0
176
     1
 90
        0
176
     1
 62
    18
420
        0
176
     1
 90
       50
176
     1
 90
        3
176
     1
 62
     5
420
      255
176
     1
290
     0
176
     1
 90
       50
176
     1
 90
       50
176
     1
 90
       50
176
     1
290
     0
176
     1
 90
       50
176
     1
 62
   256
176
     0
 40
1.0
176
     0
 90
        2
176
     1
  1
strokes_ogs.tif
176
     1
290
     0
176
     1
 40
1.0
176
     1
 40
1.0
176
     1
  0
VISUALSTYLE
  5
A2
102
{ACAD_REACTORS
330
99
102
}
330
99
100
AcDbVisualStyle
  2
Conceptual
 70
     9
177
     3
291
     0
 70
    58
 90
        3
176
     1
 90
        2
176
     1
 90
        1
176
     1
 90
        0
176
     1
 40
0.6
176
     1
 40
30.0
176
     1
 62
     7
420
 16777215
176
     1
 90
        2
176
     1
 90
        2
176
     1
 62
     7
176
     1
 62
   257
176
     1
 90
        1
176
     1
 90
        1
176
     1
 40
40.0
176
     1
 90
        8
176
     1
 62
     7
176
     1
 40
1.0
176
     1
 90
        1
176
     1
 90
        6
176
     1
 90
        2
176
     1
 62
     7
176
     1
 90
        3
176
     1
 90
        0
176
     1
 90
        0
176
     1
290
     0
176
     1
 90
        1
176
     1
 40
0.0
176
     1
 90
        0
176
     1
290
     0
176
     1
290
     1
176
     1
290
     1
176
     1
290
     0
176
     1
290
     0
176
     1
290
     0
176
     1
290
     0
176
     1
290
     0
176
     1
290
     0
176
     1
 90
       50
176
     1
 40
0.0
176
     1
 40
1.0
176
     1
 90
        0
176
     1
 62
    18
420
        0
176
     1
 90
       50
176
     1
 90
        3
176
     1
 62
     5
420
      255
176
     1
290
     0
176
     1
 90
       50
176
     1
 90
       50
176
     1
 90
       50
176
     1
290
     0
176
     1
 90
       50
176
     1
 62
   256
176
     0
 40
1.0
176
     0
 90
        2
176
     1
  1
strokes_ogs.tif
176
     1
290
     0
176
     1
 40
1.0
176
     1
 40
1.0
176
     1
  0
VISUALSTYLE
  5
A4
102
{ACAD_REACTORS
330
99
102
}
330
99
100
AcDbVisualStyle
  2
Dim
 70
    11
177
     3
291
     1
 70
    58
 90
        2
176
     1
 90
        2
176
     1
 90
        1
176
     1
 90
        0
176
     1
 40
0.6
176
     1
 40
30.0
176
     1
 62
     7
420
 16777215
176
     1
 90
        1
176
     1
 90
        4
176
     1
 62
     7
176
     1
 62
   257
176
     1
 90
        1
176
     1
 90
        1
176
     1
 40
1.0
176
     1
 90
        8
176
     1
 62
     7
176
     1
 40
1.0
176
     1
 90
        1
176
     1
 90
        6
176
     1
 90
        2
176
     1
 62
     7
176
     1
 90
        5
176
     1
 90
        0
176
     1
 90
        0
176
     1
290
     0
176
     1
 90
        1
176
     1
 40
-50.0
176
     1
 90
        0
176
     1
290
     0
176
     1
290
     1
176
     1
290
     1
176
     1
290
     0
176
     1
290
     0
176
     1
290
     0
176
     1
290
     0
176
     1
290
     0
176
     1
290
     0
176
     1
 90
       50
176
     1
 40
0.0
176
     1
 40
1.0
176
     1
 90
        0
176
     1
 62
    18
420
        0
176
     1
 90
       50
176
     1
 90
        3
176
     1
 62
     5
420
      255
176
     1
290
     0
176
     1
 90
       50
176
     1
 90
       50
176
     1
 90
       50
176
     1
290
     0
176
     1
 90
       50
176
     1
 62
   256
176
     0
 40
1.0
176
     0
 90
        2
176
     1
  1
strokes_ogs.tif
176
     1
290
     0
176
     1
 40
1.0
176
     1
 40
1.0
176
     1
  0
VISUALSTYLE
  5
243
102
{ACAD_REACTORS
330
99
102
}
330
99
100
AcDbVisualStyle
  2
EdgeColorOff
 70
    22
177
     3
291
     1
 70
    58
 90
        2
176
     0
 90
        2
176
     0
 90
        0
176
     0
 90
        0
176
     0
 40
0.6
176
     0
 40
30.0
176
     0
 62
     7
420
 16777215
176
     0
 90
        1
176
     0
 90
        4
176
     0
 62
     7
176
     0
 62
   257
176
     0
 90
        1
176
     0
 90
        1
176
     0
 40
1.0
176
     0
 90
        8
176
     2
 62
     7
176
     0
 40
1.0
176
     0
 90
        1
176
     0
 90
        6
176
     0
 90
        2
176
     0
 62
     7
176
     0
 90
        5
176
     0
 90
        0
176
     0
 90
        0
176
     0
290
     0
176
     0
 90
        1
176
     0
 40
0.0
176
     0
 90
        0
176
     0
290
     0
176
     0
290
     1
176
     0
290
     1
176
     0
290
     0
176
     0
290
     0
176
     0
290
     0
176
     0
290
     0
176
     0
290
     0
176
     0
290
     0
176
     0
 90
       50
176
     0
 40
0.0
176
     0
 40
1.0
176
     0
 90
        0
176
     0
 62
    18
420
        0
176
     0
 90
       50
176
     0
 90
        3
176
     0
 62
     5
420
      255
176
     0
290
     0
176
     0
 90
       50
176
     0
 90
       50
176
     0
 90
       50
176
     0
290
     0
176
     0
 90
       50
176
     0
 62
   256
176
     0
 40
1.0
176
     0
 90
        2
176
     0
  1
strokes_ogs.tif
176
     0
290
     0
176
     0
 40
1.0
176
     0
 40
1.0
176
     0
  0
VISUALSTYLE
  5
A9
102
{ACAD_REACTORS
330
99
102
}
330
99
100
AcDbVisualStyle
  2
Facepattern
 70
    16
177
     3
291
     1
 70
    58
 90
        2
176
     1
 90
        2
176
     1
 90
        3
176
     1
 90
        0
176
     1
 40
0.6
176
     1
 40
30.0
176
     1
 62
     8
420
  8421504
176
     1
 90
        1
176
     1
 90
        4
176
     1
 62
     7
176
     1
 62
   257
176
     1
 90
        1
176
     1
 90
        1
176
     1
 40
1.0
176
     1
 90
        8
176
     1
 62
     8
420
  8421504
176
     1
 40
1.0
176
     1
 90
        1
176
     1
 90
        6
176
     1
 90
        2
176
     1
 62
     7
176
     1
 90
        5
176
     1
 90
        0
176
     1
 90
        0
176
     1
290
     0
176
     1
 90
        1
176
     1
 40
0.0
176
     1
 90
        0
176
     1
290
     0
176
     1
290
     1
176
     1
290
     1
176
     1
290
     0
176
     1
290
     0
176
     1
290
     0
176
     1
290
     0
176
     1
290
     0
176
     1
290
     0
176
     1
 90
       50
176
     1
 40
0.0
176
     1
 40
1.0
176
     1
 90
        0
176
     1
 62
    18
420
        0
176
     1
 90
       50
176
     1
 90
        3
176
     1
 62
     5
420
      255
176
     1
290
     0
176
     1
 90
       50
176
     1
 90
       50
176
     1
 90
       50
176
     1
290
     0
176
     1
 90
       50
176
     1
 62
   256
176
     0
 40
1.0
176
     0
 90
        2
176
     1
  1
strokes_ogs.tif
176
     1
290
     0
176
     1
 40
1.0
176
     1
 40
1.0
176
     1
  0
VISUALSTYLE
  5
9A
102
{ACAD_REACTORS
330
99
102
}
330
99
100
AcDbVisualStyle
  2
Flat
 70
     0
177
     3
291
     1
 70
    58
 90
        2
176
     1
 90
        1
176
     1
 90
        1
176
     1
 90
        2
176
     1
 40
0.6
176
     1
 40
30.0
176
     1
 62
     7
420
 16777215
176
     1
 90
        0
176
     1
 90
        4
176
     1
 62
     7
176
     1
 62
   257
176
     1
 90
        1
176
     1
 90
        1
176
     1
 40
1.0
176
     1
 90
        8
176
     1
 62
     7
176
     1
 40
1.0
176
     1
 90
        1
176
     1
 90
        6
176
     1
 90
        2
176
     1
 62
     7
176
     1
 90
        5
176
     1
 90
        0
176
     1
 90
        0
176
     1
290
     0
176
     1
 90
        1
176
     1
 40
0.0
176
     1
 90
        0
176
     1
290
     0
176
     1
290
     1
176
     1
290
     1
176
     1
290
     0
176
     1
290
     0
176
     1
290
     0
176
     1
290
     0
176
     1
290
     0
176
     1
290
     0
176
     1
 90
       50
176
     1
 40
0.0
176
     1
 40
1.0
176
     1
 90
        0
176
     1
 62
    18
420
        0
176
     1
 90
       50
176
     1
 90
        3
176
     1
 62
     5
420
      255
176
     1
290
     0
176
     1
 90
       50
176
     1
 90
       50
176
     1
 90
       50
176
     1
290
     0
176
     1
 90
       50
176
     1
 62
   256
176
     0
 40
1.0
176
     0
 90
        2
176
     1
  1
strokes_ogs.tif
176
     1
290
     0
176
     1
 40
1.0
176
     1
 40
1.0
176
     1
  0
VISUALSTYLE
  5
9B
102
{ACAD_REACTORS
330
99
102
}
330
99
100
AcDbVisualStyle
  2
FlatWithEdges
 70
     1
177
     3
291
     1
 70
    58
 90
        2
176
     1
 90
        1
176
     1
 90
        1
176
     1
 90
        2
176
     1
 40
0.6
176
     1
 40
30.0
176
     1
 62
     7
420
 16777215
176
     1
 90
        1
176
     1
 90
        4
176
     1
 62
     7
176
     1
 62
   257
176
     1
 90
        1
176
     1
 90
        1
176
     1
 40
1.0
176
     1
 90
        0
176
     1
 62
   257
176
     1
 40
1.0
176
     1
 90
        1
176
     1
 90
        6
176
     1
 90
        2
176
     1
 62
     7
176
     1
 90
        5
176
     1
 90
        0
176
     1
 90
        0
176
     1
290
     0
176
     1
 90
        1
176
     1
 40
0.0
176
     1
 90
        0
176
     1
290
     0
176
     1
290
     1
176
     1
290
     1
176
     1
290
     0
176
     1
290
     0
176
     1
290
     0
176
     1
290
     0
176
     1
290
     0
176
     1
290
     0
176
     1
 90
       50
176
     1
 40
0.0
176
     1
 40
1.0
176
     1
 90
        0
176
     1
 62
    18
420
        0
176
     1
 90
       50
176
     1
 90
        3
176
     1
 62
     5
420
      255
176
     1
290
     0
176
     1
 90
       50
176
     1
 90
       50
176
     1
 90
       50
176
     1
290
     0
176
     1
 90
       50
176
     1
 62
   256
176
     0
 40
1.0
176
     0
 90
        2
176
     1
  1
strokes_ogs.tif
176
     1
290
     0
176
     1
 40
1.0
176
     1
 40
1.0
176
     1
  0
VISUALSTYLE
  5
9C
102
{ACAD_REACTORS
330
99
102
}
330
99
100
AcDbVisualStyle
  2
Gouraud
 70
     2
177
     3
291
     1
 70
    58
 90
        2
176
     1
 90
        2
176
     1
 90
        1
176
     1
 90
        2
176
     1
 40
0.6
176
     1
 40
30.0
176
     1
 62
     7
420
 16777215
176
     1
 90
        0
176
     1
 90
        4
176
     1
 62
     7
176
     1
 62
   257
176
     1
 90
        1
176
     1
 90
        1
176
     1
 40
1.0
176
     1
 90
        0
176
     1
 62
     7
176
     1
 40
1.0
176
     1
 90
        1
176
     1
 90
        6
176
     1
 90
        2
176
     1
 62
     7
176
     1
 90
        5
176
     1
 90
        0
176
     1
 90
        0
176
     1
290
     0
176
     1
 90
        1
176
     1
 40
0.0
176
     1
 90
        0
176
     1
290
     0
176
     1
290
     1
176
     1
290
     1
176
     1
290
     0
176
     1
290
     0
176
     1
290
     0
176
     1
290
     0
176
     1
290
     0
176
     1
290
     0
176
     1
 90
       50
176
     1
 40
0.0
176
     1
 40
1.0
176
     1
 90
        0
176
     1
 62
    18
420
        0
176
     1
 90
       50
176
     1
 90
        3
176
     1
 62
     5
420
      255
176
     1
290
     0
176
     1
 90
       50
176
     1
 90
       50
176
     1
 90
       50
176
     1
290
     0
176
     1
 90
       50
176
     1
 62
   256
176
     0
 40
1.0
176
     0
 90
        2
176
     1
  1
strokes_ogs.tif
176
     1
290
     0
176
     1
 40
1.0
176
     1
 40
1.0
176
     1
  0
VISUALSTYLE
  5
9D
102
{ACAD_REACTORS
330
99
102
}
330
99
100
AcDbVisualStyle
  2
GouraudWithEdges
 70
     3
177
     3
291
     1
 70
    58
 90
        2
176
     1
 90
        2
176
     1
 90
        1
176
     1
 90
        2
176
     1
 40
0.6
176
     1
 40
30.0
176
     1
 62
     7
420
 16777215
176
     1
 90
        1
176
     1
 90
        4
176
     1
 62
     7
176
     1
 62
   257
176
     1
 90
        1
176
     1
 90
        1
176
     1
 40
1.0
176
     1
 90
        0
176
     1
 62
   257
176
     1
 40
1.0
176
     1
 90
        1
176
     1
 90
        6
176
     1
 90
        2
176
     1
 62
     7
176
     1
 90
        5
176
     1
 90
        0
176
     1
 90
        0
176
     1
290
     0
176
     1
 90
        1
176
     1
 40
0.0
176
     1
 90
        0
176
     1
290
     0
176
     1
290
     1
176
     1
290
     1
176
     1
290
     0
176
     1
290
     0
176
     1
290
     0
176
     1
290
     0
176
     1
290
     0
176
     1
290
     0
176
     1
 90
       50
176
     1
 40
0.0
176
     1
 40
1.0
176
     1
 90
        0
176
     1
 62
    18
420
        0
176
     1
 90
       50
176
     1
 90
        3
176
     1
 62
     5
420
      255
176
     1
290
     0
176
     1
 90
       50
176
     1
 90
       50
176
     1
 90
       50
176
     1
290
     0
176
     1
 90
       50
176
     1
 62
   256
176
     0
 40
1.0
176
     0
 90
        2
176
     1
  1
strokes_ogs.tif
176
     1
290
     0
176
     1
 40
1.0
176
     1
 40
1.0
176
     1
  0
VISUALSTYLE
  5
23B
102
{ACAD_REACTORS
330
99
102
}
330
99
100
AcDbVisualStyle
  2
Hidden
 70
     6
177
     3
291
     0
 70
    58
 90
        1
176
     1
 90
        2
176
     1
 90
        2
176
     1
 90
        0
176
     1
 40
0.6
176
     1
 40
30.0
176
     1
 62
     7
420
 16777215
176
     1
 90
        2
176
     1
 90
        2
176
     1
 62
     7
176
     1
 62
   257
176
     1
 90
        2
176
     1
 90
        1
176
     1
 40
40.0
176
     1
 90
        0
176
     1
 62
   257
176
     1
 40
1.0
176
     1
 90
        1
176
     1
 90
        6
176
     1
 90
        2
176
     1
 62
     7
176
     1
 90
        3
176
     1
 90
        0
176
     1
 90
        0
176
     1
290
     0
176
     1
 90
        1
176
     1
 40
0.0
176
     1
 90
        0
176
     1
290
     0
176
     1
290
     1
176
     1
290
     1
176
     1
290
     0
176
     1
290
     0
176
     1
290
     0
176
     1
290
     0
176
     1
290
     0
176
     1
290
     0
176
     1
 90
       50
176
     1
 40
0.0
176
     1
 40
1.0
176
     1
 90
        0
176
     1
 62
    18
420
        0
176
     1
 90
       50
176
     1
 90
        3
176
     1
 62
     5
420
      255
176
     1
290
     0
176
     1
 90
       50
176
     1
 90
       50
176
     1
 90
       50
176
     1
290
     0
176
     1
 90
       50
176
     1
 62
   256
176
     0
 40
1.0
176
     0
 90
        2
176
     1
  1
strokes_ogs.tif
176
     1
290
     0
176
     1
 40
1.0
176
     1
 40
1.0
176
     1
  0
VISUALSTYLE
  5
241
102
{ACAD_REACTORS
330
99
102
}
330
99
100
AcDbVisualStyle
  2
JitterOff
 70
    20
177
     3
291
     1
 70
    58
 90
        2
176
     0
 90
        2
176
     0
 90
        0
176
     0
 90
        0
176
     0
 40
0.6
176
     0
 40
30.0
176
     0
 62
     7
420
 16777215
176
     0
 90
        1
176
     0
 90
        4
176
     0
 62
     7
176
     0
 62
   257
176
     0
 90
        1
176
     0
 90
        1
176
     0
 40
1.0
176
     0
 90
       10
176
     2
 62
     7
176
     0
 40
1.0
176
     0
 90
        1
176
     0
 90
        6
176
     0
 90
        2
176
     0
 62
     7
176
     0
 90
        5
176
     0
 90
        0
176
     0
 90
        0
176
     0
290
     0
176
     0
 90
        1
176
     0
 40
0.0
176
     0
 90
        0
176
     0
290
     0
176
     0
290
     1
176
     0
290
     1
176
     0
290
     0
176
     0
290
     0
176
     0
290
     0
176
     0
290
     0
176
     0
290
     0
176
     0
290
     0
176
     0
 90
       50
176
     0
 40
0.0
176
     0
 40
1.0
176
     0
 90
        0
176
     0
 62
    18
420
        0
176
     0
 90
       50
176
     0
 90
        3
176
     0
 62
     5
420
      255
176
     0
290
     0
176
     0
 90
       50
176
     0
 90
       50
176
     0
 90
       50
176
     0
290
     0
176
     0
 90
       50
176
     0
 62
   256
176
     0
 40
1.0
176
     0
 90
        2
176
     0
  1
strokes_ogs.tif
176
     0
290
     0
176
     0
 40
1.0
176
     0
 40
1.0
176
     0
  0
VISUALSTYLE
  5
A8
102
{ACAD_REACTORS
330
99
102
}
330
99
100
AcDbVisualStyle
  2
Linepattern
 70
    15
177
     3
291
     1
 70
    58
 90
        2
176
     1
 90
        2
176
     1
 90
        1
176
     1
 90
        0
176
     1
 40
0.6
176
     1
 40
30.0
176
     1
 62
     7
420
 16777215
176
     1
 90
        1
176
     1
 90
        4
176
     1
 62
     7
176
     1
 62
   257
176
     1
 90
        1
176
     1
 90
        1
176
     1
 40
1.0
176
     1
 90
        8
176
     1
 62
     7
176
     1
 40
1.0
176
     1
 90
        1
176
     1
 90
        6
176
     1
 90
        2
176
     1
 62
     7
176
     1
 90
        5
176
     1
 90
        0
176
     1
 90
        0
176
     1
290
     0
176
     1
 90
        1
176
     1
 40
0.0
176
     1
 90
        0
176
     1
290
     0
176
     1
290
     1
176
     1
290
     1
176
     1
290
     0
176
     1
290
     0
176
     1
290
     0
176
     1
290
     0
176
     1
290
     0
176
     1
290
     0
176
     1
 90
       50
176
     1
 40
0.0
176
     1
 40
1.0
176
     1
 90
        0
176
     1
 62
    18
420
        0
176
     1
 90
       50
176
     1
 90
        3
176
     1
 62
     5
420
      255
176
     1
290
     0
176
     1
 90
       50
176
     1
 90
       50
176
     1
 90
       50
176
     1
290
     0
176
     1
 90
       50
176
     1
 62
   256
176
     0
 40
1.0
176
     0
 90
        2
176
     1
  1
strokes_ogs.tif
176
     1
290
     0
176
     1
 40
1.0
176
     1
 40
1.0
176
     1
  0
VISUALSTYLE
  5
242
102
{ACAD_REACTORS
330
99
102
}
330
99
100
AcDbVisualStyle
  2
OverhangOff
 70
    21
177
     3
291
     1
 70
    58
 90
        2
176
     0
 90
        2
176
     0
 90
        0
176
     0
 90
        0
176
     0
 40
0.6
176
     0
 40
30.0
176
     0
 62
     7
420
 16777215
176
     0
 90
        1
176
     0
 90
        4
176
     0
 62
     7
176
     0
 62
   257
176
     0
 90
        1
176
     0
 90
        1
176
     0
 40
1.0
176
     0
 90
        9
176
     2
 62
     7
176
     0
 40
1.0
176
     0
 90
        1
176
     0
 90
        6
176
     0
 90
        2
176
     0
 62
     7
176
     0
 90
        5
176
     0
 90
        0
176
     0
 90
        0
176
     0
290
     0
176
     0
 90
        1
176
     0
 40
0.0
176
     0
 90
        0
176
     0
290
     0
176
     0
290
     1
176
     0
290
     1
176
     0
290
     0
176
     0
290
     0
176
     0
290
     0
176
     0
290
     0
176
     0
290
     0
176
     0
290
     0
176
     0
 90
       50
176
     0
 40
0.0
176
     0
 40
1.0
176
     0
 90
        0
176
     0
 62
    18
420
        0
176
     0
 90
       50
176
     0
 90
        3
176
     0
 62
     5
420
      255
176
     0
290
     0
176
     0
 90
       50
176
     0
 90
       50
176
     0
 90
       50
176
     0
290
     0
176
     0
 90
       50
176
     0
 62
   256
176
     0
 40
1.0
176
     0
 90
        2
176
     0
  1
strokes_ogs.tif
176
     0
290
     0
176
     0
 40
1.0
176
     0
 40
1.0
176
     0
  0
VISUALSTYLE
  5
A3
102
{ACAD_REACTORS
330
99
102
}
330
99
100
AcDbVisualStyle
  2
Realistic
 70
     8
177
     3
291
     0
 70
    58
 90
        2
176
     1
 90
        2
176
     1
 90
        1
176
     1
 90
        0
176
     1
 40
0.6
176
     1
 40
30.0
176
     1
 62
     7
420
 16777215
176
     1
 90
        1
176
     1
 90
        0
176
     1
 62
     7
176
     1
 62
   257
176
     1
 90
        1
176
     1
 90
        1
176
     1
 40
1.0
176
     1
 90
        8
176
     1
 62
     8
420
  7895160
176
     1
 40
1.0
176
     1
 90
        1
176
     1
 90
        6
176
     1
 90
        2
176
     1
 62
     7
176
     1
 90
        5
176
     1
 90
        0
176
     1
 90
        0
176
     1
290
     0
176
     1
 90
       13
176
     1
 40
0.0
176
     1
 90
        0
176
     1
290
     0
176
     1
290
     1
176
     1
290
     1
176
     1
290
     0
176
     1
290
     0
176
     1
290
     0
176
     1
290
     0
176
     1
290
     0
176
     1
290
     0
176
     1
 90
       50
176
     1
 40
0.0
176
     1
 40
1.0
176
     1
 90
        0
176
     1
 62
    18
420
        0
176
     1
 90
       50
176
     1
 90
        3
176
     1
 62
     5
420
      255
176
     1
290
     0
176
     1
 90
       50
176
     1
 90
       50
176
     1
 90
       50
176
     1
290
     0
176
     1
 90
       50
176
     1
 62
   256
176
     0
 40
1.0
176
     0
 90
        2
176
     1
  1
strokes_ogs.tif
176
     1
290
     0
176
     1
 40
1.0
176
     1
 40
1.0
176
     1
  0
VISUALSTYLE
  5
240
102
{ACAD_REACTORS
330
99
102
}
330
99
100
AcDbVisualStyle
  2
Shaded
 70
    27
177
     3
291
     0
 70
    58
 90
        2
176
     1
 90
        2
176
     1
 90
        1
176
     1
 90
        2
176
     1
 40
0.6
176
     1
 40
30.0
176
     1
 62
     7
420
 16777215
176
     1
 90
        0
176
     1
 90
        4
176
     1
 62
     7
176
     1
 62
   257
176
     1
 90
        1
176
     1
 90
        1
176
     1
 40
1.0
176
     1
 90
        8
176
     1
 62
   257
176
     1
 40
1.0
176
     1
 90
        1
176
     1
 90
        6
176
     1
 90
        2
176
     1
 62
     8
420
  7895160
176
     1
 90
        3
176
     1
 90
        0
176
     1
 90
        0
176
     1
290
     0
176
     1
 90
        5
176
     1
 40
0.0
176
     1
 90
        0
176
     1
290
     0
176
     1
290
     1
176
     1
290
     1
176
     1
290
     0
176
     1
290
     0
176
     1
290
     0
176
     1
290
     0
176
     1
290
     0
176
     1
290
     0
176
     1
 90
       50
176
     1
 40
0.0
176
     1
 40
1.0
176
     1
 90
        0
176
     1
 62
    18
420
        0
176
     1
 90
       50
176
     1
 90
        3
176
     1
 62
     5
420
      255
176
     1
290
     0
176
     1
 90
       50
176
     1
 90
       50
176
     1
 90
       50
176
     1
290
     0
176
     1
 90
       50
176
     1
 62
   256
176
     0
 40
1.0
176
     0
 90
        2
176
     1
  1
strokes_ogs.tif
176
     1
290
     0
176
     1
 40
1.0
176
     1
 40
1.0
176
     1
  0
VISUALSTYLE
  5
23F
102
{ACAD_REACTORS
330
99
102
}
330
99
100
AcDbVisualStyle
  2
Shaded with edges
 70
    26
177
     3
291
     0
 70
    58
 90
        2
176
     1
 90
        2
176
     1
 90
        1
176
     1
 90
        2
176
     1
 40
0.6
176
     1
 40
30.0
176
     1
 62
     7
420
 16777215
176
     1
 90
        1
176
     1
 90
        2
176
     1
 62
     7
176
     1
 62
   257
176
     1
 90
        2
176
     1
 90
        1
176
     1
 40
1.0
176
     1
 90
        8
176
     1
 62
   257
176
     1
 40
1.0
176
     1
 90
        1
176
     1
 90
        6
176
     1
 90
        2
176
     1
 62
     7
176
     1
 90
        3
176
     1
 90
        0
176
     1
 90
        0
176
     1
290
     0
176
     1
 90
        5
176
     1
 40
0.0
176
     1
 90
        0
176
     1
290
     0
176
     1
290
     1
176
     1
290
     1
176
     1
290
     0
176
     1
290
     0
176
     1
290
     0
176
     1
290
     0
176
     1
290
     0
176
     1
290
     0
176
     1
 90
       50
176
     1
 40
0.0
176
     1
 40
1.0
176
     1
 90
        0
176
     1
 62
    18
420
        0
176
     1
 90
       50
176
     1
 90
        3
176
     1
 62
     5
420
      255
176
     1
290
     0
176
     1
 90
       50
176
     1
 90
       50
176
     1
 90
       50
176
     1
290
     0
176
     1
 90
       50
176
     1
 62
   256
176
     0
 40
1.0
176
     0
 90
        2
176
     1
  1
strokes_ogs.tif
176
     1
290
     0
176
     1
 40
1.0
176
     1
 40
1.0
176
     1
  0
VISUALSTYLE
  5
23C
102
{ACAD_REACTORS
330
99
102
}
330
99
100
AcDbVisualStyle
  2
Shades of Gray
 70
    23
177
     3
291
     0
 70
    58
 90
        2
176
     1
 90
        2
176
     1
 90
        3
176
     1
 90
        0
176
     1
 40
0.6
176
     1
 40
30.0
176
     1
 62
     7
420
 16777215
176
     1
 90
        2
176
     1
 90
        2
176
     1
 62
     7
176
     1
 62
     7
176
     1
 90
        1
176
     1
 90
        1
176
     1
 40
40.0
176
     1
 90
        8
176
     1
 62
     7
176
     1
 40
1.0
176
     1
 90
        1
176
     1
 90
        6
176
     1
 90
        2
176
     1
 62
     7
176
     1
 90
        3
176
     1
 90
        0
176
     1
 90
        0
176
     1
290
     0
176
     1
 90
        1
176
     1
 40
0.0
176
     1
 90
        0
176
     1
290
     0
176
     1
290
     1
176
     1
290
     1
176
     1
290
     0
176
     1
290
     0
176
     1
290
     0
176
     1
290
     0
176
     1
290
     0
176
     1
290
     0
176
     1
 90
       50
176
     1
 40
0.0
176
     1
 40
1.0
176
     1
 90
        0
176
     1
 62
    18
420
        0
176
     1
 90
       50
176
     1
 90
        3
176
     1
 62
     5
420
      255
176
     1
290
     0
176
     1
 90
       50
176
     1
 90
       50
176
     1
 90
       50
176
     1
290
     0
176
     1
 90
       50
176
     1
 62
   256
176
     0
 40
1.0
176
     0
 90
        2
176
     1
  1
strokes_ogs.tif
176
     1
290
     0
176
     1
 40
1.0
176
     1
 40
1.0
176
     1
  0
VISUALSTYLE
  5
23D
102
{ACAD_REACTORS
330
99
102
}
330
99
100
AcDbVisualStyle
  2
Sketchy
 70
    24
177
     3
291
     0
 70
    58
 90
        1
176
     1
 90
        2
176
     1
 90
        2
176
     1
 90
        0
176
     1
 40
0.6
176
     1
 40
30.0
176
     1
 62
     7
420
 16777215
176
     1
 90
        2
176
     1
 90
        2
176
     1
 62
     7
176
     1
 62
     7
176
     1
 90
        1
176
     1
 90
        1
176
     1
 40
40.0
176
     1
 90
       11
176
     1
 62
     7
176
     1
 40
1.0
176
     1
 90
        1
176
     1
 90
        6
176
     1
 90
        2
176
     1
 62
     7
176
     1
 90
        6
176
     1
 90
        0
176
     1
 90
        0
176
     1
290
     0
176
     1
 90
        1
176
     1
 40
0.0
176
     1
 90
        0
176
     1
290
     0
176
     1
290
     1
176
     1
290
     1
176
     1
290
     0
176
     1
290
     0
176
     1
290
     0
176
     1
290
     0
176
     1
290
     0
176
     1
290
     0
176
     1
 90
       50
176
     1
 40
0.0
176
     1
 40
1.0
176
     1
 90
        0
176
     1
 62
    18
420
        0
176
     1
 90
       50
176
     1
 90
        3
176
     1
 62
     5
420
      255
176
     1
290
     0
176
     1
 90
       50
176
     1
 90
       50
176
     1
 90
       50
176
     1
290
     0
176
     1
 90
       50
176
     1
 62
   256
176
     0
 40
1.0
176
     0
 90
        2
176
     1
  1
strokes_ogs.tif
176
     1
290
     0
176
     1
 40
1.0
176
     1
 40
1.0
176
     1
  0
VISUALSTYLE
  5
A6
102
{ACAD_REACTORS
330
99
102
}
330
99
100
AcDbVisualStyle
  2
Thicken
 70
    13
177
     3
291
     1
 70
    58
 90
        2
176
     1
 90
        2
176
     1
 90
        1
176
     1
 90
        0
176
     1
 40
0.6
176
     1
 40
30.0
176
     1
 62
     7
420
 16777215
176
     1
 90
        1
176
     1
 90
        4
176
     1
 62
     7
176
     1
 62
   257
176
     1
 90
        1
176
     1
 90
        1
176
     1
 40
1.0
176
     1
 90
       12
176
     1
 62
     7
176
     1
 40
1.0
176
     1
 90
        1
176
     1
 90
        6
176
     1
 90
        2
176
     1
 62
     7
176
     1
 90
        5
176
     1
 90
        0
176
     1
 90
        0
176
     1
290
     0
176
     1
 90
        1
176
     1
 40
0.0
176
     1
 90
        0
176
     1
290
     0
176
     1
290
     1
176
     1
290
     1
176
     1
290
     0
176
     1
290
     0
176
     1
290
     0
176
     1
290
     0
176
     1
290
     0
176
     1
290
     0
176
     1
 90
       50
176
     1
 40
0.0
176
     1
 40
1.0
176
     1
 90
        0
176
     1
 62
    18
420
        0
176
     1
 90
       50
176
     1
 90
        3
176
     1
 62
     5
420
      255
176
     1
290
     0
176
     1
 90
       50
176
     1
 90
       50
176
     1
 90
       50
176
     1
290
     0
176
     1
 90
       50
176
     1
 62
   256
176
     0
 40
1.0
176
     0
 90
        2
176
     1
  1
strokes_ogs.tif
176
     1
290
     0
176
     1
 40
1.0
176
     1
 40
1.0
176
     1
  0
VISUALSTYLE
  5
23A
102
{ACAD_REACTORS
330
99
102
}
330
99
100
AcDbVisualStyle
  2
Wireframe
 70
     5
177
     3
291
     0
 70
    58
 90
        0
176
     1
 90
        2
176
     1
 90
        0
176
     1
 90
        0
176
     1
 40
0.6
176
     1
 40
30.0
176
     1
 62
     7
420
 16777215
176
     1
 90
        1
176
     1
 90
        4
176
     1
 62
     7
176
     1
 62
   257
176
     1
 90
        1
176
     1
 90
        1
176
     1
 40
1.0
176
     1
 90
        0
176
     1
 62
   257
176
     1
 40
1.0
176
     1
 90
        1
176
     1
 90
        6
176
     1
 90
        2
176
     1
 62
     7
176
     1
 90
        3
176
     1
 90
        0
176
     1
 90
        0
176
     1
290
     0
176
     1
 90
        1
176
     1
 40
0.0
176
     1
 90
        0
176
     1
290
     0
176
     1
290
     1
176
     1
290
     1
176
     1
290
     0
176
     1
290
     0
176
     1
290
     0
176
     1
290
     0
176
     1
290
     0
176
     1
290
     0
176
     1
 90
       50
176
     1
 40
0.0
176
     1
 40
1.0
176
     1
 90
        0
176
     1
 62
    18
420
        0
176
     1
 90
       50
176
     1
 90
        3
176
     1
 62
     5
420
      255
176
     1
290
     0
176
     1
 90
       50
176
     1
 90
       50
176
     1
 90
       50
176
     1
290
     0
176
     1
 90
       50
176
     1
 62
   256
176
     0
 40
1.0
176
     0
 90
        2
176
     1
  1
strokes_ogs.tif
176
     1
290
     0
176
     1
 40
1.0
176
     1
 40
1.0
176
     1
  0
VISUALSTYLE
  5
23E
102
{ACAD_REACTORS
330
99
102
}
330
99
100
AcDbVisualStyle
  2
X-Ray
 70
    25
177
     3
291
     0
 70
    58
 90
        2
176
     1
 90
        2
176
     1
 90
        1
176
     1
 90
        1
176
     1
 40
0.5
176
     1
 40
30.0
176
     1
 62
     7
420
 16777215
176
     1
 90
        1
176
     1
 90
        0
176
     1
 62
     7
176
     1
 62
   257
176
     1
 90
        1
176
     1
 90
        1
176
     1
 40
1.0
176
     1
 90
        8
176
     1
 62
     7
176
     1
 40
1.0
176
     1
 90
        1
176
     1
 90
        6
176
     1
 90
        2
176
     1
 62
     7
176
     1
 90
        3
176
     1
 90
        0
176
     1
 90
        0
176
     1
290
     0
176
     1
 90
       13
176
     1
 40
0.0
176
     1
 90
        0
176
     1
290
     0
176
     1
290
     1
176
     1
290
     1
176
     1
290
     0
176
     1
290
     0
176
     1
290
     0
176
     1
290
     0
176
     1
290
     0
176
     1
290
     0
176
     1
 90
       50
176
     1
 40
0.0
176
     1
 40
1.0
176
     1
 90
        0
176
     1
 62
    18
420
        0
176
     1
 90
       50
176
     1
 90
        3
176
     1
 62
     5
420
      255
176
     1
290
     0
176
     1
 90
       50
176
     1
 90
       50
176
     1
 90
       50
176
     1
290
     0
176
     1
 90
       50
176
     1
 62
   256
176
     0
 40
1.0
176
     0
 90
        2
176
     1
  1
strokes_ogs.tif
176
     1
290
     0
176
     1
 40
1.0
176
     1
 40
1.0
176
     1
  0
DICTIONARYVAR
  5
237
102
{ACAD_REACTORS
330
66
102
}
330
66
100
DictionaryVariables
280
     0
  1
1:1
  0
DICTIONARYVAR
  5
235
102
{ACAD_REACTORS
330
66
102
}
330
66
100
DictionaryVariables
280
     0
  1
STANDARD
  0
DICTIONARYVAR
  5
89
102
{ACAD_REACTORS
330
66
102
}
330
66
100
DictionaryVariables
280
     0
  1
STANDARD
  0
DICTIONARYVAR
  5
5AA
102
{ACAD_REACTORS
330
66
102
}
330
66
100
DictionaryVariables
280
     0
  1
Imperial24
  0
DICTIONARYVAR
  5
5AB
102
{ACAD_REACTORS
330
66
102
}
330
66
100
DictionaryVariables
280
     0
  1
Imperial24
  0
DICTIONARYVAR
  5
67
102
{ACAD_REACTORS
330
66
102
}
330
66
100
DictionaryVariables
280
     0
  1
2
  0
DICTIONARYVAR
  5
6B
102
{ACAD_REACTORS
330
66
102
}
330
66
100
DictionaryVariables
280
     0
  1
1
  0
DICTIONARYVAR
  5
5AC
102
{ACAD_REACTORS
330
66
102
}
330
66
100
DictionaryVariables
280
     0
  1
1
  0
DICTIONARYVAR
  5
5AD
102
{ACAD_REACTORS
330
66
102
}
330
66
100
DictionaryVariables
280
     0
  1
15
  0
DICTIONARYVAR
  5
238
102
{ACAD_REACTORS
330
66
102
}
330
66
100
DictionaryVariables
280
     0
  1
0
  0
DICTIONARYVAR
  5
236
102
{ACAD_REACTORS
330
66
102
}
330
66
100
DictionaryVariables
280
     0
  1
0
  0
DICTIONARYVAR
  5
24E
102
{ACAD_REACTORS
330
66
102
}
330
66
100
DictionaryVariables
280
     0
  1
0
  0
XRECORD
  5
2AD
102
{ACAD_REACTORS
330
2AB
102
}
330
2AB
100
AcDbXrecord
280
     1
  1
AcLyLayerGroup
 90
        1
300
平面
330
257
330
25A
330
26B
330
26C
330
26E
330
26D
330
25B
330
25C
330
274
330
278
330
279
330
275
330
259
330
25E
330
269
330
264
330
267
330
265
330
272
330
271
330
26F
330
273
330
276
330
277
  0
XRECORD
  5
2AE
102
{ACAD_REACTORS
330
2AB
102
}
330
2AB
100
AcDbXrecord
280
     1
  1
AcLyLayerGroup
 90
        1
300
立面
330
29B
330
29C
330
29D
330
29E
330
29F
330
29A
  0
XRECORD
  5
2AF
102
{ACAD_REACTORS
330
2AB
102
}
330
2AB
100
AcDbXrecord
280
     1
  1
AcLyLayerGroup
 90
        1
300
剖面
330
296
330
297
330
298
330
299
330
2A3
  0
XRECORD
  5
2B0
102
{ACAD_REACTORS
330
2AB
102
}
330
2AB
100
AcDbXrecord
280
     1
  1
AcLyLayerGroup
 90
        1
300
注释
330
28E
330
28F
330
287
330
289
330
28A
330
28B
330
28C
330
28D
330
288
330
25D
330
286
330
27C
330
27D
330
27E
330
27F
330
27B
330
295
330
294
330
293
330
27A
330
280
330
292
  0
XRECORD
  5
2B1
102
{ACAD_REACTORS
330
2AB
102
}
330
2AB
100
AcDbXrecord
280
     1
  1
AcLyLayerGroup
 90
        1
300
其他
330
285
330
2A2
330
2A1
330
2A0
330
291
  0
DICTIONARY
  5
232
330
87
100
AcDbDictionary
280
     1
281
     1
  3
ACAD_ROUNDTRIP_2008_TABLESTYLE_CELLSTYLEMAP
360
5B9
  0
CELLSTYLEMAP
  5
5B9
102
{ACAD_REACTORS
330
232
102
}
330
232
100
AcDbCellStyleMap
 90
        3
300
CELLSTYLE
  1
TABLEFORMAT_BEGIN
 90
        5
170
     1
 91
        0
 92
    32768
 62
   257
 93
        1
300
CONTENTFORMAT
  1
CONTENTFORMAT_BEGIN
 90
        0
 91
        0
 92
      512
 93
        0
300

 40
0.0
140
1.0
 94
        5
 62
     0
340
11
144
0.25
309
CONTENTFORMAT_END
171
     0
 94
        6
 95
        1
302
GRIDFORMAT
  1
GRIDFORMAT_BEGIN
 90
        0
 91
        1
 62
     0
 92
       -2
340
0
 93
        0
 40
0.045
309
GRIDFORMAT_END
 95
        2
302
GRIDFORMAT
  1
GRIDFORMAT_BEGIN
 90
        0
 91
        1
 62
     0
 92
       -2
340
0
 93
        0
 40
0.045
309
GRIDFORMAT_END
 95
        4
302
GRIDFORMAT
  1
GRIDFORMAT_BEGIN
 90
        0
 91
        1
 62
     0
 92
       -2
340
0
 93
        0
 40
0.045
309
GRIDFORMAT_END
 95
        8
302
GRIDFORMAT
  1
GRIDFORMAT_BEGIN
 90
        0
 91
        1
 62
     0
 92
       -2
340
0
 93
        0
 40
0.045
309
GRIDFORMAT_END
 95
       16
302
GRIDFORMAT
  1
GRIDFORMAT_BEGIN
 90
        0
 91
        1
 62
     0
 92
       -2
340
0
 93
        0
 40
0.045
309
GRIDFORMAT_END
 95
       32
302
GRIDFORMAT
  1
GRIDFORMAT_BEGIN
 90
        0
 91
        1
 62
     0
 92
       -2
340
0
 93
        0
 40
0.045
309
GRIDFORMAT_END
309
TABLEFORMAT_END
  1
CELLSTYLE_BEGIN
 90
        1
 91
        1
300
_TITLE
309
CELLSTYLE_END
300
CELLSTYLE
  1
TABLEFORMAT_BEGIN
 90
        5
170
     1
 91
        0
 92
        0
 62
   257
 93
        1
300
CONTENTFORMAT
  1
CONTENTFORMAT_BEGIN
 90
        0
 91
        0
 92
      512
 93
        0
300

 40
0.0
140
1.0
 94
        5
 62
     0
340
11
144
0.18
309
CONTENTFORMAT_END
171
     0
 94
        6
 95
        1
302
GRIDFORMAT
  1
GRIDFORMAT_BEGIN
 90
        0
 91
        1
 62
     0
 92
       -2
340
0
 93
        0
 40
0.045
309
GRIDFORMAT_END
 95
        2
302
GRIDFORMAT
  1
GRIDFORMAT_BEGIN
 90
        0
 91
        1
 62
     0
 92
       -2
340
0
 93
        0
 40
0.045
309
GRIDFORMAT_END
 95
        4
302
GRIDFORMAT
  1
GRIDFORMAT_BEGIN
 90
        0
 91
        1
 62
     0
 92
       -2
340
0
 93
        0
 40
0.045
309
GRIDFORMAT_END
 95
        8
302
GRIDFORMAT
  1
GRIDFORMAT_BEGIN
 90
        0
 91
        1
 62
     0
 92
       -2
340
0
 93
        0
 40
0.045
309
GRIDFORMAT_END
 95
       16
302
GRIDFORMAT
  1
GRIDFORMAT_BEGIN
 90
        0
 91
        1
 62
     0
 92
       -2
340
0
 93
        0
 40
0.045
309
GRIDFORMAT_END
 95
       32
302
GRIDFORMAT
  1
GRIDFORMAT_BEGIN
 90
        0
 91
        1
 62
     0
 92
       -2
340
0
 93
        0
 40
0.045
309
GRIDFORMAT_END
309
TABLEFORMAT_END
  1
CELLSTYLE_BEGIN
 90
        2
 91
        1
300
_HEADER
309
CELLSTYLE_END
300
CELLSTYLE
  1
TABLEFORMAT_BEGIN
 90
        5
170
     1
 91
        0
 92
        0
 62
   257
 93
        1
300
CONTENTFORMAT
  1
CONTENTFORMAT_BEGIN
 90
        0
 91
        0
 92
      512
 93
        0
300

 40
0.0
140
1.0
 94
        2
 62
     0
340
11
144
0.18
309
CONTENTFORMAT_END
171
     0
 94
        6
 95
        1
302
GRIDFORMAT
  1
GRIDFORMAT_BEGIN
 90
        0
 91
        1
 62
     0
 92
       -2
340
0
 93
        0
 40
0.045
309
GRIDFORMAT_END
 95
        2
302
GRIDFORMAT
  1
GRIDFORMAT_BEGIN
 90
        0
 91
        1
 62
     0
 92
       -2
340
0
 93
        0
 40
0.045
309
GRIDFORMAT_END
 95
        4
302
GRIDFORMAT
  1
GRIDFORMAT_BEGIN
 90
        0
 91
        1
 62
     0
 92
       -2
340
0
 93
        0
 40
0.045
309
GRIDFORMAT_END
 95
        8
302
GRIDFORMAT
  1
GRIDFORMAT_BEGIN
 90
        0
 91
        1
 62
     0
 92
       -2
340
0
 93
        0
 40
0.045
309
GRIDFORMAT_END
 95
       16
302
GRIDFORMAT
  1
GRIDFORMAT_BEGIN
 90
        0
 91
        1
 62
     0
 92
       -2
340
0
 93
        0
 40
0.045
309
GRIDFORMAT_END
 95
       32
302
GRIDFORMAT
  1
GRIDFORMAT_BEGIN
 90
        0
 91
        1
 62
     0
 92
       -2
340
0
 93
        0
 40
0.045
309
GRIDFORMAT_END
309
TABLEFORMAT_END
  1
CELLSTYLE_BEGIN
 90
        3
 91
        2
300
_DATA
309
CELLSTYLE_END
  0
ENDSEC
  0
SECTION
  2
ACDSDATA
 70
     2
 71
     8
  0
ACDSSCHEMA
 90
        0
  1
AcDb_Thumbnail_Schema
  2
AcDbDs::ID
280
    10
 91
        8
  2
Thumbnail_Data
280
    15
 91
        0
101
ACDSRECORD
 95
        0
 90
        1
  2
AcDbDs::TreatedAsObjectData
280
     1
291
     1
101
ACDSRECORD
 95
        0
 90
        2
  2
AcDbDs::Legacy
280
     1
291
     1
101
ACDSRECORD
  1
AcDbDs::ID
 90
        3
  2
AcDs:Indexable
280
     1
291
     1
101
ACDSRECORD
  1
AcDbDs::ID
 90
        4
  2
AcDbDs::HandleAttribute
280
     7
282
     1
  0
ACDSSCHEMA
 90
        1
  1
AcDbDs::TreatedAsObjectDataSchema
  2
AcDbDs::TreatedAsObjectData
280
     1
 91
        0
  0
ACDSSCHEMA
 90
        2
  1
AcDbDs::LegacySchema
  2
AcDbDs::Legacy
280
     1
 91
        0
  0
ACDSSCHEMA
 90
        3
  1
AcDbDs::IndexedPropertySchema
  2
AcDs:Indexable
280
     1
 91
        0
  0
ACDSSCHEMA
 90
        4
  1
AcDbDs::HandleAttributeSchema
  2
AcDbDs::HandleAttribute
280
     7
 91
        1
284
     1
  0
ACDSRECORD
 90
        0
  2
AcDbDs::ID
280
    10
320
22
  2
Thumbnail_Data
280
    15
 94
     1663
310
89504E470D0A1A0A0000000D49484452000001000000005F08030000003003E9C200000300504C5445000000FFFFFF0000000000000000000000000000000000000000000000000000000000330000660000990000CC0000FF0033000033330033660033990033CC0033FF0066000066330066660066990066CC0066FF0099
310
000099330099660099990099CC0099FF00CC0000CC3300CC6600CC9900CCCC00CCFF00FF0000FF3300FF6600FF9900FFCC00FFFF3300003300333300663300993300CC3300FF3333003333333333663333993333CC3333FF3366003366333366663366993366CC3366FF3399003399333399663399993399CC3399FF33CC00
310
33CC3333CC6633CC9933CCCC33CCFF33FF0033FF3333FF6633FF9933FFCC33FFFF6600006600336600666600996600CC6600FF6633006633336633666633996633CC6633FF6666006666336666666666996666CC6666FF6699006699336699666699996699CC6699FF66CC0066CC3366CC6666CC9966CCCC66CCFF66FF0066
310
FF3366FF6666FF9966FFCC66FFFF9900009900339900669900999900CC9900FF9933009933339933669933999933CC9933FF9966009966339966669966999966CC9966FF9999009999339999669999999999CC9999FF99CC0099CC3399CC6699CC9999CCCC99CCFF99FF0099FF3399FF6699FF9999FFCC99FFFFCC0000CC00
310
33CC0066CC0099CC00CCCC00FFCC3300CC3333CC3366CC3399CC33CCCC33FFCC6600CC6633CC6666CC6699CC66CCCC66FFCC9900CC9933CC9966CC9999CC99CCCC99FFCCCC00CCCC33CCCC66CCCC99CCCCCCCCCCFFCCFF00CCFF33CCFF66CCFF99CCFFCCCCFFFFFF0000FF0033FF0066FF0099FF00CCFF00FFFF3300FF3333
310
FF3366FF3399FF33CCFF33FFFF6600FF6633FF6666FF6699FF66CCFF66FFFF9900FF9933FF9966FF9999FF99CCFF99FFFFCC00FFCC33FFCC66FFCC99FFCCCCFFCCFFFFFF00FFFF33FFFF66FFFF99FFFFCCFFFFFF0000000D0D0D1A1A1A2828283535354343435050505D5D5D6B6B6B787878868686939393A1A1A1AEAEAEBB
310
BBBBC9C9C9D6D6D6E4E4E4F1F1F1FFFFFF0000000000000000000000000000000000000000000000000000000000003AE5ACE90000033A4944415478DAED9CCB71C4200C8629878B5AA2D42D860A74D13D066C1018FCD8C94C2281B20747F66686CFE2070982317F6A76E8A460C307AD5162766811C0F8B61602F6A9536D04
310
1C173CE02DF351E5CB8E05409D06F47AFCD9C73C8A35C04EA901D38BE002B0002C000BC002B0002C000BC002B000CC05E0F3D4F979F0BD05600190D73D9E02C0CD205BF86DF827AB62F2FF14BEDD3E2F0CD0B902C039C4CD392C275B6D1110DA5C7B1CB6AFDD9AB2A0A0AD0BC0F6790E409F0680510CA0881B1E977858EEF2
310
01001E02475E7C17E0228859DC36614B972EF88231CD7380510BE34A41B8705A4490BF49743EBE61EF3A91E2AE2320BD7D5B82413000EA0130B127C4BB91C00500591A101AE2936D00680CC005314CF7E90680110720357B03001051EC00129602C0C00E4831000216019E2F98BA7D3C1C0C83A20110031008F400601E10EF
310
E7012201F804C07B605D8003708D6903902200F7A9511EF276CD0F00B032C500F254988AE429EF02651E3006A05A04CB5CE722439A000018770D008C6A00602E017001D036153E1A0880430078530F88CD26A1E9701EDA1DC6CC774F7D2B4397B2617F910EEF1BC8C8484A07EBD11D63ED03701401391732D88900228135C1
310
26941300770FC08D0108D58042600C609F1BD20D0023194014C31100AFB41E70427003C06B9C0A1F552136E479CFE40C5F94C5650228FA9601D07C00FCEC00BE8F00F122B88F70A731FF403007802A027C550E7803C0CA05C035C0F3812196C4AE3748085D1B74C3C4A7F529DD20E1F03EF5EDF9CE19B3D00D12D700E81B00
310
B293A1AAB16C20A8EB4167002AAAC20B400380FF9BF09C11C01A342900B3003C0520761468F683952D62D83EF41880FDF7F3A073599CCFF1B6591E05D7512C87F841EAEC9F1DCD048DF4ADB271DCCBC19FAEE9C1F7F2E069140180F8F3068082ADB2358024802F00184D00E09C16E80260BF0460270100666E0060E601C02B
310
A00940BD25427F04B400A0B9AD1B407D401665B3E552790458D30D773B5117A827B3D345C04818460F4E02802602B04E935BA7C9F54F93A3759ADCAC2238CBA1AAD30358A7CA3E15863967820BC002A01C407719ABB7C7A74907ADA8C58FABF7DF59C6EAAD6D353B9F846E8DEF46007D1501BFB8FCF503CDBB7C69AC6FACBA
310
0000000049454E44AE426082
  0
ENDSEC
  0
EOF
