  0
SECTION
  2
HEADER
  9
$ACADVER
  1
AC1032
  9
$ACADMAINTVER
 90
      174
  9
$DWGCODEPAGE
  3
ANSI_936
  9
$LASTSAVEDBY
  1
10333
  9
$REQUIREDVERSIONS
160
                 0
  9
$INSBASE
 10
0.0
 20
0.0
 30
0.0
  9
$EXTMIN
 10
32216.93
 20
12311.13
 30
0.0
  9
$EXTMAX
 10
62616.93
 20
30911.13
 30
0.0
  9
$LIMMIN
 10
0.0
 20
0.0
  9
$LIMMAX
 10
50000.0
 20
32000.0
  9
$ORTHOMODE
 70
     0
  9
$REGENMODE
 70
     1
  9
$FILLMODE
 70
     1
  9
$QTEXTMODE
 70
     0
  9
$MIRRTEXT
 70
     0
  9
$LTSCALE
 40
1000.0
  9
$ATTMODE
 70
     1
  9
$TEXTSIZE
 40
350.0
  9
$TRACEWID
 40
0.05
  9
$TEXTSTYLE
  7
Standard
  9
$CLAYER
  8
0
  9
$CELTYPE
  6
ByLayer
  9
$CECOLOR
 62
   256
  9
$CELTSCALE
 40
1.0
  9
$DISPSILH
 70
     0
  9
$DIMSCALE
 40
100.0
  9
$DIMASZ
 40
1.0
  9
$DIMEXO
 40
3.0
  9
$DIMDLI
 40
0.0
  9
$DIMRND
 40
0.0
  9
$DIMDLE
 40
0.0
  9
$DIMEXE
 40
2.5
  9
$DIMTP
 40
0.0
  9
$DIMTM
 40
0.0
  9
$DIMTXT
 40
3.5
  9
$DIMCEN
 40
0.09
  9
$DIMTSZ
 40
0.0
  9
$DIMTOL
 70
     0
  9
$DIMLIM
 70
     0
  9
$DIMTIH
 70
     0
  9
$DIMTOH
 70
     0
  9
$DIMSE1
 70
     0
  9
$DIMSE2
 70
     0
  9
$DIMTAD
 70
     1
  9
$DIMZIN
 70
     0
  9
$DIMBLK
  1
ArchTick
  9
$DIMASO
 70
     1
  9
$DIMSHO
 70
     1
  9
$DIMPOST
  1

  9
$DIMAPOST
  1

  9
$DIMALT
 70
     0
  9
$DIMALTD
 70
     2
  9
$DIMALTF
 40
25.4
  9
$DIMLFAC
 40
1.0
  9
$DIMTOFL
 70
     1
  9
$DIMTVP
 40
0.0
  9
$DIMTIX
 70
     1
  9
$DIMSOXD
 70
     0
  9
$DIMSAH
 70
     0
  9
$DIMBLK1
  1

  9
$DIMBLK2
  1

  9
$DIMSTYLE
  2
STANDARD
  9
$DIMCLRD
 70
     0
  9
$DIMCLRE
 70
     0
  9
$DIMCLRT
 70
     0
  9
$DIMTFAC
 40
1.0
  9
$DIMGAP
 40
1.5
  9
$DIMJUST
 70
     0
  9
$DIMSD1
 70
     0
  9
$DIMSD2
 70
     0
  9
$DIMTOLJ
 70
     1
  9
$DIMTZIN
 70
     0
  9
$DIMALTZ
 70
     0
  9
$DIMALTTZ
 70
     0
  9
$DIMUPT
 70
     0
  9
$DIMDEC
 70
     0
  9
$DIMTDEC
 70
     0
  9
$DIMALTU
 70
     2
  9
$DIMALTTD
 70
     2
  9
$DIMTXSTY
  7
Standard
  9
$DIMAUNIT
 70
     0
  9
$DIMADEC
 70
     0
  9
$DIMALTRND
 40
0.0
  9
$DIMAZIN
 70
     0
  9
$DIMDSEP
 70
    46
  9
$DIMATFIT
 70
     3
  9
$DIMFRAC
 70
     0
  9
$DIMLDRBLK
  1

  9
$DIMLUNIT
 70
     2
  9
$DIMLWD
 70
    -2
  9
$DIMLWE
 70
    -2
  9
$DIMTMOVE
 70
     2
  9
$DIMFXL
 40
100.0
  9
$DIMFXLON
 70
     0
  9
$DIMJOGANG
 40
0.79
  9
$DIMTFILL
 70
     0
  9
$DIMTFILLCLR
 70
     0
  9
$DIMARCSYM
 70
     0
  9
$DIMLTYPE
  6

  9
$DIMLTEX1
  6

  9
$DIMLTEX2
  6

  9
$DIMTXTDIRECTION
 70
     0
  9
$LUNITS
 70
     2
  9
$LUPREC
 70
     0
  9
$SKETCHINC
 40
0.1
  9
$FILLETRAD
 40
0.0
  9
$AUNITS
 70
     0
  9
$AUPREC
 70
     0
  9
$MENU
  1
.
  9
$ELEVATION
 40
0.0
  9
$PELEVATION
 40
0.0
  9
$THICKNESS
 40
0.0
  9
$LIMCHECK
 70
     0
  9
$CHAMFERA
 40
0.0
  9
$CHAMFERB
 40
0.0
  9
$CHAMFERC
 40
0.0
  9
$CHAMFERD
 40
0.0
  9
$SKPOLY
 70
     0
  9
$TDCREATE
 40
2461267.426921296
  9
$TDUCREATE
 40
2461267.093587963
  9
$TDUPDATE
 40
2461267.583680556
  9
$TDUUPDATE
 40
2461267.250347222
  9
$TDINDWG
 40
0.0452893519
  9
$TDUSRTIMER
 40
0.0452893519
  9
$USRTIMER
 70
     1
  9
$ANGBASE
 50
0.0
  9
$ANGDIR
 70
     0
  9
$PDMODE
 70
     0
  9
$PDSIZE
 40
0.0
  9
$PLINEWID
 40
0.0
  9
$SPLFRAME
 70
     0
  9
$SPLINETYPE
 70
     6
  9
$SPLINESEGS
 70
     8
  9
$HANDSEED
  5
458
  9
$SURFTAB1
 70
     6
  9
$SURFTAB2
 70
     6
  9
$SURFTYPE
 70
     6
  9
$SURFU
 70
     6
  9
$SURFV
 70
     6
  9
$UCSBASE
  2

  9
$UCSNAME
  2

  9
$UCSORG
 10
0.0
 20
0.0
 30
0.0
  9
$UCSXDIR
 10
1.0
 20
0.0
 30
0.0
  9
$UCSYDIR
 10
0.0
 20
1.0
 30
0.0
  9
$UCSORTHOREF
  2

  9
$UCSORTHOVIEW
 70
     1
  9
$UCSORGTOP
 10
0.0
 20
0.0
 30
0.0
  9
$UCSORGBOTTOM
 10
0.0
 20
0.0
 30
0.0
  9
$UCSORGLEFT
 10
0.0
 20
0.0
 30
0.0
  9
$UCSORGRIGHT
 10
0.0
 20
0.0
 30
0.0
  9
$UCSORGFRONT
 10
0.0
 20
0.0
 30
0.0
  9
$UCSORGBACK
 10
0.0
 20
0.0
 30
0.0
  9
$PUCSBASE
  2

  9
$PUCSNAME
  2

  9
$PUCSORG
 10
0.0
 20
0.0
 30
0.0
  9
$PUCSXDIR
 10
1.0
 20
0.0
 30
0.0
  9
$PUCSYDIR
 10
0.0
 20
1.0
 30
0.0
  9
$PUCSORTHOREF
  2

  9
$PUCSORTHOVIEW
 70
     0
  9
$PUCSORGTOP
 10
0.0
 20
0.0
 30
0.0
  9
$PUCSORGBOTTOM
 10
0.0
 20
0.0
 30
0.0
  9
$PUCSORGLEFT
 10
0.0
 20
0.0
 30
0.0
  9
$PUCSORGRIGHT
 10
0.0
 20
0.0
 30
0.0
  9
$PUCSORGFRONT
 10
0.0
 20
0.0
 30
0.0
  9
$PUCSORGBACK
 10
0.0
 20
0.0
 30
0.0
  9
$USERI1
 70
     0
  9
$USERI2
 70
     0
  9
$USERI3
 70
     0
  9
$USERI4
 70
     0
  9
$USERI5
 70
     0
  9
$USERR1
 40
0.0
  9
$USERR2
 40
0.0
  9
$USERR3
 40
0.0
  9
$USERR4
 40
0.0
  9
$USERR5
 40
0.0
  9
$WORLDVIEW
 70
     1
  9
$SHADEDGE
 70
     3
  9
$SHADEDIF
 70
    70
  9
$TILEMODE
 70
     1
  9
$MAXACTVP
 70
    64
  9
$PINSBASE
 10
0.0
 20
0.0
 30
0.0
  9
$PLIMCHECK
 70
     0
  9
$PEXTMIN
 10
0.0
 20
0.0
 30
0.0
  9
$PEXTMAX
 10
0.0
 20
0.0
 30
0.0
  9
$PLIMMIN
 10
0.0
 20
0.0
  9
$PLIMMAX
 10
12.0
 20
9.0
  9
$UNITMODE
 70
     0
  9
$VISRETAIN
 70
     1
  9
$PLINEGEN
 70
     0
  9
$PSLTSCALE
 70
     1
  9
$TREEDEPTH
 70
  3020
  9
$CMLSTYLE
  2
Standard
  9
$CMLJUST
 70
     0
  9
$CMLSCALE
 40
1.0
  9
$PROXYGRAPHICS
 70
     1
  9
$MEASUREMENT
 70
     0
  9
$CELWEIGHT
370
    -1
  9
$ENDCAPS
280
     0
  9
$JOINSTYLE
280
     0
  9
$LWDISPLAY
290
     0
  9
$INSUNITS
 70
     0
  9
$HYPERLINKBASE
  1

  9
$STYLESHEET
  1

  9
$XEDIT
290
     1
  9
$CEPSNTYPE
380
     0
  9
$PSTYLEMODE
290
     1
  9
$FINGERPRINTGUID
  2
{DD759B2B-3C70-2F42-B532-3C35EC923850}
  9
$VERSIONGUID
  2
{A8DDEF48-7E0F-0A49-8860-252704CEBC89}
  9
$EXTNAMES
290
     1
  9
$PSVPSCALE
 40
0.0
  9
$OLESTARTUP
290
     0
  9
$SORTENTS
280
   127
  9
$INDEXCTL
280
     0
  9
$HIDETEXT
280
     1
  9
$XCLIPFRAME
280
     0
  9
$HALOGAP
280
     0
  9
$OBSCOLOR
 70
   257
  9
$OBSLTYPE
280
     0
  9
$INTERSECTIONDISPLAY
280
     0
  9
$INTERSECTIONCOLOR
 70
   257
  9
$DIMASSOC
280
     2
  9
$PROJECTNAME
  1

  9
$CAMERADISPLAY
290
     0
  9
$LENSLENGTH
 40
50.0
  9
$CAMERAHEIGHT
 40
0.0
  9
$STEPSPERSEC
 40
2.0
  9
$STEPSIZE
 40
6.0
  9
$3DDWFPREC
 40
2.0
  9
$PSOLWIDTH
 40
0.25
  9
$PSOLHEIGHT
 40
4.0
  9
$LOFTANG1
 40
1.57
  9
$LOFTANG2
 40
1.57
  9
$LOFTMAG1
 40
0.0
  9
$LOFTMAG2
 40
0.0
  9
$LOFTPARAM
 70
     7
  9
$LOFTNORMALS
280
     1
  9
$LATITUDE
 40
37.8
  9
$LONGITUDE
 40
-122.39
  9
$NORTHDIRECTION
 40
0.0
  9
$TIMEZONE
 70
 -8000
  9
$LIGHTGLYPHDISPLAY
280
     1
  9
$TILEMODELIGHTSYNCH
280
     1
  9
$CMATERIAL
347
273
  9
$SOLIDHIST
280
     1
  9
$SHOWHIST
280
     1
  9
$DWFFRAME
280
     2
  9
$DGNFRAME
280
     0
  9
$REALWORLDSCALE
290
     1
  9
$INTERFERECOLOR
 62
     1
  9
$INTERFEREOBJVS
345
28A
  9
$INTERFEREVPVS
346
28B
  9
$CSHADOW
280
     0
  9
$SHADOWPLANELOCATION
 40
0.0
  0
ENDSEC
  0
SECTION
  2
CLASSES
  0
CLASS
  1
ACDBDICTIONARYWDFLT
  2
AcDbDictionaryWithDefault
  3
ObjectDBX Classes
 90
        0
 91
        1
280
     0
281
     0
  0
CLASS
  1
DICTIONARYVAR
  2
AcDbDictionaryVar
  3
ObjectDBX Classes
 90
        0
 91
       14
280
     0
281
     0
  0
CLASS
  1
TABLESTYLE
  2
AcDbTableStyle
  3
ObjectDBX Classes
 90
     4095
 91
        1
280
     0
281
     0
  0
CLASS
  1
MATERIAL
  2
AcDbMaterial
  3
ObjectDBX Classes
 90
     1153
 91
        3
280
     0
281
     0
  0
CLASS
  1
VISUALSTYLE
  2
AcDbVisualStyle
  3
ObjectDBX Classes
 90
     4095
 91
       25
280
     0
281
     0
  0
CLASS
  1
GROUND_PLANE_BACKGROUND
  2
AcDbGroundPlaneBackground
  3
SCENEOE
 90
     4095
 91
        0
280
     1
281
     0
  0
CLASS
  1
NPOCOLLECTION
  2
AcDbImpNonPersistentObjectsCollection
  3
ObjectDBX Classes
 90
     1153
 91
        0
280
     0
281
     0
  0
CLASS
  1
ACSH_CONE_CLASS
  2
AcDbShCone
  3
ObjectDBX Classes
 90
     1153
 91
        0
280
     0
281
     0
  0
CLASS
  1
ACAD_EVALUATION_GRAPH
  2
AcDbEvalGraph
  3
ObjectDBX Classes
 90
     1153
 91
        0
280
     0
281
     0
  0
CLASS
  1
ACSH_HISTORY_CLASS
  2
AcDbShHistory
  3
ObjectDBX Classes
 90
     1153
 91
        0
280
     0
281
     0
  0
CLASS
  1
SOLID_BACKGROUND
  2
AcDbSolidBackground
  3
SCENEOE
 90
     4095
 91
        0
280
     1
281
     0
  0
CLASS
  1
ACSH_BOX_CLASS
  2
AcDbShBox
  3
ObjectDBX Classes
 90
     1153
 91
        0
280
     0
281
     0
  0
CLASS
  1
SCALE
  2
AcDbScale
  3
ObjectDBX Classes
 90
     1153
 91
       33
280
     0
281
     0
  0
CLASS
  1
MLEADERSTYLE
  2
AcDbMLeaderStyle
  3
ACDB_MLEADERSTYLE_CLASS
 90
     4095
 91
        1
280
     0
281
     0
  0
CLASS
  1
WIPEOUTVARIABLES
  2
AcDbWipeoutVariables
  3
"WipeOut|Product Desc:     WipeOut Dbx Application|Company:          Autodesk, Inc.|WEB Address:      www.autodesk.com"
 90
        0
 91
        0
280
     0
281
     0
  0
CLASS
  1
CELLSTYLEMAP
  2
AcDbCellStyleMap
  3
ObjectDBX Classes
 90
     1152
 91
        2
280
     0
281
     0
  0
CLASS
  1
ACDBSECTIONVIEWSTYLE
  2
AcDbSectionViewStyle
  3
ObjectDBX Classes
 90
     1025
 91
        1
280
     0
281
     0
  0
CLASS
  1
ACDBDETAILVIEWSTYLE
  2
AcDbDetailViewStyle
  3
ObjectDBX Classes
 90
     1025
 91
        1
280
     0
281
     0
  0
CLASS
  1
TCH_DBCONFIG
  2
TDbConfig
  3
"TCH_KERNAL|缺乏解释器天正图形看不见, 请下载天正插件|网址: www.tangent.com.cn"
 90
        1
 91
        1
280
     0
281
     0
  0
CLASS
  1
SORTENTSTABLE
  2
AcDbSortentsTable
  3
ObjectDBX Classes
 90
        0
 91
        2
280
     0
281
     0
  0
CLASS
  1
TCH_WALL
  2
TDbWall
  3
"TCH_KERNAL|缺乏解释器天正图形看不见, 请下载天正插件|网址: www.tangent.com.cn"
 90
        1
 91
        0
280
     0
281
     1
  0
CLASS
  1
TCH_SPACE
  2
TDbSpace
  3
"TCH_KERNAL|缺乏解释器天正图形看不见, 请下载天正插件|网址: www.tangent.com.cn"
 90
        1
 91
        0
280
     0
281
     1
  0
CLASS
  1
TCH_OPENING
  2
TDbOpening
  3
"TCH_KERNAL|缺乏解释器天正图形看不见, 请下载天正插件|网址: www.tangent.com.cn"
 90
        1
 91
        0
280
     0
281
     1
  0
CLASS
  1
TCH_DIMENSION2
  2
TDbDimension2
  3
"TCH_KERNAL|缺乏解释器天正图形看不见, 请下载天正插件|网址: www.tangent.com.cn"
 90
        1
 91
        0
280
     0
281
     1
  0
CLASS
  1
TCH_AXIS_LABEL
  2
TDbAxisLabelSet
  3
"TCH_KERNAL|缺乏解释器天正图形看不见, 请下载天正插件|网址: www.tangent.com.cn"
 90
        1
 91
        0
280
     0
281
     1
  0
ENDSEC
  0
SECTION
  2
TABLES
  0
TABLE
  2
VPORT
  5
267
330
0
100
AcDbSymbolTable
 70
     1
  0
VPORT
  5
268
330
267
100
AcDbSymbolTableRecord
100
AcDbViewportTableRecord
  2
*Active
 70
     0
 10
0.0
 20
0.0
 11
1.0
 21
1.0
 12
49400.29
 22
21260.19
 13
0.0
 23
0.0
 14
0.5
 24
0.5
 15
0.5
 25
0.5
 16
0.0
 26
0.0
 36
1.0
 17
6.0
 27
4.5
 37
-6.89
 40
22540.99
 41
1.39
 42
50.0
 43
0.0
 44
0.0
 50
0.0
 51
0.0
 71
     0
 72
  1000
 73
     1
 74
     3
 75
     0
 76
     0
 77
     0
 78
     0
281
     0
 65
     1
110
0.0
120
0.0
130
0.0
111
1.0
121
0.0
131
0.0
112
0.0
122
1.0
132
0.0
 79
     0
146
0.0
348
269
 60
     3
 61
     5
292
     1
282
     1
141
0.0
142
0.0
 63
   250
421
  3355443
1001
ACAD_NAV_VCDISPLAY
1070
     3
  0
ENDTAB
  0
TABLE
  2
LTYPE
  5
262
330
0
100
AcDbSymbolTable
 70
     7
  0
LTYPE
  5
263
330
262
100
AcDbSymbolTableRecord
100
AcDbLinetypeTableRecord
  2
ByBlock
 70
     0
  3

 72
    65
 73
     0
 40
0.0
  0
LTYPE
  5
264
330
262
100
AcDbSymbolTableRecord
100
AcDbLinetypeTableRecord
  2
ByLayer
 70
     0
  3

 72
    65
 73
     0
 40
0.0
  0
LTYPE
  5
E
330
262
100
AcDbSymbolTableRecord
100
AcDbLinetypeTableRecord
  2
Continuous
 70
     0
  3
Solid line
 72
    65
 73
     0
 40
0.0
  0
LTYPE
  5
2C2
330
262
100
AcDbSymbolTableRecord
100
AcDbLinetypeTableRecord
  2
DASH
 70
     0
  3
__ __ __ __ __ __ __ __ __ __ __ __ __ __ __ __
 72
    65
 73
     2
 40
0.35
 49
0.25
 74
     0
 49
-0.1
 74
     0
  0
LTYPE
  5
2C3
330
262
100
AcDbSymbolTableRecord
100
AcDbLinetypeTableRecord
  2
HT-A-NOPLOT-F01-NEW
 70
     0
  3
____ . ____ . ____ . ____ . ____ . ____ . ____ 
 72
    65
 73
     4
 40
2.42
 49
2.0
 74
     0
 49
-0.2
 74
     0
 49
0.02
 74
     0
 49
-0.2
 74
     0
  0
LTYPE
  5
2C4
330
262
100
AcDbSymbolTableRecord
100
AcDbLinetypeTableRecord
  2
ACAD_ISO05W100
 70
     0
  3
ISO long-dash double-dot ____ .. ____ .. ____ .
 72
    65
 73
     6
 40
34.0
 49
24.0
 74
     0
 49
-3.0
 74
     0
 49
0.5
 74
     0
 49
-3.0
 74
     0
 49
0.5
 74
     0
 49
-3.0
 74
     0
  0
LTYPE
  5
2C5
330
262
100
AcDbSymbolTableRecord
100
AcDbLinetypeTableRecord
  2
CENTERX2
 70
     0
  3
Center (2x) ________  __  ________  __  _____
 72
    65
 73
     4
 40
4.0
 49
2.5
 74
     0
 49
-0.5
 74
     0
 49
0.5
 74
     0
 49
-0.5
 74
     0
  0
LTYPE
  5
2C6
330
262
100
AcDbSymbolTableRecord
100
AcDbLinetypeTableRecord
  2
DASHED
 70
     0
  3
Dashed __ __ __ __ __ __ __ __ __ __ __ __ __ _
 72
    65
 73
     2
 40
0.75
 49
0.5
 74
     0
 49
-0.25
 74
     0
  0
ENDTAB
  0
TABLE
  2
LAYER
  5
259
102
{ACAD_XDICTIONARY
360
25A
102
}
330
0
100
AcDbSymbolTable
 70
    16
  0
LAYER
  5
6
102
{ACAD_XDICTIONARY
360
7
102
}
330
259
100
AcDbSymbolTableRecord
100
AcDbLayerTableRecord
  2
0
 70
     0
 62
     7
  6
Continuous
370
    -3
390
9
347
C
348
0
  0
LAYER
  5
152
330
259
100
AcDbSymbolTableRecord
100
AcDbLayerTableRecord
  2
Defpoints
 70
     0
 62
     7
  6
Continuous
290
     0
370
    -3
390
9
347
C
348
0
  0
LAYER
  5
10
102
{ACAD_XDICTIONARY
360
11
102
}
330
259
100
AcDbSymbolTableRecord
100
AcDbLayerTableRecord
  2
HT-A-NOPLOT-F01-NEW
 70
     0
 62
     1
  6
Continuous
370
    -3
390
9
347
C
348
0
1001
AcAecLayerStandard
1000

1000
此图层的直线和弧认为是平面轴线
  0
LAYER
  5
32
102
{ACAD_XDICTIONARY
360
33
102
}
330
259
100
AcDbSymbolTableRecord
100
AcDbLayerTableRecord
  2
HT-A-WIND-F01-NEW
 70
     0
 62
     4
  6
Continuous
370
    -3
390
9
347
C
348
0
1001
AcAecLayerStandard
1000

1000
存放插入的门图块
  0
LAYER
  5
13B
102
{ACAD_XDICTIONARY
360
13C
102
}
330
259
100
AcDbSymbolTableRecord
100
AcDbLayerTableRecord
  2
HT-A-AXIS-F01-NEW
 70
     0
 62
     3
  6
Continuous
370
    -3
390
9
347
C
348
0
1001
AcAecLayerStandard
1000

1000
存放轴号对象
  0
LAYER
  5
1E
102
{ACAD_XDICTIONARY
360
1F
102
}
330
259
100
AcDbSymbolTableRecord
100
AcDbLayerTableRecord
  2
HT-A-WALL-F01-NEW
 70
     0
 62
     9
  6
Continuous
370
    -3
390
9
347
C
348
0
1001
AcAecLayerStandard
1000

1000
存放各种材质的墙对象
  0
LAYER
  5
2E
102
{ACAD_XDICTIONARY
360
2F
102
}
330
259
100
AcDbSymbolTableRecord
100
AcDbLayerTableRecord
  2
SURFACE
 70
     0
 62
     6
  6
Continuous
370
    -3
390
9
347
C
348
0
1001
AcAecLayerStandard
1000

1000
粉刷层、保温层、详图饰面层
  0
LAYER
  5
118
102
{ACAD_XDICTIONARY
360
119
102
}
330
259
100
AcDbSymbolTableRecord
100
AcDbLayerTableRecord
  2
HT-A-ROOM-F01-NEW
 70
     0
 62
     7
  6
Continuous
370
    -3
390
9
347
C
348
0
1001
AcAecLayerStandard
1000

1000
房间名称、编号
  0
LAYER
  5
11C
102
{ACAD_XDICTIONARY
360
11D
102
}
330
259
100
AcDbSymbolTableRecord
100
AcDbLayerTableRecord
  2
SPACE_HATCH
 70
     0
 62
     8
  6
Continuous
370
    -3
390
9
347
C
348
0
1001
AcAecLayerStandard
1000

1000
房间面积填充图案
  0
LAYER
  5
13F
102
{ACAD_XDICTIONARY
360
140
102
}
330
259
100
AcDbSymbolTableRecord
100
AcDbLayerTableRecord
  2
HT-A-AXIS-TEXT-F01-NEW
 70
     0
 62
     7
  6
Continuous
370
    -3
390
9
347
C
348
0
1001
AcAecLayerStandard
1000

1000
轴号对象的轴号文字
  0
LAYER
  5
2B
102
{ACAD_XDICTIONARY
360
2C
102
}
330
259
100
AcDbSymbolTableRecord
100
AcDbLayerTableRecord
  2
PUB_HATCH
 70
     0
 62
     8
  6
Continuous
370
    -3
390
9
347
C
348
0
1001
AcAecLayerStandard
1000

1000
填充图案
  0
LAYER
  5
75
102
{ACAD_XDICTIONARY
360
76
102
}
330
259
100
AcDbSymbolTableRecord
100
AcDbLayerTableRecord
  2
HT-A-WIND-TEXT-F01-NEW
 70
     0
 62
     7
  6
Continuous
370
    -3
390
9
347
C
348
0
1001
AcAecLayerStandard
1000

1000
门窗编号
  0
LAYER
  5
41
102
{ACAD_XDICTIONARY
360
42
102
}
330
259
100
AcDbSymbolTableRecord
100
AcDbLayerTableRecord
  2
3T_BAR
 70
     0
 62
     7
  6
Continuous
370
    -3
390
9
347
C
348
0
  0
LAYER
  5
50
102
{ACAD_XDICTIONARY
360
51
102
}
330
259
100
AcDbSymbolTableRecord
100
AcDbLayerTableRecord
  2
3T_GLASS
 70
     0
 62
     5
  6
Continuous
370
    -3
390
9
347
C
348
0
  0
LAYER
  5
88
102
{ACAD_XDICTIONARY
360
89
102
}
330
259
100
AcDbSymbolTableRecord
100
AcDbLayerTableRecord
  2
3T_WOOD
 70
     0
 62
    21
  6
Continuous
370
    -3
390
9
347
C
348
0
  0
LAYER
  5
2C8
330
259
100
AcDbSymbolTableRecord
100
AcDbLayerTableRecord
  2
PUB_WALL
 70
     0
 62
     9
  6
Continuous
370
    -3
390
9
347
C
348
0
  0
ENDTAB
  0
TABLE
  2
STYLE
  5
25F
330
0
100
AcDbSymbolTable
 70
    11
  0
STYLE
  5
260
330
25F
100
AcDbSymbolTableRecord
100
AcDbTextStyleTableRecord
  2
Standard
 70
     0
 40
0.0
 41
1.0
 50
0.0
 71
     0
 42
350.0
  3
gbenor.shx
  4
gbcbig.shx
  0
STYLE
  5
11B
330
25F
100
AcDbSymbolTableRecord
100
AcDbTextStyleTableRecord
  2
_TCH_SPACE
 70
     0
 40
0.0
 41
1.0
 50
0.0
 71
     0
 42
350.0
  3
SIMPLEX
  4
GBCBIG
1001
_TCH
1040
0.85
1040
0.6
1070
     7
  0
STYLE
  5
74
330
25F
100
AcDbSymbolTableRecord
100
AcDbTextStyleTableRecord
  2
_TCH_WINDOW
 70
     0
 40
0.0
 41
1.0
 50
0.0
 71
     0
 42
350.0
  3
SIMPLEX
  4
GBCBIG
1001
_TCH
1040
0.85
1040
0.6
1070
     7
  0
STYLE
  5
13E
330
25F
100
AcDbSymbolTableRecord
100
AcDbTextStyleTableRecord
  2
_TCH_AXIS
 70
     0
 40
0.0
 41
1.0
 50
0.0
 71
     0
 42
350.0
  3
COMPLEX
  4
GBCBIG
1001
_TCH
1040
0.85
1040
0.6
1070
     7
  0
STYLE
  5
150
330
25F
100
AcDbSymbolTableRecord
100
AcDbTextStyleTableRecord
  2
_TCH_DIM_T3
 70
     0
 40
0.0
 41
0.71
 50
0.0
 71
     0
 42
350.0
  3
SIMPLEX
  4
GBCBIG
1001
_TCH
1040
0.85
1040
0.6
1070
     7
  0
STYLE
  5
2B4
330
25F
100
AcDbSymbolTableRecord
100
AcDbTextStyleTableRecord
  2
COMPLEX
 70
     0
 40
0.0
 41
1.0
 50
0.0
 71
     0
 42
0.6
  3
COMPLEX
  4

1001
AcadAnnotative
1000
AnnotativeData
1002
{
1070
     1
1070
     1
1002
}
  0
STYLE
  5
2B8
330
25F
100
AcDbSymbolTableRecord
100
AcDbTextStyleTableRecord
  2
ASHADE
 70
     0
 40
0.2
 41
1.0
 50
0.0
 71
     0
 42
0.2
  3
txt.shx
  4
chineset.shx
  0
STYLE
  5
2B9
330
25F
100
AcDbSymbolTableRecord
100
AcDbTextStyleTableRecord
  2
_TCH_DIM
 70
     0
 40
0.0
 41
1.0
 50
0.0
 71
     0
 42
350.0
  3
SIMPLEX
  4
GBCBIG
1001
_TCH
1040
0.85
1040
0.6
1070
     7
  0
STYLE
  5
2BA
330
25F
100
AcDbSymbolTableRecord
100
AcDbTextStyleTableRecord
  2
_TCH_LABEL
 70
     0
 40
0.0
 41
1.0
 50
0.0
 71
     0
 42
350.0
  3
COMPLEX
  4
GBCBIG
1001
_TCH
1040
0.85
1040
0.6
1070
     7
  0
STYLE
  5
2BB
330
25F
100
AcDbSymbolTableRecord
100
AcDbTextStyleTableRecord
  2
_TCH_DYN
 70
     0
 40
0.0
 41
1.0
 50
0.0
 71
     0
 42
350.0
  3

  4

1001
ACAD
1000
SimSun
1071
        0
  0
STYLE
  5
2BF
330
25F
100
AcDbSymbolTableRecord
100
AcDbTextStyleTableRecord
  2
DIM_FONT
 70
     0
 40
0.0
 41
0.7
 50
0.0
 71
     0
 42
350.0
  3
SIMPLEX
  4
GBCBIG
1001
_TCH
1040
0.85
1040
0.6
1070
     7
  0
ENDTAB
  0
TABLE
  2
VIEW
  5
265
330
0
100
AcDbSymbolTable
 70
     1
  0
ENDTAB
  0
TABLE
  2
UCS
  5
266
330
0
100
AcDbSymbolTable
 70
     0
  0
ENDTAB
  0
TABLE
  2
APPID
  5
26C
330
0
100
AcDbSymbolTable
 70
     8
  0
APPID
  5
25E
330
26C
100
AcDbSymbolTableRecord
100
AcDbRegAppTableRecord
  2
ACAD
 70
     0
  0
APPID
  5
73
330
26C
100
AcDbSymbolTableRecord
100
AcDbRegAppTableRecord
  2
_TCH
 70
     0
  0
APPID
  5
13
330
26C
100
AcDbSymbolTableRecord
100
AcDbRegAppTableRecord
  2
AcAecLayerStandard
 70
     0
  0
APPID
  5
26B
330
26C
100
AcDbSymbolTableRecord
100
AcDbRegAppTableRecord
  2
ACAD_NAV_VCDISPLAY
 70
     0
  0
APPID
  5
2B5
330
26C
100
AcDbSymbolTableRecord
100
AcDbRegAppTableRecord
  2
AcadAnnotative
 70
     0
  0
APPID
  5
2C9
330
26C
100
AcDbSymbolTableRecord
100
AcDbRegAppTableRecord
  2
WTHICK
 70
     0
  0
APPID
  5
417
330
26C
100
AcDbSymbolTableRecord
100
AcDbRegAppTableRecord
  2
ACAD_DSTYLE_DIMEXT_LENGTH
 70
     0
  0
APPID
  5
44C
330
26C
100
AcDbSymbolTableRecord
100
AcDbRegAppTableRecord
  2
ACAD_EXEMPT_FROM_CAD_STANDARDS
 70
     0
  0
ENDTAB
  0
TABLE
  2
DIMSTYLE
  5
26D
330
0
100
AcDbSymbolTable
 70
     2
100
AcDbDimStyleTable
 71
     2
340
156
340
26E
  0
DIMSTYLE
105
26E
330
26D
100
AcDbSymbolTableRecord
100
AcDbDimStyleTableRecord
  2
STANDARD
 70
     0
 40
100.0
 41
1.0
 42
3.0
 43
0.0
 44
2.5
 73
     0
 74
     0
 77
     1
140
3.5
147
1.5
172
     1
174
     1
271
     0
272
     0
279
     2
340
260
342
14A
  0
DIMSTYLE
105
156
102
{ACAD_REACTORS
330
143
330
157
330
164
330
171
330
17E
330
18B
330
198
330
1A5
330
1B2
330
1BF
330
1CC
330
1D9
330
1E6
330
1F3
330
200
330
20D
330
21A
330
227
330
234
330
241
102
}
330
26D
100
AcDbSymbolTableRecord
100
AcDbDimStyleTableRecord
  2
_TCH_ARCH&&100
 70
     0
 41
100.0
 42
300.0
 43
0.0
 44
250.0
 49
100.0
 73
     0
 74
     0
 77
     1
 79
     2
140
297.5
147
126.25
172
     1
174
     1
178
     7
179
     2
271
     0
272
     0
279
     2
340
150
342
14A
  0
ENDTAB
  0
TABLE
  2
BLOCK_RECORD
  5
1
330
0
100
AcDbSymbolTable
 70
    30
  0
BLOCK_RECORD
  5
2
102
{ACAD_XDICTIONARY
360
3
102
}
330
1
100
AcDbSymbolTableRecord
100
AcDbBlockTableRecord
  2
*Model_Space
340
24F
 70
     0
280
     1
281
     0
  0
BLOCK_RECORD
  5
251
330
1
100
AcDbSymbolTableRecord
100
AcDbBlockTableRecord
  2
*Paper_Space
340
254
 70
     0
280
     1
281
     0
  0
BLOCK_RECORD
  5
255
330
1
100
AcDbSymbolTableRecord
100
AcDbBlockTableRecord
  2
*Paper_Space0
340
258
 70
     0
280
     1
281
     0
  0
BLOCK_RECORD
  5
14A
330
1
100
AcDbSymbolTableRecord
100
AcDbBlockTableRecord
  2
_ArchTick
340
0
102
{BLKREFS
331
213
331
214
331
220
331
221
331
22D
331
22E
331
23A
331
23B
331
247
331
248
331
191
331
192
331
19E
331
19F
331
1AB
331
1AC
331
1B8
331
1B9
331
1C5
331
1C6
331
1D2
331
1D3
331
1DF
331
1E0
331
1EC
331
1ED
331
1F9
331
1FA
331
206
331
207
331
149
331
14E
331
15D
331
15E
331
16A
331
16B
331
177
331
178
331
184
331
185
102
}
 70
     0
280
     1
281
     0
  0
BLOCK_RECORD
  5
21
102
{ACAD_XDICTIONARY
360
22
102
}
330
1
100
AcDbSymbolTableRecord
100
AcDbBlockTableRecord
  2
$LinePat$保温层
340
0
 70
     0
280
     1
281
     0
  0
BLOCK_RECORD
  5
85
330
1
100
AcDbSymbolTableRecord
100
AcDbBlockTableRecord
  2
$TCHSYS$DOOR3D
340
0
 70
     0
280
     1
281
     0
1001
_TCH
1040
900.0
1040
2100.0
  0
BLOCK_RECORD
  5
7C
102
{ACAD_XDICTIONARY
360
7D
102
}
330
1
100
AcDbSymbolTableRecord
100
AcDbBlockTableRecord
  2
$DorLib2D$00000001
340
0
102
{BLKREFS
331
370
331
381
331
384
331
387
331
38A
331
38D
331
390
102
}
 70
     0
280
     1
281
     0
  0
BLOCK_RECORD
  5
133
330
1
100
AcDbSymbolTableRecord
100
AcDbBlockTableRecord
  2
$DorLib2D$00000228
340
0
102
{BLKREFS
331
37E
102
}
 70
     0
280
     1
281
     0
1001
_TCH
1040
0.0
  0
BLOCK_RECORD
  5
F5
102
{ACAD_XDICTIONARY
360
F6
102
}
330
1
100
AcDbSymbolTableRecord
100
AcDbBlockTableRecord
  2
$DorLib2D$00000002
340
0
102
{BLKREFS
331
393
102
}
 70
     0
280
     1
281
     0
  0
BLOCK_RECORD
  5
35
330
1
100
AcDbSymbolTableRecord
100
AcDbBlockTableRecord
  2
$TCHSYS$WIN2D
340
0
102
{BLKREFS
331
399
331
39C
331
39F
331
3A2
331
3A5
331
3A8
331
3AB
331
3AE
331
3B1
331
3B4
102
}
 70
     0
280
     1
281
     0
  0
BLOCK_RECORD
  5
3E
330
1
100
AcDbSymbolTableRecord
100
AcDbBlockTableRecord
  2
$TCHSYS$WIN3D
340
0
 70
     0
280
     1
281
     0
1001
_TCH
1040
1200.0
1040
1800.0
  0
BLOCK_RECORD
  5
144
330
1
100
AcDbSymbolTableRecord
100
AcDbBlockTableRecord
  2
*D9
340
0
 70
     0
280
     1
281
     0
  0
BLOCK_RECORD
  5
158
330
1
100
AcDbSymbolTableRecord
100
AcDbBlockTableRecord
  2
*D10
340
0
 70
     0
280
     1
281
     0
  0
BLOCK_RECORD
  5
165
330
1
100
AcDbSymbolTableRecord
100
AcDbBlockTableRecord
  2
*D11
340
0
 70
     0
280
     1
281
     0
  0
BLOCK_RECORD
  5
172
330
1
100
AcDbSymbolTableRecord
100
AcDbBlockTableRecord
  2
*D12
340
0
 70
     0
280
     1
281
     0
  0
BLOCK_RECORD
  5
17F
330
1
100
AcDbSymbolTableRecord
100
AcDbBlockTableRecord
  2
*D13
340
0
 70
     0
280
     1
281
     0
  0
BLOCK_RECORD
  5
18C
330
1
100
AcDbSymbolTableRecord
100
AcDbBlockTableRecord
  2
*D14
340
0
 70
     0
280
     1
281
     0
  0
BLOCK_RECORD
  5
199
330
1
100
AcDbSymbolTableRecord
100
AcDbBlockTableRecord
  2
*D15
340
0
 70
     0
280
     1
281
     0
  0
BLOCK_RECORD
  5
1A6
330
1
100
AcDbSymbolTableRecord
100
AcDbBlockTableRecord
  2
*D16
340
0
 70
     0
280
     1
281
     0
  0
BLOCK_RECORD
  5
1B3
330
1
100
AcDbSymbolTableRecord
100
AcDbBlockTableRecord
  2
*D17
340
0
 70
     0
280
     1
281
     0
  0
BLOCK_RECORD
  5
1C0
330
1
100
AcDbSymbolTableRecord
100
AcDbBlockTableRecord
  2
*D18
340
0
 70
     0
280
     1
281
     0
  0
BLOCK_RECORD
  5
1CD
330
1
100
AcDbSymbolTableRecord
100
AcDbBlockTableRecord
  2
*D19
340
0
 70
     0
280
     1
281
     0
  0
BLOCK_RECORD
  5
1DA
330
1
100
AcDbSymbolTableRecord
100
AcDbBlockTableRecord
  2
*D20
340
0
 70
     0
280
     1
281
     0
  0
BLOCK_RECORD
  5
1E7
330
1
100
AcDbSymbolTableRecord
100
AcDbBlockTableRecord
  2
*D21
340
0
 70
     0
280
     1
281
     0
  0
BLOCK_RECORD
  5
1F4
330
1
100
AcDbSymbolTableRecord
100
AcDbBlockTableRecord
  2
*D22
340
0
 70
     0
280
     1
281
     0
  0
BLOCK_RECORD
  5
201
330
1
100
AcDbSymbolTableRecord
100
AcDbBlockTableRecord
  2
*D23
340
0
 70
     0
280
     1
281
     0
  0
BLOCK_RECORD
  5
20E
330
1
100
AcDbSymbolTableRecord
100
AcDbBlockTableRecord
  2
*D24
340
0
 70
     0
280
     1
281
     0
  0
BLOCK_RECORD
  5
21B
330
1
100
AcDbSymbolTableRecord
100
AcDbBlockTableRecord
  2
*D25
340
0
 70
     0
280
     1
281
     0
  0
BLOCK_RECORD
  5
228
330
1
100
AcDbSymbolTableRecord
100
AcDbBlockTableRecord
  2
*D26
340
0
 70
     0
280
     1
281
     0
  0
BLOCK_RECORD
  5
235
330
1
100
AcDbSymbolTableRecord
100
AcDbBlockTableRecord
  2
*D27
340
0
 70
     0
280
     1
281
     0
  0
BLOCK_RECORD
  5
242
330
1
100
AcDbSymbolTableRecord
100
AcDbBlockTableRecord
  2
*D28
340
0
 70
     0
280
     1
281
     0
  0
BLOCK_RECORD
  5
2B0
330
1
100
AcDbSymbolTableRecord
100
AcDbBlockTableRecord
  2
_AXISO
340
0
102
{BLKREFS
331
3B8
331
3BC
331
3C0
331
3C4
331
3C8
331
3CC
331
3D0
331
3D4
331
3D8
331
3DC
331
3E0
331
3E4
331
3E8
331
3EC
331
3F0
331
3F4
331
3F8
331
3FC
331
400
331
404
102
}
 70
     0
280
     1
281
     0
  0
ENDTAB
  0
ENDSEC
  0
SECTION
  2
BLOCKS
  0
BLOCK
  5
5
330
2
100
AcDbEntity
  8
0
100
AcDbBlockBegin
  2
*Model_Space
 70
     0
 10
0.0
 20
0.0
 30
0.0
  3
*Model_Space
  1

  0
ENDBLK
  5
24E
330
2
100
AcDbEntity
  8
0
100
AcDbBlockEnd
  0
BLOCK
  5
252
330
251
100
AcDbEntity
 67
     1
  8
0
100
AcDbBlockBegin
  2
*Paper_Space
 70
     0
 10
0.0
 20
0.0
 30
0.0
  3
*Paper_Space
  1

  0
ENDBLK
  5
253
330
251
100
AcDbEntity
 67
     1
  8
0
100
AcDbBlockEnd
  0
BLOCK
  5
256
330
255
100
AcDbEntity
 67
     1
  8
0
100
AcDbBlockBegin
  2
*Paper_Space0
 70
     0
 10
0.0
 20
0.0
 30
0.0
  3
*Paper_Space0
  1

  0
ENDBLK
  5
257
330
255
100
AcDbEntity
 67
     1
  8
0
100
AcDbBlockEnd
  0
BLOCK
  5
14B
330
14A
100
AcDbEntity
  8
0
100
AcDbBlockBegin
  2
_ArchTick
 70
     0
 10
0.0
 20
0.0
 30
0.0
  3
_ArchTick
  1

  0
LWPOLYLINE
  5
14C
330
14A
100
AcDbEntity
  8
0
  6
ByBlock
 62
     0
100
AcDbPolyline
 90
        2
 70
     0
 43
0.4
 10
-0.5
 20
-0.5
 10
0.5
 20
0.5
  0
ENDBLK
  5
14D
330
14A
100
AcDbEntity
  8
0
100
AcDbBlockEnd
  0
BLOCK
  5
24
330
21
100
AcDbEntity
  8
0
100
AcDbBlockBegin
  2
$LinePat$保温层
 70
     0
 10
0.0
 20
0.0
 30
0.0
  3
$LinePat$保温层
  1

  0
LINE
  5
25
330
21
100
AcDbEntity
  8
0
 62
     0
100
AcDbLine
 10
24.0
 20
-24.0
 30
0.0
 11
24.0
 21
-56.0
 31
0.0
  0
LINE
  5
26
330
21
100
AcDbEntity
  8
0
 62
     0
100
AcDbLine
 10
72.0
 20
-56.0
 30
0.0
 11
72.0
 21
-24.0
 31
0.0
  0
ARC
  5
27
330
21
100
AcDbEntity
  8
0
 62
     0
100
AcDbCircle
 10
0.0
 20
-24.0
 30
0.0
 40
23.99999999999855
100
AcDbArc
 50
0.0
 51
90.0
  0
ARC
  5
28
330
21
100
AcDbEntity
  8
0
 62
     0
100
AcDbCircle
 10
96.0
 20
-24.0
 30
0.0
 40
24.00000000000037
100
AcDbArc
 50
90.0
 51
180.0
  0
ARC
  5
29
330
21
100
AcDbEntity
  8
0
 62
     0
100
AcDbCircle
 10
48.0
 20
-56.0
 30
0.0
 40
24.00000000000037
100
AcDbArc
 50
180.0
 51
0.0
  0
ENDBLK
  5
2A
330
21
100
AcDbEntity
  8
0
100
AcDbBlockEnd
  0
BLOCK
  5
86
330
85
100
AcDbEntity
  8
0
100
AcDbBlockBegin
  2
$TCHSYS$DOOR3D
 70
     0
 10
0.0
 20
0.0
 30
0.0
  3
$TCHSYS$DOOR3D
  1

  0
3DFACE
  5
87
330
85
100
AcDbEntity
  8
3T_WOOD
100
AcDbFace
 10
409.41
 20
-10.0
 30
2055.56
 11
-411.02
 21
-10.0
 31
2055.56
 12
-411.02
 22
-10.0
 32
1.21
 13
409.41
 23
-10.0
 33
1.21
  0
3DFACE
  5
8B
330
85
100
AcDbEntity
  8
3T_WOOD
100
AcDbFace
 10
-450.0
 20
50.0
 30
2100.0
 11
409.09
 21
50.0
 31
2055.58
 12
-409.09
 22
50.0
 32
2055.58
 13
-409.09
 23
50.0
 33
2055.58
 70
    13
  0
3DFACE
  5
8C
330
85
100
AcDbEntity
  8
3T_WOOD
100
AcDbFace
 10
409.09
 20
50.0
 30
2055.58
 11
-450.0
 21
50.0
 31
2100.0
 12
450.0
 22
50.0
 32
2100.0
 13
450.0
 23
50.0
 33
2100.0
 70
    13
  0
3DFACE
  5
8D
330
85
100
AcDbEntity
  8
3T_WOOD
100
AcDbFace
 10
-450.0
 20
-50.0
 30
2100.0
 11
-409.09
 21
-50.0
 31
2055.58
 12
409.09
 22
-50.0
 32
2055.58
 13
409.09
 23
-50.0
 33
2055.58
 70
    13
  0
3DFACE
  5
8E
330
85
100
AcDbEntity
  8
3T_WOOD
100
AcDbFace
 10
409.09
 20
-50.0
 30
2055.58
 11
450.0
 21
-50.0
 31
2100.0
 12
-450.0
 22
-50.0
 32
2100.0
 13
-450.0
 23
-50.0
 33
2100.0
 70
    13
  0
3DFACE
  5
8F
330
85
100
AcDbEntity
  8
3T_WOOD
100
AcDbFace
 10
-409.09
 20
-50.0
 30
2055.58
 11
-409.09
 21
50.0
 31
2055.58
 12
409.09
 22
50.0
 32
2055.58
 13
409.09
 23
-50.0
 33
2055.58
  0
3DFACE
  5
90
330
85
100
AcDbEntity
  8
3T_WOOD
100
AcDbFace
 10
-450.0
 20
50.0
 30
0.0
 11
-409.09
 21
50.0
 31
2055.58
 12
-409.09
 22
50.0
 32
0.0
 13
-409.09
 23
50.0
 33
0.0
 70
     1
  0
3DFACE
  5
91
330
85
100
AcDbEntity
  8
3T_WOOD
100
AcDbFace
 10
409.09
 20
50.0
 30
2055.58
 11
450.0
 21
50.0
 31
0.0
 12
409.09
 22
50.0
 32
0.0
 13
409.09
 23
50.0
 33
0.0
 70
     1
  0
3DFACE
  5
92
330
85
100
AcDbEntity
  8
3T_WOOD
100
AcDbFace
 10
409.09
 20
50.0
 30
2055.58
 11
450.0
 21
50.0
 31
2100.0
 12
450.0
 22
50.0
 32
0.0
 13
450.0
 23
50.0
 33
0.0
 70
    13
  0
3DFACE
  5
93
330
85
100
AcDbEntity
  8
3T_WOOD
100
AcDbFace
 10
-450.0
 20
50.0
 30
2100.0
 11
-409.09
 21
50.0
 31
2055.58
 12
-450.0
 22
50.0
 32
0.0
 13
-450.0
 23
50.0
 33
0.0
 70
     3
  0
3DFACE
  5
94
330
85
100
AcDbEntity
  8
3T_WOOD
100
AcDbFace
 10
-450.0
 20
-50.0
 30
0.0
 11
-409.09
 21
-50.0
 31
0.0
 12
-409.09
 22
-50.0
 32
2055.58
 13
-409.09
 23
-50.0
 33
2055.58
 70
    12
  0
3DFACE
  5
95
330
85
100
AcDbEntity
  8
3T_WOOD
100
AcDbFace
 10
409.09
 20
-50.0
 30
2055.58
 11
409.09
 21
-50.0
 31
0.0
 12
450.0
 22
-50.0
 32
0.0
 13
450.0
 23
-50.0
 33
0.0
 70
    12
  0
3DFACE
  5
96
330
85
100
AcDbEntity
  8
3T_WOOD
100
AcDbFace
 10
409.09
 20
-50.0
 30
2055.58
 11
450.0
 21
-50.0
 31
0.0
 12
450.0
 22
-50.0
 32
2100.0
 13
450.0
 23
-50.0
 33
2100.0
 70
    13
  0
3DFACE
  5
97
330
85
100
AcDbEntity
  8
3T_WOOD
100
AcDbFace
 10
-450.0
 20
-50.0
 30
2100.0
 11
-450.0
 21
-50.0
 31
0.0
 12
-409.09
 22
-50.0
 32
2055.58
 13
-409.09
 23
-50.0
 33
2055.58
 70
    14
  0
3DFACE
  5
98
330
85
100
AcDbEntity
  8
3T_WOOD
100
AcDbFace
 10
450.0
 20
-50.0
 30
0.0
 11
450.0
 21
50.0
 31
0.0
 12
450.0
 22
50.0
 32
2100.0
 13
450.0
 23
50.0
 33
2100.0
 70
    13
  0
3DFACE
  5
99
330
85
100
AcDbEntity
  8
3T_WOOD
100
AcDbFace
 10
450.0
 20
-50.0
 30
2100.0
 11
450.0
 21
-50.0
 31
0.0
 12
450.0
 22
50.0
 32
2100.0
 13
450.0
 23
50.0
 33
2100.0
 70
    14
  0
3DFACE
  5
9A
330
85
100
AcDbEntity
  8
3T_WOOD
100
AcDbFace
 10
-450.0
 20
-50.0
 30
0.0
 11
-450.0
 21
-50.0
 31
2100.0
 12
-450.0
 22
50.0
 32
2100.0
 13
-450.0
 23
50.0
 33
2100.0
 70
    14
  0
3DFACE
  5
9B
330
85
100
AcDbEntity
  8
3T_WOOD
100
AcDbFace
 10
-450.0
 20
-50.0
 30
0.0
 11
-450.0
 21
50.0
 31
2100.0
 12
-450.0
 22
50.0
 32
0.0
 13
-450.0
 23
50.0
 33
0.0
 70
    13
  0
3DFACE
  5
9C
330
85
100
AcDbEntity
  8
3T_WOOD
100
AcDbFace
 10
409.09
 20
-50.0
 30
0.0
 11
409.09
 21
-50.0
 31
2055.58
 12
409.09
 22
50.0
 32
2055.58
 13
409.09
 23
50.0
 33
0.0
  0
3DFACE
  5
9D
330
85
100
AcDbEntity
  8
3T_WOOD
100
AcDbFace
 10
-409.09
 20
50.0
 30
0.0
 11
-409.09
 21
50.0
 31
2055.58
 12
-409.09
 22
-50.0
 32
2055.58
 13
-409.09
 23
-50.0
 33
0.0
  0
3DFACE
  5
9E
330
85
100
AcDbEntity
  8
3T_BAR
100
AcDbFace
 10
-330.18
 20
80.44
 30
907.28
 11
-341.34
 21
80.44
 31
920.52
 12
-341.34
 22
-63.56
 32
920.52
 13
-330.18
 23
-63.56
 33
907.28
  0
3DFACE
  5
9F
330
85
100
AcDbEntity
  8
3T_BAR
100
AcDbFace
 10
-341.34
 20
80.44
 30
920.52
 11
-352.49
 21
80.44
 31
907.28
 12
-352.49
 22
-63.56
 32
907.28
 13
-341.34
 23
-63.56
 33
920.52
  0
3DFACE
  5
A0
330
85
100
AcDbEntity
  8
3T_BAR
100
AcDbFace
 10
-352.49
 20
80.44
 30
907.28
 11
-341.34
 21
80.44
 31
894.03
 12
-341.34
 22
-63.56
 32
894.03
 13
-352.49
 23
-63.56
 33
907.28
  0
3DFACE
  5
A1
330
85
100
AcDbEntity
  8
3T_BAR
100
AcDbFace
 10
-341.34
 20
80.44
 30
894.03
 11
-330.18
 21
80.44
 31
907.28
 12
-330.18
 22
-63.56
 32
907.28
 13
-341.34
 23
-63.56
 33
894.03
  0
3DFACE
  5
A2
330
85
100
AcDbEntity
  8
3T_BAR
100
AcDbFace
 10
-351.72
 20
-63.56
 30
907.27
 11
-351.72
 21
-87.56
 31
907.27
 12
-350.12
 22
-87.56
 32
913.54
 13
-351.72
 23
-63.56
 33
907.27
 70
     4
  0
3DFACE
  5
A3
330
85
100
AcDbEntity
  8
3T_BAR
100
AcDbFace
 10
-351.72
 20
-63.56
 30
907.27
 11
-350.12
 21
-87.56
 31
913.54
 12
-350.12
 22
-63.56
 32
913.54
 13
-351.72
 23
-63.56
 33
907.27
 70
     3
  0
3DFACE
  5
A4
330
85
100
AcDbEntity
  8
3T_BAR
100
AcDbFace
 10
-350.12
 20
-63.56
 30
913.54
 11
-350.12
 21
-87.56
 31
913.54
 12
-346.14
 22
-87.56
 32
918.08
 13
-350.12
 23
-63.56
 33
913.54
 70
     5
  0
3DFACE
  5
A5
330
85
100
AcDbEntity
  8
3T_BAR
100
AcDbFace
 10
-350.12
 20
-63.56
 30
913.54
 11
-346.14
 21
-87.56
 31
918.08
 12
-346.14
 22
-63.56
 32
918.08
 13
-350.12
 23
-63.56
 33
913.54
 70
     3
  0
3DFACE
  5
A6
330
85
100
AcDbEntity
  8
3T_BAR
100
AcDbFace
 10
-346.14
 20
-87.56
 30
918.08
 11
-340.81
 21
-87.56
 31
919.73
 12
-340.81
 22
-63.56
 32
919.73
 13
-346.14
 23
-87.56
 33
918.08
 70
     6
  0
3DFACE
  5
A7
330
85
100
AcDbEntity
  8
3T_BAR
100
AcDbFace
 10
-346.14
 20
-87.56
 30
918.08
 11
-340.81
 21
-63.56
 31
919.73
 12
-346.14
 22
-63.56
 32
918.08
 13
-346.14
 23
-87.56
 33
918.08
 70
     5
  0
3DFACE
  5
A8
330
85
100
AcDbEntity
  8
3T_BAR
100
AcDbFace
 10
-340.81
 20
-87.56
 30
919.73
 11
-335.47
 21
-87.56
 31
918.08
 12
-335.47
 22
-63.56
 32
918.08
 13
-340.81
 23
-87.56
 33
919.73
 70
     6
  0
3DFACE
  5
A9
330
85
100
AcDbEntity
  8
3T_BAR
100
AcDbFace
 10
-340.81
 20
-87.56
 30
919.73
 11
-335.47
 21
-63.56
 31
918.08
 12
-340.81
 22
-63.56
 32
919.73
 13
-340.81
 23
-87.56
 33
919.73
 70
     5
  0
3DFACE
  5
AA
330
85
100
AcDbEntity
  8
3T_BAR
100
AcDbFace
 10
-335.47
 20
-63.56
 30
918.08
 11
-335.47
 21
-87.56
 31
918.08
 12
-331.49
 22
-87.56
 32
913.54
 13
-335.47
 23
-63.56
 33
918.08
 70
     5
  0
3DFACE
  5
AB
330
85
100
AcDbEntity
  8
3T_BAR
100
AcDbFace
 10
-335.47
 20
-63.56
 30
918.08
 11
-331.49
 21
-87.56
 31
913.54
 12
-331.49
 22
-63.56
 32
913.54
 13
-335.47
 23
-63.56
 33
918.08
 70
     3
  0
3DFACE
  5
AC
330
85
100
AcDbEntity
  8
3T_BAR
100
AcDbFace
 10
-331.49
 20
-63.56
 30
913.54
 11
-331.49
 21
-87.56
 31
913.54
 12
-329.89
 22
-87.56
 32
907.27
 13
-331.49
 23
-63.56
 33
913.54
 70
     5
  0
3DFACE
  5
AD
330
85
100
AcDbEntity
  8
3T_BAR
100
AcDbFace
 10
-331.49
 20
-63.56
 30
913.54
 11
-329.89
 21
-87.56
 31
907.27
 12
-329.89
 22
-63.56
 32
907.27
 13
-331.49
 23
-63.56
 33
913.54
 70
     1
  0
3DFACE
  5
AE
330
85
100
AcDbEntity
  8
3T_BAR
100
AcDbFace
 10
-329.89
 20
-87.56
 30
907.27
 11
-333.71
 21
-87.56
 31
812.63
 12
-333.71
 22
-63.56
 32
812.63
 13
-329.89
 23
-87.56
 33
907.27
 70
     4
  0
3DFACE
  5
AF
330
85
100
AcDbEntity
  8
3T_BAR
100
AcDbFace
 10
-329.89
 20
-87.56
 30
907.27
 11
-333.71
 21
-63.56
 31
812.63
 12
-329.89
 22
-63.56
 32
907.27
 13
-329.89
 23
-87.56
 33
907.27
 70
     1
  0
3DFACE
  5
B0
330
85
100
AcDbEntity
  8
3T_BAR
100
AcDbFace
 10
-333.71
 20
-63.56
 30
812.63
 11
-333.71
 21
-87.56
 31
812.63
 12
-348.45
 22
-87.56
 32
812.63
 13
-333.71
 23
-63.56
 33
812.63
 70
     4
  0
3DFACE
  5
B1
330
85
100
AcDbEntity
  8
3T_BAR
100
AcDbFace
 10
-333.71
 20
-63.56
 30
812.63
 11
-348.45
 21
-87.56
 31
812.63
 12
-348.45
 22
-63.56
 32
812.63
 13
-333.71
 23
-63.56
 33
812.63
 70
     1
  0
3DFACE
  5
B2
330
85
100
AcDbEntity
  8
3T_BAR
100
AcDbFace
 10
-348.45
 20
-63.56
 30
812.63
 11
-348.45
 21
-87.56
 31
812.63
 12
-351.72
 22
-87.56
 32
907.27
 13
-348.45
 23
-63.56
 33
812.63
 70
     4
  0
3DFACE
  5
B3
330
85
100
AcDbEntity
  8
3T_BAR
100
AcDbFace
 10
-348.45
 20
-63.56
 30
812.63
 11
-351.72
 21
-87.56
 31
907.27
 12
-351.72
 22
-63.56
 32
907.27
 13
-348.45
 23
-63.56
 33
812.63
 70
     1
  0
3DFACE
  5
B4
330
85
100
AcDbEntity
  8
3T_BAR
100
AcDbFace
 10
-348.45
 20
-63.56
 30
812.63
 11
-351.72
 21
-63.56
 31
907.27
 12
-346.14
 22
-63.56
 32
918.08
 13
-348.45
 23
-63.56
 33
812.63
 70
     6
  0
3DFACE
  5
B5
330
85
100
AcDbEntity
  8
3T_BAR
100
AcDbFace
 10
-348.45
 20
-63.56
 30
812.63
 11
-346.14
 21
-63.56
 31
918.08
 12
-340.81
 22
-63.56
 32
919.73
 13
-348.45
 23
-63.56
 33
812.63
 70
     5
  0
3DFACE
  5
B6
330
85
100
AcDbEntity
  8
3T_BAR
100
AcDbFace
 10
-348.45
 20
-63.56
 30
812.63
 11
-340.81
 21
-63.56
 31
919.73
 12
-333.71
 22
-63.56
 32
812.63
 13
-348.45
 23
-63.56
 33
812.63
 70
     3
  0
3DFACE
  5
B7
330
85
100
AcDbEntity
  8
3T_BAR
100
AcDbFace
 10
-351.72
 20
-63.56
 30
907.27
 11
-350.12
 21
-63.56
 31
913.54
 12
-346.14
 22
-63.56
 32
918.08
 13
-351.72
 23
-63.56
 33
907.27
 70
     4
  0
3DFACE
  5
B8
330
85
100
AcDbEntity
  8
3T_BAR
100
AcDbFace
 10
-340.81
 20
-63.56
 30
919.73
 11
-335.47
 21
-63.56
 31
918.08
 12
-333.71
 22
-63.56
 32
812.63
 13
-340.81
 23
-63.56
 33
919.73
 70
     6
  0
3DFACE
  5
B9
330
85
100
AcDbEntity
  8
3T_BAR
100
AcDbFace
 10
-335.47
 20
-63.56
 30
918.08
 11
-331.49
 21
-63.56
 31
913.54
 12
-329.89
 22
-63.56
 32
907.27
 13
-335.47
 23
-63.56
 33
918.08
 70
     4
  0
3DFACE
  5
BA
330
85
100
AcDbEntity
  8
3T_BAR
100
AcDbFace
 10
-335.47
 20
-63.56
 30
918.08
 11
-329.89
 21
-63.56
 31
907.27
 12
-333.71
 22
-63.56
 32
812.63
 13
-335.47
 23
-63.56
 33
918.08
 70
     5
  0
3DFACE
  5
BB
330
85
100
AcDbEntity
  8
3T_BAR
100
AcDbFace
 10
-329.89
 20
-87.56
 30
907.27
 11
-331.49
 21
-87.56
 31
913.54
 12
-335.47
 22
-87.56
 32
918.08
 13
-329.89
 23
-87.56
 33
907.27
 70
     4
  0
3DFACE
  5
BC
330
85
100
AcDbEntity
  8
3T_BAR
100
AcDbFace
 10
-329.89
 20
-87.56
 30
907.27
 11
-335.47
 21
-87.56
 31
918.08
 12
-333.71
 22
-87.56
 32
812.63
 13
-329.89
 23
-87.56
 33
907.27
 70
     3
  0
3DFACE
  5
BD
330
85
100
AcDbEntity
  8
3T_BAR
100
AcDbFace
 10
-333.71
 20
-87.56
 30
812.63
 11
-335.47
 21
-87.56
 31
918.08
 12
-340.81
 22
-87.56
 32
919.73
 13
-333.71
 23
-87.56
 33
812.63
 70
     5
  0
3DFACE
  5
BE
330
85
100
AcDbEntity
  8
3T_BAR
100
AcDbFace
 10
-333.71
 20
-87.56
 30
812.63
 11
-340.81
 21
-87.56
 31
919.73
 12
-348.45
 22
-87.56
 32
812.63
 13
-333.71
 23
-87.56
 33
812.63
 70
     3
  0
3DFACE
  5
BF
330
85
100
AcDbEntity
  8
3T_BAR
100
AcDbFace
 10
-340.81
 20
-87.56
 30
919.73
 11
-346.14
 21
-87.56
 31
918.08
 12
-348.45
 22
-87.56
 32
812.63
 13
-340.81
 23
-87.56
 33
919.73
 70
     6
  0
3DFACE
  5
C0
330
85
100
AcDbEntity
  8
3T_BAR
100
AcDbFace
 10
-346.14
 20
-87.56
 30
918.08
 11
-350.12
 21
-87.56
 31
913.54
 12
-351.72
 22
-87.56
 32
907.27
 13
-346.14
 23
-87.56
 33
918.08
 70
     4
  0
3DFACE
  5
C1
330
85
100
AcDbEntity
  8
3T_BAR
100
AcDbFace
 10
-346.14
 20
-87.56
 30
918.08
 11
-351.72
 21
-87.56
 31
907.27
 12
-348.45
 22
-87.56
 32
812.63
 13
-346.14
 23
-87.56
 33
918.08
 70
     5
  0
3DFACE
  5
C2
330
85
100
AcDbEntity
  8
3T_BAR
100
AcDbFace
 10
-351.72
 20
80.44
 30
907.27
 11
-351.72
 21
56.44
 31
907.27
 12
-350.12
 22
56.44
 32
913.54
 13
-351.72
 23
80.44
 33
907.27
 70
     4
  0
3DFACE
  5
C3
330
85
100
AcDbEntity
  8
3T_BAR
100
AcDbFace
 10
-351.72
 20
80.44
 30
907.27
 11
-350.12
 21
56.44
 31
913.54
 12
-350.12
 22
80.44
 32
913.54
 13
-351.72
 23
80.44
 33
907.27
 70
     3
  0
3DFACE
  5
C4
330
85
100
AcDbEntity
  8
3T_BAR
100
AcDbFace
 10
-350.12
 20
80.44
 30
913.54
 11
-350.12
 21
56.44
 31
913.54
 12
-346.14
 22
56.44
 32
918.08
 13
-350.12
 23
80.44
 33
913.54
 70
     5
  0
3DFACE
  5
C5
330
85
100
AcDbEntity
  8
3T_BAR
100
AcDbFace
 10
-350.12
 20
80.44
 30
913.54
 11
-346.14
 21
56.44
 31
918.08
 12
-346.14
 22
80.44
 32
918.08
 13
-350.12
 23
80.44
 33
913.54
 70
     3
  0
3DFACE
  5
C6
330
85
100
AcDbEntity
  8
3T_BAR
100
AcDbFace
 10
-346.14
 20
56.44
 30
918.08
 11
-340.81
 21
56.44
 31
919.73
 12
-340.81
 22
80.44
 32
919.73
 13
-346.14
 23
56.44
 33
918.08
 70
     6
  0
3DFACE
  5
C7
330
85
100
AcDbEntity
  8
3T_BAR
100
AcDbFace
 10
-346.14
 20
56.44
 30
918.08
 11
-340.81
 21
80.44
 31
919.73
 12
-346.14
 22
80.44
 32
918.08
 13
-346.14
 23
56.44
 33
918.08
 70
     5
  0
3DFACE
  5
C8
330
85
100
AcDbEntity
  8
3T_BAR
100
AcDbFace
 10
-340.81
 20
56.44
 30
919.73
 11
-335.47
 21
56.44
 31
918.08
 12
-335.47
 22
80.44
 32
918.08
 13
-340.81
 23
56.44
 33
919.73
 70
     6
  0
3DFACE
  5
C9
330
85
100
AcDbEntity
  8
3T_BAR
100
AcDbFace
 10
-340.81
 20
56.44
 30
919.73
 11
-335.47
 21
80.44
 31
918.08
 12
-340.81
 22
80.44
 32
919.73
 13
-340.81
 23
56.44
 33
919.73
 70
     5
  0
3DFACE
  5
CA
330
85
100
AcDbEntity
  8
3T_BAR
100
AcDbFace
 10
-335.47
 20
80.44
 30
918.08
 11
-335.47
 21
56.44
 31
918.08
 12
-331.49
 22
56.44
 32
913.54
 13
-335.47
 23
80.44
 33
918.08
 70
     5
  0
3DFACE
  5
CB
330
85
100
AcDbEntity
  8
3T_BAR
100
AcDbFace
 10
-335.47
 20
80.44
 30
918.08
 11
-331.49
 21
56.44
 31
913.54
 12
-331.49
 22
80.44
 32
913.54
 13
-335.47
 23
80.44
 33
918.08
 70
     3
  0
3DFACE
  5
CC
330
85
100
AcDbEntity
  8
3T_BAR
100
AcDbFace
 10
-331.49
 20
80.44
 30
913.54
 11
-331.49
 21
56.44
 31
913.54
 12
-329.89
 22
56.44
 32
907.27
 13
-331.49
 23
80.44
 33
913.54
 70
     5
  0
3DFACE
  5
CD
330
85
100
AcDbEntity
  8
3T_BAR
100
AcDbFace
 10
-331.49
 20
80.44
 30
913.54
 11
-329.89
 21
56.44
 31
907.27
 12
-329.89
 22
80.44
 32
907.27
 13
-331.49
 23
80.44
 33
913.54
 70
     1
  0
3DFACE
  5
CE
330
85
100
AcDbEntity
  8
3T_BAR
100
AcDbFace
 10
-329.89
 20
56.44
 30
907.27
 11
-333.71
 21
56.44
 31
812.63
 12
-333.71
 22
80.44
 32
812.63
 13
-329.89
 23
56.44
 33
907.27
 70
     4
  0
3DFACE
  5
CF
330
85
100
AcDbEntity
  8
3T_BAR
100
AcDbFace
 10
-329.89
 20
56.44
 30
907.27
 11
-333.71
 21
80.44
 31
812.63
 12
-329.89
 22
80.44
 32
907.27
 13
-329.89
 23
56.44
 33
907.27
 70
     1
  0
3DFACE
  5
D0
330
85
100
AcDbEntity
  8
3T_BAR
100
AcDbFace
 10
-333.71
 20
80.44
 30
812.63
 11
-333.71
 21
56.44
 31
812.63
 12
-348.45
 22
56.44
 32
812.63
 13
-333.71
 23
80.44
 33
812.63
 70
     4
  0
3DFACE
  5
D1
330
85
100
AcDbEntity
  8
3T_BAR
100
AcDbFace
 10
-333.71
 20
80.44
 30
812.63
 11
-348.45
 21
56.44
 31
812.63
 12
-348.45
 22
80.44
 32
812.63
 13
-333.71
 23
80.44
 33
812.63
 70
     1
  0
3DFACE
  5
D2
330
85
100
AcDbEntity
  8
3T_BAR
100
AcDbFace
 10
-348.45
 20
80.44
 30
812.63
 11
-348.45
 21
56.44
 31
812.63
 12
-351.72
 22
56.44
 32
907.27
 13
-348.45
 23
80.44
 33
812.63
 70
     4
  0
3DFACE
  5
D3
330
85
100
AcDbEntity
  8
3T_BAR
100
AcDbFace
 10
-348.45
 20
80.44
 30
812.63
 11
-351.72
 21
56.44
 31
907.27
 12
-351.72
 22
80.44
 32
907.27
 13
-348.45
 23
80.44
 33
812.63
 70
     1
  0
3DFACE
  5
D4
330
85
100
AcDbEntity
  8
3T_BAR
100
AcDbFace
 10
-348.45
 20
80.44
 30
812.63
 11
-351.72
 21
80.44
 31
907.27
 12
-346.14
 22
80.44
 32
918.08
 13
-348.45
 23
80.44
 33
812.63
 70
     6
  0
3DFACE
  5
D5
330
85
100
AcDbEntity
  8
3T_BAR
100
AcDbFace
 10
-348.45
 20
80.44
 30
812.63
 11
-346.14
 21
80.44
 31
918.08
 12
-340.81
 22
80.44
 32
919.73
 13
-348.45
 23
80.44
 33
812.63
 70
     5
  0
3DFACE
  5
D6
330
85
100
AcDbEntity
  8
3T_BAR
100
AcDbFace
 10
-348.45
 20
80.44
 30
812.63
 11
-340.81
 21
80.44
 31
919.73
 12
-333.71
 22
80.44
 32
812.63
 13
-348.45
 23
80.44
 33
812.63
 70
     3
  0
3DFACE
  5
D7
330
85
100
AcDbEntity
  8
3T_BAR
100
AcDbFace
 10
-351.72
 20
80.44
 30
907.27
 11
-350.12
 21
80.44
 31
913.54
 12
-346.14
 22
80.44
 32
918.08
 13
-351.72
 23
80.44
 33
907.27
 70
     4
  0
3DFACE
  5
D8
330
85
100
AcDbEntity
  8
3T_BAR
100
AcDbFace
 10
-340.81
 20
80.44
 30
919.73
 11
-335.47
 21
80.44
 31
918.08
 12
-333.71
 22
80.44
 32
812.63
 13
-340.81
 23
80.44
 33
919.73
 70
     6
  0
3DFACE
  5
D9
330
85
100
AcDbEntity
  8
3T_BAR
100
AcDbFace
 10
-335.47
 20
80.44
 30
918.08
 11
-331.49
 21
80.44
 31
913.54
 12
-329.89
 22
80.44
 32
907.27
 13
-335.47
 23
80.44
 33
918.08
 70
     4
  0
3DFACE
  5
DA
330
85
100
AcDbEntity
  8
3T_BAR
100
AcDbFace
 10
-335.47
 20
80.44
 30
918.08
 11
-329.89
 21
80.44
 31
907.27
 12
-333.71
 22
80.44
 32
812.63
 13
-335.47
 23
80.44
 33
918.08
 70
     5
  0
3DFACE
  5
DB
330
85
100
AcDbEntity
  8
3T_BAR
100
AcDbFace
 10
-329.89
 20
56.44
 30
907.27
 11
-331.49
 21
56.44
 31
913.54
 12
-335.47
 22
56.44
 32
918.08
 13
-329.89
 23
56.44
 33
907.27
 70
     4
  0
3DFACE
  5
DC
330
85
100
AcDbEntity
  8
3T_BAR
100
AcDbFace
 10
-329.89
 20
56.44
 30
907.27
 11
-335.47
 21
56.44
 31
918.08
 12
-333.71
 22
56.44
 32
812.63
 13
-329.89
 23
56.44
 33
907.27
 70
     3
  0
3DFACE
  5
DD
330
85
100
AcDbEntity
  8
3T_BAR
100
AcDbFace
 10
-333.71
 20
56.44
 30
812.63
 11
-335.47
 21
56.44
 31
918.08
 12
-340.81
 22
56.44
 32
919.73
 13
-333.71
 23
56.44
 33
812.63
 70
     5
  0
3DFACE
  5
DE
330
85
100
AcDbEntity
  8
3T_BAR
100
AcDbFace
 10
-333.71
 20
56.44
 30
812.63
 11
-340.81
 21
56.44
 31
919.73
 12
-348.45
 22
56.44
 32
812.63
 13
-333.71
 23
56.44
 33
812.63
 70
     3
  0
3DFACE
  5
DF
330
85
100
AcDbEntity
  8
3T_BAR
100
AcDbFace
 10
-340.81
 20
56.44
 30
919.73
 11
-346.14
 21
56.44
 31
918.08
 12
-348.45
 22
56.44
 32
812.63
 13
-340.81
 23
56.44
 33
919.73
 70
     6
  0
3DFACE
  5
E0
330
85
100
AcDbEntity
  8
3T_BAR
100
AcDbFace
 10
-346.14
 20
56.44
 30
918.08
 11
-350.12
 21
56.44
 31
913.54
 12
-351.72
 22
56.44
 32
907.27
 13
-346.14
 23
56.44
 33
918.08
 70
     4
  0
3DFACE
  5
E1
330
85
100
AcDbEntity
  8
3T_BAR
100
AcDbFace
 10
-346.14
 20
56.44
 30
918.08
 11
-351.72
 21
56.44
 31
907.27
 12
-348.45
 22
56.44
 32
812.63
 13
-346.14
 23
56.44
 33
918.08
 70
     5
  0
3DFACE
  5
E2
330
85
100
AcDbEntity
  8
3T_WOOD
100
AcDbFace
 10
409.41
 20
10.0
 30
2055.56
 11
-411.02
 21
10.0
 31
2055.56
 12
-411.02
 22
10.0
 32
1.21
 13
409.41
 23
10.0
 33
1.21
  0
ENDBLK
  5
E3
330
85
100
AcDbEntity
  8
0
100
AcDbBlockEnd
  0
BLOCK
  5
7E
330
7C
100
AcDbEntity
  8
0
100
AcDbBlockBegin
  2
$DorLib2D$00000001
 70
     0
 10
0.0
 20
0.0
 30
0.0
  3
$DorLib2D$00000001
  1

  0
LINE
  5
7F
330
7C
100
AcDbEntity
  8
0
100
AcDbLine
 10
0.45
 20
0.98
 30
0.0
 11
0.5
 21
0.98
 31
0.0
  0
LINE
  5
80
330
7C
100
AcDbEntity
  8
0
100
AcDbLine
 10
0.5
 20
0.0
 30
0.0
 11
0.45
 21
0.0
 31
0.0
  0
ARC
  5
81
330
7C
100
AcDbEntity
  8
0
370
    13
100
AcDbCircle
 10
0.48
 20
0.0
 30
0.0
 40
0.975
100
AcDbArc
 50
91.47
 51
180.0
  0
LINE
  5
82
330
7C
100
AcDbEntity
  8
0
100
AcDbLine
 10
0.5
 20
0.0
 30
0.0
 11
0.5
 21
0.98
 31
0.0
  0
LINE
  5
83
330
7C
100
AcDbEntity
  8
0
100
AcDbLine
 10
0.45
 20
0.0
 30
0.0
 11
0.45
 21
0.98
 31
0.0
  0
ENDBLK
  5
84
330
7C
100
AcDbEntity
  8
0
100
AcDbBlockEnd
  0
BLOCK
  5
134
330
133
100
AcDbEntity
  8
0
100
AcDbBlockBegin
  2
$DorLib2D$00000228
 70
     0
 10
0.0
 20
0.0
 30
0.0
  3
$DorLib2D$00000228
  1

  0
ARC
  5
135
330
133
100
AcDbEntity
  8
0
 62
     0
100
AcDbCircle
 10
0.5
 20
0.0
 30
0.0
 40
1.000000000002051
100
AcDbArc
 50
120.0
 51
180.0
  0
LINE
  5
136
330
133
100
AcDbEntity
  8
0
 62
     0
100
AcDbLine
 10
0.5
 20
0.0
 30
0.0
 11
0.0
 21
0.87
 31
0.0
  0
ENDBLK
  5
137
330
133
100
AcDbEntity
  8
0
100
AcDbBlockEnd
  0
BLOCK
  5
F7
330
F5
100
AcDbEntity
  8
0
100
AcDbBlockBegin
  2
$DorLib2D$00000002
 70
     0
 10
0.0
 20
0.0
 30
0.0
  3
$DorLib2D$00000002
  1

  0
LINE
  5
F8
330
F5
100
AcDbEntity
  8
0
100
AcDbLine
 10
-0.5
 20
0.0
 30
0.0
 11
-0.5
 21
0.49
 31
0.0
  0
LINE
  5
F9
330
F5
100
AcDbEntity
  8
0
100
AcDbLine
 10
-0.48
 20
0.0
 30
0.0
 11
-0.48
 21
0.49
 31
0.0
  0
LINE
  5
FA
330
F5
100
AcDbEntity
  8
0
100
AcDbLine
 10
-0.5
 20
0.0
 30
0.0
 11
-0.48
 21
0.0
 31
0.0
  0
LINE
  5
FB
330
F5
100
AcDbEntity
  8
0
100
AcDbLine
 10
-0.48
 20
0.49
 30
0.0
 11
-0.5
 21
0.49
 31
0.0
  0
ARC
  5
FC
330
F5
100
AcDbEntity
  8
0
370
    13
100
AcDbCircle
 10
-0.49
 20
0.0
 30
0.0
 40
0.4875
100
AcDbArc
 50
0.0
 51
88.53
  0
ARC
  5
FD
330
F5
100
AcDbEntity
  8
0
370
    13
100
AcDbCircle
 10
0.49
 20
0.0
 30
0.0
 40
0.4875
100
AcDbArc
 50
91.47
 51
180.0
  0
LINE
  5
FE
330
F5
100
AcDbEntity
  8
0
100
AcDbLine
 10
0.48
 20
0.0
 30
0.0
 11
0.48
 21
0.49
 31
0.0
  0
LINE
  5
FF
330
F5
100
AcDbEntity
  8
0
100
AcDbLine
 10
0.5
 20
0.0
 30
0.0
 11
0.5
 21
0.49
 31
0.0
  0
LINE
  5
100
330
F5
100
AcDbEntity
  8
0
100
AcDbLine
 10
0.48
 20
0.49
 30
0.0
 11
0.5
 21
0.49
 31
0.0
  0
LINE
  5
101
330
F5
100
AcDbEntity
  8
0
100
AcDbLine
 10
0.5
 20
0.0
 30
0.0
 11
0.48
 21
0.0
 31
0.0
  0
ENDBLK
  5
102
330
F5
100
AcDbEntity
  8
0
100
AcDbBlockEnd
  0
BLOCK
  5
36
330
35
100
AcDbEntity
  8
0
100
AcDbBlockBegin
  2
$TCHSYS$WIN2D
 70
     0
 10
0.0
 20
0.0
 30
0.0
  3
$TCHSYS$WIN2D
  1

  0
LINE
  5
37
330
35
100
AcDbEntity
  8
0
100
AcDbLine
 10
-0.5
 20
0.5
 30
0.0
 11
0.5
 21
0.5
 31
0.0
  0
LINE
  5
38
330
35
100
AcDbEntity
  8
0
100
AcDbLine
 10
-0.5
 20
-0.5
 30
0.0
 11
0.5
 21
-0.5
 31
0.0
  0
LINE
  5
39
330
35
100
AcDbEntity
  8
0
100
AcDbLine
 10
0.5
 20
-0.17
 30
0.0
 11
-0.5
 21
-0.17
 31
0.0
  0
LINE
  5
3A
330
35
100
AcDbEntity
  8
0
100
AcDbLine
 10
0.5
 20
0.17
 30
0.0
 11
-0.5
 21
0.17
 31
0.0
  0
LINE
  5
3B
330
35
100
AcDbEntity
  8
0
100
AcDbLine
 10
-0.5
 20
0.5
 30
0.0
 11
-0.5
 21
-0.5
 31
0.0
  0
LINE
  5
3C
330
35
100
AcDbEntity
  8
0
100
AcDbLine
 10
0.5
 20
0.5
 30
0.0
 11
0.5
 21
-0.5
 31
0.0
  0
ENDBLK
  5
3D
330
35
100
AcDbEntity
  8
0
100
AcDbBlockEnd
  0
BLOCK
  5
3F
330
3E
100
AcDbEntity
  8
0
100
AcDbBlockBegin
  2
$TCHSYS$WIN3D
 70
     0
 10
0.0
 20
0.0
 30
0.0
  3
$TCHSYS$WIN3D
  1

  0
3DFACE
  5
40
330
3E
100
AcDbEntity
  8
3T_BAR
100
AcDbFace
 10
580.0
 20
25.0
 30
1780.0
 11
530.0
 21
25.0
 31
1720.0
 12
50.0
 22
25.0
 32
1720.0
 13
0.0
 23
25.0
 33
1780.0
 70
     5
  0
3DFACE
  5
44
330
3E
100
AcDbEntity
  8
3T_BAR
100
AcDbFace
 10
50.0
 20
-25.0
 30
1720.0
 11
530.0
 21
-25.0
 31
1720.0
 12
580.0
 22
-25.0
 32
1780.0
 13
0.0
 23
-25.0
 33
1780.0
 70
    10
  0
3DFACE
  5
45
330
3E
100
AcDbEntity
  8
3T_BAR
100
AcDbFace
 10
600.0
 20
25.0
 30
1800.0
 11
580.0
 21
25.0
 31
1780.0
 12
-580.0
 22
25.0
 32
1780.0
 13
-600.0
 23
25.0
 33
1800.0
 70
     5
  0
3DFACE
  5
46
330
3E
100
AcDbEntity
  8
3T_BAR
100
AcDbFace
 10
-580.0
 20
-25.0
 30
1780.0
 11
580.0
 21
-25.0
 31
1780.0
 12
600.0
 22
-25.0
 32
1800.0
 13
-600.0
 23
-25.0
 33
1800.0
 70
    10
  0
3DFACE
  5
47
330
3E
100
AcDbEntity
  8
3T_BAR
100
AcDbFace
 10
-580.0
 20
-25.0
 30
1780.0
 11
-580.0
 21
25.0
 31
1780.0
 12
580.0
 22
25.0
 32
1780.0
 13
580.0
 23
-25.0
 33
1780.0
  0
3DFACE
  5
48
330
3E
100
AcDbEntity
  8
3T_BAR
100
AcDbFace
 10
0.0
 20
25.0
 30
20.0
 11
50.0
 21
25.0
 31
80.0
 12
530.0
 22
25.0
 32
80.0
 13
580.0
 23
25.0
 33
20.0
 70
     5
  0
3DFACE
  5
49
330
3E
100
AcDbEntity
  8
3T_BAR
100
AcDbFace
 10
0.0
 20
-25.0
 30
20.0
 11
580.0
 21
-25.0
 31
20.0
 12
530.0
 22
-25.0
 32
80.0
 13
50.0
 23
-25.0
 33
80.0
 70
    10
  0
3DFACE
  5
4A
330
3E
100
AcDbEntity
  8
3T_BAR
100
AcDbFace
 10
-600.0
 20
25.0
 30
0.0
 11
-580.0
 21
25.0
 31
20.0
 12
580.0
 22
25.0
 32
20.0
 13
600.0
 23
25.0
 33
0.0
 70
     5
  0
3DFACE
  5
4B
330
3E
100
AcDbEntity
  8
3T_BAR
100
AcDbFace
 10
-600.0
 20
-25.0
 30
0.0
 11
600.0
 21
-25.0
 31
0.0
 12
580.0
 22
-25.0
 32
20.0
 13
-580.0
 23
-25.0
 33
20.0
 70
    10
  0
3DFACE
  5
4C
330
3E
100
AcDbEntity
  8
3T_BAR
100
AcDbFace
 10
-580.0
 20
-25.0
 30
20.0
 11
580.0
 21
-25.0
 31
20.0
 12
580.0
 22
25.0
 32
20.0
 13
-580.0
 23
25.0
 33
20.0
  0
3DFACE
  5
4D
330
3E
100
AcDbEntity
  8
3T_BAR
100
AcDbFace
 10
0.0
 20
25.0
 30
1780.0
 11
50.0
 21
25.0
 31
1720.0
 12
50.0
 22
25.0
 32
80.0
 13
0.0
 23
25.0
 33
20.0
 70
     5
  0
3DFACE
  5
4E
330
3E
100
AcDbEntity
  8
3T_BAR
100
AcDbFace
 10
50.0
 20
-25.0
 30
80.0
 11
50.0
 21
-25.0
 31
1720.0
 12
0.0
 22
-25.0
 32
1780.0
 13
0.0
 23
-25.0
 33
20.0
 70
    10
  0
3DFACE
  5
4F
330
3E
100
AcDbEntity
  8
3T_GLASS
100
AcDbFace
 10
-529.34
 20
-15.0
 30
39.86
 11
-529.34
 21
-15.0
 31
1701.4
 12
530.7
 22
-15.0
 32
1701.4
 13
530.7
 23
-15.0
 33
39.86
  0
3DFACE
  5
53
330
3E
100
AcDbEntity
  8
3T_BAR
100
AcDbFace
 10
-530.0
 20
-25.0
 30
1720.0
 11
-530.0
 21
25.0
 31
1720.0
 12
-50.0
 22
25.0
 32
1720.0
 13
-50.0
 23
-25.0
 33
1720.0
  0
3DFACE
  5
54
330
3E
100
AcDbEntity
  8
3T_BAR
100
AcDbFace
 10
-530.0
 20
-25.0
 30
80.0
 11
-50.0
 21
-25.0
 31
80.0
 12
-50.0
 22
25.0
 32
80.0
 13
-530.0
 23
25.0
 33
80.0
  0
LINE
  5
55
330
3E
100
AcDbEntity
  8
3T_BAR
100
AcDbLine
 10
-600.0
 20
0.5
 30
0.0
 11
-600.0
 21
-0.5
 31
0.0
  0
3DFACE
  5
56
330
3E
100
AcDbEntity
  8
3T_BAR
100
AcDbFace
 10
0.0
 20
25.0
 30
20.0
 11
0.0
 21
-25.0
 31
20.0
 12
0.0
 22
-25.0
 32
1780.0
 13
0.0
 23
25.0
 33
1780.0
  0
3DFACE
  5
57
330
3E
100
AcDbEntity
  8
3T_BAR
100
AcDbFace
 10
0.0
 20
-25.0
 30
20.0
 11
0.0
 21
25.0
 31
20.0
 12
0.0
 22
25.0
 32
1780.0
 13
0.0
 23
-25.0
 33
1780.0
  0
3DFACE
  5
58
330
3E
100
AcDbEntity
  8
3T_BAR
100
AcDbFace
 10
-580.0
 20
25.0
 30
20.0
 11
-580.0
 21
-25.0
 31
20.0
 12
-580.0
 22
-25.0
 32
1780.0
 13
-580.0
 23
25.0
 33
1780.0
  0
3DFACE
  5
59
330
3E
100
AcDbEntity
  8
3T_BAR
100
AcDbFace
 10
-50.0
 20
-25.0
 30
80.0
 11
-50.0
 21
-25.0
 31
1720.0
 12
-50.0
 22
25.0
 32
1720.0
 13
-50.0
 23
25.0
 33
80.0
  0
3DFACE
  5
5A
330
3E
100
AcDbEntity
  8
3T_BAR
100
AcDbFace
 10
-530.0
 20
-25.0
 30
80.0
 11
-530.0
 21
25.0
 31
80.0
 12
-530.0
 22
25.0
 32
1720.0
 13
-530.0
 23
-25.0
 33
1720.0
  0
3DFACE
  5
5B
330
3E
100
AcDbEntity
  8
3T_BAR
100
AcDbFace
 10
-600.0
 20
25.0
 30
0.0
 11
-600.0
 21
-25.0
 31
0.0
 12
-600.0
 22
-25.0
 32
1800.0
 13
-600.0
 23
25.0
 33
1800.0
  0
3DFACE
  5
5C
330
3E
100
AcDbEntity
  8
3T_BAR
100
AcDbFace
 10
-580.0
 20
-25.0
 30
20.0
 11
-580.0
 21
25.0
 31
20.0
 12
-580.0
 22
25.0
 32
1780.0
 13
-580.0
 23
-25.0
 33
1780.0
  0
3DFACE
  5
5D
330
3E
100
AcDbEntity
  8
3T_BAR
100
AcDbFace
 10
-530.0
 20
-25.0
 30
80.0
 11
-530.0
 21
-25.0
 31
1720.0
 12
-580.0
 22
-25.0
 32
1780.0
 13
-580.0
 23
-25.0
 33
20.0
 70
    10
  0
3DFACE
  5
5E
330
3E
100
AcDbEntity
  8
3T_BAR
100
AcDbFace
 10
0.0
 20
-25.0
 30
20.0
 11
0.0
 21
-25.0
 31
1780.0
 12
-50.0
 22
-25.0
 32
1720.0
 13
-50.0
 23
-25.0
 33
80.0
 70
    10
  0
3DFACE
  5
5F
330
3E
100
AcDbEntity
  8
3T_BAR
100
AcDbFace
 10
-580.0
 20
-25.0
 30
20.0
 11
-580.0
 21
-25.0
 31
1780.0
 12
-600.0
 22
-25.0
 32
1800.0
 13
-600.0
 23
-25.0
 33
0.0
 70
    10
  0
3DFACE
  5
60
330
3E
100
AcDbEntity
  8
3T_BAR
100
AcDbFace
 10
-580.0
 20
-25.0
 30
20.0
 11
0.0
 21
-25.0
 31
20.0
 12
-50.0
 22
-25.0
 32
80.0
 13
-530.0
 23
-25.0
 33
80.0
 70
    10
  0
3DFACE
  5
61
330
3E
100
AcDbEntity
  8
3T_BAR
100
AcDbFace
 10
-530.0
 20
-25.0
 30
1720.0
 11
-50.0
 21
-25.0
 31
1720.0
 12
0.0
 22
-25.0
 32
1780.0
 13
-580.0
 23
-25.0
 33
1780.0
 70
    10
  0
3DFACE
  5
62
330
3E
100
AcDbEntity
  8
3T_BAR
100
AcDbFace
 10
-580.0
 20
25.0
 30
1780.0
 11
-530.0
 21
25.0
 31
1720.0
 12
-530.0
 22
25.0
 32
80.0
 13
-580.0
 23
25.0
 33
20.0
 70
     5
  0
3DFACE
  5
63
330
3E
100
AcDbEntity
  8
3T_BAR
100
AcDbFace
 10
0.0
 20
25.0
 30
20.0
 11
-50.0
 21
25.0
 31
80.0
 12
-50.0
 22
25.0
 32
1720.0
 13
0.0
 23
25.0
 33
1780.0
 70
     5
  0
3DFACE
  5
64
330
3E
100
AcDbEntity
  8
3T_BAR
100
AcDbFace
 10
-600.0
 20
25.0
 30
1800.0
 11
-580.0
 21
25.0
 31
1780.0
 12
-580.0
 22
25.0
 32
20.0
 13
-600.0
 23
25.0
 33
0.0
 70
     5
  0
3DFACE
  5
65
330
3E
100
AcDbEntity
  8
3T_BAR
100
AcDbFace
 10
-580.0
 20
25.0
 30
20.0
 11
-530.0
 21
25.0
 31
80.0
 12
-50.0
 22
25.0
 32
80.0
 13
0.0
 23
25.0
 33
20.0
 70
     5
  0
3DFACE
  5
66
330
3E
100
AcDbEntity
  8
3T_BAR
100
AcDbFace
 10
0.0
 20
25.0
 30
1780.0
 11
-50.0
 21
25.0
 31
1720.0
 12
-530.0
 22
25.0
 32
1720.0
 13
-580.0
 23
25.0
 33
1780.0
 70
     5
  0
3DFACE
  5
67
330
3E
100
AcDbEntity
  8
3T_BAR
100
AcDbFace
 10
50.0
 20
-25.0
 30
1720.0
 11
50.0
 21
25.0
 31
1720.0
 12
530.0
 22
25.0
 32
1720.0
 13
530.0
 23
-25.0
 33
1720.0
  0
3DFACE
  5
68
330
3E
100
AcDbEntity
  8
3T_BAR
100
AcDbFace
 10
50.0
 20
-25.0
 30
80.0
 11
530.0
 21
-25.0
 31
80.0
 12
530.0
 22
25.0
 32
80.0
 13
50.0
 23
25.0
 33
80.0
  0
3DFACE
  5
69
330
3E
100
AcDbEntity
  8
3T_BAR
100
AcDbFace
 10
580.0
 20
-25.0
 30
20.0
 11
580.0
 21
25.0
 31
20.0
 12
580.0
 22
25.0
 32
1780.0
 13
580.0
 23
-25.0
 33
1780.0
  0
3DFACE
  5
6A
330
3E
100
AcDbEntity
  8
3T_BAR
100
AcDbFace
 10
530.0
 20
-25.0
 30
80.0
 11
530.0
 21
-25.0
 31
1720.0
 12
530.0
 22
25.0
 32
1720.0
 13
530.0
 23
25.0
 33
80.0
  0
3DFACE
  5
6B
330
3E
100
AcDbEntity
  8
3T_BAR
100
AcDbFace
 10
50.0
 20
-25.0
 30
80.0
 11
50.0
 21
25.0
 31
80.0
 12
50.0
 22
25.0
 32
1720.0
 13
50.0
 23
-25.0
 33
1720.0
  0
3DFACE
  5
6C
330
3E
100
AcDbEntity
  8
3T_BAR
100
AcDbFace
 10
600.0
 20
-25.0
 30
0.0
 11
600.0
 21
25.0
 31
0.0
 12
600.0
 22
25.0
 32
1800.0
 13
600.0
 23
-25.0
 33
1800.0
  0
3DFACE
  5
6D
330
3E
100
AcDbEntity
  8
3T_BAR
100
AcDbFace
 10
580.0
 20
-25.0
 30
20.0
 11
580.0
 21
-25.0
 31
1780.0
 12
580.0
 22
25.0
 32
1780.0
 13
580.0
 23
25.0
 33
20.0
  0
3DFACE
  5
6E
330
3E
100
AcDbEntity
  8
3T_BAR
100
AcDbFace
 10
580.0
 20
-25.0
 30
20.0
 11
580.0
 21
-25.0
 31
1780.0
 12
530.0
 22
-25.0
 32
1720.0
 13
530.0
 23
-25.0
 33
80.0
 70
    10
  0
3DFACE
  5
6F
330
3E
100
AcDbEntity
  8
3T_BAR
100
AcDbFace
 10
600.0
 20
-25.0
 30
0.0
 11
600.0
 21
-25.0
 31
1800.0
 12
580.0
 22
-25.0
 32
1780.0
 13
580.0
 23
-25.0
 33
20.0
 70
    10
  0
3DFACE
  5
70
330
3E
100
AcDbEntity
  8
3T_BAR
100
AcDbFace
 10
580.0
 20
25.0
 30
20.0
 11
530.0
 21
25.0
 31
80.0
 12
530.0
 22
25.0
 32
1720.0
 13
580.0
 23
25.0
 33
1780.0
 70
     5
  0
3DFACE
  5
71
330
3E
100
AcDbEntity
  8
3T_BAR
100
AcDbFace
 10
600.0
 20
25.0
 30
0.0
 11
580.0
 21
25.0
 31
20.0
 12
580.0
 22
25.0
 32
1780.0
 13
600.0
 23
25.0
 33
1800.0
 70
     5
  0
ENDBLK
  5
72
330
3E
100
AcDbEntity
  8
0
100
AcDbBlockEnd
  0
BLOCK
  5
145
330
144
100
AcDbEntity
  8
0
100
AcDbBlockBegin
  2
*D9
 70
     1
 10
0.0
 20
0.0
 30
0.0
  3
*D9
  1

  0
LINE
  5
146
330
144
100
AcDbEntity
  8
HT-A-AXIS-F01-NEW
 62
     0
440
 16777216
370
    -2
100
AcDbLine
 10
58116.93
 20
18111.13
 30
0.0
 11
60566.93
 21
18111.13
 31
0.0
  0
LINE
  5
147
330
144
100
AcDbEntity
  8
HT-A-AXIS-F01-NEW
 62
     0
440
 16777216
370
    -2
100
AcDbLine
 10
58116.93
 20
21111.13
 30
0.0
 11
60566.93
 21
21111.13
 31
0.0
  0
LINE
  5
148
330
144
100
AcDbEntity
  8
HT-A-AXIS-F01-NEW
 62
     0
440
 16777216
370
    -2
100
AcDbLine
 10
60316.93
 20
18111.13
 30
0.0
 11
60316.93
 21
21111.13
 31
0.0
  0
INSERT
  5
149
330
144
100
AcDbEntity
  8
HT-A-AXIS-F01-NEW
 62
     0
440
 16777216
370
    -2
100
AcDbBlockReference
  2
_ArchTick
 10
60316.93
 20
18111.13
 30
0.0
 41
100.0
 42
100.0
 43
100.0
 50
270.0
  0
INSERT
  5
14E
330
144
100
AcDbEntity
  8
HT-A-AXIS-F01-NEW
 62
     0
440
 16777216
370
    -2
100
AcDbBlockReference
  2
_ArchTick
 10
60316.93
 20
21111.13
 30
0.0
 41
100.0
 42
100.0
 43
100.0
 50
90.0
  0
MTEXT
  5
14F
330
144
100
AcDbEntity
  8
HT-A-AXIS-F01-NEW
 62
     7
440
 16777216
100
AcDbMText
 10
60041.93
 20
19611.13
 30
0.0
 40
297.5
 41
0.0
 46
0.0
 71
     5
 72
     1
  1
\A1;3000
  7
_TCH_DIM_T3
 11
0.0
 21
1.0
 31
0.0
 73
     1
 44
1.0
  0
POINT
  5
151
330
144
100
AcDbEntity
  8
Defpoints
 62
     0
440
 16777216
100
AcDbPoint
 10
57816.93
 20
18111.13
 30
0.0
  0
POINT
  5
153
330
144
100
AcDbEntity
  8
Defpoints
 62
     0
440
 16777216
100
AcDbPoint
 10
57816.93
 20
21111.13
 30
0.0
  0
POINT
  5
154
330
144
100
AcDbEntity
  8
Defpoints
 62
     0
440
 16777216
100
AcDbPoint
 10
60316.93
 20
21111.13
 30
0.0
  0
ENDBLK
  5
155
330
144
100
AcDbEntity
  8
0
100
AcDbBlockEnd
  0
BLOCK
  5
159
330
158
100
AcDbEntity
  8
0
100
AcDbBlockBegin
  2
*D10
 70
     1
 10
0.0
 20
0.0
 30
0.0
  3
*D10
  1

  0
LINE
  5
15A
330
158
100
AcDbEntity
  8
HT-A-AXIS-F01-NEW
 62
     0
440
 16777216
370
    -2
100
AcDbLine
 10
58116.93
 20
21111.13
 30
0.0
 11
60566.93
 21
21111.13
 31
0.0
  0
LINE
  5
15B
330
158
100
AcDbEntity
  8
HT-A-AXIS-F01-NEW
 62
     0
440
 16777216
370
    -2
100
AcDbLine
 10
58116.93
 20
22611.13
 30
0.0
 11
60566.93
 21
22611.13
 31
0.0
  0
LINE
  5
15C
330
158
100
AcDbEntity
  8
HT-A-AXIS-F01-NEW
 62
     0
440
 16777216
370
    -2
100
AcDbLine
 10
60316.93
 20
21111.13
 30
0.0
 11
60316.93
 21
22611.13
 31
0.0
  0
INSERT
  5
15D
330
158
100
AcDbEntity
  8
HT-A-AXIS-F01-NEW
 62
     0
440
 16777216
370
    -2
100
AcDbBlockReference
  2
_ArchTick
 10
60316.93
 20
21111.13
 30
0.0
 41
100.0
 42
100.0
 43
100.0
 50
270.0
  0
INSERT
  5
15E
330
158
100
AcDbEntity
  8
HT-A-AXIS-F01-NEW
 62
     0
440
 16777216
370
    -2
100
AcDbBlockReference
  2
_ArchTick
 10
60316.93
 20
22611.13
 30
0.0
 41
100.0
 42
100.0
 43
100.0
 50
90.0
  0
MTEXT
  5
15F
330
158
100
AcDbEntity
  8
HT-A-AXIS-F01-NEW
 62
     7
440
 16777216
100
AcDbMText
 10
60041.93
 20
21861.13
 30
0.0
 40
297.5
 41
0.0
 46
0.0
 71
     5
 72
     1
  1
\A1;1500
  7
_TCH_DIM_T3
 11
0.0
 21
1.0
 31
0.0
 73
     1
 44
1.0
  0
POINT
  5
160
330
158
100
AcDbEntity
  8
Defpoints
 62
     0
440
 16777216
100
AcDbPoint
 10
57816.93
 20
21111.13
 30
0.0
  0
POINT
  5
161
330
158
100
AcDbEntity
  8
Defpoints
 62
     0
440
 16777216
100
AcDbPoint
 10
57816.93
 20
22611.13
 30
0.0
  0
POINT
  5
162
330
158
100
AcDbEntity
  8
Defpoints
 62
     0
440
 16777216
100
AcDbPoint
 10
60316.93
 20
22611.13
 30
0.0
  0
ENDBLK
  5
163
330
158
100
AcDbEntity
  8
0
100
AcDbBlockEnd
  0
BLOCK
  5
166
330
165
100
AcDbEntity
  8
0
100
AcDbBlockBegin
  2
*D11
 70
     1
 10
0.0
 20
0.0
 30
0.0
  3
*D11
  1

  0
LINE
  5
167
330
165
100
AcDbEntity
  8
HT-A-AXIS-F01-NEW
 62
     0
440
 16777216
370
    -2
100
AcDbLine
 10
58116.93
 20
22611.13
 30
0.0
 11
60566.93
 21
22611.13
 31
0.0
  0
LINE
  5
168
330
165
100
AcDbEntity
  8
HT-A-AXIS-F01-NEW
 62
     0
440
 16777216
370
    -2
100
AcDbLine
 10
58116.93
 20
25111.13
 30
0.0
 11
60566.93
 21
25111.13
 31
0.0
  0
LINE
  5
169
330
165
100
AcDbEntity
  8
HT-A-AXIS-F01-NEW
 62
     0
440
 16777216
370
    -2
100
AcDbLine
 10
60316.93
 20
22611.13
 30
0.0
 11
60316.93
 21
25111.13
 31
0.0
  0
INSERT
  5
16A
330
165
100
AcDbEntity
  8
HT-A-AXIS-F01-NEW
 62
     0
440
 16777216
370
    -2
100
AcDbBlockReference
  2
_ArchTick
 10
60316.93
 20
22611.13
 30
0.0
 41
100.0
 42
100.0
 43
100.0
 50
270.0
  0
INSERT
  5
16B
330
165
100
AcDbEntity
  8
HT-A-AXIS-F01-NEW
 62
     0
440
 16777216
370
    -2
100
AcDbBlockReference
  2
_ArchTick
 10
60316.93
 20
25111.13
 30
0.0
 41
100.0
 42
100.0
 43
100.0
 50
90.0
  0
MTEXT
  5
16C
330
165
100
AcDbEntity
  8
HT-A-AXIS-F01-NEW
 62
     7
440
 16777216
100
AcDbMText
 10
60041.93
 20
23861.13
 30
0.0
 40
297.5
 41
0.0
 46
0.0
 71
     5
 72
     1
  1
\A1;2500
  7
_TCH_DIM_T3
 11
0.0
 21
1.0
 31
0.0
 73
     1
 44
1.0
  0
POINT
  5
16D
330
165
100
AcDbEntity
  8
Defpoints
 62
     0
440
 16777216
100
AcDbPoint
 10
57816.93
 20
22611.13
 30
0.0
  0
POINT
  5
16E
330
165
100
AcDbEntity
  8
Defpoints
 62
     0
440
 16777216
100
AcDbPoint
 10
57816.93
 20
25111.13
 30
0.0
  0
POINT
  5
16F
330
165
100
AcDbEntity
  8
Defpoints
 62
     0
440
 16777216
100
AcDbPoint
 10
60316.93
 20
25111.13
 30
0.0
  0
ENDBLK
  5
170
330
165
100
AcDbEntity
  8
0
100
AcDbBlockEnd
  0
BLOCK
  5
173
330
172
100
AcDbEntity
  8
0
100
AcDbBlockBegin
  2
*D12
 70
     1
 10
0.0
 20
0.0
 30
0.0
  3
*D12
  1

  0
LINE
  5
174
330
172
100
AcDbEntity
  8
HT-A-AXIS-F01-NEW
 62
     0
440
 16777216
370
    -2
100
AcDbLine
 10
58116.93
 20
18111.13
 30
0.0
 11
61366.93
 21
18111.13
 31
0.0
  0
LINE
  5
175
330
172
100
AcDbEntity
  8
HT-A-AXIS-F01-NEW
 62
     0
440
 16777216
370
    -2
100
AcDbLine
 10
58116.93
 20
25111.13
 30
0.0
 11
61366.93
 21
25111.13
 31
0.0
  0
LINE
  5
176
330
172
100
AcDbEntity
  8
HT-A-AXIS-F01-NEW
 62
     0
440
 16777216
370
    -2
100
AcDbLine
 10
61116.93
 20
18111.13
 30
0.0
 11
61116.93
 21
25111.13
 31
0.0
  0
INSERT
  5
177
330
172
100
AcDbEntity
  8
HT-A-AXIS-F01-NEW
 62
     0
440
 16777216
370
    -2
100
AcDbBlockReference
  2
_ArchTick
 10
61116.93
 20
18111.13
 30
0.0
 41
100.0
 42
100.0
 43
100.0
 50
270.0
  0
INSERT
  5
178
330
172
100
AcDbEntity
  8
HT-A-AXIS-F01-NEW
 62
     0
440
 16777216
370
    -2
100
AcDbBlockReference
  2
_ArchTick
 10
61116.93
 20
25111.13
 30
0.0
 41
100.0
 42
100.0
 43
100.0
 50
90.0
  0
MTEXT
  5
179
330
172
100
AcDbEntity
  8
HT-A-AXIS-F01-NEW
 62
     7
440
 16777216
100
AcDbMText
 10
60841.93
 20
21611.13
 30
0.0
 40
297.5
 41
0.0
 46
0.0
 71
     5
 72
     1
  1
\A1;7000
  7
_TCH_DIM_T3
 11
0.0
 21
1.0
 31
0.0
 73
     1
 44
1.0
  0
POINT
  5
17A
330
172
100
AcDbEntity
  8
Defpoints
 62
     0
440
 16777216
100
AcDbPoint
 10
57816.93
 20
18111.13
 30
0.0
  0
POINT
  5
17B
330
172
100
AcDbEntity
  8
Defpoints
 62
     0
440
 16777216
100
AcDbPoint
 10
57816.93
 20
25111.13
 30
0.0
  0
POINT
  5
17C
330
172
100
AcDbEntity
  8
Defpoints
 62
     0
440
 16777216
100
AcDbPoint
 10
61116.93
 20
25111.13
 30
0.0
  0
ENDBLK
  5
17D
330
172
100
AcDbEntity
  8
0
100
AcDbBlockEnd
  0
BLOCK
  5
180
330
17F
100
AcDbEntity
  8
0
100
AcDbBlockBegin
  2
*D13
 70
     1
 10
0.0
 20
0.0
 30
0.0
  3
*D13
  1

  0
LINE
  5
181
330
17F
100
AcDbEntity
  8
HT-A-AXIS-F01-NEW
 62
     0
440
 16777216
370
    -2
100
AcDbLine
 10
36716.93
 20
18111.13
 30
0.0
 11
34266.93
 21
18111.13
 31
0.0
  0
LINE
  5
182
330
17F
100
AcDbEntity
  8
HT-A-AXIS-F01-NEW
 62
     0
440
 16777216
370
    -2
100
AcDbLine
 10
36716.93
 20
21111.13
 30
0.0
 11
34266.93
 21
21111.13
 31
0.0
  0
LINE
  5
183
330
17F
100
AcDbEntity
  8
HT-A-AXIS-F01-NEW
 62
     0
440
 16777216
370
    -2
100
AcDbLine
 10
34516.93
 20
18111.13
 30
0.0
 11
34516.93
 21
21111.13
 31
0.0
  0
INSERT
  5
184
330
17F
100
AcDbEntity
  8
HT-A-AXIS-F01-NEW
 62
     0
440
 16777216
370
    -2
100
AcDbBlockReference
  2
_ArchTick
 10
34516.93
 20
18111.13
 30
0.0
 41
100.0
 42
100.0
 43
100.0
 50
270.0
  0
INSERT
  5
185
330
17F
100
AcDbEntity
  8
HT-A-AXIS-F01-NEW
 62
     0
440
 16777216
370
    -2
100
AcDbBlockReference
  2
_ArchTick
 10
34516.93
 20
21111.13
 30
0.0
 41
100.0
 42
100.0
 43
100.0
 50
90.0
  0
MTEXT
  5
186
330
17F
100
AcDbEntity
  8
HT-A-AXIS-F01-NEW
 62
     7
440
 16777216
100
AcDbMText
 10
34241.93
 20
19611.13
 30
0.0
 40
297.5
 41
0.0
 46
0.0
 71
     5
 72
     1
  1
\A1;3000
  7
_TCH_DIM_T3
 11
0.0
 21
1.0
 31
0.0
 73
     1
 44
1.0
  0
POINT
  5
187
330
17F
100
AcDbEntity
  8
Defpoints
 62
     0
440
 16777216
100
AcDbPoint
 10
37016.93
 20
18111.13
 30
0.0
  0
POINT
  5
188
330
17F
100
AcDbEntity
  8
Defpoints
 62
     0
440
 16777216
100
AcDbPoint
 10
37016.93
 20
21111.13
 30
0.0
  0
POINT
  5
189
330
17F
100
AcDbEntity
  8
Defpoints
 62
     0
440
 16777216
100
AcDbPoint
 10
34516.93
 20
21111.13
 30
0.0
  0
ENDBLK
  5
18A
330
17F
100
AcDbEntity
  8
0
100
AcDbBlockEnd
  0
BLOCK
  5
18D
330
18C
100
AcDbEntity
  8
0
100
AcDbBlockBegin
  2
*D14
 70
     1
 10
0.0
 20
0.0
 30
0.0
  3
*D14
  1

  0
LINE
  5
18E
330
18C
100
AcDbEntity
  8
HT-A-AXIS-F01-NEW
 62
     0
440
 16777216
370
    -2
100
AcDbLine
 10
36716.93
 20
21111.13
 30
0.0
 11
34266.93
 21
21111.13
 31
0.0
  0
LINE
  5
18F
330
18C
100
AcDbEntity
  8
HT-A-AXIS-F01-NEW
 62
     0
440
 16777216
370
    -2
100
AcDbLine
 10
36716.93
 20
22611.13
 30
0.0
 11
34266.93
 21
22611.13
 31
0.0
  0
LINE
  5
190
330
18C
100
AcDbEntity
  8
HT-A-AXIS-F01-NEW
 62
     0
440
 16777216
370
    -2
100
AcDbLine
 10
34516.93
 20
21111.13
 30
0.0
 11
34516.93
 21
22611.13
 31
0.0
  0
INSERT
  5
191
330
18C
100
AcDbEntity
  8
HT-A-AXIS-F01-NEW
 62
     0
440
 16777216
370
    -2
100
AcDbBlockReference
  2
_ArchTick
 10
34516.93
 20
21111.13
 30
0.0
 41
100.0
 42
100.0
 43
100.0
 50
270.0
  0
INSERT
  5
192
330
18C
100
AcDbEntity
  8
HT-A-AXIS-F01-NEW
 62
     0
440
 16777216
370
    -2
100
AcDbBlockReference
  2
_ArchTick
 10
34516.93
 20
22611.13
 30
0.0
 41
100.0
 42
100.0
 43
100.0
 50
90.0
  0
MTEXT
  5
193
330
18C
100
AcDbEntity
  8
HT-A-AXIS-F01-NEW
 62
     7
440
 16777216
100
AcDbMText
 10
34241.93
 20
21861.13
 30
0.0
 40
297.5
 41
0.0
 46
0.0
 71
     5
 72
     1
  1
\A1;1500
  7
_TCH_DIM_T3
 11
0.0
 21
1.0
 31
0.0
 73
     1
 44
1.0
  0
POINT
  5
194
330
18C
100
AcDbEntity
  8
Defpoints
 62
     0
440
 16777216
100
AcDbPoint
 10
37016.93
 20
21111.13
 30
0.0
  0
POINT
  5
195
330
18C
100
AcDbEntity
  8
Defpoints
 62
     0
440
 16777216
100
AcDbPoint
 10
37016.93
 20
22611.13
 30
0.0
  0
POINT
  5
196
330
18C
100
AcDbEntity
  8
Defpoints
 62
     0
440
 16777216
100
AcDbPoint
 10
34516.93
 20
22611.13
 30
0.0
  0
ENDBLK
  5
197
330
18C
100
AcDbEntity
  8
0
100
AcDbBlockEnd
  0
BLOCK
  5
19A
330
199
100
AcDbEntity
  8
0
100
AcDbBlockBegin
  2
*D15
 70
     1
 10
0.0
 20
0.0
 30
0.0
  3
*D15
  1

  0
LINE
  5
19B
330
199
100
AcDbEntity
  8
HT-A-AXIS-F01-NEW
 62
     0
440
 16777216
370
    -2
100
AcDbLine
 10
36716.93
 20
22611.13
 30
0.0
 11
34266.93
 21
22611.13
 31
0.0
  0
LINE
  5
19C
330
199
100
AcDbEntity
  8
HT-A-AXIS-F01-NEW
 62
     0
440
 16777216
370
    -2
100
AcDbLine
 10
36716.93
 20
25111.13
 30
0.0
 11
34266.93
 21
25111.13
 31
0.0
  0
LINE
  5
19D
330
199
100
AcDbEntity
  8
HT-A-AXIS-F01-NEW
 62
     0
440
 16777216
370
    -2
100
AcDbLine
 10
34516.93
 20
22611.13
 30
0.0
 11
34516.93
 21
25111.13
 31
0.0
  0
INSERT
  5
19E
330
199
100
AcDbEntity
  8
HT-A-AXIS-F01-NEW
 62
     0
440
 16777216
370
    -2
100
AcDbBlockReference
  2
_ArchTick
 10
34516.93
 20
22611.13
 30
0.0
 41
100.0
 42
100.0
 43
100.0
 50
270.0
  0
INSERT
  5
19F
330
199
100
AcDbEntity
  8
HT-A-AXIS-F01-NEW
 62
     0
440
 16777216
370
    -2
100
AcDbBlockReference
  2
_ArchTick
 10
34516.93
 20
25111.13
 30
0.0
 41
100.0
 42
100.0
 43
100.0
 50
90.0
  0
MTEXT
  5
1A0
330
199
100
AcDbEntity
  8
HT-A-AXIS-F01-NEW
 62
     7
440
 16777216
100
AcDbMText
 10
34241.93
 20
23861.13
 30
0.0
 40
297.5
 41
0.0
 46
0.0
 71
     5
 72
     1
  1
\A1;2500
  7
_TCH_DIM_T3
 11
0.0
 21
1.0
 31
0.0
 73
     1
 44
1.0
  0
POINT
  5
1A1
330
199
100
AcDbEntity
  8
Defpoints
 62
     0
440
 16777216
100
AcDbPoint
 10
37016.93
 20
22611.13
 30
0.0
  0
POINT
  5
1A2
330
199
100
AcDbEntity
  8
Defpoints
 62
     0
440
 16777216
100
AcDbPoint
 10
37016.93
 20
25111.13
 30
0.0
  0
POINT
  5
1A3
330
199
100
AcDbEntity
  8
Defpoints
 62
     0
440
 16777216
100
AcDbPoint
 10
34516.93
 20
25111.13
 30
0.0
  0
ENDBLK
  5
1A4
330
199
100
AcDbEntity
  8
0
100
AcDbBlockEnd
  0
BLOCK
  5
1A7
330
1A6
100
AcDbEntity
  8
0
100
AcDbBlockBegin
  2
*D16
 70
     1
 10
0.0
 20
0.0
 30
0.0
  3
*D16
  1

  0
LINE
  5
1A8
330
1A6
100
AcDbEntity
  8
HT-A-AXIS-F01-NEW
 62
     0
440
 16777216
370
    -2
100
AcDbLine
 10
36716.93
 20
18111.13
 30
0.0
 11
33466.93
 21
18111.13
 31
0.0
  0
LINE
  5
1A9
330
1A6
100
AcDbEntity
  8
HT-A-AXIS-F01-NEW
 62
     0
440
 16777216
370
    -2
100
AcDbLine
 10
36716.93
 20
25111.13
 30
0.0
 11
33466.93
 21
25111.13
 31
0.0
  0
LINE
  5
1AA
330
1A6
100
AcDbEntity
  8
HT-A-AXIS-F01-NEW
 62
     0
440
 16777216
370
    -2
100
AcDbLine
 10
33716.93
 20
18111.13
 30
0.0
 11
33716.93
 21
25111.13
 31
0.0
  0
INSERT
  5
1AB
330
1A6
100
AcDbEntity
  8
HT-A-AXIS-F01-NEW
 62
     0
440
 16777216
370
    -2
100
AcDbBlockReference
  2
_ArchTick
 10
33716.93
 20
18111.13
 30
0.0
 41
100.0
 42
100.0
 43
100.0
 50
270.0
  0
INSERT
  5
1AC
330
1A6
100
AcDbEntity
  8
HT-A-AXIS-F01-NEW
 62
     0
440
 16777216
370
    -2
100
AcDbBlockReference
  2
_ArchTick
 10
33716.93
 20
25111.13
 30
0.0
 41
100.0
 42
100.0
 43
100.0
 50
90.0
  0
MTEXT
  5
1AD
330
1A6
100
AcDbEntity
  8
HT-A-AXIS-F01-NEW
 62
     7
440
 16777216
100
AcDbMText
 10
33441.93
 20
21611.13
 30
0.0
 40
297.5
 41
0.0
 46
0.0
 71
     5
 72
     1
  1
\A1;7000
  7
_TCH_DIM_T3
 11
0.0
 21
1.0
 31
0.0
 73
     1
 44
1.0
  0
POINT
  5
1AE
330
1A6
100
AcDbEntity
  8
Defpoints
 62
     0
440
 16777216
100
AcDbPoint
 10
37016.93
 20
18111.13
 30
0.0
  0
POINT
  5
1AF
330
1A6
100
AcDbEntity
  8
Defpoints
 62
     0
440
 16777216
100
AcDbPoint
 10
37016.93
 20
25111.13
 30
0.0
  0
POINT
  5
1B0
330
1A6
100
AcDbEntity
  8
Defpoints
 62
     0
440
 16777216
100
AcDbPoint
 10
33716.93
 20
25111.13
 30
0.0
  0
ENDBLK
  5
1B1
330
1A6
100
AcDbEntity
  8
0
100
AcDbBlockEnd
  0
BLOCK
  5
1B4
330
1B3
100
AcDbEntity
  8
0
100
AcDbBlockBegin
  2
*D17
 70
     1
 10
0.0
 20
0.0
 30
0.0
  3
*D17
  1

  0
LINE
  5
1B5
330
1B3
100
AcDbEntity
  8
HT-A-AXIS-F01-NEW
 62
     0
440
 16777216
370
    -2
100
AcDbLine
 10
38016.93
 20
26411.13
 30
0.0
 11
38016.93
 21
28861.13
 31
0.0
  0
LINE
  5
1B6
330
1B3
100
AcDbEntity
  8
HT-A-AXIS-F01-NEW
 62
     0
440
 16777216
370
    -2
100
AcDbLine
 10
42016.93
 20
26411.13
 30
0.0
 11
42016.93
 21
28861.13
 31
0.0
  0
LINE
  5
1B7
330
1B3
100
AcDbEntity
  8
HT-A-AXIS-F01-NEW
 62
     0
440
 16777216
370
    -2
100
AcDbLine
 10
38016.93
 20
28611.13
 30
0.0
 11
42016.93
 21
28611.13
 31
0.0
  0
INSERT
  5
1B8
330
1B3
100
AcDbEntity
  8
HT-A-AXIS-F01-NEW
 62
     0
440
 16777216
370
    -2
100
AcDbBlockReference
  2
_ArchTick
 10
38016.93
 20
28611.13
 30
0.0
 41
100.0
 42
100.0
 43
100.0
 50
180.0
  0
INSERT
  5
1B9
330
1B3
100
AcDbEntity
  8
HT-A-AXIS-F01-NEW
 62
     0
440
 16777216
370
    -2
100
AcDbBlockReference
  2
_ArchTick
 10
42016.93
 20
28611.13
 30
0.0
 41
100.0
 42
100.0
 43
100.0
  0
MTEXT
  5
1BA
330
1B3
100
AcDbEntity
  8
HT-A-AXIS-F01-NEW
 62
     7
440
 16777216
100
AcDbMText
 10
40016.93
 20
28886.13
 30
0.0
 40
297.5
 41
0.0
 46
0.0
 71
     5
 72
     1
  1
\A1;4000
  7
_TCH_DIM_T3
 73
     1
 44
1.0
  0
POINT
  5
1BB
330
1B3
100
AcDbEntity
  8
Defpoints
 62
     0
440
 16777216
100
AcDbPoint
 10
38016.93
 20
26111.13
 30
0.0
  0
POINT
  5
1BC
330
1B3
100
AcDbEntity
  8
Defpoints
 62
     0
440
 16777216
100
AcDbPoint
 10
42016.93
 20
26111.13
 30
0.0
  0
POINT
  5
1BD
330
1B3
100
AcDbEntity
  8
Defpoints
 62
     0
440
 16777216
100
AcDbPoint
 10
42016.93
 20
28611.13
 30
0.0
  0
ENDBLK
  5
1BE
330
1B3
100
AcDbEntity
  8
0
100
AcDbBlockEnd
  0
BLOCK
  5
1C1
330
1C0
100
AcDbEntity
  8
0
100
AcDbBlockBegin
  2
*D18
 70
     1
 10
0.0
 20
0.0
 30
0.0
  3
*D18
  1

  0
LINE
  5
1C2
330
1C0
100
AcDbEntity
  8
HT-A-AXIS-F01-NEW
 62
     0
440
 16777216
370
    -2
100
AcDbLine
 10
42016.93
 20
26411.13
 30
0.0
 11
42016.93
 21
28861.13
 31
0.0
  0
LINE
  5
1C3
330
1C0
100
AcDbEntity
  8
HT-A-AXIS-F01-NEW
 62
     0
440
 16777216
370
    -2
100
AcDbLine
 10
46016.93
 20
26411.13
 30
0.0
 11
46016.93
 21
28861.13
 31
0.0
  0
LINE
  5
1C4
330
1C0
100
AcDbEntity
  8
HT-A-AXIS-F01-NEW
 62
     0
440
 16777216
370
    -2
100
AcDbLine
 10
42016.93
 20
28611.13
 30
0.0
 11
46016.93
 21
28611.13
 31
0.0
  0
INSERT
  5
1C5
330
1C0
100
AcDbEntity
  8
HT-A-AXIS-F01-NEW
 62
     0
440
 16777216
370
    -2
100
AcDbBlockReference
  2
_ArchTick
 10
42016.93
 20
28611.13
 30
0.0
 41
100.0
 42
100.0
 43
100.0
 50
180.0
  0
INSERT
  5
1C6
330
1C0
100
AcDbEntity
  8
HT-A-AXIS-F01-NEW
 62
     0
440
 16777216
370
    -2
100
AcDbBlockReference
  2
_ArchTick
 10
46016.93
 20
28611.13
 30
0.0
 41
100.0
 42
100.0
 43
100.0
  0
MTEXT
  5
1C7
330
1C0
100
AcDbEntity
  8
HT-A-AXIS-F01-NEW
 62
     7
440
 16777216
100
AcDbMText
 10
44016.93
 20
28886.13
 30
0.0
 40
297.5
 41
0.0
 46
0.0
 71
     5
 72
     1
  1
\A1;4000
  7
_TCH_DIM_T3
 73
     1
 44
1.0
  0
POINT
  5
1C8
330
1C0
100
AcDbEntity
  8
Defpoints
 62
     0
440
 16777216
100
AcDbPoint
 10
42016.93
 20
26111.13
 30
0.0
  0
POINT
  5
1C9
330
1C0
100
AcDbEntity
  8
Defpoints
 62
     0
440
 16777216
100
AcDbPoint
 10
46016.93
 20
26111.13
 30
0.0
  0
POINT
  5
1CA
330
1C0
100
AcDbEntity
  8
Defpoints
 62
     0
440
 16777216
100
AcDbPoint
 10
46016.93
 20
28611.13
 30
0.0
  0
ENDBLK
  5
1CB
330
1C0
100
AcDbEntity
  8
0
100
AcDbBlockEnd
  0
BLOCK
  5
1CE
330
1CD
100
AcDbEntity
  8
0
100
AcDbBlockBegin
  2
*D19
 70
     1
 10
0.0
 20
0.0
 30
0.0
  3
*D19
  1

  0
LINE
  5
1CF
330
1CD
100
AcDbEntity
  8
HT-A-AXIS-F01-NEW
 62
     0
440
 16777216
370
    -2
100
AcDbLine
 10
46016.93
 20
26411.13
 30
0.0
 11
46016.93
 21
28861.13
 31
0.0
  0
LINE
  5
1D0
330
1CD
100
AcDbEntity
  8
HT-A-AXIS-F01-NEW
 62
     0
440
 16777216
370
    -2
100
AcDbLine
 10
50016.93
 20
26411.13
 30
0.0
 11
50016.93
 21
28861.13
 31
0.0
  0
LINE
  5
1D1
330
1CD
100
AcDbEntity
  8
HT-A-AXIS-F01-NEW
 62
     0
440
 16777216
370
    -2
100
AcDbLine
 10
46016.93
 20
28611.13
 30
0.0
 11
50016.93
 21
28611.13
 31
0.0
  0
INSERT
  5
1D2
330
1CD
100
AcDbEntity
  8
HT-A-AXIS-F01-NEW
 62
     0
440
 16777216
370
    -2
100
AcDbBlockReference
  2
_ArchTick
 10
46016.93
 20
28611.13
 30
0.0
 41
100.0
 42
100.0
 43
100.0
 50
180.0
  0
INSERT
  5
1D3
330
1CD
100
AcDbEntity
  8
HT-A-AXIS-F01-NEW
 62
     0
440
 16777216
370
    -2
100
AcDbBlockReference
  2
_ArchTick
 10
50016.93
 20
28611.13
 30
0.0
 41
100.0
 42
100.0
 43
100.0
  0
MTEXT
  5
1D4
330
1CD
100
AcDbEntity
  8
HT-A-AXIS-F01-NEW
 62
     7
440
 16777216
100
AcDbMText
 10
48016.93
 20
28886.13
 30
0.0
 40
297.5
 41
0.0
 46
0.0
 71
     5
 72
     1
  1
\A1;4000
  7
_TCH_DIM_T3
 73
     1
 44
1.0
  0
POINT
  5
1D5
330
1CD
100
AcDbEntity
  8
Defpoints
 62
     0
440
 16777216
100
AcDbPoint
 10
46016.93
 20
26111.13
 30
0.0
  0
POINT
  5
1D6
330
1CD
100
AcDbEntity
  8
Defpoints
 62
     0
440
 16777216
100
AcDbPoint
 10
50016.93
 20
26111.13
 30
0.0
  0
POINT
  5
1D7
330
1CD
100
AcDbEntity
  8
Defpoints
 62
     0
440
 16777216
100
AcDbPoint
 10
50016.93
 20
28611.13
 30
0.0
  0
ENDBLK
  5
1D8
330
1CD
100
AcDbEntity
  8
0
100
AcDbBlockEnd
  0
BLOCK
  5
1DB
330
1DA
100
AcDbEntity
  8
0
100
AcDbBlockBegin
  2
*D20
 70
     1
 10
0.0
 20
0.0
 30
0.0
  3
*D20
  1

  0
LINE
  5
1DC
330
1DA
100
AcDbEntity
  8
HT-A-AXIS-F01-NEW
 62
     0
440
 16777216
370
    -2
100
AcDbLine
 10
50016.93
 20
26411.13
 30
0.0
 11
50016.93
 21
28861.13
 31
0.0
  0
LINE
  5
1DD
330
1DA
100
AcDbEntity
  8
HT-A-AXIS-F01-NEW
 62
     0
440
 16777216
370
    -2
100
AcDbLine
 10
53316.93
 20
26411.13
 30
0.0
 11
53316.93
 21
28861.13
 31
0.0
  0
LINE
  5
1DE
330
1DA
100
AcDbEntity
  8
HT-A-AXIS-F01-NEW
 62
     0
440
 16777216
370
    -2
100
AcDbLine
 10
50016.93
 20
28611.13
 30
0.0
 11
53316.93
 21
28611.13
 31
0.0
  0
INSERT
  5
1DF
330
1DA
100
AcDbEntity
  8
HT-A-AXIS-F01-NEW
 62
     0
440
 16777216
370
    -2
100
AcDbBlockReference
  2
_ArchTick
 10
50016.93
 20
28611.13
 30
0.0
 41
100.0
 42
100.0
 43
100.0
 50
180.0
  0
INSERT
  5
1E0
330
1DA
100
AcDbEntity
  8
HT-A-AXIS-F01-NEW
 62
     0
440
 16777216
370
    -2
100
AcDbBlockReference
  2
_ArchTick
 10
53316.93
 20
28611.13
 30
0.0
 41
100.0
 42
100.0
 43
100.0
  0
MTEXT
  5
1E1
330
1DA
100
AcDbEntity
  8
HT-A-AXIS-F01-NEW
 62
     7
440
 16777216
100
AcDbMText
 10
51666.93
 20
28886.13
 30
0.0
 40
297.5
 41
0.0
 46
0.0
 71
     5
 72
     1
  1
\A1;3300
  7
_TCH_DIM_T3
 73
     1
 44
1.0
  0
POINT
  5
1E2
330
1DA
100
AcDbEntity
  8
Defpoints
 62
     0
440
 16777216
100
AcDbPoint
 10
50016.93
 20
26111.13
 30
0.0
  0
POINT
  5
1E3
330
1DA
100
AcDbEntity
  8
Defpoints
 62
     0
440
 16777216
100
AcDbPoint
 10
53316.93
 20
26111.13
 30
0.0
  0
POINT
  5
1E4
330
1DA
100
AcDbEntity
  8
Defpoints
 62
     0
440
 16777216
100
AcDbPoint
 10
53316.93
 20
28611.13
 30
0.0
  0
ENDBLK
  5
1E5
330
1DA
100
AcDbEntity
  8
0
100
AcDbBlockEnd
  0
BLOCK
  5
1E8
330
1E7
100
AcDbEntity
  8
0
100
AcDbBlockBegin
  2
*D21
 70
     1
 10
0.0
 20
0.0
 30
0.0
  3
*D21
  1

  0
LINE
  5
1E9
330
1E7
100
AcDbEntity
  8
HT-A-AXIS-F01-NEW
 62
     0
440
 16777216
370
    -2
100
AcDbLine
 10
53316.93
 20
26411.13
 30
0.0
 11
53316.93
 21
28861.13
 31
0.0
  0
LINE
  5
1EA
330
1E7
100
AcDbEntity
  8
HT-A-AXIS-F01-NEW
 62
     0
440
 16777216
370
    -2
100
AcDbLine
 10
56816.93
 20
26411.13
 30
0.0
 11
56816.93
 21
28861.13
 31
0.0
  0
LINE
  5
1EB
330
1E7
100
AcDbEntity
  8
HT-A-AXIS-F01-NEW
 62
     0
440
 16777216
370
    -2
100
AcDbLine
 10
53316.93
 20
28611.13
 30
0.0
 11
56816.93
 21
28611.13
 31
0.0
  0
INSERT
  5
1EC
330
1E7
100
AcDbEntity
  8
HT-A-AXIS-F01-NEW
 62
     0
440
 16777216
370
    -2
100
AcDbBlockReference
  2
_ArchTick
 10
53316.93
 20
28611.13
 30
0.0
 41
100.0
 42
100.0
 43
100.0
 50
180.0
  0
INSERT
  5
1ED
330
1E7
100
AcDbEntity
  8
HT-A-AXIS-F01-NEW
 62
     0
440
 16777216
370
    -2
100
AcDbBlockReference
  2
_ArchTick
 10
56816.93
 20
28611.13
 30
0.0
 41
100.0
 42
100.0
 43
100.0
  0
MTEXT
  5
1EE
330
1E7
100
AcDbEntity
  8
HT-A-AXIS-F01-NEW
 62
     7
440
 16777216
100
AcDbMText
 10
55066.93
 20
28886.13
 30
0.0
 40
297.5
 41
0.0
 46
0.0
 71
     5
 72
     1
  1
\A1;3500
  7
_TCH_DIM_T3
 73
     1
 44
1.0
  0
POINT
  5
1EF
330
1E7
100
AcDbEntity
  8
Defpoints
 62
     0
440
 16777216
100
AcDbPoint
 10
53316.93
 20
26111.13
 30
0.0
  0
POINT
  5
1F0
330
1E7
100
AcDbEntity
  8
Defpoints
 62
     0
440
 16777216
100
AcDbPoint
 10
56816.93
 20
26111.13
 30
0.0
  0
POINT
  5
1F1
330
1E7
100
AcDbEntity
  8
Defpoints
 62
     0
440
 16777216
100
AcDbPoint
 10
56816.93
 20
28611.13
 30
0.0
  0
ENDBLK
  5
1F2
330
1E7
100
AcDbEntity
  8
0
100
AcDbBlockEnd
  0
BLOCK
  5
1F5
330
1F4
100
AcDbEntity
  8
0
100
AcDbBlockBegin
  2
*D22
 70
     1
 10
0.0
 20
0.0
 30
0.0
  3
*D22
  1

  0
LINE
  5
1F6
330
1F4
100
AcDbEntity
  8
HT-A-AXIS-F01-NEW
 62
     0
440
 16777216
370
    -2
100
AcDbLine
 10
38016.93
 20
26411.13
 30
0.0
 11
38016.93
 21
29661.13
 31
0.0
  0
LINE
  5
1F7
330
1F4
100
AcDbEntity
  8
HT-A-AXIS-F01-NEW
 62
     0
440
 16777216
370
    -2
100
AcDbLine
 10
56816.93
 20
26411.13
 30
0.0
 11
56816.93
 21
29661.13
 31
0.0
  0
LINE
  5
1F8
330
1F4
100
AcDbEntity
  8
HT-A-AXIS-F01-NEW
 62
     0
440
 16777216
370
    -2
100
AcDbLine
 10
38016.93
 20
29411.13
 30
0.0
 11
56816.93
 21
29411.13
 31
0.0
  0
INSERT
  5
1F9
330
1F4
100
AcDbEntity
  8
HT-A-AXIS-F01-NEW
 62
     0
440
 16777216
370
    -2
100
AcDbBlockReference
  2
_ArchTick
 10
38016.93
 20
29411.13
 30
0.0
 41
100.0
 42
100.0
 43
100.0
 50
180.0
  0
INSERT
  5
1FA
330
1F4
100
AcDbEntity
  8
HT-A-AXIS-F01-NEW
 62
     0
440
 16777216
370
    -2
100
AcDbBlockReference
  2
_ArchTick
 10
56816.93
 20
29411.13
 30
0.0
 41
100.0
 42
100.0
 43
100.0
  0
MTEXT
  5
1FB
330
1F4
100
AcDbEntity
  8
HT-A-AXIS-F01-NEW
 62
     7
440
 16777216
100
AcDbMText
 10
47416.93
 20
29686.13
 30
0.0
 40
297.5
 41
0.0
 46
0.0
 71
     5
 72
     1
  1
\A1;18800
  7
_TCH_DIM_T3
 73
     1
 44
1.0
  0
POINT
  5
1FC
330
1F4
100
AcDbEntity
  8
Defpoints
 62
     0
440
 16777216
100
AcDbPoint
 10
38016.93
 20
26111.13
 30
0.0
  0
POINT
  5
1FD
330
1F4
100
AcDbEntity
  8
Defpoints
 62
     0
440
 16777216
100
AcDbPoint
 10
56816.93
 20
26111.13
 30
0.0
  0
POINT
  5
1FE
330
1F4
100
AcDbEntity
  8
Defpoints
 62
     0
440
 16777216
100
AcDbPoint
 10
56816.93
 20
29411.13
 30
0.0
  0
ENDBLK
  5
1FF
330
1F4
100
AcDbEntity
  8
0
100
AcDbBlockEnd
  0
BLOCK
  5
202
330
201
100
AcDbEntity
  8
0
100
AcDbBlockBegin
  2
*D23
 70
     1
 10
0.0
 20
0.0
 30
0.0
  3
*D23
  1

  0
LINE
  5
203
330
201
100
AcDbEntity
  8
HT-A-AXIS-F01-NEW
 62
     0
440
 16777216
370
    -2
100
AcDbLine
 10
38016.93
 20
16811.13
 30
0.0
 11
38016.93
 21
14361.13
 31
0.0
  0
LINE
  5
204
330
201
100
AcDbEntity
  8
HT-A-AXIS-F01-NEW
 62
     0
440
 16777216
370
    -2
100
AcDbLine
 10
42016.93
 20
16811.13
 30
0.0
 11
42016.93
 21
14361.13
 31
0.0
  0
LINE
  5
205
330
201
100
AcDbEntity
  8
HT-A-AXIS-F01-NEW
 62
     0
440
 16777216
370
    -2
100
AcDbLine
 10
38016.93
 20
14611.13
 30
0.0
 11
42016.93
 21
14611.13
 31
0.0
  0
INSERT
  5
206
330
201
100
AcDbEntity
  8
HT-A-AXIS-F01-NEW
 62
     0
440
 16777216
370
    -2
100
AcDbBlockReference
  2
_ArchTick
 10
38016.93
 20
14611.13
 30
0.0
 41
100.0
 42
100.0
 43
100.0
 50
180.0
  0
INSERT
  5
207
330
201
100
AcDbEntity
  8
HT-A-AXIS-F01-NEW
 62
     0
440
 16777216
370
    -2
100
AcDbBlockReference
  2
_ArchTick
 10
42016.93
 20
14611.13
 30
0.0
 41
100.0
 42
100.0
 43
100.0
  0
MTEXT
  5
208
330
201
100
AcDbEntity
  8
HT-A-AXIS-F01-NEW
 62
     7
440
 16777216
100
AcDbMText
 10
40016.93
 20
14886.13
 30
0.0
 40
297.5
 41
0.0
 46
0.0
 71
     5
 72
     1
  1
\A1;4000
  7
_TCH_DIM_T3
 73
     1
 44
1.0
  0
POINT
  5
209
330
201
100
AcDbEntity
  8
Defpoints
 62
     0
440
 16777216
100
AcDbPoint
 10
38016.93
 20
17111.13
 30
0.0
  0
POINT
  5
20A
330
201
100
AcDbEntity
  8
Defpoints
 62
     0
440
 16777216
100
AcDbPoint
 10
42016.93
 20
17111.13
 30
0.0
  0
POINT
  5
20B
330
201
100
AcDbEntity
  8
Defpoints
 62
     0
440
 16777216
100
AcDbPoint
 10
42016.93
 20
14611.13
 30
0.0
  0
ENDBLK
  5
20C
330
201
100
AcDbEntity
  8
0
100
AcDbBlockEnd
  0
BLOCK
  5
20F
330
20E
100
AcDbEntity
  8
0
100
AcDbBlockBegin
  2
*D24
 70
     1
 10
0.0
 20
0.0
 30
0.0
  3
*D24
  1

  0
LINE
  5
210
330
20E
100
AcDbEntity
  8
HT-A-AXIS-F01-NEW
 62
     0
440
 16777216
370
    -2
100
AcDbLine
 10
42016.93
 20
16811.13
 30
0.0
 11
42016.93
 21
14361.13
 31
0.0
  0
LINE
  5
211
330
20E
100
AcDbEntity
  8
HT-A-AXIS-F01-NEW
 62
     0
440
 16777216
370
    -2
100
AcDbLine
 10
46016.93
 20
16811.13
 30
0.0
 11
46016.93
 21
14361.13
 31
0.0
  0
LINE
  5
212
330
20E
100
AcDbEntity
  8
HT-A-AXIS-F01-NEW
 62
     0
440
 16777216
370
    -2
100
AcDbLine
 10
42016.93
 20
14611.13
 30
0.0
 11
46016.93
 21
14611.13
 31
0.0
  0
INSERT
  5
213
330
20E
100
AcDbEntity
  8
HT-A-AXIS-F01-NEW
 62
     0
440
 16777216
370
    -2
100
AcDbBlockReference
  2
_ArchTick
 10
42016.93
 20
14611.13
 30
0.0
 41
100.0
 42
100.0
 43
100.0
 50
180.0
  0
INSERT
  5
214
330
20E
100
AcDbEntity
  8
HT-A-AXIS-F01-NEW
 62
     0
440
 16777216
370
    -2
100
AcDbBlockReference
  2
_ArchTick
 10
46016.93
 20
14611.13
 30
0.0
 41
100.0
 42
100.0
 43
100.0
  0
MTEXT
  5
215
330
20E
100
AcDbEntity
  8
HT-A-AXIS-F01-NEW
 62
     7
440
 16777216
100
AcDbMText
 10
44016.93
 20
14886.13
 30
0.0
 40
297.5
 41
0.0
 46
0.0
 71
     5
 72
     1
  1
\A1;4000
  7
_TCH_DIM_T3
 73
     1
 44
1.0
  0
POINT
  5
216
330
20E
100
AcDbEntity
  8
Defpoints
 62
     0
440
 16777216
100
AcDbPoint
 10
42016.93
 20
17111.13
 30
0.0
  0
POINT
  5
217
330
20E
100
AcDbEntity
  8
Defpoints
 62
     0
440
 16777216
100
AcDbPoint
 10
46016.93
 20
17111.13
 30
0.0
  0
POINT
  5
218
330
20E
100
AcDbEntity
  8
Defpoints
 62
     0
440
 16777216
100
AcDbPoint
 10
46016.93
 20
14611.13
 30
0.0
  0
ENDBLK
  5
219
330
20E
100
AcDbEntity
  8
0
100
AcDbBlockEnd
  0
BLOCK
  5
21C
330
21B
100
AcDbEntity
  8
0
100
AcDbBlockBegin
  2
*D25
 70
     1
 10
0.0
 20
0.0
 30
0.0
  3
*D25
  1

  0
LINE
  5
21D
330
21B
100
AcDbEntity
  8
HT-A-AXIS-F01-NEW
 62
     0
440
 16777216
370
    -2
100
AcDbLine
 10
46016.93
 20
16811.13
 30
0.0
 11
46016.93
 21
14361.13
 31
0.0
  0
LINE
  5
21E
330
21B
100
AcDbEntity
  8
HT-A-AXIS-F01-NEW
 62
     0
440
 16777216
370
    -2
100
AcDbLine
 10
50016.93
 20
16811.13
 30
0.0
 11
50016.93
 21
14361.13
 31
0.0
  0
LINE
  5
21F
330
21B
100
AcDbEntity
  8
HT-A-AXIS-F01-NEW
 62
     0
440
 16777216
370
    -2
100
AcDbLine
 10
46016.93
 20
14611.13
 30
0.0
 11
50016.93
 21
14611.13
 31
0.0
  0
INSERT
  5
220
330
21B
100
AcDbEntity
  8
HT-A-AXIS-F01-NEW
 62
     0
440
 16777216
370
    -2
100
AcDbBlockReference
  2
_ArchTick
 10
46016.93
 20
14611.13
 30
0.0
 41
100.0
 42
100.0
 43
100.0
 50
180.0
  0
INSERT
  5
221
330
21B
100
AcDbEntity
  8
HT-A-AXIS-F01-NEW
 62
     0
440
 16777216
370
    -2
100
AcDbBlockReference
  2
_ArchTick
 10
50016.93
 20
14611.13
 30
0.0
 41
100.0
 42
100.0
 43
100.0
  0
MTEXT
  5
222
330
21B
100
AcDbEntity
  8
HT-A-AXIS-F01-NEW
 62
     7
440
 16777216
100
AcDbMText
 10
48016.93
 20
14886.13
 30
0.0
 40
297.5
 41
0.0
 46
0.0
 71
     5
 72
     1
  1
\A1;4000
  7
_TCH_DIM_T3
 73
     1
 44
1.0
  0
POINT
  5
223
330
21B
100
AcDbEntity
  8
Defpoints
 62
     0
440
 16777216
100
AcDbPoint
 10
46016.93
 20
17111.13
 30
0.0
  0
POINT
  5
224
330
21B
100
AcDbEntity
  8
Defpoints
 62
     0
440
 16777216
100
AcDbPoint
 10
50016.93
 20
17111.13
 30
0.0
  0
POINT
  5
225
330
21B
100
AcDbEntity
  8
Defpoints
 62
     0
440
 16777216
100
AcDbPoint
 10
50016.93
 20
14611.13
 30
0.0
  0
ENDBLK
  5
226
330
21B
100
AcDbEntity
  8
0
100
AcDbBlockEnd
  0
BLOCK
  5
229
330
228
100
AcDbEntity
  8
0
100
AcDbBlockBegin
  2
*D26
 70
     1
 10
0.0
 20
0.0
 30
0.0
  3
*D26
  1

  0
LINE
  5
22A
330
228
100
AcDbEntity
  8
HT-A-AXIS-F01-NEW
 62
     0
440
 16777216
370
    -2
100
AcDbLine
 10
50016.93
 20
16811.13
 30
0.0
 11
50016.93
 21
14361.13
 31
0.0
  0
LINE
  5
22B
330
228
100
AcDbEntity
  8
HT-A-AXIS-F01-NEW
 62
     0
440
 16777216
370
    -2
100
AcDbLine
 10
53316.93
 20
16811.13
 30
0.0
 11
53316.93
 21
14361.13
 31
0.0
  0
LINE
  5
22C
330
228
100
AcDbEntity
  8
HT-A-AXIS-F01-NEW
 62
     0
440
 16777216
370
    -2
100
AcDbLine
 10
50016.93
 20
14611.13
 30
0.0
 11
53316.93
 21
14611.13
 31
0.0
  0
INSERT
  5
22D
330
228
100
AcDbEntity
  8
HT-A-AXIS-F01-NEW
 62
     0
440
 16777216
370
    -2
100
AcDbBlockReference
  2
_ArchTick
 10
50016.93
 20
14611.13
 30
0.0
 41
100.0
 42
100.0
 43
100.0
 50
180.0
  0
INSERT
  5
22E
330
228
100
AcDbEntity
  8
HT-A-AXIS-F01-NEW
 62
     0
440
 16777216
370
    -2
100
AcDbBlockReference
  2
_ArchTick
 10
53316.93
 20
14611.13
 30
0.0
 41
100.0
 42
100.0
 43
100.0
  0
MTEXT
  5
22F
330
228
100
AcDbEntity
  8
HT-A-AXIS-F01-NEW
 62
     7
440
 16777216
100
AcDbMText
 10
51666.93
 20
14886.13
 30
0.0
 40
297.5
 41
0.0
 46
0.0
 71
     5
 72
     1
  1
\A1;3300
  7
_TCH_DIM_T3
 73
     1
 44
1.0
  0
POINT
  5
230
330
228
100
AcDbEntity
  8
Defpoints
 62
     0
440
 16777216
100
AcDbPoint
 10
50016.93
 20
17111.13
 30
0.0
  0
POINT
  5
231
330
228
100
AcDbEntity
  8
Defpoints
 62
     0
440
 16777216
100
AcDbPoint
 10
53316.93
 20
17111.13
 30
0.0
  0
POINT
  5
232
330
228
100
AcDbEntity
  8
Defpoints
 62
     0
440
 16777216
100
AcDbPoint
 10
53316.93
 20
14611.13
 30
0.0
  0
ENDBLK
  5
233
330
228
100
AcDbEntity
  8
0
100
AcDbBlockEnd
  0
BLOCK
  5
236
330
235
100
AcDbEntity
  8
0
100
AcDbBlockBegin
  2
*D27
 70
     1
 10
0.0
 20
0.0
 30
0.0
  3
*D27
  1

  0
LINE
  5
237
330
235
100
AcDbEntity
  8
HT-A-AXIS-F01-NEW
 62
     0
440
 16777216
370
    -2
100
AcDbLine
 10
53316.93
 20
16811.13
 30
0.0
 11
53316.93
 21
14361.13
 31
0.0
  0
LINE
  5
238
330
235
100
AcDbEntity
  8
HT-A-AXIS-F01-NEW
 62
     0
440
 16777216
370
    -2
100
AcDbLine
 10
56816.93
 20
16811.13
 30
0.0
 11
56816.93
 21
14361.13
 31
0.0
  0
LINE
  5
239
330
235
100
AcDbEntity
  8
HT-A-AXIS-F01-NEW
 62
     0
440
 16777216
370
    -2
100
AcDbLine
 10
53316.93
 20
14611.13
 30
0.0
 11
56816.93
 21
14611.13
 31
0.0
  0
INSERT
  5
23A
330
235
100
AcDbEntity
  8
HT-A-AXIS-F01-NEW
 62
     0
440
 16777216
370
    -2
100
AcDbBlockReference
  2
_ArchTick
 10
53316.93
 20
14611.13
 30
0.0
 41
100.0
 42
100.0
 43
100.0
 50
180.0
  0
INSERT
  5
23B
330
235
100
AcDbEntity
  8
HT-A-AXIS-F01-NEW
 62
     0
440
 16777216
370
    -2
100
AcDbBlockReference
  2
_ArchTick
 10
56816.93
 20
14611.13
 30
0.0
 41
100.0
 42
100.0
 43
100.0
  0
MTEXT
  5
23C
330
235
100
AcDbEntity
  8
HT-A-AXIS-F01-NEW
 62
     7
440
 16777216
100
AcDbMText
 10
55066.93
 20
14886.13
 30
0.0
 40
297.5
 41
0.0
 46
0.0
 71
     5
 72
     1
  1
\A1;3500
  7
_TCH_DIM_T3
 73
     1
 44
1.0
  0
POINT
  5
23D
330
235
100
AcDbEntity
  8
Defpoints
 62
     0
440
 16777216
100
AcDbPoint
 10
53316.93
 20
17111.13
 30
0.0
  0
POINT
  5
23E
330
235
100
AcDbEntity
  8
Defpoints
 62
     0
440
 16777216
100
AcDbPoint
 10
56816.93
 20
17111.13
 30
0.0
  0
POINT
  5
23F
330
235
100
AcDbEntity
  8
Defpoints
 62
     0
440
 16777216
100
AcDbPoint
 10
56816.93
 20
14611.13
 30
0.0
  0
ENDBLK
  5
240
330
235
100
AcDbEntity
  8
0
100
AcDbBlockEnd
  0
BLOCK
  5
243
330
242
100
AcDbEntity
  8
0
100
AcDbBlockBegin
  2
*D28
 70
     1
 10
0.0
 20
0.0
 30
0.0
  3
*D28
  1

  0
LINE
  5
244
330
242
100
AcDbEntity
  8
HT-A-AXIS-F01-NEW
 62
     0
440
 16777216
370
    -2
100
AcDbLine
 10
38016.93
 20
16811.13
 30
0.0
 11
38016.93
 21
13561.13
 31
0.0
  0
LINE
  5
245
330
242
100
AcDbEntity
  8
HT-A-AXIS-F01-NEW
 62
     0
440
 16777216
370
    -2
100
AcDbLine
 10
56816.93
 20
16811.13
 30
0.0
 11
56816.93
 21
13561.13
 31
0.0
  0
LINE
  5
246
330
242
100
AcDbEntity
  8
HT-A-AXIS-F01-NEW
 62
     0
440
 16777216
370
    -2
100
AcDbLine
 10
38016.93
 20
13811.13
 30
0.0
 11
56816.93
 21
13811.13
 31
0.0
  0
INSERT
  5
247
330
242
100
AcDbEntity
  8
HT-A-AXIS-F01-NEW
 62
     0
440
 16777216
370
    -2
100
AcDbBlockReference
  2
_ArchTick
 10
38016.93
 20
13811.13
 30
0.0
 41
100.0
 42
100.0
 43
100.0
 50
180.0
  0
INSERT
  5
248
330
242
100
AcDbEntity
  8
HT-A-AXIS-F01-NEW
 62
     0
440
 16777216
370
    -2
100
AcDbBlockReference
  2
_ArchTick
 10
56816.93
 20
13811.13
 30
0.0
 41
100.0
 42
100.0
 43
100.0
  0
MTEXT
  5
249
330
242
100
AcDbEntity
  8
HT-A-AXIS-F01-NEW
 62
     7
440
 16777216
100
AcDbMText
 10
47416.93
 20
14086.13
 30
0.0
 40
297.5
 41
0.0
 46
0.0
 71
     5
 72
     1
  1
\A1;18800
  7
_TCH_DIM_T3
 73
     1
 44
1.0
  0
POINT
  5
24A
330
242
100
AcDbEntity
  8
Defpoints
 62
     0
440
 16777216
100
AcDbPoint
 10
38016.93
 20
17111.13
 30
0.0
  0
POINT
  5
24B
330
242
100
AcDbEntity
  8
Defpoints
 62
     0
440
 16777216
100
AcDbPoint
 10
56816.93
 20
17111.13
 30
0.0
  0
POINT
  5
24C
330
242
100
AcDbEntity
  8
Defpoints
 62
     0
440
 16777216
100
AcDbPoint
 10
56816.93
 20
13811.13
 30
0.0
  0
ENDBLK
  5
24D
330
242
100
AcDbEntity
  8
0
100
AcDbBlockEnd
  0
BLOCK
  5
2B1
330
2B0
100
AcDbEntity
  8
0
100
AcDbBlockBegin
  2
_AXISO
 70
     2
 10
0.0
 20
0.0
 30
0.0
  3
_AXISO
  1

  0
CIRCLE
  5
2B2
330
2B0
100
AcDbEntity
  8
0
100
AcDbCircle
 10
0.0
 20
0.0
 30
0.0
 40
0.5
  0
ATTDEF
  5
2B3
330
2B0
100
AcDbEntity
  8
HT-A-AXIS-TEXT-F01-NEW
100
AcDbText
 10
-0.25
 20
-0.28
 30
0.0
 40
0.56
  1

 41
1.04
  7
COMPLEX
 72
     5
 11
0.25
 21
-0.28
 31
0.0
100
AcDbAttributeDefinition
280
     0
  3

  2
A
 70
     0
280
     0
  0
ENDBLK
  5
2B6
330
2B0
100
AcDbEntity
  8
0
100
AcDbBlockEnd
  0
ENDSEC
  0
SECTION
  2
ENTITIES
  0
LINE
  5
F
330
2
100
AcDbEntity
  8
HT-A-NOPLOT-F01-NEW
100
AcDbLine
 10
38016.93
 20
17111.13
 30
0.0
 11
38016.93
 21
26111.13
 31
0.0
  0
LINE
  5
14
330
2
100
AcDbEntity
  8
HT-A-NOPLOT-F01-NEW
100
AcDbLine
 10
56816.93
 20
17111.13
 30
0.0
 11
56816.93
 21
26111.13
 31
0.0
  0
LINE
  5
15
330
2
100
AcDbEntity
  8
HT-A-NOPLOT-F01-NEW
100
AcDbLine
 10
42016.93
 20
17111.13
 30
0.0
 11
42016.93
 21
26111.13
 31
0.0
  0
LINE
  5
16
330
2
100
AcDbEntity
  8
HT-A-NOPLOT-F01-NEW
100
AcDbLine
 10
46016.93
 20
17111.13
 30
0.0
 11
46016.93
 21
26111.13
 31
0.0
  0
LINE
  5
17
330
2
100
AcDbEntity
  8
HT-A-NOPLOT-F01-NEW
100
AcDbLine
 10
50016.93
 20
17111.13
 30
0.0
 11
50016.93
 21
26111.13
 31
0.0
  0
LINE
  5
18
330
2
100
AcDbEntity
  8
HT-A-NOPLOT-F01-NEW
100
AcDbLine
 10
53316.93
 20
17111.13
 30
0.0
 11
53316.93
 21
26111.13
 31
0.0
  0
LINE
  5
19
330
2
100
AcDbEntity
  8
HT-A-NOPLOT-F01-NEW
100
AcDbLine
 10
37016.93
 20
25111.13
 30
0.0
 11
57816.93
 21
25111.13
 31
0.0
  0
LINE
  5
1A
330
2
100
AcDbEntity
  8
HT-A-NOPLOT-F01-NEW
100
AcDbLine
 10
37016.93
 20
22611.13
 30
0.0
 11
57816.93
 21
22611.13
 31
0.0
  0
LINE
  5
1B
330
2
100
AcDbEntity
  8
HT-A-NOPLOT-F01-NEW
100
AcDbLine
 10
37016.93
 20
21111.13
 30
0.0
 11
57816.93
 21
21111.13
 31
0.0
  0
LINE
  5
1C
330
2
100
AcDbEntity
  8
HT-A-NOPLOT-F01-NEW
100
AcDbLine
 10
37016.93
 20
18111.13
 30
0.0
 11
57816.93
 21
18111.13
 31
0.0
  0
DIMENSION
  5
143
330
2
100
AcDbEntity
  8
HT-A-AXIS-F01-NEW
100
AcDbDimension
280
     0
  2
*D9
 10
60316.93
 20
21111.13
 30
0.0
 11
60041.93
 21
19611.13
 31
0.0
 70
     1
 71
     5
 42
3000.0
 73
     0
 74
     0
 75
     0
  3
_TCH_ARCH&&100
100
AcDbAlignedDimension
 13
57816.93
 23
18111.13
 33
0.0
 14
57816.93
 24
21111.13
 34
0.0
  0
DIMENSION
  5
157
330
2
100
AcDbEntity
  8
HT-A-AXIS-F01-NEW
100
AcDbDimension
280
     0
  2
*D10
 10
60316.93
 20
22611.13
 30
0.0
 11
60041.93
 21
21861.13
 31
0.0
 70
     1
 71
     5
 42
1500.0
 73
     0
 74
     0
 75
     0
  3
_TCH_ARCH&&100
100
AcDbAlignedDimension
 13
57816.93
 23
21111.13
 33
0.0
 14
57816.93
 24
22611.13
 34
0.0
  0
DIMENSION
  5
164
330
2
100
AcDbEntity
  8
HT-A-AXIS-F01-NEW
100
AcDbDimension
280
     0
  2
*D11
 10
60316.93
 20
25111.13
 30
0.0
 11
60041.93
 21
23861.13
 31
0.0
 70
     1
 71
     5
 42
2500.0
 73
     0
 74
     0
 75
     0
  3
_TCH_ARCH&&100
100
AcDbAlignedDimension
 13
57816.93
 23
22611.13
 33
0.0
 14
57816.93
 24
25111.13
 34
0.0
  0
DIMENSION
  5
171
330
2
100
AcDbEntity
  8
HT-A-AXIS-F01-NEW
100
AcDbDimension
280
     0
  2
*D12
 10
61116.93
 20
25111.13
 30
0.0
 11
60841.93
 21
21611.13
 31
0.0
 70
     1
 71
     5
 42
7000.0
 73
     0
 74
     0
 75
     0
  3
_TCH_ARCH&&100
100
AcDbAlignedDimension
 13
57816.93
 23
18111.13
 33
0.0
 14
57816.93
 24
25111.13
 34
0.0
  0
DIMENSION
  5
17E
330
2
100
AcDbEntity
  8
HT-A-AXIS-F01-NEW
100
AcDbDimension
280
     0
  2
*D13
 10
34516.93
 20
21111.13
 30
0.0
 11
34241.93
 21
19611.13
 31
0.0
 70
     1
 71
     5
 42
3000.0
 73
     0
 74
     0
 75
     0
  3
_TCH_ARCH&&100
100
AcDbAlignedDimension
 13
37016.93
 23
18111.13
 33
0.0
 14
37016.93
 24
21111.13
 34
0.0
  0
DIMENSION
  5
18B
330
2
100
AcDbEntity
  8
HT-A-AXIS-F01-NEW
100
AcDbDimension
280
     0
  2
*D14
 10
34516.93
 20
22611.13
 30
0.0
 11
34241.93
 21
21861.13
 31
0.0
 70
     1
 71
     5
 42
1500.0
 73
     0
 74
     0
 75
     0
  3
_TCH_ARCH&&100
100
AcDbAlignedDimension
 13
37016.93
 23
21111.13
 33
0.0
 14
37016.93
 24
22611.13
 34
0.0
  0
DIMENSION
  5
198
330
2
100
AcDbEntity
  8
HT-A-AXIS-F01-NEW
100
AcDbDimension
280
     0
  2
*D15
 10
34516.93
 20
25111.13
 30
0.0
 11
34241.93
 21
23861.13
 31
0.0
 70
     1
 71
     5
 42
2500.0
 73
     0
 74
     0
 75
     0
  3
_TCH_ARCH&&100
100
AcDbAlignedDimension
 13
37016.93
 23
22611.13
 33
0.0
 14
37016.93
 24
25111.13
 34
0.0
  0
DIMENSION
  5
1A5
330
2
100
AcDbEntity
  8
HT-A-AXIS-F01-NEW
100
AcDbDimension
280
     0
  2
*D16
 10
33716.93
 20
25111.13
 30
0.0
 11
33441.93
 21
21611.13
 31
0.0
 70
     1
 71
     5
 42
7000.0
 73
     0
 74
     0
 75
     0
  3
_TCH_ARCH&&100
100
AcDbAlignedDimension
 13
37016.93
 23
18111.13
 33
0.0
 14
37016.93
 24
25111.13
 34
0.0
  0
DIMENSION
  5
1B2
330
2
100
AcDbEntity
  8
HT-A-AXIS-F01-NEW
100
AcDbDimension
280
     0
  2
*D17
 10
42016.93
 20
28611.13
 30
0.0
 11
40016.93
 21
28886.13
 31
0.0
 70
     1
 71
     5
 42
4000.0
 73
     0
 74
     0
 75
     0
  3
_TCH_ARCH&&100
100
AcDbAlignedDimension
 13
38016.93
 23
26111.13
 33
0.0
 14
42016.93
 24
26111.13
 34
0.0
  0
DIMENSION
  5
1BF
330
2
100
AcDbEntity
  8
HT-A-AXIS-F01-NEW
100
AcDbDimension
280
     0
  2
*D18
 10
46016.93
 20
28611.13
 30
0.0
 11
44016.93
 21
28886.13
 31
0.0
 70
     1
 71
     5
 42
4000.0
 73
     0
 74
     0
 75
     0
  3
_TCH_ARCH&&100
100
AcDbAlignedDimension
 13
42016.93
 23
26111.13
 33
0.0
 14
46016.93
 24
26111.13
 34
0.0
  0
DIMENSION
  5
1CC
330
2
100
AcDbEntity
  8
HT-A-AXIS-F01-NEW
100
AcDbDimension
280
     0
  2
*D19
 10
50016.93
 20
28611.13
 30
0.0
 11
48016.93
 21
28886.13
 31
0.0
 70
     1
 71
     5
 42
4000.0
 73
     0
 74
     0
 75
     0
  3
_TCH_ARCH&&100
100
AcDbAlignedDimension
 13
46016.93
 23
26111.13
 33
0.0
 14
50016.93
 24
26111.13
 34
0.0
  0
DIMENSION
  5
1D9
330
2
100
AcDbEntity
  8
HT-A-AXIS-F01-NEW
100
AcDbDimension
280
     0
  2
*D20
 10
53316.93
 20
28611.13
 30
0.0
 11
51666.93
 21
28886.13
 31
0.0
 70
     1
 71
     5
 42
3300.0
 73
     0
 74
     0
 75
     0
  3
_TCH_ARCH&&100
100
AcDbAlignedDimension
 13
50016.93
 23
26111.13
 33
0.0
 14
53316.93
 24
26111.13
 34
0.0
  0
DIMENSION
  5
1E6
330
2
100
AcDbEntity
  8
HT-A-AXIS-F01-NEW
100
AcDbDimension
280
     0
  2
*D21
 10
56816.93
 20
28611.13
 30
0.0
 11
55066.93
 21
28886.13
 31
0.0
 70
     1
 71
     5
 42
3500.0
 73
     0
 74
     0
 75
     0
  3
_TCH_ARCH&&100
100
AcDbAlignedDimension
 13
53316.93
 23
26111.13
 33
0.0
 14
56816.93
 24
26111.13
 34
0.0
  0
DIMENSION
  5
1F3
330
2
100
AcDbEntity
  8
HT-A-AXIS-F01-NEW
100
AcDbDimension
280
     0
  2
*D22
 10
56816.93
 20
29411.13
 30
0.0
 11
47416.93
 21
29686.13
 31
0.0
 70
     1
 71
     5
 42
18800.0
 73
     0
 74
     0
 75
     0
  3
_TCH_ARCH&&100
100
AcDbAlignedDimension
 13
38016.93
 23
26111.13
 33
0.0
 14
56816.93
 24
26111.13
 34
0.0
  0
DIMENSION
  5
200
330
2
100
AcDbEntity
  8
HT-A-AXIS-F01-NEW
100
AcDbDimension
280
     0
  2
*D23
 10
42016.93
 20
14611.13
 30
0.0
 11
40016.93
 21
14886.13
 31
0.0
 70
     1
 71
     5
 42
4000.0
 73
     0
 74
     0
 75
     0
  3
_TCH_ARCH&&100
100
AcDbAlignedDimension
 13
38016.93
 23
17111.13
 33
0.0
 14
42016.93
 24
17111.13
 34
0.0
  0
DIMENSION
  5
20D
330
2
100
AcDbEntity
  8
HT-A-AXIS-F01-NEW
100
AcDbDimension
280
     0
  2
*D24
 10
46016.93
 20
14611.13
 30
0.0
 11
44016.93
 21
14886.13
 31
0.0
 70
     1
 71
     5
 42
4000.0
 73
     0
 74
     0
 75
     0
  3
_TCH_ARCH&&100
100
AcDbAlignedDimension
 13
42016.93
 23
17111.13
 33
0.0
 14
46016.93
 24
17111.13
 34
0.0
  0
DIMENSION
  5
21A
330
2
100
AcDbEntity
  8
HT-A-AXIS-F01-NEW
100
AcDbDimension
280
     0
  2
*D25
 10
50016.93
 20
14611.13
 30
0.0
 11
48016.93
 21
14886.13
 31
0.0
 70
     1
 71
     5
 42
4000.0
 73
     0
 74
     0
 75
     0
  3
_TCH_ARCH&&100
100
AcDbAlignedDimension
 13
46016.93
 23
17111.13
 33
0.0
 14
50016.93
 24
17111.13
 34
0.0
  0
DIMENSION
  5
227
330
2
100
AcDbEntity
  8
HT-A-AXIS-F01-NEW
100
AcDbDimension
280
     0
  2
*D26
 10
53316.93
 20
14611.13
 30
0.0
 11
51666.93
 21
14886.13
 31
0.0
 70
     1
 71
     5
 42
3300.0
 73
     0
 74
     0
 75
     0
  3
_TCH_ARCH&&100
100
AcDbAlignedDimension
 13
50016.93
 23
17111.13
 33
0.0
 14
53316.93
 24
17111.13
 34
0.0
  0
DIMENSION
  5
234
330
2
100
AcDbEntity
  8
HT-A-AXIS-F01-NEW
100
AcDbDimension
280
     0
  2
*D27
 10
56816.93
 20
14611.13
 30
0.0
 11
55066.93
 21
14886.13
 31
0.0
 70
     1
 71
     5
 42
3500.0
 73
     0
 74
     0
 75
     0
  3
_TCH_ARCH&&100
100
AcDbAlignedDimension
 13
53316.93
 23
17111.13
 33
0.0
 14
56816.93
 24
17111.13
 34
0.0
  0
DIMENSION
  5
241
330
2
100
AcDbEntity
  8
HT-A-AXIS-F01-NEW
100
AcDbDimension
280
     0
  2
*D28
 10
56816.93
 20
13811.13
 30
0.0
 11
47416.93
 21
14086.13
 31
0.0
 70
     1
 71
     5
 42
18800.0
 73
     0
 74
     0
 75
     0
  3
_TCH_ARCH&&100
100
AcDbAlignedDimension
 13
38016.93
 23
17111.13
 33
0.0
 14
56816.93
 24
17111.13
 34
0.0
  0
LINE
  5
2CA
330
2
100
AcDbEntity
  8
HT-A-WALL-F01-NEW
100
AcDbLine
 10
37916.93
 20
18011.13
 30
0.0
 11
38666.93
 21
18011.13
 31
0.0
  0
LINE
  5
2CB
330
2
100
AcDbEntity
  8
HT-A-WALL-F01-NEW
100
AcDbLine
 10
38666.93
 20
18011.13
 30
0.0
 11
38666.93
 21
18211.13
 31
0.0
  0
LINE
  5
2CC
330
2
100
AcDbEntity
  8
HT-A-WALL-F01-NEW
100
AcDbLine
 10
38666.93
 20
18211.13
 30
0.0
 11
38116.93
 21
18211.13
 31
0.0
  0
LINE
  5
2CD
330
2
100
AcDbEntity
  8
HT-A-WALL-F01-NEW
100
AcDbLine
 10
41916.93
 20
18211.13
 30
0.0
 11
40466.93
 21
18211.13
 31
0.0
  0
LINE
  5
2CE
330
2
100
AcDbEntity
  8
HT-A-WALL-F01-NEW
100
AcDbLine
 10
40466.93
 20
18211.13
 30
0.0
 11
40466.93
 21
18011.13
 31
0.0
  0
LINE
  5
2CF
330
2
100
AcDbEntity
  8
HT-A-WALL-F01-NEW
100
AcDbLine
 10
40466.93
 20
18011.13
 30
0.0
 11
42016.93
 21
18011.13
 31
0.0
  0
LINE
  5
2D0
330
2
100
AcDbEntity
  8
HT-A-WALL-F01-NEW
100
AcDbLine
 10
41916.93
 20
18211.13
 30
0.0
 11
41916.93
 21
21011.13
 31
0.0
  0
LINE
  5
2D1
330
2
100
AcDbEntity
  8
HT-A-WALL-F01-NEW
100
AcDbLine
 10
42116.93
 20
18211.13
 30
0.0
 11
42116.93
 21
21011.13
 31
0.0
  0
LINE
  5
2D2
330
2
100
AcDbEntity
  8
HT-A-WALL-F01-NEW
100
AcDbLine
 10
41916.93
 20
21011.13
 30
0.0
 11
40816.93
 21
21011.13
 31
0.0
  0
LINE
  5
2D3
330
2
100
AcDbEntity
  8
HT-A-WALL-F01-NEW
100
AcDbLine
 10
42016.93
 20
21211.13
 30
0.0
 11
41016.93
 21
21211.13
 31
0.0
  0
LINE
  5
2D4
330
2
100
AcDbEntity
  8
HT-A-WALL-F01-NEW
100
AcDbLine
 10
42116.93
 20
21011.13
 30
0.0
 11
42216.93
 21
21011.13
 31
0.0
  0
LINE
  5
2D5
330
2
100
AcDbEntity
  8
HT-A-WALL-F01-NEW
100
AcDbLine
 10
42216.93
 20
21011.13
 30
0.0
 11
42216.93
 21
21211.13
 31
0.0
  0
LINE
  5
2D6
330
2
100
AcDbEntity
  8
HT-A-WALL-F01-NEW
100
AcDbLine
 10
42216.93
 20
21211.13
 30
0.0
 11
42016.93
 21
21211.13
 31
0.0
  0
LINE
  5
2D7
330
2
100
AcDbEntity
  8
HT-A-WALL-F01-NEW
100
AcDbLine
 10
46016.93
 20
21211.13
 30
0.0
 11
43216.93
 21
21211.13
 31
0.0
  0
LINE
  5
2D8
330
2
100
AcDbEntity
  8
HT-A-WALL-F01-NEW
100
AcDbLine
 10
43216.93
 20
21211.13
 30
0.0
 11
43216.93
 21
21011.13
 31
0.0
  0
LINE
  5
2D9
330
2
100
AcDbEntity
  8
HT-A-WALL-F01-NEW
100
AcDbLine
 10
43216.93
 20
21011.13
 30
0.0
 11
45916.93
 21
21011.13
 31
0.0
  0
LINE
  5
2DA
330
2
100
AcDbEntity
  8
HT-A-WALL-F01-NEW
100
AcDbLine
 10
46116.93
 20
21011.13
 30
0.0
 11
46116.93
 21
18211.13
 31
0.0
  0
LINE
  5
2DB
330
2
100
AcDbEntity
  8
HT-A-WALL-F01-NEW
100
AcDbLine
 10
45916.93
 20
21011.13
 30
0.0
 11
45916.93
 21
18211.13
 31
0.0
  0
LINE
  5
2DC
330
2
100
AcDbEntity
  8
HT-A-WALL-F01-NEW
100
AcDbLine
 10
45916.93
 20
18211.13
 30
0.0
 11
44516.93
 21
18211.13
 31
0.0
  0
LINE
  5
2DD
330
2
100
AcDbEntity
  8
HT-A-WALL-F01-NEW
100
AcDbLine
 10
44516.93
 20
18211.13
 30
0.0
 11
44516.93
 21
18011.13
 31
0.0
  0
LINE
  5
2DE
330
2
100
AcDbEntity
  8
HT-A-WALL-F01-NEW
100
AcDbLine
 10
44516.93
 20
18011.13
 30
0.0
 11
46016.93
 21
18011.13
 31
0.0
  0
LINE
  5
2DF
330
2
100
AcDbEntity
  8
HT-A-WALL-F01-NEW
100
AcDbLine
 10
42016.93
 20
18011.13
 30
0.0
 11
42716.93
 21
18011.13
 31
0.0
  0
LINE
  5
2E0
330
2
100
AcDbEntity
  8
HT-A-WALL-F01-NEW
100
AcDbLine
 10
42716.93
 20
18011.13
 30
0.0
 11
42716.93
 21
18211.13
 31
0.0
  0
LINE
  5
2E1
330
2
100
AcDbEntity
  8
HT-A-WALL-F01-NEW
100
AcDbLine
 10
42716.93
 20
18211.13
 30
0.0
 11
42116.93
 21
18211.13
 31
0.0
  0
LINE
  5
2E2
330
2
100
AcDbEntity
  8
HT-A-WALL-F01-NEW
100
AcDbLine
 10
46116.93
 20
21011.13
 30
0.0
 11
46216.93
 21
21011.13
 31
0.0
  0
LINE
  5
2E3
330
2
100
AcDbEntity
  8
HT-A-WALL-F01-NEW
100
AcDbLine
 10
46216.93
 20
21011.13
 30
0.0
 11
46216.93
 21
21211.13
 31
0.0
  0
LINE
  5
2E4
330
2
100
AcDbEntity
  8
HT-A-WALL-F01-NEW
100
AcDbLine
 10
46216.93
 20
21211.13
 30
0.0
 11
46016.93
 21
21211.13
 31
0.0
  0
LINE
  5
2E5
330
2
100
AcDbEntity
  8
HT-A-WALL-F01-NEW
100
AcDbLine
 10
50116.93
 20
21211.13
 30
0.0
 11
47216.93
 21
21211.13
 31
0.0
  0
LINE
  5
2E6
330
2
100
AcDbEntity
  8
HT-A-WALL-F01-NEW
100
AcDbLine
 10
47216.93
 20
21211.13
 30
0.0
 11
47216.93
 21
21011.13
 31
0.0
  0
LINE
  5
2E7
330
2
100
AcDbEntity
  8
HT-A-WALL-F01-NEW
100
AcDbLine
 10
47216.93
 20
21011.13
 30
0.0
 11
49916.93
 21
21011.13
 31
0.0
  0
LINE
  5
2E8
330
2
100
AcDbEntity
  8
HT-A-WALL-F01-NEW
100
AcDbLine
 10
50116.93
 20
21211.13
 30
0.0
 11
50116.93
 21
18211.13
 31
0.0
  0
LINE
  5
2E9
330
2
100
AcDbEntity
  8
HT-A-WALL-F01-NEW
100
AcDbLine
 10
49916.93
 20
21011.13
 30
0.0
 11
49916.93
 21
18211.13
 31
0.0
  0
LINE
  5
2EA
330
2
100
AcDbEntity
  8
HT-A-WALL-F01-NEW
100
AcDbLine
 10
56716.93
 20
18211.13
 30
0.0
 11
56416.93
 21
18211.13
 31
0.0
  0
LINE
  5
2EB
330
2
100
AcDbEntity
  8
HT-A-WALL-F01-NEW
100
AcDbLine
 10
56416.93
 20
18211.13
 30
0.0
 11
56416.93
 21
18011.13
 31
0.0
  0
LINE
  5
2EC
330
2
100
AcDbEntity
  8
HT-A-WALL-F01-NEW
100
AcDbLine
 10
56416.93
 20
18011.13
 30
0.0
 11
56916.93
 21
18011.13
 31
0.0
  0
LINE
  5
2ED
330
2
100
AcDbEntity
  8
HT-A-WALL-F01-NEW
100
AcDbLine
 10
50016.93
 20
18011.13
 30
0.0
 11
50716.93
 21
18011.13
 31
0.0
  0
LINE
  5
2EE
330
2
100
AcDbEntity
  8
HT-A-WALL-F01-NEW
100
AcDbLine
 10
50716.93
 20
18011.13
 30
0.0
 11
50716.93
 21
18211.13
 31
0.0
  0
LINE
  5
2EF
330
2
100
AcDbEntity
  8
HT-A-WALL-F01-NEW
100
AcDbLine
 10
50716.93
 20
18211.13
 30
0.0
 11
50116.93
 21
18211.13
 31
0.0
  0
LINE
  5
2F0
330
2
100
AcDbEntity
  8
HT-A-WALL-F01-NEW
100
AcDbLine
 10
54816.93
 20
18211.13
 30
0.0
 11
52516.93
 21
18211.13
 31
0.0
  0
LINE
  5
2F1
330
2
100
AcDbEntity
  8
HT-A-WALL-F01-NEW
100
AcDbLine
 10
52516.93
 20
18211.13
 30
0.0
 11
52516.93
 21
18011.13
 31
0.0
  0
LINE
  5
2F2
330
2
100
AcDbEntity
  8
HT-A-WALL-F01-NEW
100
AcDbLine
 10
52516.93
 20
18011.13
 30
0.0
 11
54816.93
 21
18011.13
 31
0.0
  0
LINE
  5
2F3
330
2
100
AcDbEntity
  8
HT-A-WALL-F01-NEW
100
AcDbLine
 10
54816.93
 20
18011.13
 30
0.0
 11
54816.93
 21
18211.13
 31
0.0
  0
LINE
  5
2F4
330
2
100
AcDbEntity
  8
HT-A-WALL-F01-NEW
100
AcDbLine
 10
37916.93
 20
22611.13
 30
0.0
 11
37916.93
 21
25211.13
 31
0.0
  0
LINE
  5
2F5
330
2
100
AcDbEntity
  8
HT-A-WALL-F01-NEW
100
AcDbLine
 10
38116.93
 20
22711.13
 30
0.0
 11
38116.93
 21
25011.13
 31
0.0
  0
LINE
  5
2F6
330
2
100
AcDbEntity
  8
HT-A-WALL-F01-NEW
100
AcDbLine
 10
46666.93
 20
22511.13
 30
0.0
 11
46016.93
 21
22511.13
 31
0.0
  0
LINE
  5
2F7
330
2
100
AcDbEntity
  8
HT-A-WALL-F01-NEW
100
AcDbLine
 10
46666.93
 20
22711.13
 30
0.0
 11
46116.93
 21
22711.13
 31
0.0
  0
LINE
  5
2F8
330
2
100
AcDbEntity
  8
HT-A-WALL-F01-NEW
100
AcDbLine
 10
46666.93
 20
22511.13
 30
0.0
 11
46666.93
 21
22711.13
 31
0.0
  0
LINE
  5
2F9
330
2
100
AcDbEntity
  8
HT-A-WALL-F01-NEW
100
AcDbLine
 10
37916.93
 20
18011.13
 30
0.0
 11
37916.93
 21
21111.13
 31
0.0
  0
LINE
  5
2FA
330
2
100
AcDbEntity
  8
HT-A-WALL-F01-NEW
100
AcDbLine
 10
38116.93
 20
18211.13
 30
0.0
 11
38116.93
 21
21036.13
 31
0.0
  0
LINE
  5
2FB
330
2
100
AcDbEntity
  8
HT-A-WALL-F01-NEW
100
AcDbLine
 10
41016.93
 20
25011.13
 30
0.0
 11
41016.93
 21
22711.13
 31
0.0
  0
LINE
  5
2FC
330
2
100
AcDbEntity
  8
HT-A-WALL-F01-NEW
100
AcDbLine
 10
40816.93
 20
25011.13
 30
0.0
 11
40816.93
 21
22711.13
 31
0.0
  0
LINE
  5
2FD
330
2
100
AcDbEntity
  8
HT-A-WALL-F01-NEW
100
AcDbLine
 10
46116.93
 20
25011.13
 30
0.0
 11
46116.93
 21
22711.13
 31
0.0
  0
LINE
  5
2FE
330
2
100
AcDbEntity
  8
HT-A-WALL-F01-NEW
100
AcDbLine
 10
45916.93
 20
25011.13
 30
0.0
 11
45916.93
 21
22711.13
 31
0.0
  0
LINE
  5
2FF
330
2
100
AcDbEntity
  8
HT-A-WALL-F01-NEW
100
AcDbLine
 10
48816.93
 20
25011.13
 30
0.0
 11
48816.93
 21
22711.13
 31
0.0
  0
LINE
  5
300
330
2
100
AcDbEntity
  8
HT-A-WALL-F01-NEW
100
AcDbLine
 10
48616.93
 20
25011.13
 30
0.0
 11
48616.93
 21
22511.13
 31
0.0
  0
LINE
  5
301
330
2
100
AcDbEntity
  8
HT-A-WALL-F01-NEW
100
AcDbLine
 10
46116.93
 20
25011.13
 30
0.0
 11
46716.93
 21
25011.13
 31
0.0
  0
LINE
  5
302
330
2
100
AcDbEntity
  8
HT-A-WALL-F01-NEW
100
AcDbLine
 10
46716.93
 20
25011.13
 30
0.0
 11
46716.93
 21
25211.13
 31
0.0
  0
LINE
  5
303
330
2
100
AcDbEntity
  8
HT-A-WALL-F01-NEW
100
AcDbLine
 10
46716.93
 20
25211.13
 30
0.0
 11
46016.93
 21
25211.13
 31
0.0
  0
LINE
  5
304
330
2
100
AcDbEntity
  8
HT-A-WALL-F01-NEW
100
AcDbLine
 10
48716.93
 20
25211.13
 30
0.0
 11
48516.93
 21
25211.13
 31
0.0
  0
LINE
  5
305
330
2
100
AcDbEntity
  8
HT-A-WALL-F01-NEW
100
AcDbLine
 10
48516.93
 20
25211.13
 30
0.0
 11
48516.93
 21
25011.13
 31
0.0
  0
LINE
  5
306
330
2
100
AcDbEntity
  8
HT-A-WALL-F01-NEW
100
AcDbLine
 10
48516.93
 20
25011.13
 30
0.0
 11
48616.93
 21
25011.13
 31
0.0
  0
LINE
  5
307
330
2
100
AcDbEntity
  8
HT-A-WALL-F01-NEW
100
AcDbLine
 10
53416.93
 20
25011.13
 30
0.0
 11
53416.93
 21
22511.13
 31
0.0
  0
LINE
  5
308
330
2
100
AcDbEntity
  8
HT-A-WALL-F01-NEW
100
AcDbLine
 10
53216.93
 20
25011.13
 30
0.0
 11
53216.93
 21
22711.13
 31
0.0
  0
LINE
  5
309
330
2
100
AcDbEntity
  8
HT-A-WALL-F01-NEW
100
AcDbLine
 10
53416.93
 20
25011.13
 30
0.0
 11
54816.93
 21
25011.13
 31
0.0
  0
LINE
  5
30A
330
2
100
AcDbEntity
  8
HT-A-WALL-F01-NEW
100
AcDbLine
 10
54816.93
 20
25011.13
 30
0.0
 11
54816.93
 21
25211.13
 31
0.0
  0
LINE
  5
30B
330
2
100
AcDbEntity
  8
HT-A-WALL-F01-NEW
100
AcDbLine
 10
54816.93
 20
25211.13
 30
0.0
 11
53316.93
 21
25211.13
 31
0.0
  0
LINE
  5
30C
330
2
100
AcDbEntity
  8
HT-A-WALL-F01-NEW
100
AcDbLine
 10
56916.93
 20
25211.13
 30
0.0
 11
56416.93
 21
25211.13
 31
0.0
  0
LINE
  5
30D
330
2
100
AcDbEntity
  8
HT-A-WALL-F01-NEW
100
AcDbLine
 10
56416.93
 20
25211.13
 30
0.0
 11
56416.93
 21
25011.13
 31
0.0
  0
LINE
  5
30E
330
2
100
AcDbEntity
  8
HT-A-WALL-F01-NEW
100
AcDbLine
 10
56416.93
 20
25011.13
 30
0.0
 11
56716.93
 21
25011.13
 31
0.0
  0
LINE
  5
30F
330
2
100
AcDbEntity
  8
HT-A-WALL-F01-NEW
100
AcDbLine
 10
50116.93
 20
25011.13
 30
0.0
 11
50716.93
 21
25011.13
 31
0.0
  0
LINE
  5
310
330
2
100
AcDbEntity
  8
HT-A-WALL-F01-NEW
100
AcDbLine
 10
50716.93
 20
25011.13
 30
0.0
 11
50716.93
 21
25211.13
 31
0.0
  0
LINE
  5
311
330
2
100
AcDbEntity
  8
HT-A-WALL-F01-NEW
100
AcDbLine
 10
50716.93
 20
25211.13
 30
0.0
 11
50016.93
 21
25211.13
 31
0.0
  0
LINE
  5
312
330
2
100
AcDbEntity
  8
HT-A-WALL-F01-NEW
100
AcDbLine
 10
53316.93
 20
25211.13
 30
0.0
 11
52516.93
 21
25211.13
 31
0.0
  0
LINE
  5
313
330
2
100
AcDbEntity
  8
HT-A-WALL-F01-NEW
100
AcDbLine
 10
52516.93
 20
25211.13
 30
0.0
 11
52516.93
 21
25011.13
 31
0.0
  0
LINE
  5
314
330
2
100
AcDbEntity
  8
HT-A-WALL-F01-NEW
100
AcDbLine
 10
52516.93
 20
25011.13
 30
0.0
 11
53216.93
 21
25011.13
 31
0.0
  0
LINE
  5
315
330
2
100
AcDbEntity
  8
HT-A-WALL-F01-NEW
100
AcDbLine
 10
50116.93
 20
25011.13
 30
0.0
 11
50116.93
 21
22711.13
 31
0.0
  0
LINE
  5
316
330
2
100
AcDbEntity
  8
HT-A-WALL-F01-NEW
100
AcDbLine
 10
49916.93
 20
25011.13
 30
0.0
 11
49916.93
 21
22711.13
 31
0.0
  0
LINE
  5
317
330
2
100
AcDbEntity
  8
HT-A-WALL-F01-NEW
100
AcDbLine
 10
48616.93
 20
22511.13
 30
0.0
 11
48916.93
 21
22511.13
 31
0.0
  0
LINE
  5
318
330
2
100
AcDbEntity
  8
HT-A-WALL-F01-NEW
100
AcDbLine
 10
48916.93
 20
22511.13
 30
0.0
 11
48916.93
 21
22711.13
 31
0.0
  0
LINE
  5
319
330
2
100
AcDbEntity
  8
HT-A-WALL-F01-NEW
100
AcDbLine
 10
48916.93
 20
22711.13
 30
0.0
 11
48816.93
 21
22711.13
 31
0.0
  0
LINE
  5
31A
330
2
100
AcDbEntity
  8
HT-A-WALL-F01-NEW
100
AcDbLine
 10
49916.93
 20
22711.13
 30
0.0
 11
49816.93
 21
22711.13
 31
0.0
  0
LINE
  5
31B
330
2
100
AcDbEntity
  8
HT-A-WALL-F01-NEW
100
AcDbLine
 10
49816.93
 20
22711.13
 30
0.0
 11
49816.93
 21
22511.13
 31
0.0
  0
LINE
  5
31C
330
2
100
AcDbEntity
  8
HT-A-WALL-F01-NEW
100
AcDbLine
 10
49816.93
 20
22511.13
 30
0.0
 11
50016.93
 21
22511.13
 31
0.0
  0
LINE
  5
31D
330
2
100
AcDbEntity
  8
HT-A-WALL-F01-NEW
100
AcDbLine
 10
50116.93
 20
22711.13
 30
0.0
 11
53216.93
 21
22711.13
 31
0.0
  0
LINE
  5
31E
330
2
100
AcDbEntity
  8
HT-A-WALL-F01-NEW
100
AcDbLine
 10
50016.93
 20
22511.13
 30
0.0
 11
53416.93
 21
22511.13
 31
0.0
  0
LINE
  5
31F
330
2
100
AcDbEntity
  8
HT-A-WALL-F01-NEW
100
AcDbLine
 10
45916.93
 20
22711.13
 30
0.0
 11
45816.93
 21
22711.13
 31
0.0
  0
LINE
  5
320
330
2
100
AcDbEntity
  8
HT-A-WALL-F01-NEW
100
AcDbLine
 10
45816.93
 20
22711.13
 30
0.0
 11
45816.93
 21
22511.13
 31
0.0
  0
LINE
  5
321
330
2
100
AcDbEntity
  8
HT-A-WALL-F01-NEW
100
AcDbLine
 10
45816.93
 20
22511.13
 30
0.0
 11
46016.93
 21
22511.13
 31
0.0
  0
LINE
  5
322
330
2
100
AcDbEntity
  8
HT-A-WALL-F01-NEW
100
AcDbLine
 10
44716.93
 20
22511.13
 30
0.0
 11
44916.93
 21
22511.13
 31
0.0
  0
LINE
  5
323
330
2
100
AcDbEntity
  8
HT-A-WALL-F01-NEW
100
AcDbLine
 10
44916.93
 20
22511.13
 30
0.0
 11
44916.93
 21
22711.13
 31
0.0
  0
LINE
  5
324
330
2
100
AcDbEntity
  8
HT-A-WALL-F01-NEW
100
AcDbLine
 10
44916.93
 20
22711.13
 30
0.0
 11
44816.93
 21
22711.13
 31
0.0
  0
LINE
  5
325
330
2
100
AcDbEntity
  8
HT-A-WALL-F01-NEW
100
AcDbLine
 10
48716.93
 20
25211.13
 30
0.0
 11
50016.93
 21
25211.13
 31
0.0
  0
LINE
  5
326
330
2
100
AcDbEntity
  8
HT-A-WALL-F01-NEW
100
AcDbLine
 10
48816.93
 20
25011.13
 30
0.0
 11
49916.93
 21
25011.13
 31
0.0
  0
LINE
  5
327
330
2
100
AcDbEntity
  8
HT-A-WALL-F01-NEW
100
AcDbLine
 10
49916.93
 20
18211.13
 30
0.0
 11
48516.93
 21
18211.13
 31
0.0
  0
LINE
  5
328
330
2
100
AcDbEntity
  8
HT-A-WALL-F01-NEW
100
AcDbLine
 10
48516.93
 20
18211.13
 30
0.0
 11
48516.93
 21
18011.13
 31
0.0
  0
LINE
  5
329
330
2
100
AcDbEntity
  8
HT-A-WALL-F01-NEW
100
AcDbLine
 10
48516.93
 20
18011.13
 30
0.0
 11
50016.93
 21
18011.13
 31
0.0
  0
LINE
  5
32A
330
2
100
AcDbEntity
  8
HT-A-WALL-F01-NEW
100
AcDbLine
 10
46016.93
 20
18011.13
 30
0.0
 11
46716.93
 21
18011.13
 31
0.0
  0
LINE
  5
32B
330
2
100
AcDbEntity
  8
HT-A-WALL-F01-NEW
100
AcDbLine
 10
46716.93
 20
18011.13
 30
0.0
 11
46716.93
 21
18211.13
 31
0.0
  0
LINE
  5
32C
330
2
100
AcDbEntity
  8
HT-A-WALL-F01-NEW
100
AcDbLine
 10
46716.93
 20
18211.13
 30
0.0
 11
46116.93
 21
18211.13
 31
0.0
  0
LINE
  5
32D
330
2
100
AcDbEntity
  8
HT-A-WALL-F01-NEW
100
AcDbLine
 10
56716.93
 20
25011.13
 30
0.0
 11
56716.93
 21
23211.13
 31
0.0
  0
LINE
  5
32E
330
2
100
AcDbEntity
  8
HT-A-WALL-F01-NEW
100
AcDbLine
 10
56716.93
 20
23211.13
 30
0.0
 11
56916.93
 21
23211.13
 31
0.0
  0
LINE
  5
32F
330
2
100
AcDbEntity
  8
HT-A-WALL-F01-NEW
100
AcDbLine
 10
56916.93
 20
23211.13
 30
0.0
 11
56916.93
 21
25211.13
 31
0.0
  0
LINE
  5
330
330
2
100
AcDbEntity
  8
HT-A-WALL-F01-NEW
100
AcDbLine
 10
56916.93
 20
18011.13
 30
0.0
 11
56916.93
 21
20011.13
 31
0.0
  0
LINE
  5
331
330
2
100
AcDbEntity
  8
HT-A-WALL-F01-NEW
100
AcDbLine
 10
56916.93
 20
20011.13
 30
0.0
 11
56716.93
 21
20011.13
 31
0.0
  0
LINE
  5
332
330
2
100
AcDbEntity
  8
HT-A-WALL-F01-NEW
100
AcDbLine
 10
56716.93
 20
20011.13
 30
0.0
 11
56716.93
 21
18211.13
 31
0.0
  0
LINE
  5
333
330
2
100
AcDbEntity
  8
HT-A-WALL-F01-NEW
100
AcDbLine
 10
44816.93
 20
25011.13
 30
0.0
 11
44816.93
 21
22711.13
 31
0.0
  0
LINE
  5
334
330
2
100
AcDbEntity
  8
HT-A-WALL-F01-NEW
100
AcDbLine
 10
44616.93
 20
25011.13
 30
0.0
 11
44616.93
 21
22711.13
 31
0.0
  0
LINE
  5
335
330
2
100
AcDbEntity
  8
HT-A-WALL-F01-NEW
100
AcDbLine
 10
44716.93
 20
25211.13
 30
0.0
 11
46016.93
 21
25211.13
 31
0.0
  0
LINE
  5
336
330
2
100
AcDbEntity
  8
HT-A-WALL-F01-NEW
100
AcDbLine
 10
44816.93
 20
25011.13
 30
0.0
 11
45916.93
 21
25011.13
 31
0.0
  0
LINE
  5
337
330
2
100
AcDbEntity
  8
HT-A-WALL-F01-NEW
100
AcDbLine
 10
44616.93
 20
22711.13
 30
0.0
 11
44516.93
 21
22711.13
 31
0.0
  0
LINE
  5
338
330
2
100
AcDbEntity
  8
HT-A-WALL-F01-NEW
100
AcDbLine
 10
44516.93
 20
22711.13
 30
0.0
 11
44516.93
 21
22511.13
 31
0.0
  0
LINE
  5
339
330
2
100
AcDbEntity
  8
HT-A-WALL-F01-NEW
100
AcDbLine
 10
44516.93
 20
22511.13
 30
0.0
 11
44716.93
 21
22511.13
 31
0.0
  0
LINE
  5
33A
330
2
100
AcDbEntity
  8
HT-A-WALL-F01-NEW
100
AcDbLine
 10
41016.93
 20
22511.13
 30
0.0
 11
43516.93
 21
22511.13
 31
0.0
  0
LINE
  5
33B
330
2
100
AcDbEntity
  8
HT-A-WALL-F01-NEW
100
AcDbLine
 10
43516.93
 20
22511.13
 30
0.0
 11
43516.93
 21
22711.13
 31
0.0
  0
LINE
  5
33C
330
2
100
AcDbEntity
  8
HT-A-WALL-F01-NEW
100
AcDbLine
 10
43516.93
 20
22711.13
 30
0.0
 11
41016.93
 21
22711.13
 31
0.0
  0
TEXT
  5
33D
330
2
100
AcDbEntity
  8
HT-A-ROOM-F01-NEW
100
AcDbText
 10
52808.95
 20
20615.29
 30
0.0
 40
482.27
  1
餐客厅
  7
_TCH_SPACE
100
AcDbText
  0
TEXT
  5
33E
330
2
100
AcDbEntity
  8
HT-A-ROOM-F01-NEW
100
AcDbText
 10
52681.93
 20
20103.41
 30
0.0
 40
297.5
  1
36.63m
 41
0.71
  7
_TCH_SPACE
100
AcDbText
  0
TEXT
  5
33F
330
2
100
AcDbEntity
  8
HT-A-ROOM-F01-NEW
100
AcDbText
 10
53881.93
 20
20278.41
 30
0.0
 40
148.75
  1
2
 41
0.71
  7
_TCH_SPACE
100
AcDbText
  0
TEXT
  5
340
330
2
100
AcDbEntity
  8
HT-A-ROOM-F01-NEW
100
AcDbText
 10
47788.86
 20
19991.86
 30
0.0
 40
482.27
  1
卧室
  7
_TCH_SPACE
100
AcDbText
  0
TEXT
  5
341
330
2
100
AcDbEntity
  8
HT-A-ROOM-F01-NEW
100
AcDbText
 10
47485.03
 20
19479.98
 30
0.0
 40
297.5
  1
10.64m
 41
0.71
  7
_TCH_SPACE
100
AcDbText
  0
TEXT
  5
342
330
2
100
AcDbEntity
  8
HT-A-ROOM-F01-NEW
100
AcDbText
 10
48645.03
 20
19654.98
 30
0.0
 40
148.75
  1
2
 41
0.71
  7
_TCH_SPACE
100
AcDbText
  0
TEXT
  5
343
330
2
100
AcDbEntity
  8
HT-A-ROOM-F01-NEW
100
AcDbText
 10
43426.93
 20
19705.71
 30
0.0
 40
482.27
  1
卧室
  7
_TCH_SPACE
100
AcDbText
  0
TEXT
  5
344
330
2
100
AcDbEntity
  8
HT-A-ROOM-F01-NEW
100
AcDbText
 10
43123.1
 20
19193.84
 30
0.0
 40
297.5
  1
10.64m
 41
0.71
  7
_TCH_SPACE
100
AcDbText
  0
TEXT
  5
345
330
2
100
AcDbEntity
  8
HT-A-ROOM-F01-NEW
100
AcDbText
 10
44283.1
 20
19368.84
 30
0.0
 40
148.75
  1
2
 41
0.71
  7
_TCH_SPACE
100
AcDbText
  0
TEXT
  5
346
330
2
100
AcDbEntity
  8
HT-A-ROOM-F01-NEW
100
AcDbText
 10
39105.11
 20
24016.76
 30
0.0
 40
482.27
  1
卫生间
  7
_TCH_SPACE
100
AcDbText
  0
TEXT
  5
347
330
2
100
AcDbEntity
  8
HT-A-ROOM-F01-NEW
100
AcDbText
 10
39068.84
 20
23504.88
 30
0.0
 40
297.5
  1
6.21m
 41
0.71
  7
_TCH_SPACE
100
AcDbText
  0
TEXT
  5
348
330
2
100
AcDbEntity
  8
HT-A-ROOM-F01-NEW
100
AcDbText
 10
40028.84
 20
23679.88
 30
0.0
 40
148.75
  1
2
 41
0.71
  7
_TCH_SPACE
100
AcDbText
  0
TEXT
  5
349
330
2
100
AcDbEntity
  8
HT-A-ROOM-F01-NEW
100
AcDbText
 10
42573.64
 20
24148.0
 30
0.0
 40
482.27
  1
卫生间
  7
_TCH_SPACE
100
AcDbText
  0
TEXT
  5
34A
330
2
100
AcDbEntity
  8
HT-A-ROOM-F01-NEW
100
AcDbText
 10
42537.37
 20
23636.13
 30
0.0
 40
297.5
  1
8.51m
 41
0.71
  7
_TCH_SPACE
100
AcDbText
  0
TEXT
  5
34B
330
2
100
AcDbEntity
  8
HT-A-ROOM-F01-NEW
100
AcDbText
 10
43497.37
 20
23811.13
 30
0.0
 40
148.75
  1
2
 41
0.71
  7
_TCH_SPACE
100
AcDbText
  0
TEXT
  5
34C
330
2
100
AcDbEntity
  8
HT-A-ROOM-F01-NEW
100
AcDbText
 10
44880.51
 20
24102.86
 30
0.0
 40
482.27
  1
卫生间
  7
_TCH_SPACE
100
AcDbText
  0
TEXT
  5
34D
330
2
100
AcDbEntity
  8
HT-A-ROOM-F01-NEW
100
AcDbText
 10
44824.23
 20
23590.99
 30
0.0
 40
297.5
  1
2.53m
 41
0.71
  7
_TCH_SPACE
100
AcDbText
  0
TEXT
  5
34E
330
2
100
AcDbEntity
  8
HT-A-ROOM-F01-NEW
100
AcDbText
 10
45824.23
 20
23765.99
 30
0.0
 40
148.75
  1
2
 41
0.71
  7
_TCH_SPACE
100
AcDbText
  0
TEXT
  5
34F
330
2
100
AcDbEntity
  8
HT-A-ROOM-F01-NEW
100
AcDbText
 10
48851.45
 20
24142.25
 30
0.0
 40
482.27
  1
储藏室
  7
_TCH_SPACE
100
AcDbText
  0
TEXT
  5
350
330
2
100
AcDbEntity
  8
HT-A-ROOM-F01-NEW
100
AcDbText
 10
48813.79
 20
23630.37
 30
0.0
 40
297.5
  1
2.53m
 41
0.71
  7
_TCH_SPACE
100
AcDbText
  0
TEXT
  5
351
330
2
100
AcDbEntity
  8
HT-A-ROOM-F01-NEW
100
AcDbText
 10
49813.79
 20
23805.37
 30
0.0
 40
148.75
  1
2
 41
0.71
  7
_TCH_SPACE
100
AcDbText
  0
TEXT
  5
352
330
2
100
AcDbEntity
  8
HT-A-ROOM-F01-NEW
100
AcDbText
 10
51331.06
 20
23969.87
 30
0.0
 40
482.27
  1
厨房
  7
_TCH_SPACE
100
AcDbText
  0
TEXT
  5
353
330
2
100
AcDbEntity
  8
HT-A-ROOM-F01-NEW
100
AcDbText
 10
51143.19
 20
23458.0
 30
0.0
 40
297.5
  1
7.13m
 41
0.71
  7
_TCH_SPACE
100
AcDbText
  0
TEXT
  5
354
330
2
100
AcDbEntity
  8
HT-A-ROOM-F01-NEW
100
AcDbText
 10
52103.19
 20
23633.0
 30
0.0
 40
148.75
  1
2
 41
0.71
  7
_TCH_SPACE
100
AcDbText
  0
LINE
  5
355
330
2
100
AcDbEntity
  8
HT-A-WALL-F01-NEW
100
AcDbLine
 10
40816.93
 20
22511.13
 30
0.0
 11
40816.93
 21
22411.13
 31
0.0
  0
LINE
  5
356
330
2
100
AcDbEntity
  8
HT-A-WALL-F01-NEW
100
AcDbLine
 10
40816.93
 20
22411.13
 30
0.0
 11
41016.93
 21
22411.13
 31
0.0
  0
LINE
  5
357
330
2
100
AcDbEntity
  8
HT-A-WALL-F01-NEW
100
AcDbLine
 10
41016.93
 20
22411.13
 30
0.0
 11
41016.93
 21
22511.13
 31
0.0
  0
LINE
  5
358
330
2
100
AcDbEntity
  8
HT-A-WALL-F01-NEW
100
AcDbLine
 10
41016.93
 20
21211.13
 30
0.0
 11
41016.93
 21
21411.13
 31
0.0
  0
LINE
  5
359
330
2
100
AcDbEntity
  8
HT-A-WALL-F01-NEW
100
AcDbLine
 10
41016.93
 20
21411.13
 30
0.0
 11
40816.93
 21
21411.13
 31
0.0
  0
LINE
  5
35A
330
2
100
AcDbEntity
  8
HT-A-WALL-F01-NEW
100
AcDbLine
 10
40816.93
 20
21411.13
 30
0.0
 11
40816.93
 21
21011.13
 31
0.0
  0
TEXT
  5
35B
330
2
100
AcDbEntity
  8
HT-A-ROOM-F01-NEW
100
AcDbText
 10
39710.56
 20
20532.91
 30
0.0
 40
482.27
  1
主卧
  7
_TCH_SPACE
100
AcDbText
  0
TEXT
  5
35C
330
2
100
AcDbEntity
  8
HT-A-ROOM-F01-NEW
100
AcDbText
 10
39414.71
 20
20021.04
 30
0.0
 40
297.5
  1
14.69m
 41
0.71
  7
_TCH_SPACE
100
AcDbText
  0
TEXT
  5
35D
330
2
100
AcDbEntity
  8
HT-A-ROOM-F01-NEW
100
AcDbText
 10
40574.71
 20
20196.04
 30
0.0
 40
148.75
  1
2
 41
0.71
  7
_TCH_SPACE
100
AcDbText
  0
LINE
  5
35E
330
2
100
AcDbEntity
  8
HT-A-WALL-F01-NEW
100
AcDbLine
 10
38116.93
 20
25011.13
 30
0.0
 11
38666.93
 21
25011.13
 31
0.0
  0
LINE
  5
35F
330
2
100
AcDbEntity
  8
HT-A-WALL-F01-NEW
100
AcDbLine
 10
38666.93
 20
25011.13
 30
0.0
 11
38666.93
 21
25211.13
 31
0.0
  0
LINE
  5
360
330
2
100
AcDbEntity
  8
HT-A-WALL-F01-NEW
100
AcDbLine
 10
38666.93
 20
25211.13
 30
0.0
 11
37916.93
 21
25211.13
 31
0.0
  0
LINE
  5
361
330
2
100
AcDbEntity
  8
HT-A-WALL-F01-NEW
100
AcDbLine
 10
40916.93
 20
25211.13
 30
0.0
 11
40466.93
 21
25211.13
 31
0.0
  0
LINE
  5
362
330
2
100
AcDbEntity
  8
HT-A-WALL-F01-NEW
100
AcDbLine
 10
40466.93
 20
25211.13
 30
0.0
 11
40466.93
 21
25011.13
 31
0.0
  0
LINE
  5
363
330
2
100
AcDbEntity
  8
HT-A-WALL-F01-NEW
100
AcDbLine
 10
40466.93
 20
25011.13
 30
0.0
 11
40816.93
 21
25011.13
 31
0.0
  0
LINE
  5
364
330
2
100
AcDbEntity
  8
HT-A-WALL-F01-NEW
100
AcDbLine
 10
41016.93
 20
25011.13
 30
0.0
 11
42716.93
 21
25011.13
 31
0.0
  0
LINE
  5
365
330
2
100
AcDbEntity
  8
HT-A-WALL-F01-NEW
100
AcDbLine
 10
42716.93
 20
25011.13
 30
0.0
 11
42716.93
 21
25211.13
 31
0.0
  0
LINE
  5
366
330
2
100
AcDbEntity
  8
HT-A-WALL-F01-NEW
100
AcDbLine
 10
42716.93
 20
25211.13
 30
0.0
 11
40916.93
 21
25211.13
 31
0.0
  0
LINE
  5
367
330
2
100
AcDbEntity
  8
HT-A-WALL-F01-NEW
100
AcDbLine
 10
44716.93
 20
25211.13
 30
0.0
 11
44516.93
 21
25211.13
 31
0.0
  0
LINE
  5
368
330
2
100
AcDbEntity
  8
HT-A-WALL-F01-NEW
100
AcDbLine
 10
44516.93
 20
25211.13
 30
0.0
 11
44516.93
 21
25011.13
 31
0.0
  0
LINE
  5
369
330
2
100
AcDbEntity
  8
HT-A-WALL-F01-NEW
100
AcDbLine
 10
44516.93
 20
25011.13
 30
0.0
 11
44616.93
 21
25011.13
 31
0.0
  0
LINE
  5
36A
330
2
100
AcDbEntity
  8
HT-A-WALL-F01-NEW
100
AcDbLine
 10
40816.93
 20
22711.13
 30
0.0
 11
40502.35
 21
22711.13
 31
0.0
  0
LINE
  5
36B
330
2
100
AcDbEntity
  8
HT-A-WALL-F01-NEW
100
AcDbLine
 10
40502.35
 20
22711.13
 30
0.0
 11
40502.35
 21
22511.13
 31
0.0
  0
LINE
  5
36C
330
2
100
AcDbEntity
  8
HT-A-WALL-F01-NEW
100
AcDbLine
 10
40502.35
 20
22511.13
 30
0.0
 11
40816.93
 21
22511.13
 31
0.0
  0
LINE
  5
36D
330
2
100
AcDbEntity
  8
HT-A-WALL-F01-NEW
100
AcDbLine
 10
39591.93
 20
22511.13
 30
0.0
 11
39702.35
 21
22511.13
 31
0.0
  0
LINE
  5
36E
330
2
100
AcDbEntity
  8
HT-A-WALL-F01-NEW
100
AcDbLine
 10
39702.35
 20
22511.13
 30
0.0
 11
39702.35
 21
22711.13
 31
0.0
  0
LINE
  5
36F
330
2
100
AcDbEntity
  8
HT-A-WALL-F01-NEW
100
AcDbLine
 10
39702.35
 20
22711.13
 30
0.0
 11
39516.93
 21
22711.13
 31
0.0
  0
INSERT
  5
370
330
2
100
AcDbEntity
  8
HT-A-WIND-F01-NEW
100
AcDbBlockReference
 66
     1
  2
$DorLib2D$00000001
 10
40916.93
 20
21911.13
 30
0.0
 41
-1000.0
 42
-1000.0
 43
-1000.0
 50
270.0
1001
WTHICK
1040
200.0
  0
ATTRIB
  5
371
330
370
100
AcDbEntity
  8
HT-A-WIND-TEXT-F01-NEW
100
AcDbText
 10
41340.68
 20
21716.13
 30
0.0
 40
297.5
  1

 50
90.0
 41
0.71
  7
_TCH_WINDOW
100
AcDbAttribute
280
     0
  2
A
 70
     0
280
     0
  0
SEQEND
  5
372
330
370
100
AcDbEntity
  8
HT-A-WIND-F01-NEW
  0
LINE
  5
373
330
2
100
AcDbEntity
  8
HT-A-WALL-F01-NEW
100
AcDbLine
 10
39441.93
 20
21186.13
 30
0.0
 11
39441.93
 21
22511.13
 31
0.0
  0
LINE
  5
374
330
2
100
AcDbEntity
  8
HT-A-WALL-F01-NEW
100
AcDbLine
 10
39591.93
 20
21036.13
 30
0.0
 11
39591.93
 21
22511.13
 31
0.0
  0
LINE
  5
375
330
2
100
AcDbEntity
  8
HT-A-WALL-F01-NEW
100
AcDbLine
 10
39441.93
 20
22511.13
 30
0.0
 11
38116.93
 21
22511.13
 31
0.0
  0
LINE
  5
376
330
2
100
AcDbEntity
  8
HT-A-WALL-F01-NEW
100
AcDbLine
 10
39516.93
 20
22711.13
 30
0.0
 11
38116.93
 21
22711.13
 31
0.0
  0
LINE
  5
377
330
2
100
AcDbEntity
  8
HT-A-WALL-F01-NEW
100
AcDbLine
 10
39441.93
 20
21186.13
 30
0.0
 11
39441.93
 21
21036.13
 31
0.0
  0
LINE
  5
378
330
2
100
AcDbEntity
  8
HT-A-WALL-F01-NEW
100
AcDbLine
 10
39441.93
 20
21036.13
 30
0.0
 11
39591.93
 21
21036.13
 31
0.0
  0
LINE
  5
379
330
2
100
AcDbEntity
  8
HT-A-WALL-F01-NEW
100
AcDbLine
 10
38116.93
 20
21036.13
 30
0.0
 11
38741.93
 21
21036.13
 31
0.0
  0
LINE
  5
37A
330
2
100
AcDbEntity
  8
HT-A-WALL-F01-NEW
100
AcDbLine
 10
38741.93
 20
21036.13
 30
0.0
 11
38741.93
 21
21186.13
 31
0.0
  0
LINE
  5
37B
330
2
100
AcDbEntity
  8
HT-A-WALL-F01-NEW
100
AcDbLine
 10
38741.93
 20
21186.13
 30
0.0
 11
38116.93
 21
21186.13
 31
0.0
  0
LINE
  5
37C
330
2
100
AcDbEntity
  8
HT-A-WALL-F01-NEW
100
AcDbLine
 10
37916.93
 20
21111.13
 30
0.0
 11
37916.93
 21
22611.13
 31
0.0
  0
LINE
  5
37D
330
2
100
AcDbEntity
  8
HT-A-WALL-F01-NEW
100
AcDbLine
 10
38116.93
 20
21186.13
 30
0.0
 11
38116.93
 21
22511.13
 31
0.0
  0
INSERT
  5
37E
330
2
100
AcDbEntity
  8
HT-A-WIND-F01-NEW
100
AcDbBlockReference
 66
     1
  2
$DorLib2D$00000228
 10
39091.93
 20
21111.13
 30
0.0
 41
700.0
 42
700.0
 43
700.0
 50
180.0
1001
WTHICK
1040
150.0
  0
ATTRIB
  5
37F
330
37E
100
AcDbEntity
  8
HT-A-WIND-TEXT-F01-NEW
100
AcDbText
 10
38896.93
 20
21387.38
 30
0.0
 40
297.5
  1

 41
0.71
  7
_TCH_WINDOW
100
AcDbAttribute
280
     0
  2
A
 70
     0
280
     0
  0
SEQEND
  5
380
330
37E
100
AcDbEntity
  8
HT-A-WIND-F01-NEW
  0
INSERT
  5
381
330
2
100
AcDbEntity
  8
HT-A-WIND-F01-NEW
100
AcDbBlockReference
 66
     1
  2
$DorLib2D$00000001
 10
42716.93
 20
21111.13
 30
0.0
 41
-1000.0
 42
-1000.0
 43
-1000.0
1001
WTHICK
1040
200.0
  0
ATTRIB
  5
382
330
381
100
AcDbEntity
  8
HT-A-WIND-TEXT-F01-NEW
100
AcDbText
 10
42521.93
 20
21237.38
 30
0.0
 40
297.5
  1

 41
0.71
  7
_TCH_WINDOW
100
AcDbAttribute
280
     0
  2
A
 70
     0
280
     0
  0
SEQEND
  5
383
330
381
100
AcDbEntity
  8
HT-A-WIND-F01-NEW
  0
INSERT
  5
384
330
2
100
AcDbEntity
  8
HT-A-WIND-F01-NEW
100
AcDbBlockReference
 66
     1
  2
$DorLib2D$00000001
 10
46716.93
 20
21111.13
 30
0.0
 41
-1000.0
 42
-1000.0
 43
-1000.0
1001
WTHICK
1040
200.0
  0
ATTRIB
  5
385
330
384
100
AcDbEntity
  8
HT-A-WIND-TEXT-F01-NEW
100
AcDbText
 10
46521.93
 20
21237.38
 30
0.0
 40
297.5
  1

 41
0.71
  7
_TCH_WINDOW
100
AcDbAttribute
280
     0
  2
A
 70
     0
280
     0
  0
SEQEND
  5
386
330
384
100
AcDbEntity
  8
HT-A-WIND-F01-NEW
  0
INSERT
  5
387
330
2
100
AcDbEntity
  8
HT-A-WIND-F01-NEW
100
AcDbBlockReference
 66
     1
  2
$DorLib2D$00000001
 10
44016.93
 20
22611.13
 30
0.0
 41
-1000.0
 42
-1000.0
 43
-1000.0
 50
180.0
1001
WTHICK
1040
200.0
  0
ATTRIB
  5
388
330
387
100
AcDbEntity
  8
HT-A-WIND-TEXT-F01-NEW
100
AcDbText
 10
43821.93
 20
22187.38
 30
0.0
 40
297.5
  1

 41
0.71
  7
_TCH_WINDOW
100
AcDbAttribute
280
     0
  2
A
 70
     0
280
     0
  0
SEQEND
  5
389
330
387
100
AcDbEntity
  8
HT-A-WIND-F01-NEW
  0
INSERT
  5
38A
330
2
100
AcDbEntity
  8
HT-A-WIND-F01-NEW
100
AcDbBlockReference
 66
     1
  2
$DorLib2D$00000001
 10
40102.35
 20
22611.13
 30
0.0
 41
800.0
 42
-800.0
 43
800.0
 50
180.0
1001
WTHICK
1040
200.0
  0
ATTRIB
  5
38B
330
38A
100
AcDbEntity
  8
HT-A-WIND-TEXT-F01-NEW
100
AcDbText
 10
39907.35
 20
22087.38
 30
0.0
 40
297.5
  1

 41
0.71
  7
_TCH_WINDOW
100
AcDbAttribute
280
     0
  2
A
 70
     0
280
     0
  0
SEQEND
  5
38C
330
38A
100
AcDbEntity
  8
HT-A-WIND-F01-NEW
  0
INSERT
  5
38D
330
2
100
AcDbEntity
  8
HT-A-WIND-F01-NEW
100
AcDbBlockReference
 66
     1
  2
$DorLib2D$00000001
 10
49366.93
 20
22611.13
 30
0.0
 41
900.0
 42
900.0
 43
900.0
1001
WTHICK
1040
200.0
  0
ATTRIB
  5
38E
330
38D
100
AcDbEntity
  8
HT-A-WIND-TEXT-F01-NEW
100
AcDbText
 10
49171.93
 20
22187.38
 30
0.0
 40
297.5
  1

 41
0.71
  7
_TCH_WINDOW
100
AcDbAttribute
280
     0
  2
A
 70
     0
280
     0
  0
SEQEND
  5
38F
330
38D
100
AcDbEntity
  8
HT-A-WIND-F01-NEW
  0
INSERT
  5
390
330
2
100
AcDbEntity
  8
HT-A-WIND-F01-NEW
100
AcDbBlockReference
 66
     1
  2
$DorLib2D$00000001
 10
45366.93
 20
22611.13
 30
0.0
 41
900.0
 42
-900.0
 43
900.0
 50
180.0
1001
WTHICK
1040
200.0
  0
ATTRIB
  5
391
330
390
100
AcDbEntity
  8
HT-A-WIND-TEXT-F01-NEW
100
AcDbText
 10
45171.93
 20
22187.38
 30
0.0
 40
297.5
  1

 41
0.71
  7
_TCH_WINDOW
100
AcDbAttribute
280
     0
  2
A
 70
     0
280
     0
  0
SEQEND
  5
392
330
390
100
AcDbEntity
  8
HT-A-WIND-F01-NEW
  0
INSERT
  5
393
330
2
100
AcDbEntity
  8
HT-A-WIND-F01-NEW
100
AcDbBlockReference
 66
     1
  2
$DorLib2D$00000002
 10
47616.93
 20
25111.13
 30
0.0
 41
1800.0
 42
-1800.0
 43
1800.0
 50
0.0
1001
WTHICK
1040
200.0
  0
ATTRIB
  5
394
330
393
100
AcDbEntity
  8
HT-A-WIND-TEXT-F01-NEW
100
AcDbText
 10
47421.93
 20
25237.38
 30
0.0
 40
297.5
  1

 50
0.0
 41
0.71
  7
_TCH_WINDOW
100
AcDbAttribute
280
     0
  2
A
 70
     0
280
     0
  0
SEQEND
  5
395
330
393
100
AcDbEntity
  8
HT-A-WIND-F01-NEW
  0
TEXT
  5
396
330
2
100
AcDbEntity
  8
HT-A-ROOM-F01-NEW
100
AcDbText
 10
46671.85
 20
23696.09
 30
0.0
 40
482.27
  1
入口玄关
  7
_TCH_SPACE
100
AcDbText
  0
TEXT
  5
397
330
2
100
AcDbEntity
  8
HT-A-ROOM-F01-NEW
100
AcDbText
 10
46812.39
 20
23184.22
 30
0.0
 40
297.5
  1
5.75m
 41
0.71
  7
_TCH_SPACE
100
AcDbText
  0
TEXT
  5
398
330
2
100
AcDbEntity
  8
HT-A-ROOM-F01-NEW
100
AcDbText
 10
47812.39
 20
23359.22
 30
0.0
 40
148.75
  1
2
 41
0.71
  7
_TCH_SPACE
100
AcDbText
  0
INSERT
  5
399
330
2
100
AcDbEntity
  8
HT-A-WIND-F01-NEW
100
AcDbBlockReference
 66
     1
  2
$TCHSYS$WIN2D
 10
39566.93
 20
18111.13
 30
0.0
 41
1800.0
 42
-200.0
 43
1800.0
1001
WTHICK
1040
200.0
  0
ATTRIB
  5
39A
330
399
100
AcDbEntity
  8
HT-A-WIND-TEXT-F01-NEW
100
AcDbText
 10
39371.93
 20
18337.38
 30
0.0
 40
297.5
  1

 41
0.71
  7
_TCH_WINDOW
100
AcDbAttribute
280
     0
  2
A
 70
     0
280
     0
  0
SEQEND
  5
39B
330
399
100
AcDbEntity
  8
HT-A-WIND-F01-NEW
  0
INSERT
  5
39C
330
2
100
AcDbEntity
  8
HT-A-WIND-F01-NEW
100
AcDbBlockReference
 66
     1
  2
$TCHSYS$WIN2D
 10
43616.93
 20
18111.13
 30
0.0
 41
1800.0
 42
-200.0
 43
1800.0
 50
180.0
1001
WTHICK
1040
200.0
  0
ATTRIB
  5
39D
330
39C
100
AcDbEntity
  8
HT-A-WIND-TEXT-F01-NEW
100
AcDbText
 10
43421.93
 20
17587.38
 30
0.0
 40
297.5
  1

 41
0.71
  7
_TCH_WINDOW
100
AcDbAttribute
280
     0
  2
A
 70
     0
280
     0
  0
SEQEND
  5
39E
330
39C
100
AcDbEntity
  8
HT-A-WIND-F01-NEW
  0
INSERT
  5
39F
330
2
100
AcDbEntity
  8
HT-A-WIND-F01-NEW
100
AcDbBlockReference
 66
     1
  2
$TCHSYS$WIN2D
 10
47616.93
 20
18111.13
 30
0.0
 41
1800.0
 42
-200.0
 43
1800.0
 50
180.0
1001
WTHICK
1040
200.0
  0
ATTRIB
  5
3A0
330
39F
100
AcDbEntity
  8
HT-A-WIND-TEXT-F01-NEW
100
AcDbText
 10
47421.93
 20
17587.38
 30
0.0
 40
297.5
  1

 41
0.71
  7
_TCH_WINDOW
100
AcDbAttribute
280
     0
  2
A
 70
     0
280
     0
  0
SEQEND
  5
3A1
330
39F
100
AcDbEntity
  8
HT-A-WIND-F01-NEW
  0
INSERT
  5
3A2
330
2
100
AcDbEntity
  8
HT-A-WIND-F01-NEW
100
AcDbBlockReference
 66
     1
  2
$TCHSYS$WIN2D
 10
51616.93
 20
18111.13
 30
0.0
 41
1800.0
 42
-200.0
 43
1800.0
 50
180.0
1001
WTHICK
1040
200.0
  0
ATTRIB
  5
3A3
330
3A2
100
AcDbEntity
  8
HT-A-WIND-TEXT-F01-NEW
100
AcDbText
 10
51421.93
 20
17587.38
 30
0.0
 40
297.5
  1

 41
0.71
  7
_TCH_WINDOW
100
AcDbAttribute
280
     0
  2
A
 70
     0
280
     0
  0
SEQEND
  5
3A4
330
3A2
100
AcDbEntity
  8
HT-A-WIND-F01-NEW
  0
INSERT
  5
3A5
330
2
100
AcDbEntity
  8
HT-A-WIND-F01-NEW
100
AcDbBlockReference
 66
     1
  2
$TCHSYS$WIN2D
 10
55616.93
 20
18111.13
 30
0.0
 41
1600.0
 42
-200.0
 43
1600.0
 50
180.0
1001
WTHICK
1040
200.0
  0
ATTRIB
  5
3A6
330
3A5
100
AcDbEntity
  8
HT-A-WIND-TEXT-F01-NEW
100
AcDbText
 10
55421.93
 20
17587.38
 30
0.0
 40
297.5
  1

 41
0.71
  7
_TCH_WINDOW
100
AcDbAttribute
280
     0
  2
A
 70
     0
280
     0
  0
SEQEND
  5
3A7
330
3A5
100
AcDbEntity
  8
HT-A-WIND-F01-NEW
  0
INSERT
  5
3A8
330
2
100
AcDbEntity
  8
HT-A-WIND-F01-NEW
100
AcDbBlockReference
 66
     1
  2
$TCHSYS$WIN2D
 10
39566.93
 20
25111.13
 30
0.0
 41
1800.0
 42
200.0
 43
1800.0
1001
WTHICK
1040
200.0
  0
ATTRIB
  5
3A9
330
3A8
100
AcDbEntity
  8
HT-A-WIND-TEXT-F01-NEW
100
AcDbText
 10
39371.93
 20
24587.38
 30
0.0
 40
297.5
  1

 41
0.71
  7
_TCH_WINDOW
100
AcDbAttribute
280
     0
  2
A
 70
     0
280
     0
  0
SEQEND
  5
3AA
330
3A8
100
AcDbEntity
  8
HT-A-WIND-F01-NEW
  0
INSERT
  5
3AB
330
2
100
AcDbEntity
  8
HT-A-WIND-F01-NEW
100
AcDbBlockReference
 66
     1
  2
$TCHSYS$WIN2D
 10
43616.93
 20
25111.13
 30
0.0
 41
-1800.0
 42
-200.0
 43
-1800.0
1001
WTHICK
1040
200.0
  0
ATTRIB
  5
3AC
330
3AB
100
AcDbEntity
  8
HT-A-WIND-TEXT-F01-NEW
100
AcDbText
 10
43421.93
 20
25337.38
 30
0.0
 40
297.5
  1

 41
0.71
  7
_TCH_WINDOW
100
AcDbAttribute
280
     0
  2
A
 70
     0
280
     0
  0
SEQEND
  5
3AD
330
3AB
100
AcDbEntity
  8
HT-A-WIND-F01-NEW
  0
INSERT
  5
3AE
330
2
100
AcDbEntity
  8
HT-A-WIND-F01-NEW
100
AcDbBlockReference
 66
     1
  2
$TCHSYS$WIN2D
 10
51616.93
 20
25111.13
 30
0.0
 41
-1800.0
 42
-200.0
 43
-1800.0
 50
360.0
1001
WTHICK
1040
200.0
  0
ATTRIB
  5
3AF
330
3AE
100
AcDbEntity
  8
HT-A-WIND-TEXT-F01-NEW
100
AcDbText
 10
51421.93
 20
25337.38
 30
0.0
 40
297.5
  1

 41
0.71
  7
_TCH_WINDOW
100
AcDbAttribute
280
     0
  2
A
 70
     0
280
     0
  0
SEQEND
  5
3B0
330
3AE
100
AcDbEntity
  8
HT-A-WIND-F01-NEW
  0
INSERT
  5
3B1
330
2
100
AcDbEntity
  8
HT-A-WIND-F01-NEW
100
AcDbBlockReference
 66
     1
  2
$TCHSYS$WIN2D
 10
55616.93
 20
25111.13
 30
0.0
 41
-1600.0
 42
-200.0
 43
-1600.0
1001
WTHICK
1040
200.0
  0
ATTRIB
  5
3B2
330
3B1
100
AcDbEntity
  8
HT-A-WIND-TEXT-F01-NEW
100
AcDbText
 10
55421.93
 20
25337.38
 30
0.0
 40
297.5
  1

 41
0.71
  7
_TCH_WINDOW
100
AcDbAttribute
280
     0
  2
A
 70
     0
280
     0
  0
SEQEND
  5
3B3
330
3B1
100
AcDbEntity
  8
HT-A-WIND-F01-NEW
  0
INSERT
  5
3B4
330
2
100
AcDbEntity
  8
HT-A-WIND-F01-NEW
100
AcDbBlockReference
 66
     1
  2
$TCHSYS$WIN2D
 10
56816.93
 20
21611.13
 30
0.0
 41
3200.0
 42
200.0
 43
3200.0
 50
270.0
1001
WTHICK
1040
200.0
  0
ATTRIB
  5
3B5
330
3B4
100
AcDbEntity
  8
HT-A-WIND-TEXT-F01-NEW
100
AcDbText
 10
56590.68
 20
21416.13
 30
0.0
 40
297.5
  1

 50
90.0
 41
0.71
  7
_TCH_WINDOW
100
AcDbAttribute
280
     0
  2
A
 70
     0
280
     0
  0
SEQEND
  5
3B6
330
3B4
100
AcDbEntity
  8
HT-A-WIND-F01-NEW
  0
LINE
  5
3B7
330
2
100
AcDbEntity
  8
HT-A-AXIS-F01-NEW
100
AcDbLine
 10
38016.93
 20
17111.13
 30
0.0
 11
38016.93
 21
13111.13
 31
0.0
  0
INSERT
  5
3B8
330
2
100
AcDbEntity
  8
HT-A-AXIS-F01-NEW
100
AcDbBlockReference
 66
     1
  2
_AXISO
 10
38016.93
 20
12711.13
 30
0.0
 41
800.0
 42
800.0
 43
800.0
  0
ATTRIB
  5
3B9
330
3B8
100
AcDbEntity
  8
HT-A-AXIS-TEXT-F01-NEW
100
AcDbText
 10
37906.63
 20
12453.76
 30
0.0
 40
514.72
  1
1
  7
_TCH_AXIS
 72
     5
 11
38127.22
 21
12453.76
 31
0.0
100
AcDbAttribute
280
     0
  2
A
 70
     0
280
     0
  0
SEQEND
  5
3BA
330
3B8
100
AcDbEntity
  8
HT-A-AXIS-F01-NEW
  0
LINE
  5
3BB
330
2
100
AcDbEntity
  8
HT-A-AXIS-F01-NEW
100
AcDbLine
 10
38016.93
 20
26111.13
 30
0.0
 11
38016.93
 21
30111.13
 31
0.0
  0
INSERT
  5
3BC
330
2
100
AcDbEntity
  8
HT-A-AXIS-F01-NEW
100
AcDbBlockReference
 66
     1
  2
_AXISO
 10
38016.93
 20
30511.13
 30
0.0
 41
800.0
 42
800.0
 43
800.0
  0
ATTRIB
  5
3BD
330
3BC
100
AcDbEntity
  8
HT-A-AXIS-TEXT-F01-NEW
100
AcDbText
 10
37906.63
 20
30253.76
 30
0.0
 40
514.72
  1
1
  7
_TCH_AXIS
 72
     5
 11
38127.22
 21
30253.76
 31
0.0
100
AcDbAttribute
280
     0
  2
A
 70
     0
280
     0
  0
SEQEND
  5
3BE
330
3BC
100
AcDbEntity
  8
HT-A-AXIS-F01-NEW
  0
LINE
  5
3BF
330
2
100
AcDbEntity
  8
HT-A-AXIS-F01-NEW
100
AcDbLine
 10
42016.93
 20
17111.13
 30
0.0
 11
42016.93
 21
13111.13
 31
0.0
  0
INSERT
  5
3C0
330
2
100
AcDbEntity
  8
HT-A-AXIS-F01-NEW
100
AcDbBlockReference
 66
     1
  2
_AXISO
 10
42016.93
 20
12711.13
 30
0.0
 41
800.0
 42
800.0
 43
800.0
  0
ATTRIB
  5
3C1
330
3C0
100
AcDbEntity
  8
HT-A-AXIS-TEXT-F01-NEW
100
AcDbText
 10
41861.61
 20
12478.15
 30
0.0
 40
465.95
  1
2
  7
_TCH_AXIS
 72
     5
 11
42172.24
 21
12478.15
 31
0.0
100
AcDbAttribute
280
     0
  2
A
 70
     0
280
     0
  0
SEQEND
  5
3C2
330
3C0
100
AcDbEntity
  8
HT-A-AXIS-F01-NEW
  0
LINE
  5
3C3
330
2
100
AcDbEntity
  8
HT-A-AXIS-F01-NEW
100
AcDbLine
 10
42016.93
 20
26111.13
 30
0.0
 11
42016.93
 21
30111.13
 31
0.0
  0
INSERT
  5
3C4
330
2
100
AcDbEntity
  8
HT-A-AXIS-F01-NEW
100
AcDbBlockReference
 66
     1
  2
_AXISO
 10
42016.93
 20
30511.13
 30
0.0
 41
800.0
 42
800.0
 43
800.0
  0
ATTRIB
  5
3C5
330
3C4
100
AcDbEntity
  8
HT-A-AXIS-TEXT-F01-NEW
100
AcDbText
 10
41861.61
 20
30278.15
 30
0.0
 40
465.95
  1
2
  7
_TCH_AXIS
 72
     5
 11
42172.24
 21
30278.15
 31
0.0
100
AcDbAttribute
280
     0
  2
A
 70
     0
280
     0
  0
SEQEND
  5
3C6
330
3C4
100
AcDbEntity
  8
HT-A-AXIS-F01-NEW
  0
LINE
  5
3C7
330
2
100
AcDbEntity
  8
HT-A-AXIS-F01-NEW
100
AcDbLine
 10
46016.93
 20
17111.13
 30
0.0
 11
46016.93
 21
13111.13
 31
0.0
  0
INSERT
  5
3C8
330
2
100
AcDbEntity
  8
HT-A-AXIS-F01-NEW
100
AcDbBlockReference
 66
     1
  2
_AXISO
 10
46016.93
 20
12711.13
 30
0.0
 41
800.0
 42
800.0
 43
800.0
  0
ATTRIB
  5
3C9
330
3C8
100
AcDbEntity
  8
HT-A-AXIS-TEXT-F01-NEW
100
AcDbText
 10
45861.61
 20
12478.15
 30
0.0
 40
465.95
  1
3
  7
_TCH_AXIS
 72
     5
 11
46172.24
 21
12478.15
 31
0.0
100
AcDbAttribute
280
     0
  2
A
 70
     0
280
     0
  0
SEQEND
  5
3CA
330
3C8
100
AcDbEntity
  8
HT-A-AXIS-F01-NEW
  0
LINE
  5
3CB
330
2
100
AcDbEntity
  8
HT-A-AXIS-F01-NEW
100
AcDbLine
 10
46016.93
 20
26111.13
 30
0.0
 11
46016.93
 21
30111.13
 31
0.0
  0
INSERT
  5
3CC
330
2
100
AcDbEntity
  8
HT-A-AXIS-F01-NEW
100
AcDbBlockReference
 66
     1
  2
_AXISO
 10
46016.93
 20
30511.13
 30
0.0
 41
800.0
 42
800.0
 43
800.0
  0
ATTRIB
  5
3CD
330
3CC
100
AcDbEntity
  8
HT-A-AXIS-TEXT-F01-NEW
100
AcDbText
 10
45861.61
 20
30278.15
 30
0.0
 40
465.95
  1
3
  7
_TCH_AXIS
 72
     5
 11
46172.24
 21
30278.15
 31
0.0
100
AcDbAttribute
280
     0
  2
A
 70
     0
280
     0
  0
SEQEND
  5
3CE
330
3CC
100
AcDbEntity
  8
HT-A-AXIS-F01-NEW
  0
LINE
  5
3CF
330
2
100
AcDbEntity
  8
HT-A-AXIS-F01-NEW
100
AcDbLine
 10
50016.93
 20
17111.13
 30
0.0
 11
50016.93
 21
13111.13
 31
0.0
  0
INSERT
  5
3D0
330
2
100
AcDbEntity
  8
HT-A-AXIS-F01-NEW
100
AcDbBlockReference
 66
     1
  2
_AXISO
 10
50016.93
 20
12711.13
 30
0.0
 41
800.0
 42
800.0
 43
800.0
  0
ATTRIB
  5
3D1
330
3D0
100
AcDbEntity
  8
HT-A-AXIS-TEXT-F01-NEW
100
AcDbText
 10
49847.24
 20
12488.4
 30
0.0
 40
445.44
  1
4
  7
_TCH_AXIS
 72
     5
 11
50186.62
 21
12488.4
 31
0.0
100
AcDbAttribute
280
     0
  2
A
 70
     0
280
     0
  0
SEQEND
  5
3D2
330
3D0
100
AcDbEntity
  8
HT-A-AXIS-F01-NEW
  0
LINE
  5
3D3
330
2
100
AcDbEntity
  8
HT-A-AXIS-F01-NEW
100
AcDbLine
 10
50016.93
 20
26111.13
 30
0.0
 11
50016.93
 21
30111.13
 31
0.0
  0
INSERT
  5
3D4
330
2
100
AcDbEntity
  8
HT-A-AXIS-F01-NEW
100
AcDbBlockReference
 66
     1
  2
_AXISO
 10
50016.93
 20
30511.13
 30
0.0
 41
800.0
 42
800.0
 43
800.0
  0
ATTRIB
  5
3D5
330
3D4
100
AcDbEntity
  8
HT-A-AXIS-TEXT-F01-NEW
100
AcDbText
 10
49847.24
 20
30288.4
 30
0.0
 40
445.44
  1
4
  7
_TCH_AXIS
 72
     5
 11
50186.62
 21
30288.4
 31
0.0
100
AcDbAttribute
280
     0
  2
A
 70
     0
280
     0
  0
SEQEND
  5
3D6
330
3D4
100
AcDbEntity
  8
HT-A-AXIS-F01-NEW
  0
LINE
  5
3D7
330
2
100
AcDbEntity
  8
HT-A-AXIS-F01-NEW
100
AcDbLine
 10
53316.93
 20
17111.13
 30
0.0
 11
53316.93
 21
13111.13
 31
0.0
  0
INSERT
  5
3D8
330
2
100
AcDbEntity
  8
HT-A-AXIS-F01-NEW
100
AcDbBlockReference
 66
     1
  2
_AXISO
 10
53316.93
 20
12711.13
 30
0.0
 41
800.0
 42
800.0
 43
800.0
  0
ATTRIB
  5
3D9
330
3D8
100
AcDbEntity
  8
HT-A-AXIS-TEXT-F01-NEW
100
AcDbText
 10
53161.61
 20
12478.15
 30
0.0
 40
465.95
  1
5
  7
_TCH_AXIS
 72
     5
 11
53472.24
 21
12478.15
 31
0.0
100
AcDbAttribute
280
     0
  2
A
 70
     0
280
     0
  0
SEQEND
  5
3DA
330
3D8
100
AcDbEntity
  8
HT-A-AXIS-F01-NEW
  0
LINE
  5
3DB
330
2
100
AcDbEntity
  8
HT-A-AXIS-F01-NEW
100
AcDbLine
 10
53316.93
 20
26111.13
 30
0.0
 11
53316.93
 21
30111.13
 31
0.0
  0
INSERT
  5
3DC
330
2
100
AcDbEntity
  8
HT-A-AXIS-F01-NEW
100
AcDbBlockReference
 66
     1
  2
_AXISO
 10
53316.93
 20
30511.13
 30
0.0
 41
800.0
 42
800.0
 43
800.0
  0
ATTRIB
  5
3DD
330
3DC
100
AcDbEntity
  8
HT-A-AXIS-TEXT-F01-NEW
100
AcDbText
 10
53161.61
 20
30278.15
 30
0.0
 40
465.95
  1
5
  7
_TCH_AXIS
 72
     5
 11
53472.24
 21
30278.15
 31
0.0
100
AcDbAttribute
280
     0
  2
A
 70
     0
280
     0
  0
SEQEND
  5
3DE
330
3DC
100
AcDbEntity
  8
HT-A-AXIS-F01-NEW
  0
LINE
  5
3DF
330
2
100
AcDbEntity
  8
HT-A-AXIS-F01-NEW
100
AcDbLine
 10
56816.93
 20
17111.13
 30
0.0
 11
56816.93
 21
13111.13
 31
0.0
  0
INSERT
  5
3E0
330
2
100
AcDbEntity
  8
HT-A-AXIS-F01-NEW
100
AcDbBlockReference
 66
     1
  2
_AXISO
 10
56816.93
 20
12711.13
 30
0.0
 41
800.0
 42
800.0
 43
800.0
  0
ATTRIB
  5
3E1
330
3E0
100
AcDbEntity
  8
HT-A-AXIS-TEXT-F01-NEW
100
AcDbText
 10
56661.61
 20
12478.15
 30
0.0
 40
465.95
  1
6
  7
_TCH_AXIS
 72
     5
 11
56972.24
 21
12478.15
 31
0.0
100
AcDbAttribute
280
     0
  2
A
 70
     0
280
     0
  0
SEQEND
  5
3E2
330
3E0
100
AcDbEntity
  8
HT-A-AXIS-F01-NEW
  0
LINE
  5
3E3
330
2
100
AcDbEntity
  8
HT-A-AXIS-F01-NEW
100
AcDbLine
 10
56816.93
 20
26111.13
 30
0.0
 11
56816.93
 21
30111.13
 31
0.0
  0
INSERT
  5
3E4
330
2
100
AcDbEntity
  8
HT-A-AXIS-F01-NEW
100
AcDbBlockReference
 66
     1
  2
_AXISO
 10
56816.93
 20
30511.13
 30
0.0
 41
800.0
 42
800.0
 43
800.0
  0
ATTRIB
  5
3E5
330
3E4
100
AcDbEntity
  8
HT-A-AXIS-TEXT-F01-NEW
100
AcDbText
 10
56661.61
 20
30278.15
 30
0.0
 40
465.95
  1
6
  7
_TCH_AXIS
 72
     5
 11
56972.24
 21
30278.15
 31
0.0
100
AcDbAttribute
280
     0
  2
A
 70
     0
280
     0
  0
SEQEND
  5
3E6
330
3E4
100
AcDbEntity
  8
HT-A-AXIS-F01-NEW
  0
LINE
  5
3E7
330
2
100
AcDbEntity
  8
HT-A-AXIS-F01-NEW
100
AcDbLine
 10
37016.93
 20
18111.13
 30
0.0
 11
33016.93
 21
18111.13
 31
0.0
  0
INSERT
  5
3E8
330
2
100
AcDbEntity
  8
HT-A-AXIS-F01-NEW
100
AcDbBlockReference
 66
     1
  2
_AXISO
 10
32616.93
 20
18111.13
 30
0.0
 41
800.0
 42
800.0
 43
800.0
  0
ATTRIB
  5
3E9
330
3E8
100
AcDbEntity
  8
HT-A-AXIS-TEXT-F01-NEW
100
AcDbText
 10
32434.71
 20
17898.53
 30
0.0
 40
425.18
  1
A
  7
_TCH_AXIS
 72
     5
 11
32799.15
 21
17898.53
 31
0.0
100
AcDbAttribute
280
     0
  2
A
 70
     0
280
     0
  0
SEQEND
  5
3EA
330
3E8
100
AcDbEntity
  8
HT-A-AXIS-F01-NEW
  0
LINE
  5
3EB
330
2
100
AcDbEntity
  8
HT-A-AXIS-F01-NEW
100
AcDbLine
 10
57816.93
 20
18111.13
 30
0.0
 11
61816.93
 21
18111.13
 31
0.0
  0
INSERT
  5
3EC
330
2
100
AcDbEntity
  8
HT-A-AXIS-F01-NEW
100
AcDbBlockReference
 66
     1
  2
_AXISO
 10
62216.93
 20
18111.13
 30
0.0
 41
800.0
 42
800.0
 43
800.0
  0
ATTRIB
  5
3ED
330
3EC
100
AcDbEntity
  8
HT-A-AXIS-TEXT-F01-NEW
100
AcDbText
 10
62034.71
 20
17898.53
 30
0.0
 40
425.18
  1
A
  7
_TCH_AXIS
 72
     5
 11
62399.15
 21
17898.53
 31
0.0
100
AcDbAttribute
280
     0
  2
A
 70
     0
280
     0
  0
SEQEND
  5
3EE
330
3EC
100
AcDbEntity
  8
HT-A-AXIS-F01-NEW
  0
LINE
  5
3EF
330
2
100
AcDbEntity
  8
HT-A-AXIS-F01-NEW
100
AcDbLine
 10
37016.93
 20
21111.13
 30
0.0
 11
33016.93
 21
21111.13
 31
0.0
  0
INSERT
  5
3F0
330
2
100
AcDbEntity
  8
HT-A-AXIS-F01-NEW
100
AcDbBlockReference
 66
     1
  2
_AXISO
 10
32616.93
 20
21111.13
 30
0.0
 41
800.0
 42
800.0
 43
800.0
  0
ATTRIB
  5
3F1
330
3F0
100
AcDbEntity
  8
HT-A-AXIS-TEXT-F01-NEW
100
AcDbText
 10
32440.75
 20
20893.5
 30
0.0
 40
435.26
  1
B
  7
_TCH_AXIS
 72
     5
 11
32793.1
 21
20893.5
 31
0.0
100
AcDbAttribute
280
     0
  2
A
 70
     0
280
     0
  0
SEQEND
  5
3F2
330
3F0
100
AcDbEntity
  8
HT-A-AXIS-F01-NEW
  0
LINE
  5
3F3
330
2
100
AcDbEntity
  8
HT-A-AXIS-F01-NEW
100
AcDbLine
 10
57816.93
 20
21111.13
 30
0.0
 11
61816.93
 21
21111.13
 31
0.0
  0
INSERT
  5
3F4
330
2
100
AcDbEntity
  8
HT-A-AXIS-F01-NEW
100
AcDbBlockReference
 66
     1
  2
_AXISO
 10
62216.93
 20
21111.13
 30
0.0
 41
800.0
 42
800.0
 43
800.0
  0
ATTRIB
  5
3F5
330
3F4
100
AcDbEntity
  8
HT-A-AXIS-TEXT-F01-NEW
100
AcDbText
 10
62040.75
 20
20893.5
 30
0.0
 40
435.26
  1
B
  7
_TCH_AXIS
 72
     5
 11
62393.1
 21
20893.5
 31
0.0
100
AcDbAttribute
280
     0
  2
A
 70
     0
280
     0
  0
SEQEND
  5
3F6
330
3F4
100
AcDbEntity
  8
HT-A-AXIS-F01-NEW
  0
LINE
  5
3F7
330
2
100
AcDbEntity
  8
HT-A-AXIS-F01-NEW
100
AcDbLine
 10
37016.93
 20
22611.13
 30
0.0
 11
33016.93
 21
22611.13
 31
0.0
  0
INSERT
  5
3F8
330
2
100
AcDbEntity
  8
HT-A-AXIS-F01-NEW
100
AcDbBlockReference
 66
     1
  2
_AXISO
 10
32616.93
 20
22611.13
 30
0.0
 41
800.0
 42
800.0
 43
800.0
  0
ATTRIB
  5
3F9
330
3F8
100
AcDbEntity
  8
HT-A-AXIS-TEXT-F01-NEW
100
AcDbText
 10
32454.18
 20
22383.28
 30
0.0
 40
455.69
  1
C
  7
_TCH_AXIS
 72
     5
 11
32779.67
 21
22383.28
 31
0.0
100
AcDbAttribute
280
     0
  2
A
 70
     0
280
     0
  0
SEQEND
  5
3FA
330
3F8
100
AcDbEntity
  8
HT-A-AXIS-F01-NEW
  0
LINE
  5
3FB
330
2
100
AcDbEntity
  8
HT-A-AXIS-F01-NEW
100
AcDbLine
 10
57816.93
 20
22611.13
 30
0.0
 11
61816.93
 21
22611.13
 31
0.0
  0
INSERT
  5
3FC
330
2
100
AcDbEntity
  8
HT-A-AXIS-F01-NEW
100
AcDbBlockReference
 66
     1
  2
_AXISO
 10
62216.93
 20
22611.13
 30
0.0
 41
800.0
 42
800.0
 43
800.0
  0
ATTRIB
  5
3FD
330
3FC
100
AcDbEntity
  8
HT-A-AXIS-TEXT-F01-NEW
100
AcDbText
 10
62054.18
 20
22383.28
 30
0.0
 40
455.69
  1
C
  7
_TCH_AXIS
 72
     5
 11
62379.67
 21
22383.28
 31
0.0
100
AcDbAttribute
280
     0
  2
A
 70
     0
280
     0
  0
SEQEND
  5
3FE
330
3FC
100
AcDbEntity
  8
HT-A-AXIS-F01-NEW
  0
LINE
  5
3FF
330
2
100
AcDbEntity
  8
HT-A-AXIS-F01-NEW
100
AcDbLine
 10
37016.93
 20
25111.13
 30
0.0
 11
33016.93
 21
25111.13
 31
0.0
  0
INSERT
  5
400
330
2
100
AcDbEntity
  8
HT-A-AXIS-F01-NEW
100
AcDbBlockReference
 66
     1
  2
_AXISO
 10
32616.93
 20
25111.13
 30
0.0
 41
800.0
 42
800.0
 43
800.0
  0
ATTRIB
  5
401
330
400
100
AcDbEntity
  8
HT-A-AXIS-TEXT-F01-NEW
100
AcDbText
 10
32440.75
 20
24893.5
 30
0.0
 40
435.26
  1
D
  7
_TCH_AXIS
 72
     5
 11
32793.1
 21
24893.5
 31
0.0
100
AcDbAttribute
280
     0
  2
A
 70
     0
280
     0
  0
SEQEND
  5
402
330
400
100
AcDbEntity
  8
HT-A-AXIS-F01-NEW
  0
LINE
  5
403
330
2
100
AcDbEntity
  8
HT-A-AXIS-F01-NEW
100
AcDbLine
 10
57816.93
 20
25111.13
 30
0.0
 11
61816.93
 21
25111.13
 31
0.0
  0
INSERT
  5
404
330
2
100
AcDbEntity
  8
HT-A-AXIS-F01-NEW
100
AcDbBlockReference
 66
     1
  2
_AXISO
 10
62216.93
 20
25111.13
 30
0.0
 41
800.0
 42
800.0
 43
800.0
  0
ATTRIB
  5
405
330
404
100
AcDbEntity
  8
HT-A-AXIS-TEXT-F01-NEW
100
AcDbText
 10
62040.75
 20
24893.5
 30
0.0
 40
435.26
  1
D
  7
_TCH_AXIS
 72
     5
 11
62393.1
 21
24893.5
 31
0.0
100
AcDbAttribute
280
     0
  2
A
 70
     0
280
     0
  0
SEQEND
  5
406
330
404
100
AcDbEntity
  8
HT-A-AXIS-F01-NEW
  0
TEXT
  5
44B
330
2
100
AcDbEntity
  8
HT-A-ROOM-F01-NEW
100
AcDbText
 10
38286.51
 20
21618.54
 30
0.0
 40
482.27
  1
储藏间
  7
_TCH_SPACE
100
AcDbText
  0
ENDSEC
  0
SECTION
  2
OBJECTS
  0
DICTIONARY
  5
B
330
0
100
AcDbDictionary
281
     1
  3
ACAD_CIP_PREVIOUS_PRODUCT_INFO
350
44A
  3
ACAD_COLOR
350
275
  3
ACAD_DETAILVIEWSTYLE
350
440
  3
ACAD_GROUP
350
270
  3
ACAD_LAYOUT
350
250
  3
ACAD_MATERIAL
350
D
  3
ACAD_MLEADERSTYLE
350
278
  3
ACAD_MLINESTYLE
350
271
  3
ACAD_PLOTSETTINGS
350
272
  3
ACAD_PLOTSTYLENAME
350
A
  3
ACAD_SCALELIST
350
276
  3
ACAD_SECTIONVIEWSTYLE
350
43E
  3
ACAD_TABLESTYLE
350
277
  3
ACAD_VISUALSTYLE
350
26A
  3
ACDB_RECOMPOSE_DATA
350
457
  3
AcDbVariableDictionary
350
279
  3
TCH_DBCONFIG
350
44E
  0
DICTIONARY
  5
25A
330
259
100
AcDbDictionary
280
     1
281
     1
  3
ACAD_LAYERFILTERS
360
25B
  3
ACAD_LAYERSTATES
360
25C
  3
ACLYDICTIONARY
360
25D
  0
DICTIONARY
  5
7
330
6
100
AcDbDictionary
280
     1
281
     1
  3
ADSK_XREC_LAYER_RECONCILED
360
8
  0
DICTIONARY
  5
11
330
10
100
AcDbDictionary
280
     1
281
     1
  3
ADSK_XREC_LAYER_RECONCILED
360
12
  0
DICTIONARY
  5
33
330
32
100
AcDbDictionary
280
     1
281
     1
  3
ADSK_XREC_LAYER_RECONCILED
360
34
  0
DICTIONARY
  5
13C
330
13B
100
AcDbDictionary
280
     1
281
     1
  3
ADSK_XREC_LAYER_RECONCILED
360
13D
  0
DICTIONARY
  5
1F
330
1E
100
AcDbDictionary
280
     1
281
     1
  3
ADSK_XREC_LAYER_RECONCILED
360
20
  0
DICTIONARY
  5
2F
330
2E
100
AcDbDictionary
280
     1
281
     1
  3
ADSK_XREC_LAYER_RECONCILED
360
30
  0
DICTIONARY
  5
119
330
118
100
AcDbDictionary
280
     1
281
     1
  3
ADSK_XREC_LAYER_RECONCILED
360
11A
  0
DICTIONARY
  5
11D
330
11C
100
AcDbDictionary
280
     1
281
     1
  3
ADSK_XREC_LAYER_RECONCILED
360
11E
  0
DICTIONARY
  5
140
330
13F
100
AcDbDictionary
280
     1
281
     1
  3
ADSK_XREC_LAYER_RECONCILED
360
141
  0
DICTIONARY
  5
2C
330
2B
100
AcDbDictionary
280
     1
281
     1
  3
ADSK_XREC_LAYER_RECONCILED
360
2D
  0
DICTIONARY
  5
76
330
75
100
AcDbDictionary
280
     1
281
     1
  3
ADSK_XREC_LAYER_RECONCILED
360
77
  0
DICTIONARY
  5
42
330
41
100
AcDbDictionary
280
     1
281
     1
  3
ADSK_XREC_LAYER_RECONCILED
360
43
  0
DICTIONARY
  5
51
330
50
100
AcDbDictionary
280
     1
281
     1
  3
ADSK_XREC_LAYER_RECONCILED
360
52
  0
DICTIONARY
  5
89
330
88
100
AcDbDictionary
280
     1
281
     1
  3
ADSK_XREC_LAYER_RECONCILED
360
8A
  0
DICTIONARY
  5
3
330
2
100
AcDbDictionary
280
     1
281
     1
  3
ACAD_SORTENTS
360
2B7
  0
DICTIONARY
  5
22
330
21
100
AcDbDictionary
280
     1
281
     1
  3
ACAD_SORTENTS
360
2AD
  0
DICTIONARY
  5
7D
330
7C
100
AcDbDictionary
280
     1
281
     1
  0
DICTIONARY
  5
F6
330
F5
100
AcDbDictionary
280
     1
281
     1
  0
XRECORD
  5
44A
102
{ACAD_REACTORS
330
B
102
}
330
B
100
AcDbXrecord
280
     1
300
ACD
300
2021
300

  0
DICTIONARY
  5
275
102
{ACAD_REACTORS
330
B
102
}
330
B
100
AcDbDictionary
281
     1
  0
DICTIONARY
  5
440
102
{ACAD_REACTORS
330
B
102
}
330
B
100
AcDbDictionary
281
     1
  3
Imperial24
350
441
  0
DICTIONARY
  5
270
102
{ACAD_REACTORS
330
B
102
}
330
B
100
AcDbDictionary
281
     1
  0
DICTIONARY
  5
250
102
{ACAD_REACTORS
330
B
102
}
330
B
100
AcDbDictionary
281
     1
  3
Model
350
24F
  3
布局1
350
254
  3
布局2
350
258
  0
DICTIONARY
  5
D
102
{ACAD_REACTORS
330
B
102
}
330
B
100
AcDbDictionary
281
     1
  3
ByBlock
350
274
  3
ByLayer
350
273
  3
Global
350
C
  0
DICTIONARY
  5
278
102
{ACAD_REACTORS
330
B
102
}
330
B
100
AcDbDictionary
281
     1
  3
Standard
350
43D
  0
DICTIONARY
  5
271
102
{ACAD_REACTORS
330
B
102
}
330
B
100
AcDbDictionary
281
     1
  3
Standard
350
287
  0
DICTIONARY
  5
272
102
{ACAD_REACTORS
330
B
102
}
330
B
100
AcDbDictionary
281
     1
  0
ACDBDICTIONARYWDFLT
  5
A
102
{ACAD_REACTORS
330
B
102
}
330
B
100
AcDbDictionary
281
     1
  3
Normal
350
9
100
AcDbDictionaryWithDefault
340
9
  0
DICTIONARY
  5
276
102
{ACAD_REACTORS
330
B
102
}
330
B
100
AcDbDictionary
281
     1
  3
A0
350
28C
  3
A1
350
28D
  3
A2
350
28E
  3
A3
350
28F
  3
A4
350
290
  3
A5
350
291
  3
A6
350
292
  3
A7
350
293
  3
A8
350
294
  3
A9
350
295
  3
B0
350
296
  3
B1
350
297
  3
B2
350
298
  3
B3
350
299
  3
B4
350
29A
  3
B5
350
29B
  3
B6
350
29C
  3
B7
350
29D
  3
B8
350
29E
  3
B9
350
29F
  3
C0
350
2A0
  3
C1
350
2A1
  3
C2
350
2A2
  3
C3
350
2A3
  3
C4
350
2A4
  3
C5
350
2A5
  3
C6
350
2A6
  3
C7
350
2A7
  3
C8
350
2A8
  3
C9
350
2A9
  3
D0
350
2AA
  3
D1
350
2AB
  3
D2
350
2AC
  0
DICTIONARY
  5
43E
102
{ACAD_REACTORS
330
B
102
}
330
B
100
AcDbDictionary
281
     1
  3
Imperial24
350
43F
  0
DICTIONARY
  5
277
102
{ACAD_REACTORS
330
B
102
}
330
B
100
AcDbDictionary
281
     1
  3
Standard
350
288
  0
DICTIONARY
  5
26A
102
{ACAD_REACTORS
330
B
102
}
330
B
100
AcDbDictionary
281
     1
  3
2dWireframe
350
269
  3
3dWireframe
350
28B
  3
Basic
350
42B
  3
Brighten
350
430
  3
ColorChange
350
434
  3
Conceptual
350
42E
  3
Dim
350
42F
  3
EdgeColorOff
350
43C
  3
Facepattern
350
433
  3
Flat
350
427
  3
FlatWithEdges
350
428
  3
Gouraud
350
429
  3
GouraudWithEdges
350
42A
  3
Hidden
350
42D
  3
JitterOff
350
43A
  3
Linepattern
350
432
  3
OverhangOff
350
43B
  3
Realistic
350
28A
  3
Shaded
350
439
  3
Shaded with edges
350
438
  3
Shades of Gray
350
435
  3
Sketchy
350
436
  3
Thicken
350
431
  3
Wireframe
350
42C
  3
X-Ray
350
437
  0
XRECORD
  5
457
102
{ACAD_REACTORS
330
B
102
}
330
B
100
AcDbXrecord
280
     1
 90
        1
330
288
  0
DICTIONARY
  5
279
102
{ACAD_REACTORS
330
B
102
}
330
B
100
AcDbDictionary
281
     1
  3
ANNOALLVISIBLE
350
27A
  3
CANNOSCALE
350
27B
  3
CMLEADERSTYLE
350
27C
  3
CTABLESTYLE
350
27D
  3
CVIEWDETAILSTYLE
350
27E
  3
CVIEWSECTIONSTYLE
350
27F
  3
DIMASSOC
350
280
  3
HIDETEXT
350
281
  3
LAYEREVAL
350
282
  3
LAYERNOTIFY
350
283
  3
LIGHTINGUNITS
350
284
  3
MSLTSCALE
350
285
  3
SOLIDHIST
350
425
  3
WIPEOUTFRAME
350
286
  0
TCH_DBCONFIG
  5
44E
102
{ACAD_REACTORS
330
B
102
}
330
B
100
TDbConfig
  0
DICTIONARY
  5
25B
102
{ACAD_REACTORS
330
25A
102
}
330
25A
100
AcDbDictionary
281
     1
  0
DICTIONARY
  5
25C
102
{ACAD_REACTORS
330
25A
102
}
330
25A
100
AcDbDictionary
281
     1
  0
DICTIONARY
  5
25D
102
{ACAD_REACTORS
330
25A
102
}
330
25A
100
AcDbDictionary
281
     1
1001
ACAD
1000
<All
  0
XRECORD
  5
8
102
{ACAD_REACTORS
330
7
102
}
330
7
100
AcDbXrecord
280
     1
290
     1
  0
XRECORD
  5
12
102
{ACAD_REACTORS
330
11
102
}
330
11
100
AcDbXrecord
280
     1
290
     1
  0
XRECORD
  5
34
102
{ACAD_REACTORS
330
33
102
}
330
33
100
AcDbXrecord
280
     1
290
     1
  0
XRECORD
  5
13D
102
{ACAD_REACTORS
330
13C
102
}
330
13C
100
AcDbXrecord
280
     1
290
     1
  0
XRECORD
  5
20
102
{ACAD_REACTORS
330
1F
102
}
330
1F
100
AcDbXrecord
280
     1
290
     1
  0
XRECORD
  5
30
102
{ACAD_REACTORS
330
2F
102
}
330
2F
100
AcDbXrecord
280
     1
290
     1
  0
XRECORD
  5
11A
102
{ACAD_REACTORS
330
119
102
}
330
119
100
AcDbXrecord
280
     1
290
     1
  0
XRECORD
  5
11E
102
{ACAD_REACTORS
330
11D
102
}
330
11D
100
AcDbXrecord
280
     1
290
     1
  0
XRECORD
  5
141
102
{ACAD_REACTORS
330
140
102
}
330
140
100
AcDbXrecord
280
     1
290
     1
  0
XRECORD
  5
2D
102
{ACAD_REACTORS
330
2C
102
}
330
2C
100
AcDbXrecord
280
     1
290
     1
  0
XRECORD
  5
77
102
{ACAD_REACTORS
330
76
102
}
330
76
100
AcDbXrecord
280
     1
290
     1
  0
XRECORD
  5
43
102
{ACAD_REACTORS
330
42
102
}
330
42
100
AcDbXrecord
280
     1
290
     1
  0
XRECORD
  5
52
102
{ACAD_REACTORS
330
51
102
}
330
51
100
AcDbXrecord
280
     1
290
     1
  0
XRECORD
  5
8A
102
{ACAD_REACTORS
330
89
102
}
330
89
100
AcDbXrecord
280
     1
290
     1
  0
SORTENTSTABLE
  5
2B7
102
{ACAD_REACTORS
330
3
102
}
330
3
100
AcDbSortentsTable
330
2
  0
SORTENTSTABLE
  5
2AD
102
{ACAD_REACTORS
330
22
102
}
330
22
100
AcDbSortentsTable
330
21
  0
ACDBDETAILVIEWSTYLE
  5
441
102
{ACAD_REACTORS
330
440
102
}
330
440
100
AcDbModelDocViewStyle
 70
     0
  3
Imperial24
290
     1
300
Imperial24
 90
        0
100
AcDbDetailViewStyle
 70
     0
 71
     0
 90
        3
 71
     1
340
260
 62
   256
 40
0.24
340
0
 62
   256
 40
0.24
300

 40
0.36
280
     3
 71
     2
340
E
 90
       25
 62
   256
 71
     3
340
260
 62
   256
 40
0.24
 90
        1
 40
0.75
 90
        1
300
%<\AcVar ViewType \f "%tc1">% %<\AcVar ViewDetailId>%\PSCALE %<\AcVar ViewScale \f "%sn">%
 71
     4
340
E
 90
       25
 62
   256
340
E
 90
       25
 62
   256
280
     0
  0
LAYOUT
  5
24F
102
{ACAD_XDICTIONARY
360
418
102
}
102
{ACAD_REACTORS
330
250
102
}
330
250
100
AcDbPlotSettings
  1

  2
none_device
  4
ANSI_A_(8.50_x_11.00_Inches)
  6

 40
6.35
 41
19.05
 42
6.35
 43
19.05
 44
215.9
 45
279.4
 46
0.0
 47
0.0
 48
0.0
 49
0.0
140
0.0
141
0.0
142
1.0
143
2.58
 70
 11952
 72
     0
 73
     1
 74
     0
  7

 75
     0
147
0.39
 76
     0
 77
     2
 78
   300
148
0.0
149
0.0
100
AcDbLayout
  1
Model
 70
     1
 71
     0
 10
0.0
 20
0.0
 11
12.0
 21
9.0
 12
0.0
 22
0.0
 32
0.0
 14
0.0
 24
0.0
 34
0.0
 15
0.0
 25
0.0
 35
0.0
146
0.0
 13
0.0
 23
0.0
 33
0.0
 16
1.0
 26
0.0
 36
0.0
 17
0.0
 27
1.0
 37
0.0
 76
     0
330
2
331
268
  0
LAYOUT
  5
254
102
{ACAD_REACTORS
330
250
102
}
330
250
100
AcDbPlotSettings
  1

  2
None
  4

  6

 40
0.0
 41
0.0
 42
0.0
 43
0.0
 44
0.0
 45
0.0
 46
0.0
 47
0.0
 48
0.0
 49
0.0
140
0.0
141
0.0
142
1.0
143
1.0
 70
   688
 72
     0
 73
     0
 74
     5
  7

 75
    16
147
1.0
 76
     0
 77
     2
 78
   300
148
0.0
149
0.0
100
AcDbLayout
  1
布局1
 70
     1
 71
     1
 10
0.0
 20
0.0
 11
12.0
 21
9.0
 12
0.0
 22
0.0
 32
0.0
 14
0.0
 24
0.0
 34
0.0
 15
0.0
 25
0.0
 35
0.0
146
0.0
 13
0.0
 23
0.0
 33
0.0
 16
1.0
 26
0.0
 36
0.0
 17
0.0
 27
1.0
 37
0.0
 76
     0
330
251
  0
LAYOUT
  5
258
102
{ACAD_REACTORS
330
250
102
}
330
250
100
AcDbPlotSettings
  1

  2
None
  4

  6

 40
0.0
 41
0.0
 42
0.0
 43
0.0
 44
0.0
 45
0.0
 46
0.0
 47
0.0
 48
0.0
 49
0.0
140
0.0
141
0.0
142
1.0
143
1.0
 70
   688
 72
     0
 73
     0
 74
     5
  7

 75
    16
147
1.0
 76
     0
 77
     2
 78
   300
148
0.0
149
0.0
100
AcDbLayout
  1
布局2
 70
     1
 71
     2
 10
0.0
 20
0.0
 11
12.0
 21
9.0
 12
0.0
 22
0.0
 32
0.0
 14
0.0
 24
0.0
 34
0.0
 15
0.0
 25
0.0
 35
0.0
146
0.0
 13
0.0
 23
0.0
 33
0.0
 16
1.0
 26
0.0
 36
0.0
 17
0.0
 27
1.0
 37
0.0
 76
     0
330
255
  0
MATERIAL
  5
274
102
{ACAD_REACTORS
330
D
102
}
330
D
100
AcDbMaterial
  1
ByBlock
 73
     1
 78
     1
172
     1
176
     1
270
     1
274
     1
 94
       63
  0
MATERIAL
  5
273
102
{ACAD_REACTORS
330
D
102
}
330
D
100
AcDbMaterial
  1
ByLayer
 73
     1
 78
     1
172
     1
176
     1
270
     1
274
     1
 94
       63
  0
MATERIAL
  5
C
102
{ACAD_REACTORS
330
D
102
}
330
D
100
AcDbMaterial
  1
Global
 73
     1
 78
     1
172
     1
176
     1
270
     1
274
     1
 94
       63
  0
MLEADERSTYLE
  5
43D
102
{ACAD_REACTORS
330
278
102
}
330
278
100
AcDbMLeaderStyle
179
     2
170
     2
171
     1
172
     0
 90
        2
 40
0.0
 41
0.0
173
     1
 91
-1056964608
340
263
 92
       -2
290
     1
 42
0.09
291
     1
 43
0.36
  3
Standard
 44
0.18
300

342
260
174
     1
178
     6
175
     1
176
     0
 93
-1056964608
 45
0.18
292
     0
297
     0
 46
0.18
 94
-1056964608
 47
1.0
 49
1.0
140
1.0
293
     1
141
0.0
294
     1
177
     0
142
1.0
295
     1
296
     0
143
0.13
271
     0
272
     9
273
     9
298
     1
  0
MLINESTYLE
  5
287
102
{ACAD_REACTORS
330
271
102
}
330
271
100
AcDbMlineStyle
  2
STANDARD
 70
     0
  3

 62
   256
 51
90.0
 52
90.0
 71
     2
 49
0.5
 62
   256
  6
BYLAYER
 49
-0.5
 62
   256
  6
BYLAYER
  0
ACDBPLACEHOLDER
  5
9
102
{ACAD_REACTORS
330
A
102
}
330
A
  0
SCALE
  5
28C
102
{ACAD_REACTORS
330
276
102
}
330
276
100
AcDbScale
 70
     0
300
1:1
140
1.0
141
1.0
290
     1
  0
SCALE
  5
28D
102
{ACAD_REACTORS
330
276
102
}
330
276
100
AcDbScale
 70
     0
300
1:2
140
1.0
141
2.0
290
     0
  0
SCALE
  5
28E
102
{ACAD_REACTORS
330
276
102
}
330
276
100
AcDbScale
 70
     0
300
1:4
140
1.0
141
4.0
290
     0
  0
SCALE
  5
28F
102
{ACAD_REACTORS
330
276
102
}
330
276
100
AcDbScale
 70
     0
300
1:5
140
1.0
141
5.0
290
     0
  0
SCALE
  5
290
102
{ACAD_REACTORS
330
276
102
}
330
276
100
AcDbScale
 70
     0
300
1:8
140
1.0
141
8.0
290
     0
  0
SCALE
  5
291
102
{ACAD_REACTORS
330
276
102
}
330
276
100
AcDbScale
 70
     0
300
1:10
140
1.0
141
10.0
290
     0
  0
SCALE
  5
292
102
{ACAD_REACTORS
330
276
102
}
330
276
100
AcDbScale
 70
     0
300
1:16
140
1.0
141
16.0
290
     0
  0
SCALE
  5
293
102
{ACAD_REACTORS
330
276
102
}
330
276
100
AcDbScale
 70
     0
300
1:20
140
1.0
141
20.0
290
     0
  0
SCALE
  5
294
102
{ACAD_REACTORS
330
276
102
}
330
276
100
AcDbScale
 70
     0
300
1:30
140
1.0
141
30.0
290
     0
  0
SCALE
  5
295
102
{ACAD_REACTORS
330
276
102
}
330
276
100
AcDbScale
 70
     0
300
1:40
140
1.0
141
40.0
290
     0
  0
SCALE
  5
296
102
{ACAD_REACTORS
330
276
102
}
330
276
100
AcDbScale
 70
     0
300
1:50
140
1.0
141
50.0
290
     0
  0
SCALE
  5
297
102
{ACAD_REACTORS
330
276
102
}
330
276
100
AcDbScale
 70
     0
300
1:100
140
1.0
141
100.0
290
     0
  0
SCALE
  5
298
102
{ACAD_REACTORS
330
276
102
}
330
276
100
AcDbScale
 70
     0
300
2:1
140
2.0
141
1.0
290
     0
  0
SCALE
  5
299
102
{ACAD_REACTORS
330
276
102
}
330
276
100
AcDbScale
 70
     0
300
4:1
140
4.0
141
1.0
290
     0
  0
SCALE
  5
29A
102
{ACAD_REACTORS
330
276
102
}
330
276
100
AcDbScale
 70
     0
300
8:1
140
8.0
141
1.0
290
     0
  0
SCALE
  5
29B
102
{ACAD_REACTORS
330
276
102
}
330
276
100
AcDbScale
 70
     0
300
10:1
140
10.0
141
1.0
290
     0
  0
SCALE
  5
29C
102
{ACAD_REACTORS
330
276
102
}
330
276
100
AcDbScale
 70
     0
300
100:1
140
100.0
141
1.0
290
     0
  0
SCALE
  5
29D
102
{ACAD_REACTORS
330
276
102
}
330
276
100
AcDbScale
 70
     0
300
1/128" = 1'-0"
140
0.01
141
12.0
290
     0
  0
SCALE
  5
29E
102
{ACAD_REACTORS
330
276
102
}
330
276
100
AcDbScale
 70
     0
300
1/64" = 1'-0"
140
0.02
141
12.0
290
     0
  0
SCALE
  5
29F
102
{ACAD_REACTORS
330
276
102
}
330
276
100
AcDbScale
 70
     0
300
1/32" = 1'-0"
140
0.03
141
12.0
290
     0
  0
SCALE
  5
2A0
102
{ACAD_REACTORS
330
276
102
}
330
276
100
AcDbScale
 70
     0
300
1/16" = 1'-0"
140
0.06
141
12.0
290
     0
  0
SCALE
  5
2A1
102
{ACAD_REACTORS
330
276
102
}
330
276
100
AcDbScale
 70
     0
300
3/32" = 1'-0"
140
0.09
141
12.0
290
     0
  0
SCALE
  5
2A2
102
{ACAD_REACTORS
330
276
102
}
330
276
100
AcDbScale
 70
     0
300
1/8" = 1'-0"
140
0.13
141
12.0
290
     0
  0
SCALE
  5
2A3
102
{ACAD_REACTORS
330
276
102
}
330
276
100
AcDbScale
 70
     0
300
3/16" = 1'-0"
140
0.19
141
12.0
290
     0
  0
SCALE
  5
2A4
102
{ACAD_REACTORS
330
276
102
}
330
276
100
AcDbScale
 70
     0
300
1/4" = 1'-0"
140
0.25
141
12.0
290
     0
  0
SCALE
  5
2A5
102
{ACAD_REACTORS
330
276
102
}
330
276
100
AcDbScale
 70
     0
300
3/8" = 1'-0"
140
0.38
141
12.0
290
     0
  0
SCALE
  5
2A6
102
{ACAD_REACTORS
330
276
102
}
330
276
100
AcDbScale
 70
     0
300
1/2" = 1'-0"
140
0.5
141
12.0
290
     0
  0
SCALE
  5
2A7
102
{ACAD_REACTORS
330
276
102
}
330
276
100
AcDbScale
 70
     0
300
3/4" = 1'-0"
140
0.75
141
12.0
290
     0
  0
SCALE
  5
2A8
102
{ACAD_REACTORS
330
276
102
}
330
276
100
AcDbScale
 70
     0
300
1" = 1'-0"
140
1.0
141
12.0
290
     0
  0
SCALE
  5
2A9
102
{ACAD_REACTORS
330
276
102
}
330
276
100
AcDbScale
 70
     0
300
1-1/2" = 1'-0"
140
1.5
141
12.0
290
     0
  0
SCALE
  5
2AA
102
{ACAD_REACTORS
330
276
102
}
330
276
100
AcDbScale
 70
     0
300
3" = 1'-0"
140
3.0
141
12.0
290
     0
  0
SCALE
  5
2AB
102
{ACAD_REACTORS
330
276
102
}
330
276
100
AcDbScale
 70
     0
300
6" = 1'-0"
140
6.0
141
12.0
290
     0
  0
SCALE
  5
2AC
102
{ACAD_REACTORS
330
276
102
}
330
276
100
AcDbScale
 70
     0
300
1'-0" = 1'-0"
140
12.0
141
12.0
290
     0
  0
ACDBSECTIONVIEWSTYLE
  5
43F
102
{ACAD_REACTORS
330
43E
102
}
330
43E
100
AcDbModelDocViewStyle
 70
     0
  3
Imperial24
290
     1
300
Imperial24
 90
        0
100
AcDbSectionViewStyle
 70
     0
 71
     0
 90
       78
 71
     1
340
260
 62
   256
 40
0.24
340
0
340
0
 62
   256
 40
0.24
300
I, O, Q, S, X, Z
 40
0.48
 90
        3
 40
0.18
 90
        1
 71
     2
340
E
 90
       25
 62
   256
340
E
 90
       50
 62
   256
 40
0.24
 40
0.0
 40
0.24
 71
     3
340
260
 62
   256
 40
0.24
 90
        1
 40
0.75
 90
        1
300
%<\AcVar ViewType \f "%tc1">% %<\AcVar ViewSectionStartId>%-%<\AcVar ViewSectionEndId>%\PSCALE %<\AcVar ViewScale \f "%sn">%
 71
     4
 62
   256
 62
   257
300
ANSI31
 40
1.0
 90
        0
290
     0
290
     0
 90
        6
 40
0.0
 40
1.57
 40
0.26
 40
1.31
 40
-0.26
 40
1.83
  0
TABLESTYLE
  5
288
102
{ACAD_XDICTIONARY
360
289
102
}
102
{ACAD_REACTORS
330
277
102
}
330
277
100
AcDbTableStyle
280
     0
  3
Standard
 70
     0
 71
     0
 40
0.06
 41
0.06
280
     0
281
     0
  7
Standard
140
0.18
170
     2
 62
     0
 63
     7
283
     0
 90
      512
 91
        0
  1

274
    -2
284
     1
 64
     0
275
    -2
285
     1
 65
     0
276
    -2
286
     1
 66
     0
277
    -2
287
     1
 67
     0
278
    -2
288
     1
 68
     0
279
    -2
289
     1
 69
     0
  7
Standard
140
0.25
170
     5
 62
     0
 63
     7
283
     0
 90
      512
 91
        0
  1

274
    -2
284
     1
 64
     0
275
    -2
285
     1
 65
     0
276
    -2
286
     1
 66
     0
277
    -2
287
     1
 67
     0
278
    -2
288
     1
 68
     0
279
    -2
289
     1
 69
     0
  7
Standard
140
0.18
170
     5
 62
     0
 63
     7
283
     0
 90
      512
 91
        0
  1

274
    -2
284
     1
 64
     0
275
    -2
285
     1
 65
     0
276
    -2
286
     1
 66
     0
277
    -2
287
     1
 67
     0
278
    -2
288
     1
 68
     0
279
    -2
289
     1
 69
     0
  0
VISUALSTYLE
  5
269
102
{ACAD_REACTORS
330
26A
102
}
330
26A
100
AcDbVisualStyle
  2
2dWireframe
 70
     4
177
     3
291
     0
 70
    58
 90
        0
176
     1
 90
        2
176
     1
 90
        1
176
     1
 90
        0
176
     1
 40
0.6
176
     1
 40
30.0
176
     1
 62
     7
420
 16777215
176
     1
 90
        1
176
     1
 90
        4
176
     1
 62
     7
176
     1
 62
   257
176
     1
 90
        1
176
     1
 90
        1
176
     1
 40
1.0
176
     1
 90
        0
176
     1
 62
   257
176
     1
 40
1.0
176
     1
 90
        1
176
     1
 90
        6
176
     1
 90
        2
176
     1
 62
     7
176
     1
 90
        5
176
     1
 90
        0
176
     1
 90
        0
176
     1
290
     0
176
     1
 90
        1
176
     1
 40
0.0
176
     1
 90
        0
176
     1
290
     1
176
     1
290
     1
176
     1
290
     0
176
     1
290
     0
176
     1
290
     0
176
     1
290
     0
176
     1
290
     0
176
     1
290
     0
176
     1
290
     0
176
     1
 90
       50
176
     1
 40
0.0
176
     1
 40
1.0
176
     1
 90
        0
176
     1
 62
    18
420
        0
176
     1
 90
       50
176
     1
 90
        3
176
     1
 62
     5
420
      255
176
     1
290
     0
176
     1
 90
       50
176
     1
 90
       50
176
     1
 90
       50
176
     1
290
     0
176
     1
 90
       50
176
     1
 62
   256
176
     0
 40
1.0
176
     0
 90
        2
176
     1
  1
strokes_ogs.tif
176
     1
290
     0
176
     1
 40
1.0
176
     1
 40
1.0
176
     1
  0
VISUALSTYLE
  5
28B
102
{ACAD_REACTORS
330
26A
102
}
330
26A
100
AcDbVisualStyle
  2
3dWireframe
 70
     5
177
     3
291
     0
 70
    58
 90
        0
176
     1
 90
        2
176
     1
 90
        1
176
     1
 90
        0
176
     1
 40
0.6
176
     1
 40
30.0
176
     1
 62
     7
420
 16777215
176
     1
 90
        1
176
     1
 90
        4
176
     1
 62
     7
176
     1
 62
   257
176
     1
 90
        1
176
     1
 90
        1
176
     1
 40
1.0
176
     1
 90
        0
176
     1
 62
   257
176
     1
 40
1.0
176
     1
 90
        1
176
     1
 90
        6
176
     1
 90
        2
176
     1
 62
     7
176
     1
 90
        5
176
     1
 90
        0
176
     1
 90
        0
176
     1
290
     0
176
     1
 90
        1
176
     1
 40
0.0
176
     1
 90
        0
176
     1
290
     0
176
     1
290
     1
176
     1
290
     1
176
     1
290
     0
176
     1
290
     0
176
     1
290
     0
176
     1
290
     0
176
     1
290
     0
176
     1
290
     0
176
     1
 90
       50
176
     1
 40
0.0
176
     1
 40
1.0
176
     1
 90
        0
176
     1
 62
    18
420
        0
176
     1
 90
       50
176
     1
 90
        3
176
     1
 62
     5
420
      255
176
     1
290
     0
176
     1
 90
       50
176
     1
 90
       50
176
     1
 90
       50
176
     1
290
     0
176
     1
 90
       50
176
     1
 62
   256
176
     0
 40
1.0
176
     0
 90
        2
176
     1
  1
strokes_ogs.tif
176
     1
290
     0
176
     1
 40
1.0
176
     1
 40
1.0
176
     1
  0
VISUALSTYLE
  5
42B
102
{ACAD_REACTORS
330
26A
102
}
330
26A
100
AcDbVisualStyle
  2
Basic
 70
     7
177
     3
291
     1
 70
    58
 90
        1
176
     1
 90
        0
176
     1
 90
        1
176
     1
 90
        0
176
     1
 40
0.6
176
     1
 40
30.0
176
     1
 62
     7
420
 16777215
176
     1
 90
        0
176
     1
 90
        4
176
     1
 62
     7
176
     1
 62
   257
176
     1
 90
        1
176
     1
 90
        1
176
     1
 40
1.0
176
     1
 90
        8
176
     1
 62
     7
176
     1
 40
1.0
176
     1
 90
        1
176
     1
 90
        6
176
     1
 90
        2
176
     1
 62
     7
176
     1
 90
        5
176
     1
 90
        0
176
     1
 90
        0
176
     1
290
     0
176
     1
 90
        1
176
     1
 40
0.0
176
     1
 90
        0
176
     1
290
     0
176
     1
290
     1
176
     1
290
     1
176
     1
290
     0
176
     1
290
     0
176
     1
290
     0
176
     1
290
     0
176
     1
290
     0
176
     1
290
     0
176
     1
 90
       50
176
     1
 40
0.0
176
     1
 40
1.0
176
     1
 90
        0
176
     1
 62
    18
420
        0
176
     1
 90
       50
176
     1
 90
        3
176
     1
 62
     5
420
      255
176
     1
290
     0
176
     1
 90
       50
176
     1
 90
       50
176
     1
 90
       50
176
     1
290
     0
176
     1
 90
       50
176
     1
 62
   256
176
     0
 40
1.0
176
     0
 90
        2
176
     1
  1
strokes_ogs.tif
176
     1
290
     0
176
     1
 40
1.0
176
     1
 40
1.0
176
     1
  0
VISUALSTYLE
  5
430
102
{ACAD_REACTORS
330
26A
102
}
330
26A
100
AcDbVisualStyle
  2
Brighten
 70
    12
177
     3
291
     1
 70
    58
 90
        2
176
     1
 90
        2
176
     1
 90
        0
176
     1
 90
        0
176
     1
 40
0.6
176
     1
 40
30.0
176
     1
 62
     7
420
 16777215
176
     1
 90
        1
176
     1
 90
        4
176
     1
 62
     7
176
     1
 62
   257
176
     1
 90
        1
176
     1
 90
        1
176
     1
 40
1.0
176
     1
 90
        8
176
     1
 62
     7
176
     1
 40
1.0
176
     1
 90
        1
176
     1
 90
        6
176
     1
 90
        2
176
     1
 62
     7
176
     1
 90
        5
176
     1
 90
        0
176
     1
 90
        0
176
     1
290
     0
176
     1
 90
        1
176
     1
 40
50.0
176
     1
 90
        0
176
     1
290
     0
176
     1
290
     1
176
     1
290
     1
176
     1
290
     0
176
     1
290
     0
176
     1
290
     0
176
     1
290
     0
176
     1
290
     0
176
     1
290
     0
176
     1
 90
       50
176
     1
 40
0.0
176
     1
 40
1.0
176
     1
 90
        0
176
     1
 62
    18
420
        0
176
     1
 90
       50
176
     1
 90
        3
176
     1
 62
     5
420
      255
176
     1
290
     0
176
     1
 90
       50
176
     1
 90
       50
176
     1
 90
       50
176
     1
290
     0
176
     1
 90
       50
176
     1
 62
   256
176
     0
 40
1.0
176
     0
 90
        2
176
     1
  1
strokes_ogs.tif
176
     1
290
     0
176
     1
 40
1.0
176
     1
 40
1.0
176
     1
  0
VISUALSTYLE
  5
434
102
{ACAD_REACTORS
330
26A
102
}
330
26A
100
AcDbVisualStyle
  2
ColorChange
 70
    16
177
     3
291
     1
 70
    58
 90
        2
176
     1
 90
        2
176
     1
 90
        3
176
     1
 90
        0
176
     1
 40
0.6
176
     1
 40
30.0
176
     1
 62
     8
420
  8421504
176
     1
 90
        1
176
     1
 90
        4
176
     1
 62
     7
176
     1
 62
   257
176
     1
 90
        1
176
     1
 90
        1
176
     1
 40
1.0
176
     1
 90
        8
176
     1
 62
     8
420
  8421504
176
     1
 40
1.0
176
     1
 90
        1
176
     1
 90
        6
176
     1
 90
        2
176
     1
 62
     7
176
     1
 90
        5
176
     1
 90
        0
176
     1
 90
        0
176
     1
290
     0
176
     1
 90
        1
176
     1
 40
0.0
176
     1
 90
        0
176
     1
290
     0
176
     1
290
     1
176
     1
290
     1
176
     1
290
     0
176
     1
290
     0
176
     1
290
     0
176
     1
290
     0
176
     1
290
     0
176
     1
290
     0
176
     1
 90
       50
176
     1
 40
0.0
176
     1
 40
1.0
176
     1
 90
        0
176
     1
 62
    18
420
        0
176
     1
 90
       50
176
     1
 90
        3
176
     1
 62
     5
420
      255
176
     1
290
     0
176
     1
 90
       50
176
     1
 90
       50
176
     1
 90
       50
176
     1
290
     0
176
     1
 90
       50
176
     1
 62
   256
176
     0
 40
1.0
176
     0
 90
        2
176
     1
  1
strokes_ogs.tif
176
     1
290
     0
176
     1
 40
1.0
176
     1
 40
1.0
176
     1
  0
VISUALSTYLE
  5
42E
102
{ACAD_REACTORS
330
26A
102
}
330
26A
100
AcDbVisualStyle
  2
Conceptual
 70
     9
177
     3
291
     0
 70
    58
 90
        3
176
     1
 90
        2
176
     1
 90
        0
176
     1
 90
        0
176
     1
 40
0.6
176
     1
 40
30.0
176
     1
 62
     7
420
 16777215
176
     1
 90
        2
176
     1
 90
        2
176
     1
 62
     7
176
     1
 62
   257
176
     1
 90
        1
176
     1
 90
        1
176
     1
 40
179.0
176
     1
 90
        8
176
     1
 62
     7
176
     1
 40
1.0
176
     1
 90
        1
176
     1
 90
        6
176
     1
 90
        2
176
     1
 62
     7
176
     1
 90
        3
176
     1
 90
        0
176
     1
 90
        0
176
     1
290
     0
176
     1
 90
        1
176
     1
 40
0.0
176
     1
 90
        0
176
     1
290
     0
176
     1
290
     1
176
     1
290
     1
176
     1
290
     0
176
     1
290
     0
176
     1
290
     0
176
     1
290
     0
176
     1
290
     0
176
     1
290
     0
176
     1
 90
       50
176
     1
 40
0.0
176
     1
 40
1.0
176
     1
 90
        0
176
     1
 62
    18
420
        0
176
     1
 90
       50
176
     1
 90
        3
176
     1
 62
     5
420
      255
176
     1
290
     0
176
     1
 90
       50
176
     1
 90
       50
176
     1
 90
       50
176
     1
290
     0
176
     1
 90
       50
176
     1
 62
   256
176
     0
 40
1.0
176
     0
 90
        2
176
     1
  1
strokes_ogs.tif
176
     1
290
     0
176
     1
 40
1.0
176
     1
 40
1.0
176
     1
  0
VISUALSTYLE
  5
42F
102
{ACAD_REACTORS
330
26A
102
}
330
26A
100
AcDbVisualStyle
  2
Dim
 70
    11
177
     3
291
     1
 70
    58
 90
        2
176
     1
 90
        2
176
     1
 90
        0
176
     1
 90
        0
176
     1
 40
0.6
176
     1
 40
30.0
176
     1
 62
     7
420
 16777215
176
     1
 90
        1
176
     1
 90
        4
176
     1
 62
     7
176
     1
 62
   257
176
     1
 90
        1
176
     1
 90
        1
176
     1
 40
1.0
176
     1
 90
        8
176
     1
 62
     7
176
     1
 40
1.0
176
     1
 90
        1
176
     1
 90
        6
176
     1
 90
        2
176
     1
 62
     7
176
     1
 90
        5
176
     1
 90
        0
176
     1
 90
        0
176
     1
290
     0
176
     1
 90
        1
176
     1
 40
-50.0
176
     1
 90
        0
176
     1
290
     0
176
     1
290
     1
176
     1
290
     1
176
     1
290
     0
176
     1
290
     0
176
     1
290
     0
176
     1
290
     0
176
     1
290
     0
176
     1
290
     0
176
     1
 90
       50
176
     1
 40
0.0
176
     1
 40
1.0
176
     1
 90
        0
176
     1
 62
    18
420
        0
176
     1
 90
       50
176
     1
 90
        3
176
     1
 62
     5
420
      255
176
     1
290
     0
176
     1
 90
       50
176
     1
 90
       50
176
     1
 90
       50
176
     1
290
     0
176
     1
 90
       50
176
     1
 62
   256
176
     0
 40
1.0
176
     0
 90
        2
176
     1
  1
strokes_ogs.tif
176
     1
290
     0
176
     1
 40
1.0
176
     1
 40
1.0
176
     1
  0
VISUALSTYLE
  5
43C
102
{ACAD_REACTORS
330
26A
102
}
330
26A
100
AcDbVisualStyle
  2
EdgeColorOff
 70
    22
177
     3
291
     1
 70
    58
 90
        2
176
     0
 90
        2
176
     0
 90
        0
176
     0
 90
        0
176
     0
 40
0.6
176
     0
 40
30.0
176
     0
 62
     7
420
 16777215
176
     0
 90
        1
176
     0
 90
        4
176
     0
 62
     7
176
     0
 62
   257
176
     0
 90
        1
176
     0
 90
        1
176
     0
 40
1.0
176
     0
 90
        8
176
     2
 62
     7
176
     0
 40
1.0
176
     0
 90
        1
176
     0
 90
        6
176
     0
 90
        2
176
     0
 62
     7
176
     0
 90
        5
176
     0
 90
        0
176
     0
 90
        0
176
     0
290
     0
176
     0
 90
        1
176
     0
 40
0.0
176
     0
 90
        0
176
     0
290
     0
176
     0
290
     1
176
     0
290
     1
176
     0
290
     0
176
     0
290
     0
176
     0
290
     0
176
     0
290
     0
176
     0
290
     0
176
     0
290
     0
176
     0
 90
       50
176
     0
 40
0.0
176
     0
 40
1.0
176
     0
 90
        0
176
     0
 62
    18
420
        0
176
     0
 90
       50
176
     0
 90
        3
176
     0
 62
     5
420
      255
176
     0
290
     0
176
     0
 90
       50
176
     0
 90
       50
176
     0
 90
       50
176
     0
290
     0
176
     0
 90
       50
176
     0
 62
   256
176
     0
 40
1.0
176
     0
 90
        2
176
     0
  1
strokes_ogs.tif
176
     0
290
     0
176
     0
 40
1.0
176
     0
 40
1.0
176
     0
  0
VISUALSTYLE
  5
433
102
{ACAD_REACTORS
330
26A
102
}
330
26A
100
AcDbVisualStyle
  2
Facepattern
 70
    15
177
     3
291
     1
 70
    58
 90
        2
176
     1
 90
        2
176
     1
 90
        0
176
     1
 90
        0
176
     1
 40
0.6
176
     1
 40
30.0
176
     1
 62
     7
420
 16777215
176
     1
 90
        1
176
     1
 90
        4
176
     1
 62
     7
176
     1
 62
   257
176
     1
 90
        1
176
     1
 90
        1
176
     1
 40
1.0
176
     1
 90
        8
176
     1
 62
     7
176
     1
 40
1.0
176
     1
 90
        1
176
     1
 90
        6
176
     1
 90
        2
176
     1
 62
     7
176
     1
 90
        5
176
     1
 90
        0
176
     1
 90
        0
176
     1
290
     0
176
     1
 90
        1
176
     1
 40
0.0
176
     1
 90
        0
176
     1
290
     0
176
     1
290
     1
176
     1
290
     1
176
     1
290
     0
176
     1
290
     0
176
     1
290
     0
176
     1
290
     0
176
     1
290
     0
176
     1
290
     0
176
     1
 90
       50
176
     1
 40
0.0
176
     1
 40
1.0
176
     1
 90
        0
176
     1
 62
    18
420
        0
176
     1
 90
       50
176
     1
 90
        3
176
     1
 62
     5
420
      255
176
     1
290
     0
176
     1
 90
       50
176
     1
 90
       50
176
     1
 90
       50
176
     1
290
     0
176
     1
 90
       50
176
     1
 62
   256
176
     0
 40
1.0
176
     0
 90
        2
176
     1
  1
strokes_ogs.tif
176
     1
290
     0
176
     1
 40
1.0
176
     1
 40
1.0
176
     1
  0
VISUALSTYLE
  5
427
102
{ACAD_REACTORS
330
26A
102
}
330
26A
100
AcDbVisualStyle
  2
Flat
 70
     0
177
     3
291
     1
 70
    58
 90
        2
176
     1
 90
        1
176
     1
 90
        1
176
     1
 90
        2
176
     1
 40
0.6
176
     1
 40
30.0
176
     1
 62
     7
420
 16777215
176
     1
 90
        0
176
     1
 90
        0
176
     1
 62
     7
176
     1
 62
   257
176
     1
 90
        1
176
     1
 90
        1
176
     1
 40
1.0
176
     1
 90
        8
176
     1
 62
     7
176
     1
 40
1.0
176
     1
 90
        1
176
     1
 90
        6
176
     1
 90
        2
176
     1
 62
     7
176
     1
 90
        5
176
     1
 90
        0
176
     1
 90
        0
176
     1
290
     0
176
     1
 90
       13
176
     1
 40
0.0
176
     1
 90
        0
176
     1
290
     0
176
     1
290
     1
176
     1
290
     1
176
     1
290
     0
176
     1
290
     0
176
     1
290
     0
176
     1
290
     0
176
     1
290
     0
176
     1
290
     0
176
     1
 90
       50
176
     1
 40
0.0
176
     1
 40
1.0
176
     1
 90
        0
176
     1
 62
    18
420
        0
176
     1
 90
       50
176
     1
 90
        3
176
     1
 62
     5
420
      255
176
     1
290
     0
176
     1
 90
       50
176
     1
 90
       50
176
     1
 90
       50
176
     1
290
     0
176
     1
 90
       50
176
     1
 62
   256
176
     0
 40
1.0
176
     0
 90
        2
176
     1
  1
strokes_ogs.tif
176
     1
290
     0
176
     1
 40
1.0
176
     1
 40
1.0
176
     1
  0
VISUALSTYLE
  5
428
102
{ACAD_REACTORS
330
26A
102
}
330
26A
100
AcDbVisualStyle
  2
FlatWithEdges
 70
     1
177
     3
291
     1
 70
    58
 90
        2
176
     1
 90
        1
176
     1
 90
        1
176
     1
 90
        2
176
     1
 40
0.6
176
     1
 40
30.0
176
     1
 62
     7
420
 16777215
176
     1
 90
        1
176
     1
 90
        0
176
     1
 62
     7
176
     1
 62
   257
176
     1
 90
        1
176
     1
 90
        1
176
     1
 40
1.0
176
     1
 90
        0
176
     1
 62
   257
176
     1
 40
1.0
176
     1
 90
        1
176
     1
 90
        6
176
     1
 90
        2
176
     1
 62
     7
176
     1
 90
        5
176
     1
 90
        0
176
     1
 90
        0
176
     1
290
     0
176
     1
 90
       13
176
     1
 40
0.0
176
     1
 90
        0
176
     1
290
     0
176
     1
290
     1
176
     1
290
     1
176
     1
290
     0
176
     1
290
     0
176
     1
290
     0
176
     1
290
     0
176
     1
290
     0
176
     1
290
     0
176
     1
 90
       50
176
     1
 40
0.0
176
     1
 40
1.0
176
     1
 90
        0
176
     1
 62
    18
420
        0
176
     1
 90
       50
176
     1
 90
        3
176
     1
 62
     5
420
      255
176
     1
290
     0
176
     1
 90
       50
176
     1
 90
       50
176
     1
 90
       50
176
     1
290
     0
176
     1
 90
       50
176
     1
 62
   256
176
     0
 40
1.0
176
     0
 90
        2
176
     1
  1
strokes_ogs.tif
176
     1
290
     0
176
     1
 40
1.0
176
     1
 40
1.0
176
     1
  0
VISUALSTYLE
  5
429
102
{ACAD_REACTORS
330
26A
102
}
330
26A
100
AcDbVisualStyle
  2
Gouraud
 70
     2
177
     3
291
     1
 70
    58
 90
        2
176
     1
 90
        2
176
     1
 90
        1
176
     1
 90
        2
176
     1
 40
0.6
176
     1
 40
30.0
176
     1
 62
     7
420
 16777215
176
     1
 90
        0
176
     1
 90
        0
176
     1
 62
     7
176
     1
 62
   257
176
     1
 90
        1
176
     1
 90
        1
176
     1
 40
1.0
176
     1
 90
        0
176
     1
 62
     7
176
     1
 40
1.0
176
     1
 90
        1
176
     1
 90
        6
176
     1
 90
        2
176
     1
 62
     7
176
     1
 90
        5
176
     1
 90
        0
176
     1
 90
        0
176
     1
290
     0
176
     1
 90
       13
176
     1
 40
0.0
176
     1
 90
        0
176
     1
290
     0
176
     1
290
     1
176
     1
290
     1
176
     1
290
     0
176
     1
290
     0
176
     1
290
     0
176
     1
290
     0
176
     1
290
     0
176
     1
290
     0
176
     1
 90
       50
176
     1
 40
0.0
176
     1
 40
1.0
176
     1
 90
        0
176
     1
 62
    18
420
        0
176
     1
 90
       50
176
     1
 90
        3
176
     1
 62
     5
420
      255
176
     1
290
     0
176
     1
 90
       50
176
     1
 90
       50
176
     1
 90
       50
176
     1
290
     0
176
     1
 90
       50
176
     1
 62
   256
176
     0
 40
1.0
176
     0
 90
        2
176
     1
  1
strokes_ogs.tif
176
     1
290
     0
176
     1
 40
1.0
176
     1
 40
1.0
176
     1
  0
VISUALSTYLE
  5
42A
102
{ACAD_REACTORS
330
26A
102
}
330
26A
100
AcDbVisualStyle
  2
GouraudWithEdges
 70
     3
177
     3
291
     1
 70
    58
 90
        2
176
     1
 90
        2
176
     1
 90
        1
176
     1
 90
        2
176
     1
 40
0.6
176
     1
 40
30.0
176
     1
 62
     7
420
 16777215
176
     1
 90
        1
176
     1
 90
        0
176
     1
 62
     7
176
     1
 62
   257
176
     1
 90
        1
176
     1
 90
        1
176
     1
 40
1.0
176
     1
 90
        0
176
     1
 62
   257
176
     1
 40
1.0
176
     1
 90
        1
176
     1
 90
        6
176
     1
 90
        2
176
     1
 62
     7
176
     1
 90
        5
176
     1
 90
        0
176
     1
 90
        0
176
     1
290
     0
176
     1
 90
       13
176
     1
 40
0.0
176
     1
 90
        0
176
     1
290
     0
176
     1
290
     1
176
     1
290
     1
176
     1
290
     0
176
     1
290
     0
176
     1
290
     0
176
     1
290
     0
176
     1
290
     0
176
     1
290
     0
176
     1
 90
       50
176
     1
 40
0.0
176
     1
 40
1.0
176
     1
 90
        0
176
     1
 62
    18
420
        0
176
     1
 90
       50
176
     1
 90
        3
176
     1
 62
     5
420
      255
176
     1
290
     0
176
     1
 90
       50
176
     1
 90
       50
176
     1
 90
       50
176
     1
290
     0
176
     1
 90
       50
176
     1
 62
   256
176
     0
 40
1.0
176
     0
 90
        2
176
     1
  1
strokes_ogs.tif
176
     1
290
     0
176
     1
 40
1.0
176
     1
 40
1.0
176
     1
  0
VISUALSTYLE
  5
42D
102
{ACAD_REACTORS
330
26A
102
}
330
26A
100
AcDbVisualStyle
  2
Hidden
 70
     6
177
     3
291
     0
 70
    58
 90
        1
176
     1
 90
        2
176
     1
 90
        2
176
     1
 90
        0
176
     1
 40
0.6
176
     1
 40
30.0
176
     1
 62
     7
420
 16777215
176
     1
 90
        2
176
     1
 90
        2
176
     1
 62
     7
176
     1
 62
   257
176
     1
 90
        2
176
     1
 90
        1
176
     1
 40
40.0
176
     1
 90
        0
176
     1
 62
   257
176
     1
 40
1.0
176
     1
 90
        1
176
     1
 90
        6
176
     1
 90
        2
176
     1
 62
     7
176
     1
 90
        3
176
     1
 90
        0
176
     1
 90
        0
176
     1
290
     0
176
     1
 90
        1
176
     1
 40
0.0
176
     1
 90
        0
176
     1
290
     0
176
     1
290
     1
176
     1
290
     1
176
     1
290
     0
176
     1
290
     0
176
     1
290
     0
176
     1
290
     0
176
     1
290
     0
176
     1
290
     0
176
     1
 90
       50
176
     1
 40
0.0
176
     1
 40
1.0
176
     1
 90
        0
176
     1
 62
    18
420
        0
176
     1
 90
       50
176
     1
 90
        3
176
     1
 62
     5
420
      255
176
     1
290
     0
176
     1
 90
       50
176
     1
 90
       50
176
     1
 90
       50
176
     1
290
     0
176
     1
 90
       50
176
     1
 62
   256
176
     0
 40
1.0
176
     0
 90
        2
176
     1
  1
strokes_ogs.tif
176
     1
290
     0
176
     1
 40
1.0
176
     1
 40
1.0
176
     1
  0
VISUALSTYLE
  5
43A
102
{ACAD_REACTORS
330
26A
102
}
330
26A
100
AcDbVisualStyle
  2
JitterOff
 70
    20
177
     3
291
     1
 70
    58
 90
        2
176
     0
 90
        2
176
     0
 90
        0
176
     0
 90
        0
176
     0
 40
0.6
176
     0
 40
30.0
176
     0
 62
     7
420
 16777215
176
     0
 90
        1
176
     0
 90
        4
176
     0
 62
     7
176
     0
 62
   257
176
     0
 90
        1
176
     0
 90
        1
176
     0
 40
1.0
176
     0
 90
       10
176
     2
 62
     7
176
     0
 40
1.0
176
     0
 90
        1
176
     0
 90
        6
176
     0
 90
        2
176
     0
 62
     7
176
     0
 90
        5
176
     0
 90
        0
176
     0
 90
        0
176
     0
290
     0
176
     0
 90
        1
176
     0
 40
0.0
176
     0
 90
        0
176
     0
290
     0
176
     0
290
     1
176
     0
290
     1
176
     0
290
     0
176
     0
290
     0
176
     0
290
     0
176
     0
290
     0
176
     0
290
     0
176
     0
290
     0
176
     0
 90
       50
176
     0
 40
0.0
176
     0
 40
1.0
176
     0
 90
        0
176
     0
 62
    18
420
        0
176
     0
 90
       50
176
     0
 90
        3
176
     0
 62
     5
420
      255
176
     0
290
     0
176
     0
 90
       50
176
     0
 90
       50
176
     0
 90
       50
176
     0
290
     0
176
     0
 90
       50
176
     0
 62
   256
176
     0
 40
1.0
176
     0
 90
        2
176
     0
  1
strokes_ogs.tif
176
     0
290
     0
176
     0
 40
1.0
176
     0
 40
1.0
176
     0
  0
VISUALSTYLE
  5
432
102
{ACAD_REACTORS
330
26A
102
}
330
26A
100
AcDbVisualStyle
  2
Linepattern
 70
    14
177
     3
291
     1
 70
    58
 90
        2
176
     1
 90
        2
176
     1
 90
        0
176
     1
 90
        0
176
     1
 40
0.6
176
     1
 40
30.0
176
     1
 62
     7
420
 16777215
176
     1
 90
        1
176
     1
 90
        4
176
     1
 62
     7
176
     1
 62
   257
176
     1
 90
        7
176
     1
 90
        7
176
     1
 40
1.0
176
     1
 90
        8
176
     1
 62
     7
176
     1
 40
1.0
176
     1
 90
        1
176
     1
 90
        6
176
     1
 90
        2
176
     1
 62
     7
176
     1
 90
        5
176
     1
 90
        0
176
     1
 90
        0
176
     1
290
     0
176
     1
 90
        1
176
     1
 40
0.0
176
     1
 90
        0
176
     1
290
     0
176
     1
290
     1
176
     1
290
     1
176
     1
290
     0
176
     1
290
     0
176
     1
290
     0
176
     1
290
     0
176
     1
290
     0
176
     1
290
     0
176
     1
 90
       50
176
     1
 40
0.0
176
     1
 40
1.0
176
     1
 90
        0
176
     1
 62
    18
420
        0
176
     1
 90
       50
176
     1
 90
        3
176
     1
 62
     5
420
      255
176
     1
290
     0
176
     1
 90
       50
176
     1
 90
       50
176
     1
 90
       50
176
     1
290
     0
176
     1
 90
       50
176
     1
 62
   256
176
     0
 40
1.0
176
     0
 90
        2
176
     1
  1
strokes_ogs.tif
176
     1
290
     0
176
     1
 40
1.0
176
     1
 40
1.0
176
     1
  0
VISUALSTYLE
  5
43B
102
{ACAD_REACTORS
330
26A
102
}
330
26A
100
AcDbVisualStyle
  2
OverhangOff
 70
    21
177
     3
291
     1
 70
    58
 90
        2
176
     0
 90
        2
176
     0
 90
        0
176
     0
 90
        0
176
     0
 40
0.6
176
     0
 40
30.0
176
     0
 62
     7
420
 16777215
176
     0
 90
        1
176
     0
 90
        4
176
     0
 62
     7
176
     0
 62
   257
176
     0
 90
        1
176
     0
 90
        1
176
     0
 40
1.0
176
     0
 90
        9
176
     2
 62
     7
176
     0
 40
1.0
176
     0
 90
        1
176
     0
 90
        6
176
     0
 90
        2
176
     0
 62
     7
176
     0
 90
        5
176
     0
 90
        0
176
     0
 90
        0
176
     0
290
     0
176
     0
 90
        1
176
     0
 40
0.0
176
     0
 90
        0
176
     0
290
     0
176
     0
290
     1
176
     0
290
     1
176
     0
290
     0
176
     0
290
     0
176
     0
290
     0
176
     0
290
     0
176
     0
290
     0
176
     0
290
     0
176
     0
 90
       50
176
     0
 40
0.0
176
     0
 40
1.0
176
     0
 90
        0
176
     0
 62
    18
420
        0
176
     0
 90
       50
176
     0
 90
        3
176
     0
 62
     5
420
      255
176
     0
290
     0
176
     0
 90
       50
176
     0
 90
       50
176
     0
 90
       50
176
     0
290
     0
176
     0
 90
       50
176
     0
 62
   256
176
     0
 40
1.0
176
     0
 90
        2
176
     0
  1
strokes_ogs.tif
176
     0
290
     0
176
     0
 40
1.0
176
     0
 40
1.0
176
     0
  0
VISUALSTYLE
  5
28A
102
{ACAD_REACTORS
330
26A
102
}
330
26A
100
AcDbVisualStyle
  2
Realistic
 70
     8
177
     3
291
     0
 70
    58
 90
        2
176
     1
 90
        2
176
     1
 90
        1
176
     1
 90
        0
176
     1
 40
0.6
176
     1
 40
30.0
176
     1
 62
     7
420
 16777215
176
     1
 90
        1
176
     1
 90
        0
176
     1
 62
     7
176
     1
 62
   257
176
     1
 90
        1
176
     1
 90
        1
176
     1
 40
1.0
176
     1
 90
        8
176
     1
 62
     8
420
  7895160
176
     1
 40
1.0
176
     1
 90
        1
176
     1
 90
        6
176
     1
 90
        2
176
     1
 62
     7
176
     1
 90
        5
176
     1
 90
        0
176
     1
 90
        0
176
     1
290
     0
176
     1
 90
       13
176
     1
 40
0.0
176
     1
 90
        0
176
     1
290
     0
176
     1
290
     1
176
     1
290
     1
176
     1
290
     0
176
     1
290
     0
176
     1
290
     0
176
     1
290
     0
176
     1
290
     0
176
     1
290
     0
176
     1
 90
       50
176
     1
 40
0.0
176
     1
 40
1.0
176
     1
 90
        0
176
     1
 62
    18
420
        0
176
     1
 90
       50
176
     1
 90
        3
176
     1
 62
     5
420
      255
176
     1
290
     0
176
     1
 90
       50
176
     1
 90
       50
176
     1
 90
       50
176
     1
290
     0
176
     1
 90
       50
176
     1
 62
   256
176
     0
 40
1.0
176
     0
 90
        2
176
     1
  1
strokes_ogs.tif
176
     1
290
     0
176
     1
 40
1.0
176
     1
 40
1.0
176
     1
  0
VISUALSTYLE
  5
439
102
{ACAD_REACTORS
330
26A
102
}
330
26A
100
AcDbVisualStyle
  2
Shaded
 70
    27
177
     3
291
     0
 70
    58
 90
        2
176
     1
 90
        2
176
     1
 90
        1
176
     1
 90
        2
176
     1
 40
0.6
176
     1
 40
30.0
176
     1
 62
     7
420
 16777215
176
     1
 90
        0
176
     1
 90
        4
176
     1
 62
     7
176
     1
 62
   257
176
     1
 90
        1
176
     1
 90
        1
176
     1
 40
1.0
176
     1
 90
        8
176
     1
 62
   257
176
     1
 40
1.0
176
     1
 90
        1
176
     1
 90
        6
176
     1
 90
        2
176
     1
 62
     8
420
  7895160
176
     1
 90
        3
176
     1
 90
        0
176
     1
 90
        0
176
     1
290
     0
176
     1
 90
        5
176
     1
 40
0.0
176
     1
 90
        0
176
     1
290
     0
176
     1
290
     1
176
     1
290
     1
176
     1
290
     0
176
     1
290
     0
176
     1
290
     0
176
     1
290
     0
176
     1
290
     0
176
     1
290
     0
176
     1
 90
       50
176
     1
 40
0.0
176
     1
 40
1.0
176
     1
 90
        0
176
     1
 62
    18
420
        0
176
     1
 90
       50
176
     1
 90
        3
176
     1
 62
     5
420
      255
176
     1
290
     0
176
     1
 90
       50
176
     1
 90
       50
176
     1
 90
       50
176
     1
290
     0
176
     1
 90
       50
176
     1
 62
   256
176
     0
 40
1.0
176
     0
 90
        2
176
     1
  1
strokes_ogs.tif
176
     1
290
     0
176
     1
 40
1.0
176
     1
 40
1.0
176
     1
  0
VISUALSTYLE
  5
438
102
{ACAD_REACTORS
330
26A
102
}
330
26A
100
AcDbVisualStyle
  2
Shaded with edges
 70
    26
177
     3
291
     0
 70
    58
 90
        2
176
     1
 90
        2
176
     1
 90
        1
176
     1
 90
        2
176
     1
 40
0.6
176
     1
 40
30.0
176
     1
 62
     7
420
 16777215
176
     1
 90
        1
176
     1
 90
        2
176
     1
 62
     7
176
     1
 62
   257
176
     1
 90
        2
176
     1
 90
        1
176
     1
 40
1.0
176
     1
 90
        8
176
     1
 62
   257
176
     1
 40
1.0
176
     1
 90
        1
176
     1
 90
        6
176
     1
 90
        2
176
     1
 62
     7
176
     1
 90
        3
176
     1
 90
        0
176
     1
 90
        0
176
     1
290
     0
176
     1
 90
        5
176
     1
 40
0.0
176
     1
 90
        0
176
     1
290
     0
176
     1
290
     1
176
     1
290
     1
176
     1
290
     0
176
     1
290
     0
176
     1
290
     0
176
     1
290
     0
176
     1
290
     0
176
     1
290
     0
176
     1
 90
       50
176
     1
 40
0.0
176
     1
 40
1.0
176
     1
 90
        0
176
     1
 62
    18
420
        0
176
     1
 90
       50
176
     1
 90
        3
176
     1
 62
     5
420
      255
176
     1
290
     0
176
     1
 90
       50
176
     1
 90
       50
176
     1
 90
       50
176
     1
290
     0
176
     1
 90
       50
176
     1
 62
   256
176
     0
 40
1.0
176
     0
 90
        2
176
     1
  1
strokes_ogs.tif
176
     1
290
     0
176
     1
 40
1.0
176
     1
 40
1.0
176
     1
  0
VISUALSTYLE
  5
435
102
{ACAD_REACTORS
330
26A
102
}
330
26A
100
AcDbVisualStyle
  2
Shades of Gray
 70
    23
177
     3
291
     0
 70
    58
 90
        2
176
     1
 90
        2
176
     1
 90
        3
176
     1
 90
        0
176
     1
 40
0.6
176
     1
 40
30.0
176
     1
 62
     7
420
 16777215
176
     1
 90
        2
176
     1
 90
        2
176
     1
 62
     7
176
     1
 62
     7
176
     1
 90
        1
176
     1
 90
        1
176
     1
 40
40.0
176
     1
 90
        8
176
     1
 62
     7
176
     1
 40
1.0
176
     1
 90
        1
176
     1
 90
        6
176
     1
 90
        2
176
     1
 62
     7
176
     1
 90
        3
176
     1
 90
        0
176
     1
 90
        0
176
     1
290
     0
176
     1
 90
        1
176
     1
 40
0.0
176
     1
 90
        0
176
     1
290
     0
176
     1
290
     1
176
     1
290
     1
176
     1
290
     0
176
     1
290
     0
176
     1
290
     0
176
     1
290
     0
176
     1
290
     0
176
     1
290
     0
176
     1
 90
       50
176
     1
 40
0.0
176
     1
 40
1.0
176
     1
 90
        0
176
     1
 62
    18
420
        0
176
     1
 90
       50
176
     1
 90
        3
176
     1
 62
     5
420
      255
176
     1
290
     0
176
     1
 90
       50
176
     1
 90
       50
176
     1
 90
       50
176
     1
290
     0
176
     1
 90
       50
176
     1
 62
   256
176
     0
 40
1.0
176
     0
 90
        2
176
     1
  1
strokes_ogs.tif
176
     1
290
     0
176
     1
 40
1.0
176
     1
 40
1.0
176
     1
  0
VISUALSTYLE
  5
436
102
{ACAD_REACTORS
330
26A
102
}
330
26A
100
AcDbVisualStyle
  2
Sketchy
 70
    24
177
     3
291
     0
 70
    58
 90
        1
176
     1
 90
        2
176
     1
 90
        2
176
     1
 90
        0
176
     1
 40
0.6
176
     1
 40
30.0
176
     1
 62
     7
420
 16777215
176
     1
 90
        2
176
     1
 90
        2
176
     1
 62
     7
176
     1
 62
     7
176
     1
 90
        1
176
     1
 90
        1
176
     1
 40
40.0
176
     1
 90
       11
176
     1
 62
     7
176
     1
 40
1.0
176
     1
 90
        1
176
     1
 90
        6
176
     1
 90
        2
176
     1
 62
     7
176
     1
 90
        6
176
     1
 90
        0
176
     1
 90
        0
176
     1
290
     0
176
     1
 90
        1
176
     1
 40
0.0
176
     1
 90
        0
176
     1
290
     0
176
     1
290
     1
176
     1
290
     1
176
     1
290
     0
176
     1
290
     0
176
     1
290
     0
176
     1
290
     0
176
     1
290
     0
176
     1
290
     0
176
     1
 90
       50
176
     1
 40
0.0
176
     1
 40
1.0
176
     1
 90
        0
176
     1
 62
    18
420
        0
176
     1
 90
       50
176
     1
 90
        3
176
     1
 62
     5
420
      255
176
     1
290
     0
176
     1
 90
       50
176
     1
 90
       50
176
     1
 90
       50
176
     1
290
     0
176
     1
 90
       50
176
     1
 62
   256
176
     0
 40
1.0
176
     0
 90
        2
176
     1
  1
strokes_ogs.tif
176
     1
290
     0
176
     1
 40
1.0
176
     1
 40
1.0
176
     1
  0
VISUALSTYLE
  5
431
102
{ACAD_REACTORS
330
26A
102
}
330
26A
100
AcDbVisualStyle
  2
Thicken
 70
    13
177
     3
291
     1
 70
    58
 90
        2
176
     1
 90
        2
176
     1
 90
        0
176
     1
 90
        0
176
     1
 40
0.6
176
     1
 40
30.0
176
     1
 62
     7
420
 16777215
176
     1
 90
        1
176
     1
 90
        4
176
     1
 62
     7
176
     1
 62
   257
176
     1
 90
        1
176
     1
 90
        1
176
     1
 40
1.0
176
     1
 90
       12
176
     1
 62
     7
176
     1
 40
1.0
176
     1
 90
        1
176
     1
 90
        6
176
     1
 90
        2
176
     1
 62
     7
176
     1
 90
        5
176
     1
 90
        0
176
     1
 90
        0
176
     1
290
     0
176
     1
 90
        1
176
     1
 40
0.0
176
     1
 90
        0
176
     1
290
     0
176
     1
290
     1
176
     1
290
     1
176
     1
290
     0
176
     1
290
     0
176
     1
290
     0
176
     1
290
     0
176
     1
290
     0
176
     1
290
     0
176
     1
 90
       50
176
     1
 40
0.0
176
     1
 40
1.0
176
     1
 90
        0
176
     1
 62
    18
420
        0
176
     1
 90
       50
176
     1
 90
        3
176
     1
 62
     5
420
      255
176
     1
290
     0
176
     1
 90
       50
176
     1
 90
       50
176
     1
 90
       50
176
     1
290
     0
176
     1
 90
       50
176
     1
 62
   256
176
     0
 40
1.0
176
     0
 90
        2
176
     1
  1
strokes_ogs.tif
176
     1
290
     0
176
     1
 40
1.0
176
     1
 40
1.0
176
     1
  0
VISUALSTYLE
  5
42C
102
{ACAD_REACTORS
330
26A
102
}
330
26A
100
AcDbVisualStyle
  2
Wireframe
 70
     5
177
     3
291
     0
 70
    58
 90
        0
176
     1
 90
        2
176
     1
 90
        0
176
     1
 90
        0
176
     1
 40
0.6
176
     1
 40
30.0
176
     1
 62
     7
420
 16777215
176
     1
 90
        1
176
     1
 90
        4
176
     1
 62
     7
176
     1
 62
   257
176
     1
 90
        1
176
     1
 90
        1
176
     1
 40
1.0
176
     1
 90
        0
176
     1
 62
   257
176
     1
 40
1.0
176
     1
 90
        1
176
     1
 90
        6
176
     1
 90
        2
176
     1
 62
     7
176
     1
 90
        3
176
     1
 90
        0
176
     1
 90
        0
176
     1
290
     0
176
     1
 90
        1
176
     1
 40
0.0
176
     1
 90
        0
176
     1
290
     0
176
     1
290
     1
176
     1
290
     1
176
     1
290
     0
176
     1
290
     0
176
     1
290
     0
176
     1
290
     0
176
     1
290
     0
176
     1
290
     0
176
     1
 90
       50
176
     1
 40
0.0
176
     1
 40
1.0
176
     1
 90
        0
176
     1
 62
    18
420
        0
176
     1
 90
       50
176
     1
 90
        3
176
     1
 62
     5
420
      255
176
     1
290
     0
176
     1
 90
       50
176
     1
 90
       50
176
     1
 90
       50
176
     1
290
     0
176
     1
 90
       50
176
     1
 62
   256
176
     0
 40
1.0
176
     0
 90
        2
176
     1
  1
strokes_ogs.tif
176
     1
290
     0
176
     1
 40
1.0
176
     1
 40
1.0
176
     1
  0
VISUALSTYLE
  5
437
102
{ACAD_REACTORS
330
26A
102
}
330
26A
100
AcDbVisualStyle
  2
X-Ray
 70
    25
177
     3
291
     0
 70
    58
 90
        2
176
     1
 90
        2
176
     1
 90
        1
176
     1
 90
        1
176
     1
 40
0.5
176
     1
 40
30.0
176
     1
 62
     7
420
 16777215
176
     1
 90
        1
176
     1
 90
        0
176
     1
 62
     7
176
     1
 62
   257
176
     1
 90
        1
176
     1
 90
        1
176
     1
 40
1.0
176
     1
 90
        8
176
     1
 62
     7
176
     1
 40
1.0
176
     1
 90
        1
176
     1
 90
        6
176
     1
 90
        2
176
     1
 62
     7
176
     1
 90
        3
176
     1
 90
        0
176
     1
 90
        0
176
     1
290
     0
176
     1
 90
       13
176
     1
 40
0.0
176
     1
 90
        0
176
     1
290
     0
176
     1
290
     1
176
     1
290
     1
176
     1
290
     0
176
     1
290
     0
176
     1
290
     0
176
     1
290
     0
176
     1
290
     0
176
     1
290
     0
176
     1
 90
       50
176
     1
 40
0.0
176
     1
 40
1.0
176
     1
 90
        0
176
     1
 62
    18
420
        0
176
     1
 90
       50
176
     1
 90
        3
176
     1
 62
     5
420
      255
176
     1
290
     0
176
     1
 90
       50
176
     1
 90
       50
176
     1
 90
       50
176
     1
290
     0
176
     1
 90
       50
176
     1
 62
   256
176
     0
 40
1.0
176
     0
 90
        2
176
     1
  1
strokes_ogs.tif
176
     1
290
     0
176
     1
 40
1.0
176
     1
 40
1.0
176
     1
  0
DICTIONARYVAR
  5
27A
102
{ACAD_REACTORS
330
279
102
}
330
279
100
DictionaryVariables
280
     0
  1
1
  0
DICTIONARYVAR
  5
27B
102
{ACAD_REACTORS
330
279
102
}
330
279
100
DictionaryVariables
280
     0
  1
1:1
  0
DICTIONARYVAR
  5
27C
102
{ACAD_REACTORS
330
279
102
}
330
279
100
DictionaryVariables
280
     0
  1
STANDARD
  0
DICTIONARYVAR
  5
27D
102
{ACAD_REACTORS
330
279
102
}
330
279
100
DictionaryVariables
280
     0
  1
STANDARD
  0
DICTIONARYVAR
  5
27E
102
{ACAD_REACTORS
330
279
102
}
330
279
100
DictionaryVariables
280
     0
  1
Imperial24
  0
DICTIONARYVAR
  5
27F
102
{ACAD_REACTORS
330
279
102
}
330
279
100
DictionaryVariables
280
     0
  1
Imperial24
  0
DICTIONARYVAR
  5
280
102
{ACAD_REACTORS
330
279
102
}
330
279
100
DictionaryVariables
280
     0
  1
2
  0
DICTIONARYVAR
  5
281
102
{ACAD_REACTORS
330
279
102
}
330
279
100
DictionaryVariables
280
     0
  1
1
  0
DICTIONARYVAR
  5
282
102
{ACAD_REACTORS
330
279
102
}
330
279
100
DictionaryVariables
280
     0
  1
1
  0
DICTIONARYVAR
  5
283
102
{ACAD_REACTORS
330
279
102
}
330
279
100
DictionaryVariables
280
     0
  1
15
  0
DICTIONARYVAR
  5
284
102
{ACAD_REACTORS
330
279
102
}
330
279
100
DictionaryVariables
280
     0
  1
0
  0
DICTIONARYVAR
  5
285
102
{ACAD_REACTORS
330
279
102
}
330
279
100
DictionaryVariables
280
     0
  1
0
  0
DICTIONARYVAR
  5
425
102
{ACAD_REACTORS
330
279
102
}
330
279
100
DictionaryVariables
280
     0
  1
1
  0
DICTIONARYVAR
  5
286
102
{ACAD_REACTORS
330
279
102
}
330
279
100
DictionaryVariables
280
     0
  1
0
  0
DICTIONARY
  5
418
330
24F
100
AcDbDictionary
280
     1
281
     1
  0
DICTIONARY
  5
289
330
288
100
AcDbDictionary
280
     1
281
     1
  3
ACAD_ROUNDTRIP_2008_TABLESTYLE_CELLSTYLEMAP
360
456
  0
CELLSTYLEMAP
  5
456
102
{ACAD_REACTORS
330
289
102
}
330
289
100
AcDbCellStyleMap
 90
        3
300
CELLSTYLE
  1
TABLEFORMAT_BEGIN
 90
        5
170
     1
 91
        0
 92
    32768
 62
   257
 93
        1
300
CONTENTFORMAT
  1
CONTENTFORMAT_BEGIN
 90
        0
 91
        0
 92
      512
 93
        0
300

 40
0.0
140
1.0
 94
        5
 62
     0
340
260
144
0.25
309
CONTENTFORMAT_END
171
     0
 94
        6
 95
        1
302
GRIDFORMAT
  1
GRIDFORMAT_BEGIN
 90
        0
 91
        1
 62
     0
 92
       -2
340
0
 93
        0
 40
0.05
309
GRIDFORMAT_END
 95
        2
302
GRIDFORMAT
  1
GRIDFORMAT_BEGIN
 90
        0
 91
        1
 62
     0
 92
       -2
340
0
 93
        0
 40
0.05
309
GRIDFORMAT_END
 95
        4
302
GRIDFORMAT
  1
GRIDFORMAT_BEGIN
 90
        0
 91
        1
 62
     0
 92
       -2
340
0
 93
        0
 40
0.05
309
GRIDFORMAT_END
 95
        8
302
GRIDFORMAT
  1
GRIDFORMAT_BEGIN
 90
        0
 91
        1
 62
     0
 92
       -2
340
0
 93
        0
 40
0.05
309
GRIDFORMAT_END
 95
       16
302
GRIDFORMAT
  1
GRIDFORMAT_BEGIN
 90
        0
 91
        1
 62
     0
 92
       -2
340
0
 93
        0
 40
0.05
309
GRIDFORMAT_END
 95
       32
302
GRIDFORMAT
  1
GRIDFORMAT_BEGIN
 90
        0
 91
        1
 62
     0
 92
       -2
340
0
 93
        0
 40
0.05
309
GRIDFORMAT_END
309
TABLEFORMAT_END
  1
CELLSTYLE_BEGIN
 90
        1
 91
        1
300
_TITLE
309
CELLSTYLE_END
300
CELLSTYLE
  1
TABLEFORMAT_BEGIN
 90
        5
170
     1
 91
        0
 92
        0
 62
   257
 93
        1
300
CONTENTFORMAT
  1
CONTENTFORMAT_BEGIN
 90
        0
 91
        0
 92
      512
 93
        0
300

 40
0.0
140
1.0
 94
        5
 62
     0
340
260
144
0.18
309
CONTENTFORMAT_END
171
     0
 94
        6
 95
        1
302
GRIDFORMAT
  1
GRIDFORMAT_BEGIN
 90
        0
 91
        1
 62
     0
 92
       -2
340
0
 93
        0
 40
0.05
309
GRIDFORMAT_END
 95
        2
302
GRIDFORMAT
  1
GRIDFORMAT_BEGIN
 90
        0
 91
        1
 62
     0
 92
       -2
340
0
 93
        0
 40
0.05
309
GRIDFORMAT_END
 95
        4
302
GRIDFORMAT
  1
GRIDFORMAT_BEGIN
 90
        0
 91
        1
 62
     0
 92
       -2
340
0
 93
        0
 40
0.05
309
GRIDFORMAT_END
 95
        8
302
GRIDFORMAT
  1
GRIDFORMAT_BEGIN
 90
        0
 91
        1
 62
     0
 92
       -2
340
0
 93
        0
 40
0.05
309
GRIDFORMAT_END
 95
       16
302
GRIDFORMAT
  1
GRIDFORMAT_BEGIN
 90
        0
 91
        1
 62
     0
 92
       -2
340
0
 93
        0
 40
0.05
309
GRIDFORMAT_END
 95
       32
302
GRIDFORMAT
  1
GRIDFORMAT_BEGIN
 90
        0
 91
        1
 62
     0
 92
       -2
340
0
 93
        0
 40
0.05
309
GRIDFORMAT_END
309
TABLEFORMAT_END
  1
CELLSTYLE_BEGIN
 90
        2
 91
        1
300
_HEADER
309
CELLSTYLE_END
300
CELLSTYLE
  1
TABLEFORMAT_BEGIN
 90
        5
170
     1
 91
        0
 92
        0
 62
   257
 93
        1
300
CONTENTFORMAT
  1
CONTENTFORMAT_BEGIN
 90
        0
 91
        0
 92
      512
 93
        0
300

 40
0.0
140
1.0
 94
        2
 62
     0
340
260
144
0.18
309
CONTENTFORMAT_END
171
     0
 94
        6
 95
        1
302
GRIDFORMAT
  1
GRIDFORMAT_BEGIN
 90
        0
 91
        1
 62
     0
 92
       -2
340
0
 93
        0
 40
0.05
309
GRIDFORMAT_END
 95
        2
302
GRIDFORMAT
  1
GRIDFORMAT_BEGIN
 90
        0
 91
        1
 62
     0
 92
       -2
340
0
 93
        0
 40
0.05
309
GRIDFORMAT_END
 95
        4
302
GRIDFORMAT
  1
GRIDFORMAT_BEGIN
 90
        0
 91
        1
 62
     0
 92
       -2
340
0
 93
        0
 40
0.05
309
GRIDFORMAT_END
 95
        8
302
GRIDFORMAT
  1
GRIDFORMAT_BEGIN
 90
        0
 91
        1
 62
     0
 92
       -2
340
0
 93
        0
 40
0.05
309
GRIDFORMAT_END
 95
       16
302
GRIDFORMAT
  1
GRIDFORMAT_BEGIN
 90
        0
 91
        1
 62
     0
 92
       -2
340
0
 93
        0
 40
0.05
309
GRIDFORMAT_END
 95
       32
302
GRIDFORMAT
  1
GRIDFORMAT_BEGIN
 90
        0
 91
        1
 62
     0
 92
       -2
340
0
 93
        0
 40
0.05
309
GRIDFORMAT_END
309
TABLEFORMAT_END
  1
CELLSTYLE_BEGIN
 90
        3
 91
        2
300
_DATA
309
CELLSTYLE_END
  0
ENDSEC
  0
SECTION
  2
ACDSDATA
 70
     2
 71
     8
  0
ACDSSCHEMA
 90
        0
  1
AcDb_Thumbnail_Schema
  2
AcDbDs::ID
280
    10
 91
        8
  2
Thumbnail_Data
280
    15
 91
        0
101
ACDSRECORD
 95
        0
 90
        1
  2
AcDbDs::TreatedAsObjectData
280
     1
291
     1
101
ACDSRECORD
 95
        0
 90
        2
  2
AcDbDs::Legacy
280
     1
291
     1
101
ACDSRECORD
  1
AcDbDs::ID
 90
        3
  2
AcDs:Indexable
280
     1
291
     1
101
ACDSRECORD
  1
AcDbDs::ID
 90
        4
  2
AcDbDs::HandleAttribute
280
     7
282
     1
  0
ACDSSCHEMA
 90
        1
  1
AcDbDs::TreatedAsObjectDataSchema
  2
AcDbDs::TreatedAsObjectData
280
     1
 91
        0
  0
ACDSSCHEMA
 90
        2
  1
AcDbDs::LegacySchema
  2
AcDbDs::Legacy
280
     1
 91
        0
  0
ACDSSCHEMA
 90
        3
  1
AcDbDs::IndexedPropertySchema
  2
AcDs:Indexable
280
     1
 91
        0
  0
ACDSSCHEMA
 90
        4
  1
AcDbDs::HandleAttributeSchema
  2
AcDbDs::HandleAttribute
280
     7
 91
        1
284
     1
  0
ACDSRECORD
 90
        0
  2
AcDbDs::ID
280
    10
320
24F
  2
Thumbnail_Data
280
    15
 94
     3167
310
89504E470D0A1A0A0000000D4948445200000163000001000803000000517CE72700000300504C5445000000FFFFFF0000000000000000000000000000000000000000000000000000000000330000660000990000CC0000FF0033000033330033660033990033CC0033FF0066000066330066660066990066CC0066FF0099
310
000099330099660099990099CC0099FF00CC0000CC3300CC6600CC9900CCCC00CCFF00FF0000FF3300FF6600FF9900FFCC00FFFF3300003300333300663300993300CC3300FF3333003333333333663333993333CC3333FF3366003366333366663366993366CC3366FF3399003399333399663399993399CC3399FF33CC00
310
33CC3333CC6633CC9933CCCC33CCFF33FF0033FF3333FF6633FF9933FFCC33FFFF6600006600336600666600996600CC6600FF6633006633336633666633996633CC6633FF6666006666336666666666996666CC6666FF6699006699336699666699996699CC6699FF66CC0066CC3366CC6666CC9966CCCC66CCFF66FF0066
310
FF3366FF6666FF9966FFCC66FFFF9900009900339900669900999900CC9900FF9933009933339933669933999933CC9933FF9966009966339966669966999966CC9966FF9999009999339999669999999999CC9999FF99CC0099CC3399CC6699CC9999CCCC99CCFF99FF0099FF3399FF6699FF9999FFCC99FFFFCC0000CC00
310
33CC0066CC0099CC00CCCC00FFCC3300CC3333CC3366CC3399CC33CCCC33FFCC6600CC6633CC6666CC6699CC66CCCC66FFCC9900CC9933CC9966CC9999CC99CCCC99FFCCCC00CCCC33CCCC66CCCC99CCCCCCCCCCFFCCFF00CCFF33CCFF66CCFF99CCFFCCCCFFFFFF0000FF0033FF0066FF0099FF00CCFF00FFFF3300FF3333
310
FF3366FF3399FF33CCFF33FFFF6600FF6633FF6666FF6699FF66CCFF66FFFF9900FF9933FF9966FF9999FF99CCFF99FFFFCC00FFCC33FFCC66FFCC99FFCCCCFFCCFFFFFF00FFFF33FFFF66FFFF99FFFFCCFFFFFF0000000D0D0D1A1A1A2828283535354343435050505D5D5D6B6B6B787878868686939393A1A1A1AEAEAEBB
310
BBBBC9C9C9D6D6D6E4E4E4F1F1F1FFFFFF0000000000000000000000000000000000000000000000000000000000003AE5ACE90000091A4944415478DAED9D4D82A4200C85731C36DC7FE799DC64DFD5FE8206495414F5BDC54C4F4F8AA2BE8A2120062208822008822008822008822008822008822008BA46CEB942C6059A
310
D6B668EB6771C4C4E40CC6ACEFBC6353D3946FFAD7E2AFCDB3FB790162262D89FFEF43DF79F76B98F54D53FE1BD176B6EB27B97A18139316F27FDF0DD83A6375D30A7E831B6BDDDD558358CFB833B651637DD379E3EE2B567CC79DBBD7C378871F53193FE6CEF7B27EACBA8EBA77E6CA18EBE331DF1A8F59371E747654D1A0
310
67A0F68F4D35AEEFCB2B140EAA44E7AA428CFCF8B271AF8C7181A65D917E82311883712D8C79161897F2E31931837131C6DD6207FCF80A3FFE26E377AA2EC42FCC2B1C7237C4633006E397304EE6002663C95A6D2CE7214E688E84F61EC298A4E9826CDCA7BE4AC66460BCEA83A304E4C731660B63B630662DE3C12CC738D5
310
DE536205E96305E963059962C5F26B7E6AACC01CE4C17310E34D13CC4190BB81311883311883311883311883311883311883311883311883311883311883311883311883311883311883311883311883311883311883F1AD6A8A191768BA29D24F3006633006633006633006E3328C0B3C4C02C6EBD4DA817149C64E5130D1
310
3AD5690779516D4236EB76E37D754D5BAC936FB9C1C805BFE27CC944DDE36BCDA876F85BA6D62464B49E7FF05303A6A61B8375F4B19AC6FC5C9FA286A5B33972DBE43C93F47EBC306D46EBF1CD3C8D3F6E186FF971A3F4E346E9C74EA0C67476B0C876E7C7421BE722D3A0E909ECFC73C7D8D40FB591C1CE099E6989C760BC
310
8BB12DAFA88EB10FFFAC96B1293F06E37D8CADC97431C67D49ED45FD85C9B42FE1BD601C468C8171D74A5FC5E1638C7B425B8C87B220CBCA113DB6E97F62C65372D187E581F1582983BFC3782C0D12C013FD78B459339EAAD9448C7F29556037267A53850F89B154C4E61D7E3C7FE81C634E31A6B51FFBD5DBE6FDB876C686
310
1C4F62ACF1631EEBD6AC19F3DA8FF731E6928CE3F30B7630A6438C39C7780A1551E4A6F1F21F9A989BE630D27314BCC7AFE4723F8ECF68D8E5C7BBE331535CB0C99EBB0DE863C601FBED446FD193927E7C2C56E88FE6587767F85C193F1E6A56C9B9DBB2E929B004D8FE9D7E0E4ABC662CD4BB3AD78FE91E3F8EBA90641CA4
310
038B5811C699D08F99826C8F23E3C1632FCFDD0EFB31EFF3E3F17A0E1D34C99884BC222439639B8AEC2DE2314BC6AB8E14637CD88F0F31CEE46E9CA85DD75FFE03D079EAC6E337360E88B3F17C352CC7DED9C36BCD2B7633E6D5782EC7E315E37E5AC1616DFFED4FBA6DCC6249C3BA18EF8D15CC1AC6EB6CD70F296F38DD88
310
E3F1804BBE3E7EAF8D63C53C46D63AE61D5C138AE66579C63E584A0B27CD8BFC381DE7BB6BE06AC637AFBBD91847B78FBC9F5F1DF9F1AAA0F1D4EE700D7C6C6DB35BB3D9CD78FA4DC878BD4C37B6EBA55871909D1756486AF4E3B19B39C69E568C87DF458CE7D977CCD8D38719D301C6FD2F7379454BE1EDBD4F321EBD719B
310
B1A7B731BEE67EDE71C6DDAF158C3D55C7F8A2FBD25F666C3C1857CB58D8053474B54DED139A4D4966DCBDB66937F69EFDB7EBA33988421730D61CB0BC73BF5BBC896CF8BB6D72F28B574D5BD382D7CAADFC7EDBFA26BBFD6DFD2A85C21D72D6FD6E6C1903F7FA31CD8E97F7E3D0AFE27F6F6FDBECFF9F24EB56FB7E27F8B1
310
B0DFAD0C6369BCB7CCA593BA6DFFF1E1585178BFDB905345DB313FC4D878AAF921C627507B26636D7EBCFFDEFF628EFB62C6B7ACD1CFF727C0B800E3706DFE7B8CF53798A3D71BEFFD0B8C65C86F623CA60F966713F6FB317F92F1E8C7A68713C2D79BFD98968C45C8AF624C0719F31EC61C33F6F0E3B3190FEE1FDDCB04E3
310
AD787ECE5C7AD9D9778D79248E7917ACD12FD72B5E3F975E6C0EBC628DFE736B42B11F77CF40165BA34F334EAD2E9A96224F59B62CC39816CFF2165BA39FD7E5DBCD55712FFEA858C23F67F9BDF81A3D9D5F5C61F6E3E126DED2A1E27B3D14DD5DCADE1932192B1201F9C4EEFD7E7CF533E9E18DD279FBEFC238669C6DDA64
310
9C454CA733A604E3626BF4C136AAC441DB31634F06C69E8E335EECFC2CC2D8745BFA086356F9F1F58CC7871E4A322E9C1FFBC08DC5E3E5EF641C3C775996B1453B18FB70E12FE7C79E0C8C3D1D674CD7F87159C61309617BF5FD8C4BE5C71733CE1B4F8C159F62661C18878FDD18FA113F81C24F673C3DFFB51EC327C6AACF
310
30328E8C39319EE6C7BCC4B34E4F64CC1C3C564E1263ED27E8182F8DD3C369AB4B2B34A35EFD7E1C144E90FCD82FBD2BE556FF8C7D8215EF8915F217FFD0582113EE1993CA2D93D8F6C68AF159D56A181FD9C33267486518D3BE58717A5E715FFD8A7C5E215FC327347D22E3AAEB57EC619C5CA49143BD5895E10EC677D6AF
310
B0312643AC604E276037F8F13DCFFDDB195B53963041B8DD8F9FC65835750B19DF1E8F1FC1789A0EB29E3173221301E34DC69C5CD1AF3AAF7812E364F2F66EC625D7DD561342A24732BE752E5D30AF0063300663300663300663300663303E95F10D67577C8DF11D67B07C8C717F2896766BEC5967622DF61F5BAC2DC7B535
310
679EED6665EC168C1F78B65B31E32267BBE56FD459CF76BBE08CC272C607CF2824711FFDBE67D44F08713B8C1F7AD62619F6D183F12E316B76EA8331CE3EAE9C71018131188331188331187F85B12B665CA06957A49F600CC6600CC6600CC6600CC6600CC6600CC6600CC6600CC6600CC6600CC6600CC6600CC6600CC6600C
310
C6600CC6600CC6E6EE8CD552B4C689EA0A8275BA98A313BAB02A97E7848E4A6FFE10C662A161D99812F5C79C6C6C60BCEC8313BDE1898CD9C2982D8C59CD582E28BD664CE29B3F2556B03E56B03E56288D1315CA5CA2B9DA19BB52C6C631CF9DF8FECED585F89542EE86DC0D8CC1188C65EB646970303E8B31731632189FE6
310
C704C68815F7CF419E32E6610E8239C8F3FD188C31E6813118833118833118BF94B1299774C69B266737AD6DB1AE04D9A90F762263B94F7B715077568BAE2A4F766428CAE74C67883BC321255D95CBACB1F6FD1D19DEF99260CCEA2FDD59CE33EB0BFEE99B264D954B5675D6F5AB7BAE1AC47AC69D91DA419CE5143F95B11B
310
4A083AD5E5564FB4B0FAB1DED8E8C7AC882CDAEBA82F99591963433C26433CB60416553CE6F85CC1ED5851D1A06718C5FEB119CA7DB2A9694DB1566D674D1F0AF9F11BF26308822008822008822008822008822008822008822008822008822048D01F93802119C255DF940000000049454E44AE426082
  0
ENDSEC
  0
EOF
