  0
SECTION
  2
HEADER
  9
$ACADVER
  1
AC1032
  9
$ACADMAINTVER
 90
      174
  9
$DWGCODEPAGE
  3
ANSI_936
  9
$LASTSAVEDBY
  1
10333
  9
$REQUIREDVERSIONS
160
                 0
  9
$INSBASE
 10
0.0
 20
0.0
 30
0.0
  9
$EXTMIN
 10
22619.14
 20
-8809.87
 30
0.0
  9
$EXTMAX
 10
89058.73
 20
15190.13
 30
0.0
  9
$LIMMIN
 10
0.0
 20
0.0
  9
$LIMMAX
 10
420.0
 20
297.0
  9
$ORTHOMODE
 70
     1
  9
$REGENMODE
 70
     1
  9
$FILLMODE
 70
     1
  9
$QTEXTMODE
 70
     0
  9
$MIRRTEXT
 70
     0
  9
$LTSCALE
 40
1.0
  9
$ATTMODE
 70
     1
  9
$TEXTSIZE
 40
2.5
  9
$TRACEWID
 40
1.0
  9
$TEXTSTYLE
  7
Standard
  9
$CLAYER
  8
0
  9
$CELTYPE
  6
ByLayer
  9
$CECOLOR
 62
   256
  9
$CELTSCALE
 40
1.0
  9
$DISPSILH
 70
     0
  9
$DIMSCALE
 40
1.0
  9
$DIMASZ
 40
2.5
  9
$DIMEXO
 40
0.63
  9
$DIMDLI
 40
3.75
  9
$DIMRND
 40
0.0
  9
$DIMDLE
 40
0.0
  9
$DIMEXE
 40
1.25
  9
$DIMTP
 40
0.0
  9
$DIMTM
 40
0.0
  9
$DIMTXT
 40
2.5
  9
$DIMCEN
 40
2.5
  9
$DIMTSZ
 40
0.0
  9
$DIMTOL
 70
     0
  9
$DIMLIM
 70
     0
  9
$DIMTIH
 70
     0
  9
$DIMTOH
 70
     0
  9
$DIMSE1
 70
     0
  9
$DIMSE2
 70
     0
  9
$DIMTAD
 70
     1
  9
$DIMZIN
 70
     8
  9
$DIMBLK
  1

  9
$DIMASO
 70
     1
  9
$DIMSHO
 70
     1
  9
$DIMPOST
  1

  9
$DIMAPOST
  1

  9
$DIMALT
 70
     0
  9
$DIMALTD
 70
     3
  9
$DIMALTF
 40
0.04
  9
$DIMLFAC
 40
1.0
  9
$DIMTOFL
 70
     1
  9
$DIMTVP
 40
0.0
  9
$DIMTIX
 70
     0
  9
$DIMSOXD
 70
     0
  9
$DIMSAH
 70
     0
  9
$DIMBLK1
  1

  9
$DIMBLK2
  1

  9
$DIMSTYLE
  2
ISO-25
  9
$DIMCLRD
 70
     0
  9
$DIMCLRE
 70
     0
  9
$DIMCLRT
 70
     0
  9
$DIMTFAC
 40
1.0
  9
$DIMGAP
 40
0.63
  9
$DIMJUST
 70
     0
  9
$DIMSD1
 70
     0
  9
$DIMSD2
 70
     0
  9
$DIMTOLJ
 70
     0
  9
$DIMTZIN
 70
     8
  9
$DIMALTZ
 70
     0
  9
$DIMALTTZ
 70
     0
  9
$DIMUPT
 70
     0
  9
$DIMDEC
 70
     2
  9
$DIMTDEC
 70
     2
  9
$DIMALTU
 70
     2
  9
$DIMALTTD
 70
     3
  9
$DIMTXSTY
  7
Standard
  9
$DIMAUNIT
 70
     0
  9
$DIMADEC
 70
     0
  9
$DIMALTRND
 40
0.0
  9
$DIMAZIN
 70
     0
  9
$DIMDSEP
 70
    46
  9
$DIMATFIT
 70
     3
  9
$DIMFRAC
 70
     0
  9
$DIMLDRBLK
  1

  9
$DIMLUNIT
 70
     2
  9
$DIMLWD
 70
    -2
  9
$DIMLWE
 70
    -2
  9
$DIMTMOVE
 70
     0
  9
$DIMFXL
 40
100.0
  9
$DIMFXLON
 70
     0
  9
$DIMJOGANG
 40
1.57
  9
$DIMTFILL
 70
     0
  9
$DIMTFILLCLR
 70
     0
  9
$DIMARCSYM
 70
     0
  9
$DIMLTYPE
  6

  9
$DIMLTEX1
  6

  9
$DIMLTEX2
  6

  9
$DIMTXTDIRECTION
 70
     0
  9
$LUNITS
 70
     2
  9
$LUPREC
 70
     4
  9
$SKETCHINC
 40
1.0
  9
$FILLETRAD
 40
0.0
  9
$AUNITS
 70
     0
  9
$AUPREC
 70
     0
  9
$MENU
  1
.
  9
$ELEVATION
 40
0.0
  9
$PELEVATION
 40
0.0
  9
$THICKNESS
 40
0.0
  9
$LIMCHECK
 70
     0
  9
$CHAMFERA
 40
0.0
  9
$CHAMFERB
 40
0.0
  9
$CHAMFERC
 40
0.0
  9
$CHAMFERD
 40
0.0
  9
$SKPOLY
 70
     0
  9
$TDCREATE
 40
2461268.677685185
  9
$TDUCREATE
 40
2461268.344351852
  9
$TDUPDATE
 40
2461268.892835648
  9
$TDUUPDATE
 40
2461268.559502315
  9
$TDINDWG
 40
0.1574652778
  9
$TDUSRTIMER
 40
0.1574652778
  9
$USRTIMER
 70
     1
  9
$ANGBASE
 50
0.0
  9
$ANGDIR
 70
     0
  9
$PDMODE
 70
     0
  9
$PDSIZE
 40
0.0
  9
$PLINEWID
 40
0.0
  9
$SPLFRAME
 70
     0
  9
$SPLINETYPE
 70
     6
  9
$SPLINESEGS
 70
     8
  9
$HANDSEED
  5
65F
  9
$SURFTAB1
 70
     6
  9
$SURFTAB2
 70
     6
  9
$SURFTYPE
 70
     6
  9
$SURFU
 70
     6
  9
$SURFV
 70
     6
  9
$UCSBASE
  2

  9
$UCSNAME
  2

  9
$UCSORG
 10
0.0
 20
0.0
 30
0.0
  9
$UCSXDIR
 10
1.0
 20
0.0
 30
0.0
  9
$UCSYDIR
 10
0.0
 20
1.0
 30
0.0
  9
$UCSORTHOREF
  2

  9
$UCSORTHOVIEW
 70
     0
  9
$UCSORGTOP
 10
0.0
 20
0.0
 30
0.0
  9
$UCSORGBOTTOM
 10
0.0
 20
0.0
 30
0.0
  9
$UCSORGLEFT
 10
0.0
 20
0.0
 30
0.0
  9
$UCSORGRIGHT
 10
0.0
 20
0.0
 30
0.0
  9
$UCSORGFRONT
 10
0.0
 20
0.0
 30
0.0
  9
$UCSORGBACK
 10
0.0
 20
0.0
 30
0.0
  9
$PUCSBASE
  2

  9
$PUCSNAME
  2

  9
$PUCSORG
 10
0.0
 20
0.0
 30
0.0
  9
$PUCSXDIR
 10
1.0
 20
0.0
 30
0.0
  9
$PUCSYDIR
 10
0.0
 20
1.0
 30
0.0
  9
$PUCSORTHOREF
  2

  9
$PUCSORTHOVIEW
 70
     0
  9
$PUCSORGTOP
 10
0.0
 20
0.0
 30
0.0
  9
$PUCSORGBOTTOM
 10
0.0
 20
0.0
 30
0.0
  9
$PUCSORGLEFT
 10
0.0
 20
0.0
 30
0.0
  9
$PUCSORGRIGHT
 10
0.0
 20
0.0
 30
0.0
  9
$PUCSORGFRONT
 10
0.0
 20
0.0
 30
0.0
  9
$PUCSORGBACK
 10
0.0
 20
0.0
 30
0.0
  9
$USERI1
 70
     0
  9
$USERI2
 70
     0
  9
$USERI3
 70
     0
  9
$USERI4
 70
     0
  9
$USERI5
 70
     0
  9
$USERR1
 40
0.0
  9
$USERR2
 40
0.0
  9
$USERR3
 40
0.0
  9
$USERR4
 40
0.0
  9
$USERR5
 40
0.0
  9
$WORLDVIEW
 70
     1
  9
$SHADEDGE
 70
     3
  9
$SHADEDIF
 70
    70
  9
$TILEMODE
 70
     1
  9
$MAXACTVP
 70
    64
  9
$PINSBASE
 10
0.0
 20
0.0
 30
0.0
  9
$PLIMCHECK
 70
     0
  9
$PEXTMIN
 10
1.00E+20
 20
1.00E+20
 30
1.00E+20
  9
$PEXTMAX
 10
-1.00E+20
 20
-1.00E+20
 30
-1.00E+20
  9
$PLIMMIN
 10
0.0
 20
0.0
  9
$PLIMMAX
 10
420.0
 20
297.0
  9
$UNITMODE
 70
     0
  9
$VISRETAIN
 70
     1
  9
$PLINEGEN
 70
     0
  9
$PSLTSCALE
 70
     1
  9
$TREEDEPTH
 70
  3020
  9
$CMLSTYLE
  2
Standard
  9
$CMLJUST
 70
     0
  9
$CMLSCALE
 40
20.0
  9
$PROXYGRAPHICS
 70
     1
  9
$MEASUREMENT
 70
     1
  9
$CELWEIGHT
370
    -1
  9
$ENDCAPS
280
     0
  9
$JOINSTYLE
280
     0
  9
$LWDISPLAY
290
     0
  9
$INSUNITS
 70
     4
  9
$HYPERLINKBASE
  1

  9
$STYLESHEET
  1

  9
$XEDIT
290
     1
  9
$CEPSNTYPE
380
     0
  9
$PSTYLEMODE
290
     1
  9
$FINGERPRINTGUID
  2
{EB6EE7DB-F2E0-F842-9B6C-C7FB14CB3EC5}
  9
$VERSIONGUID
  2
{DBA5D244-C220-B54D-9ABA-8EE930C60BB8}
  9
$EXTNAMES
290
     1
  9
$PSVPSCALE
 40
0.0
  9
$OLESTARTUP
290
     0
  9
$SORTENTS
280
   127
  9
$INDEXCTL
280
     0
  9
$HIDETEXT
280
     1
  9
$XCLIPFRAME
280
     2
  9
$HALOGAP
280
     0
  9
$OBSCOLOR
 70
   257
  9
$OBSLTYPE
280
     0
  9
$INTERSECTIONDISPLAY
280
     0
  9
$INTERSECTIONCOLOR
 70
   257
  9
$DIMASSOC
280
     2
  9
$PROJECTNAME
  1

  9
$CAMERADISPLAY
290
     0
  9
$LENSLENGTH
 40
50.0
  9
$CAMERAHEIGHT
 40
0.0
  9
$STEPSPERSEC
 40
2.0
  9
$STEPSIZE
 40
6.0
  9
$3DDWFPREC
 40
2.0
  9
$PSOLWIDTH
 40
0.25
  9
$PSOLHEIGHT
 40
4.0
  9
$LOFTANG1
 40
1.57
  9
$LOFTANG2
 40
1.57
  9
$LOFTMAG1
 40
0.0
  9
$LOFTMAG2
 40
0.0
  9
$LOFTPARAM
 70
     7
  9
$LOFTNORMALS
280
     1
  9
$LATITUDE
 40
37.8
  9
$LONGITUDE
 40
-122.39
  9
$NORTHDIRECTION
 40
0.0
  9
$TIMEZONE
 70
 -8000
  9
$LIGHTGLYPHDISPLAY
280
     1
  9
$TILEMODELIGHTSYNCH
280
     1
  9
$CMATERIAL
347
37D
  9
$SOLIDHIST
280
     0
  9
$SHOWHIST
280
     1
  9
$DWFFRAME
280
     2
  9
$DGNFRAME
280
     0
  9
$REALWORLDSCALE
290
     1
  9
$INTERFERECOLOR
 62
     1
  9
$INTERFEREOBJVS
345
39B
  9
$INTERFEREVPVS
346
39C
  9
$CSHADOW
280
     0
  9
$SHADOWPLANELOCATION
 40
0.0
  0
ENDSEC
  0
SECTION
  2
CLASSES
  0
CLASS
  1
ACDBDICTIONARYWDFLT
  2
AcDbDictionaryWithDefault
  3
ObjectDBX Classes
 90
        0
 91
        1
280
     0
281
     0
  0
CLASS
  1
MATERIAL
  2
AcDbMaterial
  3
ObjectDBX Classes
 90
     1153
 91
        3
280
     0
281
     0
  0
CLASS
  1
VISUALSTYLE
  2
AcDbVisualStyle
  3
ObjectDBX Classes
 90
     4095
 91
       24
280
     0
281
     0
  0
CLASS
  1
SCALE
  2
AcDbScale
  3
ObjectDBX Classes
 90
     1153
 91
       17
280
     0
281
     0
  0
CLASS
  1
TABLESTYLE
  2
AcDbTableStyle
  3
ObjectDBX Classes
 90
     4095
 91
        1
280
     0
281
     0
  0
CLASS
  1
MLEADERSTYLE
  2
AcDbMLeaderStyle
  3
ACDB_MLEADERSTYLE_CLASS
 90
     4095
 91
        1
280
     0
281
     0
  0
CLASS
  1
ACDBSECTIONVIEWSTYLE
  2
AcDbSectionViewStyle
  3
ObjectDBX Classes
 90
     1025
 91
        2
280
     0
281
     0
  0
CLASS
  1
ACDBDETAILVIEWSTYLE
  2
AcDbDetailViewStyle
  3
ObjectDBX Classes
 90
     1025
 91
        2
280
     0
281
     0
  0
CLASS
  1
DICTIONARYVAR
  2
AcDbDictionaryVar
  3
ObjectDBX Classes
 90
        0
 91
       12
280
     0
281
     0
  0
CLASS
  1
SORTENTSTABLE
  2
AcDbSortentsTable
  3
ObjectDBX Classes
 90
        0
 91
        2
280
     0
281
     0
  0
CLASS
  1
TCH_DBCONFIG
  2
TDbConfig
  3
"TCH_KERNAL|缺乏解释器天正图形看不见, 请下载天正插件|网址: www.tangent.com.cn"
 90
        1
 91
        1
280
     0
281
     0
  0
CLASS
  1
TCH_WALL
  2
TDbWall
  3
"TCH_KERNAL|缺乏解释器天正图形看不见, 请下载天正插件|网址: www.tangent.com.cn"
 90
        1
 91
        0
280
     0
281
     1
  0
CLASS
  1
TCH_RECTSTAIR
  2
TDbRectStair
  3
"TCH_KERNAL|缺乏解释器天正图形看不见, 请下载天正插件|网址: www.tangent.com.cn"
 90
        1
 91
        0
280
     0
281
     1
  0
CLASS
  1
TCH_SPACE
  2
TDbSpace
  3
"TCH_KERNAL|缺乏解释器天正图形看不见, 请下载天正插件|网址: www.tangent.com.cn"
 90
        1
 91
        0
280
     0
281
     1
  0
CLASS
  1
TCH_COLUMN
  2
TDbColumn
  3
"TCH_KERNAL|缺乏解释器天正图形看不见, 请下载天正插件|网址: www.tangent.com.cn"
 90
        1
 91
        0
280
     0
281
     1
  0
CLASS
  1
TCH_TEXT
  2
TDbText
  3
"TCH_KERNAL|缺乏解释器天正图形看不见, 请下载天正插件|网址: www.tangent.com.cn"
 90
        1
 91
        0
280
     0
281
     1
  0
CLASS
  1
TCH_AXIS_LABEL
  2
TDbAxisLabelSet
  3
"TCH_KERNAL|缺乏解释器天正图形看不见, 请下载天正插件|网址: www.tangent.com.cn"
 90
        1
 91
        0
280
     0
281
     1
  0
CLASS
  1
TCH_DIMENSION2
  2
TDbDimension2
  3
"TCH_KERNAL|缺乏解释器天正图形看不见, 请下载天正插件|网址: www.tangent.com.cn"
 90
        1
 91
        0
280
     0
281
     1
  0
CLASS
  1
TCH_OPENING
  2
TDbOpening
  3
"TCH_KERNAL|缺乏解释器天正图形看不见, 请下载天正插件|网址: www.tangent.com.cn"
 90
        1
 91
        0
280
     0
281
     1
  0
CLASS
  1
TCH_ERRORMSG
  2
TDbPromptMark
  3
"TCH_KERNAL|缺乏解释器天正图形看不见, 请下载天正插件|网址: www.tangent.com.cn"
 90
        1
 91
        0
280
     0
281
     1
  0
CLASS
  1
CELLSTYLEMAP
  2
AcDbCellStyleMap
  3
ObjectDBX Classes
 90
     1152
 91
        2
280
     0
281
     0
  0
ENDSEC
  0
SECTION
  2
TABLES
  0
TABLE
  2
VPORT
  5
371
330
0
100
AcDbSymbolTable
 70
     1
  0
VPORT
  5
372
330
371
100
AcDbSymbolTableRecord
100
AcDbViewportTableRecord
  2
*Active
 70
     0
 10
0.0
 20
0.0
 11
1.0
 21
1.0
 12
70198.41
 22
7642.45
 13
0.0
 23
0.0
 14
10.0
 24
10.0
 15
10.0
 25
10.0
 16
0.0
 26
0.0
 36
1.0
 17
0.0
 27
0.0
 37
0.0
 40
78789.28
 41
1.5
 42
50.0
 43
0.0
 44
0.0
 50
0.0
 51
0.0
 71
     0
 72
  1000
 73
     1
 74
     3
 75
     0
 76
     0
 77
     0
 78
     0
281
     0
 65
     1
110
0.0
120
0.0
130
0.0
111
1.0
121
0.0
131
0.0
112
0.0
122
1.0
132
0.0
 79
     0
146
0.0
348
373
 60
     3
 61
     5
292
     1
282
     1
141
0.0
142
0.0
 63
   250
421
  3355443
1001
ACAD_NAV_VCDISPLAY
1070
     1
  0
ENDTAB
  0
TABLE
  2
LTYPE
  5
36C
330
0
100
AcDbSymbolTable
 70
     6
  0
LTYPE
  5
36D
330
36C
100
AcDbSymbolTableRecord
100
AcDbLinetypeTableRecord
  2
ByBlock
 70
     0
  3

 72
    65
 73
     0
 40
0.0
  0
LTYPE
  5
36E
330
36C
100
AcDbSymbolTableRecord
100
AcDbLinetypeTableRecord
  2
ByLayer
 70
     0
  3

 72
    65
 73
     0
 40
0.0
  0
LTYPE
  5
13
330
36C
100
AcDbSymbolTableRecord
100
AcDbLinetypeTableRecord
  2
Continuous
 70
     0
  3
Solid line
 72
    65
 73
     0
 40
0.0
  0
LTYPE
  5
3C3
330
36C
100
AcDbSymbolTableRecord
100
AcDbLinetypeTableRecord
  2
ACAD_ISO05W100
 70
     0
  3
ISO long-dash double-dot ____ .. ____ .. ____ .
 72
    65
 73
     6
 40
34.0
 49
24.0
 74
     0
 49
-3.0
 74
     0
 49
0.5
 74
     0
 49
-3.0
 74
     0
 49
0.5
 74
     0
 49
-3.0
 74
     0
  0
LTYPE
  5
3C4
330
36C
100
AcDbSymbolTableRecord
100
AcDbLinetypeTableRecord
  2
DASH
 70
     0
  3
__ __ __ __ __ __ __ __ __ __ __ __ __ __ __ __
 72
    65
 73
     2
 40
0.35
 49
0.25
 74
     0
 49
-0.1
 74
     0
  0
LTYPE
  5
3C5
330
36C
100
AcDbSymbolTableRecord
100
AcDbLinetypeTableRecord
  2
CENTERX2
 70
     0
  3
Center (2x) ________  __  ________  __  _____
 72
    65
 73
     4
 40
4.0
 49
2.5
 74
     0
 49
-0.5
 74
     0
 49
0.5
 74
     0
 49
-0.5
 74
     0
  0
LTYPE
  5
3C6
330
36C
100
AcDbSymbolTableRecord
100
AcDbLinetypeTableRecord
  2
DASHED
 70
     0
  3
Dashed __ __ __ __ __ __ __ __ __ __ __ __ __ _
 72
    65
 73
     2
 40
0.75
 49
0.5
 74
     0
 49
-0.25
 74
     0
  0
LTYPE
  5
3C7
330
36C
100
AcDbSymbolTableRecord
100
AcDbLinetypeTableRecord
  2
HT-A-NOPLOT-F01-NEW
 70
     0
  3
____ . ____ . ____ . ____ . ____ . ____ . ____ 
 72
    65
 73
     4
 40
2.42
 49
2.0
 74
     0
 49
-0.2
 74
     0
 49
0.02
 74
     0
 49
-0.2
 74
     0
  0
ENDTAB
  0
TABLE
  2
LAYER
  5
363
102
{ACAD_XDICTIONARY
360
364
102
}
330
0
100
AcDbSymbolTable
 70
    23
  0
LAYER
  5
6
330
363
100
AcDbSymbolTableRecord
100
AcDbLayerTableRecord
  2
0
 70
     0
 62
     7
  6
Continuous
370
    -3
390
7
347
A
348
0
1001
_LayerManage
1070
     0
1070
     0
1070
     0
  0
LAYER
  5
16
330
363
100
AcDbSymbolTableRecord
100
AcDbLayerTableRecord
  2
HT-A-NOPLOT-F01-NEW
 70
     0
 62
     1
  6
Continuous
370
    -3
390
7
347
A
348
0
1001
AcAecLayerStandard
1000

1000
此图层的直线和弧认为是平面轴线
  0
LAYER
  5
11F
330
363
100
AcDbSymbolTableRecord
100
AcDbLayerTableRecord
  2
HT-A-COLUMN-F01-NEW
 70
     0
 62
     9
  6
Continuous
370
    -3
390
7
347
A
348
0
1001
AcAecLayerStandard
1000

1000
存放各种材质构成的柱子对象
1001
_LayerManage
1070
     0
1070
     0
1070
     0
  0
LAYER
  5
2E
330
363
100
AcDbSymbolTableRecord
100
AcDbLayerTableRecord
  2
HT-A-WIND-F01-NEW
 70
     0
 62
     4
  6
Continuous
370
    -3
390
7
347
A
348
0
1001
AcAecLayerStandard
1000

1000
存放插入的门图块
1001
_LayerManage
1070
     0
1070
     0
1070
     0
  0
LAYER
  5
12E
330
363
100
AcDbSymbolTableRecord
100
AcDbLayerTableRecord
  2
HT-A-AXIS-F01-NEW
 70
     0
 62
     3
  6
Continuous
370
    -3
390
7
347
A
348
0
1001
AcAecLayerStandard
1000

1000
存放轴号对象
1001
_LayerManage
1070
     0
1070
     0
1070
     0
  0
LAYER
  5
20
330
363
100
AcDbSymbolTableRecord
100
AcDbLayerTableRecord
  2
HT-A-WALL-F01-NEW
 70
     0
 62
     9
  6
Continuous
370
    -3
390
7
347
A
348
0
1001
AcAecLayerStandard
1000

1000
存放各种材质的墙对象
1001
_LayerManage
1070
     0
1070
     0
1070
     0
  0
LAYER
  5
2C
330
363
100
AcDbSymbolTableRecord
100
AcDbLayerTableRecord
  2
SURFACE
 70
     0
 62
     6
  6
Continuous
370
    -3
390
7
347
A
348
0
1001
AcAecLayerStandard
1000

1000
粉刷层、保温层、详图饰面层
1001
_LayerManage
1070
     0
1070
     0
1070
     0
  0
LAYER
  5
10E
330
363
100
AcDbSymbolTableRecord
100
AcDbLayerTableRecord
  2
STAIR
 70
     0
 62
     2
  6
Continuous
370
    -3
390
7
347
A
348
0
1001
AcAecLayerStandard
1000

1000
楼梯段、坡道、台阶、休息平台
1001
_LayerManage
1070
     0
1070
     0
1070
     0
  0
LAYER
  5
110
330
363
100
AcDbSymbolTableRecord
100
AcDbLayerTableRecord
  2
RAIL
 70
     0
 62
   163
  6
Continuous
370
    -3
390
7
347
A
348
0
1001
AcAecLayerStandard
1000

1000
栏杆
1001
_LayerManage
1070
     0
1070
     0
1070
     0
  0
LAYER
  5
10F
330
363
100
AcDbSymbolTableRecord
100
AcDbLayerTableRecord
  2
HANDRAIL
 70
     0
 62
     3
  6
Continuous
370
    -3
390
7
347
A
348
0
1001
AcAecLayerStandard
1000

1000
扶手
1001
_LayerManage
1070
     0
1070
     0
1070
     0
  0
LAYER
  5
115
330
363
100
AcDbSymbolTableRecord
100
AcDbLayerTableRecord
  2
HT-A-ROOM-F01-NEW
 70
     0
 62
     7
  6
Continuous
370
    -3
390
7
347
A
348
0
1001
AcAecLayerStandard
1000

1000
房间名称、编号
1001
_LayerManage
1070
     0
1070
     0
1070
     0
  0
LAYER
  5
117
330
363
100
AcDbSymbolTableRecord
100
AcDbLayerTableRecord
  2
SPACE_HATCH
 70
     0
 62
     8
  6
Continuous
370
    -3
390
7
347
A
348
0
1001
AcAecLayerStandard
1000

1000
房间面积填充图案
1001
_LayerManage
1070
     0
1070
     0
1070
     0
  0
LAYER
  5
130
330
363
100
AcDbSymbolTableRecord
100
AcDbLayerTableRecord
  2
HT-A-AXIS-TEXT-F01-NEW
 70
     0
 62
     7
  6
Continuous
370
    -3
390
7
347
A
348
0
1001
AcAecLayerStandard
1000

1000
轴号对象的轴号文字
1001
_LayerManage
1070
     0
1070
     0
1070
     0
  0
LAYER
  5
113
330
363
100
AcDbSymbolTableRecord
100
AcDbLayerTableRecord
  2
HT-A-DIMS-SYMB-F01-NEW
 70
     0
 62
     3
  6
Continuous
370
    -3
390
7
347
A
348
0
1001
AcAecLayerStandard
1000

1000
箭头引注
1001
_LayerManage
1070
     0
1070
     0
1070
     0
  0
LAYER
  5
111
330
363
100
AcDbSymbolTableRecord
100
AcDbLayerTableRecord
  2
HT-A-TEXT-F01-NEW
 70
     0
 62
     7
  6
Continuous
370
    -3
390
7
347
A
348
0
1001
AcAecLayerStandard
1000

1000
各种说明文字
1001
_LayerManage
1070
     0
1070
     0
1070
     0
  0
LAYER
  5
2B
330
363
100
AcDbSymbolTableRecord
100
AcDbLayerTableRecord
  2
PUB_HATCH
 70
     0
 62
     8
  6
Continuous
370
    -3
390
7
347
A
348
0
1001
AcAecLayerStandard
1000

1000
填充图案
1001
_LayerManage
1070
     0
1070
     0
1070
     0
  0
LAYER
  5
170
330
363
100
AcDbSymbolTableRecord
100
AcDbLayerTableRecord
  2
PUB_TITLE
 70
     0
 62
     4
  6
Continuous
370
    -3
390
7
347
A
348
0
1001
AcAecLayerStandard
1000

1000
存放图框线与标题栏、会签栏图块
1001
_LayerManage
1070
     0
1070
     0
1070
     0
  0
LAYER
  5
6B
330
363
100
AcDbSymbolTableRecord
100
AcDbLayerTableRecord
  2
HT-A-WIND-TEXT-F01-NEW
 70
     0
 62
     7
  6
Continuous
370
    -3
390
7
347
A
348
0
1001
AcAecLayerStandard
1000

1000
门窗编号
1001
_LayerManage
1070
     0
1070
     0
1070
     0
  0
LAYER
  5
3B
330
363
100
AcDbSymbolTableRecord
100
AcDbLayerTableRecord
  2
3T_BAR
 70
     0
 62
     7
  6
Continuous
370
    -3
390
7
347
A
348
0
1001
_LayerManage
1070
     0
1070
     0
1070
     0
  0
LAYER
  5
48
330
363
100
AcDbSymbolTableRecord
100
AcDbLayerTableRecord
  2
3T_GLASS
 70
     0
 62
     5
  6
Continuous
370
    -3
390
7
347
A
348
0
1001
_LayerManage
1070
     0
1070
     0
1070
     0
  0
LAYER
  5
7D
330
363
100
AcDbSymbolTableRecord
100
AcDbLayerTableRecord
  2
3T_WOOD
 70
     0
 62
    21
  6
Continuous
370
    -3
390
7
347
A
348
0
1001
_LayerManage
1070
     0
1070
     0
1070
     0
  0
LAYER
  5
18C
330
363
100
AcDbSymbolTableRecord
100
AcDbLayerTableRecord
  2
Defpoints
 70
     0
 62
     7
  6
Continuous
290
     0
370
    -3
390
7
347
A
348
0
  0
LAYER
  5
3C9
330
363
100
AcDbSymbolTableRecord
100
AcDbLayerTableRecord
  2
PUB_WALL
 70
     0
 62
     9
  6
Continuous
370
    -3
390
7
347
A
348
0
  0
ENDTAB
  0
TABLE
  2
STYLE
  5
369
330
0
100
AcDbSymbolTable
 70
    11
  0
STYLE
  5
36A
330
369
100
AcDbSymbolTableRecord
100
AcDbTextStyleTableRecord
  2
Standard
 70
     0
 40
0.0
 41
1.0
 50
0.0
 71
     0
 42
2.5
  3
txt
  4

  0
STYLE
  5
112
330
369
100
AcDbSymbolTableRecord
100
AcDbTextStyleTableRecord
  2
_TCH_DIM
 70
     0
 40
0.0
 41
1.0
 50
0.0
 71
     0
 42
2.5
  3
SIMPLEX
  4
GBCBIG
1001
_TCH
1040
0.85
1040
0.6
1070
     7
  0
STYLE
  5
6A
330
369
100
AcDbSymbolTableRecord
100
AcDbTextStyleTableRecord
  2
_TCH_WINDOW
 70
     0
 40
0.0
 41
1.0
 50
0.0
 71
     0
 42
2.5
  3
SIMPLEX
  4
GBCBIG
1001
_TCH
1040
0.85
1040
0.6
1070
     7
  0
STYLE
  5
116
330
369
100
AcDbSymbolTableRecord
100
AcDbTextStyleTableRecord
  2
_TCH_SPACE
 70
     0
 40
0.0
 41
1.0
 50
0.0
 71
     0
 42
2.5
  3
SIMPLEX
  4
GBCBIG
1001
_TCH
1040
0.85
1040
0.6
1070
     7
  0
STYLE
  5
12F
330
369
100
AcDbSymbolTableRecord
100
AcDbTextStyleTableRecord
  2
_TCH_AXIS
 70
     0
 40
0.0
 41
1.0
 50
0.0
 71
     0
 42
2.5
  3
COMPLEX
  4
GBCBIG
1001
_TCH
1040
0.85
1040
0.6
1070
     7
  0
STYLE
  5
18A
330
369
100
AcDbSymbolTableRecord
100
AcDbTextStyleTableRecord
  2
_TCH_DIM_T3
 70
     0
 40
0.0
 41
0.71
 50
0.0
 71
     0
 42
2.5
  3
SIMPLEX
  4
GBCBIG
1001
_TCH
1040
0.85
1040
0.6
1070
     7
  0
STYLE
  5
3B5
330
369
100
AcDbSymbolTableRecord
100
AcDbTextStyleTableRecord
  2
COMPLEX
 70
     0
 40
0.0
 41
1.0
 50
0.0
 71
     0
 42
0.6
  3
COMPLEX
  4

1001
AcadAnnotative
1000
AnnotativeData
1002
{
1070
     1
1070
     1
1002
}
  0
STYLE
  5
3B9
330
369
100
AcDbSymbolTableRecord
100
AcDbTextStyleTableRecord
  2
Annotative
 70
     0
 40
0.0
 41
1.0
 50
0.0
 71
     0
 42
0.2
  3
txt
  4

1001
AcadAnnotative
1000
AnnotativeData
1002
{
1070
     1
1070
     1
1002
}
  0
STYLE
  5
3BB
330
369
100
AcDbSymbolTableRecord
100
AcDbTextStyleTableRecord
  2
_TCH_DYN
 70
     0
 40
0.0
 41
1.0
 50
0.0
 71
     0
 42
2.5
  3

  4

1001
ACAD
1000
SimSun
1071
        0
  0
STYLE
  5
3BF
330
369
100
AcDbSymbolTableRecord
100
AcDbTextStyleTableRecord
  2
图框
 70
     0
 40
0.0
 41
1.0
 50
0.0
 71
     0
 42
2.0
  3

  4

1001
ACAD
1000
SimSun
1071
    34306
  0
STYLE
  5
3C0
330
369
100
AcDbSymbolTableRecord
100
AcDbTextStyleTableRecord
  2
DIM_FONT
 70
     0
 40
0.0
 41
0.7
 50
0.0
 71
     0
 42
2.5
  3
SIMPLEX
  4
GBCBIG
1001
_TCH
1040
0.85
1040
0.6
1070
     7
  0
ENDTAB
  0
TABLE
  2
VIEW
  5
36F
330
0
100
AcDbSymbolTable
 70
     1
  0
ENDTAB
  0
TABLE
  2
UCS
  5
370
330
0
100
AcDbSymbolTable
 70
     0
  0
ENDTAB
  0
TABLE
  2
APPID
  5
376
330
0
100
AcDbSymbolTable
 70
    11
  0
APPID
  5
368
330
376
100
AcDbSymbolTableRecord
100
AcDbRegAppTableRecord
  2
ACAD
 70
     0
  0
APPID
  5
375
330
376
100
AcDbSymbolTableRecord
100
AcDbRegAppTableRecord
  2
ACAD_NAV_VCDISPLAY
 70
     0
  0
APPID
  5
17
330
376
100
AcDbSymbolTableRecord
100
AcDbRegAppTableRecord
  2
AcAecLayerStandard
 70
     0
  0
APPID
  5
69
330
376
100
AcDbSymbolTableRecord
100
AcDbRegAppTableRecord
  2
_TCH
 70
     0
  0
APPID
  5
14
330
376
100
AcDbSymbolTableRecord
100
AcDbRegAppTableRecord
  2
_LayerManage
 70
     0
  0
APPID
  5
3B6
330
376
100
AcDbSymbolTableRecord
100
AcDbRegAppTableRecord
  2
AcadAnnotative
 70
     0
  0
APPID
  5
3CA
330
376
100
AcDbSymbolTableRecord
100
AcDbRegAppTableRecord
  2
WTHICK
 70
     0
  0
APPID
  5
442
330
376
100
AcDbSymbolTableRecord
100
AcDbRegAppTableRecord
  2
_TCH_MASK
 70
     0
  0
APPID
  5
607
330
376
100
AcDbSymbolTableRecord
100
AcDbRegAppTableRecord
  2
ACAD_DSTYLE_DIMEXT_LENGTH
 70
     0
  0
APPID
  5
60C
330
376
100
AcDbSymbolTableRecord
100
AcDbRegAppTableRecord
  2
ACAD_DSTYLE_DIMJOGGED_JOGANGLE_SYMBOL
 70
     0
  0
APPID
  5
63E
330
376
100
AcDbSymbolTableRecord
100
AcDbRegAppTableRecord
  2
ACAD_MLEADERVER
 70
     0
  0
ENDTAB
  0
TABLE
  2
DIMSTYLE
  5
377
330
0
100
AcDbSymbolTable
 70
     3
100
AcDbDimStyleTable
 71
     2
340
190
340
378
  0
DIMSTYLE
105
378
330
377
100
AcDbSymbolTableRecord
100
AcDbDimStyleTableRecord
  2
ISO-25
 70
     0
 41
2.5
 42
0.63
 43
3.75
 44
1.25
 50
90.0
 73
     0
 74
     0
 77
     1
 78
     8
140
2.5
141
2.5
143
0.04
147
0.63
171
     3
172
     1
271
     2
272
     2
274
     3
283
     0
284
     8
340
36A
1001
ACAD_DSTYLE_DIMJOGGED_JOGANGLE_SYMBOL
1070
   384
1040
1.57
  0
DIMSTYLE
105
190
102
{ACAD_REACTORS
330
17D
330
191
330
19E
330
1AB
330
1B8
330
1C5
330
1D2
330
1DF
330
1EC
330
1F9
330
206
330
213
330
220
330
22D
330
23A
330
247
330
254
330
261
330
26E
330
27B
330
288
330
295
330
2A2
330
2AF
330
2BC
330
2C9
330
2D6
330
2E3
330
2F0
330
2FD
330
30A
330
317
330
324
330
331
330
33E
330
34B
102
}
330
377
100
AcDbSymbolTableRecord
100
AcDbDimStyleTableRecord
  2
_TCH_ARCH&&100
 70
     0
 41
100.0
 42
300.0
 43
0.0
 44
250.0
 49
100.0
 73
     0
 74
     0
 77
     1
 79
     2
140
297.5
147
126.25
172
     1
174
     1
178
     7
179
     2
271
     0
272
     0
279
     2
340
18A
342
184
  0
DIMSTYLE
105
441
330
377
100
AcDbSymbolTableRecord
100
AcDbDimStyleTableRecord
  2
Standard
 70
     0
340
36A
  0
ENDTAB
  0
TABLE
  2
BLOCK_RECORD
  5
1
330
0
100
AcDbSymbolTable
 70
    47
  0
BLOCK_RECORD
  5
2
102
{ACAD_XDICTIONARY
360
3
102
}
330
1
100
AcDbSymbolTableRecord
100
AcDbBlockTableRecord
  2
*Model_Space
340
359
 70
     0
280
     1
281
     0
  0
BLOCK_RECORD
  5
35B
330
1
100
AcDbSymbolTableRecord
100
AcDbBlockTableRecord
  2
*Paper_Space
340
35E
 70
     0
280
     1
281
     0
  0
BLOCK_RECORD
  5
35F
330
1
100
AcDbSymbolTableRecord
100
AcDbBlockTableRecord
  2
*Paper_Space0
340
362
 70
     0
280
     1
281
     0
  0
BLOCK_RECORD
  5
21
102
{ACAD_XDICTIONARY
360
22
102
}
330
1
100
AcDbSymbolTableRecord
100
AcDbBlockTableRecord
  2
$LinePat$保温层
340
0
 70
     0
280
     1
281
     0
  0
BLOCK_RECORD
  5
E0
330
1
100
AcDbSymbolTableRecord
100
AcDbBlockTableRecord
  2
$DorLib2D$00000131
340
0
102
{BLKREFS
331
5E9
102
}
 70
     0
280
     1
281
     0
1001
_TCH
1040
1.0
  0
BLOCK_RECORD
  5
7A
330
1
100
AcDbSymbolTableRecord
100
AcDbBlockTableRecord
  2
$TCHSYS$DOOR3D
340
0
 70
     0
280
     1
281
     0
1001
_TCH
1040
900.0
1040
2100.0
  0
BLOCK_RECORD
  5
184
330
1
100
AcDbSymbolTableRecord
100
AcDbBlockTableRecord
  2
_ArchTick
340
0
102
{BLKREFS
331
310
331
311
331
31D
331
31E
331
32A
331
32B
331
337
331
338
331
344
331
345
331
351
331
352
331
183
331
188
331
197
331
198
331
1A4
331
1A5
331
1B1
331
1B2
331
1BE
331
1BF
331
1CB
331
1CC
331
1D8
331
1D9
331
1E5
331
1E6
331
1F2
331
1F3
331
1FF
331
200
331
20C
331
20D
331
219
331
21A
331
226
331
227
331
233
331
234
331
240
331
241
331
24D
331
24E
331
25A
331
25B
331
267
331
268
331
274
331
275
331
281
331
282
331
28E
331
28F
331
29B
331
29C
331
2A8
331
2A9
331
2B5
331
2B6
331
2C2
331
2C3
331
2CF
331
2D0
331
2DC
331
2DD
331
2E9
331
2EA
331
2F6
331
2F7
331
303
331
304
102
}
 70
     0
280
     1
281
     0
  0
BLOCK_RECORD
  5
71
102
{ACAD_XDICTIONARY
360
72
102
}
330
1
100
AcDbSymbolTableRecord
100
AcDbBlockTableRecord
  2
$DorLib2D$00000001
340
0
102
{BLKREFS
331
506
331
5CA
331
5CD
331
5D3
331
4B6
331
4CE
331
4D1
102
}
 70
     0
280
     1
281
     0
  0
BLOCK_RECORD
  5
FF
102
{ACAD_XDICTIONARY
360
100
102
}
330
1
100
AcDbSymbolTableRecord
100
AcDbBlockTableRecord
  2
$DorLib2D$00000002
340
0
102
{BLKREFS
331
4B9
102
}
 70
     0
280
     1
281
     0
  0
BLOCK_RECORD
  5
2F
330
1
100
AcDbSymbolTableRecord
100
AcDbBlockTableRecord
  2
$TCHSYS$WIN2D
340
0
102
{BLKREFS
331
4F9
331
511
331
5C4
331
5D6
331
5D9
331
5DC
331
5DF
331
5E6
331
5EC
331
4BC
331
4BF
331
4C5
331
4C8
331
4CB
331
4DA
102
}
 70
     0
280
     1
281
     0
  0
BLOCK_RECORD
  5
38
330
1
100
AcDbSymbolTableRecord
100
AcDbBlockTableRecord
  2
$TCHSYS$WIN3D
340
0
 70
     0
280
     1
281
     0
1001
_TCH
1040
1200.0
1040
1800.0
  0
BLOCK_RECORD
  5
17E
330
1
100
AcDbSymbolTableRecord
100
AcDbBlockTableRecord
  2
*D9
340
0
 70
     0
280
     1
281
     0
  0
BLOCK_RECORD
  5
192
330
1
100
AcDbSymbolTableRecord
100
AcDbBlockTableRecord
  2
*D10
340
0
 70
     0
280
     1
281
     0
  0
BLOCK_RECORD
  5
19F
330
1
100
AcDbSymbolTableRecord
100
AcDbBlockTableRecord
  2
*D11
340
0
 70
     0
280
     1
281
     0
  0
BLOCK_RECORD
  5
1AC
330
1
100
AcDbSymbolTableRecord
100
AcDbBlockTableRecord
  2
*D12
340
0
 70
     0
280
     1
281
     0
  0
BLOCK_RECORD
  5
1B9
330
1
100
AcDbSymbolTableRecord
100
AcDbBlockTableRecord
  2
*D13
340
0
 70
     0
280
     1
281
     0
  0
BLOCK_RECORD
  5
1C6
330
1
100
AcDbSymbolTableRecord
100
AcDbBlockTableRecord
  2
*D14
340
0
 70
     0
280
     1
281
     0
  0
BLOCK_RECORD
  5
1D3
330
1
100
AcDbSymbolTableRecord
100
AcDbBlockTableRecord
  2
*D15
340
0
 70
     0
280
     1
281
     0
  0
BLOCK_RECORD
  5
1E0
330
1
100
AcDbSymbolTableRecord
100
AcDbBlockTableRecord
  2
*D16
340
0
 70
     0
280
     1
281
     0
  0
BLOCK_RECORD
  5
1ED
330
1
100
AcDbSymbolTableRecord
100
AcDbBlockTableRecord
  2
*D17
340
0
 70
     0
280
     1
281
     0
  0
BLOCK_RECORD
  5
1FA
330
1
100
AcDbSymbolTableRecord
100
AcDbBlockTableRecord
  2
*D18
340
0
 70
     0
280
     1
281
     0
  0
BLOCK_RECORD
  5
207
330
1
100
AcDbSymbolTableRecord
100
AcDbBlockTableRecord
  2
*D19
340
0
 70
     0
280
     1
281
     0
  0
BLOCK_RECORD
  5
214
330
1
100
AcDbSymbolTableRecord
100
AcDbBlockTableRecord
  2
*D20
340
0
 70
     0
280
     1
281
     0
  0
BLOCK_RECORD
  5
221
330
1
100
AcDbSymbolTableRecord
100
AcDbBlockTableRecord
  2
*D21
340
0
 70
     0
280
     1
281
     0
  0
BLOCK_RECORD
  5
22E
330
1
100
AcDbSymbolTableRecord
100
AcDbBlockTableRecord
  2
*D22
340
0
 70
     0
280
     1
281
     0
  0
BLOCK_RECORD
  5
23B
330
1
100
AcDbSymbolTableRecord
100
AcDbBlockTableRecord
  2
*D23
340
0
 70
     0
280
     1
281
     0
  0
BLOCK_RECORD
  5
248
330
1
100
AcDbSymbolTableRecord
100
AcDbBlockTableRecord
  2
*D24
340
0
 70
     0
280
     1
281
     0
  0
BLOCK_RECORD
  5
255
330
1
100
AcDbSymbolTableRecord
100
AcDbBlockTableRecord
  2
*D25
340
0
 70
     0
280
     1
281
     0
  0
BLOCK_RECORD
  5
262
330
1
100
AcDbSymbolTableRecord
100
AcDbBlockTableRecord
  2
*D26
340
0
 70
     0
280
     1
281
     0
  0
BLOCK_RECORD
  5
26F
330
1
100
AcDbSymbolTableRecord
100
AcDbBlockTableRecord
  2
*D27
340
0
 70
     0
280
     1
281
     0
  0
BLOCK_RECORD
  5
27C
330
1
100
AcDbSymbolTableRecord
100
AcDbBlockTableRecord
  2
*D28
340
0
 70
     0
280
     1
281
     0
  0
BLOCK_RECORD
  5
289
330
1
100
AcDbSymbolTableRecord
100
AcDbBlockTableRecord
  2
*D29
340
0
 70
     0
280
     1
281
     0
  0
BLOCK_RECORD
  5
296
330
1
100
AcDbSymbolTableRecord
100
AcDbBlockTableRecord
  2
*D30
340
0
 70
     0
280
     1
281
     0
  0
BLOCK_RECORD
  5
2A3
330
1
100
AcDbSymbolTableRecord
100
AcDbBlockTableRecord
  2
*D31
340
0
 70
     0
280
     1
281
     0
  0
BLOCK_RECORD
  5
2B0
330
1
100
AcDbSymbolTableRecord
100
AcDbBlockTableRecord
  2
*D32
340
0
 70
     0
280
     1
281
     0
  0
BLOCK_RECORD
  5
2BD
330
1
100
AcDbSymbolTableRecord
100
AcDbBlockTableRecord
  2
*D33
340
0
 70
     0
280
     1
281
     0
  0
BLOCK_RECORD
  5
2CA
330
1
100
AcDbSymbolTableRecord
100
AcDbBlockTableRecord
  2
*D34
340
0
 70
     0
280
     1
281
     0
  0
BLOCK_RECORD
  5
2D7
330
1
100
AcDbSymbolTableRecord
100
AcDbBlockTableRecord
  2
*D35
340
0
 70
     0
280
     1
281
     0
  0
BLOCK_RECORD
  5
2E4
330
1
100
AcDbSymbolTableRecord
100
AcDbBlockTableRecord
  2
*D36
340
0
 70
     0
280
     1
281
     0
  0
BLOCK_RECORD
  5
2F1
330
1
100
AcDbSymbolTableRecord
100
AcDbBlockTableRecord
  2
*D37
340
0
 70
     0
280
     1
281
     0
  0
BLOCK_RECORD
  5
2FE
330
1
100
AcDbSymbolTableRecord
100
AcDbBlockTableRecord
  2
*D38
340
0
 70
     0
280
     1
281
     0
  0
BLOCK_RECORD
  5
30B
330
1
100
AcDbSymbolTableRecord
100
AcDbBlockTableRecord
  2
*D39
340
0
 70
     0
280
     1
281
     0
  0
BLOCK_RECORD
  5
318
330
1
100
AcDbSymbolTableRecord
100
AcDbBlockTableRecord
  2
*D40
340
0
 70
     0
280
     1
281
     0
  0
BLOCK_RECORD
  5
325
330
1
100
AcDbSymbolTableRecord
100
AcDbBlockTableRecord
  2
*D41
340
0
 70
     0
280
     1
281
     0
  0
BLOCK_RECORD
  5
332
330
1
100
AcDbSymbolTableRecord
100
AcDbBlockTableRecord
  2
*D42
340
0
 70
     0
280
     1
281
     0
  0
BLOCK_RECORD
  5
33F
330
1
100
AcDbSymbolTableRecord
100
AcDbBlockTableRecord
  2
*D43
340
0
 70
     0
280
     1
281
     0
  0
BLOCK_RECORD
  5
34C
330
1
100
AcDbSymbolTableRecord
100
AcDbBlockTableRecord
  2
*D44
340
0
 70
     0
280
     1
281
     0
  0
BLOCK_RECORD
  5
3B1
330
1
100
AcDbSymbolTableRecord
100
AcDbBlockTableRecord
  2
_AXISO
340
0
102
{BLKREFS
331
55F
331
563
331
567
331
56B
331
56F
331
573
331
577
331
57B
331
57F
331
583
331
587
331
58B
331
58F
331
593
331
597
331
59B
331
59F
331
5A3
331
46F
331
473
331
477
331
47B
331
47F
331
483
331
487
331
48B
331
48F
331
493
331
497
331
49B
331
49F
331
4A3
331
4A7
331
4AB
331
4AF
331
4B3
102
}
 70
     0
280
     1
281
     0
  0
BLOCK_RECORD
  5
45D
102
{ACAD_XDICTIONARY
360
460
102
}
330
1
100
AcDbSymbolTableRecord
100
AcDbBlockTableRecord
  2
_FZH
340
0
102
{BLKREFS
331
555
331
556
331
557
331
558
331
559
331
55A
331
55B
331
55C
331
55D
331
5EF
331
5F0
331
5F1
331
5F2
331
5F3
331
5F4
331
5F5
331
5F6
331
463
331
464
331
465
331
466
331
467
331
468
331
469
331
46A
331
46B
331
46C
102
}
 70
     0
280
     1
281
     0
  0
ENDTAB
  0
ENDSEC
  0
SECTION
  2
BLOCKS
  0
BLOCK
  5
5
330
2
100
AcDbEntity
  8
0
100
AcDbBlockBegin
  2
*Model_Space
 70
     0
 10
0.0
 20
0.0
 30
0.0
  3
*Model_Space
  1

  0
ENDBLK
  5
358
330
2
100
AcDbEntity
  8
0
100
AcDbBlockEnd
  0
BLOCK
  5
35C
330
35B
100
AcDbEntity
 67
     1
  8
0
100
AcDbBlockBegin
  2
*Paper_Space
 70
     0
 10
0.0
 20
0.0
 30
0.0
  3
*Paper_Space
  1

  0
ENDBLK
  5
35D
330
35B
100
AcDbEntity
 67
     1
  8
0
100
AcDbBlockEnd
  0
BLOCK
  5
360
330
35F
100
AcDbEntity
 67
     1
  8
0
100
AcDbBlockBegin
  2
*Paper_Space0
 70
     0
 10
0.0
 20
0.0
 30
0.0
  3
*Paper_Space0
  1

  0
ENDBLK
  5
361
330
35F
100
AcDbEntity
 67
     1
  8
0
100
AcDbBlockEnd
  0
BLOCK
  5
24
330
21
100
AcDbEntity
  8
0
100
AcDbBlockBegin
  2
$LinePat$保温层
 70
     0
 10
0.0
 20
0.0
 30
0.0
  3
$LinePat$保温层
  1

  0
LINE
  5
25
330
21
100
AcDbEntity
  8
0
 62
     0
100
AcDbLine
 10
24.0
 20
-24.0
 30
0.0
 11
24.0
 21
-56.0
 31
0.0
  0
LINE
  5
26
330
21
100
AcDbEntity
  8
0
 62
     0
100
AcDbLine
 10
72.0
 20
-56.0
 30
0.0
 11
72.0
 21
-24.0
 31
0.0
  0
ARC
  5
27
330
21
100
AcDbEntity
  8
0
 62
     0
100
AcDbCircle
 10
0.0
 20
-24.0
 30
0.0
 40
23.99999999999855
100
AcDbArc
 50
0.0
 51
90.0
  0
ARC
  5
28
330
21
100
AcDbEntity
  8
0
 62
     0
100
AcDbCircle
 10
96.0
 20
-24.0
 30
0.0
 40
24.00000000000037
100
AcDbArc
 50
90.0
 51
180.0
  0
ARC
  5
29
330
21
100
AcDbEntity
  8
0
 62
     0
100
AcDbCircle
 10
48.0
 20
-56.0
 30
0.0
 40
24.00000000000037
100
AcDbArc
 50
180.0
 51
0.0
  0
ENDBLK
  5
2A
330
21
100
AcDbEntity
  8
0
100
AcDbBlockEnd
  0
BLOCK
  5
E1
330
E0
100
AcDbEntity
  8
0
100
AcDbBlockBegin
  2
$DorLib2D$00000131
 70
     0
 10
0.0
 20
0.0
 30
0.0
  3
$DorLib2D$00000131
  1

  0
LINE
  5
E2
330
E0
100
AcDbEntity
  8
0
  6
Continuous
 62
     0
100
AcDbLine
 10
-0.23
 20
-0.2
 30
0.0
 11
-0.23
 21
-0.13
 31
0.0
  0
LINE
  5
E3
330
E0
100
AcDbEntity
  8
0
  6
Continuous
 62
     0
100
AcDbLine
 10
-0.15
 20
-0.13
 30
0.0
 11
-0.23
 21
-0.2
 31
0.0
  0
LINE
  5
E4
330
E0
100
AcDbEntity
  8
0
  6
Continuous
 62
     0
100
AcDbLine
 10
-0.35
 20
-0.13
 30
0.0
 11
-0.15
 21
-0.13
 31
0.0
  0
LINE
  5
E5
330
E0
100
AcDbEntity
  8
0
  6
Continuous
 62
     0
100
AcDbLine
 10
0.23
 20
0.2
 30
0.0
 11
0.23
 21
0.13
 31
0.0
  0
LINE
  5
E6
330
E0
100
AcDbEntity
  8
0
  6
Continuous
 62
     0
100
AcDbLine
 10
0.15
 20
0.13
 30
0.0
 11
0.23
 21
0.2
 31
0.0
  0
LINE
  5
E7
330
E0
100
AcDbEntity
  8
0
  6
Continuous
 62
     0
100
AcDbLine
 10
0.35
 20
0.13
 30
0.0
 11
0.15
 21
0.13
 31
0.0
  0
LINE
  5
E8
330
E0
100
AcDbEntity
  8
0
  6
Continuous
 62
     0
100
AcDbLine
 10
0.5
 20
0.0
 30
0.0
 11
0.5
 21
-0.13
 31
0.0
  0
LINE
  5
E9
330
E0
100
AcDbEntity
  8
0
  6
Continuous
 62
     0
100
AcDbLine
 10
-0.02
 20
0.0
 30
0.0
 11
0.5
 21
0.0
 31
0.0
  0
LINE
  5
EA
330
E0
100
AcDbEntity
  8
0
  6
Continuous
 62
     0
100
AcDbLine
 10
-0.02
 20
-0.13
 30
0.0
 11
-0.02
 21
0.0
 31
0.0
  0
LINE
  5
EB
330
E0
100
AcDbEntity
  8
0
  6
Continuous
 62
     0
100
AcDbLine
 10
0.5
 20
-0.13
 30
0.0
 11
-0.02
 21
-0.13
 31
0.0
  0
LINE
  5
EC
330
E0
100
AcDbEntity
  8
0
  6
Continuous
 62
     0
100
AcDbLine
 10
-0.5
 20
0.13
 30
0.0
 11
-0.5
 21
0.0
 31
0.0
  0
LINE
  5
ED
330
E0
100
AcDbEntity
  8
0
  6
Continuous
 62
     0
100
AcDbLine
 10
0.02
 20
0.13
 30
0.0
 11
-0.5
 21
0.13
 31
0.0
  0
LINE
  5
EE
330
E0
100
AcDbEntity
  8
0
  6
Continuous
 62
     0
100
AcDbLine
 10
0.02
 20
0.0
 30
0.0
 11
0.02
 21
0.13
 31
0.0
  0
LINE
  5
EF
330
E0
100
AcDbEntity
  8
0
  6
Continuous
 62
     0
100
AcDbLine
 10
-0.5
 20
0.0
 30
0.0
 11
0.02
 21
0.0
 31
0.0
  0
ENDBLK
  5
F0
330
E0
100
AcDbEntity
  8
0
100
AcDbBlockEnd
  0
BLOCK
  5
7B
330
7A
100
AcDbEntity
  8
0
100
AcDbBlockBegin
  2
$TCHSYS$DOOR3D
 70
     0
 10
0.0
 20
0.0
 30
0.0
  3
$TCHSYS$DOOR3D
  1

  0
3DFACE
  5
7C
330
7A
100
AcDbEntity
  8
3T_WOOD
100
AcDbFace
 10
409.41
 20
-10.0
 30
2055.56
 11
-411.02
 21
-10.0
 31
2055.56
 12
-411.02
 22
-10.0
 32
1.21
 13
409.41
 23
-10.0
 33
1.21
  0
3DFACE
  5
7E
330
7A
100
AcDbEntity
  8
3T_WOOD
100
AcDbFace
 10
-450.0
 20
50.0
 30
2100.0
 11
409.09
 21
50.0
 31
2055.58
 12
-409.09
 22
50.0
 32
2055.58
 13
-409.09
 23
50.0
 33
2055.58
 70
    13
  0
3DFACE
  5
7F
330
7A
100
AcDbEntity
  8
3T_WOOD
100
AcDbFace
 10
409.09
 20
50.0
 30
2055.58
 11
-450.0
 21
50.0
 31
2100.0
 12
450.0
 22
50.0
 32
2100.0
 13
450.0
 23
50.0
 33
2100.0
 70
    13
  0
3DFACE
  5
80
330
7A
100
AcDbEntity
  8
3T_WOOD
100
AcDbFace
 10
-450.0
 20
-50.0
 30
2100.0
 11
-409.09
 21
-50.0
 31
2055.58
 12
409.09
 22
-50.0
 32
2055.58
 13
409.09
 23
-50.0
 33
2055.58
 70
    13
  0
3DFACE
  5
81
330
7A
100
AcDbEntity
  8
3T_WOOD
100
AcDbFace
 10
409.09
 20
-50.0
 30
2055.58
 11
450.0
 21
-50.0
 31
2100.0
 12
-450.0
 22
-50.0
 32
2100.0
 13
-450.0
 23
-50.0
 33
2100.0
 70
    13
  0
3DFACE
  5
82
330
7A
100
AcDbEntity
  8
3T_WOOD
100
AcDbFace
 10
-409.09
 20
-50.0
 30
2055.58
 11
-409.09
 21
50.0
 31
2055.58
 12
409.09
 22
50.0
 32
2055.58
 13
409.09
 23
-50.0
 33
2055.58
  0
3DFACE
  5
83
330
7A
100
AcDbEntity
  8
3T_WOOD
100
AcDbFace
 10
-450.0
 20
50.0
 30
0.0
 11
-409.09
 21
50.0
 31
2055.58
 12
-409.09
 22
50.0
 32
0.0
 13
-409.09
 23
50.0
 33
0.0
 70
     1
  0
3DFACE
  5
84
330
7A
100
AcDbEntity
  8
3T_WOOD
100
AcDbFace
 10
409.09
 20
50.0
 30
2055.58
 11
450.0
 21
50.0
 31
0.0
 12
409.09
 22
50.0
 32
0.0
 13
409.09
 23
50.0
 33
0.0
 70
     1
  0
3DFACE
  5
85
330
7A
100
AcDbEntity
  8
3T_WOOD
100
AcDbFace
 10
409.09
 20
50.0
 30
2055.58
 11
450.0
 21
50.0
 31
2100.0
 12
450.0
 22
50.0
 32
0.0
 13
450.0
 23
50.0
 33
0.0
 70
    13
  0
3DFACE
  5
86
330
7A
100
AcDbEntity
  8
3T_WOOD
100
AcDbFace
 10
-450.0
 20
50.0
 30
2100.0
 11
-409.09
 21
50.0
 31
2055.58
 12
-450.0
 22
50.0
 32
0.0
 13
-450.0
 23
50.0
 33
0.0
 70
     3
  0
3DFACE
  5
87
330
7A
100
AcDbEntity
  8
3T_WOOD
100
AcDbFace
 10
-450.0
 20
-50.0
 30
0.0
 11
-409.09
 21
-50.0
 31
0.0
 12
-409.09
 22
-50.0
 32
2055.58
 13
-409.09
 23
-50.0
 33
2055.58
 70
    12
  0
3DFACE
  5
88
330
7A
100
AcDbEntity
  8
3T_WOOD
100
AcDbFace
 10
409.09
 20
-50.0
 30
2055.58
 11
409.09
 21
-50.0
 31
0.0
 12
450.0
 22
-50.0
 32
0.0
 13
450.0
 23
-50.0
 33
0.0
 70
    12
  0
3DFACE
  5
89
330
7A
100
AcDbEntity
  8
3T_WOOD
100
AcDbFace
 10
409.09
 20
-50.0
 30
2055.58
 11
450.0
 21
-50.0
 31
0.0
 12
450.0
 22
-50.0
 32
2100.0
 13
450.0
 23
-50.0
 33
2100.0
 70
    13
  0
3DFACE
  5
8A
330
7A
100
AcDbEntity
  8
3T_WOOD
100
AcDbFace
 10
-450.0
 20
-50.0
 30
2100.0
 11
-450.0
 21
-50.0
 31
0.0
 12
-409.09
 22
-50.0
 32
2055.58
 13
-409.09
 23
-50.0
 33
2055.58
 70
    14
  0
3DFACE
  5
8B
330
7A
100
AcDbEntity
  8
3T_WOOD
100
AcDbFace
 10
450.0
 20
-50.0
 30
0.0
 11
450.0
 21
50.0
 31
0.0
 12
450.0
 22
50.0
 32
2100.0
 13
450.0
 23
50.0
 33
2100.0
 70
    13
  0
3DFACE
  5
8C
330
7A
100
AcDbEntity
  8
3T_WOOD
100
AcDbFace
 10
450.0
 20
-50.0
 30
2100.0
 11
450.0
 21
-50.0
 31
0.0
 12
450.0
 22
50.0
 32
2100.0
 13
450.0
 23
50.0
 33
2100.0
 70
    14
  0
3DFACE
  5
8D
330
7A
100
AcDbEntity
  8
3T_WOOD
100
AcDbFace
 10
-450.0
 20
-50.0
 30
0.0
 11
-450.0
 21
-50.0
 31
2100.0
 12
-450.0
 22
50.0
 32
2100.0
 13
-450.0
 23
50.0
 33
2100.0
 70
    14
  0
3DFACE
  5
8E
330
7A
100
AcDbEntity
  8
3T_WOOD
100
AcDbFace
 10
-450.0
 20
-50.0
 30
0.0
 11
-450.0
 21
50.0
 31
2100.0
 12
-450.0
 22
50.0
 32
0.0
 13
-450.0
 23
50.0
 33
0.0
 70
    13
  0
3DFACE
  5
8F
330
7A
100
AcDbEntity
  8
3T_WOOD
100
AcDbFace
 10
409.09
 20
-50.0
 30
0.0
 11
409.09
 21
-50.0
 31
2055.58
 12
409.09
 22
50.0
 32
2055.58
 13
409.09
 23
50.0
 33
0.0
  0
3DFACE
  5
90
330
7A
100
AcDbEntity
  8
3T_WOOD
100
AcDbFace
 10
-409.09
 20
50.0
 30
0.0
 11
-409.09
 21
50.0
 31
2055.58
 12
-409.09
 22
-50.0
 32
2055.58
 13
-409.09
 23
-50.0
 33
0.0
  0
3DFACE
  5
91
330
7A
100
AcDbEntity
  8
3T_BAR
100
AcDbFace
 10
-330.18
 20
80.44
 30
907.28
 11
-341.34
 21
80.44
 31
920.52
 12
-341.34
 22
-63.56
 32
920.52
 13
-330.18
 23
-63.56
 33
907.28
  0
3DFACE
  5
92
330
7A
100
AcDbEntity
  8
3T_BAR
100
AcDbFace
 10
-341.34
 20
80.44
 30
920.52
 11
-352.49
 21
80.44
 31
907.28
 12
-352.49
 22
-63.56
 32
907.28
 13
-341.34
 23
-63.56
 33
920.52
  0
3DFACE
  5
93
330
7A
100
AcDbEntity
  8
3T_BAR
100
AcDbFace
 10
-352.49
 20
80.44
 30
907.28
 11
-341.34
 21
80.44
 31
894.03
 12
-341.34
 22
-63.56
 32
894.03
 13
-352.49
 23
-63.56
 33
907.28
  0
3DFACE
  5
94
330
7A
100
AcDbEntity
  8
3T_BAR
100
AcDbFace
 10
-341.34
 20
80.44
 30
894.03
 11
-330.18
 21
80.44
 31
907.28
 12
-330.18
 22
-63.56
 32
907.28
 13
-341.34
 23
-63.56
 33
894.03
  0
3DFACE
  5
95
330
7A
100
AcDbEntity
  8
3T_BAR
100
AcDbFace
 10
-351.72
 20
-63.56
 30
907.27
 11
-351.72
 21
-87.56
 31
907.27
 12
-350.12
 22
-87.56
 32
913.54
 13
-351.72
 23
-63.56
 33
907.27
 70
     4
  0
3DFACE
  5
96
330
7A
100
AcDbEntity
  8
3T_BAR
100
AcDbFace
 10
-351.72
 20
-63.56
 30
907.27
 11
-350.12
 21
-87.56
 31
913.54
 12
-350.12
 22
-63.56
 32
913.54
 13
-351.72
 23
-63.56
 33
907.27
 70
     3
  0
3DFACE
  5
97
330
7A
100
AcDbEntity
  8
3T_BAR
100
AcDbFace
 10
-350.12
 20
-63.56
 30
913.54
 11
-350.12
 21
-87.56
 31
913.54
 12
-346.14
 22
-87.56
 32
918.08
 13
-350.12
 23
-63.56
 33
913.54
 70
     5
  0
3DFACE
  5
98
330
7A
100
AcDbEntity
  8
3T_BAR
100
AcDbFace
 10
-350.12
 20
-63.56
 30
913.54
 11
-346.14
 21
-87.56
 31
918.08
 12
-346.14
 22
-63.56
 32
918.08
 13
-350.12
 23
-63.56
 33
913.54
 70
     3
  0
3DFACE
  5
99
330
7A
100
AcDbEntity
  8
3T_BAR
100
AcDbFace
 10
-346.14
 20
-87.56
 30
918.08
 11
-340.81
 21
-87.56
 31
919.73
 12
-340.81
 22
-63.56
 32
919.73
 13
-346.14
 23
-87.56
 33
918.08
 70
     6
  0
3DFACE
  5
9A
330
7A
100
AcDbEntity
  8
3T_BAR
100
AcDbFace
 10
-346.14
 20
-87.56
 30
918.08
 11
-340.81
 21
-63.56
 31
919.73
 12
-346.14
 22
-63.56
 32
918.08
 13
-346.14
 23
-87.56
 33
918.08
 70
     5
  0
3DFACE
  5
9B
330
7A
100
AcDbEntity
  8
3T_BAR
100
AcDbFace
 10
-340.81
 20
-87.56
 30
919.73
 11
-335.47
 21
-87.56
 31
918.08
 12
-335.47
 22
-63.56
 32
918.08
 13
-340.81
 23
-87.56
 33
919.73
 70
     6
  0
3DFACE
  5
9C
330
7A
100
AcDbEntity
  8
3T_BAR
100
AcDbFace
 10
-340.81
 20
-87.56
 30
919.73
 11
-335.47
 21
-63.56
 31
918.08
 12
-340.81
 22
-63.56
 32
919.73
 13
-340.81
 23
-87.56
 33
919.73
 70
     5
  0
3DFACE
  5
9D
330
7A
100
AcDbEntity
  8
3T_BAR
100
AcDbFace
 10
-335.47
 20
-63.56
 30
918.08
 11
-335.47
 21
-87.56
 31
918.08
 12
-331.49
 22
-87.56
 32
913.54
 13
-335.47
 23
-63.56
 33
918.08
 70
     5
  0
3DFACE
  5
9E
330
7A
100
AcDbEntity
  8
3T_BAR
100
AcDbFace
 10
-335.47
 20
-63.56
 30
918.08
 11
-331.49
 21
-87.56
 31
913.54
 12
-331.49
 22
-63.56
 32
913.54
 13
-335.47
 23
-63.56
 33
918.08
 70
     3
  0
3DFACE
  5
9F
330
7A
100
AcDbEntity
  8
3T_BAR
100
AcDbFace
 10
-331.49
 20
-63.56
 30
913.54
 11
-331.49
 21
-87.56
 31
913.54
 12
-329.89
 22
-87.56
 32
907.27
 13
-331.49
 23
-63.56
 33
913.54
 70
     5
  0
3DFACE
  5
A0
330
7A
100
AcDbEntity
  8
3T_BAR
100
AcDbFace
 10
-331.49
 20
-63.56
 30
913.54
 11
-329.89
 21
-87.56
 31
907.27
 12
-329.89
 22
-63.56
 32
907.27
 13
-331.49
 23
-63.56
 33
913.54
 70
     1
  0
3DFACE
  5
A1
330
7A
100
AcDbEntity
  8
3T_BAR
100
AcDbFace
 10
-329.89
 20
-87.56
 30
907.27
 11
-333.71
 21
-87.56
 31
812.63
 12
-333.71
 22
-63.56
 32
812.63
 13
-329.89
 23
-87.56
 33
907.27
 70
     4
  0
3DFACE
  5
A2
330
7A
100
AcDbEntity
  8
3T_BAR
100
AcDbFace
 10
-329.89
 20
-87.56
 30
907.27
 11
-333.71
 21
-63.56
 31
812.63
 12
-329.89
 22
-63.56
 32
907.27
 13
-329.89
 23
-87.56
 33
907.27
 70
     1
  0
3DFACE
  5
A3
330
7A
100
AcDbEntity
  8
3T_BAR
100
AcDbFace
 10
-333.71
 20
-63.56
 30
812.63
 11
-333.71
 21
-87.56
 31
812.63
 12
-348.45
 22
-87.56
 32
812.63
 13
-333.71
 23
-63.56
 33
812.63
 70
     4
  0
3DFACE
  5
A4
330
7A
100
AcDbEntity
  8
3T_BAR
100
AcDbFace
 10
-333.71
 20
-63.56
 30
812.63
 11
-348.45
 21
-87.56
 31
812.63
 12
-348.45
 22
-63.56
 32
812.63
 13
-333.71
 23
-63.56
 33
812.63
 70
     1
  0
3DFACE
  5
A5
330
7A
100
AcDbEntity
  8
3T_BAR
100
AcDbFace
 10
-348.45
 20
-63.56
 30
812.63
 11
-348.45
 21
-87.56
 31
812.63
 12
-351.72
 22
-87.56
 32
907.27
 13
-348.45
 23
-63.56
 33
812.63
 70
     4
  0
3DFACE
  5
A6
330
7A
100
AcDbEntity
  8
3T_BAR
100
AcDbFace
 10
-348.45
 20
-63.56
 30
812.63
 11
-351.72
 21
-87.56
 31
907.27
 12
-351.72
 22
-63.56
 32
907.27
 13
-348.45
 23
-63.56
 33
812.63
 70
     1
  0
3DFACE
  5
A7
330
7A
100
AcDbEntity
  8
3T_BAR
100
AcDbFace
 10
-348.45
 20
-63.56
 30
812.63
 11
-351.72
 21
-63.56
 31
907.27
 12
-346.14
 22
-63.56
 32
918.08
 13
-348.45
 23
-63.56
 33
812.63
 70
     6
  0
3DFACE
  5
A8
330
7A
100
AcDbEntity
  8
3T_BAR
100
AcDbFace
 10
-348.45
 20
-63.56
 30
812.63
 11
-346.14
 21
-63.56
 31
918.08
 12
-340.81
 22
-63.56
 32
919.73
 13
-348.45
 23
-63.56
 33
812.63
 70
     5
  0
3DFACE
  5
A9
330
7A
100
AcDbEntity
  8
3T_BAR
100
AcDbFace
 10
-348.45
 20
-63.56
 30
812.63
 11
-340.81
 21
-63.56
 31
919.73
 12
-333.71
 22
-63.56
 32
812.63
 13
-348.45
 23
-63.56
 33
812.63
 70
     3
  0
3DFACE
  5
AA
330
7A
100
AcDbEntity
  8
3T_BAR
100
AcDbFace
 10
-351.72
 20
-63.56
 30
907.27
 11
-350.12
 21
-63.56
 31
913.54
 12
-346.14
 22
-63.56
 32
918.08
 13
-351.72
 23
-63.56
 33
907.27
 70
     4
  0
3DFACE
  5
AB
330
7A
100
AcDbEntity
  8
3T_BAR
100
AcDbFace
 10
-340.81
 20
-63.56
 30
919.73
 11
-335.47
 21
-63.56
 31
918.08
 12
-333.71
 22
-63.56
 32
812.63
 13
-340.81
 23
-63.56
 33
919.73
 70
     6
  0
3DFACE
  5
AC
330
7A
100
AcDbEntity
  8
3T_BAR
100
AcDbFace
 10
-335.47
 20
-63.56
 30
918.08
 11
-331.49
 21
-63.56
 31
913.54
 12
-329.89
 22
-63.56
 32
907.27
 13
-335.47
 23
-63.56
 33
918.08
 70
     4
  0
3DFACE
  5
AD
330
7A
100
AcDbEntity
  8
3T_BAR
100
AcDbFace
 10
-335.47
 20
-63.56
 30
918.08
 11
-329.89
 21
-63.56
 31
907.27
 12
-333.71
 22
-63.56
 32
812.63
 13
-335.47
 23
-63.56
 33
918.08
 70
     5
  0
3DFACE
  5
AE
330
7A
100
AcDbEntity
  8
3T_BAR
100
AcDbFace
 10
-329.89
 20
-87.56
 30
907.27
 11
-331.49
 21
-87.56
 31
913.54
 12
-335.47
 22
-87.56
 32
918.08
 13
-329.89
 23
-87.56
 33
907.27
 70
     4
  0
3DFACE
  5
AF
330
7A
100
AcDbEntity
  8
3T_BAR
100
AcDbFace
 10
-329.89
 20
-87.56
 30
907.27
 11
-335.47
 21
-87.56
 31
918.08
 12
-333.71
 22
-87.56
 32
812.63
 13
-329.89
 23
-87.56
 33
907.27
 70
     3
  0
3DFACE
  5
B0
330
7A
100
AcDbEntity
  8
3T_BAR
100
AcDbFace
 10
-333.71
 20
-87.56
 30
812.63
 11
-335.47
 21
-87.56
 31
918.08
 12
-340.81
 22
-87.56
 32
919.73
 13
-333.71
 23
-87.56
 33
812.63
 70
     5
  0
3DFACE
  5
B1
330
7A
100
AcDbEntity
  8
3T_BAR
100
AcDbFace
 10
-333.71
 20
-87.56
 30
812.63
 11
-340.81
 21
-87.56
 31
919.73
 12
-348.45
 22
-87.56
 32
812.63
 13
-333.71
 23
-87.56
 33
812.63
 70
     3
  0
3DFACE
  5
B2
330
7A
100
AcDbEntity
  8
3T_BAR
100
AcDbFace
 10
-340.81
 20
-87.56
 30
919.73
 11
-346.14
 21
-87.56
 31
918.08
 12
-348.45
 22
-87.56
 32
812.63
 13
-340.81
 23
-87.56
 33
919.73
 70
     6
  0
3DFACE
  5
B3
330
7A
100
AcDbEntity
  8
3T_BAR
100
AcDbFace
 10
-346.14
 20
-87.56
 30
918.08
 11
-350.12
 21
-87.56
 31
913.54
 12
-351.72
 22
-87.56
 32
907.27
 13
-346.14
 23
-87.56
 33
918.08
 70
     4
  0
3DFACE
  5
B4
330
7A
100
AcDbEntity
  8
3T_BAR
100
AcDbFace
 10
-346.14
 20
-87.56
 30
918.08
 11
-351.72
 21
-87.56
 31
907.27
 12
-348.45
 22
-87.56
 32
812.63
 13
-346.14
 23
-87.56
 33
918.08
 70
     5
  0
3DFACE
  5
B5
330
7A
100
AcDbEntity
  8
3T_BAR
100
AcDbFace
 10
-351.72
 20
80.44
 30
907.27
 11
-351.72
 21
56.44
 31
907.27
 12
-350.12
 22
56.44
 32
913.54
 13
-351.72
 23
80.44
 33
907.27
 70
     4
  0
3DFACE
  5
B6
330
7A
100
AcDbEntity
  8
3T_BAR
100
AcDbFace
 10
-351.72
 20
80.44
 30
907.27
 11
-350.12
 21
56.44
 31
913.54
 12
-350.12
 22
80.44
 32
913.54
 13
-351.72
 23
80.44
 33
907.27
 70
     3
  0
3DFACE
  5
B7
330
7A
100
AcDbEntity
  8
3T_BAR
100
AcDbFace
 10
-350.12
 20
80.44
 30
913.54
 11
-350.12
 21
56.44
 31
913.54
 12
-346.14
 22
56.44
 32
918.08
 13
-350.12
 23
80.44
 33
913.54
 70
     5
  0
3DFACE
  5
B8
330
7A
100
AcDbEntity
  8
3T_BAR
100
AcDbFace
 10
-350.12
 20
80.44
 30
913.54
 11
-346.14
 21
56.44
 31
918.08
 12
-346.14
 22
80.44
 32
918.08
 13
-350.12
 23
80.44
 33
913.54
 70
     3
  0
3DFACE
  5
B9
330
7A
100
AcDbEntity
  8
3T_BAR
100
AcDbFace
 10
-346.14
 20
56.44
 30
918.08
 11
-340.81
 21
56.44
 31
919.73
 12
-340.81
 22
80.44
 32
919.73
 13
-346.14
 23
56.44
 33
918.08
 70
     6
  0
3DFACE
  5
BA
330
7A
100
AcDbEntity
  8
3T_BAR
100
AcDbFace
 10
-346.14
 20
56.44
 30
918.08
 11
-340.81
 21
80.44
 31
919.73
 12
-346.14
 22
80.44
 32
918.08
 13
-346.14
 23
56.44
 33
918.08
 70
     5
  0
3DFACE
  5
BB
330
7A
100
AcDbEntity
  8
3T_BAR
100
AcDbFace
 10
-340.81
 20
56.44
 30
919.73
 11
-335.47
 21
56.44
 31
918.08
 12
-335.47
 22
80.44
 32
918.08
 13
-340.81
 23
56.44
 33
919.73
 70
     6
  0
3DFACE
  5
BC
330
7A
100
AcDbEntity
  8
3T_BAR
100
AcDbFace
 10
-340.81
 20
56.44
 30
919.73
 11
-335.47
 21
80.44
 31
918.08
 12
-340.81
 22
80.44
 32
919.73
 13
-340.81
 23
56.44
 33
919.73
 70
     5
  0
3DFACE
  5
BD
330
7A
100
AcDbEntity
  8
3T_BAR
100
AcDbFace
 10
-335.47
 20
80.44
 30
918.08
 11
-335.47
 21
56.44
 31
918.08
 12
-331.49
 22
56.44
 32
913.54
 13
-335.47
 23
80.44
 33
918.08
 70
     5
  0
3DFACE
  5
BE
330
7A
100
AcDbEntity
  8
3T_BAR
100
AcDbFace
 10
-335.47
 20
80.44
 30
918.08
 11
-331.49
 21
56.44
 31
913.54
 12
-331.49
 22
80.44
 32
913.54
 13
-335.47
 23
80.44
 33
918.08
 70
     3
  0
3DFACE
  5
BF
330
7A
100
AcDbEntity
  8
3T_BAR
100
AcDbFace
 10
-331.49
 20
80.44
 30
913.54
 11
-331.49
 21
56.44
 31
913.54
 12
-329.89
 22
56.44
 32
907.27
 13
-331.49
 23
80.44
 33
913.54
 70
     5
  0
3DFACE
  5
C0
330
7A
100
AcDbEntity
  8
3T_BAR
100
AcDbFace
 10
-331.49
 20
80.44
 30
913.54
 11
-329.89
 21
56.44
 31
907.27
 12
-329.89
 22
80.44
 32
907.27
 13
-331.49
 23
80.44
 33
913.54
 70
     1
  0
3DFACE
  5
C1
330
7A
100
AcDbEntity
  8
3T_BAR
100
AcDbFace
 10
-329.89
 20
56.44
 30
907.27
 11
-333.71
 21
56.44
 31
812.63
 12
-333.71
 22
80.44
 32
812.63
 13
-329.89
 23
56.44
 33
907.27
 70
     4
  0
3DFACE
  5
C2
330
7A
100
AcDbEntity
  8
3T_BAR
100
AcDbFace
 10
-329.89
 20
56.44
 30
907.27
 11
-333.71
 21
80.44
 31
812.63
 12
-329.89
 22
80.44
 32
907.27
 13
-329.89
 23
56.44
 33
907.27
 70
     1
  0
3DFACE
  5
C3
330
7A
100
AcDbEntity
  8
3T_BAR
100
AcDbFace
 10
-333.71
 20
80.44
 30
812.63
 11
-333.71
 21
56.44
 31
812.63
 12
-348.45
 22
56.44
 32
812.63
 13
-333.71
 23
80.44
 33
812.63
 70
     4
  0
3DFACE
  5
C4
330
7A
100
AcDbEntity
  8
3T_BAR
100
AcDbFace
 10
-333.71
 20
80.44
 30
812.63
 11
-348.45
 21
56.44
 31
812.63
 12
-348.45
 22
80.44
 32
812.63
 13
-333.71
 23
80.44
 33
812.63
 70
     1
  0
3DFACE
  5
C5
330
7A
100
AcDbEntity
  8
3T_BAR
100
AcDbFace
 10
-348.45
 20
80.44
 30
812.63
 11
-348.45
 21
56.44
 31
812.63
 12
-351.72
 22
56.44
 32
907.27
 13
-348.45
 23
80.44
 33
812.63
 70
     4
  0
3DFACE
  5
C6
330
7A
100
AcDbEntity
  8
3T_BAR
100
AcDbFace
 10
-348.45
 20
80.44
 30
812.63
 11
-351.72
 21
56.44
 31
907.27
 12
-351.72
 22
80.44
 32
907.27
 13
-348.45
 23
80.44
 33
812.63
 70
     1
  0
3DFACE
  5
C7
330
7A
100
AcDbEntity
  8
3T_BAR
100
AcDbFace
 10
-348.45
 20
80.44
 30
812.63
 11
-351.72
 21
80.44
 31
907.27
 12
-346.14
 22
80.44
 32
918.08
 13
-348.45
 23
80.44
 33
812.63
 70
     6
  0
3DFACE
  5
C8
330
7A
100
AcDbEntity
  8
3T_BAR
100
AcDbFace
 10
-348.45
 20
80.44
 30
812.63
 11
-346.14
 21
80.44
 31
918.08
 12
-340.81
 22
80.44
 32
919.73
 13
-348.45
 23
80.44
 33
812.63
 70
     5
  0
3DFACE
  5
C9
330
7A
100
AcDbEntity
  8
3T_BAR
100
AcDbFace
 10
-348.45
 20
80.44
 30
812.63
 11
-340.81
 21
80.44
 31
919.73
 12
-333.71
 22
80.44
 32
812.63
 13
-348.45
 23
80.44
 33
812.63
 70
     3
  0
3DFACE
  5
CA
330
7A
100
AcDbEntity
  8
3T_BAR
100
AcDbFace
 10
-351.72
 20
80.44
 30
907.27
 11
-350.12
 21
80.44
 31
913.54
 12
-346.14
 22
80.44
 32
918.08
 13
-351.72
 23
80.44
 33
907.27
 70
     4
  0
3DFACE
  5
CB
330
7A
100
AcDbEntity
  8
3T_BAR
100
AcDbFace
 10
-340.81
 20
80.44
 30
919.73
 11
-335.47
 21
80.44
 31
918.08
 12
-333.71
 22
80.44
 32
812.63
 13
-340.81
 23
80.44
 33
919.73
 70
     6
  0
3DFACE
  5
CC
330
7A
100
AcDbEntity
  8
3T_BAR
100
AcDbFace
 10
-335.47
 20
80.44
 30
918.08
 11
-331.49
 21
80.44
 31
913.54
 12
-329.89
 22
80.44
 32
907.27
 13
-335.47
 23
80.44
 33
918.08
 70
     4
  0
3DFACE
  5
CD
330
7A
100
AcDbEntity
  8
3T_BAR
100
AcDbFace
 10
-335.47
 20
80.44
 30
918.08
 11
-329.89
 21
80.44
 31
907.27
 12
-333.71
 22
80.44
 32
812.63
 13
-335.47
 23
80.44
 33
918.08
 70
     5
  0
3DFACE
  5
CE
330
7A
100
AcDbEntity
  8
3T_BAR
100
AcDbFace
 10
-329.89
 20
56.44
 30
907.27
 11
-331.49
 21
56.44
 31
913.54
 12
-335.47
 22
56.44
 32
918.08
 13
-329.89
 23
56.44
 33
907.27
 70
     4
  0
3DFACE
  5
CF
330
7A
100
AcDbEntity
  8
3T_BAR
100
AcDbFace
 10
-329.89
 20
56.44
 30
907.27
 11
-335.47
 21
56.44
 31
918.08
 12
-333.71
 22
56.44
 32
812.63
 13
-329.89
 23
56.44
 33
907.27
 70
     3
  0
3DFACE
  5
D0
330
7A
100
AcDbEntity
  8
3T_BAR
100
AcDbFace
 10
-333.71
 20
56.44
 30
812.63
 11
-335.47
 21
56.44
 31
918.08
 12
-340.81
 22
56.44
 32
919.73
 13
-333.71
 23
56.44
 33
812.63
 70
     5
  0
3DFACE
  5
D1
330
7A
100
AcDbEntity
  8
3T_BAR
100
AcDbFace
 10
-333.71
 20
56.44
 30
812.63
 11
-340.81
 21
56.44
 31
919.73
 12
-348.45
 22
56.44
 32
812.63
 13
-333.71
 23
56.44
 33
812.63
 70
     3
  0
3DFACE
  5
D2
330
7A
100
AcDbEntity
  8
3T_BAR
100
AcDbFace
 10
-340.81
 20
56.44
 30
919.73
 11
-346.14
 21
56.44
 31
918.08
 12
-348.45
 22
56.44
 32
812.63
 13
-340.81
 23
56.44
 33
919.73
 70
     6
  0
3DFACE
  5
D3
330
7A
100
AcDbEntity
  8
3T_BAR
100
AcDbFace
 10
-346.14
 20
56.44
 30
918.08
 11
-350.12
 21
56.44
 31
913.54
 12
-351.72
 22
56.44
 32
907.27
 13
-346.14
 23
56.44
 33
918.08
 70
     4
  0
3DFACE
  5
D4
330
7A
100
AcDbEntity
  8
3T_BAR
100
AcDbFace
 10
-346.14
 20
56.44
 30
918.08
 11
-351.72
 21
56.44
 31
907.27
 12
-348.45
 22
56.44
 32
812.63
 13
-346.14
 23
56.44
 33
918.08
 70
     5
  0
3DFACE
  5
D5
330
7A
100
AcDbEntity
  8
3T_WOOD
100
AcDbFace
 10
409.41
 20
10.0
 30
2055.56
 11
-411.02
 21
10.0
 31
2055.56
 12
-411.02
 22
10.0
 32
1.21
 13
409.41
 23
10.0
 33
1.21
  0
ENDBLK
  5
D6
330
7A
100
AcDbEntity
  8
0
100
AcDbBlockEnd
  0
BLOCK
  5
185
330
184
100
AcDbEntity
  8
0
100
AcDbBlockBegin
  2
_ArchTick
 70
     0
 10
0.0
 20
0.0
 30
0.0
  3
_ArchTick
  1

  0
LWPOLYLINE
  5
186
330
184
100
AcDbEntity
  8
0
  6
ByBlock
 62
     0
100
AcDbPolyline
 90
        2
 70
     0
 43
0.15
 10
-0.5
 20
-0.5
 10
0.5
 20
0.5
  0
ENDBLK
  5
187
330
184
100
AcDbEntity
  8
0
100
AcDbBlockEnd
  0
BLOCK
  5
73
330
71
100
AcDbEntity
  8
0
100
AcDbBlockBegin
  2
$DorLib2D$00000001
 70
     0
 10
0.0
 20
0.0
 30
0.0
  3
$DorLib2D$00000001
  1

  0
LINE
  5
74
330
71
100
AcDbEntity
  8
0
100
AcDbLine
 10
0.45
 20
0.98
 30
0.0
 11
0.5
 21
0.98
 31
0.0
  0
LINE
  5
75
330
71
100
AcDbEntity
  8
0
100
AcDbLine
 10
0.5
 20
0.0
 30
0.0
 11
0.45
 21
0.0
 31
0.0
  0
ARC
  5
76
330
71
100
AcDbEntity
  8
0
370
    13
100
AcDbCircle
 10
0.48
 20
0.0
 30
0.0
 40
0.975
100
AcDbArc
 50
91.47
 51
180.0
  0
LINE
  5
77
330
71
100
AcDbEntity
  8
0
100
AcDbLine
 10
0.5
 20
0.0
 30
0.0
 11
0.5
 21
0.98
 31
0.0
  0
LINE
  5
78
330
71
100
AcDbEntity
  8
0
100
AcDbLine
 10
0.45
 20
0.0
 30
0.0
 11
0.45
 21
0.98
 31
0.0
  0
ENDBLK
  5
79
330
71
100
AcDbEntity
  8
0
100
AcDbBlockEnd
  0
BLOCK
  5
101
330
FF
100
AcDbEntity
  8
0
100
AcDbBlockBegin
  2
$DorLib2D$00000002
 70
     0
 10
0.0
 20
0.0
 30
0.0
  3
$DorLib2D$00000002
  1

  0
LINE
  5
102
330
FF
100
AcDbEntity
  8
0
100
AcDbLine
 10
-0.5
 20
0.0
 30
0.0
 11
-0.5
 21
0.49
 31
0.0
  0
LINE
  5
103
330
FF
100
AcDbEntity
  8
0
100
AcDbLine
 10
-0.48
 20
0.0
 30
0.0
 11
-0.48
 21
0.49
 31
0.0
  0
LINE
  5
104
330
FF
100
AcDbEntity
  8
0
100
AcDbLine
 10
-0.5
 20
0.0
 30
0.0
 11
-0.48
 21
0.0
 31
0.0
  0
LINE
  5
105
330
FF
100
AcDbEntity
  8
0
100
AcDbLine
 10
-0.48
 20
0.49
 30
0.0
 11
-0.5
 21
0.49
 31
0.0
  0
ARC
  5
106
330
FF
100
AcDbEntity
  8
0
370
    13
100
AcDbCircle
 10
-0.49
 20
0.0
 30
0.0
 40
0.4875
100
AcDbArc
 50
0.0
 51
88.53
  0
ARC
  5
107
330
FF
100
AcDbEntity
  8
0
370
    13
100
AcDbCircle
 10
0.49
 20
0.0
 30
0.0
 40
0.4875
100
AcDbArc
 50
91.47
 51
180.0
  0
LINE
  5
108
330
FF
100
AcDbEntity
  8
0
100
AcDbLine
 10
0.48
 20
0.0
 30
0.0
 11
0.48
 21
0.49
 31
0.0
  0
LINE
  5
109
330
FF
100
AcDbEntity
  8
0
100
AcDbLine
 10
0.5
 20
0.0
 30
0.0
 11
0.5
 21
0.49
 31
0.0
  0
LINE
  5
10A
330
FF
100
AcDbEntity
  8
0
100
AcDbLine
 10
0.48
 20
0.49
 30
0.0
 11
0.5
 21
0.49
 31
0.0
  0
LINE
  5
10B
330
FF
100
AcDbEntity
  8
0
100
AcDbLine
 10
0.5
 20
0.0
 30
0.0
 11
0.48
 21
0.0
 31
0.0
  0
ENDBLK
  5
10C
330
FF
100
AcDbEntity
  8
0
100
AcDbBlockEnd
  0
BLOCK
  5
30
330
2F
100
AcDbEntity
  8
0
100
AcDbBlockBegin
  2
$TCHSYS$WIN2D
 70
     0
 10
0.0
 20
0.0
 30
0.0
  3
$TCHSYS$WIN2D
  1

  0
LINE
  5
31
330
2F
100
AcDbEntity
  8
0
100
AcDbLine
 10
-0.5
 20
0.5
 30
0.0
 11
0.5
 21
0.5
 31
0.0
  0
LINE
  5
32
330
2F
100
AcDbEntity
  8
0
100
AcDbLine
 10
-0.5
 20
-0.5
 30
0.0
 11
0.5
 21
-0.5
 31
0.0
  0
LINE
  5
33
330
2F
100
AcDbEntity
  8
0
100
AcDbLine
 10
0.5
 20
-0.17
 30
0.0
 11
-0.5
 21
-0.17
 31
0.0
  0
LINE
  5
34
330
2F
100
AcDbEntity
  8
0
100
AcDbLine
 10
0.5
 20
0.17
 30
0.0
 11
-0.5
 21
0.17
 31
0.0
  0
LINE
  5
35
330
2F
100
AcDbEntity
  8
0
100
AcDbLine
 10
-0.5
 20
0.5
 30
0.0
 11
-0.5
 21
-0.5
 31
0.0
  0
LINE
  5
36
330
2F
100
AcDbEntity
  8
0
100
AcDbLine
 10
0.5
 20
0.5
 30
0.0
 11
0.5
 21
-0.5
 31
0.0
  0
ENDBLK
  5
37
330
2F
100
AcDbEntity
  8
0
100
AcDbBlockEnd
  0
BLOCK
  5
39
330
38
100
AcDbEntity
  8
0
100
AcDbBlockBegin
  2
$TCHSYS$WIN3D
 70
     0
 10
0.0
 20
0.0
 30
0.0
  3
$TCHSYS$WIN3D
  1

  0
3DFACE
  5
3A
330
38
100
AcDbEntity
  8
3T_BAR
100
AcDbFace
 10
580.0
 20
25.0
 30
1780.0
 11
530.0
 21
25.0
 31
1720.0
 12
50.0
 22
25.0
 32
1720.0
 13
0.0
 23
25.0
 33
1780.0
 70
     5
  0
3DFACE
  5
3C
330
38
100
AcDbEntity
  8
3T_BAR
100
AcDbFace
 10
50.0
 20
-25.0
 30
1720.0
 11
530.0
 21
-25.0
 31
1720.0
 12
580.0
 22
-25.0
 32
1780.0
 13
0.0
 23
-25.0
 33
1780.0
 70
    10
  0
3DFACE
  5
3D
330
38
100
AcDbEntity
  8
3T_BAR
100
AcDbFace
 10
600.0
 20
25.0
 30
1800.0
 11
580.0
 21
25.0
 31
1780.0
 12
-580.0
 22
25.0
 32
1780.0
 13
-600.0
 23
25.0
 33
1800.0
 70
     5
  0
3DFACE
  5
3E
330
38
100
AcDbEntity
  8
3T_BAR
100
AcDbFace
 10
-580.0
 20
-25.0
 30
1780.0
 11
580.0
 21
-25.0
 31
1780.0
 12
600.0
 22
-25.0
 32
1800.0
 13
-600.0
 23
-25.0
 33
1800.0
 70
    10
  0
3DFACE
  5
3F
330
38
100
AcDbEntity
  8
3T_BAR
100
AcDbFace
 10
-580.0
 20
-25.0
 30
1780.0
 11
-580.0
 21
25.0
 31
1780.0
 12
580.0
 22
25.0
 32
1780.0
 13
580.0
 23
-25.0
 33
1780.0
  0
3DFACE
  5
40
330
38
100
AcDbEntity
  8
3T_BAR
100
AcDbFace
 10
0.0
 20
25.0
 30
20.0
 11
50.0
 21
25.0
 31
80.0
 12
530.0
 22
25.0
 32
80.0
 13
580.0
 23
25.0
 33
20.0
 70
     5
  0
3DFACE
  5
41
330
38
100
AcDbEntity
  8
3T_BAR
100
AcDbFace
 10
0.0
 20
-25.0
 30
20.0
 11
580.0
 21
-25.0
 31
20.0
 12
530.0
 22
-25.0
 32
80.0
 13
50.0
 23
-25.0
 33
80.0
 70
    10
  0
3DFACE
  5
42
330
38
100
AcDbEntity
  8
3T_BAR
100
AcDbFace
 10
-600.0
 20
25.0
 30
0.0
 11
-580.0
 21
25.0
 31
20.0
 12
580.0
 22
25.0
 32
20.0
 13
600.0
 23
25.0
 33
0.0
 70
     5
  0
3DFACE
  5
43
330
38
100
AcDbEntity
  8
3T_BAR
100
AcDbFace
 10
-600.0
 20
-25.0
 30
0.0
 11
600.0
 21
-25.0
 31
0.0
 12
580.0
 22
-25.0
 32
20.0
 13
-580.0
 23
-25.0
 33
20.0
 70
    10
  0
3DFACE
  5
44
330
38
100
AcDbEntity
  8
3T_BAR
100
AcDbFace
 10
-580.0
 20
-25.0
 30
20.0
 11
580.0
 21
-25.0
 31
20.0
 12
580.0
 22
25.0
 32
20.0
 13
-580.0
 23
25.0
 33
20.0
  0
3DFACE
  5
45
330
38
100
AcDbEntity
  8
3T_BAR
100
AcDbFace
 10
0.0
 20
25.0
 30
1780.0
 11
50.0
 21
25.0
 31
1720.0
 12
50.0
 22
25.0
 32
80.0
 13
0.0
 23
25.0
 33
20.0
 70
     5
  0
3DFACE
  5
46
330
38
100
AcDbEntity
  8
3T_BAR
100
AcDbFace
 10
50.0
 20
-25.0
 30
80.0
 11
50.0
 21
-25.0
 31
1720.0
 12
0.0
 22
-25.0
 32
1780.0
 13
0.0
 23
-25.0
 33
20.0
 70
    10
  0
3DFACE
  5
47
330
38
100
AcDbEntity
  8
3T_GLASS
100
AcDbFace
 10
-529.34
 20
-15.0
 30
39.86
 11
-529.34
 21
-15.0
 31
1701.4
 12
530.7
 22
-15.0
 32
1701.4
 13
530.7
 23
-15.0
 33
39.86
  0
3DFACE
  5
49
330
38
100
AcDbEntity
  8
3T_BAR
100
AcDbFace
 10
-530.0
 20
-25.0
 30
1720.0
 11
-530.0
 21
25.0
 31
1720.0
 12
-50.0
 22
25.0
 32
1720.0
 13
-50.0
 23
-25.0
 33
1720.0
  0
3DFACE
  5
4A
330
38
100
AcDbEntity
  8
3T_BAR
100
AcDbFace
 10
-530.0
 20
-25.0
 30
80.0
 11
-50.0
 21
-25.0
 31
80.0
 12
-50.0
 22
25.0
 32
80.0
 13
-530.0
 23
25.0
 33
80.0
  0
LINE
  5
4B
330
38
100
AcDbEntity
  8
3T_BAR
100
AcDbLine
 10
-600.0
 20
0.5
 30
0.0
 11
-600.0
 21
-0.5
 31
0.0
  0
3DFACE
  5
4C
330
38
100
AcDbEntity
  8
3T_BAR
100
AcDbFace
 10
0.0
 20
25.0
 30
20.0
 11
0.0
 21
-25.0
 31
20.0
 12
0.0
 22
-25.0
 32
1780.0
 13
0.0
 23
25.0
 33
1780.0
  0
3DFACE
  5
4D
330
38
100
AcDbEntity
  8
3T_BAR
100
AcDbFace
 10
0.0
 20
-25.0
 30
20.0
 11
0.0
 21
25.0
 31
20.0
 12
0.0
 22
25.0
 32
1780.0
 13
0.0
 23
-25.0
 33
1780.0
  0
3DFACE
  5
4E
330
38
100
AcDbEntity
  8
3T_BAR
100
AcDbFace
 10
-580.0
 20
25.0
 30
20.0
 11
-580.0
 21
-25.0
 31
20.0
 12
-580.0
 22
-25.0
 32
1780.0
 13
-580.0
 23
25.0
 33
1780.0
  0
3DFACE
  5
4F
330
38
100
AcDbEntity
  8
3T_BAR
100
AcDbFace
 10
-50.0
 20
-25.0
 30
80.0
 11
-50.0
 21
-25.0
 31
1720.0
 12
-50.0
 22
25.0
 32
1720.0
 13
-50.0
 23
25.0
 33
80.0
  0
3DFACE
  5
50
330
38
100
AcDbEntity
  8
3T_BAR
100
AcDbFace
 10
-530.0
 20
-25.0
 30
80.0
 11
-530.0
 21
25.0
 31
80.0
 12
-530.0
 22
25.0
 32
1720.0
 13
-530.0
 23
-25.0
 33
1720.0
  0
3DFACE
  5
51
330
38
100
AcDbEntity
  8
3T_BAR
100
AcDbFace
 10
-600.0
 20
25.0
 30
0.0
 11
-600.0
 21
-25.0
 31
0.0
 12
-600.0
 22
-25.0
 32
1800.0
 13
-600.0
 23
25.0
 33
1800.0
  0
3DFACE
  5
52
330
38
100
AcDbEntity
  8
3T_BAR
100
AcDbFace
 10
-580.0
 20
-25.0
 30
20.0
 11
-580.0
 21
25.0
 31
20.0
 12
-580.0
 22
25.0
 32
1780.0
 13
-580.0
 23
-25.0
 33
1780.0
  0
3DFACE
  5
53
330
38
100
AcDbEntity
  8
3T_BAR
100
AcDbFace
 10
-530.0
 20
-25.0
 30
80.0
 11
-530.0
 21
-25.0
 31
1720.0
 12
-580.0
 22
-25.0
 32
1780.0
 13
-580.0
 23
-25.0
 33
20.0
 70
    10
  0
3DFACE
  5
54
330
38
100
AcDbEntity
  8
3T_BAR
100
AcDbFace
 10
0.0
 20
-25.0
 30
20.0
 11
0.0
 21
-25.0
 31
1780.0
 12
-50.0
 22
-25.0
 32
1720.0
 13
-50.0
 23
-25.0
 33
80.0
 70
    10
  0
3DFACE
  5
55
330
38
100
AcDbEntity
  8
3T_BAR
100
AcDbFace
 10
-580.0
 20
-25.0
 30
20.0
 11
-580.0
 21
-25.0
 31
1780.0
 12
-600.0
 22
-25.0
 32
1800.0
 13
-600.0
 23
-25.0
 33
0.0
 70
    10
  0
3DFACE
  5
56
330
38
100
AcDbEntity
  8
3T_BAR
100
AcDbFace
 10
-580.0
 20
-25.0
 30
20.0
 11
0.0
 21
-25.0
 31
20.0
 12
-50.0
 22
-25.0
 32
80.0
 13
-530.0
 23
-25.0
 33
80.0
 70
    10
  0
3DFACE
  5
57
330
38
100
AcDbEntity
  8
3T_BAR
100
AcDbFace
 10
-530.0
 20
-25.0
 30
1720.0
 11
-50.0
 21
-25.0
 31
1720.0
 12
0.0
 22
-25.0
 32
1780.0
 13
-580.0
 23
-25.0
 33
1780.0
 70
    10
  0
3DFACE
  5
58
330
38
100
AcDbEntity
  8
3T_BAR
100
AcDbFace
 10
-580.0
 20
25.0
 30
1780.0
 11
-530.0
 21
25.0
 31
1720.0
 12
-530.0
 22
25.0
 32
80.0
 13
-580.0
 23
25.0
 33
20.0
 70
     5
  0
3DFACE
  5
59
330
38
100
AcDbEntity
  8
3T_BAR
100
AcDbFace
 10
0.0
 20
25.0
 30
20.0
 11
-50.0
 21
25.0
 31
80.0
 12
-50.0
 22
25.0
 32
1720.0
 13
0.0
 23
25.0
 33
1780.0
 70
     5
  0
3DFACE
  5
5A
330
38
100
AcDbEntity
  8
3T_BAR
100
AcDbFace
 10
-600.0
 20
25.0
 30
1800.0
 11
-580.0
 21
25.0
 31
1780.0
 12
-580.0
 22
25.0
 32
20.0
 13
-600.0
 23
25.0
 33
0.0
 70
     5
  0
3DFACE
  5
5B
330
38
100
AcDbEntity
  8
3T_BAR
100
AcDbFace
 10
-580.0
 20
25.0
 30
20.0
 11
-530.0
 21
25.0
 31
80.0
 12
-50.0
 22
25.0
 32
80.0
 13
0.0
 23
25.0
 33
20.0
 70
     5
  0
3DFACE
  5
5C
330
38
100
AcDbEntity
  8
3T_BAR
100
AcDbFace
 10
0.0
 20
25.0
 30
1780.0
 11
-50.0
 21
25.0
 31
1720.0
 12
-530.0
 22
25.0
 32
1720.0
 13
-580.0
 23
25.0
 33
1780.0
 70
     5
  0
3DFACE
  5
5D
330
38
100
AcDbEntity
  8
3T_BAR
100
AcDbFace
 10
50.0
 20
-25.0
 30
1720.0
 11
50.0
 21
25.0
 31
1720.0
 12
530.0
 22
25.0
 32
1720.0
 13
530.0
 23
-25.0
 33
1720.0
  0
3DFACE
  5
5E
330
38
100
AcDbEntity
  8
3T_BAR
100
AcDbFace
 10
50.0
 20
-25.0
 30
80.0
 11
530.0
 21
-25.0
 31
80.0
 12
530.0
 22
25.0
 32
80.0
 13
50.0
 23
25.0
 33
80.0
  0
3DFACE
  5
5F
330
38
100
AcDbEntity
  8
3T_BAR
100
AcDbFace
 10
580.0
 20
-25.0
 30
20.0
 11
580.0
 21
25.0
 31
20.0
 12
580.0
 22
25.0
 32
1780.0
 13
580.0
 23
-25.0
 33
1780.0
  0
3DFACE
  5
60
330
38
100
AcDbEntity
  8
3T_BAR
100
AcDbFace
 10
530.0
 20
-25.0
 30
80.0
 11
530.0
 21
-25.0
 31
1720.0
 12
530.0
 22
25.0
 32
1720.0
 13
530.0
 23
25.0
 33
80.0
  0
3DFACE
  5
61
330
38
100
AcDbEntity
  8
3T_BAR
100
AcDbFace
 10
50.0
 20
-25.0
 30
80.0
 11
50.0
 21
25.0
 31
80.0
 12
50.0
 22
25.0
 32
1720.0
 13
50.0
 23
-25.0
 33
1720.0
  0
3DFACE
  5
62
330
38
100
AcDbEntity
  8
3T_BAR
100
AcDbFace
 10
600.0
 20
-25.0
 30
0.0
 11
600.0
 21
25.0
 31
0.0
 12
600.0
 22
25.0
 32
1800.0
 13
600.0
 23
-25.0
 33
1800.0
  0
3DFACE
  5
63
330
38
100
AcDbEntity
  8
3T_BAR
100
AcDbFace
 10
580.0
 20
-25.0
 30
20.0
 11
580.0
 21
-25.0
 31
1780.0
 12
580.0
 22
25.0
 32
1780.0
 13
580.0
 23
25.0
 33
20.0
  0
3DFACE
  5
64
330
38
100
AcDbEntity
  8
3T_BAR
100
AcDbFace
 10
580.0
 20
-25.0
 30
20.0
 11
580.0
 21
-25.0
 31
1780.0
 12
530.0
 22
-25.0
 32
1720.0
 13
530.0
 23
-25.0
 33
80.0
 70
    10
  0
3DFACE
  5
65
330
38
100
AcDbEntity
  8
3T_BAR
100
AcDbFace
 10
600.0
 20
-25.0
 30
0.0
 11
600.0
 21
-25.0
 31
1800.0
 12
580.0
 22
-25.0
 32
1780.0
 13
580.0
 23
-25.0
 33
20.0
 70
    10
  0
3DFACE
  5
66
330
38
100
AcDbEntity
  8
3T_BAR
100
AcDbFace
 10
580.0
 20
25.0
 30
20.0
 11
530.0
 21
25.0
 31
80.0
 12
530.0
 22
25.0
 32
1720.0
 13
580.0
 23
25.0
 33
1780.0
 70
     5
  0
3DFACE
  5
67
330
38
100
AcDbEntity
  8
3T_BAR
100
AcDbFace
 10
600.0
 20
25.0
 30
0.0
 11
580.0
 21
25.0
 31
20.0
 12
580.0
 22
25.0
 32
1780.0
 13
600.0
 23
25.0
 33
1800.0
 70
     5
  0
ENDBLK
  5
68
330
38
100
AcDbEntity
  8
0
100
AcDbBlockEnd
  0
BLOCK
  5
17F
330
17E
100
AcDbEntity
  8
0
100
AcDbBlockBegin
  2
*D9
 70
     1
 10
0.0
 20
0.0
 30
0.0
  3
*D9
  1

  0
LINE
  5
180
330
17E
100
AcDbEntity
  8
HT-A-AXIS-F01-NEW
 62
     0
440
 16777216
370
    -2
100
AcDbLine
 10
79246.02
 20
-1669.38
 30
0.0
 11
81696.02
 21
-1669.38
 31
0.0
  0
LINE
  5
181
330
17E
100
AcDbEntity
  8
HT-A-AXIS-F01-NEW
 62
     0
440
 16777216
370
    -2
100
AcDbLine
 10
79246.02
 20
830.62
 30
0.0
 11
81696.02
 21
830.62
 31
0.0
  0
LINE
  5
182
330
17E
100
AcDbEntity
  8
HT-A-AXIS-F01-NEW
 62
     0
440
 16777216
370
    -2
100
AcDbLine
 10
81446.02
 20
-1669.38
 30
0.0
 11
81446.02
 21
830.62
 31
0.0
  0
INSERT
  5
183
330
17E
100
AcDbEntity
  8
HT-A-AXIS-F01-NEW
 62
     0
440
 16777216
370
    -2
100
AcDbBlockReference
  2
_ArchTick
 10
81446.02
 20
-1669.38
 30
0.0
 41
100.0
 42
100.0
 43
100.0
 50
270.0
  0
INSERT
  5
188
330
17E
100
AcDbEntity
  8
HT-A-AXIS-F01-NEW
 62
     0
440
 16777216
370
    -2
100
AcDbBlockReference
  2
_ArchTick
 10
81446.02
 20
830.62
 30
0.0
 41
100.0
 42
100.0
 43
100.0
 50
90.0
  0
MTEXT
  5
189
330
17E
100
AcDbEntity
  8
HT-A-AXIS-F01-NEW
 62
     7
440
 16777216
100
AcDbMText
 10
81171.02
 20
-419.38
 30
0.0
 40
297.5
 41
0.0
 46
0.0
 71
     5
 72
     1
  1
\A1;2500
  7
_TCH_DIM_T3
 11
0.0
 21
1.0
 31
0.0
 73
     1
 44
1.0
  0
POINT
  5
18B
330
17E
100
AcDbEntity
  8
Defpoints
 62
     0
440
 16777216
100
AcDbPoint
 10
78946.02
 20
-1669.38
 30
0.0
  0
POINT
  5
18D
330
17E
100
AcDbEntity
  8
Defpoints
 62
     0
440
 16777216
100
AcDbPoint
 10
78946.02
 20
830.62
 30
0.0
  0
POINT
  5
18E
330
17E
100
AcDbEntity
  8
Defpoints
 62
     0
440
 16777216
100
AcDbPoint
 10
81446.02
 20
830.62
 30
0.0
  0
ENDBLK
  5
18F
330
17E
100
AcDbEntity
  8
0
100
AcDbBlockEnd
  0
BLOCK
  5
193
330
192
100
AcDbEntity
  8
0
100
AcDbBlockBegin
  2
*D10
 70
     1
 10
0.0
 20
0.0
 30
0.0
  3
*D10
  1

  0
LINE
  5
194
330
192
100
AcDbEntity
  8
HT-A-AXIS-F01-NEW
 62
     0
440
 16777216
370
    -2
100
AcDbLine
 10
79246.02
 20
830.62
 30
0.0
 11
81696.02
 21
830.62
 31
0.0
  0
LINE
  5
195
330
192
100
AcDbEntity
  8
HT-A-AXIS-F01-NEW
 62
     0
440
 16777216
370
    -2
100
AcDbLine
 10
79246.02
 20
2630.62
 30
0.0
 11
81696.02
 21
2630.62
 31
0.0
  0
LINE
  5
196
330
192
100
AcDbEntity
  8
HT-A-AXIS-F01-NEW
 62
     0
440
 16777216
370
    -2
100
AcDbLine
 10
81446.02
 20
830.62
 30
0.0
 11
81446.02
 21
2630.62
 31
0.0
  0
INSERT
  5
197
330
192
100
AcDbEntity
  8
HT-A-AXIS-F01-NEW
 62
     0
440
 16777216
370
    -2
100
AcDbBlockReference
  2
_ArchTick
 10
81446.02
 20
830.62
 30
0.0
 41
100.0
 42
100.0
 43
100.0
 50
270.0
  0
INSERT
  5
198
330
192
100
AcDbEntity
  8
HT-A-AXIS-F01-NEW
 62
     0
440
 16777216
370
    -2
100
AcDbBlockReference
  2
_ArchTick
 10
81446.02
 20
2630.62
 30
0.0
 41
100.0
 42
100.0
 43
100.0
 50
90.0
  0
MTEXT
  5
199
330
192
100
AcDbEntity
  8
HT-A-AXIS-F01-NEW
 62
     7
440
 16777216
100
AcDbMText
 10
81171.02
 20
1730.62
 30
0.0
 40
297.5
 41
0.0
 46
0.0
 71
     5
 72
     1
  1
\A1;1800
  7
_TCH_DIM_T3
 11
0.0
 21
1.0
 31
0.0
 73
     1
 44
1.0
  0
POINT
  5
19A
330
192
100
AcDbEntity
  8
Defpoints
 62
     0
440
 16777216
100
AcDbPoint
 10
78946.02
 20
830.62
 30
0.0
  0
POINT
  5
19B
330
192
100
AcDbEntity
  8
Defpoints
 62
     0
440
 16777216
100
AcDbPoint
 10
78946.02
 20
2630.62
 30
0.0
  0
POINT
  5
19C
330
192
100
AcDbEntity
  8
Defpoints
 62
     0
440
 16777216
100
AcDbPoint
 10
81446.02
 20
2630.62
 30
0.0
  0
ENDBLK
  5
19D
330
192
100
AcDbEntity
  8
0
100
AcDbBlockEnd
  0
BLOCK
  5
1A0
330
19F
100
AcDbEntity
  8
0
100
AcDbBlockBegin
  2
*D11
 70
     1
 10
0.0
 20
0.0
 30
0.0
  3
*D11
  1

  0
LINE
  5
1A1
330
19F
100
AcDbEntity
  8
HT-A-AXIS-F01-NEW
 62
     0
440
 16777216
370
    -2
100
AcDbLine
 10
79246.02
 20
2630.62
 30
0.0
 11
81696.02
 21
2630.62
 31
0.0
  0
LINE
  5
1A2
330
19F
100
AcDbEntity
  8
HT-A-AXIS-F01-NEW
 62
     0
440
 16777216
370
    -2
100
AcDbLine
 10
79246.02
 20
4130.62
 30
0.0
 11
81696.02
 21
4130.62
 31
0.0
  0
LINE
  5
1A3
330
19F
100
AcDbEntity
  8
HT-A-AXIS-F01-NEW
 62
     0
440
 16777216
370
    -2
100
AcDbLine
 10
81446.02
 20
2630.62
 30
0.0
 11
81446.02
 21
4130.62
 31
0.0
  0
INSERT
  5
1A4
330
19F
100
AcDbEntity
  8
HT-A-AXIS-F01-NEW
 62
     0
440
 16777216
370
    -2
100
AcDbBlockReference
  2
_ArchTick
 10
81446.02
 20
2630.62
 30
0.0
 41
100.0
 42
100.0
 43
100.0
 50
270.0
  0
INSERT
  5
1A5
330
19F
100
AcDbEntity
  8
HT-A-AXIS-F01-NEW
 62
     0
440
 16777216
370
    -2
100
AcDbBlockReference
  2
_ArchTick
 10
81446.02
 20
4130.62
 30
0.0
 41
100.0
 42
100.0
 43
100.0
 50
90.0
  0
MTEXT
  5
1A6
330
19F
100
AcDbEntity
  8
HT-A-AXIS-F01-NEW
 62
     7
440
 16777216
100
AcDbMText
 10
81171.02
 20
3380.62
 30
0.0
 40
297.5
 41
0.0
 46
0.0
 71
     5
 72
     1
  1
\A1;1500
  7
_TCH_DIM_T3
 11
0.0
 21
1.0
 31
0.0
 73
     1
 44
1.0
  0
POINT
  5
1A7
330
19F
100
AcDbEntity
  8
Defpoints
 62
     0
440
 16777216
100
AcDbPoint
 10
78946.02
 20
2630.62
 30
0.0
  0
POINT
  5
1A8
330
19F
100
AcDbEntity
  8
Defpoints
 62
     0
440
 16777216
100
AcDbPoint
 10
78946.02
 20
4130.62
 30
0.0
  0
POINT
  5
1A9
330
19F
100
AcDbEntity
  8
Defpoints
 62
     0
440
 16777216
100
AcDbPoint
 10
81446.02
 20
4130.62
 30
0.0
  0
ENDBLK
  5
1AA
330
19F
100
AcDbEntity
  8
0
100
AcDbBlockEnd
  0
BLOCK
  5
1AD
330
1AC
100
AcDbEntity
  8
0
100
AcDbBlockBegin
  2
*D12
 70
     1
 10
0.0
 20
0.0
 30
0.0
  3
*D12
  1

  0
LINE
  5
1AE
330
1AC
100
AcDbEntity
  8
HT-A-AXIS-F01-NEW
 62
     0
440
 16777216
370
    -2
100
AcDbLine
 10
79246.02
 20
4130.62
 30
0.0
 11
81696.02
 21
4130.62
 31
0.0
  0
LINE
  5
1AF
330
1AC
100
AcDbEntity
  8
HT-A-AXIS-F01-NEW
 62
     0
440
 16777216
370
    -2
100
AcDbLine
 10
79246.02
 20
9330.62
 30
0.0
 11
81696.02
 21
9330.62
 31
0.0
  0
LINE
  5
1B0
330
1AC
100
AcDbEntity
  8
HT-A-AXIS-F01-NEW
 62
     0
440
 16777216
370
    -2
100
AcDbLine
 10
81446.02
 20
4130.62
 30
0.0
 11
81446.02
 21
9330.62
 31
0.0
  0
INSERT
  5
1B1
330
1AC
100
AcDbEntity
  8
HT-A-AXIS-F01-NEW
 62
     0
440
 16777216
370
    -2
100
AcDbBlockReference
  2
_ArchTick
 10
81446.02
 20
4130.62
 30
0.0
 41
100.0
 42
100.0
 43
100.0
 50
270.0
  0
INSERT
  5
1B2
330
1AC
100
AcDbEntity
  8
HT-A-AXIS-F01-NEW
 62
     0
440
 16777216
370
    -2
100
AcDbBlockReference
  2
_ArchTick
 10
81446.02
 20
9330.62
 30
0.0
 41
100.0
 42
100.0
 43
100.0
 50
90.0
  0
MTEXT
  5
1B3
330
1AC
100
AcDbEntity
  8
HT-A-AXIS-F01-NEW
 62
     7
440
 16777216
100
AcDbMText
 10
81171.02
 20
6730.62
 30
0.0
 40
297.5
 41
0.0
 46
0.0
 71
     5
 72
     1
  1
\A1;5200
  7
_TCH_DIM_T3
 11
0.0
 21
1.0
 31
0.0
 73
     1
 44
1.0
  0
POINT
  5
1B4
330
1AC
100
AcDbEntity
  8
Defpoints
 62
     0
440
 16777216
100
AcDbPoint
 10
78946.02
 20
4130.62
 30
0.0
  0
POINT
  5
1B5
330
1AC
100
AcDbEntity
  8
Defpoints
 62
     0
440
 16777216
100
AcDbPoint
 10
78946.02
 20
9330.62
 30
0.0
  0
POINT
  5
1B6
330
1AC
100
AcDbEntity
  8
Defpoints
 62
     0
440
 16777216
100
AcDbPoint
 10
81446.02
 20
9330.62
 30
0.0
  0
ENDBLK
  5
1B7
330
1AC
100
AcDbEntity
  8
0
100
AcDbBlockEnd
  0
BLOCK
  5
1BA
330
1B9
100
AcDbEntity
  8
0
100
AcDbBlockBegin
  2
*D13
 70
     1
 10
0.0
 20
0.0
 30
0.0
  3
*D13
  1

  0
LINE
  5
1BB
330
1B9
100
AcDbEntity
  8
HT-A-AXIS-F01-NEW
 62
     0
440
 16777216
370
    -2
100
AcDbLine
 10
79246.02
 20
-1669.38
 30
0.0
 11
82496.02
 21
-1669.38
 31
0.0
  0
LINE
  5
1BC
330
1B9
100
AcDbEntity
  8
HT-A-AXIS-F01-NEW
 62
     0
440
 16777216
370
    -2
100
AcDbLine
 10
79246.02
 20
9330.62
 30
0.0
 11
82496.02
 21
9330.62
 31
0.0
  0
LINE
  5
1BD
330
1B9
100
AcDbEntity
  8
HT-A-AXIS-F01-NEW
 62
     0
440
 16777216
370
    -2
100
AcDbLine
 10
82246.02
 20
-1669.38
 30
0.0
 11
82246.02
 21
9330.62
 31
0.0
  0
INSERT
  5
1BE
330
1B9
100
AcDbEntity
  8
HT-A-AXIS-F01-NEW
 62
     0
440
 16777216
370
    -2
100
AcDbBlockReference
  2
_ArchTick
 10
82246.02
 20
-1669.38
 30
0.0
 41
100.0
 42
100.0
 43
100.0
 50
270.0
  0
INSERT
  5
1BF
330
1B9
100
AcDbEntity
  8
HT-A-AXIS-F01-NEW
 62
     0
440
 16777216
370
    -2
100
AcDbBlockReference
  2
_ArchTick
 10
82246.02
 20
9330.62
 30
0.0
 41
100.0
 42
100.0
 43
100.0
 50
90.0
  0
MTEXT
  5
1C0
330
1B9
100
AcDbEntity
  8
HT-A-AXIS-F01-NEW
 62
     7
440
 16777216
100
AcDbMText
 10
81971.02
 20
3830.62
 30
0.0
 40
297.5
 41
0.0
 46
0.0
 71
     5
 72
     1
  1
\A1;11000
  7
_TCH_DIM_T3
 11
0.0
 21
1.0
 31
0.0
 73
     1
 44
1.0
  0
POINT
  5
1C1
330
1B9
100
AcDbEntity
  8
Defpoints
 62
     0
440
 16777216
100
AcDbPoint
 10
78946.02
 20
-1669.38
 30
0.0
  0
POINT
  5
1C2
330
1B9
100
AcDbEntity
  8
Defpoints
 62
     0
440
 16777216
100
AcDbPoint
 10
78946.02
 20
9330.62
 30
0.0
  0
POINT
  5
1C3
330
1B9
100
AcDbEntity
  8
Defpoints
 62
     0
440
 16777216
100
AcDbPoint
 10
82246.02
 20
9330.62
 30
0.0
  0
ENDBLK
  5
1C4
330
1B9
100
AcDbEntity
  8
0
100
AcDbBlockEnd
  0
BLOCK
  5
1C7
330
1C6
100
AcDbEntity
  8
0
100
AcDbBlockBegin
  2
*D14
 70
     1
 10
0.0
 20
0.0
 30
0.0
  3
*D14
  1

  0
LINE
  5
1C8
330
1C6
100
AcDbEntity
  8
HT-A-AXIS-F01-NEW
 62
     0
440
 16777216
370
    -2
100
AcDbLine
 10
64646.02
 20
-1669.38
 30
0.0
 11
62196.02
 21
-1669.38
 31
0.0
  0
LINE
  5
1C9
330
1C6
100
AcDbEntity
  8
HT-A-AXIS-F01-NEW
 62
     0
440
 16777216
370
    -2
100
AcDbLine
 10
64646.02
 20
830.62
 30
0.0
 11
62196.02
 21
830.62
 31
0.0
  0
LINE
  5
1CA
330
1C6
100
AcDbEntity
  8
HT-A-AXIS-F01-NEW
 62
     0
440
 16777216
370
    -2
100
AcDbLine
 10
62446.02
 20
-1669.38
 30
0.0
 11
62446.02
 21
830.62
 31
0.0
  0
INSERT
  5
1CB
330
1C6
100
AcDbEntity
  8
HT-A-AXIS-F01-NEW
 62
     0
440
 16777216
370
    -2
100
AcDbBlockReference
  2
_ArchTick
 10
62446.02
 20
-1669.38
 30
0.0
 41
100.0
 42
100.0
 43
100.0
 50
270.0
  0
INSERT
  5
1CC
330
1C6
100
AcDbEntity
  8
HT-A-AXIS-F01-NEW
 62
     0
440
 16777216
370
    -2
100
AcDbBlockReference
  2
_ArchTick
 10
62446.02
 20
830.62
 30
0.0
 41
100.0
 42
100.0
 43
100.0
 50
90.0
  0
MTEXT
  5
1CD
330
1C6
100
AcDbEntity
  8
HT-A-AXIS-F01-NEW
 62
     7
440
 16777216
100
AcDbMText
 10
62171.02
 20
-419.38
 30
0.0
 40
297.5
 41
0.0
 46
0.0
 71
     5
 72
     1
  1
\A1;2500
  7
_TCH_DIM_T3
 11
0.0
 21
1.0
 31
0.0
 73
     1
 44
1.0
  0
POINT
  5
1CE
330
1C6
100
AcDbEntity
  8
Defpoints
 62
     0
440
 16777216
100
AcDbPoint
 10
64946.02
 20
-1669.38
 30
0.0
  0
POINT
  5
1CF
330
1C6
100
AcDbEntity
  8
Defpoints
 62
     0
440
 16777216
100
AcDbPoint
 10
64946.02
 20
830.62
 30
0.0
  0
POINT
  5
1D0
330
1C6
100
AcDbEntity
  8
Defpoints
 62
     0
440
 16777216
100
AcDbPoint
 10
62446.02
 20
830.62
 30
0.0
  0
ENDBLK
  5
1D1
330
1C6
100
AcDbEntity
  8
0
100
AcDbBlockEnd
  0
BLOCK
  5
1D4
330
1D3
100
AcDbEntity
  8
0
100
AcDbBlockBegin
  2
*D15
 70
     1
 10
0.0
 20
0.0
 30
0.0
  3
*D15
  1

  0
LINE
  5
1D5
330
1D3
100
AcDbEntity
  8
HT-A-AXIS-F01-NEW
 62
     0
440
 16777216
370
    -2
100
AcDbLine
 10
64646.02
 20
830.62
 30
0.0
 11
62196.02
 21
830.62
 31
0.0
  0
LINE
  5
1D6
330
1D3
100
AcDbEntity
  8
HT-A-AXIS-F01-NEW
 62
     0
440
 16777216
370
    -2
100
AcDbLine
 10
64646.02
 20
2630.62
 30
0.0
 11
62196.02
 21
2630.62
 31
0.0
  0
LINE
  5
1D7
330
1D3
100
AcDbEntity
  8
HT-A-AXIS-F01-NEW
 62
     0
440
 16777216
370
    -2
100
AcDbLine
 10
62446.02
 20
830.62
 30
0.0
 11
62446.02
 21
2630.62
 31
0.0
  0
INSERT
  5
1D8
330
1D3
100
AcDbEntity
  8
HT-A-AXIS-F01-NEW
 62
     0
440
 16777216
370
    -2
100
AcDbBlockReference
  2
_ArchTick
 10
62446.02
 20
830.62
 30
0.0
 41
100.0
 42
100.0
 43
100.0
 50
270.0
  0
INSERT
  5
1D9
330
1D3
100
AcDbEntity
  8
HT-A-AXIS-F01-NEW
 62
     0
440
 16777216
370
    -2
100
AcDbBlockReference
  2
_ArchTick
 10
62446.02
 20
2630.62
 30
0.0
 41
100.0
 42
100.0
 43
100.0
 50
90.0
  0
MTEXT
  5
1DA
330
1D3
100
AcDbEntity
  8
HT-A-AXIS-F01-NEW
 62
     7
440
 16777216
100
AcDbMText
 10
62171.02
 20
1730.62
 30
0.0
 40
297.5
 41
0.0
 46
0.0
 71
     5
 72
     1
  1
\A1;1800
  7
_TCH_DIM_T3
 11
0.0
 21
1.0
 31
0.0
 73
     1
 44
1.0
  0
POINT
  5
1DB
330
1D3
100
AcDbEntity
  8
Defpoints
 62
     0
440
 16777216
100
AcDbPoint
 10
64946.02
 20
830.62
 30
0.0
  0
POINT
  5
1DC
330
1D3
100
AcDbEntity
  8
Defpoints
 62
     0
440
 16777216
100
AcDbPoint
 10
64946.02
 20
2630.62
 30
0.0
  0
POINT
  5
1DD
330
1D3
100
AcDbEntity
  8
Defpoints
 62
     0
440
 16777216
100
AcDbPoint
 10
62446.02
 20
2630.62
 30
0.0
  0
ENDBLK
  5
1DE
330
1D3
100
AcDbEntity
  8
0
100
AcDbBlockEnd
  0
BLOCK
  5
1E1
330
1E0
100
AcDbEntity
  8
0
100
AcDbBlockBegin
  2
*D16
 70
     1
 10
0.0
 20
0.0
 30
0.0
  3
*D16
  1

  0
LINE
  5
1E2
330
1E0
100
AcDbEntity
  8
HT-A-AXIS-F01-NEW
 62
     0
440
 16777216
370
    -2
100
AcDbLine
 10
64646.02
 20
2630.62
 30
0.0
 11
62196.02
 21
2630.62
 31
0.0
  0
LINE
  5
1E3
330
1E0
100
AcDbEntity
  8
HT-A-AXIS-F01-NEW
 62
     0
440
 16777216
370
    -2
100
AcDbLine
 10
64646.02
 20
4130.62
 30
0.0
 11
62196.02
 21
4130.62
 31
0.0
  0
LINE
  5
1E4
330
1E0
100
AcDbEntity
  8
HT-A-AXIS-F01-NEW
 62
     0
440
 16777216
370
    -2
100
AcDbLine
 10
62446.02
 20
2630.62
 30
0.0
 11
62446.02
 21
4130.62
 31
0.0
  0
INSERT
  5
1E5
330
1E0
100
AcDbEntity
  8
HT-A-AXIS-F01-NEW
 62
     0
440
 16777216
370
    -2
100
AcDbBlockReference
  2
_ArchTick
 10
62446.02
 20
2630.62
 30
0.0
 41
100.0
 42
100.0
 43
100.0
 50
270.0
  0
INSERT
  5
1E6
330
1E0
100
AcDbEntity
  8
HT-A-AXIS-F01-NEW
 62
     0
440
 16777216
370
    -2
100
AcDbBlockReference
  2
_ArchTick
 10
62446.02
 20
4130.62
 30
0.0
 41
100.0
 42
100.0
 43
100.0
 50
90.0
  0
MTEXT
  5
1E7
330
1E0
100
AcDbEntity
  8
HT-A-AXIS-F01-NEW
 62
     7
440
 16777216
100
AcDbMText
 10
62171.02
 20
3380.62
 30
0.0
 40
297.5
 41
0.0
 46
0.0
 71
     5
 72
     1
  1
\A1;1500
  7
_TCH_DIM_T3
 11
0.0
 21
1.0
 31
0.0
 73
     1
 44
1.0
  0
POINT
  5
1E8
330
1E0
100
AcDbEntity
  8
Defpoints
 62
     0
440
 16777216
100
AcDbPoint
 10
64946.02
 20
2630.62
 30
0.0
  0
POINT
  5
1E9
330
1E0
100
AcDbEntity
  8
Defpoints
 62
     0
440
 16777216
100
AcDbPoint
 10
64946.02
 20
4130.62
 30
0.0
  0
POINT
  5
1EA
330
1E0
100
AcDbEntity
  8
Defpoints
 62
     0
440
 16777216
100
AcDbPoint
 10
62446.02
 20
4130.62
 30
0.0
  0
ENDBLK
  5
1EB
330
1E0
100
AcDbEntity
  8
0
100
AcDbBlockEnd
  0
BLOCK
  5
1EE
330
1ED
100
AcDbEntity
  8
0
100
AcDbBlockBegin
  2
*D17
 70
     1
 10
0.0
 20
0.0
 30
0.0
  3
*D17
  1

  0
LINE
  5
1EF
330
1ED
100
AcDbEntity
  8
HT-A-AXIS-F01-NEW
 62
     0
440
 16777216
370
    -2
100
AcDbLine
 10
64646.02
 20
4130.62
 30
0.0
 11
62196.02
 21
4130.62
 31
0.0
  0
LINE
  5
1F0
330
1ED
100
AcDbEntity
  8
HT-A-AXIS-F01-NEW
 62
     0
440
 16777216
370
    -2
100
AcDbLine
 10
64646.02
 20
9330.62
 30
0.0
 11
62196.02
 21
9330.62
 31
0.0
  0
LINE
  5
1F1
330
1ED
100
AcDbEntity
  8
HT-A-AXIS-F01-NEW
 62
     0
440
 16777216
370
    -2
100
AcDbLine
 10
62446.02
 20
4130.62
 30
0.0
 11
62446.02
 21
9330.62
 31
0.0
  0
INSERT
  5
1F2
330
1ED
100
AcDbEntity
  8
HT-A-AXIS-F01-NEW
 62
     0
440
 16777216
370
    -2
100
AcDbBlockReference
  2
_ArchTick
 10
62446.02
 20
4130.62
 30
0.0
 41
100.0
 42
100.0
 43
100.0
 50
270.0
  0
INSERT
  5
1F3
330
1ED
100
AcDbEntity
  8
HT-A-AXIS-F01-NEW
 62
     0
440
 16777216
370
    -2
100
AcDbBlockReference
  2
_ArchTick
 10
62446.02
 20
9330.62
 30
0.0
 41
100.0
 42
100.0
 43
100.0
 50
90.0
  0
MTEXT
  5
1F4
330
1ED
100
AcDbEntity
  8
HT-A-AXIS-F01-NEW
 62
     7
440
 16777216
100
AcDbMText
 10
62171.02
 20
6730.62
 30
0.0
 40
297.5
 41
0.0
 46
0.0
 71
     5
 72
     1
  1
\A1;5200
  7
_TCH_DIM_T3
 11
0.0
 21
1.0
 31
0.0
 73
     1
 44
1.0
  0
POINT
  5
1F5
330
1ED
100
AcDbEntity
  8
Defpoints
 62
     0
440
 16777216
100
AcDbPoint
 10
64946.02
 20
4130.62
 30
0.0
  0
POINT
  5
1F6
330
1ED
100
AcDbEntity
  8
Defpoints
 62
     0
440
 16777216
100
AcDbPoint
 10
64946.02
 20
9330.62
 30
0.0
  0
POINT
  5
1F7
330
1ED
100
AcDbEntity
  8
Defpoints
 62
     0
440
 16777216
100
AcDbPoint
 10
62446.02
 20
9330.62
 30
0.0
  0
ENDBLK
  5
1F8
330
1ED
100
AcDbEntity
  8
0
100
AcDbBlockEnd
  0
BLOCK
  5
1FB
330
1FA
100
AcDbEntity
  8
0
100
AcDbBlockBegin
  2
*D18
 70
     1
 10
0.0
 20
0.0
 30
0.0
  3
*D18
  1

  0
LINE
  5
1FC
330
1FA
100
AcDbEntity
  8
HT-A-AXIS-F01-NEW
 62
     0
440
 16777216
370
    -2
100
AcDbLine
 10
64646.02
 20
-1669.38
 30
0.0
 11
61396.02
 21
-1669.38
 31
0.0
  0
LINE
  5
1FD
330
1FA
100
AcDbEntity
  8
HT-A-AXIS-F01-NEW
 62
     0
440
 16777216
370
    -2
100
AcDbLine
 10
64646.02
 20
9330.62
 30
0.0
 11
61396.02
 21
9330.62
 31
0.0
  0
LINE
  5
1FE
330
1FA
100
AcDbEntity
  8
HT-A-AXIS-F01-NEW
 62
     0
440
 16777216
370
    -2
100
AcDbLine
 10
61646.02
 20
-1669.38
 30
0.0
 11
61646.02
 21
9330.62
 31
0.0
  0
INSERT
  5
1FF
330
1FA
100
AcDbEntity
  8
HT-A-AXIS-F01-NEW
 62
     0
440
 16777216
370
    -2
100
AcDbBlockReference
  2
_ArchTick
 10
61646.02
 20
-1669.38
 30
0.0
 41
100.0
 42
100.0
 43
100.0
 50
270.0
  0
INSERT
  5
200
330
1FA
100
AcDbEntity
  8
HT-A-AXIS-F01-NEW
 62
     0
440
 16777216
370
    -2
100
AcDbBlockReference
  2
_ArchTick
 10
61646.02
 20
9330.62
 30
0.0
 41
100.0
 42
100.0
 43
100.0
 50
90.0
  0
MTEXT
  5
201
330
1FA
100
AcDbEntity
  8
HT-A-AXIS-F01-NEW
 62
     7
440
 16777216
100
AcDbMText
 10
61371.02
 20
3830.62
 30
0.0
 40
297.5
 41
0.0
 46
0.0
 71
     5
 72
     1
  1
\A1;11000
  7
_TCH_DIM_T3
 11
0.0
 21
1.0
 31
0.0
 73
     1
 44
1.0
  0
POINT
  5
202
330
1FA
100
AcDbEntity
  8
Defpoints
 62
     0
440
 16777216
100
AcDbPoint
 10
64946.02
 20
-1669.38
 30
0.0
  0
POINT
  5
203
330
1FA
100
AcDbEntity
  8
Defpoints
 62
     0
440
 16777216
100
AcDbPoint
 10
64946.02
 20
9330.62
 30
0.0
  0
POINT
  5
204
330
1FA
100
AcDbEntity
  8
Defpoints
 62
     0
440
 16777216
100
AcDbPoint
 10
61646.02
 20
9330.62
 30
0.0
  0
ENDBLK
  5
205
330
1FA
100
AcDbEntity
  8
0
100
AcDbBlockEnd
  0
BLOCK
  5
208
330
207
100
AcDbEntity
  8
0
100
AcDbBlockBegin
  2
*D19
 70
     1
 10
0.0
 20
0.0
 30
0.0
  3
*D19
  1

  0
LINE
  5
209
330
207
100
AcDbEntity
  8
HT-A-AXIS-F01-NEW
 62
     0
440
 16777216
370
    -2
100
AcDbLine
 10
65446.02
 20
10630.62
 30
0.0
 11
65446.02
 21
13080.62
 31
0.0
  0
LINE
  5
20A
330
207
100
AcDbEntity
  8
HT-A-AXIS-F01-NEW
 62
     0
440
 16777216
370
    -2
100
AcDbLine
 10
69646.02
 20
10630.62
 30
0.0
 11
69646.02
 21
13080.62
 31
0.0
  0
LINE
  5
20B
330
207
100
AcDbEntity
  8
HT-A-AXIS-F01-NEW
 62
     0
440
 16777216
370
    -2
100
AcDbLine
 10
65446.02
 20
12830.62
 30
0.0
 11
69646.02
 21
12830.62
 31
0.0
  0
INSERT
  5
20C
330
207
100
AcDbEntity
  8
HT-A-AXIS-F01-NEW
 62
     0
440
 16777216
370
    -2
100
AcDbBlockReference
  2
_ArchTick
 10
65446.02
 20
12830.62
 30
0.0
 41
100.0
 42
100.0
 43
100.0
 50
180.0
  0
INSERT
  5
20D
330
207
100
AcDbEntity
  8
HT-A-AXIS-F01-NEW
 62
     0
440
 16777216
370
    -2
100
AcDbBlockReference
  2
_ArchTick
 10
69646.02
 20
12830.62
 30
0.0
 41
100.0
 42
100.0
 43
100.0
  0
MTEXT
  5
20E
330
207
100
AcDbEntity
  8
HT-A-AXIS-F01-NEW
 62
     7
440
 16777216
100
AcDbMText
 10
67546.02
 20
13105.62
 30
0.0
 40
297.5
 41
0.0
 46
0.0
 71
     5
 72
     1
  1
\A1;4200
  7
_TCH_DIM_T3
 73
     1
 44
1.0
  0
POINT
  5
20F
330
207
100
AcDbEntity
  8
Defpoints
 62
     0
440
 16777216
100
AcDbPoint
 10
65446.02
 20
10330.62
 30
0.0
  0
POINT
  5
210
330
207
100
AcDbEntity
  8
Defpoints
 62
     0
440
 16777216
100
AcDbPoint
 10
69646.02
 20
10330.62
 30
0.0
  0
POINT
  5
211
330
207
100
AcDbEntity
  8
Defpoints
 62
     0
440
 16777216
100
AcDbPoint
 10
69646.02
 20
12830.62
 30
0.0
  0
ENDBLK
  5
212
330
207
100
AcDbEntity
  8
0
100
AcDbBlockEnd
  0
BLOCK
  5
215
330
214
100
AcDbEntity
  8
0
100
AcDbBlockBegin
  2
*D20
 70
     1
 10
0.0
 20
0.0
 30
0.0
  3
*D20
  1

  0
LINE
  5
216
330
214
100
AcDbEntity
  8
HT-A-AXIS-F01-NEW
 62
     0
440
 16777216
370
    -2
100
AcDbLine
 10
69646.02
 20
10630.62
 30
0.0
 11
69646.02
 21
13080.62
 31
0.0
  0
LINE
  5
217
330
214
100
AcDbEntity
  8
HT-A-AXIS-F01-NEW
 62
     0
440
 16777216
370
    -2
100
AcDbLine
 10
74046.02
 20
10630.62
 30
0.0
 11
74046.02
 21
13080.62
 31
0.0
  0
LINE
  5
218
330
214
100
AcDbEntity
  8
HT-A-AXIS-F01-NEW
 62
     0
440
 16777216
370
    -2
100
AcDbLine
 10
69646.02
 20
12830.62
 30
0.0
 11
74046.02
 21
12830.62
 31
0.0
  0
INSERT
  5
219
330
214
100
AcDbEntity
  8
HT-A-AXIS-F01-NEW
 62
     0
440
 16777216
370
    -2
100
AcDbBlockReference
  2
_ArchTick
 10
69646.02
 20
12830.62
 30
0.0
 41
100.0
 42
100.0
 43
100.0
 50
180.0
  0
INSERT
  5
21A
330
214
100
AcDbEntity
  8
HT-A-AXIS-F01-NEW
 62
     0
440
 16777216
370
    -2
100
AcDbBlockReference
  2
_ArchTick
 10
74046.02
 20
12830.62
 30
0.0
 41
100.0
 42
100.0
 43
100.0
  0
MTEXT
  5
21B
330
214
100
AcDbEntity
  8
HT-A-AXIS-F01-NEW
 62
     7
440
 16777216
100
AcDbMText
 10
71846.02
 20
13105.62
 30
0.0
 40
297.5
 41
0.0
 46
0.0
 71
     5
 72
     1
  1
\A1;4400
  7
_TCH_DIM_T3
 73
     1
 44
1.0
  0
POINT
  5
21C
330
214
100
AcDbEntity
  8
Defpoints
 62
     0
440
 16777216
100
AcDbPoint
 10
69646.02
 20
10330.62
 30
0.0
  0
POINT
  5
21D
330
214
100
AcDbEntity
  8
Defpoints
 62
     0
440
 16777216
100
AcDbPoint
 10
74046.02
 20
10330.62
 30
0.0
  0
POINT
  5
21E
330
214
100
AcDbEntity
  8
Defpoints
 62
     0
440
 16777216
100
AcDbPoint
 10
74046.02
 20
12830.62
 30
0.0
  0
ENDBLK
  5
21F
330
214
100
AcDbEntity
  8
0
100
AcDbBlockEnd
  0
BLOCK
  5
222
330
221
100
AcDbEntity
  8
0
100
AcDbBlockBegin
  2
*D21
 70
     1
 10
0.0
 20
0.0
 30
0.0
  3
*D21
  1

  0
LINE
  5
223
330
221
100
AcDbEntity
  8
HT-A-AXIS-F01-NEW
 62
     0
440
 16777216
370
    -2
100
AcDbLine
 10
74046.02
 20
10630.62
 30
0.0
 11
74046.02
 21
13080.62
 31
0.0
  0
LINE
  5
224
330
221
100
AcDbEntity
  8
HT-A-AXIS-F01-NEW
 62
     0
440
 16777216
370
    -2
100
AcDbLine
 10
77946.02
 20
10630.62
 30
0.0
 11
77946.02
 21
13080.62
 31
0.0
  0
LINE
  5
225
330
221
100
AcDbEntity
  8
HT-A-AXIS-F01-NEW
 62
     0
440
 16777216
370
    -2
100
AcDbLine
 10
74046.02
 20
12830.62
 30
0.0
 11
77946.02
 21
12830.62
 31
0.0
  0
INSERT
  5
226
330
221
100
AcDbEntity
  8
HT-A-AXIS-F01-NEW
 62
     0
440
 16777216
370
    -2
100
AcDbBlockReference
  2
_ArchTick
 10
74046.02
 20
12830.62
 30
0.0
 41
100.0
 42
100.0
 43
100.0
 50
180.0
  0
INSERT
  5
227
330
221
100
AcDbEntity
  8
HT-A-AXIS-F01-NEW
 62
     0
440
 16777216
370
    -2
100
AcDbBlockReference
  2
_ArchTick
 10
77946.02
 20
12830.62
 30
0.0
 41
100.0
 42
100.0
 43
100.0
  0
MTEXT
  5
228
330
221
100
AcDbEntity
  8
HT-A-AXIS-F01-NEW
 62
     7
440
 16777216
100
AcDbMText
 10
75996.02
 20
13105.62
 30
0.0
 40
297.5
 41
0.0
 46
0.0
 71
     5
 72
     1
  1
\A1;3900
  7
_TCH_DIM_T3
 73
     1
 44
1.0
  0
POINT
  5
229
330
221
100
AcDbEntity
  8
Defpoints
 62
     0
440
 16777216
100
AcDbPoint
 10
74046.02
 20
10330.62
 30
0.0
  0
POINT
  5
22A
330
221
100
AcDbEntity
  8
Defpoints
 62
     0
440
 16777216
100
AcDbPoint
 10
77946.02
 20
10330.62
 30
0.0
  0
POINT
  5
22B
330
221
100
AcDbEntity
  8
Defpoints
 62
     0
440
 16777216
100
AcDbPoint
 10
77946.02
 20
12830.62
 30
0.0
  0
ENDBLK
  5
22C
330
221
100
AcDbEntity
  8
0
100
AcDbBlockEnd
  0
BLOCK
  5
22F
330
22E
100
AcDbEntity
  8
0
100
AcDbBlockBegin
  2
*D22
 70
     1
 10
0.0
 20
0.0
 30
0.0
  3
*D22
  1

  0
LINE
  5
230
330
22E
100
AcDbEntity
  8
HT-A-AXIS-F01-NEW
 62
     0
440
 16777216
370
    -2
100
AcDbLine
 10
65446.02
 20
10630.62
 30
0.0
 11
65446.02
 21
13880.62
 31
0.0
  0
LINE
  5
231
330
22E
100
AcDbEntity
  8
HT-A-AXIS-F01-NEW
 62
     0
440
 16777216
370
    -2
100
AcDbLine
 10
77946.02
 20
10630.62
 30
0.0
 11
77946.02
 21
13880.62
 31
0.0
  0
LINE
  5
232
330
22E
100
AcDbEntity
  8
HT-A-AXIS-F01-NEW
 62
     0
440
 16777216
370
    -2
100
AcDbLine
 10
65446.02
 20
13630.62
 30
0.0
 11
77946.02
 21
13630.62
 31
0.0
  0
INSERT
  5
233
330
22E
100
AcDbEntity
  8
HT-A-AXIS-F01-NEW
 62
     0
440
 16777216
370
    -2
100
AcDbBlockReference
  2
_ArchTick
 10
65446.02
 20
13630.62
 30
0.0
 41
100.0
 42
100.0
 43
100.0
 50
180.0
  0
INSERT
  5
234
330
22E
100
AcDbEntity
  8
HT-A-AXIS-F01-NEW
 62
     0
440
 16777216
370
    -2
100
AcDbBlockReference
  2
_ArchTick
 10
77946.02
 20
13630.62
 30
0.0
 41
100.0
 42
100.0
 43
100.0
  0
MTEXT
  5
235
330
22E
100
AcDbEntity
  8
HT-A-AXIS-F01-NEW
 62
     7
440
 16777216
100
AcDbMText
 10
71696.02
 20
13905.62
 30
0.0
 40
297.5
 41
0.0
 46
0.0
 71
     5
 72
     1
  1
\A1;12500
  7
_TCH_DIM_T3
 73
     1
 44
1.0
  0
POINT
  5
236
330
22E
100
AcDbEntity
  8
Defpoints
 62
     0
440
 16777216
100
AcDbPoint
 10
65446.02
 20
10330.62
 30
0.0
  0
POINT
  5
237
330
22E
100
AcDbEntity
  8
Defpoints
 62
     0
440
 16777216
100
AcDbPoint
 10
77946.02
 20
10330.62
 30
0.0
  0
POINT
  5
238
330
22E
100
AcDbEntity
  8
Defpoints
 62
     0
440
 16777216
100
AcDbPoint
 10
77946.02
 20
13630.62
 30
0.0
  0
ENDBLK
  5
239
330
22E
100
AcDbEntity
  8
0
100
AcDbBlockEnd
  0
BLOCK
  5
23C
330
23B
100
AcDbEntity
  8
0
100
AcDbBlockBegin
  2
*D23
 70
     1
 10
0.0
 20
0.0
 30
0.0
  3
*D23
  1

  0
LINE
  5
23D
330
23B
100
AcDbEntity
  8
HT-A-AXIS-F01-NEW
 62
     0
440
 16777216
370
    -2
100
AcDbLine
 10
65446.02
 20
-1769.38
 30
0.0
 11
65446.02
 21
-5419.38
 31
0.0
  0
LINE
  5
23E
330
23B
100
AcDbEntity
  8
HT-A-AXIS-F01-NEW
 62
     0
440
 16777216
370
    -2
100
AcDbLine
 10
69646.02
 20
-1769.38
 30
0.0
 11
69646.02
 21
-5419.38
 31
0.0
  0
LINE
  5
23F
330
23B
100
AcDbEntity
  8
HT-A-AXIS-F01-NEW
 62
     0
440
 16777216
370
    -2
100
AcDbLine
 10
65446.02
 20
-5169.38
 30
0.0
 11
69646.02
 21
-5169.38
 31
0.0
  0
INSERT
  5
240
330
23B
100
AcDbEntity
  8
HT-A-AXIS-F01-NEW
 62
     0
440
 16777216
370
    -2
100
AcDbBlockReference
  2
_ArchTick
 10
65446.02
 20
-5169.38
 30
0.0
 41
100.0
 42
100.0
 43
100.0
 50
180.0
  0
INSERT
  5
241
330
23B
100
AcDbEntity
  8
HT-A-AXIS-F01-NEW
 62
     0
440
 16777216
370
    -2
100
AcDbBlockReference
  2
_ArchTick
 10
69646.02
 20
-5169.38
 30
0.0
 41
100.0
 42
100.0
 43
100.0
  0
MTEXT
  5
242
330
23B
100
AcDbEntity
  8
HT-A-AXIS-F01-NEW
 62
     7
440
 16777216
100
AcDbMText
 10
67546.02
 20
-4894.38
 30
0.0
 40
297.5
 41
0.0
 46
0.0
 71
     5
 72
     1
  1
\A1;4200
  7
_TCH_DIM_T3
 73
     1
 44
1.0
  0
POINT
  5
243
330
23B
100
AcDbEntity
  8
Defpoints
 62
     0
440
 16777216
100
AcDbPoint
 10
65446.02
 20
-1469.38
 30
0.0
  0
POINT
  5
244
330
23B
100
AcDbEntity
  8
Defpoints
 62
     0
440
 16777216
100
AcDbPoint
 10
69646.02
 20
-1469.38
 30
0.0
  0
POINT
  5
245
330
23B
100
AcDbEntity
  8
Defpoints
 62
     0
440
 16777216
100
AcDbPoint
 10
69646.02
 20
-5169.38
 30
0.0
  0
ENDBLK
  5
246
330
23B
100
AcDbEntity
  8
0
100
AcDbBlockEnd
  0
BLOCK
  5
249
330
248
100
AcDbEntity
  8
0
100
AcDbBlockBegin
  2
*D24
 70
     1
 10
0.0
 20
0.0
 30
0.0
  3
*D24
  1

  0
LINE
  5
24A
330
248
100
AcDbEntity
  8
HT-A-AXIS-F01-NEW
 62
     0
440
 16777216
370
    -2
100
AcDbLine
 10
69646.02
 20
-1769.38
 30
0.0
 11
69646.02
 21
-5419.38
 31
0.0
  0
LINE
  5
24B
330
248
100
AcDbEntity
  8
HT-A-AXIS-F01-NEW
 62
     0
440
 16777216
370
    -2
100
AcDbLine
 10
74046.02
 20
-1769.38
 30
0.0
 11
74046.02
 21
-5419.38
 31
0.0
  0
LINE
  5
24C
330
248
100
AcDbEntity
  8
HT-A-AXIS-F01-NEW
 62
     0
440
 16777216
370
    -2
100
AcDbLine
 10
69646.02
 20
-5169.38
 30
0.0
 11
74046.02
 21
-5169.38
 31
0.0
  0
INSERT
  5
24D
330
248
100
AcDbEntity
  8
HT-A-AXIS-F01-NEW
 62
     0
440
 16777216
370
    -2
100
AcDbBlockReference
  2
_ArchTick
 10
69646.02
 20
-5169.38
 30
0.0
 41
100.0
 42
100.0
 43
100.0
 50
180.0
  0
INSERT
  5
24E
330
248
100
AcDbEntity
  8
HT-A-AXIS-F01-NEW
 62
     0
440
 16777216
370
    -2
100
AcDbBlockReference
  2
_ArchTick
 10
74046.02
 20
-5169.38
 30
0.0
 41
100.0
 42
100.0
 43
100.0
  0
MTEXT
  5
24F
330
248
100
AcDbEntity
  8
HT-A-AXIS-F01-NEW
 62
     7
440
 16777216
100
AcDbMText
 10
71846.02
 20
-4894.38
 30
0.0
 40
297.5
 41
0.0
 46
0.0
 71
     5
 72
     1
  1
\A1;4400
  7
_TCH_DIM_T3
 73
     1
 44
1.0
  0
POINT
  5
250
330
248
100
AcDbEntity
  8
Defpoints
 62
     0
440
 16777216
100
AcDbPoint
 10
69646.02
 20
-1469.38
 30
0.0
  0
POINT
  5
251
330
248
100
AcDbEntity
  8
Defpoints
 62
     0
440
 16777216
100
AcDbPoint
 10
74046.02
 20
-1469.38
 30
0.0
  0
POINT
  5
252
330
248
100
AcDbEntity
  8
Defpoints
 62
     0
440
 16777216
100
AcDbPoint
 10
74046.02
 20
-5169.38
 30
0.0
  0
ENDBLK
  5
253
330
248
100
AcDbEntity
  8
0
100
AcDbBlockEnd
  0
BLOCK
  5
256
330
255
100
AcDbEntity
  8
0
100
AcDbBlockBegin
  2
*D25
 70
     1
 10
0.0
 20
0.0
 30
0.0
  3
*D25
  1

  0
LINE
  5
257
330
255
100
AcDbEntity
  8
HT-A-AXIS-F01-NEW
 62
     0
440
 16777216
370
    -2
100
AcDbLine
 10
74046.02
 20
-1769.38
 30
0.0
 11
74046.02
 21
-5419.38
 31
0.0
  0
LINE
  5
258
330
255
100
AcDbEntity
  8
HT-A-AXIS-F01-NEW
 62
     0
440
 16777216
370
    -2
100
AcDbLine
 10
77946.02
 20
-1769.38
 30
0.0
 11
77946.02
 21
-5419.38
 31
0.0
  0
LINE
  5
259
330
255
100
AcDbEntity
  8
HT-A-AXIS-F01-NEW
 62
     0
440
 16777216
370
    -2
100
AcDbLine
 10
74046.02
 20
-5169.38
 30
0.0
 11
77946.02
 21
-5169.38
 31
0.0
  0
INSERT
  5
25A
330
255
100
AcDbEntity
  8
HT-A-AXIS-F01-NEW
 62
     0
440
 16777216
370
    -2
100
AcDbBlockReference
  2
_ArchTick
 10
74046.02
 20
-5169.38
 30
0.0
 41
100.0
 42
100.0
 43
100.0
 50
180.0
  0
INSERT
  5
25B
330
255
100
AcDbEntity
  8
HT-A-AXIS-F01-NEW
 62
     0
440
 16777216
370
    -2
100
AcDbBlockReference
  2
_ArchTick
 10
77946.02
 20
-5169.38
 30
0.0
 41
100.0
 42
100.0
 43
100.0
  0
MTEXT
  5
25C
330
255
100
AcDbEntity
  8
HT-A-AXIS-F01-NEW
 62
     7
440
 16777216
100
AcDbMText
 10
75996.02
 20
-4894.38
 30
0.0
 40
297.5
 41
0.0
 46
0.0
 71
     5
 72
     1
  1
\A1;3900
  7
_TCH_DIM_T3
 73
     1
 44
1.0
  0
POINT
  5
25D
330
255
100
AcDbEntity
  8
Defpoints
 62
     0
440
 16777216
100
AcDbPoint
 10
74046.02
 20
-1469.38
 30
0.0
  0
POINT
  5
25E
330
255
100
AcDbEntity
  8
Defpoints
 62
     0
440
 16777216
100
AcDbPoint
 10
77946.02
 20
-1469.38
 30
0.0
  0
POINT
  5
25F
330
255
100
AcDbEntity
  8
Defpoints
 62
     0
440
 16777216
100
AcDbPoint
 10
77946.02
 20
-5169.38
 30
0.0
  0
ENDBLK
  5
260
330
255
100
AcDbEntity
  8
0
100
AcDbBlockEnd
  0
BLOCK
  5
263
330
262
100
AcDbEntity
  8
0
100
AcDbBlockBegin
  2
*D26
 70
     1
 10
0.0
 20
0.0
 30
0.0
  3
*D26
  1

  0
LINE
  5
264
330
262
100
AcDbEntity
  8
HT-A-AXIS-F01-NEW
 62
     0
440
 16777216
370
    -2
100
AcDbLine
 10
65446.02
 20
-1769.38
 30
0.0
 11
65446.02
 21
-6219.38
 31
0.0
  0
LINE
  5
265
330
262
100
AcDbEntity
  8
HT-A-AXIS-F01-NEW
 62
     0
440
 16777216
370
    -2
100
AcDbLine
 10
77946.02
 20
-1769.38
 30
0.0
 11
77946.02
 21
-6219.38
 31
0.0
  0
LINE
  5
266
330
262
100
AcDbEntity
  8
HT-A-AXIS-F01-NEW
 62
     0
440
 16777216
370
    -2
100
AcDbLine
 10
65446.02
 20
-5969.38
 30
0.0
 11
77946.02
 21
-5969.38
 31
0.0
  0
INSERT
  5
267
330
262
100
AcDbEntity
  8
HT-A-AXIS-F01-NEW
 62
     0
440
 16777216
370
    -2
100
AcDbBlockReference
  2
_ArchTick
 10
65446.02
 20
-5969.38
 30
0.0
 41
100.0
 42
100.0
 43
100.0
 50
180.0
  0
INSERT
  5
268
330
262
100
AcDbEntity
  8
HT-A-AXIS-F01-NEW
 62
     0
440
 16777216
370
    -2
100
AcDbBlockReference
  2
_ArchTick
 10
77946.02
 20
-5969.38
 30
0.0
 41
100.0
 42
100.0
 43
100.0
  0
MTEXT
  5
269
330
262
100
AcDbEntity
  8
HT-A-AXIS-F01-NEW
 62
     7
440
 16777216
100
AcDbMText
 10
71696.02
 20
-5694.38
 30
0.0
 40
297.5
 41
0.0
 46
0.0
 71
     5
 72
     1
  1
\A1;12500
  7
_TCH_DIM_T3
 73
     1
 44
1.0
  0
POINT
  5
26A
330
262
100
AcDbEntity
  8
Defpoints
 62
     0
440
 16777216
100
AcDbPoint
 10
65446.02
 20
-1469.38
 30
0.0
  0
POINT
  5
26B
330
262
100
AcDbEntity
  8
Defpoints
 62
     0
440
 16777216
100
AcDbPoint
 10
77946.02
 20
-1469.38
 30
0.0
  0
POINT
  5
26C
330
262
100
AcDbEntity
  8
Defpoints
 62
     0
440
 16777216
100
AcDbPoint
 10
77946.02
 20
-5969.38
 30
0.0
  0
ENDBLK
  5
26D
330
262
100
AcDbEntity
  8
0
100
AcDbBlockEnd
  0
BLOCK
  5
270
330
26F
100
AcDbEntity
  8
0
100
AcDbBlockBegin
  2
*D27
 70
     1
 10
0.0
 20
0.0
 30
0.0
  3
*D27
  1

  0
LINE
  5
271
330
26F
100
AcDbEntity
  8
HT-A-AXIS-F01-NEW
 62
     0
440
 16777216
370
    -2
100
AcDbLine
 10
45506.44
 20
-1669.38
 30
0.0
 11
47956.44
 21
-1669.38
 31
0.0
  0
LINE
  5
272
330
26F
100
AcDbEntity
  8
HT-A-AXIS-F01-NEW
 62
     0
440
 16777216
370
    -2
100
AcDbLine
 10
45506.44
 20
830.62
 30
0.0
 11
47956.44
 21
830.62
 31
0.0
  0
LINE
  5
273
330
26F
100
AcDbEntity
  8
HT-A-AXIS-F01-NEW
 62
     0
440
 16777216
370
    -2
100
AcDbLine
 10
47706.44
 20
-1669.38
 30
0.0
 11
47706.44
 21
830.62
 31
0.0
  0
INSERT
  5
274
330
26F
100
AcDbEntity
  8
HT-A-AXIS-F01-NEW
 62
     0
440
 16777216
370
    -2
100
AcDbBlockReference
  2
_ArchTick
 10
47706.44
 20
-1669.38
 30
0.0
 41
100.0
 42
100.0
 43
100.0
 50
270.0
  0
INSERT
  5
275
330
26F
100
AcDbEntity
  8
HT-A-AXIS-F01-NEW
 62
     0
440
 16777216
370
    -2
100
AcDbBlockReference
  2
_ArchTick
 10
47706.44
 20
830.62
 30
0.0
 41
100.0
 42
100.0
 43
100.0
 50
90.0
  0
MTEXT
  5
276
330
26F
100
AcDbEntity
  8
HT-A-AXIS-F01-NEW
 62
     7
440
 16777216
100
AcDbMText
 10
47431.44
 20
-419.38
 30
0.0
 40
297.5
 41
0.0
 46
0.0
 71
     5
 72
     1
  1
\A1;2500
  7
_TCH_DIM_T3
 11
0.0
 21
1.0
 31
0.0
 73
     1
 44
1.0
  0
POINT
  5
277
330
26F
100
AcDbEntity
  8
Defpoints
 62
     0
440
 16777216
100
AcDbPoint
 10
45206.44
 20
-1669.38
 30
0.0
  0
POINT
  5
278
330
26F
100
AcDbEntity
  8
Defpoints
 62
     0
440
 16777216
100
AcDbPoint
 10
45206.44
 20
830.62
 30
0.0
  0
POINT
  5
279
330
26F
100
AcDbEntity
  8
Defpoints
 62
     0
440
 16777216
100
AcDbPoint
 10
47706.44
 20
830.62
 30
0.0
  0
ENDBLK
  5
27A
330
26F
100
AcDbEntity
  8
0
100
AcDbBlockEnd
  0
BLOCK
  5
27D
330
27C
100
AcDbEntity
  8
0
100
AcDbBlockBegin
  2
*D28
 70
     1
 10
0.0
 20
0.0
 30
0.0
  3
*D28
  1

  0
LINE
  5
27E
330
27C
100
AcDbEntity
  8
HT-A-AXIS-F01-NEW
 62
     0
440
 16777216
370
    -2
100
AcDbLine
 10
45506.44
 20
830.62
 30
0.0
 11
47956.44
 21
830.62
 31
0.0
  0
LINE
  5
27F
330
27C
100
AcDbEntity
  8
HT-A-AXIS-F01-NEW
 62
     0
440
 16777216
370
    -2
100
AcDbLine
 10
45506.44
 20
2630.62
 30
0.0
 11
47956.44
 21
2630.62
 31
0.0
  0
LINE
  5
280
330
27C
100
AcDbEntity
  8
HT-A-AXIS-F01-NEW
 62
     0
440
 16777216
370
    -2
100
AcDbLine
 10
47706.44
 20
830.62
 30
0.0
 11
47706.44
 21
2630.62
 31
0.0
  0
INSERT
  5
281
330
27C
100
AcDbEntity
  8
HT-A-AXIS-F01-NEW
 62
     0
440
 16777216
370
    -2
100
AcDbBlockReference
  2
_ArchTick
 10
47706.44
 20
830.62
 30
0.0
 41
100.0
 42
100.0
 43
100.0
 50
270.0
  0
INSERT
  5
282
330
27C
100
AcDbEntity
  8
HT-A-AXIS-F01-NEW
 62
     0
440
 16777216
370
    -2
100
AcDbBlockReference
  2
_ArchTick
 10
47706.44
 20
2630.62
 30
0.0
 41
100.0
 42
100.0
 43
100.0
 50
90.0
  0
MTEXT
  5
283
330
27C
100
AcDbEntity
  8
HT-A-AXIS-F01-NEW
 62
     7
440
 16777216
100
AcDbMText
 10
47431.44
 20
1730.62
 30
0.0
 40
297.5
 41
0.0
 46
0.0
 71
     5
 72
     1
  1
\A1;1800
  7
_TCH_DIM_T3
 11
0.0
 21
1.0
 31
0.0
 73
     1
 44
1.0
  0
POINT
  5
284
330
27C
100
AcDbEntity
  8
Defpoints
 62
     0
440
 16777216
100
AcDbPoint
 10
45206.44
 20
830.62
 30
0.0
  0
POINT
  5
285
330
27C
100
AcDbEntity
  8
Defpoints
 62
     0
440
 16777216
100
AcDbPoint
 10
45206.44
 20
2630.62
 30
0.0
  0
POINT
  5
286
330
27C
100
AcDbEntity
  8
Defpoints
 62
     0
440
 16777216
100
AcDbPoint
 10
47706.44
 20
2630.62
 30
0.0
  0
ENDBLK
  5
287
330
27C
100
AcDbEntity
  8
0
100
AcDbBlockEnd
  0
BLOCK
  5
28A
330
289
100
AcDbEntity
  8
0
100
AcDbBlockBegin
  2
*D29
 70
     1
 10
0.0
 20
0.0
 30
0.0
  3
*D29
  1

  0
LINE
  5
28B
330
289
100
AcDbEntity
  8
HT-A-AXIS-F01-NEW
 62
     0
440
 16777216
370
    -2
100
AcDbLine
 10
45506.44
 20
2630.62
 30
0.0
 11
47956.44
 21
2630.62
 31
0.0
  0
LINE
  5
28C
330
289
100
AcDbEntity
  8
HT-A-AXIS-F01-NEW
 62
     0
440
 16777216
370
    -2
100
AcDbLine
 10
45506.44
 20
4130.62
 30
0.0
 11
47956.44
 21
4130.62
 31
0.0
  0
LINE
  5
28D
330
289
100
AcDbEntity
  8
HT-A-AXIS-F01-NEW
 62
     0
440
 16777216
370
    -2
100
AcDbLine
 10
47706.44
 20
2630.62
 30
0.0
 11
47706.44
 21
4130.62
 31
0.0
  0
INSERT
  5
28E
330
289
100
AcDbEntity
  8
HT-A-AXIS-F01-NEW
 62
     0
440
 16777216
370
    -2
100
AcDbBlockReference
  2
_ArchTick
 10
47706.44
 20
2630.62
 30
0.0
 41
100.0
 42
100.0
 43
100.0
 50
270.0
  0
INSERT
  5
28F
330
289
100
AcDbEntity
  8
HT-A-AXIS-F01-NEW
 62
     0
440
 16777216
370
    -2
100
AcDbBlockReference
  2
_ArchTick
 10
47706.44
 20
4130.62
 30
0.0
 41
100.0
 42
100.0
 43
100.0
 50
90.0
  0
MTEXT
  5
290
330
289
100
AcDbEntity
  8
HT-A-AXIS-F01-NEW
 62
     7
440
 16777216
100
AcDbMText
 10
47431.44
 20
3380.62
 30
0.0
 40
297.5
 41
0.0
 46
0.0
 71
     5
 72
     1
  1
\A1;1500
  7
_TCH_DIM_T3
 11
0.0
 21
1.0
 31
0.0
 73
     1
 44
1.0
  0
POINT
  5
291
330
289
100
AcDbEntity
  8
Defpoints
 62
     0
440
 16777216
100
AcDbPoint
 10
45206.44
 20
2630.62
 30
0.0
  0
POINT
  5
292
330
289
100
AcDbEntity
  8
Defpoints
 62
     0
440
 16777216
100
AcDbPoint
 10
45206.44
 20
4130.62
 30
0.0
  0
POINT
  5
293
330
289
100
AcDbEntity
  8
Defpoints
 62
     0
440
 16777216
100
AcDbPoint
 10
47706.44
 20
4130.62
 30
0.0
  0
ENDBLK
  5
294
330
289
100
AcDbEntity
  8
0
100
AcDbBlockEnd
  0
BLOCK
  5
297
330
296
100
AcDbEntity
  8
0
100
AcDbBlockBegin
  2
*D30
 70
     1
 10
0.0
 20
0.0
 30
0.0
  3
*D30
  1

  0
LINE
  5
298
330
296
100
AcDbEntity
  8
HT-A-AXIS-F01-NEW
 62
     0
440
 16777216
370
    -2
100
AcDbLine
 10
45506.44
 20
4130.62
 30
0.0
 11
47956.44
 21
4130.62
 31
0.0
  0
LINE
  5
299
330
296
100
AcDbEntity
  8
HT-A-AXIS-F01-NEW
 62
     0
440
 16777216
370
    -2
100
AcDbLine
 10
45506.44
 20
9330.62
 30
0.0
 11
47956.44
 21
9330.62
 31
0.0
  0
LINE
  5
29A
330
296
100
AcDbEntity
  8
HT-A-AXIS-F01-NEW
 62
     0
440
 16777216
370
    -2
100
AcDbLine
 10
47706.44
 20
4130.62
 30
0.0
 11
47706.44
 21
9330.62
 31
0.0
  0
INSERT
  5
29B
330
296
100
AcDbEntity
  8
HT-A-AXIS-F01-NEW
 62
     0
440
 16777216
370
    -2
100
AcDbBlockReference
  2
_ArchTick
 10
47706.44
 20
4130.62
 30
0.0
 41
100.0
 42
100.0
 43
100.0
 50
270.0
  0
INSERT
  5
29C
330
296
100
AcDbEntity
  8
HT-A-AXIS-F01-NEW
 62
     0
440
 16777216
370
    -2
100
AcDbBlockReference
  2
_ArchTick
 10
47706.44
 20
9330.62
 30
0.0
 41
100.0
 42
100.0
 43
100.0
 50
90.0
  0
MTEXT
  5
29D
330
296
100
AcDbEntity
  8
HT-A-AXIS-F01-NEW
 62
     7
440
 16777216
100
AcDbMText
 10
47431.44
 20
6730.62
 30
0.0
 40
297.5
 41
0.0
 46
0.0
 71
     5
 72
     1
  1
\A1;5200
  7
_TCH_DIM_T3
 11
0.0
 21
1.0
 31
0.0
 73
     1
 44
1.0
  0
POINT
  5
29E
330
296
100
AcDbEntity
  8
Defpoints
 62
     0
440
 16777216
100
AcDbPoint
 10
45206.44
 20
4130.62
 30
0.0
  0
POINT
  5
29F
330
296
100
AcDbEntity
  8
Defpoints
 62
     0
440
 16777216
100
AcDbPoint
 10
45206.44
 20
9330.62
 30
0.0
  0
POINT
  5
2A0
330
296
100
AcDbEntity
  8
Defpoints
 62
     0
440
 16777216
100
AcDbPoint
 10
47706.44
 20
9330.62
 30
0.0
  0
ENDBLK
  5
2A1
330
296
100
AcDbEntity
  8
0
100
AcDbBlockEnd
  0
BLOCK
  5
2A4
330
2A3
100
AcDbEntity
  8
0
100
AcDbBlockBegin
  2
*D31
 70
     1
 10
0.0
 20
0.0
 30
0.0
  3
*D31
  1

  0
LINE
  5
2A5
330
2A3
100
AcDbEntity
  8
HT-A-AXIS-F01-NEW
 62
     0
440
 16777216
370
    -2
100
AcDbLine
 10
45506.44
 20
-1669.38
 30
0.0
 11
48756.44
 21
-1669.38
 31
0.0
  0
LINE
  5
2A6
330
2A3
100
AcDbEntity
  8
HT-A-AXIS-F01-NEW
 62
     0
440
 16777216
370
    -2
100
AcDbLine
 10
45506.44
 20
9330.62
 30
0.0
 11
48756.44
 21
9330.62
 31
0.0
  0
LINE
  5
2A7
330
2A3
100
AcDbEntity
  8
HT-A-AXIS-F01-NEW
 62
     0
440
 16777216
370
    -2
100
AcDbLine
 10
48506.44
 20
-1669.38
 30
0.0
 11
48506.44
 21
9330.62
 31
0.0
  0
INSERT
  5
2A8
330
2A3
100
AcDbEntity
  8
HT-A-AXIS-F01-NEW
 62
     0
440
 16777216
370
    -2
100
AcDbBlockReference
  2
_ArchTick
 10
48506.44
 20
-1669.38
 30
0.0
 41
100.0
 42
100.0
 43
100.0
 50
270.0
  0
INSERT
  5
2A9
330
2A3
100
AcDbEntity
  8
HT-A-AXIS-F01-NEW
 62
     0
440
 16777216
370
    -2
100
AcDbBlockReference
  2
_ArchTick
 10
48506.44
 20
9330.62
 30
0.0
 41
100.0
 42
100.0
 43
100.0
 50
90.0
  0
MTEXT
  5
2AA
330
2A3
100
AcDbEntity
  8
HT-A-AXIS-F01-NEW
 62
     7
440
 16777216
100
AcDbMText
 10
48231.44
 20
3830.62
 30
0.0
 40
297.5
 41
0.0
 46
0.0
 71
     5
 72
     1
  1
\A1;11000
  7
_TCH_DIM_T3
 11
0.0
 21
1.0
 31
0.0
 73
     1
 44
1.0
  0
POINT
  5
2AB
330
2A3
100
AcDbEntity
  8
Defpoints
 62
     0
440
 16777216
100
AcDbPoint
 10
45206.44
 20
-1669.38
 30
0.0
  0
POINT
  5
2AC
330
2A3
100
AcDbEntity
  8
Defpoints
 62
     0
440
 16777216
100
AcDbPoint
 10
45206.44
 20
9330.62
 30
0.0
  0
POINT
  5
2AD
330
2A3
100
AcDbEntity
  8
Defpoints
 62
     0
440
 16777216
100
AcDbPoint
 10
48506.44
 20
9330.62
 30
0.0
  0
ENDBLK
  5
2AE
330
2A3
100
AcDbEntity
  8
0
100
AcDbBlockEnd
  0
BLOCK
  5
2B1
330
2B0
100
AcDbEntity
  8
0
100
AcDbBlockBegin
  2
*D32
 70
     1
 10
0.0
 20
0.0
 30
0.0
  3
*D32
  1

  0
LINE
  5
2B2
330
2B0
100
AcDbEntity
  8
HT-A-AXIS-F01-NEW
 62
     0
440
 16777216
370
    -2
100
AcDbLine
 10
30906.44
 20
-1669.38
 30
0.0
 11
28456.44
 21
-1669.38
 31
0.0
  0
LINE
  5
2B3
330
2B0
100
AcDbEntity
  8
HT-A-AXIS-F01-NEW
 62
     0
440
 16777216
370
    -2
100
AcDbLine
 10
30906.44
 20
830.62
 30
0.0
 11
28456.44
 21
830.62
 31
0.0
  0
LINE
  5
2B4
330
2B0
100
AcDbEntity
  8
HT-A-AXIS-F01-NEW
 62
     0
440
 16777216
370
    -2
100
AcDbLine
 10
28706.44
 20
-1669.38
 30
0.0
 11
28706.44
 21
830.62
 31
0.0
  0
INSERT
  5
2B5
330
2B0
100
AcDbEntity
  8
HT-A-AXIS-F01-NEW
 62
     0
440
 16777216
370
    -2
100
AcDbBlockReference
  2
_ArchTick
 10
28706.44
 20
-1669.38
 30
0.0
 41
100.0
 42
100.0
 43
100.0
 50
270.0
  0
INSERT
  5
2B6
330
2B0
100
AcDbEntity
  8
HT-A-AXIS-F01-NEW
 62
     0
440
 16777216
370
    -2
100
AcDbBlockReference
  2
_ArchTick
 10
28706.44
 20
830.62
 30
0.0
 41
100.0
 42
100.0
 43
100.0
 50
90.0
  0
MTEXT
  5
2B7
330
2B0
100
AcDbEntity
  8
HT-A-AXIS-F01-NEW
 62
     7
440
 16777216
100
AcDbMText
 10
28431.44
 20
-419.38
 30
0.0
 40
297.5
 41
0.0
 46
0.0
 71
     5
 72
     1
  1
\A1;2500
  7
_TCH_DIM_T3
 11
0.0
 21
1.0
 31
0.0
 73
     1
 44
1.0
  0
POINT
  5
2B8
330
2B0
100
AcDbEntity
  8
Defpoints
 62
     0
440
 16777216
100
AcDbPoint
 10
31206.44
 20
-1669.38
 30
0.0
  0
POINT
  5
2B9
330
2B0
100
AcDbEntity
  8
Defpoints
 62
     0
440
 16777216
100
AcDbPoint
 10
31206.44
 20
830.62
 30
0.0
  0
POINT
  5
2BA
330
2B0
100
AcDbEntity
  8
Defpoints
 62
     0
440
 16777216
100
AcDbPoint
 10
28706.44
 20
830.62
 30
0.0
  0
ENDBLK
  5
2BB
330
2B0
100
AcDbEntity
  8
0
100
AcDbBlockEnd
  0
BLOCK
  5
2BE
330
2BD
100
AcDbEntity
  8
0
100
AcDbBlockBegin
  2
*D33
 70
     1
 10
0.0
 20
0.0
 30
0.0
  3
*D33
  1

  0
LINE
  5
2BF
330
2BD
100
AcDbEntity
  8
HT-A-AXIS-F01-NEW
 62
     0
440
 16777216
370
    -2
100
AcDbLine
 10
30906.44
 20
830.62
 30
0.0
 11
28456.44
 21
830.62
 31
0.0
  0
LINE
  5
2C0
330
2BD
100
AcDbEntity
  8
HT-A-AXIS-F01-NEW
 62
     0
440
 16777216
370
    -2
100
AcDbLine
 10
30906.44
 20
2630.62
 30
0.0
 11
28456.44
 21
2630.62
 31
0.0
  0
LINE
  5
2C1
330
2BD
100
AcDbEntity
  8
HT-A-AXIS-F01-NEW
 62
     0
440
 16777216
370
    -2
100
AcDbLine
 10
28706.44
 20
830.62
 30
0.0
 11
28706.44
 21
2630.62
 31
0.0
  0
INSERT
  5
2C2
330
2BD
100
AcDbEntity
  8
HT-A-AXIS-F01-NEW
 62
     0
440
 16777216
370
    -2
100
AcDbBlockReference
  2
_ArchTick
 10
28706.44
 20
830.62
 30
0.0
 41
100.0
 42
100.0
 43
100.0
 50
270.0
  0
INSERT
  5
2C3
330
2BD
100
AcDbEntity
  8
HT-A-AXIS-F01-NEW
 62
     0
440
 16777216
370
    -2
100
AcDbBlockReference
  2
_ArchTick
 10
28706.44
 20
2630.62
 30
0.0
 41
100.0
 42
100.0
 43
100.0
 50
90.0
  0
MTEXT
  5
2C4
330
2BD
100
AcDbEntity
  8
HT-A-AXIS-F01-NEW
 62
     7
440
 16777216
100
AcDbMText
 10
28431.44
 20
1730.62
 30
0.0
 40
297.5
 41
0.0
 46
0.0
 71
     5
 72
     1
  1
\A1;1800
  7
_TCH_DIM_T3
 11
0.0
 21
1.0
 31
0.0
 73
     1
 44
1.0
  0
POINT
  5
2C5
330
2BD
100
AcDbEntity
  8
Defpoints
 62
     0
440
 16777216
100
AcDbPoint
 10
31206.44
 20
830.62
 30
0.0
  0
POINT
  5
2C6
330
2BD
100
AcDbEntity
  8
Defpoints
 62
     0
440
 16777216
100
AcDbPoint
 10
31206.44
 20
2630.62
 30
0.0
  0
POINT
  5
2C7
330
2BD
100
AcDbEntity
  8
Defpoints
 62
     0
440
 16777216
100
AcDbPoint
 10
28706.44
 20
2630.62
 30
0.0
  0
ENDBLK
  5
2C8
330
2BD
100
AcDbEntity
  8
0
100
AcDbBlockEnd
  0
BLOCK
  5
2CB
330
2CA
100
AcDbEntity
  8
0
100
AcDbBlockBegin
  2
*D34
 70
     1
 10
0.0
 20
0.0
 30
0.0
  3
*D34
  1

  0
LINE
  5
2CC
330
2CA
100
AcDbEntity
  8
HT-A-AXIS-F01-NEW
 62
     0
440
 16777216
370
    -2
100
AcDbLine
 10
30906.44
 20
2630.62
 30
0.0
 11
28456.44
 21
2630.62
 31
0.0
  0
LINE
  5
2CD
330
2CA
100
AcDbEntity
  8
HT-A-AXIS-F01-NEW
 62
     0
440
 16777216
370
    -2
100
AcDbLine
 10
30906.44
 20
4130.62
 30
0.0
 11
28456.44
 21
4130.62
 31
0.0
  0
LINE
  5
2CE
330
2CA
100
AcDbEntity
  8
HT-A-AXIS-F01-NEW
 62
     0
440
 16777216
370
    -2
100
AcDbLine
 10
28706.44
 20
2630.62
 30
0.0
 11
28706.44
 21
4130.62
 31
0.0
  0
INSERT
  5
2CF
330
2CA
100
AcDbEntity
  8
HT-A-AXIS-F01-NEW
 62
     0
440
 16777216
370
    -2
100
AcDbBlockReference
  2
_ArchTick
 10
28706.44
 20
2630.62
 30
0.0
 41
100.0
 42
100.0
 43
100.0
 50
270.0
  0
INSERT
  5
2D0
330
2CA
100
AcDbEntity
  8
HT-A-AXIS-F01-NEW
 62
     0
440
 16777216
370
    -2
100
AcDbBlockReference
  2
_ArchTick
 10
28706.44
 20
4130.62
 30
0.0
 41
100.0
 42
100.0
 43
100.0
 50
90.0
  0
MTEXT
  5
2D1
330
2CA
100
AcDbEntity
  8
HT-A-AXIS-F01-NEW
 62
     7
440
 16777216
100
AcDbMText
 10
28431.44
 20
3380.62
 30
0.0
 40
297.5
 41
0.0
 46
0.0
 71
     5
 72
     1
  1
\A1;1500
  7
_TCH_DIM_T3
 11
0.0
 21
1.0
 31
0.0
 73
     1
 44
1.0
  0
POINT
  5
2D2
330
2CA
100
AcDbEntity
  8
Defpoints
 62
     0
440
 16777216
100
AcDbPoint
 10
31206.44
 20
2630.62
 30
0.0
  0
POINT
  5
2D3
330
2CA
100
AcDbEntity
  8
Defpoints
 62
     0
440
 16777216
100
AcDbPoint
 10
31206.44
 20
4130.62
 30
0.0
  0
POINT
  5
2D4
330
2CA
100
AcDbEntity
  8
Defpoints
 62
     0
440
 16777216
100
AcDbPoint
 10
28706.44
 20
4130.62
 30
0.0
  0
ENDBLK
  5
2D5
330
2CA
100
AcDbEntity
  8
0
100
AcDbBlockEnd
  0
BLOCK
  5
2D8
330
2D7
100
AcDbEntity
  8
0
100
AcDbBlockBegin
  2
*D35
 70
     1
 10
0.0
 20
0.0
 30
0.0
  3
*D35
  1

  0
LINE
  5
2D9
330
2D7
100
AcDbEntity
  8
HT-A-AXIS-F01-NEW
 62
     0
440
 16777216
370
    -2
100
AcDbLine
 10
30906.44
 20
4130.62
 30
0.0
 11
28456.44
 21
4130.62
 31
0.0
  0
LINE
  5
2DA
330
2D7
100
AcDbEntity
  8
HT-A-AXIS-F01-NEW
 62
     0
440
 16777216
370
    -2
100
AcDbLine
 10
30906.44
 20
9330.62
 30
0.0
 11
28456.44
 21
9330.62
 31
0.0
  0
LINE
  5
2DB
330
2D7
100
AcDbEntity
  8
HT-A-AXIS-F01-NEW
 62
     0
440
 16777216
370
    -2
100
AcDbLine
 10
28706.44
 20
4130.62
 30
0.0
 11
28706.44
 21
9330.62
 31
0.0
  0
INSERT
  5
2DC
330
2D7
100
AcDbEntity
  8
HT-A-AXIS-F01-NEW
 62
     0
440
 16777216
370
    -2
100
AcDbBlockReference
  2
_ArchTick
 10
28706.44
 20
4130.62
 30
0.0
 41
100.0
 42
100.0
 43
100.0
 50
270.0
  0
INSERT
  5
2DD
330
2D7
100
AcDbEntity
  8
HT-A-AXIS-F01-NEW
 62
     0
440
 16777216
370
    -2
100
AcDbBlockReference
  2
_ArchTick
 10
28706.44
 20
9330.62
 30
0.0
 41
100.0
 42
100.0
 43
100.0
 50
90.0
  0
MTEXT
  5
2DE
330
2D7
100
AcDbEntity
  8
HT-A-AXIS-F01-NEW
 62
     7
440
 16777216
100
AcDbMText
 10
28431.44
 20
6730.62
 30
0.0
 40
297.5
 41
0.0
 46
0.0
 71
     5
 72
     1
  1
\A1;5200
  7
_TCH_DIM_T3
 11
0.0
 21
1.0
 31
0.0
 73
     1
 44
1.0
  0
POINT
  5
2DF
330
2D7
100
AcDbEntity
  8
Defpoints
 62
     0
440
 16777216
100
AcDbPoint
 10
31206.44
 20
4130.62
 30
0.0
  0
POINT
  5
2E0
330
2D7
100
AcDbEntity
  8
Defpoints
 62
     0
440
 16777216
100
AcDbPoint
 10
31206.44
 20
9330.62
 30
0.0
  0
POINT
  5
2E1
330
2D7
100
AcDbEntity
  8
Defpoints
 62
     0
440
 16777216
100
AcDbPoint
 10
28706.44
 20
9330.62
 30
0.0
  0
ENDBLK
  5
2E2
330
2D7
100
AcDbEntity
  8
0
100
AcDbBlockEnd
  0
BLOCK
  5
2E5
330
2E4
100
AcDbEntity
  8
0
100
AcDbBlockBegin
  2
*D36
 70
     1
 10
0.0
 20
0.0
 30
0.0
  3
*D36
  1

  0
LINE
  5
2E6
330
2E4
100
AcDbEntity
  8
HT-A-AXIS-F01-NEW
 62
     0
440
 16777216
370
    -2
100
AcDbLine
 10
30906.44
 20
-1669.38
 30
0.0
 11
27656.44
 21
-1669.38
 31
0.0
  0
LINE
  5
2E7
330
2E4
100
AcDbEntity
  8
HT-A-AXIS-F01-NEW
 62
     0
440
 16777216
370
    -2
100
AcDbLine
 10
30906.44
 20
9330.62
 30
0.0
 11
27656.44
 21
9330.62
 31
0.0
  0
LINE
  5
2E8
330
2E4
100
AcDbEntity
  8
HT-A-AXIS-F01-NEW
 62
     0
440
 16777216
370
    -2
100
AcDbLine
 10
27906.44
 20
-1669.38
 30
0.0
 11
27906.44
 21
9330.62
 31
0.0
  0
INSERT
  5
2E9
330
2E4
100
AcDbEntity
  8
HT-A-AXIS-F01-NEW
 62
     0
440
 16777216
370
    -2
100
AcDbBlockReference
  2
_ArchTick
 10
27906.44
 20
-1669.38
 30
0.0
 41
100.0
 42
100.0
 43
100.0
 50
270.0
  0
INSERT
  5
2EA
330
2E4
100
AcDbEntity
  8
HT-A-AXIS-F01-NEW
 62
     0
440
 16777216
370
    -2
100
AcDbBlockReference
  2
_ArchTick
 10
27906.44
 20
9330.62
 30
0.0
 41
100.0
 42
100.0
 43
100.0
 50
90.0
  0
MTEXT
  5
2EB
330
2E4
100
AcDbEntity
  8
HT-A-AXIS-F01-NEW
 62
     7
440
 16777216
100
AcDbMText
 10
27631.44
 20
3830.62
 30
0.0
 40
297.5
 41
0.0
 46
0.0
 71
     5
 72
     1
  1
\A1;11000
  7
_TCH_DIM_T3
 11
0.0
 21
1.0
 31
0.0
 73
     1
 44
1.0
  0
POINT
  5
2EC
330
2E4
100
AcDbEntity
  8
Defpoints
 62
     0
440
 16777216
100
AcDbPoint
 10
31206.44
 20
-1669.38
 30
0.0
  0
POINT
  5
2ED
330
2E4
100
AcDbEntity
  8
Defpoints
 62
     0
440
 16777216
100
AcDbPoint
 10
31206.44
 20
9330.62
 30
0.0
  0
POINT
  5
2EE
330
2E4
100
AcDbEntity
  8
Defpoints
 62
     0
440
 16777216
100
AcDbPoint
 10
27906.44
 20
9330.62
 30
0.0
  0
ENDBLK
  5
2EF
330
2E4
100
AcDbEntity
  8
0
100
AcDbBlockEnd
  0
BLOCK
  5
2F2
330
2F1
100
AcDbEntity
  8
0
100
AcDbBlockBegin
  2
*D37
 70
     1
 10
0.0
 20
0.0
 30
0.0
  3
*D37
  1

  0
LINE
  5
2F3
330
2F1
100
AcDbEntity
  8
HT-A-AXIS-F01-NEW
 62
     0
440
 16777216
370
    -2
100
AcDbLine
 10
31706.44
 20
10630.62
 30
0.0
 11
31706.44
 21
13080.62
 31
0.0
  0
LINE
  5
2F4
330
2F1
100
AcDbEntity
  8
HT-A-AXIS-F01-NEW
 62
     0
440
 16777216
370
    -2
100
AcDbLine
 10
35906.44
 20
10630.62
 30
0.0
 11
35906.44
 21
13080.62
 31
0.0
  0
LINE
  5
2F5
330
2F1
100
AcDbEntity
  8
HT-A-AXIS-F01-NEW
 62
     0
440
 16777216
370
    -2
100
AcDbLine
 10
31706.44
 20
12830.62
 30
0.0
 11
35906.44
 21
12830.62
 31
0.0
  0
INSERT
  5
2F6
330
2F1
100
AcDbEntity
  8
HT-A-AXIS-F01-NEW
 62
     0
440
 16777216
370
    -2
100
AcDbBlockReference
  2
_ArchTick
 10
31706.44
 20
12830.62
 30
0.0
 41
100.0
 42
100.0
 43
100.0
 50
180.0
  0
INSERT
  5
2F7
330
2F1
100
AcDbEntity
  8
HT-A-AXIS-F01-NEW
 62
     0
440
 16777216
370
    -2
100
AcDbBlockReference
  2
_ArchTick
 10
35906.44
 20
12830.62
 30
0.0
 41
100.0
 42
100.0
 43
100.0
  0
MTEXT
  5
2F8
330
2F1
100
AcDbEntity
  8
HT-A-AXIS-F01-NEW
 62
     7
440
 16777216
100
AcDbMText
 10
33806.44
 20
13105.62
 30
0.0
 40
297.5
 41
0.0
 46
0.0
 71
     5
 72
     1
  1
\A1;4200
  7
_TCH_DIM_T3
 73
     1
 44
1.0
  0
POINT
  5
2F9
330
2F1
100
AcDbEntity
  8
Defpoints
 62
     0
440
 16777216
100
AcDbPoint
 10
31706.44
 20
10330.62
 30
0.0
  0
POINT
  5
2FA
330
2F1
100
AcDbEntity
  8
Defpoints
 62
     0
440
 16777216
100
AcDbPoint
 10
35906.44
 20
10330.62
 30
0.0
  0
POINT
  5
2FB
330
2F1
100
AcDbEntity
  8
Defpoints
 62
     0
440
 16777216
100
AcDbPoint
 10
35906.44
 20
12830.62
 30
0.0
  0
ENDBLK
  5
2FC
330
2F1
100
AcDbEntity
  8
0
100
AcDbBlockEnd
  0
BLOCK
  5
2FF
330
2FE
100
AcDbEntity
  8
0
100
AcDbBlockBegin
  2
*D38
 70
     1
 10
0.0
 20
0.0
 30
0.0
  3
*D38
  1

  0
LINE
  5
300
330
2FE
100
AcDbEntity
  8
HT-A-AXIS-F01-NEW
 62
     0
440
 16777216
370
    -2
100
AcDbLine
 10
35906.44
 20
10630.62
 30
0.0
 11
35906.44
 21
13080.62
 31
0.0
  0
LINE
  5
301
330
2FE
100
AcDbEntity
  8
HT-A-AXIS-F01-NEW
 62
     0
440
 16777216
370
    -2
100
AcDbLine
 10
40306.44
 20
10630.62
 30
0.0
 11
40306.44
 21
13080.62
 31
0.0
  0
LINE
  5
302
330
2FE
100
AcDbEntity
  8
HT-A-AXIS-F01-NEW
 62
     0
440
 16777216
370
    -2
100
AcDbLine
 10
35906.44
 20
12830.62
 30
0.0
 11
40306.44
 21
12830.62
 31
0.0
  0
INSERT
  5
303
330
2FE
100
AcDbEntity
  8
HT-A-AXIS-F01-NEW
 62
     0
440
 16777216
370
    -2
100
AcDbBlockReference
  2
_ArchTick
 10
35906.44
 20
12830.62
 30
0.0
 41
100.0
 42
100.0
 43
100.0
 50
180.0
  0
INSERT
  5
304
330
2FE
100
AcDbEntity
  8
HT-A-AXIS-F01-NEW
 62
     0
440
 16777216
370
    -2
100
AcDbBlockReference
  2
_ArchTick
 10
40306.44
 20
12830.62
 30
0.0
 41
100.0
 42
100.0
 43
100.0
  0
MTEXT
  5
305
330
2FE
100
AcDbEntity
  8
HT-A-AXIS-F01-NEW
 62
     7
440
 16777216
100
AcDbMText
 10
38106.44
 20
13105.62
 30
0.0
 40
297.5
 41
0.0
 46
0.0
 71
     5
 72
     1
  1
\A1;4400
  7
_TCH_DIM_T3
 73
     1
 44
1.0
  0
POINT
  5
306
330
2FE
100
AcDbEntity
  8
Defpoints
 62
     0
440
 16777216
100
AcDbPoint
 10
35906.44
 20
10330.62
 30
0.0
  0
POINT
  5
307
330
2FE
100
AcDbEntity
  8
Defpoints
 62
     0
440
 16777216
100
AcDbPoint
 10
40306.44
 20
10330.62
 30
0.0
  0
POINT
  5
308
330
2FE
100
AcDbEntity
  8
Defpoints
 62
     0
440
 16777216
100
AcDbPoint
 10
40306.44
 20
12830.62
 30
0.0
  0
ENDBLK
  5
309
330
2FE
100
AcDbEntity
  8
0
100
AcDbBlockEnd
  0
BLOCK
  5
30C
330
30B
100
AcDbEntity
  8
0
100
AcDbBlockBegin
  2
*D39
 70
     1
 10
0.0
 20
0.0
 30
0.0
  3
*D39
  1

  0
LINE
  5
30D
330
30B
100
AcDbEntity
  8
HT-A-AXIS-F01-NEW
 62
     0
440
 16777216
370
    -2
100
AcDbLine
 10
40306.44
 20
10630.62
 30
0.0
 11
40306.44
 21
13080.62
 31
0.0
  0
LINE
  5
30E
330
30B
100
AcDbEntity
  8
HT-A-AXIS-F01-NEW
 62
     0
440
 16777216
370
    -2
100
AcDbLine
 10
44206.44
 20
10630.62
 30
0.0
 11
44206.44
 21
13080.62
 31
0.0
  0
LINE
  5
30F
330
30B
100
AcDbEntity
  8
HT-A-AXIS-F01-NEW
 62
     0
440
 16777216
370
    -2
100
AcDbLine
 10
40306.44
 20
12830.62
 30
0.0
 11
44206.44
 21
12830.62
 31
0.0
  0
INSERT
  5
310
330
30B
100
AcDbEntity
  8
HT-A-AXIS-F01-NEW
 62
     0
440
 16777216
370
    -2
100
AcDbBlockReference
  2
_ArchTick
 10
40306.44
 20
12830.62
 30
0.0
 41
100.0
 42
100.0
 43
100.0
 50
180.0
  0
INSERT
  5
311
330
30B
100
AcDbEntity
  8
HT-A-AXIS-F01-NEW
 62
     0
440
 16777216
370
    -2
100
AcDbBlockReference
  2
_ArchTick
 10
44206.44
 20
12830.62
 30
0.0
 41
100.0
 42
100.0
 43
100.0
  0
MTEXT
  5
312
330
30B
100
AcDbEntity
  8
HT-A-AXIS-F01-NEW
 62
     7
440
 16777216
100
AcDbMText
 10
42256.44
 20
13105.62
 30
0.0
 40
297.5
 41
0.0
 46
0.0
 71
     5
 72
     1
  1
\A1;3900
  7
_TCH_DIM_T3
 73
     1
 44
1.0
  0
POINT
  5
313
330
30B
100
AcDbEntity
  8
Defpoints
 62
     0
440
 16777216
100
AcDbPoint
 10
40306.44
 20
10330.62
 30
0.0
  0
POINT
  5
314
330
30B
100
AcDbEntity
  8
Defpoints
 62
     0
440
 16777216
100
AcDbPoint
 10
44206.44
 20
10330.62
 30
0.0
  0
POINT
  5
315
330
30B
100
AcDbEntity
  8
Defpoints
 62
     0
440
 16777216
100
AcDbPoint
 10
44206.44
 20
12830.62
 30
0.0
  0
ENDBLK
  5
316
330
30B
100
AcDbEntity
  8
0
100
AcDbBlockEnd
  0
BLOCK
  5
319
330
318
100
AcDbEntity
  8
0
100
AcDbBlockBegin
  2
*D40
 70
     1
 10
0.0
 20
0.0
 30
0.0
  3
*D40
  1

  0
LINE
  5
31A
330
318
100
AcDbEntity
  8
HT-A-AXIS-F01-NEW
 62
     0
440
 16777216
370
    -2
100
AcDbLine
 10
31706.44
 20
10630.62
 30
0.0
 11
31706.44
 21
13880.62
 31
0.0
  0
LINE
  5
31B
330
318
100
AcDbEntity
  8
HT-A-AXIS-F01-NEW
 62
     0
440
 16777216
370
    -2
100
AcDbLine
 10
44206.44
 20
10630.62
 30
0.0
 11
44206.44
 21
13880.62
 31
0.0
  0
LINE
  5
31C
330
318
100
AcDbEntity
  8
HT-A-AXIS-F01-NEW
 62
     0
440
 16777216
370
    -2
100
AcDbLine
 10
31706.44
 20
13630.62
 30
0.0
 11
44206.44
 21
13630.62
 31
0.0
  0
INSERT
  5
31D
330
318
100
AcDbEntity
  8
HT-A-AXIS-F01-NEW
 62
     0
440
 16777216
370
    -2
100
AcDbBlockReference
  2
_ArchTick
 10
31706.44
 20
13630.62
 30
0.0
 41
100.0
 42
100.0
 43
100.0
 50
180.0
  0
INSERT
  5
31E
330
318
100
AcDbEntity
  8
HT-A-AXIS-F01-NEW
 62
     0
440
 16777216
370
    -2
100
AcDbBlockReference
  2
_ArchTick
 10
44206.44
 20
13630.62
 30
0.0
 41
100.0
 42
100.0
 43
100.0
  0
MTEXT
  5
31F
330
318
100
AcDbEntity
  8
HT-A-AXIS-F01-NEW
 62
     7
440
 16777216
100
AcDbMText
 10
37956.44
 20
13905.62
 30
0.0
 40
297.5
 41
0.0
 46
0.0
 71
     5
 72
     1
  1
\A1;12500
  7
_TCH_DIM_T3
 73
     1
 44
1.0
  0
POINT
  5
320
330
318
100
AcDbEntity
  8
Defpoints
 62
     0
440
 16777216
100
AcDbPoint
 10
31706.44
 20
10330.62
 30
0.0
  0
POINT
  5
321
330
318
100
AcDbEntity
  8
Defpoints
 62
     0
440
 16777216
100
AcDbPoint
 10
44206.44
 20
10330.62
 30
0.0
  0
POINT
  5
322
330
318
100
AcDbEntity
  8
Defpoints
 62
     0
440
 16777216
100
AcDbPoint
 10
44206.44
 20
13630.62
 30
0.0
  0
ENDBLK
  5
323
330
318
100
AcDbEntity
  8
0
100
AcDbBlockEnd
  0
BLOCK
  5
326
330
325
100
AcDbEntity
  8
0
100
AcDbBlockBegin
  2
*D41
 70
     1
 10
0.0
 20
0.0
 30
0.0
  3
*D41
  1

  0
LINE
  5
327
330
325
100
AcDbEntity
  8
HT-A-AXIS-F01-NEW
 62
     0
440
 16777216
370
    -2
100
AcDbLine
 10
31706.44
 20
-2969.38
 30
0.0
 11
31706.44
 21
-5419.38
 31
0.0
  0
LINE
  5
328
330
325
100
AcDbEntity
  8
HT-A-AXIS-F01-NEW
 62
     0
440
 16777216
370
    -2
100
AcDbLine
 10
35906.44
 20
-2969.38
 30
0.0
 11
35906.44
 21
-5419.38
 31
0.0
  0
LINE
  5
329
330
325
100
AcDbEntity
  8
HT-A-AXIS-F01-NEW
 62
     0
440
 16777216
370
    -2
100
AcDbLine
 10
31706.44
 20
-5169.38
 30
0.0
 11
35906.44
 21
-5169.38
 31
0.0
  0
INSERT
  5
32A
330
325
100
AcDbEntity
  8
HT-A-AXIS-F01-NEW
 62
     0
440
 16777216
370
    -2
100
AcDbBlockReference
  2
_ArchTick
 10
31706.44
 20
-5169.38
 30
0.0
 41
100.0
 42
100.0
 43
100.0
 50
180.0
  0
INSERT
  5
32B
330
325
100
AcDbEntity
  8
HT-A-AXIS-F01-NEW
 62
     0
440
 16777216
370
    -2
100
AcDbBlockReference
  2
_ArchTick
 10
35906.44
 20
-5169.38
 30
0.0
 41
100.0
 42
100.0
 43
100.0
  0
MTEXT
  5
32C
330
325
100
AcDbEntity
  8
HT-A-AXIS-F01-NEW
 62
     7
440
 16777216
100
AcDbMText
 10
33806.44
 20
-4894.38
 30
0.0
 40
297.5
 41
0.0
 46
0.0
 71
     5
 72
     1
  1
\A1;4200
  7
_TCH_DIM_T3
 73
     1
 44
1.0
  0
POINT
  5
32D
330
325
100
AcDbEntity
  8
Defpoints
 62
     0
440
 16777216
100
AcDbPoint
 10
31706.44
 20
-2669.38
 30
0.0
  0
POINT
  5
32E
330
325
100
AcDbEntity
  8
Defpoints
 62
     0
440
 16777216
100
AcDbPoint
 10
35906.44
 20
-2669.38
 30
0.0
  0
POINT
  5
32F
330
325
100
AcDbEntity
  8
Defpoints
 62
     0
440
 16777216
100
AcDbPoint
 10
35906.44
 20
-5169.38
 30
0.0
  0
ENDBLK
  5
330
330
325
100
AcDbEntity
  8
0
100
AcDbBlockEnd
  0
BLOCK
  5
333
330
332
100
AcDbEntity
  8
0
100
AcDbBlockBegin
  2
*D42
 70
     1
 10
0.0
 20
0.0
 30
0.0
  3
*D42
  1

  0
LINE
  5
334
330
332
100
AcDbEntity
  8
HT-A-AXIS-F01-NEW
 62
     0
440
 16777216
370
    -2
100
AcDbLine
 10
35906.44
 20
-2969.38
 30
0.0
 11
35906.44
 21
-5419.38
 31
0.0
  0
LINE
  5
335
330
332
100
AcDbEntity
  8
HT-A-AXIS-F01-NEW
 62
     0
440
 16777216
370
    -2
100
AcDbLine
 10
40306.44
 20
-2969.38
 30
0.0
 11
40306.44
 21
-5419.38
 31
0.0
  0
LINE
  5
336
330
332
100
AcDbEntity
  8
HT-A-AXIS-F01-NEW
 62
     0
440
 16777216
370
    -2
100
AcDbLine
 10
35906.44
 20
-5169.38
 30
0.0
 11
40306.44
 21
-5169.38
 31
0.0
  0
INSERT
  5
337
330
332
100
AcDbEntity
  8
HT-A-AXIS-F01-NEW
 62
     0
440
 16777216
370
    -2
100
AcDbBlockReference
  2
_ArchTick
 10
35906.44
 20
-5169.38
 30
0.0
 41
100.0
 42
100.0
 43
100.0
 50
180.0
  0
INSERT
  5
338
330
332
100
AcDbEntity
  8
HT-A-AXIS-F01-NEW
 62
     0
440
 16777216
370
    -2
100
AcDbBlockReference
  2
_ArchTick
 10
40306.44
 20
-5169.38
 30
0.0
 41
100.0
 42
100.0
 43
100.0
  0
MTEXT
  5
339
330
332
100
AcDbEntity
  8
HT-A-AXIS-F01-NEW
 62
     7
440
 16777216
100
AcDbMText
 10
38106.44
 20
-4894.38
 30
0.0
 40
297.5
 41
0.0
 46
0.0
 71
     5
 72
     1
  1
\A1;4400
  7
_TCH_DIM_T3
 73
     1
 44
1.0
  0
POINT
  5
33A
330
332
100
AcDbEntity
  8
Defpoints
 62
     0
440
 16777216
100
AcDbPoint
 10
35906.44
 20
-2669.38
 30
0.0
  0
POINT
  5
33B
330
332
100
AcDbEntity
  8
Defpoints
 62
     0
440
 16777216
100
AcDbPoint
 10
40306.44
 20
-2669.38
 30
0.0
  0
POINT
  5
33C
330
332
100
AcDbEntity
  8
Defpoints
 62
     0
440
 16777216
100
AcDbPoint
 10
40306.44
 20
-5169.38
 30
0.0
  0
ENDBLK
  5
33D
330
332
100
AcDbEntity
  8
0
100
AcDbBlockEnd
  0
BLOCK
  5
340
330
33F
100
AcDbEntity
  8
0
100
AcDbBlockBegin
  2
*D43
 70
     1
 10
0.0
 20
0.0
 30
0.0
  3
*D43
  1

  0
LINE
  5
341
330
33F
100
AcDbEntity
  8
HT-A-AXIS-F01-NEW
 62
     0
440
 16777216
370
    -2
100
AcDbLine
 10
40306.44
 20
-2969.38
 30
0.0
 11
40306.44
 21
-5419.38
 31
0.0
  0
LINE
  5
342
330
33F
100
AcDbEntity
  8
HT-A-AXIS-F01-NEW
 62
     0
440
 16777216
370
    -2
100
AcDbLine
 10
44206.44
 20
-2969.38
 30
0.0
 11
44206.44
 21
-5419.38
 31
0.0
  0
LINE
  5
343
330
33F
100
AcDbEntity
  8
HT-A-AXIS-F01-NEW
 62
     0
440
 16777216
370
    -2
100
AcDbLine
 10
40306.44
 20
-5169.38
 30
0.0
 11
44206.44
 21
-5169.38
 31
0.0
  0
INSERT
  5
344
330
33F
100
AcDbEntity
  8
HT-A-AXIS-F01-NEW
 62
     0
440
 16777216
370
    -2
100
AcDbBlockReference
  2
_ArchTick
 10
40306.44
 20
-5169.38
 30
0.0
 41
100.0
 42
100.0
 43
100.0
 50
180.0
  0
INSERT
  5
345
330
33F
100
AcDbEntity
  8
HT-A-AXIS-F01-NEW
 62
     0
440
 16777216
370
    -2
100
AcDbBlockReference
  2
_ArchTick
 10
44206.44
 20
-5169.38
 30
0.0
 41
100.0
 42
100.0
 43
100.0
  0
MTEXT
  5
346
330
33F
100
AcDbEntity
  8
HT-A-AXIS-F01-NEW
 62
     7
440
 16777216
100
AcDbMText
 10
42256.44
 20
-4894.38
 30
0.0
 40
297.5
 41
0.0
 46
0.0
 71
     5
 72
     1
  1
\A1;3900
  7
_TCH_DIM_T3
 73
     1
 44
1.0
  0
POINT
  5
347
330
33F
100
AcDbEntity
  8
Defpoints
 62
     0
440
 16777216
100
AcDbPoint
 10
40306.44
 20
-2669.38
 30
0.0
  0
POINT
  5
348
330
33F
100
AcDbEntity
  8
Defpoints
 62
     0
440
 16777216
100
AcDbPoint
 10
44206.44
 20
-2669.38
 30
0.0
  0
POINT
  5
349
330
33F
100
AcDbEntity
  8
Defpoints
 62
     0
440
 16777216
100
AcDbPoint
 10
44206.44
 20
-5169.38
 30
0.0
  0
ENDBLK
  5
34A
330
33F
100
AcDbEntity
  8
0
100
AcDbBlockEnd
  0
BLOCK
  5
34D
330
34C
100
AcDbEntity
  8
0
100
AcDbBlockBegin
  2
*D44
 70
     1
 10
0.0
 20
0.0
 30
0.0
  3
*D44
  1

  0
LINE
  5
34E
330
34C
100
AcDbEntity
  8
HT-A-AXIS-F01-NEW
 62
     0
440
 16777216
370
    -2
100
AcDbLine
 10
31706.44
 20
-2969.38
 30
0.0
 11
31706.44
 21
-6219.38
 31
0.0
  0
LINE
  5
34F
330
34C
100
AcDbEntity
  8
HT-A-AXIS-F01-NEW
 62
     0
440
 16777216
370
    -2
100
AcDbLine
 10
44206.44
 20
-2969.38
 30
0.0
 11
44206.44
 21
-6219.38
 31
0.0
  0
LINE
  5
350
330
34C
100
AcDbEntity
  8
HT-A-AXIS-F01-NEW
 62
     0
440
 16777216
370
    -2
100
AcDbLine
 10
31706.44
 20
-5969.38
 30
0.0
 11
44206.44
 21
-5969.38
 31
0.0
  0
INSERT
  5
351
330
34C
100
AcDbEntity
  8
HT-A-AXIS-F01-NEW
 62
     0
440
 16777216
370
    -2
100
AcDbBlockReference
  2
_ArchTick
 10
31706.44
 20
-5969.38
 30
0.0
 41
100.0
 42
100.0
 43
100.0
 50
180.0
  0
INSERT
  5
352
330
34C
100
AcDbEntity
  8
HT-A-AXIS-F01-NEW
 62
     0
440
 16777216
370
    -2
100
AcDbBlockReference
  2
_ArchTick
 10
44206.44
 20
-5969.38
 30
0.0
 41
100.0
 42
100.0
 43
100.0
  0
MTEXT
  5
353
330
34C
100
AcDbEntity
  8
HT-A-AXIS-F01-NEW
 62
     7
440
 16777216
100
AcDbMText
 10
37956.44
 20
-5694.38
 30
0.0
 40
297.5
 41
0.0
 46
0.0
 71
     5
 72
     1
  1
\A1;12500
  7
_TCH_DIM_T3
 73
     1
 44
1.0
  0
POINT
  5
354
330
34C
100
AcDbEntity
  8
Defpoints
 62
     0
440
 16777216
100
AcDbPoint
 10
31706.44
 20
-2669.38
 30
0.0
  0
POINT
  5
355
330
34C
100
AcDbEntity
  8
Defpoints
 62
     0
440
 16777216
100
AcDbPoint
 10
44206.44
 20
-2669.38
 30
0.0
  0
POINT
  5
356
330
34C
100
AcDbEntity
  8
Defpoints
 62
     0
440
 16777216
100
AcDbPoint
 10
44206.44
 20
-5969.38
 30
0.0
  0
ENDBLK
  5
357
330
34C
100
AcDbEntity
  8
0
100
AcDbBlockEnd
  0
BLOCK
  5
3B2
330
3B1
100
AcDbEntity
  8
0
100
AcDbBlockBegin
  2
_AXISO
 70
     2
 10
0.0
 20
0.0
 30
0.0
  3
_AXISO
  1

  0
CIRCLE
  5
3B3
330
3B1
100
AcDbEntity
  8
0
100
AcDbCircle
 10
0.0
 20
0.0
 30
0.0
 40
0.5
  0
ATTDEF
  5
3B4
330
3B1
100
AcDbEntity
  8
HT-A-AXIS-TEXT-F01-NEW
100
AcDbText
 10
-0.25
 20
-0.28
 30
0.0
 40
0.56
  1

 41
1.04
  7
COMPLEX
 72
     5
 11
0.25
 21
-0.28
 31
0.0
100
AcDbAttributeDefinition
280
     0
  3

  2
A
 70
     0
280
     0
  0
ENDBLK
  5
3B7
330
3B1
100
AcDbEntity
  8
0
100
AcDbBlockEnd
  0
BLOCK
  5
461
330
45D
100
AcDbEntity
  8
0
100
AcDbBlockBegin
  2
_FZH
 70
     0
 10
0.0
 20
0.0
 30
0.0
  3
_FZH
  1

  0
SOLID
  5
45E
330
45D
100
AcDbEntity
  8
PUB_HATCH
100
AcDbTrace
 10
-0.5
 20
-0.5
 30
0.0
 11
0.5
 21
-0.5
 31
0.0
 12
-0.5
 22
0.5
 32
0.0
 13
0.5
 23
0.5
 33
0.0
  0
LWPOLYLINE
  5
45F
330
45D
100
AcDbEntity
  8
0
100
AcDbPolyline
 90
        4
 70
     1
 43
0.0
 10
-0.5
 20
-0.5
 10
0.5
 20
-0.5
 10
0.5
 20
0.5
 10
-0.5
 20
0.5
  0
ENDBLK
  5
462
330
45D
100
AcDbEntity
  8
0
100
AcDbBlockEnd
  0
ENDSEC
  0
SECTION
  2
ENTITIES
  0
LINE
  5
15
330
2
100
AcDbEntity
  8
HT-A-NOPLOT-F01-NEW
100
AcDbLine
 10
44206.44
 20
-2669.38
 30
0.0
 11
44206.44
 21
10330.62
 31
0.0
  0
LINE
  5
18
330
2
100
AcDbEntity
  8
HT-A-NOPLOT-F01-NEW
100
AcDbLine
 10
31206.44
 20
9330.62
 30
0.0
 11
45206.44
 21
9330.62
 31
0.0
  0
LINE
  5
19
330
2
100
AcDbEntity
  8
HT-A-NOPLOT-F01-NEW
100
AcDbLine
 10
40306.44
 20
-2669.38
 30
0.0
 11
40306.44
 21
10330.62
 31
0.0
  0
LINE
  5
1A
330
2
100
AcDbEntity
  8
HT-A-NOPLOT-F01-NEW
100
AcDbLine
 10
35906.44
 20
-2669.38
 30
0.0
 11
35906.44
 21
10330.62
 31
0.0
  0
LINE
  5
1B
330
2
100
AcDbEntity
  8
HT-A-NOPLOT-F01-NEW
100
AcDbLine
 10
31706.44
 20
-2669.38
 30
0.0
 11
31706.44
 21
10330.62
 31
0.0
  0
LINE
  5
1C
330
2
100
AcDbEntity
  8
HT-A-NOPLOT-F01-NEW
100
AcDbLine
 10
31206.44
 20
4130.62
 30
0.0
 11
45206.44
 21
4130.62
 31
0.0
  0
LINE
  5
1D
330
2
100
AcDbEntity
  8
HT-A-NOPLOT-F01-NEW
100
AcDbLine
 10
31206.44
 20
830.62
 30
0.0
 11
45206.44
 21
830.62
 31
0.0
  0
LINE
  5
1E
330
2
100
AcDbEntity
  8
HT-A-NOPLOT-F01-NEW
100
AcDbLine
 10
31206.44
 20
-1669.38
 30
0.0
 11
45206.44
 21
-1669.38
 31
0.0
  0
LINE
  5
11C
330
2
100
AcDbEntity
  8
HT-A-NOPLOT-F01-NEW
100
AcDbLine
 10
31206.44
 20
2630.62
 30
0.0
 11
45206.44
 21
2630.62
 31
0.0
  0
LWPOLYLINE
  5
129
330
2
100
AcDbEntity
  8
0
100
AcDbPolyline
 90
        3
 70
     0
 43
0.0
 10
44106.44
 20
2530.62
 10
37506.44
 20
2530.62
 10
37506.44
 20
-1769.38
  0
LWPOLYLINE
  5
12A
330
2
100
AcDbEntity
  8
0
100
AcDbPolyline
 90
        3
 70
     0
 43
0.0
 10
44106.44
 20
2830.62
 10
37206.44
 20
2830.62
 10
37206.44
 20
-1769.38
  0
LWPOLYLINE
  5
12B
330
2
100
AcDbEntity
  8
0
100
AcDbPolyline
 90
        2
 70
     0
 43
0.0
 10
36006.44
 20
-1769.38
 10
37506.44
 20
-1769.38
  0
LINE
  5
133
330
2
100
AcDbEntity
  8
HT-A-NOPLOT-F01-NEW
100
AcDbLine
 10
77946.02
 20
-2669.38
 30
0.0
 11
77946.02
 21
10330.62
 31
0.0
  0
LINE
  5
134
330
2
100
AcDbEntity
  8
HT-A-NOPLOT-F01-NEW
100
AcDbLine
 10
74046.02
 20
-2669.38
 30
0.0
 11
74046.02
 21
10330.62
 31
0.0
  0
LINE
  5
135
330
2
100
AcDbEntity
  8
HT-A-NOPLOT-F01-NEW
100
AcDbLine
 10
69646.02
 20
-2669.38
 30
0.0
 11
69646.02
 21
10330.62
 31
0.0
  0
LINE
  5
136
330
2
100
AcDbEntity
  8
HT-A-NOPLOT-F01-NEW
100
AcDbLine
 10
65446.02
 20
-2669.38
 30
0.0
 11
65446.02
 21
10330.62
 31
0.0
  0
LINE
  5
137
330
2
100
AcDbEntity
  8
HT-A-NOPLOT-F01-NEW
100
AcDbLine
 10
64946.02
 20
9330.62
 30
0.0
 11
78946.02
 21
9330.62
 31
0.0
  0
LINE
  5
138
330
2
100
AcDbEntity
  8
HT-A-NOPLOT-F01-NEW
100
AcDbLine
 10
64946.02
 20
4130.62
 30
0.0
 11
78946.02
 21
4130.62
 31
0.0
  0
LINE
  5
139
330
2
100
AcDbEntity
  8
HT-A-NOPLOT-F01-NEW
100
AcDbLine
 10
64946.02
 20
2630.62
 30
0.0
 11
78946.02
 21
2630.62
 31
0.0
  0
LINE
  5
13A
330
2
100
AcDbEntity
  8
HT-A-NOPLOT-F01-NEW
100
AcDbLine
 10
64946.02
 20
830.62
 30
0.0
 11
78946.02
 21
830.62
 31
0.0
  0
LINE
  5
13B
330
2
100
AcDbEntity
  8
HT-A-NOPLOT-F01-NEW
100
AcDbLine
 10
64946.02
 20
-1669.38
 30
0.0
 11
78946.02
 21
-1669.38
 31
0.0
  0
LWPOLYLINE
  5
16F
330
2
100
AcDbEntity
  8
PUB_TITLE
100
AcDbPolyline
 90
        4
 70
     1
 43
0.0
 10
22619.14
 20
-8809.87
 10
55319.14
 20
-8809.87
 10
55319.14
 20
15190.13
 10
22619.14
 20
15190.13
  0
LWPOLYLINE
  5
172
330
2
100
AcDbEntity
  8
PUB_TITLE
100
AcDbPolyline
 90
        4
 70
     1
 43
0.0
 10
56358.73
 20
-8809.87
 10
89058.73
 20
-8809.87
 10
89058.73
 20
15190.13
 10
56358.73
 20
15190.13
  0
DIMENSION
  5
17D
330
2
100
AcDbEntity
  8
HT-A-AXIS-F01-NEW
100
AcDbDimension
280
     0
  2
*D9
 10
81446.02
 20
830.62
 30
0.0
 11
81171.02
 21
-419.38
 31
0.0
 70
     1
 71
     5
 42
2500.0
 73
     0
 74
     0
 75
     0
  3
_TCH_ARCH&&100
100
AcDbAlignedDimension
 13
78946.02
 23
-1669.38
 33
0.0
 14
78946.02
 24
830.62
 34
0.0
  0
DIMENSION
  5
191
330
2
100
AcDbEntity
  8
HT-A-AXIS-F01-NEW
100
AcDbDimension
280
     0
  2
*D10
 10
81446.02
 20
2630.62
 30
0.0
 11
81171.02
 21
1730.62
 31
0.0
 70
     1
 71
     5
 42
1800.0
 73
     0
 74
     0
 75
     0
  3
_TCH_ARCH&&100
100
AcDbAlignedDimension
 13
78946.02
 23
830.62
 33
0.0
 14
78946.02
 24
2630.62
 34
0.0
  0
DIMENSION
  5
19E
330
2
100
AcDbEntity
  8
HT-A-AXIS-F01-NEW
100
AcDbDimension
280
     0
  2
*D11
 10
81446.02
 20
4130.62
 30
0.0
 11
81171.02
 21
3380.62
 31
0.0
 70
     1
 71
     5
 42
1500.0
 73
     0
 74
     0
 75
     0
  3
_TCH_ARCH&&100
100
AcDbAlignedDimension
 13
78946.02
 23
2630.62
 33
0.0
 14
78946.02
 24
4130.62
 34
0.0
  0
DIMENSION
  5
1AB
330
2
100
AcDbEntity
  8
HT-A-AXIS-F01-NEW
100
AcDbDimension
280
     0
  2
*D12
 10
81446.02
 20
9330.62
 30
0.0
 11
81171.02
 21
6730.62
 31
0.0
 70
     1
 71
     5
 42
5200.0
 73
     0
 74
     0
 75
     0
  3
_TCH_ARCH&&100
100
AcDbAlignedDimension
 13
78946.02
 23
4130.62
 33
0.0
 14
78946.02
 24
9330.62
 34
0.0
  0
DIMENSION
  5
1B8
330
2
100
AcDbEntity
  8
HT-A-AXIS-F01-NEW
100
AcDbDimension
280
     0
  2
*D13
 10
82246.02
 20
9330.62
 30
0.0
 11
81971.02
 21
3830.62
 31
0.0
 70
     1
 71
     5
 42
11000.0
 73
     0
 74
     0
 75
     0
  3
_TCH_ARCH&&100
100
AcDbAlignedDimension
 13
78946.02
 23
-1669.38
 33
0.0
 14
78946.02
 24
9330.62
 34
0.0
  0
DIMENSION
  5
1C5
330
2
100
AcDbEntity
  8
HT-A-AXIS-F01-NEW
100
AcDbDimension
280
     0
  2
*D14
 10
62446.02
 20
830.62
 30
0.0
 11
62171.02
 21
-419.38
 31
0.0
 70
     1
 71
     5
 42
2500.0
 73
     0
 74
     0
 75
     0
  3
_TCH_ARCH&&100
100
AcDbAlignedDimension
 13
64946.02
 23
-1669.38
 33
0.0
 14
64946.02
 24
830.62
 34
0.0
  0
DIMENSION
  5
1D2
330
2
100
AcDbEntity
  8
HT-A-AXIS-F01-NEW
100
AcDbDimension
280
     0
  2
*D15
 10
62446.02
 20
2630.62
 30
0.0
 11
62171.02
 21
1730.62
 31
0.0
 70
     1
 71
     5
 42
1800.0
 73
     0
 74
     0
 75
     0
  3
_TCH_ARCH&&100
100
AcDbAlignedDimension
 13
64946.02
 23
830.62
 33
0.0
 14
64946.02
 24
2630.62
 34
0.0
  0
DIMENSION
  5
1DF
330
2
100
AcDbEntity
  8
HT-A-AXIS-F01-NEW
100
AcDbDimension
280
     0
  2
*D16
 10
62446.02
 20
4130.62
 30
0.0
 11
62171.02
 21
3380.62
 31
0.0
 70
     1
 71
     5
 42
1500.0
 73
     0
 74
     0
 75
     0
  3
_TCH_ARCH&&100
100
AcDbAlignedDimension
 13
64946.02
 23
2630.62
 33
0.0
 14
64946.02
 24
4130.62
 34
0.0
  0
DIMENSION
  5
1EC
330
2
100
AcDbEntity
  8
HT-A-AXIS-F01-NEW
100
AcDbDimension
280
     0
  2
*D17
 10
62446.02
 20
9330.62
 30
0.0
 11
62171.02
 21
6730.62
 31
0.0
 70
     1
 71
     5
 42
5200.0
 73
     0
 74
     0
 75
     0
  3
_TCH_ARCH&&100
100
AcDbAlignedDimension
 13
64946.02
 23
4130.62
 33
0.0
 14
64946.02
 24
9330.62
 34
0.0
  0
DIMENSION
  5
1F9
330
2
100
AcDbEntity
  8
HT-A-AXIS-F01-NEW
100
AcDbDimension
280
     0
  2
*D18
 10
61646.02
 20
9330.62
 30
0.0
 11
61371.02
 21
3830.62
 31
0.0
 70
     1
 71
     5
 42
11000.0
 73
     0
 74
     0
 75
     0
  3
_TCH_ARCH&&100
100
AcDbAlignedDimension
 13
64946.02
 23
-1669.38
 33
0.0
 14
64946.02
 24
9330.62
 34
0.0
  0
DIMENSION
  5
206
330
2
100
AcDbEntity
  8
HT-A-AXIS-F01-NEW
100
AcDbDimension
280
     0
  2
*D19
 10
69646.02
 20
12830.62
 30
0.0
 11
67546.02
 21
13105.62
 31
0.0
 70
     1
 71
     5
 42
4200.0
 73
     0
 74
     0
 75
     0
  3
_TCH_ARCH&&100
100
AcDbAlignedDimension
 13
65446.02
 23
10330.62
 33
0.0
 14
69646.02
 24
10330.62
 34
0.0
  0
DIMENSION
  5
213
330
2
100
AcDbEntity
  8
HT-A-AXIS-F01-NEW
100
AcDbDimension
280
     0
  2
*D20
 10
74046.02
 20
12830.62
 30
0.0
 11
71846.02
 21
13105.62
 31
0.0
 70
     1
 71
     5
 42
4400.0
 73
     0
 74
     0
 75
     0
  3
_TCH_ARCH&&100
100
AcDbAlignedDimension
 13
69646.02
 23
10330.62
 33
0.0
 14
74046.02
 24
10330.62
 34
0.0
  0
DIMENSION
  5
220
330
2
100
AcDbEntity
  8
HT-A-AXIS-F01-NEW
100
AcDbDimension
280
     0
  2
*D21
 10
77946.02
 20
12830.62
 30
0.0
 11
75996.02
 21
13105.62
 31
0.0
 70
     1
 71
     5
 42
3900.0
 73
     0
 74
     0
 75
     0
  3
_TCH_ARCH&&100
100
AcDbAlignedDimension
 13
74046.02
 23
10330.62
 33
0.0
 14
77946.02
 24
10330.62
 34
0.0
  0
DIMENSION
  5
22D
330
2
100
AcDbEntity
  8
HT-A-AXIS-F01-NEW
100
AcDbDimension
280
     0
  2
*D22
 10
77946.02
 20
13630.62
 30
0.0
 11
71696.02
 21
13905.62
 31
0.0
 70
     1
 71
     5
 42
12500.0
 73
     0
 74
     0
 75
     0
  3
_TCH_ARCH&&100
100
AcDbAlignedDimension
 13
65446.02
 23
10330.62
 33
0.0
 14
77946.02
 24
10330.62
 34
0.0
  0
DIMENSION
  5
23A
330
2
100
AcDbEntity
  8
HT-A-AXIS-F01-NEW
100
AcDbDimension
280
     0
  2
*D23
 10
69646.02
 20
-5169.38
 30
0.0
 11
67546.02
 21
-4894.38
 31
0.0
 70
     1
 71
     5
 42
4200.0
 73
     0
 74
     0
 75
     0
  3
_TCH_ARCH&&100
100
AcDbAlignedDimension
 13
65446.02
 23
-1469.38
 33
0.0
 14
69646.02
 24
-1469.38
 34
0.0
  0
DIMENSION
  5
247
330
2
100
AcDbEntity
  8
HT-A-AXIS-F01-NEW
100
AcDbDimension
280
     0
  2
*D24
 10
74046.02
 20
-5169.38
 30
0.0
 11
71846.02
 21
-4894.38
 31
0.0
 70
     1
 71
     5
 42
4400.0
 73
     0
 74
     0
 75
     0
  3
_TCH_ARCH&&100
100
AcDbAlignedDimension
 13
69646.02
 23
-1469.38
 33
0.0
 14
74046.02
 24
-1469.38
 34
0.0
  0
DIMENSION
  5
254
330
2
100
AcDbEntity
  8
HT-A-AXIS-F01-NEW
100
AcDbDimension
280
     0
  2
*D25
 10
77946.02
 20
-5169.38
 30
0.0
 11
75996.02
 21
-4894.38
 31
0.0
 70
     1
 71
     5
 42
3900.0
 73
     0
 74
     0
 75
     0
  3
_TCH_ARCH&&100
100
AcDbAlignedDimension
 13
74046.02
 23
-1469.38
 33
0.0
 14
77946.02
 24
-1469.38
 34
0.0
  0
DIMENSION
  5
261
330
2
100
AcDbEntity
  8
HT-A-AXIS-F01-NEW
100
AcDbDimension
280
     0
  2
*D26
 10
77946.02
 20
-5969.38
 30
0.0
 11
71696.02
 21
-5694.38
 31
0.0
 70
     1
 71
     5
 42
12500.0
 73
     0
 74
     0
 75
     0
  3
_TCH_ARCH&&100
100
AcDbAlignedDimension
 13
65446.02
 23
-1469.38
 33
0.0
 14
77946.02
 24
-1469.38
 34
0.0
  0
DIMENSION
  5
26E
330
2
100
AcDbEntity
  8
HT-A-AXIS-F01-NEW
100
AcDbDimension
280
     0
  2
*D27
 10
47706.44
 20
830.62
 30
0.0
 11
47431.44
 21
-419.38
 31
0.0
 70
     1
 71
     5
 42
2500.0
 73
     0
 74
     0
 75
     0
  3
_TCH_ARCH&&100
100
AcDbAlignedDimension
 13
45206.44
 23
-1669.38
 33
0.0
 14
45206.44
 24
830.62
 34
0.0
  0
DIMENSION
  5
27B
330
2
100
AcDbEntity
  8
HT-A-AXIS-F01-NEW
100
AcDbDimension
280
     0
  2
*D28
 10
47706.44
 20
2630.62
 30
0.0
 11
47431.44
 21
1730.62
 31
0.0
 70
     1
 71
     5
 42
1800.0
 73
     0
 74
     0
 75
     0
  3
_TCH_ARCH&&100
100
AcDbAlignedDimension
 13
45206.44
 23
830.62
 33
0.0
 14
45206.44
 24
2630.62
 34
0.0
  0
DIMENSION
  5
288
330
2
100
AcDbEntity
  8
HT-A-AXIS-F01-NEW
100
AcDbDimension
280
     0
  2
*D29
 10
47706.44
 20
4130.62
 30
0.0
 11
47431.44
 21
3380.62
 31
0.0
 70
     1
 71
     5
 42
1500.0
 73
     0
 74
     0
 75
     0
  3
_TCH_ARCH&&100
100
AcDbAlignedDimension
 13
45206.44
 23
2630.62
 33
0.0
 14
45206.44
 24
4130.62
 34
0.0
  0
DIMENSION
  5
295
330
2
100
AcDbEntity
  8
HT-A-AXIS-F01-NEW
100
AcDbDimension
280
     0
  2
*D30
 10
47706.44
 20
9330.62
 30
0.0
 11
47431.44
 21
6730.62
 31
0.0
 70
     1
 71
     5
 42
5200.0
 73
     0
 74
     0
 75
     0
  3
_TCH_ARCH&&100
100
AcDbAlignedDimension
 13
45206.44
 23
4130.62
 33
0.0
 14
45206.44
 24
9330.62
 34
0.0
  0
DIMENSION
  5
2A2
330
2
100
AcDbEntity
  8
HT-A-AXIS-F01-NEW
100
AcDbDimension
280
     0
  2
*D31
 10
48506.44
 20
9330.62
 30
0.0
 11
48231.44
 21
3830.62
 31
0.0
 70
     1
 71
     5
 42
11000.0
 73
     0
 74
     0
 75
     0
  3
_TCH_ARCH&&100
100
AcDbAlignedDimension
 13
45206.44
 23
-1669.38
 33
0.0
 14
45206.44
 24
9330.62
 34
0.0
  0
DIMENSION
  5
2AF
330
2
100
AcDbEntity
  8
HT-A-AXIS-F01-NEW
100
AcDbDimension
280
     0
  2
*D32
 10
28706.44
 20
830.62
 30
0.0
 11
28431.44
 21
-419.38
 31
0.0
 70
     1
 71
     5
 42
2500.0
 73
     0
 74
     0
 75
     0
  3
_TCH_ARCH&&100
100
AcDbAlignedDimension
 13
31206.44
 23
-1669.38
 33
0.0
 14
31206.44
 24
830.62
 34
0.0
  0
DIMENSION
  5
2BC
330
2
100
AcDbEntity
  8
HT-A-AXIS-F01-NEW
100
AcDbDimension
280
     0
  2
*D33
 10
28706.44
 20
2630.62
 30
0.0
 11
28431.44
 21
1730.62
 31
0.0
 70
     1
 71
     5
 42
1800.0
 73
     0
 74
     0
 75
     0
  3
_TCH_ARCH&&100
100
AcDbAlignedDimension
 13
31206.44
 23
830.62
 33
0.0
 14
31206.44
 24
2630.62
 34
0.0
  0
DIMENSION
  5
2C9
330
2
100
AcDbEntity
  8
HT-A-AXIS-F01-NEW
100
AcDbDimension
280
     0
  2
*D34
 10
28706.44
 20
4130.62
 30
0.0
 11
28431.44
 21
3380.62
 31
0.0
 70
     1
 71
     5
 42
1500.0
 73
     0
 74
     0
 75
     0
  3
_TCH_ARCH&&100
100
AcDbAlignedDimension
 13
31206.44
 23
2630.62
 33
0.0
 14
31206.44
 24
4130.62
 34
0.0
  0
DIMENSION
  5
2D6
330
2
100
AcDbEntity
  8
HT-A-AXIS-F01-NEW
100
AcDbDimension
280
     0
  2
*D35
 10
28706.44
 20
9330.62
 30
0.0
 11
28431.44
 21
6730.62
 31
0.0
 70
     1
 71
     5
 42
5200.0
 73
     0
 74
     0
 75
     0
  3
_TCH_ARCH&&100
100
AcDbAlignedDimension
 13
31206.44
 23
4130.62
 33
0.0
 14
31206.44
 24
9330.62
 34
0.0
  0
DIMENSION
  5
2E3
330
2
100
AcDbEntity
  8
HT-A-AXIS-F01-NEW
100
AcDbDimension
280
     0
  2
*D36
 10
27906.44
 20
9330.62
 30
0.0
 11
27631.44
 21
3830.62
 31
0.0
 70
     1
 71
     5
 42
11000.0
 73
     0
 74
     0
 75
     0
  3
_TCH_ARCH&&100
100
AcDbAlignedDimension
 13
31206.44
 23
-1669.38
 33
0.0
 14
31206.44
 24
9330.62
 34
0.0
  0
DIMENSION
  5
2F0
330
2
100
AcDbEntity
  8
HT-A-AXIS-F01-NEW
100
AcDbDimension
280
     0
  2
*D37
 10
35906.44
 20
12830.62
 30
0.0
 11
33806.44
 21
13105.62
 31
0.0
 70
     1
 71
     5
 42
4200.0
 73
     0
 74
     0
 75
     0
  3
_TCH_ARCH&&100
100
AcDbAlignedDimension
 13
31706.44
 23
10330.62
 33
0.0
 14
35906.44
 24
10330.62
 34
0.0
  0
DIMENSION
  5
2FD
330
2
100
AcDbEntity
  8
HT-A-AXIS-F01-NEW
100
AcDbDimension
280
     0
  2
*D38
 10
40306.44
 20
12830.62
 30
0.0
 11
38106.44
 21
13105.62
 31
0.0
 70
     1
 71
     5
 42
4400.0
 73
     0
 74
     0
 75
     0
  3
_TCH_ARCH&&100
100
AcDbAlignedDimension
 13
35906.44
 23
10330.62
 33
0.0
 14
40306.44
 24
10330.62
 34
0.0
  0
DIMENSION
  5
30A
330
2
100
AcDbEntity
  8
HT-A-AXIS-F01-NEW
100
AcDbDimension
280
     0
  2
*D39
 10
44206.44
 20
12830.62
 30
0.0
 11
42256.44
 21
13105.62
 31
0.0
 70
     1
 71
     5
 42
3900.0
 73
     0
 74
     0
 75
     0
  3
_TCH_ARCH&&100
100
AcDbAlignedDimension
 13
40306.44
 23
10330.62
 33
0.0
 14
44206.44
 24
10330.62
 34
0.0
  0
DIMENSION
  5
317
330
2
100
AcDbEntity
  8
HT-A-AXIS-F01-NEW
100
AcDbDimension
280
     0
  2
*D40
 10
44206.44
 20
13630.62
 30
0.0
 11
37956.44
 21
13905.62
 31
0.0
 70
     1
 71
     5
 42
12500.0
 73
     0
 74
     0
 75
     0
  3
_TCH_ARCH&&100
100
AcDbAlignedDimension
 13
31706.44
 23
10330.62
 33
0.0
 14
44206.44
 24
10330.62
 34
0.0
  0
DIMENSION
  5
324
330
2
100
AcDbEntity
  8
HT-A-AXIS-F01-NEW
100
AcDbDimension
280
     0
  2
*D41
 10
35906.44
 20
-5169.38
 30
0.0
 11
33806.44
 21
-4894.38
 31
0.0
 70
     1
 71
     5
 42
4200.0
 73
     0
 74
     0
 75
     0
  3
_TCH_ARCH&&100
100
AcDbAlignedDimension
 13
31706.44
 23
-2669.38
 33
0.0
 14
35906.44
 24
-2669.38
 34
0.0
  0
DIMENSION
  5
331
330
2
100
AcDbEntity
  8
HT-A-AXIS-F01-NEW
100
AcDbDimension
280
     0
  2
*D42
 10
40306.44
 20
-5169.38
 30
0.0
 11
38106.44
 21
-4894.38
 31
0.0
 70
     1
 71
     5
 42
4400.0
 73
     0
 74
     0
 75
     0
  3
_TCH_ARCH&&100
100
AcDbAlignedDimension
 13
35906.44
 23
-2669.38
 33
0.0
 14
40306.44
 24
-2669.38
 34
0.0
  0
DIMENSION
  5
33E
330
2
100
AcDbEntity
  8
HT-A-AXIS-F01-NEW
100
AcDbDimension
280
     0
  2
*D43
 10
44206.44
 20
-5169.38
 30
0.0
 11
42256.44
 21
-4894.38
 31
0.0
 70
     1
 71
     5
 42
3900.0
 73
     0
 74
     0
 75
     0
  3
_TCH_ARCH&&100
100
AcDbAlignedDimension
 13
40306.44
 23
-2669.38
 33
0.0
 14
44206.44
 24
-2669.38
 34
0.0
  0
DIMENSION
  5
34B
330
2
100
AcDbEntity
  8
HT-A-AXIS-F01-NEW
100
AcDbDimension
280
     0
  2
*D44
 10
44206.44
 20
-5969.38
 30
0.0
 11
37956.44
 21
-5694.38
 31
0.0
 70
     1
 71
     5
 42
12500.0
 73
     0
 74
     0
 75
     0
  3
_TCH_ARCH&&100
100
AcDbAlignedDimension
 13
31706.44
 23
-2669.38
 33
0.0
 14
44206.44
 24
-2669.38
 34
0.0
  0
LINE
  5
3CB
330
2
100
AcDbEntity
  8
HT-A-WALL-F01-NEW
100
AcDbLine
 10
31806.44
 20
9230.62
 30
0.0
 11
32506.44
 21
9230.62
 31
0.0
  0
LINE
  5
3CC
330
2
100
AcDbEntity
  8
HT-A-WALL-F01-NEW
100
AcDbLine
 10
32506.44
 20
9230.62
 30
0.0
 11
32506.44
 21
9430.62
 31
0.0
  0
LINE
  5
3CD
330
2
100
AcDbEntity
  8
HT-A-WALL-F01-NEW
100
AcDbLine
 10
32506.44
 20
9430.62
 30
0.0
 11
31806.44
 21
9430.62
 31
0.0
  0
LINE
  5
3CE
330
2
100
AcDbEntity
  8
HT-A-WALL-F01-NEW
100
AcDbLine
 10
34206.44
 20
9430.62
 30
0.0
 11
33406.44
 21
9430.62
 31
0.0
  0
LINE
  5
3CF
330
2
100
AcDbEntity
  8
HT-A-WALL-F01-NEW
100
AcDbLine
 10
33406.44
 20
9430.62
 30
0.0
 11
33406.44
 21
9230.62
 31
0.0
  0
LINE
  5
3D0
330
2
100
AcDbEntity
  8
HT-A-WALL-F01-NEW
100
AcDbLine
 10
33406.44
 20
9230.62
 30
0.0
 11
34106.44
 21
9230.62
 31
0.0
  0
LINE
  5
3D1
330
2
100
AcDbEntity
  8
HT-A-WALL-F01-NEW
100
AcDbLine
 10
44306.44
 20
9230.62
 30
0.0
 11
44306.44
 21
4230.62
 31
0.0
  0
LINE
  5
3D2
330
2
100
AcDbEntity
  8
HT-A-WALL-F01-NEW
100
AcDbLine
 10
44106.44
 20
9230.62
 30
0.0
 11
44106.44
 21
4230.62
 31
0.0
  0
LINE
  5
3D3
330
2
100
AcDbEntity
  8
HT-A-WALL-F01-NEW
100
AcDbLine
 10
44106.44
 20
4230.62
 30
0.0
 11
43156.44
 21
4230.62
 31
0.0
  0
LINE
  5
3D4
330
2
100
AcDbEntity
  8
HT-A-WALL-F01-NEW
100
AcDbLine
 10
43156.44
 20
4230.62
 30
0.0
 11
43156.44
 21
4030.62
 31
0.0
  0
LINE
  5
3D5
330
2
100
AcDbEntity
  8
HT-A-WALL-F01-NEW
100
AcDbLine
 10
43156.44
 20
4030.62
 30
0.0
 11
44106.44
 21
4030.62
 31
0.0
  0
LINE
  5
3D6
330
2
100
AcDbEntity
  8
HT-A-WALL-F01-NEW
100
AcDbLine
 10
40406.44
 20
4030.62
 30
0.0
 11
41356.44
 21
4030.62
 31
0.0
  0
LINE
  5
3D7
330
2
100
AcDbEntity
  8
HT-A-WALL-F01-NEW
100
AcDbLine
 10
41356.44
 20
4030.62
 30
0.0
 11
41356.44
 21
4230.62
 31
0.0
  0
LINE
  5
3D8
330
2
100
AcDbEntity
  8
HT-A-WALL-F01-NEW
100
AcDbLine
 10
41356.44
 20
4230.62
 30
0.0
 11
40406.44
 21
4230.62
 31
0.0
  0
LINE
  5
3D9
330
2
100
AcDbEntity
  8
HT-A-WALL-F01-NEW
100
AcDbLine
 10
35806.44
 20
4030.62
 30
0.0
 11
35806.44
 21
3630.62
 31
0.0
  0
LINE
  5
3DA
330
2
100
AcDbEntity
  8
HT-A-WALL-F01-NEW
100
AcDbLine
 10
35806.44
 20
3630.62
 30
0.0
 11
36006.44
 21
3630.62
 31
0.0
  0
LINE
  5
3DB
330
2
100
AcDbEntity
  8
HT-A-WALL-F01-NEW
100
AcDbLine
 10
36006.44
 20
3630.62
 30
0.0
 11
36006.44
 21
4030.62
 31
0.0
  0
LINE
  5
3DC
330
2
100
AcDbEntity
  8
HT-A-WALL-F01-NEW
100
AcDbLine
 10
36006.44
 20
830.62
 30
0.0
 11
36006.44
 21
1030.62
 31
0.0
  0
LINE
  5
3DD
330
2
100
AcDbEntity
  8
HT-A-WALL-F01-NEW
100
AcDbLine
 10
36006.44
 20
1030.62
 30
0.0
 11
35806.44
 21
1030.62
 31
0.0
  0
LINE
  5
3DE
330
2
100
AcDbEntity
  8
HT-A-WALL-F01-NEW
100
AcDbLine
 10
35806.44
 20
1030.62
 30
0.0
 11
35806.44
 21
930.62
 31
0.0
  0
LINE
  5
3DF
330
2
100
AcDbEntity
  8
HT-A-WALL-F01-NEW
100
AcDbLine
 10
35806.44
 20
2430.62
 30
0.0
 11
35806.44
 21
2030.62
 31
0.0
  0
LINE
  5
3E0
330
2
100
AcDbEntity
  8
HT-A-WALL-F01-NEW
100
AcDbLine
 10
35806.44
 20
2030.62
 30
0.0
 11
36006.44
 21
2030.62
 31
0.0
  0
LINE
  5
3E1
330
2
100
AcDbEntity
  8
HT-A-WALL-F01-NEW
100
AcDbLine
 10
36006.44
 20
2030.62
 30
0.0
 11
36006.44
 21
2430.62
 31
0.0
  0
LINE
  5
3E2
330
2
100
AcDbEntity
  8
HT-A-WALL-F01-NEW
100
AcDbLine
 10
36006.44
 20
2430.62
 30
0.0
 11
35806.44
 21
2430.62
 31
0.0
  0
LINE
  5
3E3
330
2
100
AcDbEntity
  8
HT-A-WALL-F01-NEW
100
AcDbLine
 10
35806.44
 20
-1769.38
 30
0.0
 11
31806.44
 21
-1769.38
 31
0.0
  0
LINE
  5
3E4
330
2
100
AcDbEntity
  8
HT-A-WALL-F01-NEW
100
AcDbLine
 10
35806.44
 20
-1569.38
 30
0.0
 11
31806.44
 21
-1569.38
 31
0.0
  0
LINE
  5
3E5
330
2
100
AcDbEntity
  8
HT-A-WALL-F01-NEW
100
AcDbLine
 10
31606.44
 20
-1569.38
 30
0.0
 11
31606.44
 21
830.62
 31
0.0
  0
LINE
  5
3E6
330
2
100
AcDbEntity
  8
HT-A-WALL-F01-NEW
100
AcDbLine
 10
31806.44
 20
-1569.38
 30
0.0
 11
31806.44
 21
730.62
 31
0.0
  0
LINE
  5
3E7
330
2
100
AcDbEntity
  8
HT-A-WALL-F01-NEW
100
AcDbLine
 10
31806.44
 20
4230.62
 30
0.0
 11
34306.44
 21
4230.62
 31
0.0
  0
LINE
  5
3E8
330
2
100
AcDbEntity
  8
HT-A-WALL-F01-NEW
100
AcDbLine
 10
31806.44
 20
4030.62
 30
0.0
 11
34306.44
 21
4030.62
 31
0.0
  0
LINE
  5
3E9
330
2
100
AcDbEntity
  8
HT-A-WALL-F01-NEW
100
AcDbLine
 10
34306.44
 20
4230.62
 30
0.0
 11
34306.44
 21
4030.62
 31
0.0
  0
LINE
  5
3EA
330
2
100
AcDbEntity
  8
HT-A-WALL-F01-NEW
100
AcDbLine
 10
35806.44
 20
730.62
 30
0.0
 11
35806.44
 21
480.62
 31
0.0
  0
LINE
  5
3EB
330
2
100
AcDbEntity
  8
HT-A-WALL-F01-NEW
100
AcDbLine
 10
35806.44
 20
480.62
 30
0.0
 11
36006.44
 21
480.62
 31
0.0
  0
LINE
  5
3EC
330
2
100
AcDbEntity
  8
HT-A-WALL-F01-NEW
100
AcDbLine
 10
36006.44
 20
480.62
 30
0.0
 11
36006.44
 21
830.62
 31
0.0
  0
LINE
  5
3ED
330
2
100
AcDbEntity
  8
HT-A-WALL-F01-NEW
100
AcDbLine
 10
36006.44
 20
-1569.38
 30
0.0
 11
36006.44
 21
-1319.38
 31
0.0
  0
LINE
  5
3EE
330
2
100
AcDbEntity
  8
HT-A-WALL-F01-NEW
100
AcDbLine
 10
36006.44
 20
-1319.38
 30
0.0
 11
35806.44
 21
-1319.38
 31
0.0
  0
LINE
  5
3EF
330
2
100
AcDbEntity
  8
HT-A-WALL-F01-NEW
100
AcDbLine
 10
35806.44
 20
-1319.38
 30
0.0
 11
35806.44
 21
-1569.38
 31
0.0
  0
LINE
  5
3F0
330
2
100
AcDbEntity
  8
HT-A-WALL-F01-NEW
100
AcDbLine
 10
31606.44
 20
830.62
 30
0.0
 11
31606.44
 21
4030.62
 31
0.0
  0
LINE
  5
3F1
330
2
100
AcDbEntity
  8
HT-A-WALL-F01-NEW
100
AcDbLine
 10
31806.44
 20
930.62
 30
0.0
 11
31806.44
 21
4030.62
 31
0.0
  0
LINE
  5
3F2
330
2
100
AcDbEntity
  8
HT-A-WALL-F01-NEW
100
AcDbLine
 10
31806.44
 20
730.62
 30
0.0
 11
32906.44
 21
730.62
 31
0.0
  0
LINE
  5
3F3
330
2
100
AcDbEntity
  8
HT-A-WALL-F01-NEW
100
AcDbLine
 10
32906.44
 20
730.62
 30
0.0
 11
32906.44
 21
930.62
 31
0.0
  0
LINE
  5
3F4
330
2
100
AcDbEntity
  8
HT-A-WALL-F01-NEW
100
AcDbLine
 10
32906.44
 20
930.62
 30
0.0
 11
31806.44
 21
930.62
 31
0.0
  0
LINE
  5
3F5
330
2
100
AcDbEntity
  8
HT-A-WALL-F01-NEW
100
AcDbLine
 10
35806.44
 20
930.62
 30
0.0
 11
34706.44
 21
930.62
 31
0.0
  0
LINE
  5
3F6
330
2
100
AcDbEntity
  8
HT-A-WALL-F01-NEW
100
AcDbLine
 10
34706.44
 20
930.62
 30
0.0
 11
34706.44
 21
730.62
 31
0.0
  0
LINE
  5
3F7
330
2
100
AcDbEntity
  8
HT-A-WALL-F01-NEW
100
AcDbLine
 10
34706.44
 20
730.62
 30
0.0
 11
35806.44
 21
730.62
 31
0.0
  0
LINE
  5
3F8
330
2
100
AcDbEntity
  8
HT-A-WALL-F01-NEW
100
AcDbLine
 10
36006.44
 20
9230.62
 30
0.0
 11
37206.44
 21
9230.62
 31
0.0
  0
LINE
  5
3F9
330
2
100
AcDbEntity
  8
HT-A-WALL-F01-NEW
100
AcDbLine
 10
37206.44
 20
9230.62
 30
0.0
 11
37206.44
 21
9430.62
 31
0.0
  0
LINE
  5
3FA
330
2
100
AcDbEntity
  8
HT-A-WALL-F01-NEW
100
AcDbLine
 10
37206.44
 20
9430.62
 30
0.0
 11
36006.44
 21
9430.62
 31
0.0
  0
LINE
  5
3FB
330
2
100
AcDbEntity
  8
HT-A-WALL-F01-NEW
100
AcDbLine
 10
40206.44
 20
9430.62
 30
0.0
 11
39006.44
 21
9430.62
 31
0.0
  0
LINE
  5
3FC
330
2
100
AcDbEntity
  8
HT-A-WALL-F01-NEW
100
AcDbLine
 10
39006.44
 20
9430.62
 30
0.0
 11
39006.44
 21
9230.62
 31
0.0
  0
LINE
  5
3FD
330
2
100
AcDbEntity
  8
HT-A-WALL-F01-NEW
100
AcDbLine
 10
39006.44
 20
9230.62
 30
0.0
 11
40206.44
 21
9230.62
 31
0.0
  0
LINE
  5
3FE
330
2
100
AcDbEntity
  8
HT-A-WALL-F01-NEW
100
AcDbLine
 10
36006.44
 20
9230.62
 30
0.0
 11
36006.44
 21
5330.62
 31
0.0
  0
LINE
  5
3FF
330
2
100
AcDbEntity
  8
HT-A-WALL-F01-NEW
100
AcDbLine
 10
35806.44
 20
9230.62
 30
0.0
 11
35806.44
 21
5530.62
 31
0.0
  0
LINE
  5
400
330
2
100
AcDbEntity
  8
HT-A-WALL-F01-NEW
100
AcDbLine
 10
31606.44
 20
4230.62
 30
0.0
 11
31606.44
 21
9230.62
 31
0.0
  0
LINE
  5
401
330
2
100
AcDbEntity
  8
HT-A-WALL-F01-NEW
100
AcDbLine
 10
31806.44
 20
4230.62
 30
0.0
 11
31806.44
 21
9230.62
 31
0.0
  0
LINE
  5
402
330
2
100
AcDbEntity
  8
HT-A-WALL-F01-NEW
100
AcDbLine
 10
35806.44
 20
5530.62
 30
0.0
 11
35206.44
 21
5530.62
 31
0.0
  0
LINE
  5
403
330
2
100
AcDbEntity
  8
HT-A-WALL-F01-NEW
100
AcDbLine
 10
35206.44
 20
5530.62
 30
0.0
 11
35206.44
 21
5330.62
 31
0.0
  0
LINE
  5
404
330
2
100
AcDbEntity
  8
HT-A-WALL-F01-NEW
100
AcDbLine
 10
35206.44
 20
5330.62
 30
0.0
 11
36006.44
 21
5330.62
 31
0.0
  0
LINE
  5
405
330
2
100
AcDbEntity
  8
HT-A-WALL-F01-NEW
100
AcDbLine
 10
34106.44
 20
5330.62
 30
0.0
 11
34406.44
 21
5330.62
 31
0.0
  0
LINE
  5
406
330
2
100
AcDbEntity
  8
HT-A-WALL-F01-NEW
100
AcDbLine
 10
34406.44
 20
5330.62
 30
0.0
 11
34406.44
 21
5530.62
 31
0.0
  0
LINE
  5
407
330
2
100
AcDbEntity
  8
HT-A-WALL-F01-NEW
100
AcDbLine
 10
34406.44
 20
5530.62
 30
0.0
 11
34306.44
 21
5530.62
 31
0.0
  0
LINE
  5
408
330
2
100
AcDbEntity
  8
HT-A-WALL-F01-NEW
100
AcDbLine
 10
34306.44
 20
9230.62
 30
0.0
 11
34306.44
 21
5530.62
 31
0.0
  0
LINE
  5
409
330
2
100
AcDbEntity
  8
HT-A-WALL-F01-NEW
100
AcDbLine
 10
34106.44
 20
9230.62
 30
0.0
 11
34106.44
 21
5330.62
 31
0.0
  0
LINE
  5
40A
330
2
100
AcDbEntity
  8
HT-A-WALL-F01-NEW
100
AcDbLine
 10
34306.44
 20
9230.62
 30
0.0
 11
34556.44
 21
9230.62
 31
0.0
  0
LINE
  5
40B
330
2
100
AcDbEntity
  8
HT-A-WALL-F01-NEW
100
AcDbLine
 10
34556.44
 20
9230.62
 30
0.0
 11
34556.44
 21
9430.62
 31
0.0
  0
LINE
  5
40C
330
2
100
AcDbEntity
  8
HT-A-WALL-F01-NEW
100
AcDbLine
 10
34556.44
 20
9430.62
 30
0.0
 11
34206.44
 21
9430.62
 31
0.0
  0
LINE
  5
40D
330
2
100
AcDbEntity
  8
HT-A-WALL-F01-NEW
100
AcDbLine
 10
35806.44
 20
9430.62
 30
0.0
 11
35456.44
 21
9430.62
 31
0.0
  0
LINE
  5
40E
330
2
100
AcDbEntity
  8
HT-A-WALL-F01-NEW
100
AcDbLine
 10
35456.44
 20
9430.62
 30
0.0
 11
35456.44
 21
9230.62
 31
0.0
  0
LINE
  5
40F
330
2
100
AcDbEntity
  8
HT-A-WALL-F01-NEW
100
AcDbLine
 10
35456.44
 20
9230.62
 30
0.0
 11
35806.44
 21
9230.62
 31
0.0
  0
LINE
  5
410
330
2
100
AcDbEntity
  8
HT-A-WALL-F01-NEW
100
AcDbLine
 10
40206.44
 20
9230.62
 30
0.0
 11
40206.44
 21
5330.62
 31
0.0
  0
LINE
  5
411
330
2
100
AcDbEntity
  8
HT-A-WALL-F01-NEW
100
AcDbLine
 10
40206.44
 20
5330.62
 30
0.0
 11
40406.44
 21
5330.62
 31
0.0
  0
LINE
  5
412
330
2
100
AcDbEntity
  8
HT-A-WALL-F01-NEW
100
AcDbLine
 10
40406.44
 20
5330.62
 30
0.0
 11
40406.44
 21
9230.62
 31
0.0
  0
LINE
  5
413
330
2
100
AcDbEntity
  8
HT-A-WALL-F01-NEW
100
AcDbLine
 10
40406.44
 20
4230.62
 30
0.0
 11
40406.44
 21
4330.62
 31
0.0
  0
LINE
  5
414
330
2
100
AcDbEntity
  8
HT-A-WALL-F01-NEW
100
AcDbLine
 10
40406.44
 20
4330.62
 30
0.0
 11
40206.44
 21
4330.62
 31
0.0
  0
LINE
  5
415
330
2
100
AcDbEntity
  8
HT-A-WALL-F01-NEW
100
AcDbLine
 10
40206.44
 20
4330.62
 30
0.0
 11
40206.44
 21
4230.62
 31
0.0
  0
LINE
  5
416
330
2
100
AcDbEntity
  8
HT-A-WALL-F01-NEW
100
AcDbLine
 10
40406.44
 20
9430.62
 30
0.0
 11
44106.44
 21
9430.62
 31
0.0
  0
LINE
  5
417
330
2
100
AcDbEntity
  8
HT-A-WALL-F01-NEW
100
AcDbLine
 10
40406.44
 20
9230.62
 30
0.0
 11
44106.44
 21
9230.62
 31
0.0
  0
LINE
  5
418
330
2
100
AcDbEntity
  8
HT-A-WALL-F01-NEW
100
AcDbLine
 10
40206.44
 20
4230.62
 30
0.0
 11
39006.44
 21
4230.62
 31
0.0
  0
LINE
  5
419
330
2
100
AcDbEntity
  8
HT-A-WALL-F01-NEW
100
AcDbLine
 10
39006.44
 20
4230.62
 30
0.0
 11
39006.44
 21
4030.62
 31
0.0
  0
LINE
  5
41A
330
2
100
AcDbEntity
  8
HT-A-WALL-F01-NEW
100
AcDbLine
 10
39006.44
 20
4030.62
 30
0.0
 11
40206.44
 21
4030.62
 31
0.0
  0
LINE
  5
41B
330
2
100
AcDbEntity
  8
HT-A-WALL-F01-NEW
100
AcDbLine
 10
36006.44
 20
4030.62
 30
0.0
 11
37206.44
 21
4030.62
 31
0.0
  0
LINE
  5
41C
330
2
100
AcDbEntity
  8
HT-A-WALL-F01-NEW
100
AcDbLine
 10
37206.44
 20
4030.62
 30
0.0
 11
37206.44
 21
4230.62
 31
0.0
  0
LINE
  5
41D
330
2
100
AcDbEntity
  8
HT-A-WALL-F01-NEW
100
AcDbLine
 10
37206.44
 20
4230.62
 30
0.0
 11
36006.44
 21
4230.62
 31
0.0
  0
TEXT
  5
41E
330
2
100
AcDbEntity
  8
HT-A-TEXT-F01-NEW
 62
     7
100
AcDbText
 10
33452.18
 20
4740.62
 30
0.0
 40
337.59
  1
上
  7
_TCH_DIM
100
AcDbText
  0
LWPOLYLINE
  5
41F
330
2
100
AcDbEntity
  8
HT-A-DIMS-SYMB-F01-NEW
100
AcDbPolyline
 90
        3
 70
     0
 10
33556.44
 20
5195.62
 40
0.0
 41
0.0
 10
33556.44
 20
6410.62
 40
0.0
 41
80.0
 10
33556.44
 20
6110.62
 40
0.0
 41
0.0
  0
LINE
  5
420
330
2
100
AcDbEntity
  8
STAIR
100
AcDbLine
 10
33066.44
 20
5600.62
 30
0.0
 11
34106.44
 21
5600.62
 31
0.0
  0
LINE
  5
421
330
2
100
AcDbEntity
  8
STAIR
100
AcDbLine
 10
33066.44
 20
5870.62
 30
0.0
 11
34106.44
 21
5870.62
 31
0.0
  0
LINE
  5
422
330
2
100
AcDbEntity
  8
STAIR
100
AcDbLine
 10
33066.44
 20
6140.62
 30
0.0
 11
34106.44
 21
6140.62
 31
0.0
  0
LINE
  5
423
330
2
100
AcDbEntity
  8
STAIR
100
AcDbLine
 10
33322.61
 20
6410.62
 30
0.0
 11
34106.44
 21
6410.62
 31
0.0
  0
LINE
  5
424
330
2
100
AcDbEntity
  8
STAIR
100
AcDbLine
 10
33790.26
 20
6680.62
 30
0.0
 11
34106.44
 21
6680.62
 31
0.0
  0
LINE
  5
425
330
2
100
AcDbEntity
  8
STAIR
100
AcDbLine
 10
34106.44
 20
5330.62
 30
0.0
 11
34106.44
 21
6863.16
 31
0.0
  0
LINE
  5
426
330
2
100
AcDbEntity
  8
STAIR
100
AcDbLine
 10
33066.44
 20
5330.62
 30
0.0
 11
34106.44
 21
5330.62
 31
0.0
  0
LINE
  5
427
330
2
100
AcDbEntity
  8
STAIR
100
AcDbLine
 10
33006.44
 20
5330.62
 30
0.0
 11
33006.44
 21
6228.08
 31
0.0
  0
LINE
  5
428
330
2
100
AcDbEntity
  8
STAIR
100
AcDbLine
 10
34106.44
 20
6863.16
 30
0.0
 11
33616.96
 21
6580.56
 31
0.0
  0
LINE
  5
429
330
2
100
AcDbEntity
  8
STAIR
100
AcDbLine
 10
33616.96
 20
6580.56
 30
0.0
 11
33651.9
 21
6450.16
 31
0.0
  0
LINE
  5
42A
330
2
100
AcDbEntity
  8
STAIR
100
AcDbLine
 10
33651.9
 20
6450.16
 30
0.0
 11
33445.85
 21
6623.05
 31
0.0
  0
LINE
  5
42B
330
2
100
AcDbEntity
  8
STAIR
100
AcDbLine
 10
33445.85
 20
6623.05
 30
0.0
 11
33478.63
 21
6500.7
 31
0.0
  0
LINE
  5
42C
330
2
100
AcDbEntity
  8
STAIR
100
AcDbLine
 10
33478.63
 20
6500.7
 30
0.0
 11
33006.44
 21
6228.08
 31
0.0
  0
LINE
  5
42D
330
2
100
AcDbEntity
  8
STAIR
100
AcDbLine
 10
33006.44
 20
5300.62
 30
0.0
 11
33006.44
 21
6228.08
 31
0.0
  0
LINE
  5
42E
330
2
100
AcDbEntity
  8
STAIR
100
AcDbLine
 10
33066.44
 20
5300.62
 30
0.0
 11
33066.44
 21
6262.72
 31
0.0
  0
LINE
  5
42F
330
2
100
AcDbEntity
  8
STAIR
100
AcDbLine
 10
33006.44
 20
5300.62
 30
0.0
 11
33066.44
 21
5300.62
 31
0.0
  0
TEXT
  5
430
330
2
100
AcDbEntity
  8
HT-A-ROOM-F01-NEW
100
AcDbText
 10
41964.95
 20
7181.11
 30
0.0
 40
482.27
  1
卧室
  7
_TCH_SPACE
100
AcDbText
  0
TEXT
  5
431
330
2
100
AcDbEntity
  8
HT-A-ROOM-F01-NEW
100
AcDbText
 10
41661.13
 20
6669.24
 30
0.0
 40
297.5
  1
18.50m
 41
0.71
  7
_TCH_SPACE
100
AcDbText
  0
TEXT
  5
432
330
2
100
AcDbEntity
  8
HT-A-ROOM-F01-NEW
100
AcDbText
 10
42821.13
 20
6844.24
 30
0.0
 40
148.75
  1
2
 41
0.71
  7
_TCH_SPACE
100
AcDbText
  0
TEXT
  5
433
330
2
100
AcDbEntity
  8
HT-A-ROOM-F01-NEW
100
AcDbText
 10
33415.97
 20
-124.61
 30
0.0
 40
482.27
  1
厨房
  7
_TCH_SPACE
100
AcDbText
  0
TEXT
  5
434
330
2
100
AcDbEntity
  8
HT-A-ROOM-F01-NEW
100
AcDbText
 10
33208.1
 20
-636.49
 30
0.0
 40
297.5
  1
9.20m
 41
0.71
  7
_TCH_SPACE
100
AcDbText
  0
TEXT
  5
435
330
2
100
AcDbEntity
  8
HT-A-ROOM-F01-NEW
100
AcDbText
 10
34208.1
 20
-461.49
 30
0.0
 40
148.75
  1
2
 41
0.71
  7
_TCH_SPACE
100
AcDbText
  0
TEXT
  5
436
330
2
100
AcDbEntity
  8
HT-A-ROOM-F01-NEW
100
AcDbText
 10
33477.29
 20
2730.62
 30
0.0
 40
482.27
  1
餐厅
  7
_TCH_SPACE
100
AcDbText
  0
TEXT
  5
437
330
2
100
AcDbEntity
  8
HT-A-ROOM-F01-NEW
100
AcDbText
 10
33194.74
 20
2218.75
 30
0.0
 40
297.5
  1
12.40m
 41
0.71
  7
_TCH_SPACE
100
AcDbText
  0
TEXT
  5
438
330
2
100
AcDbEntity
  8
HT-A-ROOM-F01-NEW
100
AcDbText
 10
34354.74
 20
2393.75
 30
0.0
 40
148.75
  1
2
 41
0.71
  7
_TCH_SPACE
100
AcDbText
  0
TEXT
  5
439
330
2
100
AcDbEntity
  8
HT-A-ROOM-F01-NEW
100
AcDbText
 10
34654.91
 20
7869.7
 30
0.0
 40
482.27
  1
卫生间
  7
_TCH_SPACE
100
AcDbText
  0
TEXT
  5
43A
330
2
100
AcDbEntity
  8
HT-A-ROOM-F01-NEW
100
AcDbText
 10
34598.63
 20
7357.82
 30
0.0
 40
297.5
  1
5.55m
 41
0.71
  7
_TCH_SPACE
100
AcDbText
  0
TEXT
  5
43B
330
2
100
AcDbEntity
  8
HT-A-ROOM-F01-NEW
100
AcDbText
 10
35598.63
 20
7532.82
 30
0.0
 40
148.75
  1
2
 41
0.71
  7
_TCH_SPACE
100
AcDbText
  0
TEXT
  5
43C
330
2
100
AcDbEntity
  8
HT-A-ROOM-F01-NEW
100
AcDbText
 10
37885.27
 20
6941.84
 30
0.0
 40
482.27
  1
客厅
  7
_TCH_SPACE
100
AcDbText
  0
TEXT
  5
43D
330
2
100
AcDbEntity
  8
HT-A-ROOM-F01-NEW
100
AcDbText
 10
37594.74
 20
6429.97
 30
0.0
 40
297.5
  1
21.00m
 41
0.71
  7
_TCH_SPACE
100
AcDbText
  0
TEXT
  5
43E
330
2
100
AcDbEntity
  8
HT-A-ROOM-F01-NEW
100
AcDbText
 10
38754.74
 20
6604.97
 30
0.0
 40
148.75
  1
2
 41
0.71
  7
_TCH_SPACE
100
AcDbText
  0
LINE
  5
43F
330
2
100
AcDbEntity
  8
HT-A-WALL-F01-NEW
100
AcDbLine
 10
44306.44
 20
4030.62
 30
0.0
 11
44306.44
 21
2730.62
 31
0.0
  0
LINE
  5
440
330
2
100
AcDbEntity
  8
HT-A-WALL-F01-NEW
100
AcDbLine
 10
44106.44
 20
4030.62
 30
0.0
 11
44106.44
 21
2730.62
 31
0.0
  0
INSERT
  5
463
330
2
100
AcDbEntity
  8
HT-A-COLUMN-F01-NEW
100
AcDbBlockReference
  2
_FZH
 10
40306.44
 20
2630.62
 30
0.0
 41
200.0
 42
200.0
 43
200.0
  0
INSERT
  5
464
330
2
100
AcDbEntity
  8
HT-A-COLUMN-F01-NEW
100
AcDbBlockReference
  2
_FZH
 10
40306.44
 20
4130.62
 30
0.0
 41
200.0
 42
200.0
 43
200.0
  0
INSERT
  5
465
330
2
100
AcDbEntity
  8
HT-A-COLUMN-F01-NEW
100
AcDbBlockReference
  2
_FZH
 10
35906.44
 20
4130.62
 30
0.0
 41
200.0
 42
200.0
 43
200.0
  0
INSERT
  5
466
330
2
100
AcDbEntity
  8
HT-A-COLUMN-F01-NEW
100
AcDbBlockReference
  2
_FZH
 10
31706.44
 20
4130.62
 30
0.0
 41
200.0
 42
200.0
 43
200.0
  0
INSERT
  5
467
330
2
100
AcDbEntity
  8
HT-A-COLUMN-F01-NEW
100
AcDbBlockReference
  2
_FZH
 10
31706.44
 20
9330.62
 30
0.0
 41
200.0
 42
200.0
 43
200.0
  0
INSERT
  5
468
330
2
100
AcDbEntity
  8
HT-A-COLUMN-F01-NEW
100
AcDbBlockReference
  2
_FZH
 10
40306.44
 20
9330.62
 30
0.0
 41
200.0
 42
200.0
 43
200.0
  0
INSERT
  5
469
330
2
100
AcDbEntity
  8
HT-A-COLUMN-F01-NEW
100
AcDbBlockReference
  2
_FZH
 10
31706.44
 20
-1669.38
 30
0.0
 41
200.0
 42
200.0
 43
200.0
  0
INSERT
  5
46A
330
2
100
AcDbEntity
  8
HT-A-COLUMN-F01-NEW
100
AcDbBlockReference
  2
_FZH
 10
35906.44
 20
-1669.38
 30
0.0
 41
200.0
 42
200.0
 43
200.0
  0
INSERT
  5
46B
330
2
100
AcDbEntity
  8
HT-A-COLUMN-F01-NEW
100
AcDbBlockReference
  2
_FZH
 10
35906.44
 20
9330.62
 30
0.0
 41
200.0
 42
200.0
 43
200.0
  0
INSERT
  5
46C
330
2
100
AcDbEntity
  8
HT-A-COLUMN-F01-NEW
100
AcDbBlockReference
  2
_FZH
 10
37406.44
 20
2630.62
 30
0.0
 41
200.0
 42
200.0
 43
200.0
  0
TEXT
  5
46D
330
2
100
AcDbEntity
  8
HT-A-ROOM-F01-NEW
100
AcDbText
 10
37785.77
 20
3006.69
 30
0.0
 40
482.27
  1
门廊
  7
_TCH_SPACE
100
AcDbText
  0
LINE
  5
46E
330
2
100
AcDbEntity
  8
HT-A-AXIS-F01-NEW
100
AcDbLine
 10
31706.44
 20
-2669.38
 30
0.0
 11
31706.44
 21
-6669.38
 31
0.0
  0
INSERT
  5
46F
330
2
100
AcDbEntity
  8
HT-A-AXIS-F01-NEW
100
AcDbBlockReference
 66
     1
  2
_AXISO
 10
31706.44
 20
-7069.38
 30
0.0
 41
800.0
 42
800.0
 43
800.0
  0
ATTRIB
  5
470
330
46F
100
AcDbEntity
  8
HT-A-AXIS-TEXT-F01-NEW
100
AcDbText
 10
31641.58
 20
-7341.76
 30
0.0
 40
544.77
  1
1
 41
0.56
  7
_TCH_AXIS
 72
     5
 11
31771.29
 21
-7341.76
 31
0.0
100
AcDbAttribute
280
     0
  2
A
 70
     0
280
     0
  0
SEQEND
  5
471
330
46F
100
AcDbEntity
  8
HT-A-AXIS-F01-NEW
  0
LINE
  5
472
330
2
100
AcDbEntity
  8
HT-A-AXIS-F01-NEW
100
AcDbLine
 10
31706.44
 20
10330.62
 30
0.0
 11
31706.44
 21
14330.62
 31
0.0
  0
INSERT
  5
473
330
2
100
AcDbEntity
  8
HT-A-AXIS-F01-NEW
100
AcDbBlockReference
 66
     1
  2
_AXISO
 10
31706.44
 20
14730.62
 30
0.0
 41
800.0
 42
800.0
 43
800.0
  0
ATTRIB
  5
474
330
473
100
AcDbEntity
  8
HT-A-AXIS-TEXT-F01-NEW
100
AcDbText
 10
31641.58
 20
14458.24
 30
0.0
 40
544.77
  1
1
 41
0.56
  7
_TCH_AXIS
 72
     5
 11
31771.29
 21
14458.24
 31
0.0
100
AcDbAttribute
280
     0
  2
A
 70
     0
280
     0
  0
SEQEND
  5
475
330
473
100
AcDbEntity
  8
HT-A-AXIS-F01-NEW
  0
LINE
  5
476
330
2
100
AcDbEntity
  8
HT-A-AXIS-F01-NEW
100
AcDbLine
 10
35906.44
 20
-2669.38
 30
0.0
 11
35906.44
 21
-6669.38
 31
0.0
  0
INSERT
  5
477
330
2
100
AcDbEntity
  8
HT-A-AXIS-F01-NEW
100
AcDbBlockReference
 66
     1
  2
_AXISO
 10
35906.44
 20
-7069.38
 30
0.0
 41
800.0
 42
800.0
 43
800.0
  0
ATTRIB
  5
478
330
477
100
AcDbEntity
  8
HT-A-AXIS-TEXT-F01-NEW
100
AcDbText
 10
35751.12
 20
-7302.35
 30
0.0
 40
465.95
  1
2
  7
_TCH_AXIS
 72
     5
 11
36061.75
 21
-7302.35
 31
0.0
100
AcDbAttribute
280
     0
  2
A
 70
     0
280
     0
  0
SEQEND
  5
479
330
477
100
AcDbEntity
  8
HT-A-AXIS-F01-NEW
  0
LINE
  5
47A
330
2
100
AcDbEntity
  8
HT-A-AXIS-F01-NEW
100
AcDbLine
 10
35906.44
 20
10330.62
 30
0.0
 11
35906.44
 21
14330.62
 31
0.0
  0
INSERT
  5
47B
330
2
100
AcDbEntity
  8
HT-A-AXIS-F01-NEW
100
AcDbBlockReference
 66
     1
  2
_AXISO
 10
35906.44
 20
14730.62
 30
0.0
 41
800.0
 42
800.0
 43
800.0
  0
ATTRIB
  5
47C
330
47B
100
AcDbEntity
  8
HT-A-AXIS-TEXT-F01-NEW
100
AcDbText
 10
35751.12
 20
14497.65
 30
0.0
 40
465.95
  1
2
  7
_TCH_AXIS
 72
     5
 11
36061.75
 21
14497.65
 31
0.0
100
AcDbAttribute
280
     0
  2
A
 70
     0
280
     0
  0
SEQEND
  5
47D
330
47B
100
AcDbEntity
  8
HT-A-AXIS-F01-NEW
  0
LINE
  5
47E
330
2
100
AcDbEntity
  8
HT-A-AXIS-F01-NEW
100
AcDbLine
 10
40306.44
 20
-2669.38
 30
0.0
 11
40306.44
 21
-6669.38
 31
0.0
  0
INSERT
  5
47F
330
2
100
AcDbEntity
  8
HT-A-AXIS-F01-NEW
100
AcDbBlockReference
 66
     1
  2
_AXISO
 10
40306.44
 20
-7069.38
 30
0.0
 41
800.0
 42
800.0
 43
800.0
  0
ATTRIB
  5
480
330
47F
100
AcDbEntity
  8
HT-A-AXIS-TEXT-F01-NEW
100
AcDbText
 10
40151.12
 20
-7302.35
 30
0.0
 40
465.95
  1
3
  7
_TCH_AXIS
 72
     5
 11
40461.75
 21
-7302.35
 31
0.0
100
AcDbAttribute
280
     0
  2
A
 70
     0
280
     0
  0
SEQEND
  5
481
330
47F
100
AcDbEntity
  8
HT-A-AXIS-F01-NEW
  0
LINE
  5
482
330
2
100
AcDbEntity
  8
HT-A-AXIS-F01-NEW
100
AcDbLine
 10
40306.44
 20
10330.62
 30
0.0
 11
40306.44
 21
14330.62
 31
0.0
  0
INSERT
  5
483
330
2
100
AcDbEntity
  8
HT-A-AXIS-F01-NEW
100
AcDbBlockReference
 66
     1
  2
_AXISO
 10
40306.44
 20
14730.62
 30
0.0
 41
800.0
 42
800.0
 43
800.0
  0
ATTRIB
  5
484
330
483
100
AcDbEntity
  8
HT-A-AXIS-TEXT-F01-NEW
100
AcDbText
 10
40151.12
 20
14497.65
 30
0.0
 40
465.95
  1
3
  7
_TCH_AXIS
 72
     5
 11
40461.75
 21
14497.65
 31
0.0
100
AcDbAttribute
280
     0
  2
A
 70
     0
280
     0
  0
SEQEND
  5
485
330
483
100
AcDbEntity
  8
HT-A-AXIS-F01-NEW
  0
LINE
  5
486
330
2
100
AcDbEntity
  8
HT-A-AXIS-F01-NEW
100
AcDbLine
 10
44206.44
 20
-2669.38
 30
0.0
 11
44206.44
 21
-6669.38
 31
0.0
  0
INSERT
  5
487
330
2
100
AcDbEntity
  8
HT-A-AXIS-F01-NEW
100
AcDbBlockReference
 66
     1
  2
_AXISO
 10
44206.44
 20
-7069.38
 30
0.0
 41
800.0
 42
800.0
 43
800.0
  0
ATTRIB
  5
488
330
487
100
AcDbEntity
  8
HT-A-AXIS-TEXT-F01-NEW
100
AcDbText
 10
44043.69
 20
-7297.22
 30
0.0
 40
455.69
  1
4
 41
0.94
  7
_TCH_AXIS
 72
     5
 11
44369.18
 21
-7297.22
 31
0.0
100
AcDbAttribute
280
     0
  2
A
 70
     0
280
     0
  0
SEQEND
  5
489
330
487
100
AcDbEntity
  8
HT-A-AXIS-F01-NEW
  0
LINE
  5
48A
330
2
100
AcDbEntity
  8
HT-A-AXIS-F01-NEW
100
AcDbLine
 10
44206.44
 20
10330.62
 30
0.0
 11
44206.44
 21
14330.62
 31
0.0
  0
INSERT
  5
48B
330
2
100
AcDbEntity
  8
HT-A-AXIS-F01-NEW
100
AcDbBlockReference
 66
     1
  2
_AXISO
 10
44206.44
 20
14730.62
 30
0.0
 41
800.0
 42
800.0
 43
800.0
  0
ATTRIB
  5
48C
330
48B
100
AcDbEntity
  8
HT-A-AXIS-TEXT-F01-NEW
100
AcDbText
 10
44043.69
 20
14502.78
 30
0.0
 40
455.69
  1
4
 41
0.94
  7
_TCH_AXIS
 72
     5
 11
44369.18
 21
14502.78
 31
0.0
100
AcDbAttribute
280
     0
  2
A
 70
     0
280
     0
  0
SEQEND
  5
48D
330
48B
100
AcDbEntity
  8
HT-A-AXIS-F01-NEW
  0
LINE
  5
48E
330
2
100
AcDbEntity
  8
HT-A-AXIS-F01-NEW
100
AcDbLine
 10
31206.44
 20
-1669.38
 30
0.0
 11
27206.44
 21
-1669.38
 31
0.0
  0
INSERT
  5
48F
330
2
100
AcDbEntity
  8
HT-A-AXIS-F01-NEW
100
AcDbBlockReference
 66
     1
  2
_AXISO
 10
26806.44
 20
-1669.38
 30
0.0
 41
800.0
 42
800.0
 43
800.0
  0
ATTRIB
  5
490
330
48F
100
AcDbEntity
  8
HT-A-AXIS-TEXT-F01-NEW
100
AcDbText
 10
26636.74
 20
-1892.1
 30
0.0
 40
445.44
  1
A
 41
0.89
  7
_TCH_AXIS
 72
     5
 11
26976.13
 21
-1892.1
 31
0.0
100
AcDbAttribute
280
     0
  2
A
 70
     0
280
     0
  0
SEQEND
  5
491
330
48F
100
AcDbEntity
  8
HT-A-AXIS-F01-NEW
  0
LINE
  5
492
330
2
100
AcDbEntity
  8
HT-A-AXIS-F01-NEW
100
AcDbLine
 10
45206.44
 20
-1669.38
 30
0.0
 11
49206.44
 21
-1669.38
 31
0.0
  0
INSERT
  5
493
330
2
100
AcDbEntity
  8
HT-A-AXIS-F01-NEW
100
AcDbBlockReference
 66
     1
  2
_AXISO
 10
49606.44
 20
-1669.38
 30
0.0
 41
800.0
 42
800.0
 43
800.0
  0
ATTRIB
  5
494
330
493
100
AcDbEntity
  8
HT-A-AXIS-TEXT-F01-NEW
100
AcDbText
 10
49436.74
 20
-1892.1
 30
0.0
 40
445.44
  1
A
 41
0.89
  7
_TCH_AXIS
 72
     5
 11
49776.13
 21
-1892.1
 31
0.0
100
AcDbAttribute
280
     0
  2
A
 70
     0
280
     0
  0
SEQEND
  5
495
330
493
100
AcDbEntity
  8
HT-A-AXIS-F01-NEW
  0
LINE
  5
496
330
2
100
AcDbEntity
  8
HT-A-AXIS-F01-NEW
100
AcDbLine
 10
31206.44
 20
830.62
 30
0.0
 11
27206.44
 21
830.62
 31
0.0
  0
INSERT
  5
497
330
2
100
AcDbEntity
  8
HT-A-AXIS-F01-NEW
100
AcDbBlockReference
 66
     1
  2
_AXISO
 10
26806.44
 20
830.62
 30
0.0
 41
800.0
 42
800.0
 43
800.0
  0
ATTRIB
  5
498
330
497
100
AcDbEntity
  8
HT-A-AXIS-TEXT-F01-NEW
100
AcDbText
 10
26651.12
 20
597.65
 30
0.0
 40
465.95
  1
B
 41
0.82
  7
_TCH_AXIS
 72
     5
 11
26961.75
 21
597.65
 31
0.0
100
AcDbAttribute
280
     0
  2
A
 70
     0
280
     0
  0
SEQEND
  5
499
330
497
100
AcDbEntity
  8
HT-A-AXIS-F01-NEW
  0
LINE
  5
49A
330
2
100
AcDbEntity
  8
HT-A-AXIS-F01-NEW
100
AcDbLine
 10
45206.44
 20
830.62
 30
0.0
 11
49206.44
 21
830.62
 31
0.0
  0
INSERT
  5
49B
330
2
100
AcDbEntity
  8
HT-A-AXIS-F01-NEW
100
AcDbBlockReference
 66
     1
  2
_AXISO
 10
49606.44
 20
830.62
 30
0.0
 41
800.0
 42
800.0
 43
800.0
  0
ATTRIB
  5
49C
330
49B
100
AcDbEntity
  8
HT-A-AXIS-TEXT-F01-NEW
100
AcDbText
 10
49451.12
 20
597.65
 30
0.0
 40
465.95
  1
B
 41
0.82
  7
_TCH_AXIS
 72
     5
 11
49761.75
 21
597.65
 31
0.0
100
AcDbAttribute
280
     0
  2
A
 70
     0
280
     0
  0
SEQEND
  5
49D
330
49B
100
AcDbEntity
  8
HT-A-AXIS-F01-NEW
  0
LINE
  5
49E
330
2
100
AcDbEntity
  8
HT-A-AXIS-F01-NEW
100
AcDbLine
 10
31206.44
 20
2630.62
 30
0.0
 11
27206.44
 21
2630.62
 31
0.0
  0
INSERT
  5
49F
330
2
100
AcDbEntity
  8
HT-A-AXIS-F01-NEW
100
AcDbBlockReference
 66
     1
  2
_AXISO
 10
26806.44
 20
2630.62
 30
0.0
 41
800.0
 42
800.0
 43
800.0
  0
ATTRIB
  5
4A0
330
49F
100
AcDbEntity
  8
HT-A-AXIS-TEXT-F01-NEW
100
AcDbText
 10
26643.69
 20
2402.78
 30
0.0
 40
455.69
  1
C
  7
_TCH_AXIS
 72
     5
 11
26969.18
 21
2402.78
 31
0.0
100
AcDbAttribute
280
     0
  2
A
 70
     0
280
     0
  0
SEQEND
  5
4A1
330
49F
100
AcDbEntity
  8
HT-A-AXIS-F01-NEW
  0
LINE
  5
4A2
330
2
100
AcDbEntity
  8
HT-A-AXIS-F01-NEW
100
AcDbLine
 10
45206.44
 20
2630.62
 30
0.0
 11
49206.44
 21
2630.62
 31
0.0
  0
INSERT
  5
4A3
330
2
100
AcDbEntity
  8
HT-A-AXIS-F01-NEW
100
AcDbBlockReference
 66
     1
  2
_AXISO
 10
49606.44
 20
2630.62
 30
0.0
 41
800.0
 42
800.0
 43
800.0
  0
ATTRIB
  5
4A4
330
4A3
100
AcDbEntity
  8
HT-A-AXIS-TEXT-F01-NEW
100
AcDbText
 10
49443.69
 20
2402.78
 30
0.0
 40
455.69
  1
C
  7
_TCH_AXIS
 72
     5
 11
49769.18
 21
2402.78
 31
0.0
100
AcDbAttribute
280
     0
  2
A
 70
     0
280
     0
  0
SEQEND
  5
4A5
330
4A3
100
AcDbEntity
  8
HT-A-AXIS-F01-NEW
  0
LINE
  5
4A6
330
2
100
AcDbEntity
  8
HT-A-AXIS-F01-NEW
100
AcDbLine
 10
31206.44
 20
4130.62
 30
0.0
 11
27206.44
 21
4130.62
 31
0.0
  0
INSERT
  5
4A7
330
2
100
AcDbEntity
  8
HT-A-AXIS-F01-NEW
100
AcDbBlockReference
 66
     1
  2
_AXISO
 10
26806.44
 20
4130.62
 30
0.0
 41
800.0
 42
800.0
 43
800.0
  0
ATTRIB
  5
4A8
330
4A7
100
AcDbEntity
  8
HT-A-AXIS-TEXT-F01-NEW
100
AcDbText
 10
26651.12
 20
3897.65
 30
0.0
 40
465.95
  1
D
 41
0.82
  7
_TCH_AXIS
 72
     5
 11
26961.75
 21
3897.65
 31
0.0
100
AcDbAttribute
280
     0
  2
A
 70
     0
280
     0
  0
SEQEND
  5
4A9
330
4A7
100
AcDbEntity
  8
HT-A-AXIS-F01-NEW
  0
LINE
  5
4AA
330
2
100
AcDbEntity
  8
HT-A-AXIS-F01-NEW
100
AcDbLine
 10
45206.44
 20
4130.62
 30
0.0
 11
49206.44
 21
4130.62
 31
0.0
  0
INSERT
  5
4AB
330
2
100
AcDbEntity
  8
HT-A-AXIS-F01-NEW
100
AcDbBlockReference
 66
     1
  2
_AXISO
 10
49606.44
 20
4130.62
 30
0.0
 41
800.0
 42
800.0
 43
800.0
  0
ATTRIB
  5
4AC
330
4AB
100
AcDbEntity
  8
HT-A-AXIS-TEXT-F01-NEW
100
AcDbText
 10
49451.12
 20
3897.65
 30
0.0
 40
465.95
  1
D
 41
0.82
  7
_TCH_AXIS
 72
     5
 11
49761.75
 21
3897.65
 31
0.0
100
AcDbAttribute
280
     0
  2
A
 70
     0
280
     0
  0
SEQEND
  5
4AD
330
4AB
100
AcDbEntity
  8
HT-A-AXIS-F01-NEW
  0
LINE
  5
4AE
330
2
100
AcDbEntity
  8
HT-A-AXIS-F01-NEW
100
AcDbLine
 10
31206.44
 20
9330.62
 30
0.0
 11
27206.44
 21
9330.62
 31
0.0
  0
INSERT
  5
4AF
330
2
100
AcDbEntity
  8
HT-A-AXIS-F01-NEW
100
AcDbBlockReference
 66
     1
  2
_AXISO
 10
26806.44
 20
9330.62
 30
0.0
 41
800.0
 42
800.0
 43
800.0
  0
ATTRIB
  5
4B0
330
4AF
100
AcDbEntity
  8
HT-A-AXIS-TEXT-F01-NEW
100
AcDbText
 10
26659.06
 20
9092.55
 30
0.0
 40
476.15
  1
E
 41
0.81
  7
_TCH_AXIS
 72
     5
 11
26953.82
 21
9092.55
 31
0.0
100
AcDbAttribute
280
     0
  2
A
 70
     0
280
     0
  0
SEQEND
  5
4B1
330
4AF
100
AcDbEntity
  8
HT-A-AXIS-F01-NEW
  0
LINE
  5
4B2
330
2
100
AcDbEntity
  8
HT-A-AXIS-F01-NEW
100
AcDbLine
 10
45206.44
 20
9330.62
 30
0.0
 11
49206.44
 21
9330.62
 31
0.0
  0
INSERT
  5
4B3
330
2
100
AcDbEntity
  8
HT-A-AXIS-F01-NEW
100
AcDbBlockReference
 66
     1
  2
_AXISO
 10
49606.44
 20
9330.62
 30
0.0
 41
800.0
 42
800.0
 43
800.0
  0
ATTRIB
  5
4B4
330
4B3
100
AcDbEntity
  8
HT-A-AXIS-TEXT-F01-NEW
100
AcDbText
 10
49459.06
 20
9092.55
 30
0.0
 40
476.15
  1
E
 41
0.81
  7
_TCH_AXIS
 72
     5
 11
49753.82
 21
9092.55
 31
0.0
100
AcDbAttribute
280
     0
  2
A
 70
     0
280
     0
  0
SEQEND
  5
4B5
330
4B3
100
AcDbEntity
  8
HT-A-AXIS-F01-NEW
  0
INSERT
  5
4B6
330
2
100
AcDbEntity
  8
HT-A-WIND-F01-NEW
100
AcDbBlockReference
 66
     1
  2
$DorLib2D$00000001
 10
34806.44
 20
5430.62
 30
0.0
 41
800.0
 42
-800.0
 43
800.0
 50
180.0
1001
WTHICK
1040
200.0
  0
ATTRIB
  5
4B7
330
4B6
100
AcDbEntity
  8
HT-A-WIND-TEXT-F01-NEW
100
AcDbText
 10
34611.44
 20
5006.87
 30
0.0
 40
297.5
  1

 41
0.71
  7
_TCH_WINDOW
100
AcDbAttribute
280
     0
  2
A
 70
     0
280
     0
  0
SEQEND
  5
4B8
330
4B6
100
AcDbEntity
  8
HT-A-WIND-F01-NEW
  0
INSERT
  5
4B9
330
2
100
AcDbEntity
  8
HT-A-WIND-F01-NEW
100
AcDbBlockReference
 66
     1
  2
$DorLib2D$00000002
 10
38106.44
 20
4130.62
 30
0.0
 41
-1800.0
 42
1800.0
 43
-1800.0
 50
180.0
1001
WTHICK
1040
200.0
  0
ATTRIB
  5
4BA
330
4B9
100
AcDbEntity
  8
HT-A-WIND-TEXT-F01-NEW
100
AcDbText
 10
37911.44
 20
4356.87
 30
0.0
 40
297.5
  1

 41
0.71
  7
_TCH_WINDOW
100
AcDbAttribute
280
     0
  2
A
 70
     0
280
     0
  0
SEQEND
  5
4BB
330
4B9
100
AcDbEntity
  8
HT-A-WIND-F01-NEW
  0
INSERT
  5
4BC
330
2
100
AcDbEntity
  8
HT-A-WIND-F01-NEW
100
AcDbBlockReference
 66
     1
  2
$TCHSYS$WIN2D
 10
42256.44
 20
4130.62
 30
0.0
 41
-1800.0
 42
-200.0
 43
-1800.0
 50
180.0
1001
WTHICK
1040
200.0
  0
ATTRIB
  5
4BD
330
4BC
100
AcDbEntity
  8
HT-A-WIND-TEXT-F01-NEW
100
AcDbText
 10
42061.44
 20
3606.87
 30
0.0
 40
297.5
  1

 41
0.71
  7
_TCH_WINDOW
100
AcDbAttribute
280
     0
  2
A
 70
     0
280
     0
  0
SEQEND
  5
4BE
330
4BC
100
AcDbEntity
  8
HT-A-WIND-F01-NEW
  0
INSERT
  5
4BF
330
2
100
AcDbEntity
  8
HT-A-WIND-F01-NEW
100
AcDbBlockReference
 66
     1
  2
$TCHSYS$WIN2D
 10
35906.44
 20
-419.38
 30
0.0
 41
-1800.0
 42
200.0
 43
-1800.0
 50
270.0
1001
WTHICK
1040
200.0
  0
ATTRIB
  5
4C0
330
4BF
100
AcDbEntity
  8
HT-A-WIND-TEXT-F01-NEW
100
AcDbText
 10
35680.19
 20
-1314.38
 30
0.0
 40
297.5
  1

 50
90.0
 41
0.71
  7
_TCH_WINDOW
100
AcDbAttribute
280
     0
  2
A
 70
     0
280
     0
  0
SEQEND
  5
4C1
330
4BF
100
AcDbEntity
  8
HT-A-WIND-F01-NEW
  0
TEXT
  5
4C2
330
2
100
AcDbEntity
  8
HT-A-ROOM-F01-NEW
100
AcDbText
 10
32437.89
 20
7869.7
 30
0.0
 40
482.27
  1
楼梯间
  7
_TCH_SPACE
100
AcDbText
  0
TEXT
  5
4C3
330
2
100
AcDbEntity
  8
HT-A-ROOM-F01-NEW
100
AcDbText
 10
32376.29
 20
7357.82
 30
0.0
 40
297.5
  1
8.97m
 41
0.71
  7
_TCH_SPACE
100
AcDbText
  0
TEXT
  5
4C4
330
2
100
AcDbEntity
  8
HT-A-ROOM-F01-NEW
100
AcDbText
 10
33376.29
 20
7532.82
 30
0.0
 40
148.75
  1
2
 41
0.71
  7
_TCH_SPACE
100
AcDbText
  0
INSERT
  5
4C5
330
2
100
AcDbEntity
  8
HT-A-WIND-F01-NEW
100
AcDbBlockReference
 66
     1
  2
$TCHSYS$WIN2D
 10
38106.44
 20
9330.62
 30
0.0
 41
1800.0
 42
200.0
 43
1800.0
 50
0.0
1001
WTHICK
1040
200.0
  0
ATTRIB
  5
4C6
330
4C5
100
AcDbEntity
  8
HT-A-WIND-TEXT-F01-NEW
100
AcDbText
 10
37911.44
 20
8906.87
 30
0.0
 40
297.5
  1

 50
0.0
 41
0.71
  7
_TCH_WINDOW
100
AcDbAttribute
280
     0
  2
A
 70
     0
280
     0
  0
SEQEND
  5
4C7
330
4C5
100
AcDbEntity
  8
HT-A-WIND-F01-NEW
  0
INSERT
  5
4C8
330
2
100
AcDbEntity
  8
HT-A-WIND-F01-NEW
100
AcDbBlockReference
 66
     1
  2
$TCHSYS$WIN2D
 10
35006.44
 20
9330.62
 30
0.0
 41
-900.0
 42
200.0
 43
-900.0
1001
WTHICK
1040
200.0
  0
ATTRIB
  5
4C9
330
4C8
100
AcDbEntity
  8
HT-A-WIND-TEXT-F01-NEW
100
AcDbText
 10
34811.44
 20
8806.87
 30
0.0
 40
297.5
  1

 41
0.71
  7
_TCH_WINDOW
100
AcDbAttribute
280
     0
  2
A
 70
     0
280
     0
  0
SEQEND
  5
4CA
330
4C8
100
AcDbEntity
  8
HT-A-WIND-F01-NEW
  0
INSERT
  5
4CB
330
2
100
AcDbEntity
  8
HT-A-WIND-F01-NEW
100
AcDbBlockReference
 66
     1
  2
$TCHSYS$WIN2D
 10
32956.44
 20
9330.62
 30
0.0
 41
-900.0
 42
-200.0
 43
-900.0
 50
360.0
1001
WTHICK
1040
200.0
  0
ATTRIB
  5
4CC
330
4CB
100
AcDbEntity
  8
HT-A-WIND-TEXT-F01-NEW
100
AcDbText
 10
32761.44
 20
9556.87
 30
0.0
 40
297.5
  1

 41
0.71
  7
_TCH_WINDOW
100
AcDbAttribute
280
     0
  2
A
 70
     0
280
     0
  0
SEQEND
  5
4CD
330
4CB
100
AcDbEntity
  8
HT-A-WIND-F01-NEW
  0
INSERT
  5
4CE
330
2
100
AcDbEntity
  8
HT-A-WIND-F01-NEW
100
AcDbBlockReference
 66
     1
  2
$DorLib2D$00000001
 10
40306.44
 20
4830.62
 30
0.0
 41
1000.0
 42
1000.0
 43
1000.0
 50
270.0
1001
WTHICK
1040
200.0
  0
ATTRIB
  5
4CF
330
4CE
100
AcDbEntity
  8
HT-A-WIND-TEXT-F01-NEW
100
AcDbText
 10
40080.19
 20
4635.62
 30
0.0
 40
297.5
  1

 50
90.0
 41
0.71
  7
_TCH_WINDOW
100
AcDbAttribute
280
     0
  2
A
 70
     0
280
     0
  0
SEQEND
  5
4D0
330
4CE
100
AcDbEntity
  8
HT-A-WIND-F01-NEW
  0
INSERT
  5
4D1
330
2
100
AcDbEntity
  8
HT-A-WIND-F01-NEW
100
AcDbBlockReference
 66
     1
  2
$DorLib2D$00000001
 10
35906.44
 20
1530.62
 30
0.0
 41
1000.0
 42
-1000.0
 43
1000.0
 50
270.0
1001
WTHICK
1040
200.0
  0
ATTRIB
  5
4D2
330
4D1
100
AcDbEntity
  8
HT-A-WIND-TEXT-F01-NEW
100
AcDbText
 10
36430.19
 20
635.62
 30
0.0
 40
297.5
  1

 50
90.0
 41
0.71
  7
_TCH_WINDOW
100
AcDbAttribute
280
     0
  2
A
 70
     0
280
     0
  0
SEQEND
  5
4D3
330
4D1
100
AcDbEntity
  8
HT-A-WIND-F01-NEW
  0
LINE
  5
4D4
330
2
100
AcDbEntity
  8
HT-A-WALL-F01-NEW
100
AcDbLine
 10
65546.02
 20
9230.62
 30
0.0
 11
66246.02
 21
9230.62
 31
0.0
  0
LINE
  5
4D5
330
2
100
AcDbEntity
  8
HT-A-WALL-F01-NEW
100
AcDbLine
 10
66246.02
 20
9230.62
 30
0.0
 11
66246.02
 21
9430.62
 31
0.0
  0
LINE
  5
4D6
330
2
100
AcDbEntity
  8
HT-A-WALL-F01-NEW
100
AcDbLine
 10
66246.02
 20
9430.62
 30
0.0
 11
65546.02
 21
9430.62
 31
0.0
  0
LINE
  5
4D7
330
2
100
AcDbEntity
  8
HT-A-WALL-F01-NEW
100
AcDbLine
 10
67946.02
 20
9430.62
 30
0.0
 11
67146.02
 21
9430.62
 31
0.0
  0
LINE
  5
4D8
330
2
100
AcDbEntity
  8
HT-A-WALL-F01-NEW
100
AcDbLine
 10
67146.02
 20
9430.62
 30
0.0
 11
67146.02
 21
9230.62
 31
0.0
  0
LINE
  5
4D9
330
2
100
AcDbEntity
  8
HT-A-WALL-F01-NEW
100
AcDbLine
 10
67146.02
 20
9230.62
 30
0.0
 11
67846.02
 21
9230.62
 31
0.0
  0
INSERT
  5
4DA
330
2
100
AcDbEntity
  8
HT-A-WIND-F01-NEW
100
AcDbBlockReference
 66
     1
  2
$TCHSYS$WIN2D
 10
66696.02
 20
9330.62
 30
0.0
 41
-900.0
 42
-200.0
 43
-900.0
 50
360.0
1001
WTHICK
1040
200.0
  0
ATTRIB
  5
4DB
330
4DA
100
AcDbEntity
  8
HT-A-WIND-TEXT-F01-NEW
100
AcDbText
 10
66501.02
 20
9556.87
 30
0.0
 40
297.5
  1

 41
0.71
  7
_TCH_WINDOW
100
AcDbAttribute
280
     0
  2
A
 70
     0
280
     0
  0
SEQEND
  5
4DC
330
4DA
100
AcDbEntity
  8
HT-A-WIND-F01-NEW
  0
LINE
  5
4DD
330
2
100
AcDbEntity
  8
HT-A-WALL-F01-NEW
100
AcDbLine
 10
78046.02
 20
9230.62
 30
0.0
 11
78046.02
 21
4230.62
 31
0.0
  0
LINE
  5
4DE
330
2
100
AcDbEntity
  8
HT-A-WALL-F01-NEW
100
AcDbLine
 10
77846.02
 20
9230.62
 30
0.0
 11
77846.02
 21
4230.62
 31
0.0
  0
LINE
  5
4DF
330
2
100
AcDbEntity
  8
HT-A-WALL-F01-NEW
100
AcDbLine
 10
77846.02
 20
4230.62
 30
0.0
 11
75246.02
 21
4230.62
 31
0.0
  0
LINE
  5
4E0
330
2
100
AcDbEntity
  8
HT-A-WALL-F01-NEW
100
AcDbLine
 10
75246.02
 20
4230.62
 30
0.0
 11
75246.02
 21
4030.62
 31
0.0
  0
LINE
  5
4E1
330
2
100
AcDbEntity
  8
HT-A-WALL-F01-NEW
100
AcDbLine
 10
75246.02
 20
4030.62
 30
0.0
 11
77846.02
 21
4030.62
 31
0.0
  0
LINE
  5
4E2
330
2
100
AcDbEntity
  8
HT-A-WALL-F01-NEW
100
AcDbLine
 10
74146.02
 20
4030.62
 30
0.0
 11
74246.02
 21
4030.62
 31
0.0
  0
LINE
  5
4E3
330
2
100
AcDbEntity
  8
HT-A-WALL-F01-NEW
100
AcDbLine
 10
74246.02
 20
4030.62
 30
0.0
 11
74246.02
 21
4230.62
 31
0.0
  0
LINE
  5
4E4
330
2
100
AcDbEntity
  8
HT-A-WALL-F01-NEW
100
AcDbLine
 10
74246.02
 20
4230.62
 30
0.0
 11
74146.02
 21
4230.62
 31
0.0
  0
LINE
  5
4E5
330
2
100
AcDbEntity
  8
HT-A-WALL-F01-NEW
100
AcDbLine
 10
65546.02
 20
2530.62
 30
0.0
 11
68446.02
 21
2530.62
 31
0.0
  0
LINE
  5
4E6
330
2
100
AcDbEntity
  8
HT-A-WALL-F01-NEW
100
AcDbLine
 10
68446.02
 20
2530.62
 30
0.0
 11
68446.02
 21
2730.62
 31
0.0
  0
LINE
  5
4E7
330
2
100
AcDbEntity
  8
HT-A-WALL-F01-NEW
100
AcDbLine
 10
68446.02
 20
2730.62
 30
0.0
 11
65546.02
 21
2730.62
 31
0.0
  0
LINE
  5
4E8
330
2
100
AcDbEntity
  8
HT-A-WALL-F01-NEW
100
AcDbLine
 10
69646.02
 20
2730.62
 30
0.0
 11
69446.02
 21
2730.62
 31
0.0
  0
LINE
  5
4E9
330
2
100
AcDbEntity
  8
HT-A-WALL-F01-NEW
100
AcDbLine
 10
69446.02
 20
2730.62
 30
0.0
 11
69446.02
 21
2530.62
 31
0.0
  0
LINE
  5
4EA
330
2
100
AcDbEntity
  8
HT-A-WALL-F01-NEW
100
AcDbLine
 10
69446.02
 20
2530.62
 30
0.0
 11
69546.02
 21
2530.62
 31
0.0
  0
LINE
  5
4EB
330
2
100
AcDbEntity
  8
HT-A-WALL-F01-NEW
100
AcDbLine
 10
69746.02
 20
2530.62
 30
0.0
 11
69746.02
 21
-1569.38
 31
0.0
  0
LINE
  5
4EC
330
2
100
AcDbEntity
  8
HT-A-WALL-F01-NEW
100
AcDbLine
 10
69546.02
 20
2530.62
 30
0.0
 11
69546.02
 21
-1569.38
 31
0.0
  0
LINE
  5
4ED
330
2
100
AcDbEntity
  8
HT-A-WALL-F01-NEW
100
AcDbLine
 10
65546.02
 20
-1769.38
 30
0.0
 11
66196.02
 21
-1769.38
 31
0.0
  0
LINE
  5
4EE
330
2
100
AcDbEntity
  8
HT-A-WALL-F01-NEW
100
AcDbLine
 10
66196.02
 20
-1769.38
 30
0.0
 11
66196.02
 21
-1569.38
 31
0.0
  0
LINE
  5
4EF
330
2
100
AcDbEntity
  8
HT-A-WALL-F01-NEW
100
AcDbLine
 10
66196.02
 20
-1569.38
 30
0.0
 11
65546.02
 21
-1569.38
 31
0.0
  0
LINE
  5
4F0
330
2
100
AcDbEntity
  8
HT-A-WALL-F01-NEW
100
AcDbLine
 10
69546.02
 20
-1569.38
 30
0.0
 11
68896.02
 21
-1569.38
 31
0.0
  0
LINE
  5
4F1
330
2
100
AcDbEntity
  8
HT-A-WALL-F01-NEW
100
AcDbLine
 10
68896.02
 20
-1569.38
 30
0.0
 11
68896.02
 21
-1769.38
 31
0.0
  0
LINE
  5
4F2
330
2
100
AcDbEntity
  8
HT-A-WALL-F01-NEW
100
AcDbLine
 10
68896.02
 20
-1769.38
 30
0.0
 11
69546.02
 21
-1769.38
 31
0.0
  0
LINE
  5
4F3
330
2
100
AcDbEntity
  8
HT-A-WALL-F01-NEW
100
AcDbLine
 10
69746.02
 20
9230.62
 30
0.0
 11
70946.02
 21
9230.62
 31
0.0
  0
LINE
  5
4F4
330
2
100
AcDbEntity
  8
HT-A-WALL-F01-NEW
100
AcDbLine
 10
70946.02
 20
9230.62
 30
0.0
 11
70946.02
 21
9430.62
 31
0.0
  0
LINE
  5
4F5
330
2
100
AcDbEntity
  8
HT-A-WALL-F01-NEW
100
AcDbLine
 10
70946.02
 20
9430.62
 30
0.0
 11
69746.02
 21
9430.62
 31
0.0
  0
LINE
  5
4F6
330
2
100
AcDbEntity
  8
HT-A-WALL-F01-NEW
100
AcDbLine
 10
73946.02
 20
9430.62
 30
0.0
 11
72746.02
 21
9430.62
 31
0.0
  0
LINE
  5
4F7
330
2
100
AcDbEntity
  8
HT-A-WALL-F01-NEW
100
AcDbLine
 10
72746.02
 20
9430.62
 30
0.0
 11
72746.02
 21
9230.62
 31
0.0
  0
LINE
  5
4F8
330
2
100
AcDbEntity
  8
HT-A-WALL-F01-NEW
100
AcDbLine
 10
72746.02
 20
9230.62
 30
0.0
 11
73946.02
 21
9230.62
 31
0.0
  0
INSERT
  5
4F9
330
2
100
AcDbEntity
  8
HT-A-WIND-F01-NEW
100
AcDbBlockReference
 66
     1
  2
$TCHSYS$WIN2D
 10
71846.02
 20
9330.62
 30
0.0
 41
1800.0
 42
200.0
 43
1800.0
 50
0.0
1001
WTHICK
1040
200.0
  0
ATTRIB
  5
4FA
330
4F9
100
AcDbEntity
  8
HT-A-WIND-TEXT-F01-NEW
100
AcDbText
 10
71651.02
 20
8906.87
 30
0.0
 40
297.5
  1

 50
0.0
 41
0.71
  7
_TCH_WINDOW
100
AcDbAttribute
280
     0
  2
A
 70
     0
280
     0
  0
SEQEND
  5
4FB
330
4F9
100
AcDbEntity
  8
HT-A-WIND-F01-NEW
  0
LINE
  5
4FC
330
2
100
AcDbEntity
  8
HT-A-WALL-F01-NEW
100
AcDbLine
 10
69746.02
 20
9230.62
 30
0.0
 11
69746.02
 21
5430.62
 31
0.0
  0
LINE
  5
4FD
330
2
100
AcDbEntity
  8
HT-A-WALL-F01-NEW
100
AcDbLine
 10
69546.02
 20
9230.62
 30
0.0
 11
69546.02
 21
5530.62
 31
0.0
  0
LINE
  5
4FE
330
2
100
AcDbEntity
  8
HT-A-WALL-F01-NEW
100
AcDbLine
 10
65346.02
 20
4230.62
 30
0.0
 11
65346.02
 21
9230.62
 31
0.0
  0
LINE
  5
4FF
330
2
100
AcDbEntity
  8
HT-A-WALL-F01-NEW
100
AcDbLine
 10
65546.02
 20
4230.62
 30
0.0
 11
65546.02
 21
9230.62
 31
0.0
  0
LINE
  5
500
330
2
100
AcDbEntity
  8
HT-A-WALL-F01-NEW
100
AcDbLine
 10
73946.02
 20
4230.62
 30
0.0
 11
73846.02
 21
4230.62
 31
0.0
  0
LINE
  5
501
330
2
100
AcDbEntity
  8
HT-A-WALL-F01-NEW
100
AcDbLine
 10
73846.02
 20
4230.62
 30
0.0
 11
73846.02
 21
4030.62
 31
0.0
  0
LINE
  5
502
330
2
100
AcDbEntity
  8
HT-A-WALL-F01-NEW
100
AcDbLine
 10
73846.02
 20
4030.62
 30
0.0
 11
73946.02
 21
4030.62
 31
0.0
  0
LINE
  5
503
330
2
100
AcDbEntity
  8
HT-A-WALL-F01-NEW
100
AcDbLine
 10
69746.02
 20
4030.62
 30
0.0
 11
72846.02
 21
4030.62
 31
0.0
  0
LINE
  5
504
330
2
100
AcDbEntity
  8
HT-A-WALL-F01-NEW
100
AcDbLine
 10
72846.02
 20
4030.62
 30
0.0
 11
72846.02
 21
4230.62
 31
0.0
  0
LINE
  5
505
330
2
100
AcDbEntity
  8
HT-A-WALL-F01-NEW
100
AcDbLine
 10
72846.02
 20
4230.62
 30
0.0
 11
69746.02
 21
4230.62
 31
0.0
  0
INSERT
  5
506
330
2
100
AcDbEntity
  8
HT-A-WIND-F01-NEW
100
AcDbBlockReference
 66
     1
  2
$DorLib2D$00000001
 10
68546.02
 20
5430.62
 30
0.0
 41
800.0
 42
-800.0
 43
800.0
 50
180.0
1001
WTHICK
1040
200.0
  0
ATTRIB
  5
507
330
506
100
AcDbEntity
  8
HT-A-WIND-TEXT-F01-NEW
100
AcDbText
 10
68351.02
 20
5006.87
 30
0.0
 40
297.5
  1

 41
0.71
  7
_TCH_WINDOW
100
AcDbAttribute
280
     0
  2
A
 70
     0
280
     0
  0
SEQEND
  5
508
330
506
100
AcDbEntity
  8
HT-A-WIND-F01-NEW
  0
LINE
  5
509
330
2
100
AcDbEntity
  8
HT-A-WALL-F01-NEW
100
AcDbLine
 10
68046.02
 20
9230.62
 30
0.0
 11
68046.02
 21
5530.62
 31
0.0
  0
LINE
  5
50A
330
2
100
AcDbEntity
  8
HT-A-WALL-F01-NEW
100
AcDbLine
 10
67846.02
 20
9230.62
 30
0.0
 11
67846.02
 21
5330.62
 31
0.0
  0
LINE
  5
50B
330
2
100
AcDbEntity
  8
HT-A-WALL-F01-NEW
100
AcDbLine
 10
68046.02
 20
9230.62
 30
0.0
 11
68296.02
 21
9230.62
 31
0.0
  0
LINE
  5
50C
330
2
100
AcDbEntity
  8
HT-A-WALL-F01-NEW
100
AcDbLine
 10
68296.02
 20
9230.62
 30
0.0
 11
68296.02
 21
9430.62
 31
0.0
  0
LINE
  5
50D
330
2
100
AcDbEntity
  8
HT-A-WALL-F01-NEW
100
AcDbLine
 10
68296.02
 20
9430.62
 30
0.0
 11
67946.02
 21
9430.62
 31
0.0
  0
LINE
  5
50E
330
2
100
AcDbEntity
  8
HT-A-WALL-F01-NEW
100
AcDbLine
 10
69546.02
 20
9430.62
 30
0.0
 11
69196.02
 21
9430.62
 31
0.0
  0
LINE
  5
50F
330
2
100
AcDbEntity
  8
HT-A-WALL-F01-NEW
100
AcDbLine
 10
69196.02
 20
9430.62
 30
0.0
 11
69196.02
 21
9230.62
 31
0.0
  0
LINE
  5
510
330
2
100
AcDbEntity
  8
HT-A-WALL-F01-NEW
100
AcDbLine
 10
69196.02
 20
9230.62
 30
0.0
 11
69546.02
 21
9230.62
 31
0.0
  0
INSERT
  5
511
330
2
100
AcDbEntity
  8
HT-A-WIND-F01-NEW
100
AcDbBlockReference
 66
     1
  2
$TCHSYS$WIN2D
 10
68746.02
 20
9330.62
 30
0.0
 41
-900.0
 42
200.0
 43
-900.0
1001
WTHICK
1040
200.0
  0
ATTRIB
  5
512
330
511
100
AcDbEntity
  8
HT-A-WIND-TEXT-F01-NEW
100
AcDbText
 10
68551.02
 20
8806.87
 30
0.0
 40
297.5
  1

 41
0.71
  7
_TCH_WINDOW
100
AcDbAttribute
280
     0
  2
A
 70
     0
280
     0
  0
SEQEND
  5
513
330
511
100
AcDbEntity
  8
HT-A-WIND-F01-NEW
  0
LINE
  5
514
330
2
100
AcDbEntity
  8
HT-A-WALL-F01-NEW
100
AcDbLine
 10
74146.02
 20
9230.62
 30
0.0
 11
74146.02
 21
4230.62
 31
0.0
  0
LINE
  5
515
330
2
100
AcDbEntity
  8
HT-A-WALL-F01-NEW
100
AcDbLine
 10
73946.02
 20
9230.62
 30
0.0
 11
73946.02
 21
4230.62
 31
0.0
  0
LINE
  5
516
330
2
100
AcDbEntity
  8
HT-A-WALL-F01-NEW
100
AcDbLine
 10
74146.02
 20
9230.62
 30
0.0
 11
75096.02
 21
9230.62
 31
0.0
  0
LINE
  5
517
330
2
100
AcDbEntity
  8
HT-A-WALL-F01-NEW
100
AcDbLine
 10
75096.02
 20
9230.62
 30
0.0
 11
75096.02
 21
9430.62
 31
0.0
  0
LINE
  5
518
330
2
100
AcDbEntity
  8
HT-A-WALL-F01-NEW
100
AcDbLine
 10
75096.02
 20
9430.62
 30
0.0
 11
74146.02
 21
9430.62
 31
0.0
  0
LINE
  5
519
330
2
100
AcDbEntity
  8
HT-A-WALL-F01-NEW
100
AcDbLine
 10
77846.02
 20
9430.62
 30
0.0
 11
76896.02
 21
9430.62
 31
0.0
  0
LINE
  5
51A
330
2
100
AcDbEntity
  8
HT-A-WALL-F01-NEW
100
AcDbLine
 10
76896.02
 20
9430.62
 30
0.0
 11
76896.02
 21
9230.62
 31
0.0
  0
LINE
  5
51B
330
2
100
AcDbEntity
  8
HT-A-WALL-F01-NEW
100
AcDbLine
 10
76896.02
 20
9230.62
 30
0.0
 11
77846.02
 21
9230.62
 31
0.0
  0
TEXT
  5
51C
330
2
100
AcDbEntity
  8
HT-A-TEXT-F01-NEW
 62
     7
100
AcDbText
 10
66001.08
 20
4740.62
 30
0.0
 40
337.59
  1
下
  7
_TCH_DIM
100
AcDbText
  0
LWPOLYLINE
  5
51D
330
2
100
AcDbEntity
  8
HT-A-DIMS-SYMB-F01-NEW
100
AcDbPolyline
 90
        5
 70
     0
 10
66096.02
 20
5195.62
 40
0.0
 41
0.0
 10
66096.02
 20
8630.62
 40
0.0
 41
0.0
 10
67296.02
 20
8630.62
 40
0.0
 41
0.0
 10
67296.02
 20
5465.62
 40
0.0
 41
80.0
 10
67296.02
 20
5765.62
 40
0.0
 41
0.0
  0
LINE
  5
51E
330
2
100
AcDbEntity
  8
STAIR
100
AcDbLine
 10
67846.02
 20
5330.62
 30
0.0
 11
67846.02
 21
8030.62
 31
0.0
  0
LINE
  5
51F
330
2
100
AcDbEntity
  8
STAIR
100
AcDbLine
 10
66806.02
 20
5600.62
 30
0.0
 11
67846.02
 21
5600.62
 31
0.0
  0
LINE
  5
520
330
2
100
AcDbEntity
  8
STAIR
100
AcDbLine
 10
66806.02
 20
5870.62
 30
0.0
 11
67846.02
 21
5870.62
 31
0.0
  0
LINE
  5
521
330
2
100
AcDbEntity
  8
STAIR
100
AcDbLine
 10
66806.02
 20
6140.62
 30
0.0
 11
67846.02
 21
6140.62
 31
0.0
  0
LINE
  5
522
330
2
100
AcDbEntity
  8
STAIR
100
AcDbLine
 10
66806.02
 20
6410.62
 30
0.0
 11
67846.02
 21
6410.62
 31
0.0
  0
LINE
  5
523
330
2
100
AcDbEntity
  8
STAIR
100
AcDbLine
 10
66806.02
 20
6680.62
 30
0.0
 11
67846.02
 21
6680.62
 31
0.0
  0
LINE
  5
524
330
2
100
AcDbEntity
  8
STAIR
100
AcDbLine
 10
66806.02
 20
6950.62
 30
0.0
 11
67846.02
 21
6950.62
 31
0.0
  0
LINE
  5
525
330
2
100
AcDbEntity
  8
STAIR
100
AcDbLine
 10
66806.02
 20
7220.62
 30
0.0
 11
67846.02
 21
7220.62
 31
0.0
  0
LINE
  5
526
330
2
100
AcDbEntity
  8
STAIR
100
AcDbLine
 10
66806.02
 20
7490.62
 30
0.0
 11
67846.02
 21
7490.62
 31
0.0
  0
LINE
  5
527
330
2
100
AcDbEntity
  8
STAIR
100
AcDbLine
 10
66806.02
 20
7760.62
 30
0.0
 11
67846.02
 21
7760.62
 31
0.0
  0
LINE
  5
528
330
2
100
AcDbEntity
  8
STAIR
100
AcDbLine
 10
66806.02
 20
8030.62
 30
0.0
 11
67846.02
 21
8030.62
 31
0.0
  0
LINE
  5
529
330
2
100
AcDbEntity
  8
STAIR
100
AcDbLine
 10
66746.02
 20
5330.62
 30
0.0
 11
66746.02
 21
8030.62
 31
0.0
  0
LINE
  5
52A
330
2
100
AcDbEntity
  8
STAIR
100
AcDbLine
 10
66806.02
 20
5330.62
 30
0.0
 11
67846.02
 21
5330.62
 31
0.0
  0
LINE
  5
52B
330
2
100
AcDbEntity
  8
STAIR
100
AcDbLine
 10
66746.02
 20
5330.62
 30
0.0
 11
66806.02
 21
5330.62
 31
0.0
  0
LINE
  5
52C
330
2
100
AcDbEntity
  8
STAIR
100
AcDbLine
 10
65546.02
 20
8030.62
 30
0.0
 11
65546.02
 21
5330.62
 31
0.0
  0
LINE
  5
52D
330
2
100
AcDbEntity
  8
STAIR
100
AcDbLine
 10
66586.02
 20
8030.62
 30
0.0
 11
65546.02
 21
8030.62
 31
0.0
  0
LINE
  5
52E
330
2
100
AcDbEntity
  8
STAIR
100
AcDbLine
 10
66586.02
 20
7760.62
 30
0.0
 11
65546.02
 21
7760.62
 31
0.0
  0
LINE
  5
52F
330
2
100
AcDbEntity
  8
STAIR
100
AcDbLine
 10
66586.02
 20
7490.62
 30
0.0
 11
65546.02
 21
7490.62
 31
0.0
  0
LINE
  5
530
330
2
100
AcDbEntity
  8
STAIR
100
AcDbLine
 10
66586.02
 20
7220.62
 30
0.0
 11
65546.02
 21
7220.62
 31
0.0
  0
LINE
  5
531
330
2
100
AcDbEntity
  8
STAIR
100
AcDbLine
 10
66586.02
 20
6950.62
 30
0.0
 11
65546.02
 21
6950.62
 31
0.0
  0
LINE
  5
532
330
2
100
AcDbEntity
  8
STAIR
100
AcDbLine
 10
66586.02
 20
6680.62
 30
0.0
 11
65546.02
 21
6680.62
 31
0.0
  0
LINE
  5
533
330
2
100
AcDbEntity
  8
STAIR
100
AcDbLine
 10
66586.02
 20
6410.62
 30
0.0
 11
65546.02
 21
6410.62
 31
0.0
  0
LINE
  5
534
330
2
100
AcDbEntity
  8
STAIR
100
AcDbLine
 10
66586.02
 20
6140.62
 30
0.0
 11
65546.02
 21
6140.62
 31
0.0
  0
LINE
  5
535
330
2
100
AcDbEntity
  8
STAIR
100
AcDbLine
 10
66586.02
 20
5870.62
 30
0.0
 11
65546.02
 21
5870.62
 31
0.0
  0
LINE
  5
536
330
2
100
AcDbEntity
  8
STAIR
100
AcDbLine
 10
66586.02
 20
5600.62
 30
0.0
 11
65546.02
 21
5600.62
 31
0.0
  0
LINE
  5
537
330
2
100
AcDbEntity
  8
STAIR
100
AcDbLine
 10
66586.02
 20
5330.62
 30
0.0
 11
65546.02
 21
5330.62
 31
0.0
  0
LINE
  5
538
330
2
100
AcDbEntity
  8
STAIR
100
AcDbLine
 10
66646.02
 20
8030.62
 30
0.0
 11
66646.02
 21
5330.62
 31
0.0
  0
LINE
  5
539
330
2
100
AcDbEntity
  8
STAIR
100
AcDbLine
 10
66746.02
 20
5330.62
 30
0.0
 11
66746.02
 21
8030.62
 31
0.0
  0
LINE
  5
53A
330
2
100
AcDbEntity
  8
STAIR
100
AcDbLine
 10
66746.02
 20
8030.62
 30
0.0
 11
66646.02
 21
8030.62
 31
0.0
  0
LINE
  5
53B
330
2
100
AcDbEntity
  8
STAIR
100
AcDbLine
 10
66646.02
 20
8030.62
 30
0.0
 11
66646.02
 21
5330.62
 31
0.0
  0
LINE
  5
53C
330
2
100
AcDbEntity
  8
STAIR
100
AcDbLine
 10
66646.02
 20
5330.62
 30
0.0
 11
67846.02
 21
5330.62
 31
0.0
  0
LINE
  5
53D
330
2
100
AcDbEntity
  8
STAIR
100
AcDbLine
 10
66806.02
 20
5330.62
 30
0.0
 11
66806.02
 21
8090.62
 31
0.0
  0
LINE
  5
53E
330
2
100
AcDbEntity
  8
STAIR
100
AcDbLine
 10
66806.02
 20
8090.62
 30
0.0
 11
66586.02
 21
8090.62
 31
0.0
  0
LINE
  5
53F
330
2
100
AcDbEntity
  8
STAIR
100
AcDbLine
 10
66586.02
 20
8090.62
 30
0.0
 11
66586.02
 21
5270.62
 31
0.0
  0
LINE
  5
540
330
2
100
AcDbEntity
  8
STAIR
100
AcDbLine
 10
66586.02
 20
5270.62
 30
0.0
 11
67846.02
 21
5270.62
 31
0.0
  0
LINE
  5
541
330
2
100
AcDbEntity
  8
STAIR
100
AcDbLine
 10
66746.02
 20
5330.62
 30
0.0
 11
66806.02
 21
5330.62
 31
0.0
  0
LINE
  5
542
330
2
100
AcDbEntity
  8
STAIR
100
AcDbLine
 10
67846.02
 20
5330.62
 30
0.0
 11
67846.02
 21
5270.62
 31
0.0
  0
LINE
  5
543
330
2
100
AcDbEntity
  8
STAIR
100
AcDbLine
 10
67846.02
 20
8030.62
 30
0.0
 11
67846.02
 21
9230.62
 31
0.0
  0
LINE
  5
544
330
2
100
AcDbEntity
  8
STAIR
100
AcDbLine
 10
67846.02
 20
9230.62
 30
0.0
 11
65546.02
 21
9230.62
 31
0.0
  0
LINE
  5
545
330
2
100
AcDbEntity
  8
STAIR
100
AcDbLine
 10
65546.02
 20
9230.62
 30
0.0
 11
65546.02
 21
8030.62
 31
0.0
  0
LINE
  5
546
330
2
100
AcDbEntity
  8
STAIR
100
AcDbLine
 10
65546.02
 20
8030.62
 30
0.0
 11
66586.02
 21
8030.62
 31
0.0
  0
LINE
  5
547
330
2
100
AcDbEntity
  8
STAIR
100
AcDbLine
 10
66806.02
 20
8030.62
 30
0.0
 11
67846.02
 21
8030.62
 31
0.0
  0
LINE
  5
548
330
2
100
AcDbEntity
  8
STAIR
100
AcDbLine
 10
66646.02
 20
8030.62
 30
0.0
 11
66746.02
 21
8030.62
 31
0.0
  0
LINE
  5
549
330
2
100
AcDbEntity
  8
STAIR
100
AcDbLine
 10
66746.02
 20
5330.62
 30
0.0
 11
66646.02
 21
5330.62
 31
0.0
  0
TEXT
  5
54A
330
2
100
AcDbEntity
  8
HT-A-ROOM-F01-NEW
100
AcDbText
 10
75704.54
 20
6937.92
 30
0.0
 40
482.27
  1
卧室
  7
_TCH_SPACE
100
AcDbText
  0
TEXT
  5
54B
330
2
100
AcDbEntity
  8
HT-A-ROOM-F01-NEW
100
AcDbText
 10
75400.71
 20
6426.05
 30
0.0
 40
297.5
  1
18.50m
 41
0.71
  7
_TCH_SPACE
100
AcDbText
  0
TEXT
  5
54C
330
2
100
AcDbEntity
  8
HT-A-ROOM-F01-NEW
100
AcDbText
 10
76560.71
 20
6601.05
 30
0.0
 40
148.75
  1
2
 41
0.71
  7
_TCH_SPACE
100
AcDbText
  0
TEXT
  5
54D
330
2
100
AcDbEntity
  8
HT-A-ROOM-F01-NEW
100
AcDbText
 10
67238.15
 20
382.96
 30
0.0
 40
482.27
  1
卧室
  7
_TCH_SPACE
100
AcDbText
  0
TEXT
  5
54E
330
2
100
AcDbEntity
  8
HT-A-ROOM-F01-NEW
100
AcDbText
 10
66934.32
 20
-128.91
 30
0.0
 40
297.5
  1
16.40m
 41
0.71
  7
_TCH_SPACE
100
AcDbText
  0
TEXT
  5
54F
330
2
100
AcDbEntity
  8
HT-A-ROOM-F01-NEW
100
AcDbText
 10
68094.32
 20
46.09
 30
0.0
 40
148.75
  1
2
 41
0.71
  7
_TCH_SPACE
100
AcDbText
  0
TEXT
  5
550
330
2
100
AcDbEntity
  8
HT-A-ROOM-F01-NEW
100
AcDbText
 10
68394.49
 20
7869.7
 30
0.0
 40
482.27
  1
卫生间
  7
_TCH_SPACE
100
AcDbText
  0
TEXT
  5
551
330
2
100
AcDbEntity
  8
HT-A-ROOM-F01-NEW
100
AcDbText
 10
68338.22
 20
7357.82
 30
0.0
 40
297.5
  1
5.55m
 41
0.71
  7
_TCH_SPACE
100
AcDbText
  0
TEXT
  5
552
330
2
100
AcDbEntity
  8
HT-A-ROOM-F01-NEW
100
AcDbText
 10
69338.22
 20
7532.82
 30
0.0
 40
148.75
  1
2
 41
0.71
  7
_TCH_SPACE
100
AcDbText
  0
LINE
  5
553
330
2
100
AcDbEntity
  8
HT-A-WALL-F01-NEW
100
AcDbLine
 10
78046.02
 20
4030.62
 30
0.0
 11
78046.02
 21
2730.62
 31
0.0
  0
LINE
  5
554
330
2
100
AcDbEntity
  8
HT-A-WALL-F01-NEW
100
AcDbLine
 10
77846.02
 20
4030.62
 30
0.0
 11
77846.02
 21
2730.62
 31
0.0
  0
INSERT
  5
555
330
2
100
AcDbEntity
  8
HT-A-COLUMN-F01-NEW
100
AcDbBlockReference
  2
_FZH
 10
74046.02
 20
2630.62
 30
0.0
 41
200.0
 42
200.0
 43
200.0
  0
INSERT
  5
556
330
2
100
AcDbEntity
  8
HT-A-COLUMN-F01-NEW
100
AcDbBlockReference
  2
_FZH
 10
74046.02
 20
4130.62
 30
0.0
 41
200.0
 42
200.0
 43
200.0
  0
INSERT
  5
557
330
2
100
AcDbEntity
  8
HT-A-COLUMN-F01-NEW
100
AcDbBlockReference
  2
_FZH
 10
65446.02
 20
4130.62
 30
0.0
 41
200.0
 42
200.0
 43
200.0
  0
INSERT
  5
558
330
2
100
AcDbEntity
  8
HT-A-COLUMN-F01-NEW
100
AcDbBlockReference
  2
_FZH
 10
65446.02
 20
9330.62
 30
0.0
 41
200.0
 42
200.0
 43
200.0
  0
INSERT
  5
559
330
2
100
AcDbEntity
  8
HT-A-COLUMN-F01-NEW
100
AcDbBlockReference
  2
_FZH
 10
74046.02
 20
9330.62
 30
0.0
 41
200.0
 42
200.0
 43
200.0
  0
INSERT
  5
55A
330
2
100
AcDbEntity
  8
HT-A-COLUMN-F01-NEW
100
AcDbBlockReference
  2
_FZH
 10
65446.02
 20
-1669.38
 30
0.0
 41
200.0
 42
200.0
 43
200.0
  0
INSERT
  5
55B
330
2
100
AcDbEntity
  8
HT-A-COLUMN-F01-NEW
100
AcDbBlockReference
  2
_FZH
 10
69646.02
 20
-1669.38
 30
0.0
 41
200.0
 42
200.0
 43
200.0
  0
INSERT
  5
55C
330
2
100
AcDbEntity
  8
HT-A-COLUMN-F01-NEW
100
AcDbBlockReference
  2
_FZH
 10
69646.02
 20
9330.62
 30
0.0
 41
200.0
 42
200.0
 43
200.0
  0
INSERT
  5
55D
330
2
100
AcDbEntity
  8
HT-A-COLUMN-F01-NEW
100
AcDbBlockReference
  2
_FZH
 10
71146.02
 20
2630.62
 30
0.0
 41
200.0
 42
200.0
 43
200.0
  0
LINE
  5
55E
330
2
100
AcDbEntity
  8
HT-A-AXIS-F01-NEW
100
AcDbLine
 10
65446.02
 20
-2669.38
 30
0.0
 11
65446.02
 21
-6669.38
 31
0.0
  0
INSERT
  5
55F
330
2
100
AcDbEntity
  8
HT-A-AXIS-F01-NEW
100
AcDbBlockReference
 66
     1
  2
_AXISO
 10
65446.02
 20
-7069.38
 30
0.0
 41
800.0
 42
800.0
 43
800.0
  0
ATTRIB
  5
560
330
55F
100
AcDbEntity
  8
HT-A-AXIS-TEXT-F01-NEW
100
AcDbText
 10
65381.17
 20
-7341.76
 30
0.0
 40
544.77
  1
1
 41
0.56
  7
_TCH_AXIS
 72
     5
 11
65510.88
 21
-7341.76
 31
0.0
100
AcDbAttribute
280
     0
  2
A
 70
     0
280
     0
  0
SEQEND
  5
561
330
55F
100
AcDbEntity
  8
HT-A-AXIS-F01-NEW
  0
LINE
  5
562
330
2
100
AcDbEntity
  8
HT-A-AXIS-F01-NEW
100
AcDbLine
 10
65446.02
 20
10330.62
 30
0.0
 11
65446.02
 21
14330.62
 31
0.0
  0
INSERT
  5
563
330
2
100
AcDbEntity
  8
HT-A-AXIS-F01-NEW
100
AcDbBlockReference
 66
     1
  2
_AXISO
 10
65446.02
 20
14730.62
 30
0.0
 41
800.0
 42
800.0
 43
800.0
  0
ATTRIB
  5
564
330
563
100
AcDbEntity
  8
HT-A-AXIS-TEXT-F01-NEW
100
AcDbText
 10
65381.17
 20
14458.24
 30
0.0
 40
544.77
  1
1
 41
0.56
  7
_TCH_AXIS
 72
     5
 11
65510.88
 21
14458.24
 31
0.0
100
AcDbAttribute
280
     0
  2
A
 70
     0
280
     0
  0
SEQEND
  5
565
330
563
100
AcDbEntity
  8
HT-A-AXIS-F01-NEW
  0
LINE
  5
566
330
2
100
AcDbEntity
  8
HT-A-AXIS-F01-NEW
100
AcDbLine
 10
69646.02
 20
-2669.38
 30
0.0
 11
69646.02
 21
-6669.38
 31
0.0
  0
INSERT
  5
567
330
2
100
AcDbEntity
  8
HT-A-AXIS-F01-NEW
100
AcDbBlockReference
 66
     1
  2
_AXISO
 10
69646.02
 20
-7069.38
 30
0.0
 41
800.0
 42
800.0
 43
800.0
  0
ATTRIB
  5
568
330
567
100
AcDbEntity
  8
HT-A-AXIS-TEXT-F01-NEW
100
AcDbText
 10
69490.71
 20
-7302.35
 30
0.0
 40
465.95
  1
2
  7
_TCH_AXIS
 72
     5
 11
69801.34
 21
-7302.35
 31
0.0
100
AcDbAttribute
280
     0
  2
A
 70
     0
280
     0
  0
SEQEND
  5
569
330
567
100
AcDbEntity
  8
HT-A-AXIS-F01-NEW
  0
LINE
  5
56A
330
2
100
AcDbEntity
  8
HT-A-AXIS-F01-NEW
100
AcDbLine
 10
69646.02
 20
10330.62
 30
0.0
 11
69646.02
 21
14330.62
 31
0.0
  0
INSERT
  5
56B
330
2
100
AcDbEntity
  8
HT-A-AXIS-F01-NEW
100
AcDbBlockReference
 66
     1
  2
_AXISO
 10
69646.02
 20
14730.62
 30
0.0
 41
800.0
 42
800.0
 43
800.0
  0
ATTRIB
  5
56C
330
56B
100
AcDbEntity
  8
HT-A-AXIS-TEXT-F01-NEW
100
AcDbText
 10
69490.71
 20
14497.65
 30
0.0
 40
465.95
  1
2
  7
_TCH_AXIS
 72
     5
 11
69801.34
 21
14497.65
 31
0.0
100
AcDbAttribute
280
     0
  2
A
 70
     0
280
     0
  0
SEQEND
  5
56D
330
56B
100
AcDbEntity
  8
HT-A-AXIS-F01-NEW
  0
LINE
  5
56E
330
2
100
AcDbEntity
  8
HT-A-AXIS-F01-NEW
100
AcDbLine
 10
74046.02
 20
-2669.38
 30
0.0
 11
74046.02
 21
-6669.38
 31
0.0
  0
INSERT
  5
56F
330
2
100
AcDbEntity
  8
HT-A-AXIS-F01-NEW
100
AcDbBlockReference
 66
     1
  2
_AXISO
 10
74046.02
 20
-7069.38
 30
0.0
 41
800.0
 42
800.0
 43
800.0
  0
ATTRIB
  5
570
330
56F
100
AcDbEntity
  8
HT-A-AXIS-TEXT-F01-NEW
100
AcDbText
 10
73890.71
 20
-7302.35
 30
0.0
 40
465.95
  1
3
  7
_TCH_AXIS
 72
     5
 11
74201.34
 21
-7302.35
 31
0.0
100
AcDbAttribute
280
     0
  2
A
 70
     0
280
     0
  0
SEQEND
  5
571
330
56F
100
AcDbEntity
  8
HT-A-AXIS-F01-NEW
  0
LINE
  5
572
330
2
100
AcDbEntity
  8
HT-A-AXIS-F01-NEW
100
AcDbLine
 10
74046.02
 20
10330.62
 30
0.0
 11
74046.02
 21
14330.62
 31
0.0
  0
INSERT
  5
573
330
2
100
AcDbEntity
  8
HT-A-AXIS-F01-NEW
100
AcDbBlockReference
 66
     1
  2
_AXISO
 10
74046.02
 20
14730.62
 30
0.0
 41
800.0
 42
800.0
 43
800.0
  0
ATTRIB
  5
574
330
573
100
AcDbEntity
  8
HT-A-AXIS-TEXT-F01-NEW
100
AcDbText
 10
73890.71
 20
14497.65
 30
0.0
 40
465.95
  1
3
  7
_TCH_AXIS
 72
     5
 11
74201.34
 21
14497.65
 31
0.0
100
AcDbAttribute
280
     0
  2
A
 70
     0
280
     0
  0
SEQEND
  5
575
330
573
100
AcDbEntity
  8
HT-A-AXIS-F01-NEW
  0
LINE
  5
576
330
2
100
AcDbEntity
  8
HT-A-AXIS-F01-NEW
100
AcDbLine
 10
77946.02
 20
-2669.38
 30
0.0
 11
77946.02
 21
-6669.38
 31
0.0
  0
INSERT
  5
577
330
2
100
AcDbEntity
  8
HT-A-AXIS-F01-NEW
100
AcDbBlockReference
 66
     1
  2
_AXISO
 10
77946.02
 20
-7069.38
 30
0.0
 41
800.0
 42
800.0
 43
800.0
  0
ATTRIB
  5
578
330
577
100
AcDbEntity
  8
HT-A-AXIS-TEXT-F01-NEW
100
AcDbText
 10
77783.28
 20
-7297.22
 30
0.0
 40
455.69
  1
4
 41
0.94
  7
_TCH_AXIS
 72
     5
 11
78108.77
 21
-7297.22
 31
0.0
100
AcDbAttribute
280
     0
  2
A
 70
     0
280
     0
  0
SEQEND
  5
579
330
577
100
AcDbEntity
  8
HT-A-AXIS-F01-NEW
  0
LINE
  5
57A
330
2
100
AcDbEntity
  8
HT-A-AXIS-F01-NEW
100
AcDbLine
 10
77946.02
 20
10330.62
 30
0.0
 11
77946.02
 21
14330.62
 31
0.0
  0
INSERT
  5
57B
330
2
100
AcDbEntity
  8
HT-A-AXIS-F01-NEW
100
AcDbBlockReference
 66
     1
  2
_AXISO
 10
77946.02
 20
14730.62
 30
0.0
 41
800.0
 42
800.0
 43
800.0
  0
ATTRIB
  5
57C
330
57B
100
AcDbEntity
  8
HT-A-AXIS-TEXT-F01-NEW
100
AcDbText
 10
77783.28
 20
14502.78
 30
0.0
 40
455.69
  1
4
 41
0.94
  7
_TCH_AXIS
 72
     5
 11
78108.77
 21
14502.78
 31
0.0
100
AcDbAttribute
280
     0
  2
A
 70
     0
280
     0
  0
SEQEND
  5
57D
330
57B
100
AcDbEntity
  8
HT-A-AXIS-F01-NEW
  0
LINE
  5
57E
330
2
100
AcDbEntity
  8
HT-A-AXIS-F01-NEW
100
AcDbLine
 10
64946.02
 20
-1669.38
 30
0.0
 11
60946.02
 21
-1669.38
 31
0.0
  0
INSERT
  5
57F
330
2
100
AcDbEntity
  8
HT-A-AXIS-F01-NEW
100
AcDbBlockReference
 66
     1
  2
_AXISO
 10
60546.02
 20
-1669.38
 30
0.0
 41
800.0
 42
800.0
 43
800.0
  0
ATTRIB
  5
580
330
57F
100
AcDbEntity
  8
HT-A-AXIS-TEXT-F01-NEW
100
AcDbText
 10
60376.33
 20
-1892.1
 30
0.0
 40
445.44
  1
A
 41
0.89
  7
_TCH_AXIS
 72
     5
 11
60715.72
 21
-1892.1
 31
0.0
100
AcDbAttribute
280
     0
  2
A
 70
     0
280
     0
  0
SEQEND
  5
581
330
57F
100
AcDbEntity
  8
HT-A-AXIS-F01-NEW
  0
LINE
  5
582
330
2
100
AcDbEntity
  8
HT-A-AXIS-F01-NEW
100
AcDbLine
 10
78946.02
 20
-1669.38
 30
0.0
 11
82946.02
 21
-1669.38
 31
0.0
  0
INSERT
  5
583
330
2
100
AcDbEntity
  8
HT-A-AXIS-F01-NEW
100
AcDbBlockReference
 66
     1
  2
_AXISO
 10
83346.02
 20
-1669.38
 30
0.0
 41
800.0
 42
800.0
 43
800.0
  0
ATTRIB
  5
584
330
583
100
AcDbEntity
  8
HT-A-AXIS-TEXT-F01-NEW
100
AcDbText
 10
83176.33
 20
-1892.1
 30
0.0
 40
445.44
  1
A
 41
0.89
  7
_TCH_AXIS
 72
     5
 11
83515.72
 21
-1892.1
 31
0.0
100
AcDbAttribute
280
     0
  2
A
 70
     0
280
     0
  0
SEQEND
  5
585
330
583
100
AcDbEntity
  8
HT-A-AXIS-F01-NEW
  0
LINE
  5
586
330
2
100
AcDbEntity
  8
HT-A-AXIS-F01-NEW
100
AcDbLine
 10
64946.02
 20
830.62
 30
0.0
 11
60946.02
 21
830.62
 31
0.0
  0
INSERT
  5
587
330
2
100
AcDbEntity
  8
HT-A-AXIS-F01-NEW
100
AcDbBlockReference
 66
     1
  2
_AXISO
 10
60546.02
 20
830.62
 30
0.0
 41
800.0
 42
800.0
 43
800.0
  0
ATTRIB
  5
588
330
587
100
AcDbEntity
  8
HT-A-AXIS-TEXT-F01-NEW
100
AcDbText
 10
60390.71
 20
597.65
 30
0.0
 40
465.95
  1
B
 41
0.82
  7
_TCH_AXIS
 72
     5
 11
60701.34
 21
597.65
 31
0.0
100
AcDbAttribute
280
     0
  2
A
 70
     0
280
     0
  0
SEQEND
  5
589
330
587
100
AcDbEntity
  8
HT-A-AXIS-F01-NEW
  0
LINE
  5
58A
330
2
100
AcDbEntity
  8
HT-A-AXIS-F01-NEW
100
AcDbLine
 10
78946.02
 20
830.62
 30
0.0
 11
82946.02
 21
830.62
 31
0.0
  0
INSERT
  5
58B
330
2
100
AcDbEntity
  8
HT-A-AXIS-F01-NEW
100
AcDbBlockReference
 66
     1
  2
_AXISO
 10
83346.02
 20
830.62
 30
0.0
 41
800.0
 42
800.0
 43
800.0
  0
ATTRIB
  5
58C
330
58B
100
AcDbEntity
  8
HT-A-AXIS-TEXT-F01-NEW
100
AcDbText
 10
83190.71
 20
597.65
 30
0.0
 40
465.95
  1
B
 41
0.82
  7
_TCH_AXIS
 72
     5
 11
83501.34
 21
597.65
 31
0.0
100
AcDbAttribute
280
     0
  2
A
 70
     0
280
     0
  0
SEQEND
  5
58D
330
58B
100
AcDbEntity
  8
HT-A-AXIS-F01-NEW
  0
LINE
  5
58E
330
2
100
AcDbEntity
  8
HT-A-AXIS-F01-NEW
100
AcDbLine
 10
64946.02
 20
2630.62
 30
0.0
 11
60946.02
 21
2630.62
 31
0.0
  0
INSERT
  5
58F
330
2
100
AcDbEntity
  8
HT-A-AXIS-F01-NEW
100
AcDbBlockReference
 66
     1
  2
_AXISO
 10
60546.02
 20
2630.62
 30
0.0
 41
800.0
 42
800.0
 43
800.0
  0
ATTRIB
  5
590
330
58F
100
AcDbEntity
  8
HT-A-AXIS-TEXT-F01-NEW
100
AcDbText
 10
60383.28
 20
2402.78
 30
0.0
 40
455.69
  1
C
  7
_TCH_AXIS
 72
     5
 11
60708.77
 21
2402.78
 31
0.0
100
AcDbAttribute
280
     0
  2
A
 70
     0
280
     0
  0
SEQEND
  5
591
330
58F
100
AcDbEntity
  8
HT-A-AXIS-F01-NEW
  0
LINE
  5
592
330
2
100
AcDbEntity
  8
HT-A-AXIS-F01-NEW
100
AcDbLine
 10
78946.02
 20
2630.62
 30
0.0
 11
82946.02
 21
2630.62
 31
0.0
  0
INSERT
  5
593
330
2
100
AcDbEntity
  8
HT-A-AXIS-F01-NEW
100
AcDbBlockReference
 66
     1
  2
_AXISO
 10
83346.02
 20
2630.62
 30
0.0
 41
800.0
 42
800.0
 43
800.0
  0
ATTRIB
  5
594
330
593
100
AcDbEntity
  8
HT-A-AXIS-TEXT-F01-NEW
100
AcDbText
 10
83183.28
 20
2402.78
 30
0.0
 40
455.69
  1
C
  7
_TCH_AXIS
 72
     5
 11
83508.77
 21
2402.78
 31
0.0
100
AcDbAttribute
280
     0
  2
A
 70
     0
280
     0
  0
SEQEND
  5
595
330
593
100
AcDbEntity
  8
HT-A-AXIS-F01-NEW
  0
LINE
  5
596
330
2
100
AcDbEntity
  8
HT-A-AXIS-F01-NEW
100
AcDbLine
 10
64946.02
 20
4130.62
 30
0.0
 11
60946.02
 21
4130.62
 31
0.0
  0
INSERT
  5
597
330
2
100
AcDbEntity
  8
HT-A-AXIS-F01-NEW
100
AcDbBlockReference
 66
     1
  2
_AXISO
 10
60546.02
 20
4130.62
 30
0.0
 41
800.0
 42
800.0
 43
800.0
  0
ATTRIB
  5
598
330
597
100
AcDbEntity
  8
HT-A-AXIS-TEXT-F01-NEW
100
AcDbText
 10
60390.71
 20
3897.65
 30
0.0
 40
465.95
  1
D
 41
0.82
  7
_TCH_AXIS
 72
     5
 11
60701.34
 21
3897.65
 31
0.0
100
AcDbAttribute
280
     0
  2
A
 70
     0
280
     0
  0
SEQEND
  5
599
330
597
100
AcDbEntity
  8
HT-A-AXIS-F01-NEW
  0
LINE
  5
59A
330
2
100
AcDbEntity
  8
HT-A-AXIS-F01-NEW
100
AcDbLine
 10
78946.02
 20
4130.62
 30
0.0
 11
82946.02
 21
4130.62
 31
0.0
  0
INSERT
  5
59B
330
2
100
AcDbEntity
  8
HT-A-AXIS-F01-NEW
100
AcDbBlockReference
 66
     1
  2
_AXISO
 10
83346.02
 20
4130.62
 30
0.0
 41
800.0
 42
800.0
 43
800.0
  0
ATTRIB
  5
59C
330
59B
100
AcDbEntity
  8
HT-A-AXIS-TEXT-F01-NEW
100
AcDbText
 10
83190.71
 20
3897.65
 30
0.0
 40
465.95
  1
D
 41
0.82
  7
_TCH_AXIS
 72
     5
 11
83501.34
 21
3897.65
 31
0.0
100
AcDbAttribute
280
     0
  2
A
 70
     0
280
     0
  0
SEQEND
  5
59D
330
59B
100
AcDbEntity
  8
HT-A-AXIS-F01-NEW
  0
LINE
  5
59E
330
2
100
AcDbEntity
  8
HT-A-AXIS-F01-NEW
100
AcDbLine
 10
64946.02
 20
9330.62
 30
0.0
 11
60946.02
 21
9330.62
 31
0.0
  0
INSERT
  5
59F
330
2
100
AcDbEntity
  8
HT-A-AXIS-F01-NEW
100
AcDbBlockReference
 66
     1
  2
_AXISO
 10
60546.02
 20
9330.62
 30
0.0
 41
800.0
 42
800.0
 43
800.0
  0
ATTRIB
  5
5A0
330
59F
100
AcDbEntity
  8
HT-A-AXIS-TEXT-F01-NEW
100
AcDbText
 10
60398.64
 20
9092.55
 30
0.0
 40
476.15
  1
E
 41
0.81
  7
_TCH_AXIS
 72
     5
 11
60693.4
 21
9092.55
 31
0.0
100
AcDbAttribute
280
     0
  2
A
 70
     0
280
     0
  0
SEQEND
  5
5A1
330
59F
100
AcDbEntity
  8
HT-A-AXIS-F01-NEW
  0
LINE
  5
5A2
330
2
100
AcDbEntity
  8
HT-A-AXIS-F01-NEW
100
AcDbLine
 10
78946.02
 20
9330.62
 30
0.0
 11
82946.02
 21
9330.62
 31
0.0
  0
INSERT
  5
5A3
330
2
100
AcDbEntity
  8
HT-A-AXIS-F01-NEW
100
AcDbBlockReference
 66
     1
  2
_AXISO
 10
83346.02
 20
9330.62
 30
0.0
 41
800.0
 42
800.0
 43
800.0
  0
ATTRIB
  5
5A4
330
5A3
100
AcDbEntity
  8
HT-A-AXIS-TEXT-F01-NEW
100
AcDbText
 10
83198.64
 20
9092.55
 30
0.0
 40
476.15
  1
E
 41
0.81
  7
_TCH_AXIS
 72
     5
 11
83493.4
 21
9092.55
 31
0.0
100
AcDbAttribute
280
     0
  2
A
 70
     0
280
     0
  0
SEQEND
  5
5A5
330
5A3
100
AcDbEntity
  8
HT-A-AXIS-F01-NEW
  0
TEXT
  5
5A6
330
2
100
AcDbEntity
  8
HT-A-ROOM-F01-NEW
100
AcDbText
 10
66222.62
 20
8730.62
 30
0.0
 40
482.27
  1
楼梯间
  7
_TCH_SPACE
100
AcDbText
  0
TEXT
  5
5A7
330
2
100
AcDbEntity
  8
HT-A-ROOM-F01-NEW
100
AcDbText
 10
66161.02
 20
8218.75
 30
0.0
 40
297.5
  1
9.89m
 41
0.71
  7
_TCH_SPACE
100
AcDbText
  0
TEXT
  5
5A8
330
2
100
AcDbEntity
  8
HT-A-ROOM-F01-NEW
100
AcDbText
 10
67161.02
 20
8393.75
 30
0.0
 40
148.75
  1
2
 41
0.71
  7
_TCH_SPACE
100
AcDbText
  0
LINE
  5
5A9
330
2
100
AcDbEntity
  8
HT-A-WALL-F01-NEW
100
AcDbLine
 10
65546.02
 20
2730.62
 30
0.0
 11
65546.02
 21
2930.62
 31
0.0
  0
LINE
  5
5AA
330
2
100
AcDbEntity
  8
HT-A-WALL-F01-NEW
100
AcDbLine
 10
65546.02
 20
2930.62
 30
0.0
 11
65346.02
 21
2930.62
 31
0.0
  0
LINE
  5
5AB
330
2
100
AcDbEntity
  8
HT-A-WALL-F01-NEW
100
AcDbLine
 10
65346.02
 20
2930.62
 30
0.0
 11
65346.02
 21
2630.62
 31
0.0
  0
LINE
  5
5AC
330
2
100
AcDbEntity
  8
HT-A-WALL-F01-NEW
100
AcDbLine
 10
65346.02
 20
4030.62
 30
0.0
 11
65346.02
 21
3830.62
 31
0.0
  0
LINE
  5
5AD
330
2
100
AcDbEntity
  8
HT-A-WALL-F01-NEW
100
AcDbLine
 10
65346.02
 20
3830.62
 30
0.0
 11
65546.02
 21
3830.62
 31
0.0
  0
LINE
  5
5AE
330
2
100
AcDbEntity
  8
HT-A-WALL-F01-NEW
100
AcDbLine
 10
65546.02
 20
3830.62
 30
0.0
 11
65546.02
 21
4030.62
 31
0.0
  0
LINE
  5
5AF
330
2
100
AcDbEntity
  8
HT-A-WALL-F01-NEW
100
AcDbLine
 10
69546.02
 20
5530.62
 30
0.0
 11
68946.02
 21
5530.62
 31
0.0
  0
LINE
  5
5B0
330
2
100
AcDbEntity
  8
HT-A-WALL-F01-NEW
100
AcDbLine
 10
68946.02
 20
5530.62
 30
0.0
 11
68946.02
 21
5330.62
 31
0.0
  0
LINE
  5
5B1
330
2
100
AcDbEntity
  8
HT-A-WALL-F01-NEW
100
AcDbLine
 10
68946.02
 20
5330.62
 30
0.0
 11
69546.02
 21
5330.62
 31
0.0
  0
LINE
  5
5B2
330
2
100
AcDbEntity
  8
HT-A-WALL-F01-NEW
100
AcDbLine
 10
67846.02
 20
5330.62
 30
0.0
 11
68146.02
 21
5330.62
 31
0.0
  0
LINE
  5
5B3
330
2
100
AcDbEntity
  8
HT-A-WALL-F01-NEW
100
AcDbLine
 10
68146.02
 20
5330.62
 30
0.0
 11
68146.02
 21
5530.62
 31
0.0
  0
LINE
  5
5B4
330
2
100
AcDbEntity
  8
HT-A-WALL-F01-NEW
100
AcDbLine
 10
68146.02
 20
5530.62
 30
0.0
 11
68046.02
 21
5530.62
 31
0.0
  0
LINE
  5
5B5
330
2
100
AcDbEntity
  8
HT-A-WALL-F01-NEW
100
AcDbLine
 10
77946.02
 20
2630.62
 30
0.0
 11
77946.02
 21
2630.62
 31
0.0
  0
LINE
  5
5B6
330
2
100
AcDbEntity
  8
HT-A-WALL-F01-NEW
100
AcDbLine
 10
77946.02
 20
2530.62
 30
0.0
 11
77946.02
 21
2530.62
 31
0.0
  0
LINE
  5
5B7
330
2
100
AcDbEntity
  8
HT-A-WALL-F01-NEW
100
AcDbLine
 10
77946.02
 20
2580.62
 30
0.0
 11
77946.02
 21
2580.62
 31
0.0
  0
LINE
  5
5B8
330
2
100
AcDbEntity
  8
HT-A-WALL-F01-NEW
100
AcDbLine
 10
69746.02
 20
2530.62
 30
0.0
 11
69746.02
 21
2730.62
 31
0.0
  0
LINE
  5
5B9
330
2
100
AcDbEntity
  8
HT-A-WALL-F01-NEW
100
AcDbLine
 10
69746.02
 20
2730.62
 30
0.0
 11
69646.02
 21
2730.62
 31
0.0
  0
LINE
  5
5BA
330
2
100
AcDbEntity
  8
HT-A-WALL-F01-NEW
100
AcDbLine
 10
71046.02
 20
2530.62
 30
0.0
 11
71246.02
 21
2530.62
 31
0.0
  0
LINE
  5
5BB
330
2
100
AcDbEntity
  8
HT-A-WALL-F01-NEW
100
AcDbLine
 10
71246.02
 20
2530.62
 30
0.0
 11
71246.02
 21
2730.62
 31
0.0
  0
LINE
  5
5BC
330
2
100
AcDbEntity
  8
HT-A-WALL-F01-NEW
100
AcDbLine
 10
71246.02
 20
2730.62
 30
0.0
 11
71046.02
 21
2730.62
 31
0.0
  0
LINE
  5
5BD
330
2
100
AcDbEntity
  8
HT-A-WALL-F01-NEW
100
AcDbLine
 10
71046.02
 20
2730.62
 30
0.0
 11
71046.02
 21
2530.62
 31
0.0
  0
LINE
  5
5BE
330
2
100
AcDbEntity
  8
HT-A-WALL-F01-NEW
100
AcDbLine
 10
73946.02
 20
2530.62
 30
0.0
 11
74146.02
 21
2530.62
 31
0.0
  0
LINE
  5
5BF
330
2
100
AcDbEntity
  8
HT-A-WALL-F01-NEW
100
AcDbLine
 10
74146.02
 20
2530.62
 30
0.0
 11
74146.02
 21
2730.62
 31
0.0
  0
LINE
  5
5C0
330
2
100
AcDbEntity
  8
HT-A-WALL-F01-NEW
100
AcDbLine
 10
74146.02
 20
2730.62
 30
0.0
 11
73946.02
 21
2730.62
 31
0.0
  0
LINE
  5
5C1
330
2
100
AcDbEntity
  8
HT-A-WALL-F01-NEW
100
AcDbLine
 10
73946.02
 20
2730.62
 30
0.0
 11
73946.02
 21
2530.62
 31
0.0
  0
LINE
  5
5C2
330
2
100
AcDbEntity
  8
HT-A-WALL-F01-NEW
100
AcDbLine
 10
69746.02
 20
5430.62
 30
0.0
 11
69746.02
 21
4230.62
 31
0.0
  0
LINE
  5
5C3
330
2
100
AcDbEntity
  8
HT-A-WALL-F01-NEW
100
AcDbLine
 10
69546.02
 20
5330.62
 30
0.0
 11
69546.02
 21
4230.62
 31
0.0
  0
INSERT
  5
5C4
330
2
100
AcDbEntity
  8
HT-A-WIND-F01-NEW
100
AcDbBlockReference
 66
     1
  2
$TCHSYS$WIN2D
 10
75996.02
 20
9330.62
 30
0.0
 41
1800.0
 42
200.0
 43
1800.0
1001
WTHICK
1040
200.0
  0
ATTRIB
  5
5C5
330
5C4
100
AcDbEntity
  8
HT-A-WIND-TEXT-F01-NEW
100
AcDbText
 10
75801.02
 20
9006.87
 30
0.0
 40
297.5
  1

 41
0.71
  7
_TCH_WINDOW
100
AcDbAttribute
280
     0
  2
A
 70
     0
280
     0
  0
SEQEND
  5
5C6
330
5C4
100
AcDbEntity
  8
HT-A-WIND-F01-NEW
  0
TEXT
  5
5C7
330
2
100
AcDbEntity
  8
HT-A-ROOM-F01-NEW
100
AcDbText
 10
71488.16
 20
6789.18
 30
0.0
 40
482.27
  1
卧室
  7
_TCH_SPACE
100
AcDbText
  0
TEXT
  5
5C8
330
2
100
AcDbEntity
  8
HT-A-ROOM-F01-NEW
100
AcDbText
 10
71184.34
 20
6277.3
 30
0.0
 40
297.5
  1
21.00m
 41
0.71
  7
_TCH_SPACE
100
AcDbText
  0
TEXT
  5
5C9
330
2
100
AcDbEntity
  8
HT-A-ROOM-F01-NEW
100
AcDbText
 10
72344.34
 20
6452.3
 30
0.0
 40
148.75
  1
2
 41
0.71
  7
_TCH_SPACE
100
AcDbText
  0
INSERT
  5
5CA
330
2
100
AcDbEntity
  8
HT-A-WIND-F01-NEW
100
AcDbBlockReference
 66
     1
  2
$DorLib2D$00000001
 10
68946.02
 20
2630.62
 30
0.0
 41
1000.0
 42
-1000.0
 43
1000.0
 50
360.0
1001
WTHICK
1040
200.0
  0
ATTRIB
  5
5CB
330
5CA
100
AcDbEntity
  8
HT-A-WIND-TEXT-F01-NEW
100
AcDbText
 10
68751.02
 20
2756.87
 30
0.0
 40
297.5
  1

 41
0.71
  7
_TCH_WINDOW
100
AcDbAttribute
280
     0
  2
A
 70
     0
280
     0
  0
SEQEND
  5
5CC
330
5CA
100
AcDbEntity
  8
HT-A-WIND-F01-NEW
  0
INSERT
  5
5CD
330
2
100
AcDbEntity
  8
HT-A-WIND-F01-NEW
100
AcDbBlockReference
 66
     1
  2
$DorLib2D$00000001
 10
73346.02
 20
4130.62
 30
0.0
 41
-1000.0
 42
-1000.0
 43
-1000.0
 50
180.0
1001
WTHICK
1040
200.0
  0
ATTRIB
  5
5CE
330
5CD
100
AcDbEntity
  8
HT-A-WIND-TEXT-F01-NEW
100
AcDbText
 10
73151.02
 20
3606.87
 30
0.0
 40
297.5
  1

 41
0.71
  7
_TCH_WINDOW
100
AcDbAttribute
280
     0
  2
A
 70
     0
280
     0
  0
SEQEND
  5
5CF
330
5CD
100
AcDbEntity
  8
HT-A-WIND-F01-NEW
  0
TEXT
  5
5D0
330
2
100
AcDbEntity
  8
HT-A-ROOM-F01-NEW
100
AcDbText
 10
67224.86
 20
4247.17
 30
0.0
 40
482.27
  1
过厅
  7
_TCH_SPACE
100
AcDbText
  0
TEXT
  5
5D1
330
2
100
AcDbEntity
  8
HT-A-ROOM-F01-NEW
100
AcDbText
 10
66934.32
 20
3735.3
 30
0.0
 40
297.5
  1
10.40m
 41
0.71
  7
_TCH_SPACE
100
AcDbText
  0
TEXT
  5
5D2
330
2
100
AcDbEntity
  8
HT-A-ROOM-F01-NEW
100
AcDbText
 10
68094.32
 20
3910.3
 30
0.0
 40
148.75
  1
2
 41
0.71
  7
_TCH_SPACE
100
AcDbText
  0
INSERT
  5
5D3
330
2
100
AcDbEntity
  8
HT-A-WIND-F01-NEW
100
AcDbBlockReference
 66
     1
  2
$DorLib2D$00000001
 10
74746.02
 20
4130.62
 30
0.0
 41
1000.0
 42
-1000.0
 43
1000.0
 50
180.0
1001
WTHICK
1040
200.0
  0
ATTRIB
  5
5D4
330
5D3
100
AcDbEntity
  8
HT-A-WIND-TEXT-F01-NEW
100
AcDbText
 10
74551.02
 20
3606.87
 30
0.0
 40
297.5
  1

 41
0.71
  7
_TCH_WINDOW
100
AcDbAttribute
280
     0
  2
A
 70
     0
280
     0
  0
SEQEND
  5
5D5
330
5D3
100
AcDbEntity
  8
HT-A-WIND-F01-NEW
  0
INSERT
  5
5D6
330
2
100
AcDbEntity
  8
HT-A-WIND-F01-NEW
100
AcDbBlockReference
 66
     1
  2
$TCHSYS$WIN2D
 10
65446.02
 20
3380.62
 30
0.0
 41
900.0
 42
200.0
 43
900.0
 50
90.0
1001
WTHICK
1040
200.0
  0
ATTRIB
  5
5D7
330
5D6
100
AcDbEntity
  8
HT-A-WIND-TEXT-F01-NEW
100
AcDbText
 10
65969.77
 20
3185.62
 30
0.0
 40
297.5
  1

 50
90.0
 41
0.71
  7
_TCH_WINDOW
100
AcDbAttribute
280
     0
  2
A
 70
     0
280
     0
  0
SEQEND
  5
5D8
330
5D6
100
AcDbEntity
  8
HT-A-WIND-F01-NEW
  0
INSERT
  5
5D9
330
2
100
AcDbEntity
  8
HT-A-WIND-F01-NEW
100
AcDbBlockReference
 66
     1
  2
$TCHSYS$WIN2D
 10
72596.02
 20
2630.62
 30
0.0
 41
2700.0
 42
200.0
 43
2700.0
 50
360.0
1001
WTHICK
1040
200.0
  0
ATTRIB
  5
5DA
330
5D9
100
AcDbEntity
  8
HT-A-WIND-TEXT-F01-NEW
100
AcDbText
 10
72401.02
 20
2106.87
 30
0.0
 40
297.5
  1

 41
0.71
  7
_TCH_WINDOW
100
AcDbAttribute
280
     0
  2
A
 70
     0
280
     0
  0
SEQEND
  5
5DB
330
5D9
100
AcDbEntity
  8
HT-A-WIND-F01-NEW
  0
INSERT
  5
5DC
330
2
100
AcDbEntity
  8
HT-A-WIND-F01-NEW
100
AcDbBlockReference
 66
     1
  2
$TCHSYS$WIN2D
 10
75996.02
 20
2630.62
 30
0.0
 41
3700.0
 42
200.0
 43
3700.0
 50
360.0
1001
WTHICK
1040
200.0
  0
ATTRIB
  5
5DD
330
5DC
100
AcDbEntity
  8
HT-A-WIND-TEXT-F01-NEW
100
AcDbText
 10
75801.02
 20
2106.87
 30
0.0
 40
297.5
  1

 41
0.71
  7
_TCH_WINDOW
100
AcDbAttribute
280
     0
  2
A
 70
     0
280
     0
  0
SEQEND
  5
5DE
330
5DC
100
AcDbEntity
  8
HT-A-WIND-F01-NEW
  0
INSERT
  5
5DF
330
2
100
AcDbEntity
  8
HT-A-WIND-F01-NEW
100
AcDbBlockReference
 66
     1
  2
$TCHSYS$WIN2D
 10
70396.02
 20
2630.62
 30
0.0
 41
-1300.0
 42
200.0
 43
-1300.0
 50
360.0
1001
WTHICK
1040
200.0
  0
ATTRIB
  5
5E0
330
5DF
100
AcDbEntity
  8
HT-A-WIND-TEXT-F01-NEW
100
AcDbText
 10
70201.02
 20
2106.87
 30
0.0
 40
297.5
  1

 41
0.71
  7
_TCH_WINDOW
100
AcDbAttribute
280
     0
  2
A
 70
     0
280
     0
  0
SEQEND
  5
5E1
330
5DF
100
AcDbEntity
  8
HT-A-WIND-F01-NEW
  0
TEXT
  5
5E2
330
2
100
AcDbEntity
  8
HT-A-ROOM-F01-NEW
100
AcDbText
 10
49628.16
 20
-5094.17
 30
0.0
 40
482.27
  1
一层平面图
  7
_TCH_SPACE
100
AcDbText
  0
TEXT
  5
5E3
330
2
100
AcDbEntity
  8
HT-A-ROOM-F01-NEW
100
AcDbText
 10
83367.74
 20
-6294.17
 30
0.0
 40
482.27
  1
二层平面图
  7
_TCH_SPACE
100
AcDbText
  0
LINE
  5
5E4
330
2
100
AcDbEntity
  8
HT-A-WALL-F01-NEW
100
AcDbLine
 10
65346.02
 20
-1569.38
 30
0.0
 11
65346.02
 21
2630.62
 31
0.0
  0
LINE
  5
5E5
330
2
100
AcDbEntity
  8
HT-A-WALL-F01-NEW
100
AcDbLine
 10
65546.02
 20
-1569.38
 30
0.0
 11
65546.02
 21
2530.62
 31
0.0
  0
INSERT
  5
5E6
330
2
100
AcDbEntity
  8
HT-A-WIND-F01-NEW
100
AcDbBlockReference
 66
     1
  2
$TCHSYS$WIN2D
 10
67546.02
 20
-1669.38
 30
0.0
 41
2700.0
 42
200.0
 43
2700.0
1001
WTHICK
1040
200.0
  0
ATTRIB
  5
5E7
330
5E6
100
AcDbEntity
  8
HT-A-WIND-TEXT-F01-NEW
100
AcDbText
 10
67351.02
 20
-2093.13
 30
0.0
 40
297.5
  1

 41
0.71
  7
_TCH_WINDOW
100
AcDbAttribute
280
     0
  2
A
 70
     0
280
     0
  0
SEQEND
  5
5E8
330
5E6
100
AcDbEntity
  8
HT-A-WIND-F01-NEW
  0
INSERT
  5
5E9
330
2
100
AcDbEntity
  8
HT-A-WIND-F01-NEW
100
AcDbBlockReference
 66
     1
  2
$DorLib2D$00000131
 10
33806.44
 20
830.62
 30
0.0
 41
1800.0
 42
200.0
 43
1800.0
1001
WTHICK
1040
200.0
  0
ATTRIB
  5
5EA
330
5E9
100
AcDbEntity
  8
HT-A-WIND-TEXT-F01-NEW
100
AcDbText
 10
33611.44
 20
306.87
 30
0.0
 40
297.5
  1

 41
0.71
  7
_TCH_WINDOW
100
AcDbAttribute
280
     0
  2
A
 70
     0
280
     0
  0
SEQEND
  5
5EB
330
5E9
100
AcDbEntity
  8
HT-A-WIND-F01-NEW
  0
INSERT
  5
5EC
330
2
100
AcDbEntity
  8
HT-A-WIND-F01-NEW
100
AcDbBlockReference
 66
     1
  2
$TCHSYS$WIN2D
 10
35906.44
 20
3030.62
 30
0.0
 41
-1200.0
 42
-200.0
 43
-1200.0
 50
270.0
1001
WTHICK
1040
200.0
  0
ATTRIB
  5
5ED
330
5EC
100
AcDbEntity
  8
HT-A-WIND-TEXT-F01-NEW
100
AcDbText
 10
36430.19
 20
2835.62
 30
0.0
 40
297.5
  1

 50
90.0
 41
0.71
  7
_TCH_WINDOW
100
AcDbAttribute
280
     0
  2
A
 70
     0
280
     0
  0
SEQEND
  5
5EE
330
5EC
100
AcDbEntity
  8
HT-A-WIND-F01-NEW
  0
INSERT
  5
5EF
330
2
100
AcDbEntity
  8
HT-A-COLUMN-F01-NEW
100
AcDbBlockReference
  2
_FZH
 10
37406.44
 20
-1669.38
 30
0.0
 41
200.0
 42
200.0
 43
200.0
  0
INSERT
  5
5F0
330
2
100
AcDbEntity
  8
HT-A-COLUMN-F01-NEW
100
AcDbBlockReference
  2
_FZH
 10
44206.44
 20
9330.62
 30
0.0
 41
200.0
 42
200.0
 43
200.0
  0
INSERT
  5
5F1
330
2
100
AcDbEntity
  8
HT-A-COLUMN-F01-NEW
100
AcDbBlockReference
  2
_FZH
 10
44206.44
 20
4130.62
 30
0.0
 41
200.0
 42
200.0
 43
200.0
  0
INSERT
  5
5F2
330
2
100
AcDbEntity
  8
HT-A-COLUMN-F01-NEW
100
AcDbBlockReference
  2
_FZH
 10
44206.44
 20
2630.62
 30
0.0
 41
200.0
 42
200.0
 43
200.0
  0
INSERT
  5
5F3
330
2
100
AcDbEntity
  8
HT-A-COLUMN-F01-NEW
100
AcDbBlockReference
  2
_FZH
 10
77946.02
 20
9330.62
 30
0.0
 41
200.0
 42
200.0
 43
200.0
  0
INSERT
  5
5F4
330
2
100
AcDbEntity
  8
HT-A-COLUMN-F01-NEW
100
AcDbBlockReference
  2
_FZH
 10
77946.02
 20
4130.62
 30
0.0
 41
200.0
 42
200.0
 43
200.0
  0
INSERT
  5
5F5
330
2
100
AcDbEntity
  8
HT-A-COLUMN-F01-NEW
100
AcDbBlockReference
  2
_FZH
 10
69646.02
 20
4130.62
 30
0.0
 41
200.0
 42
200.0
 43
200.0
  0
INSERT
  5
5F6
330
2
100
AcDbEntity
  8
HT-A-COLUMN-F01-NEW
100
AcDbBlockReference
  2
_FZH
 10
77946.02
 20
2630.62
 30
0.0
 41
200.0
 42
200.0
 43
200.0
  0
ENDSEC
  0
SECTION
  2
OBJECTS
  0
DICTIONARY
  5
9
330
0
100
AcDbDictionary
281
     1
  3
ACAD_CIP_PREVIOUS_PRODUCT_INFO
350
654
  3
ACAD_COLOR
350
38D
  3
ACAD_DETAILVIEWSTYLE
350
45B
  3
ACAD_GROUP
350
37A
  3
ACAD_LAYOUT
350
35A
  3
ACAD_MATERIAL
350
B
  3
ACAD_MLEADERSTYLE
350
390
  3
ACAD_MLINESTYLE
350
37B
  3
ACAD_PLOTSETTINGS
350
37C
  3
ACAD_PLOTSTYLENAME
350
8
  3
ACAD_SCALELIST
350
38E
  3
ACAD_SECTIONVIEWSTYLE
350
459
  3
ACAD_TABLESTYLE
350
38F
  3
ACAD_VISUALSTYLE
350
374
  3
ACDB_RECOMPOSE_DATA
350
65E
  3
AcDbVariableDictionary
350
391
  3
TCH_DBCONFIG
350
655
  0
DICTIONARY
  5
364
330
363
100
AcDbDictionary
280
     1
281
     1
  3
ACAD_LAYERFILTERS
360
365
  3
ACAD_LAYERSTATES
360
366
  3
ACLYDICTIONARY
360
367
  0
DICTIONARY
  5
3
330
2
100
AcDbDictionary
280
     1
281
     1
  3
ACAD_SORTENTS
360
3B8
  0
DICTIONARY
  5
22
330
21
100
AcDbDictionary
280
     1
281
     1
  3
ACAD_SORTENTS
360
3AE
  0
DICTIONARY
  5
72
330
71
100
AcDbDictionary
280
     1
281
     1
  0
DICTIONARY
  5
100
330
FF
100
AcDbDictionary
280
     1
281
     1
  0
DICTIONARY
  5
460
330
45D
100
AcDbDictionary
280
     1
281
     1
  0
XRECORD
  5
654
102
{ACAD_REACTORS
330
9
102
}
330
9
100
AcDbXrecord
280
     1
300
ACD
300
2021
300

  0
DICTIONARY
  5
38D
102
{ACAD_REACTORS
330
9
102
}
330
9
100
AcDbDictionary
281
     1
  0
DICTIONARY
  5
45B
102
{ACAD_REACTORS
330
9
102
}
330
9
100
AcDbDictionary
281
     1
  3
Imperial24
350
45C
  3
Metric50
350
64C
  0
DICTIONARY
  5
37A
102
{ACAD_REACTORS
330
9
102
}
330
9
100
AcDbDictionary
281
     1
  0
DICTIONARY
  5
35A
102
{ACAD_REACTORS
330
9
102
}
330
9
100
AcDbDictionary
281
     1
  3
Model
350
359
  3
布局1
350
35E
  3
布局2
350
362
  0
DICTIONARY
  5
B
102
{ACAD_REACTORS
330
9
102
}
330
9
100
AcDbDictionary
281
     1
  3
ByBlock
350
385
  3
ByLayer
350
37D
  3
Global
350
A
  0
DICTIONARY
  5
390
102
{ACAD_REACTORS
330
9
102
}
330
9
100
AcDbDictionary
281
     1
  3
Standard
350
458
  0
DICTIONARY
  5
37B
102
{ACAD_REACTORS
330
9
102
}
330
9
100
AcDbDictionary
281
     1
  3
Standard
350
399
  0
DICTIONARY
  5
37C
102
{ACAD_REACTORS
330
9
102
}
330
9
100
AcDbDictionary
281
     1
  0
ACDBDICTIONARYWDFLT
  5
8
102
{ACAD_REACTORS
330
9
102
}
330
9
100
AcDbDictionary
281
     1
  3
Normal
350
7
100
AcDbDictionaryWithDefault
340
7
  0
DICTIONARY
  5
38E
102
{ACAD_REACTORS
330
9
102
}
330
9
100
AcDbDictionary
281
     1
  3
A0
350
39D
  3
A1
350
39E
  3
A2
350
39F
  3
A3
350
3A0
  3
A4
350
3A1
  3
A5
350
3A2
  3
A6
350
3A3
  3
A7
350
3A4
  3
A8
350
3A5
  3
A9
350
3A6
  3
B0
350
3A7
  3
B1
350
3A8
  3
B2
350
3A9
  3
B3
350
3AA
  3
B4
350
3AB
  3
B5
350
3AC
  3
B6
350
3AD
  0
DICTIONARY
  5
459
102
{ACAD_REACTORS
330
9
102
}
330
9
100
AcDbDictionary
281
     1
  3
Imperial24
350
45A
  3
Metric50
350
64B
  0
DICTIONARY
  5
38F
102
{ACAD_REACTORS
330
9
102
}
330
9
100
AcDbDictionary
281
     1
  3
Standard
350
39A
  0
DICTIONARY
  5
374
102
{ACAD_REACTORS
330
9
102
}
330
9
100
AcDbDictionary
281
     1
  3
2dWireframe
350
373
  3
Basic
350
443
  3
Brighten
350
444
  3
ColorChange
350
445
  3
Conceptual
350
446
  3
Dim
350
447
  3
EdgeColorOff
350
448
  3
Facepattern
350
449
  3
Flat
350
44A
  3
FlatWithEdges
350
44B
  3
Gouraud
350
44C
  3
GouraudWithEdges
350
44D
  3
Hidden
350
44E
  3
JitterOff
350
44F
  3
Linepattern
350
450
  3
OverhangOff
350
451
  3
Realistic
350
39B
  3
Shaded
350
452
  3
Shaded with edges
350
453
  3
Shades of Gray
350
454
  3
Sketchy
350
455
  3
Thicken
350
456
  3
Wireframe
350
39C
  3
X-Ray
350
457
  0
XRECORD
  5
65E
102
{ACAD_REACTORS
330
9
102
}
330
9
100
AcDbXrecord
280
     1
 90
        1
330
39A
  0
DICTIONARY
  5
391
102
{ACAD_REACTORS
330
9
102
}
330
9
100
AcDbDictionary
281
     1
  3
CANNOSCALE
350
392
  3
CENTEREXE
350
393
  3
CENTERLTYPEFILE
350
394
  3
CMLEADERSTYLE
350
395
  3
CTABLESTYLE
350
396
  3
CVIEWDETAILSTYLE
350
397
  3
CVIEWSECTIONSTYLE
350
398
  3
LAYEREVAL
350
647
  3
LAYERNOTIFY
350
648
  3
LIGHTINGUNITS
350
646
  3
MSLTSCALE
350
645
  0
TCH_DBCONFIG
  5
655
102
{ACAD_REACTORS
330
9
102
}
330
9
100
TDbConfig
  0
DICTIONARY
  5
365
102
{ACAD_REACTORS
330
364
102
}
330
364
100
AcDbDictionary
281
     1
  0
DICTIONARY
  5
366
102
{ACAD_REACTORS
330
364
102
}
330
364
100
AcDbDictionary
281
     1
  0
DICTIONARY
  5
367
102
{ACAD_REACTORS
330
364
102
}
330
364
100
AcDbDictionary
281
     1
1001
ACAD
1000
<All
  0
SORTENTSTABLE
  5
3B8
102
{ACAD_REACTORS
330
3
102
}
330
3
100
AcDbSortentsTable
330
2
  0
SORTENTSTABLE
  5
3AE
102
{ACAD_REACTORS
330
22
102
}
330
22
100
AcDbSortentsTable
330
21
  0
ACDBDETAILVIEWSTYLE
  5
45C
102
{ACAD_REACTORS
330
45B
102
}
330
45B
100
AcDbModelDocViewStyle
 70
     0
  3
Imperial24
290
     0
300
Imperial24
 90
        0
100
AcDbDetailViewStyle
 70
     0
 71
     0
 90
        3
 71
     1
340
36A
 62
   256
 40
0.24
340
0
 62
   256
 40
0.24
300

 40
0.36
280
     3
 71
     2
340
13
 90
       25
 62
   256
 71
     3
340
36A
 62
   256
 40
0.24
 90
        1
 40
0.75
 90
        1
300
%<\AcVar ViewType \f "%tc1">% %<\AcVar ViewDetailId>%\PSCALE %<\AcVar ViewScale \f "%sn">%
 71
     4
340
13
 90
       25
 62
   256
340
13
 90
       25
 62
   256
280
     0
  0
ACDBDETAILVIEWSTYLE
  5
64C
102
{ACAD_REACTORS
330
45B
102
}
330
45B
100
AcDbModelDocViewStyle
 70
     0
  3
Metric50
290
     1
300
Metric50
 90
        0
100
AcDbDetailViewStyle
 70
     0
 71
     0
 90
        3
 71
     1
340
36A
 62
   256
 40
5.0
340
0
 62
   256
 40
5.0
300

 40
0.0
280
     1
 71
     2
340
13
 90
       25
 62
   256
 71
     3
340
36A
 62
   256
 40
5.0
 90
        0
 40
15.0
 90
        1
300
%<\AcVar ViewDetailId>% (%<\AcVar ViewScale \f "%sn">%)
 71
     4
340
13
 90
       25
 62
   256
340
13
 90
       25
 62
   256
280
     0
  0
LAYOUT
  5
359
102
{ACAD_XDICTIONARY
360
608
102
}
102
{ACAD_REACTORS
330
35A
102
}
330
35A
100
AcDbPlotSettings
  1

  2
Microsoft Print to PDF
  4

  6

 40
0.0
 41
0.0
 42
0.0
 43
0.0
 44
0.0
 45
0.0
 46
0.0
 47
0.0
 48
0.0
 49
0.0
140
0.0
141
0.0
142
1.0
143
1.0
 70
  1712
 72
     0
 73
     0
 74
     0
  7
TArch20V8.ctb
 75
     0
147
1.0
 76
     0
 77
     2
 78
   300
148
0.0
149
0.0
100
AcDbLayout
  1
Model
 70
     1
 71
     0
 10
0.0
 20
0.0
 11
12.0
 21
9.0
 12
0.0
 22
0.0
 32
0.0
 14
0.0
 24
0.0
 34
0.0
 15
0.0
 25
0.0
 35
0.0
146
0.0
 13
0.0
 23
0.0
 33
0.0
 16
1.0
 26
0.0
 36
0.0
 17
0.0
 27
1.0
 37
0.0
 76
     0
330
2
331
372
  0
LAYOUT
  5
35E
102
{ACAD_REACTORS
330
35A
102
}
330
35A
100
AcDbPlotSettings
  1

  2
Microsoft Print to PDF
  4

  6

 40
0.0
 41
0.0
 42
0.0
 43
0.0
 44
0.0
 45
0.0
 46
0.0
 47
0.0
 48
0.0
 49
0.0
140
0.0
141
0.0
142
1.0
143
1.0
 70
   688
 72
     0
 73
     0
 74
     5
  7
TArch20V8.ctb
 75
    16
147
1.0
 76
     0
 77
     2
 78
   300
148
0.0
149
0.0
100
AcDbLayout
  1
布局1
 70
     1
 71
     1
 10
0.0
 20
0.0
 11
420.0
 21
297.0
 12
0.0
 22
0.0
 32
0.0
 14
1.00E+20
 24
1.00E+20
 34
1.00E+20
 15
-1.00E+20
 25
-1.00E+20
 35
-1.00E+20
146
0.0
 13
0.0
 23
0.0
 33
0.0
 16
1.0
 26
0.0
 36
0.0
 17
0.0
 27
1.0
 37
0.0
 76
     0
330
35B
  0
LAYOUT
  5
362
102
{ACAD_REACTORS
330
35A
102
}
330
35A
100
AcDbPlotSettings
  1

  2
Microsoft Print to PDF
  4

  6

 40
0.0
 41
0.0
 42
0.0
 43
0.0
 44
0.0
 45
0.0
 46
0.0
 47
0.0
 48
0.0
 49
0.0
140
0.0
141
0.0
142
1.0
143
1.0
 70
   688
 72
     0
 73
     0
 74
     5
  7
TArch20V8.ctb
 75
    16
147
1.0
 76
     0
 77
     2
 78
   300
148
0.0
149
0.0
100
AcDbLayout
  1
布局2
 70
     1
 71
     2
 10
0.0
 20
0.0
 11
12.0
 21
9.0
 12
0.0
 22
0.0
 32
0.0
 14
0.0
 24
0.0
 34
0.0
 15
0.0
 25
0.0
 35
0.0
146
0.0
 13
0.0
 23
0.0
 33
0.0
 16
1.0
 26
0.0
 36
0.0
 17
0.0
 27
1.0
 37
0.0
 76
     0
330
35F
  0
MATERIAL
  5
385
102
{ACAD_XDICTIONARY
360
386
102
}
102
{ACAD_REACTORS
330
B
102
}
330
B
100
AcDbMaterial
  1
ByBlock
 72
     0
 43
0.02
 43
0.0
 43
0.0
 43
0.0
 43
0.0
 43
0.02
 43
0.0
 43
0.0
 43
0.0
 43
0.0
 43
1.0
 43
0.0
 43
0.0
 43
0.0
 43
0.0
 43
1.0
 77
     0
 47
0.02
 47
0.0
 47
0.0
 47
0.0
 47
0.0
 47
0.02
 47
0.0
 47
0.0
 47
0.0
 47
0.0
 47
1.0
 47
0.0
 47
0.0
 47
0.0
 47
0.0
 47
1.0
171
     0
 49
0.02
 49
0.0
 49
0.0
 49
0.0
 49
0.0
 49
0.02
 49
0.0
 49
0.0
 49
0.0
 49
0.0
 49
1.0
 49
0.0
 49
0.0
 49
0.0
 49
0.0
 49
1.0
175
     0
142
0.02
142
0.0
142
0.0
142
0.0
142
0.0
142
0.02
142
0.0
142
0.0
142
0.0
142
0.0
142
1.0
142
0.0
142
0.0
142
0.0
142
0.0
142
1.0
179
     0
144
0.02
144
0.0
144
0.0
144
0.0
144
0.0
144
0.02
144
0.0
144
0.0
144
0.0
144
0.0
144
1.0
144
0.0
144
0.0
144
0.0
144
0.0
144
1.0
147
0.02
147
0.0
147
0.0
147
0.0
147
0.0
147
0.02
147
0.0
147
0.0
147
0.0
147
0.0
147
1.0
147
0.0
147
0.0
147
0.0
147
0.0
147
1.0
  0
MATERIAL
  5
37D
102
{ACAD_XDICTIONARY
360
37E
102
}
102
{ACAD_REACTORS
330
B
102
}
330
B
100
AcDbMaterial
  1
ByLayer
 72
     0
 43
0.02
 43
0.0
 43
0.0
 43
0.0
 43
0.0
 43
0.02
 43
0.0
 43
0.0
 43
0.0
 43
0.0
 43
1.0
 43
0.0
 43
0.0
 43
0.0
 43
0.0
 43
1.0
 77
     0
 47
0.02
 47
0.0
 47
0.0
 47
0.0
 47
0.0
 47
0.02
 47
0.0
 47
0.0
 47
0.0
 47
0.0
 47
1.0
 47
0.0
 47
0.0
 47
0.0
 47
0.0
 47
1.0
171
     0
 49
0.02
 49
0.0
 49
0.0
 49
0.0
 49
0.0
 49
0.02
 49
0.0
 49
0.0
 49
0.0
 49
0.0
 49
1.0
 49
0.0
 49
0.0
 49
0.0
 49
0.0
 49
1.0
175
     0
142
0.02
142
0.0
142
0.0
142
0.0
142
0.0
142
0.02
142
0.0
142
0.0
142
0.0
142
0.0
142
1.0
142
0.0
142
0.0
142
0.0
142
0.0
142
1.0
179
     0
144
0.02
144
0.0
144
0.0
144
0.0
144
0.0
144
0.02
144
0.0
144
0.0
144
0.0
144
0.0
144
1.0
144
0.0
144
0.0
144
0.0
144
0.0
144
1.0
147
0.02
147
0.0
147
0.0
147
0.0
147
0.0
147
0.02
147
0.0
147
0.0
147
0.0
147
0.0
147
1.0
147
0.0
147
0.0
147
0.0
147
0.0
147
1.0
  0
MATERIAL
  5
A
102
{ACAD_XDICTIONARY
360
C
102
}
102
{ACAD_REACTORS
330
B
102
}
330
B
100
AcDbMaterial
  1
Global
 72
     0
 43
0.02
 43
0.0
 43
0.0
 43
0.0
 43
0.0
 43
0.02
 43
0.0
 43
0.0
 43
0.0
 43
0.0
 43
1.0
 43
0.0
 43
0.0
 43
0.0
 43
0.0
 43
1.0
 77
     0
 47
0.02
 47
0.0
 47
0.0
 47
0.0
 47
0.0
 47
0.02
 47
0.0
 47
0.0
 47
0.0
 47
0.0
 47
1.0
 47
0.0
 47
0.0
 47
0.0
 47
0.0
 47
1.0
171
     0
 49
0.02
 49
0.0
 49
0.0
 49
0.0
 49
0.0
 49
0.02
 49
0.0
 49
0.0
 49
0.0
 49
0.0
 49
1.0
 49
0.0
 49
0.0
 49
0.0
 49
0.0
 49
1.0
175
     0
142
0.02
142
0.0
142
0.0
142
0.0
142
0.0
142
0.02
142
0.0
142
0.0
142
0.0
142
0.0
142
1.0
142
0.0
142
0.0
142
0.0
142
0.0
142
1.0
179
     0
144
0.02
144
0.0
144
0.0
144
0.0
144
0.0
144
0.02
144
0.0
144
0.0
144
0.0
144
0.0
144
1.0
144
0.0
144
0.0
144
0.0
144
0.0
144
1.0
147
0.02
147
0.0
147
0.0
147
0.0
147
0.0
147
0.02
147
0.0
147
0.0
147
0.0
147
0.0
147
1.0
147
0.0
147
0.0
147
0.0
147
0.0
147
1.0
  0
MLEADERSTYLE
  5
458
102
{ACAD_REACTORS
330
390
102
}
330
390
100
AcDbMLeaderStyle
179
     2
170
     2
171
     1
172
     0
 90
        2
 40
0.0
 41
0.0
173
     1
 91
-1056964608
340
36D
 92
       -2
290
     1
 42
0.09
291
     1
 43
0.36
  3
Standard
 44
0.18
300

342
36A
174
     1
178
     6
175
     1
176
     0
 93
-1056964608
 45
0.18
292
     0
297
     0
 46
0.18
 94
-1056964608
 47
1.0
 49
1.0
140
1.0
293
     1
141
0.0
294
     1
177
     0
142
1.0
295
     0
296
     0
143
0.13
271
     0
272
     9
273
     9
298
     1
  0
MLINESTYLE
  5
399
102
{ACAD_REACTORS
330
37B
102
}
330
37B
100
AcDbMlineStyle
  2
STANDARD
 70
     0
  3

 62
   256
 51
90.0
 52
90.0
 71
     2
 49
0.5
 62
   256
  6
BYLAYER
 49
-0.5
 62
   256
  6
BYLAYER
  0
ACDBPLACEHOLDER
  5
7
102
{ACAD_REACTORS
330
8
102
}
330
8
  0
SCALE
  5
39D
102
{ACAD_REACTORS
330
38E
102
}
330
38E
100
AcDbScale
 70
     0
300
1:1
140
1.0
141
1.0
290
     1
  0
SCALE
  5
39E
102
{ACAD_REACTORS
330
38E
102
}
330
38E
100
AcDbScale
 70
     0
300
1:2
140
1.0
141
2.0
290
     0
  0
SCALE
  5
39F
102
{ACAD_REACTORS
330
38E
102
}
330
38E
100
AcDbScale
 70
     0
300
1:4
140
1.0
141
4.0
290
     0
  0
SCALE
  5
3A0
102
{ACAD_REACTORS
330
38E
102
}
330
38E
100
AcDbScale
 70
     0
300
1:5
140
1.0
141
5.0
290
     0
  0
SCALE
  5
3A1
102
{ACAD_REACTORS
330
38E
102
}
330
38E
100
AcDbScale
 70
     0
300
1:8
140
1.0
141
8.0
290
     0
  0
SCALE
  5
3A2
102
{ACAD_REACTORS
330
38E
102
}
330
38E
100
AcDbScale
 70
     0
300
1:10
140
1.0
141
10.0
290
     0
  0
SCALE
  5
3A3
102
{ACAD_REACTORS
330
38E
102
}
330
38E
100
AcDbScale
 70
     0
300
1:16
140
1.0
141
16.0
290
     0
  0
SCALE
  5
3A4
102
{ACAD_REACTORS
330
38E
102
}
330
38E
100
AcDbScale
 70
     0
300
1:20
140
1.0
141
20.0
290
     0
  0
SCALE
  5
3A5
102
{ACAD_REACTORS
330
38E
102
}
330
38E
100
AcDbScale
 70
     0
300
1:30
140
1.0
141
30.0
290
     0
  0
SCALE
  5
3A6
102
{ACAD_REACTORS
330
38E
102
}
330
38E
100
AcDbScale
 70
     0
300
1:40
140
1.0
141
40.0
290
     0
  0
SCALE
  5
3A7
102
{ACAD_REACTORS
330
38E
102
}
330
38E
100
AcDbScale
 70
     0
300
1:50
140
1.0
141
50.0
290
     0
  0
SCALE
  5
3A8
102
{ACAD_REACTORS
330
38E
102
}
330
38E
100
AcDbScale
 70
     0
300
1:100
140
1.0
141
100.0
290
     0
  0
SCALE
  5
3A9
102
{ACAD_REACTORS
330
38E
102
}
330
38E
100
AcDbScale
 70
     0
300
2:1
140
2.0
141
1.0
290
     0
  0
SCALE
  5
3AA
102
{ACAD_REACTORS
330
38E
102
}
330
38E
100
AcDbScale
 70
     0
300
4:1
140
4.0
141
1.0
290
     0
  0
SCALE
  5
3AB
102
{ACAD_REACTORS
330
38E
102
}
330
38E
100
AcDbScale
 70
     0
300
8:1
140
8.0
141
1.0
290
     0
  0
SCALE
  5
3AC
102
{ACAD_REACTORS
330
38E
102
}
330
38E
100
AcDbScale
 70
     0
300
10:1
140
10.0
141
1.0
290
     0
  0
SCALE
  5
3AD
102
{ACAD_REACTORS
330
38E
102
}
330
38E
100
AcDbScale
 70
     0
300
100:1
140
100.0
141
1.0
290
     0
  0
ACDBSECTIONVIEWSTYLE
  5
45A
102
{ACAD_REACTORS
330
459
102
}
330
459
100
AcDbModelDocViewStyle
 70
     0
  3
Imperial24
290
     0
300
Imperial24
 90
        0
100
AcDbSectionViewStyle
 70
     0
 71
     0
 90
       78
 71
     1
340
36A
 62
   256
 40
0.24
340
0
340
0
 62
   256
 40
0.24
300
I, O, Q, S, X, Z
 40
0.48
 90
        3
 40
0.18
 90
        1
 71
     2
340
13
 90
       25
 62
   256
340
13
 90
       50
 62
   256
 40
0.24
 40
0.0
 40
0.24
 71
     3
340
36A
 62
   256
 40
0.24
 90
        1
 40
0.75
 90
        1
300
%<\AcVar ViewType \f "%tc1">% %<\AcVar ViewSectionStartId>%-%<\AcVar ViewSectionEndId>%\PSCALE %<\AcVar ViewScale \f "%sn">%
 71
     4
 62
   256
 62
   257
300
ANSI31
 40
1.0
 90
        0
290
     0
290
     0
 90
        6
 40
0.0
 40
1.57
 40
0.26
 40
1.31
 40
-0.26
 40
1.83
  0
ACDBSECTIONVIEWSTYLE
  5
64B
102
{ACAD_REACTORS
330
459
102
}
330
459
100
AcDbModelDocViewStyle
 70
     0
  3
Metric50
290
     1
300
Metric50
 90
        0
100
AcDbSectionViewStyle
 70
     0
 71
     0
 90
      102
 71
     1
340
36A
 62
   256
 40
5.0
340
0
340
0
 62
   256
 40
5.0
300
I, O, Q, S, X, Z
 40
10.0
 90
        0
 40
2.5
 90
        0
 71
     2
340
13
 90
       25
 62
   256
340
13
 90
       50
 62
   256
 40
5.0
 40
2.5
 40
5.0
 71
     3
340
36A
 62
   256
 40
5.0
 90
        0
 40
15.0
 90
        1
300
%<\AcVar ViewSectionStartId>%-%<\AcVar ViewSectionEndId>% (%<\AcVar ViewScale \f "%sn">%)
 71
     4
 62
   256
 62
   257
300
ANSI31
 40
1.0
 90
        0
290
     0
290
     0
 90
        6
 40
0.0
 40
1.57
 40
0.26
 40
1.31
 40
-0.26
 40
1.83
  0
TABLESTYLE
  5
39A
102
{ACAD_XDICTIONARY
360
5F9
102
}
102
{ACAD_REACTORS
330
38F
102
}
330
38F
100
AcDbTableStyle
280
     0
  3
Standard
 70
     0
 71
     0
 40
1.5
 41
1.5
280
     0
281
     0
  7
Standard
140
4.5
170
     2
 62
     0
 63
     7
283
     0
 90
      512
 91
        0
  1

274
    -2
284
     1
 64
     0
275
    -2
285
     1
 65
     0
276
    -2
286
     1
 66
     0
277
    -2
287
     1
 67
     0
278
    -2
288
     1
 68
     0
279
    -2
289
     1
 69
     0
  7
Standard
140
6.0
170
     5
 62
     0
 63
     7
283
     0
 90
      512
 91
        0
  1

274
    -2
284
     1
 64
     0
275
    -2
285
     1
 65
     0
276
    -2
286
     1
 66
     0
277
    -2
287
     1
 67
     0
278
    -2
288
     1
 68
     0
279
    -2
289
     1
 69
     0
  7
Standard
140
4.5
170
     5
 62
     0
 63
     7
283
     0
 90
      512
 91
        0
  1

274
    -2
284
     1
 64
     0
275
    -2
285
     1
 65
     0
276
    -2
286
     1
 66
     0
277
    -2
287
     1
 67
     0
278
    -2
288
     1
 68
     0
279
    -2
289
     1
 69
     0
  0
VISUALSTYLE
  5
373
102
{ACAD_REACTORS
330
374
102
}
330
374
100
AcDbVisualStyle
  2
2dWireframe
 70
     4
177
     3
291
     0
 70
    58
 90
        0
176
     1
 90
        2
176
     1
 90
        0
176
     1
 90
        0
176
     1
 40
0.6
176
     1
 40
30.0
176
     1
 62
     7
420
 16777215
176
     1
 90
        1
176
     1
 90
        4
176
     1
 62
     7
176
     1
 62
   257
176
     1
 90
        1
176
     1
 90
        1
176
     1
 40
1.0
176
     1
 90
        0
176
     1
 62
   257
176
     1
 40
1.0
176
     1
 90
        1
176
     1
 90
        6
176
     1
 90
        2
176
     1
 62
     7
176
     1
 90
        5
176
     1
 90
        0
176
     1
 90
        0
176
     1
290
     0
176
     1
 90
        1
176
     1
 40
0.0
176
     1
 90
        0
176
     1
290
     1
176
     1
290
     1
176
     1
290
     0
176
     1
290
     0
176
     1
290
     0
176
     1
290
     0
176
     1
290
     0
176
     1
290
     0
176
     1
290
     0
176
     1
 90
       50
176
     1
 40
0.0
176
     1
 40
1.0
176
     1
 90
        0
176
     1
 62
    18
420
        0
176
     1
 90
       50
176
     1
 90
        3
176
     1
 62
     5
420
      255
176
     1
290
     0
176
     1
 90
       50
176
     1
 90
       50
176
     1
 90
       50
176
     1
290
     0
176
     1
 90
       50
176
     1
 62
   256
176
     0
 40
1.0
176
     0
 90
        2
176
     1
  1
strokes_ogs.tif
176
     1
290
     0
176
     1
 40
1.0
176
     1
 40
1.0
176
     1
  0
VISUALSTYLE
  5
443
102
{ACAD_REACTORS
330
374
102
}
330
374
100
AcDbVisualStyle
  2
Basic
 70
     7
177
     3
291
     1
 70
    58
 90
        1
176
     1
 90
        0
176
     1
 90
        1
176
     1
 90
        0
176
     1
 40
0.6
176
     1
 40
30.0
176
     1
 62
     7
420
 16777215
176
     1
 90
        0
176
     1
 90
        4
176
     1
 62
     7
176
     1
 62
   257
176
     1
 90
        1
176
     1
 90
        1
176
     1
 40
1.0
176
     1
 90
        8
176
     1
 62
     7
176
     1
 40
1.0
176
     1
 90
        1
176
     1
 90
        6
176
     1
 90
        2
176
     1
 62
     7
176
     1
 90
        5
176
     1
 90
        0
176
     1
 90
        0
176
     1
290
     0
176
     1
 90
        1
176
     1
 40
0.0
176
     1
 90
        0
176
     1
290
     0
176
     1
290
     1
176
     1
290
     1
176
     1
290
     0
176
     1
290
     0
176
     1
290
     0
176
     1
290
     0
176
     1
290
     0
176
     1
290
     0
176
     1
 90
       50
176
     1
 40
0.0
176
     1
 40
1.0
176
     1
 90
        0
176
     1
 62
    18
420
        0
176
     1
 90
       50
176
     1
 90
        3
176
     1
 62
     5
420
      255
176
     1
290
     0
176
     1
 90
       50
176
     1
 90
       50
176
     1
 90
       50
176
     1
290
     0
176
     1
 90
       50
176
     1
 62
   256
176
     0
 40
1.0
176
     0
 90
        2
176
     1
  1
strokes_ogs.tif
176
     1
290
     0
176
     1
 40
1.0
176
     1
 40
1.0
176
     1
  0
VISUALSTYLE
  5
444
102
{ACAD_REACTORS
330
374
102
}
330
374
100
AcDbVisualStyle
  2
Brighten
 70
    12
177
     3
291
     1
 70
    58
 90
        2
176
     1
 90
        2
176
     1
 90
        0
176
     1
 90
        0
176
     1
 40
0.6
176
     1
 40
30.0
176
     1
 62
     7
420
 16777215
176
     1
 90
        1
176
     1
 90
        4
176
     1
 62
     7
176
     1
 62
   257
176
     1
 90
        1
176
     1
 90
        1
176
     1
 40
1.0
176
     1
 90
        8
176
     1
 62
     7
176
     1
 40
1.0
176
     1
 90
        1
176
     1
 90
        6
176
     1
 90
        2
176
     1
 62
     7
176
     1
 90
        5
176
     1
 90
        0
176
     1
 90
        0
176
     1
290
     0
176
     1
 90
        1
176
     1
 40
50.0
176
     1
 90
        0
176
     1
290
     0
176
     1
290
     1
176
     1
290
     1
176
     1
290
     0
176
     1
290
     0
176
     1
290
     0
176
     1
290
     0
176
     1
290
     0
176
     1
290
     0
176
     1
 90
       50
176
     1
 40
0.0
176
     1
 40
1.0
176
     1
 90
        0
176
     1
 62
    18
420
        0
176
     1
 90
       50
176
     1
 90
        3
176
     1
 62
     5
420
      255
176
     1
290
     0
176
     1
 90
       50
176
     1
 90
       50
176
     1
 90
       50
176
     1
290
     0
176
     1
 90
       50
176
     1
 62
   256
176
     0
 40
1.0
176
     0
 90
        2
176
     1
  1
strokes_ogs.tif
176
     1
290
     0
176
     1
 40
1.0
176
     1
 40
1.0
176
     1
  0
VISUALSTYLE
  5
445
102
{ACAD_REACTORS
330
374
102
}
330
374
100
AcDbVisualStyle
  2
ColorChange
 70
    16
177
     3
291
     1
 70
    58
 90
        2
176
     1
 90
        2
176
     1
 90
        3
176
     1
 90
        0
176
     1
 40
0.6
176
     1
 40
30.0
176
     1
 62
     8
420
  8421504
176
     1
 90
        1
176
     1
 90
        4
176
     1
 62
     7
176
     1
 62
   257
176
     1
 90
        1
176
     1
 90
        1
176
     1
 40
1.0
176
     1
 90
        8
176
     1
 62
     8
420
  8421504
176
     1
 40
1.0
176
     1
 90
        1
176
     1
 90
        6
176
     1
 90
        2
176
     1
 62
     7
176
     1
 90
        5
176
     1
 90
        0
176
     1
 90
        0
176
     1
290
     0
176
     1
 90
        1
176
     1
 40
0.0
176
     1
 90
        0
176
     1
290
     0
176
     1
290
     1
176
     1
290
     1
176
     1
290
     0
176
     1
290
     0
176
     1
290
     0
176
     1
290
     0
176
     1
290
     0
176
     1
290
     0
176
     1
 90
       50
176
     1
 40
0.0
176
     1
 40
1.0
176
     1
 90
        0
176
     1
 62
    18
420
        0
176
     1
 90
       50
176
     1
 90
        3
176
     1
 62
     5
420
      255
176
     1
290
     0
176
     1
 90
       50
176
     1
 90
       50
176
     1
 90
       50
176
     1
290
     0
176
     1
 90
       50
176
     1
 62
   256
176
     0
 40
1.0
176
     0
 90
        2
176
     1
  1
strokes_ogs.tif
176
     1
290
     0
176
     1
 40
1.0
176
     1
 40
1.0
176
     1
  0
VISUALSTYLE
  5
446
102
{ACAD_REACTORS
330
374
102
}
330
374
100
AcDbVisualStyle
  2
Conceptual
 70
     9
177
     3
291
     0
 70
    58
 90
        3
176
     1
 90
        2
176
     1
 90
        0
176
     1
 90
        0
176
     1
 40
0.6
176
     1
 40
30.0
176
     1
 62
     7
420
 16777215
176
     1
 90
        2
176
     1
 90
        2
176
     1
 62
     7
176
     1
 62
   257
176
     1
 90
        1
176
     1
 90
        1
176
     1
 40
179.0
176
     1
 90
        8
176
     1
 62
     7
176
     1
 40
1.0
176
     1
 90
        1
176
     1
 90
        6
176
     1
 90
        2
176
     1
 62
     7
176
     1
 90
        3
176
     1
 90
        0
176
     1
 90
        0
176
     1
290
     0
176
     1
 90
        1
176
     1
 40
0.0
176
     1
 90
        0
176
     1
290
     0
176
     1
290
     1
176
     1
290
     1
176
     1
290
     0
176
     1
290
     0
176
     1
290
     0
176
     1
290
     0
176
     1
290
     0
176
     1
290
     0
176
     1
 90
       50
176
     1
 40
0.0
176
     1
 40
1.0
176
     1
 90
        0
176
     1
 62
    18
420
        0
176
     1
 90
       50
176
     1
 90
        3
176
     1
 62
     5
420
      255
176
     1
290
     0
176
     1
 90
       50
176
     1
 90
       50
176
     1
 90
       50
176
     1
290
     0
176
     1
 90
       50
176
     1
 62
   256
176
     0
 40
1.0
176
     0
 90
        2
176
     1
  1
strokes_ogs.tif
176
     1
290
     0
176
     1
 40
1.0
176
     1
 40
1.0
176
     1
  0
VISUALSTYLE
  5
447
102
{ACAD_REACTORS
330
374
102
}
330
374
100
AcDbVisualStyle
  2
Dim
 70
    11
177
     3
291
     1
 70
    58
 90
        2
176
     1
 90
        2
176
     1
 90
        0
176
     1
 90
        0
176
     1
 40
0.6
176
     1
 40
30.0
176
     1
 62
     7
420
 16777215
176
     1
 90
        1
176
     1
 90
        4
176
     1
 62
     7
176
     1
 62
   257
176
     1
 90
        1
176
     1
 90
        1
176
     1
 40
1.0
176
     1
 90
        8
176
     1
 62
     7
176
     1
 40
1.0
176
     1
 90
        1
176
     1
 90
        6
176
     1
 90
        2
176
     1
 62
     7
176
     1
 90
        5
176
     1
 90
        0
176
     1
 90
        0
176
     1
290
     0
176
     1
 90
        1
176
     1
 40
-50.0
176
     1
 90
        0
176
     1
290
     0
176
     1
290
     1
176
     1
290
     1
176
     1
290
     0
176
     1
290
     0
176
     1
290
     0
176
     1
290
     0
176
     1
290
     0
176
     1
290
     0
176
     1
 90
       50
176
     1
 40
0.0
176
     1
 40
1.0
176
     1
 90
        0
176
     1
 62
    18
420
        0
176
     1
 90
       50
176
     1
 90
        3
176
     1
 62
     5
420
      255
176
     1
290
     0
176
     1
 90
       50
176
     1
 90
       50
176
     1
 90
       50
176
     1
290
     0
176
     1
 90
       50
176
     1
 62
   256
176
     0
 40
1.0
176
     0
 90
        2
176
     1
  1
strokes_ogs.tif
176
     1
290
     0
176
     1
 40
1.0
176
     1
 40
1.0
176
     1
  0
VISUALSTYLE
  5
448
102
{ACAD_REACTORS
330
374
102
}
330
374
100
AcDbVisualStyle
  2
EdgeColorOff
 70
    22
177
     3
291
     1
 70
    58
 90
        2
176
     0
 90
        2
176
     0
 90
        0
176
     0
 90
        0
176
     0
 40
0.6
176
     0
 40
30.0
176
     0
 62
     7
420
 16777215
176
     0
 90
        1
176
     0
 90
        4
176
     0
 62
     7
176
     0
 62
   257
176
     0
 90
        1
176
     0
 90
        1
176
     0
 40
1.0
176
     0
 90
        8
176
     2
 62
     7
176
     0
 40
1.0
176
     0
 90
        1
176
     0
 90
        6
176
     0
 90
        2
176
     0
 62
     7
176
     0
 90
        5
176
     0
 90
        0
176
     0
 90
        0
176
     0
290
     0
176
     0
 90
        1
176
     0
 40
0.0
176
     0
 90
        0
176
     0
290
     0
176
     0
290
     1
176
     0
290
     1
176
     0
290
     0
176
     0
290
     0
176
     0
290
     0
176
     0
290
     0
176
     0
290
     0
176
     0
290
     0
176
     0
 90
       50
176
     0
 40
0.0
176
     0
 40
1.0
176
     0
 90
        0
176
     0
 62
    18
420
        0
176
     0
 90
       50
176
     0
 90
        3
176
     0
 62
     5
420
      255
176
     0
290
     0
176
     0
 90
       50
176
     0
 90
       50
176
     0
 90
       50
176
     0
290
     0
176
     0
 90
       50
176
     0
 62
   256
176
     0
 40
1.0
176
     0
 90
        2
176
     0
  1
strokes_ogs.tif
176
     0
290
     0
176
     0
 40
1.0
176
     0
 40
1.0
176
     0
  0
VISUALSTYLE
  5
449
102
{ACAD_REACTORS
330
374
102
}
330
374
100
AcDbVisualStyle
  2
Facepattern
 70
    15
177
     3
291
     1
 70
    58
 90
        2
176
     1
 90
        2
176
     1
 90
        0
176
     1
 90
        0
176
     1
 40
0.6
176
     1
 40
30.0
176
     1
 62
     7
420
 16777215
176
     1
 90
        1
176
     1
 90
        4
176
     1
 62
     7
176
     1
 62
   257
176
     1
 90
        1
176
     1
 90
        1
176
     1
 40
1.0
176
     1
 90
        8
176
     1
 62
     7
176
     1
 40
1.0
176
     1
 90
        1
176
     1
 90
        6
176
     1
 90
        2
176
     1
 62
     7
176
     1
 90
        5
176
     1
 90
        0
176
     1
 90
        0
176
     1
290
     0
176
     1
 90
        1
176
     1
 40
0.0
176
     1
 90
        0
176
     1
290
     0
176
     1
290
     1
176
     1
290
     1
176
     1
290
     0
176
     1
290
     0
176
     1
290
     0
176
     1
290
     0
176
     1
290
     0
176
     1
290
     0
176
     1
 90
       50
176
     1
 40
0.0
176
     1
 40
1.0
176
     1
 90
        0
176
     1
 62
    18
420
        0
176
     1
 90
       50
176
     1
 90
        3
176
     1
 62
     5
420
      255
176
     1
290
     0
176
     1
 90
       50
176
     1
 90
       50
176
     1
 90
       50
176
     1
290
     0
176
     1
 90
       50
176
     1
 62
   256
176
     0
 40
1.0
176
     0
 90
        2
176
     1
  1
strokes_ogs.tif
176
     1
290
     0
176
     1
 40
1.0
176
     1
 40
1.0
176
     1
  0
VISUALSTYLE
  5
44A
102
{ACAD_REACTORS
330
374
102
}
330
374
100
AcDbVisualStyle
  2
Flat
 70
     0
177
     3
291
     1
 70
    58
 90
        2
176
     1
 90
        1
176
     1
 90
        1
176
     1
 90
        2
176
     1
 40
0.6
176
     1
 40
30.0
176
     1
 62
     7
420
 16777215
176
     1
 90
        0
176
     1
 90
        0
176
     1
 62
     7
176
     1
 62
   257
176
     1
 90
        1
176
     1
 90
        1
176
     1
 40
1.0
176
     1
 90
        8
176
     1
 62
     7
176
     1
 40
1.0
176
     1
 90
        1
176
     1
 90
        6
176
     1
 90
        2
176
     1
 62
     7
176
     1
 90
        5
176
     1
 90
        0
176
     1
 90
        0
176
     1
290
     0
176
     1
 90
       13
176
     1
 40
0.0
176
     1
 90
        0
176
     1
290
     0
176
     1
290
     1
176
     1
290
     1
176
     1
290
     0
176
     1
290
     0
176
     1
290
     0
176
     1
290
     0
176
     1
290
     0
176
     1
290
     0
176
     1
 90
       50
176
     1
 40
0.0
176
     1
 40
1.0
176
     1
 90
        0
176
     1
 62
    18
420
        0
176
     1
 90
       50
176
     1
 90
        3
176
     1
 62
     5
420
      255
176
     1
290
     0
176
     1
 90
       50
176
     1
 90
       50
176
     1
 90
       50
176
     1
290
     0
176
     1
 90
       50
176
     1
 62
   256
176
     0
 40
1.0
176
     0
 90
        2
176
     1
  1
strokes_ogs.tif
176
     1
290
     0
176
     1
 40
1.0
176
     1
 40
1.0
176
     1
  0
VISUALSTYLE
  5
44B
102
{ACAD_REACTORS
330
374
102
}
330
374
100
AcDbVisualStyle
  2
FlatWithEdges
 70
     1
177
     3
291
     1
 70
    58
 90
        2
176
     1
 90
        1
176
     1
 90
        1
176
     1
 90
        2
176
     1
 40
0.6
176
     1
 40
30.0
176
     1
 62
     7
420
 16777215
176
     1
 90
        1
176
     1
 90
        0
176
     1
 62
     7
176
     1
 62
   257
176
     1
 90
        1
176
     1
 90
        1
176
     1
 40
1.0
176
     1
 90
        0
176
     1
 62
   257
176
     1
 40
1.0
176
     1
 90
        1
176
     1
 90
        6
176
     1
 90
        2
176
     1
 62
     7
176
     1
 90
        5
176
     1
 90
        0
176
     1
 90
        0
176
     1
290
     0
176
     1
 90
       13
176
     1
 40
0.0
176
     1
 90
        0
176
     1
290
     0
176
     1
290
     1
176
     1
290
     1
176
     1
290
     0
176
     1
290
     0
176
     1
290
     0
176
     1
290
     0
176
     1
290
     0
176
     1
290
     0
176
     1
 90
       50
176
     1
 40
0.0
176
     1
 40
1.0
176
     1
 90
        0
176
     1
 62
    18
420
        0
176
     1
 90
       50
176
     1
 90
        3
176
     1
 62
     5
420
      255
176
     1
290
     0
176
     1
 90
       50
176
     1
 90
       50
176
     1
 90
       50
176
     1
290
     0
176
     1
 90
       50
176
     1
 62
   256
176
     0
 40
1.0
176
     0
 90
        2
176
     1
  1
strokes_ogs.tif
176
     1
290
     0
176
     1
 40
1.0
176
     1
 40
1.0
176
     1
  0
VISUALSTYLE
  5
44C
102
{ACAD_REACTORS
330
374
102
}
330
374
100
AcDbVisualStyle
  2
Gouraud
 70
     2
177
     3
291
     1
 70
    58
 90
        2
176
     1
 90
        2
176
     1
 90
        1
176
     1
 90
        2
176
     1
 40
0.6
176
     1
 40
30.0
176
     1
 62
     7
420
 16777215
176
     1
 90
        0
176
     1
 90
        0
176
     1
 62
     7
176
     1
 62
   257
176
     1
 90
        1
176
     1
 90
        1
176
     1
 40
1.0
176
     1
 90
        0
176
     1
 62
     7
176
     1
 40
1.0
176
     1
 90
        1
176
     1
 90
        6
176
     1
 90
        2
176
     1
 62
     7
176
     1
 90
        5
176
     1
 90
        0
176
     1
 90
        0
176
     1
290
     0
176
     1
 90
       13
176
     1
 40
0.0
176
     1
 90
        0
176
     1
290
     0
176
     1
290
     1
176
     1
290
     1
176
     1
290
     0
176
     1
290
     0
176
     1
290
     0
176
     1
290
     0
176
     1
290
     0
176
     1
290
     0
176
     1
 90
       50
176
     1
 40
0.0
176
     1
 40
1.0
176
     1
 90
        0
176
     1
 62
    18
420
        0
176
     1
 90
       50
176
     1
 90
        3
176
     1
 62
     5
420
      255
176
     1
290
     0
176
     1
 90
       50
176
     1
 90
       50
176
     1
 90
       50
176
     1
290
     0
176
     1
 90
       50
176
     1
 62
   256
176
     0
 40
1.0
176
     0
 90
        2
176
     1
  1
strokes_ogs.tif
176
     1
290
     0
176
     1
 40
1.0
176
     1
 40
1.0
176
     1
  0
VISUALSTYLE
  5
44D
102
{ACAD_REACTORS
330
374
102
}
330
374
100
AcDbVisualStyle
  2
GouraudWithEdges
 70
     3
177
     3
291
     1
 70
    58
 90
        2
176
     1
 90
        2
176
     1
 90
        1
176
     1
 90
        2
176
     1
 40
0.6
176
     1
 40
30.0
176
     1
 62
     7
420
 16777215
176
     1
 90
        1
176
     1
 90
        0
176
     1
 62
     7
176
     1
 62
   257
176
     1
 90
        1
176
     1
 90
        1
176
     1
 40
1.0
176
     1
 90
        0
176
     1
 62
   257
176
     1
 40
1.0
176
     1
 90
        1
176
     1
 90
        6
176
     1
 90
        2
176
     1
 62
     7
176
     1
 90
        5
176
     1
 90
        0
176
     1
 90
        0
176
     1
290
     0
176
     1
 90
       13
176
     1
 40
0.0
176
     1
 90
        0
176
     1
290
     0
176
     1
290
     1
176
     1
290
     1
176
     1
290
     0
176
     1
290
     0
176
     1
290
     0
176
     1
290
     0
176
     1
290
     0
176
     1
290
     0
176
     1
 90
       50
176
     1
 40
0.0
176
     1
 40
1.0
176
     1
 90
        0
176
     1
 62
    18
420
        0
176
     1
 90
       50
176
     1
 90
        3
176
     1
 62
     5
420
      255
176
     1
290
     0
176
     1
 90
       50
176
     1
 90
       50
176
     1
 90
       50
176
     1
290
     0
176
     1
 90
       50
176
     1
 62
   256
176
     0
 40
1.0
176
     0
 90
        2
176
     1
  1
strokes_ogs.tif
176
     1
290
     0
176
     1
 40
1.0
176
     1
 40
1.0
176
     1
  0
VISUALSTYLE
  5
44E
102
{ACAD_REACTORS
330
374
102
}
330
374
100
AcDbVisualStyle
  2
Hidden
 70
     6
177
     3
291
     0
 70
    58
 90
        1
176
     1
 90
        2
176
     1
 90
        2
176
     1
 90
        0
176
     1
 40
0.6
176
     1
 40
30.0
176
     1
 62
     7
420
 16777215
176
     1
 90
        2
176
     1
 90
        2
176
     1
 62
     7
176
     1
 62
   257
176
     1
 90
        2
176
     1
 90
        1
176
     1
 40
40.0
176
     1
 90
        0
176
     1
 62
   257
176
     1
 40
1.0
176
     1
 90
        1
176
     1
 90
        6
176
     1
 90
        2
176
     1
 62
     7
176
     1
 90
        3
176
     1
 90
        0
176
     1
 90
        0
176
     1
290
     0
176
     1
 90
        1
176
     1
 40
0.0
176
     1
 90
        0
176
     1
290
     0
176
     1
290
     1
176
     1
290
     1
176
     1
290
     0
176
     1
290
     0
176
     1
290
     0
176
     1
290
     0
176
     1
290
     0
176
     1
290
     0
176
     1
 90
       50
176
     1
 40
0.0
176
     1
 40
1.0
176
     1
 90
        0
176
     1
 62
    18
420
        0
176
     1
 90
       50
176
     1
 90
        3
176
     1
 62
     5
420
      255
176
     1
290
     0
176
     1
 90
       50
176
     1
 90
       50
176
     1
 90
       50
176
     1
290
     0
176
     1
 90
       50
176
     1
 62
   256
176
     0
 40
1.0
176
     0
 90
        2
176
     1
  1
strokes_ogs.tif
176
     1
290
     0
176
     1
 40
1.0
176
     1
 40
1.0
176
     1
  0
VISUALSTYLE
  5
44F
102
{ACAD_REACTORS
330
374
102
}
330
374
100
AcDbVisualStyle
  2
JitterOff
 70
    20
177
     3
291
     1
 70
    58
 90
        2
176
     0
 90
        2
176
     0
 90
        0
176
     0
 90
        0
176
     0
 40
0.6
176
     0
 40
30.0
176
     0
 62
     7
420
 16777215
176
     0
 90
        1
176
     0
 90
        4
176
     0
 62
     7
176
     0
 62
   257
176
     0
 90
        1
176
     0
 90
        1
176
     0
 40
1.0
176
     0
 90
       10
176
     2
 62
     7
176
     0
 40
1.0
176
     0
 90
        1
176
     0
 90
        6
176
     0
 90
        2
176
     0
 62
     7
176
     0
 90
        5
176
     0
 90
        0
176
     0
 90
        0
176
     0
290
     0
176
     0
 90
        1
176
     0
 40
0.0
176
     0
 90
        0
176
     0
290
     0
176
     0
290
     1
176
     0
290
     1
176
     0
290
     0
176
     0
290
     0
176
     0
290
     0
176
     0
290
     0
176
     0
290
     0
176
     0
290
     0
176
     0
 90
       50
176
     0
 40
0.0
176
     0
 40
1.0
176
     0
 90
        0
176
     0
 62
    18
420
        0
176
     0
 90
       50
176
     0
 90
        3
176
     0
 62
     5
420
      255
176
     0
290
     0
176
     0
 90
       50
176
     0
 90
       50
176
     0
 90
       50
176
     0
290
     0
176
     0
 90
       50
176
     0
 62
   256
176
     0
 40
1.0
176
     0
 90
        2
176
     0
  1
strokes_ogs.tif
176
     0
290
     0
176
     0
 40
1.0
176
     0
 40
1.0
176
     0
  0
VISUALSTYLE
  5
450
102
{ACAD_REACTORS
330
374
102
}
330
374
100
AcDbVisualStyle
  2
Linepattern
 70
    14
177
     3
291
     1
 70
    58
 90
        2
176
     1
 90
        2
176
     1
 90
        0
176
     1
 90
        0
176
     1
 40
0.6
176
     1
 40
30.0
176
     1
 62
     7
420
 16777215
176
     1
 90
        1
176
     1
 90
        4
176
     1
 62
     7
176
     1
 62
   257
176
     1
 90
        7
176
     1
 90
        7
176
     1
 40
1.0
176
     1
 90
        8
176
     1
 62
     7
176
     1
 40
1.0
176
     1
 90
        1
176
     1
 90
        6
176
     1
 90
        2
176
     1
 62
     7
176
     1
 90
        5
176
     1
 90
        0
176
     1
 90
        0
176
     1
290
     0
176
     1
 90
        1
176
     1
 40
0.0
176
     1
 90
        0
176
     1
290
     0
176
     1
290
     1
176
     1
290
     1
176
     1
290
     0
176
     1
290
     0
176
     1
290
     0
176
     1
290
     0
176
     1
290
     0
176
     1
290
     0
176
     1
 90
       50
176
     1
 40
0.0
176
     1
 40
1.0
176
     1
 90
        0
176
     1
 62
    18
420
        0
176
     1
 90
       50
176
     1
 90
        3
176
     1
 62
     5
420
      255
176
     1
290
     0
176
     1
 90
       50
176
     1
 90
       50
176
     1
 90
       50
176
     1
290
     0
176
     1
 90
       50
176
     1
 62
   256
176
     0
 40
1.0
176
     0
 90
        2
176
     1
  1
strokes_ogs.tif
176
     1
290
     0
176
     1
 40
1.0
176
     1
 40
1.0
176
     1
  0
VISUALSTYLE
  5
451
102
{ACAD_REACTORS
330
374
102
}
330
374
100
AcDbVisualStyle
  2
OverhangOff
 70
    21
177
     3
291
     1
 70
    58
 90
        2
176
     0
 90
        2
176
     0
 90
        0
176
     0
 90
        0
176
     0
 40
0.6
176
     0
 40
30.0
176
     0
 62
     7
420
 16777215
176
     0
 90
        1
176
     0
 90
        4
176
     0
 62
     7
176
     0
 62
   257
176
     0
 90
        1
176
     0
 90
        1
176
     0
 40
1.0
176
     0
 90
        9
176
     2
 62
     7
176
     0
 40
1.0
176
     0
 90
        1
176
     0
 90
        6
176
     0
 90
        2
176
     0
 62
     7
176
     0
 90
        5
176
     0
 90
        0
176
     0
 90
        0
176
     0
290
     0
176
     0
 90
        1
176
     0
 40
0.0
176
     0
 90
        0
176
     0
290
     0
176
     0
290
     1
176
     0
290
     1
176
     0
290
     0
176
     0
290
     0
176
     0
290
     0
176
     0
290
     0
176
     0
290
     0
176
     0
290
     0
176
     0
 90
       50
176
     0
 40
0.0
176
     0
 40
1.0
176
     0
 90
        0
176
     0
 62
    18
420
        0
176
     0
 90
       50
176
     0
 90
        3
176
     0
 62
     5
420
      255
176
     0
290
     0
176
     0
 90
       50
176
     0
 90
       50
176
     0
 90
       50
176
     0
290
     0
176
     0
 90
       50
176
     0
 62
   256
176
     0
 40
1.0
176
     0
 90
        2
176
     0
  1
strokes_ogs.tif
176
     0
290
     0
176
     0
 40
1.0
176
     0
 40
1.0
176
     0
  0
VISUALSTYLE
  5
39B
102
{ACAD_REACTORS
330
374
102
}
330
374
100
AcDbVisualStyle
  2
Realistic
 70
     8
177
     3
291
     0
 70
    58
 90
        2
176
     1
 90
        2
176
     1
 90
        0
176
     1
 90
        2
176
     1
 40
0.6
176
     1
 40
30.0
176
     1
 62
     7
420
 16777215
176
     1
 90
        0
176
     1
 90
        0
176
     1
 62
     7
176
     1
 62
   257
176
     1
 90
        1
176
     1
 90
        1
176
     1
 40
1.0
176
     1
 90
        8
176
     1
 62
   257
176
     1
 40
1.0
176
     1
 90
        1
176
     1
 90
        6
176
     1
 90
        2
176
     1
 62
     7
176
     1
 90
        3
176
     1
 90
        0
176
     1
 90
        0
176
     1
290
     0
176
     1
 90
       13
176
     1
 40
0.0
176
     1
 90
        0
176
     1
290
     0
176
     1
290
     1
176
     1
290
     1
176
     1
290
     0
176
     1
290
     0
176
     1
290
     0
176
     1
290
     0
176
     1
290
     0
176
     1
290
     0
176
     1
 90
       50
176
     1
 40
0.0
176
     1
 40
1.0
176
     1
 90
        0
176
     1
 62
    18
420
        0
176
     1
 90
       50
176
     1
 90
        3
176
     1
 62
     5
420
      255
176
     1
290
     0
176
     1
 90
       50
176
     1
 90
       50
176
     1
 90
       50
176
     1
290
     0
176
     1
 90
       50
176
     1
 62
   256
176
     0
 40
1.0
176
     0
 90
        2
176
     1
  1
strokes_ogs.tif
176
     1
290
     0
176
     1
 40
1.0
176
     1
 40
1.0
176
     1
  0
VISUALSTYLE
  5
452
102
{ACAD_REACTORS
330
374
102
}
330
374
100
AcDbVisualStyle
  2
Shaded
 70
    27
177
     3
291
     0
 70
    58
 90
        2
176
     1
 90
        2
176
     1
 90
        1
176
     1
 90
        2
176
     1
 40
0.6
176
     1
 40
30.0
176
     1
 62
     7
420
 16777215
176
     1
 90
        0
176
     1
 90
        4
176
     1
 62
     7
176
     1
 62
   257
176
     1
 90
        1
176
     1
 90
        1
176
     1
 40
1.0
176
     1
 90
        8
176
     1
 62
   257
176
     1
 40
1.0
176
     1
 90
        1
176
     1
 90
        6
176
     1
 90
        2
176
     1
 62
     8
420
  7895160
176
     1
 90
        3
176
     1
 90
        0
176
     1
 90
        0
176
     1
290
     0
176
     1
 90
        5
176
     1
 40
0.0
176
     1
 90
        0
176
     1
290
     0
176
     1
290
     1
176
     1
290
     1
176
     1
290
     0
176
     1
290
     0
176
     1
290
     0
176
     1
290
     0
176
     1
290
     0
176
     1
290
     0
176
     1
 90
       50
176
     1
 40
0.0
176
     1
 40
1.0
176
     1
 90
        0
176
     1
 62
    18
420
        0
176
     1
 90
       50
176
     1
 90
        3
176
     1
 62
     5
420
      255
176
     1
290
     0
176
     1
 90
       50
176
     1
 90
       50
176
     1
 90
       50
176
     1
290
     0
176
     1
 90
       50
176
     1
 62
   256
176
     0
 40
1.0
176
     0
 90
        2
176
     1
  1
strokes_ogs.tif
176
     1
290
     0
176
     1
 40
1.0
176
     1
 40
1.0
176
     1
  0
VISUALSTYLE
  5
453
102
{ACAD_REACTORS
330
374
102
}
330
374
100
AcDbVisualStyle
  2
Shaded with edges
 70
    26
177
     3
291
     0
 70
    58
 90
        2
176
     1
 90
        2
176
     1
 90
        1
176
     1
 90
        2
176
     1
 40
0.6
176
     1
 40
30.0
176
     1
 62
     7
420
 16777215
176
     1
 90
        1
176
     1
 90
        2
176
     1
 62
     7
176
     1
 62
   257
176
     1
 90
        2
176
     1
 90
        1
176
     1
 40
1.0
176
     1
 90
        8
176
     1
 62
   257
176
     1
 40
1.0
176
     1
 90
        1
176
     1
 90
        6
176
     1
 90
        2
176
     1
 62
     7
176
     1
 90
        3
176
     1
 90
        0
176
     1
 90
        0
176
     1
290
     0
176
     1
 90
        5
176
     1
 40
0.0
176
     1
 90
        0
176
     1
290
     0
176
     1
290
     1
176
     1
290
     1
176
     1
290
     0
176
     1
290
     0
176
     1
290
     0
176
     1
290
     0
176
     1
290
     0
176
     1
290
     0
176
     1
 90
       50
176
     1
 40
0.0
176
     1
 40
1.0
176
     1
 90
        0
176
     1
 62
    18
420
        0
176
     1
 90
       50
176
     1
 90
        3
176
     1
 62
     5
420
      255
176
     1
290
     0
176
     1
 90
       50
176
     1
 90
       50
176
     1
 90
       50
176
     1
290
     0
176
     1
 90
       50
176
     1
 62
   256
176
     0
 40
1.0
176
     0
 90
        2
176
     1
  1
strokes_ogs.tif
176
     1
290
     0
176
     1
 40
1.0
176
     1
 40
1.0
176
     1
  0
VISUALSTYLE
  5
454
102
{ACAD_REACTORS
330
374
102
}
330
374
100
AcDbVisualStyle
  2
Shades of Gray
 70
    23
177
     3
291
     0
 70
    58
 90
        2
176
     1
 90
        2
176
     1
 90
        3
176
     1
 90
        0
176
     1
 40
0.6
176
     1
 40
30.0
176
     1
 62
     7
420
 16777215
176
     1
 90
        2
176
     1
 90
        2
176
     1
 62
     7
176
     1
 62
     7
176
     1
 90
        1
176
     1
 90
        1
176
     1
 40
40.0
176
     1
 90
        8
176
     1
 62
     7
176
     1
 40
1.0
176
     1
 90
        1
176
     1
 90
        6
176
     1
 90
        2
176
     1
 62
     7
176
     1
 90
        3
176
     1
 90
        0
176
     1
 90
        0
176
     1
290
     0
176
     1
 90
        1
176
     1
 40
0.0
176
     1
 90
        0
176
     1
290
     0
176
     1
290
     1
176
     1
290
     1
176
     1
290
     0
176
     1
290
     0
176
     1
290
     0
176
     1
290
     0
176
     1
290
     0
176
     1
290
     0
176
     1
 90
       50
176
     1
 40
0.0
176
     1
 40
1.0
176
     1
 90
        0
176
     1
 62
    18
420
        0
176
     1
 90
       50
176
     1
 90
        3
176
     1
 62
     5
420
      255
176
     1
290
     0
176
     1
 90
       50
176
     1
 90
       50
176
     1
 90
       50
176
     1
290
     0
176
     1
 90
       50
176
     1
 62
   256
176
     0
 40
1.0
176
     0
 90
        2
176
     1
  1
strokes_ogs.tif
176
     1
290
     0
176
     1
 40
1.0
176
     1
 40
1.0
176
     1
  0
VISUALSTYLE
  5
455
102
{ACAD_REACTORS
330
374
102
}
330
374
100
AcDbVisualStyle
  2
Sketchy
 70
    24
177
     3
291
     0
 70
    58
 90
        1
176
     1
 90
        2
176
     1
 90
        2
176
     1
 90
        0
176
     1
 40
0.6
176
     1
 40
30.0
176
     1
 62
     7
420
 16777215
176
     1
 90
        2
176
     1
 90
        2
176
     1
 62
     7
176
     1
 62
     7
176
     1
 90
        1
176
     1
 90
        1
176
     1
 40
40.0
176
     1
 90
       11
176
     1
 62
     7
176
     1
 40
1.0
176
     1
 90
        1
176
     1
 90
        6
176
     1
 90
        2
176
     1
 62
     7
176
     1
 90
        6
176
     1
 90
        0
176
     1
 90
        0
176
     1
290
     0
176
     1
 90
        1
176
     1
 40
0.0
176
     1
 90
        0
176
     1
290
     0
176
     1
290
     1
176
     1
290
     1
176
     1
290
     0
176
     1
290
     0
176
     1
290
     0
176
     1
290
     0
176
     1
290
     0
176
     1
290
     0
176
     1
 90
       50
176
     1
 40
0.0
176
     1
 40
1.0
176
     1
 90
        0
176
     1
 62
    18
420
        0
176
     1
 90
       50
176
     1
 90
        3
176
     1
 62
     5
420
      255
176
     1
290
     0
176
     1
 90
       50
176
     1
 90
       50
176
     1
 90
       50
176
     1
290
     0
176
     1
 90
       50
176
     1
 62
   256
176
     0
 40
1.0
176
     0
 90
        2
176
     1
  1
strokes_ogs.tif
176
     1
290
     0
176
     1
 40
1.0
176
     1
 40
1.0
176
     1
  0
VISUALSTYLE
  5
456
102
{ACAD_REACTORS
330
374
102
}
330
374
100
AcDbVisualStyle
  2
Thicken
 70
    13
177
     3
291
     1
 70
    58
 90
        2
176
     1
 90
        2
176
     1
 90
        0
176
     1
 90
        0
176
     1
 40
0.6
176
     1
 40
30.0
176
     1
 62
     7
420
 16777215
176
     1
 90
        1
176
     1
 90
        4
176
     1
 62
     7
176
     1
 62
   257
176
     1
 90
        1
176
     1
 90
        1
176
     1
 40
1.0
176
     1
 90
       12
176
     1
 62
     7
176
     1
 40
1.0
176
     1
 90
        1
176
     1
 90
        6
176
     1
 90
        2
176
     1
 62
     7
176
     1
 90
        5
176
     1
 90
        0
176
     1
 90
        0
176
     1
290
     0
176
     1
 90
        1
176
     1
 40
0.0
176
     1
 90
        0
176
     1
290
     0
176
     1
290
     1
176
     1
290
     1
176
     1
290
     0
176
     1
290
     0
176
     1
290
     0
176
     1
290
     0
176
     1
290
     0
176
     1
290
     0
176
     1
 90
       50
176
     1
 40
0.0
176
     1
 40
1.0
176
     1
 90
        0
176
     1
 62
    18
420
        0
176
     1
 90
       50
176
     1
 90
        3
176
     1
 62
     5
420
      255
176
     1
290
     0
176
     1
 90
       50
176
     1
 90
       50
176
     1
 90
       50
176
     1
290
     0
176
     1
 90
       50
176
     1
 62
   256
176
     0
 40
1.0
176
     0
 90
        2
176
     1
  1
strokes_ogs.tif
176
     1
290
     0
176
     1
 40
1.0
176
     1
 40
1.0
176
     1
  0
VISUALSTYLE
  5
39C
102
{ACAD_REACTORS
330
374
102
}
330
374
100
AcDbVisualStyle
  2
Wireframe
 70
     5
177
     3
291
     0
 70
    58
 90
        0
176
     1
 90
        2
176
     1
 90
        0
176
     1
 90
        0
176
     1
 40
0.6
176
     1
 40
30.0
176
     1
 62
     7
420
 16777215
176
     1
 90
        1
176
     1
 90
        4
176
     1
 62
     7
176
     1
 62
   257
176
     1
 90
        1
176
     1
 90
        1
176
     1
 40
1.0
176
     1
 90
        0
176
     1
 62
   257
176
     1
 40
1.0
176
     1
 90
        1
176
     1
 90
        6
176
     1
 90
        2
176
     1
 62
     7
176
     1
 90
        3
176
     1
 90
        0
176
     1
 90
        0
176
     1
290
     0
176
     1
 90
        1
176
     1
 40
0.0
176
     1
 90
        0
176
     1
290
     0
176
     1
290
     1
176
     1
290
     1
176
     1
290
     0
176
     1
290
     0
176
     1
290
     0
176
     1
290
     0
176
     1
290
     0
176
     1
290
     0
176
     1
 90
       50
176
     1
 40
0.0
176
     1
 40
1.0
176
     1
 90
        0
176
     1
 62
    18
420
        0
176
     1
 90
       50
176
     1
 90
        3
176
     1
 62
     5
420
      255
176
     1
290
     0
176
     1
 90
       50
176
     1
 90
       50
176
     1
 90
       50
176
     1
290
     0
176
     1
 90
       50
176
     1
 62
   256
176
     0
 40
1.0
176
     0
 90
        2
176
     1
  1
strokes_ogs.tif
176
     1
290
     0
176
     1
 40
1.0
176
     1
 40
1.0
176
     1
  0
VISUALSTYLE
  5
457
102
{ACAD_REACTORS
330
374
102
}
330
374
100
AcDbVisualStyle
  2
X-Ray
 70
    25
177
     3
291
     0
 70
    58
 90
        2
176
     1
 90
        2
176
     1
 90
        1
176
     1
 90
        1
176
     1
 40
0.5
176
     1
 40
30.0
176
     1
 62
     7
420
 16777215
176
     1
 90
        1
176
     1
 90
        0
176
     1
 62
     7
176
     1
 62
   257
176
     1
 90
        1
176
     1
 90
        1
176
     1
 40
1.0
176
     1
 90
        8
176
     1
 62
     7
176
     1
 40
1.0
176
     1
 90
        1
176
     1
 90
        6
176
     1
 90
        2
176
     1
 62
     7
176
     1
 90
        3
176
     1
 90
        0
176
     1
 90
        0
176
     1
290
     0
176
     1
 90
       13
176
     1
 40
0.0
176
     1
 90
        0
176
     1
290
     0
176
     1
290
     1
176
     1
290
     1
176
     1
290
     0
176
     1
290
     0
176
     1
290
     0
176
     1
290
     0
176
     1
290
     0
176
     1
290
     0
176
     1
 90
       50
176
     1
 40
0.0
176
     1
 40
1.0
176
     1
 90
        0
176
     1
 62
    18
420
        0
176
     1
 90
       50
176
     1
 90
        3
176
     1
 62
     5
420
      255
176
     1
290
     0
176
     1
 90
       50
176
     1
 90
       50
176
     1
 90
       50
176
     1
290
     0
176
     1
 90
       50
176
     1
 62
   256
176
     0
 40
1.0
176
     0
 90
        2
176
     1
  1
strokes_ogs.tif
176
     1
290
     0
176
     1
 40
1.0
176
     1
 40
1.0
176
     1
  0
DICTIONARYVAR
  5
392
102
{ACAD_REACTORS
330
391
102
}
330
391
100
DictionaryVariables
280
     0
  1
1:1
  0
DICTIONARYVAR
  5
393
102
{ACAD_REACTORS
330
391
102
}
330
391
100
DictionaryVariables
280
     0
  1
3.500000
  0
DICTIONARYVAR
  5
394
102
{ACAD_REACTORS
330
391
102
}
330
391
100
DictionaryVariables
280
     0
  1
acadiso.lin
  0
DICTIONARYVAR
  5
395
102
{ACAD_REACTORS
330
391
102
}
330
391
100
DictionaryVariables
280
     0
  1
STANDARD
  0
DICTIONARYVAR
  5
396
102
{ACAD_REACTORS
330
391
102
}
330
391
100
DictionaryVariables
280
     0
  1
STANDARD
  0
DICTIONARYVAR
  5
397
102
{ACAD_REACTORS
330
391
102
}
330
391
100
DictionaryVariables
280
     0
  1
Imperial24
  0
DICTIONARYVAR
  5
398
102
{ACAD_REACTORS
330
391
102
}
330
391
100
DictionaryVariables
280
     0
  1
Imperial24
  0
DICTIONARYVAR
  5
647
102
{ACAD_REACTORS
330
391
102
}
330
391
100
DictionaryVariables
280
     0
  1
0
  0
DICTIONARYVAR
  5
648
102
{ACAD_REACTORS
330
391
102
}
330
391
100
DictionaryVariables
280
     0
  1
0
  0
DICTIONARYVAR
  5
646
102
{ACAD_REACTORS
330
391
102
}
330
391
100
DictionaryVariables
280
     0
  1
2
  0
DICTIONARYVAR
  5
645
102
{ACAD_REACTORS
330
391
102
}
330
391
100
DictionaryVariables
280
     0
  1
1
  0
DICTIONARY
  5
608
330
359
100
AcDbDictionary
280
     1
281
     1
  0
DICTIONARY
  5
386
330
385
100
AcDbDictionary
280
     1
281
     1
  3
BUMPTILE
360
387
  3
DIFFUSETILE
360
388
  3
OPACITYTILE
360
389
  3
REFLECTIONTILE
360
38A
  3
REFRACTIONTILE
360
38B
  3
SPECULARTILE
360
38C
  0
DICTIONARY
  5
37E
330
37D
100
AcDbDictionary
280
     1
281
     1
  3
BUMPTILE
360
37F
  3
DIFFUSETILE
360
380
  3
OPACITYTILE
360
381
  3
REFLECTIONTILE
360
382
  3
REFRACTIONTILE
360
383
  3
SPECULARTILE
360
384
  0
DICTIONARY
  5
C
330
A
100
AcDbDictionary
280
     1
281
     1
  3
BUMPTILE
360
D
  3
DIFFUSETILE
360
E
  3
OPACITYTILE
360
F
  3
REFLECTIONTILE
360
10
  3
REFRACTIONTILE
360
11
  3
SPECULARTILE
360
12
  0
DICTIONARY
  5
5F9
330
39A
100
AcDbDictionary
280
     1
281
     1
  3
ACAD_ROUNDTRIP_2008_TABLESTYLE_CELLSTYLEMAP
360
65D
  0
XRECORD
  5
387
102
{ACAD_REACTORS
330
386
102
}
330
386
100
AcDbXrecord
280
     1
270
     1
271
     1
  0
XRECORD
  5
388
102
{ACAD_REACTORS
330
386
102
}
330
386
100
AcDbXrecord
280
     1
270
     1
271
     1
  0
XRECORD
  5
389
102
{ACAD_REACTORS
330
386
102
}
330
386
100
AcDbXrecord
280
     1
270
     1
271
     1
  0
XRECORD
  5
38A
102
{ACAD_REACTORS
330
386
102
}
330
386
100
AcDbXrecord
280
     1
270
     1
271
     1
  0
XRECORD
  5
38B
102
{ACAD_REACTORS
330
386
102
}
330
386
100
AcDbXrecord
280
     1
270
     1
271
     1
  0
XRECORD
  5
38C
102
{ACAD_REACTORS
330
386
102
}
330
386
100
AcDbXrecord
280
     1
270
     1
271
     1
  0
XRECORD
  5
37F
102
{ACAD_REACTORS
330
37E
102
}
330
37E
100
AcDbXrecord
280
     1
270
     1
271
     1
  0
XRECORD
  5
380
102
{ACAD_REACTORS
330
37E
102
}
330
37E
100
AcDbXrecord
280
     1
270
     1
271
     1
  0
XRECORD
  5
381
102
{ACAD_REACTORS
330
37E
102
}
330
37E
100
AcDbXrecord
280
     1
270
     1
271
     1
  0
XRECORD
  5
382
102
{ACAD_REACTORS
330
37E
102
}
330
37E
100
AcDbXrecord
280
     1
270
     1
271
     1
  0
XRECORD
  5
383
102
{ACAD_REACTORS
330
37E
102
}
330
37E
100
AcDbXrecord
280
     1
270
     1
271
     1
  0
XRECORD
  5
384
102
{ACAD_REACTORS
330
37E
102
}
330
37E
100
AcDbXrecord
280
     1
270
     1
271
     1
  0
XRECORD
  5
D
102
{ACAD_REACTORS
330
C
102
}
330
C
100
AcDbXrecord
280
     1
270
     1
271
     1
  0
XRECORD
  5
E
102
{ACAD_REACTORS
330
C
102
}
330
C
100
AcDbXrecord
280
     1
270
     1
271
     1
  0
XRECORD
  5
F
102
{ACAD_REACTORS
330
C
102
}
330
C
100
AcDbXrecord
280
     1
270
     1
271
     1
  0
XRECORD
  5
10
102
{ACAD_REACTORS
330
C
102
}
330
C
100
AcDbXrecord
280
     1
270
     1
271
     1
  0
XRECORD
  5
11
102
{ACAD_REACTORS
330
C
102
}
330
C
100
AcDbXrecord
280
     1
270
     1
271
     1
  0
XRECORD
  5
12
102
{ACAD_REACTORS
330
C
102
}
330
C
100
AcDbXrecord
280
     1
270
     1
271
     1
  0
CELLSTYLEMAP
  5
65D
102
{ACAD_REACTORS
330
5F9
102
}
330
5F9
100
AcDbCellStyleMap
 90
        3
300
CELLSTYLE
  1
TABLEFORMAT_BEGIN
 90
        5
170
     1
 91
        0
 92
    32768
 62
   257
 93
        1
300
CONTENTFORMAT
  1
CONTENTFORMAT_BEGIN
 90
        0
 91
        0
 92
      512
 93
        0
300

 40
0.0
140
1.0
 94
        5
 62
     0
340
36A
144
6.0
309
CONTENTFORMAT_END
171
     1
301
MARGIN
  1
CELLMARGIN_BEGIN
 40
1.5
 40
1.5
 40
1.5
 40
1.5
 40
4.5
 40
4.5
309
CELLMARGIN_END
 94
        6
 95
        1
302
GRIDFORMAT
  1
GRIDFORMAT_BEGIN
 90
        0
 91
        1
 62
     0
 92
       -2
340
0
 93
        0
 40
1.13
309
GRIDFORMAT_END
 95
        2
302
GRIDFORMAT
  1
GRIDFORMAT_BEGIN
 90
        0
 91
        1
 62
     0
 92
       -2
340
0
 93
        0
 40
1.13
309
GRIDFORMAT_END
 95
        4
302
GRIDFORMAT
  1
GRIDFORMAT_BEGIN
 90
        0
 91
        1
 62
     0
 92
       -2
340
0
 93
        0
 40
1.13
309
GRIDFORMAT_END
 95
        8
302
GRIDFORMAT
  1
GRIDFORMAT_BEGIN
 90
        0
 91
        1
 62
     0
 92
       -2
340
0
 93
        0
 40
1.13
309
GRIDFORMAT_END
 95
       16
302
GRIDFORMAT
  1
GRIDFORMAT_BEGIN
 90
        0
 91
        1
 62
     0
 92
       -2
340
0
 93
        0
 40
1.13
309
GRIDFORMAT_END
 95
       32
302
GRIDFORMAT
  1
GRIDFORMAT_BEGIN
 90
        0
 91
        1
 62
     0
 92
       -2
340
0
 93
        0
 40
1.13
309
GRIDFORMAT_END
309
TABLEFORMAT_END
  1
CELLSTYLE_BEGIN
 90
        1
 91
        1
300
_TITLE
309
CELLSTYLE_END
300
CELLSTYLE
  1
TABLEFORMAT_BEGIN
 90
        5
170
     1
 91
        0
 92
        0
 62
   257
 93
        1
300
CONTENTFORMAT
  1
CONTENTFORMAT_BEGIN
 90
        0
 91
        0
 92
      512
 93
        0
300

 40
0.0
140
1.0
 94
        5
 62
     0
340
36A
144
4.5
309
CONTENTFORMAT_END
171
     1
301
MARGIN
  1
CELLMARGIN_BEGIN
 40
1.5
 40
1.5
 40
1.5
 40
1.5
 40
4.5
 40
4.5
309
CELLMARGIN_END
 94
        6
 95
        1
302
GRIDFORMAT
  1
GRIDFORMAT_BEGIN
 90
        0
 91
        1
 62
     0
 92
       -2
340
0
 93
        0
 40
1.13
309
GRIDFORMAT_END
 95
        2
302
GRIDFORMAT
  1
GRIDFORMAT_BEGIN
 90
        0
 91
        1
 62
     0
 92
       -2
340
0
 93
        0
 40
1.13
309
GRIDFORMAT_END
 95
        4
302
GRIDFORMAT
  1
GRIDFORMAT_BEGIN
 90
        0
 91
        1
 62
     0
 92
       -2
340
0
 93
        0
 40
1.13
309
GRIDFORMAT_END
 95
        8
302
GRIDFORMAT
  1
GRIDFORMAT_BEGIN
 90
        0
 91
        1
 62
     0
 92
       -2
340
0
 93
        0
 40
1.13
309
GRIDFORMAT_END
 95
       16
302
GRIDFORMAT
  1
GRIDFORMAT_BEGIN
 90
        0
 91
        1
 62
     0
 92
       -2
340
0
 93
        0
 40
1.13
309
GRIDFORMAT_END
 95
       32
302
GRIDFORMAT
  1
GRIDFORMAT_BEGIN
 90
        0
 91
        1
 62
     0
 92
       -2
340
0
 93
        0
 40
1.13
309
GRIDFORMAT_END
309
TABLEFORMAT_END
  1
CELLSTYLE_BEGIN
 90
        2
 91
        1
300
_HEADER
309
CELLSTYLE_END
300
CELLSTYLE
  1
TABLEFORMAT_BEGIN
 90
        5
170
     1
 91
        0
 92
        0
 62
   257
 93
        1
300
CONTENTFORMAT
  1
CONTENTFORMAT_BEGIN
 90
        0
 91
        0
 92
      512
 93
        0
300

 40
0.0
140
1.0
 94
        2
 62
     0
340
36A
144
4.5
309
CONTENTFORMAT_END
171
     1
301
MARGIN
  1
CELLMARGIN_BEGIN
 40
1.5
 40
1.5
 40
1.5
 40
1.5
 40
4.5
 40
4.5
309
CELLMARGIN_END
 94
        6
 95
        1
302
GRIDFORMAT
  1
GRIDFORMAT_BEGIN
 90
        0
 91
        1
 62
     0
 92
       -2
340
0
 93
        0
 40
1.13
309
GRIDFORMAT_END
 95
        2
302
GRIDFORMAT
  1
GRIDFORMAT_BEGIN
 90
        0
 91
        1
 62
     0
 92
       -2
340
0
 93
        0
 40
1.13
309
GRIDFORMAT_END
 95
        4
302
GRIDFORMAT
  1
GRIDFORMAT_BEGIN
 90
        0
 91
        1
 62
     0
 92
       -2
340
0
 93
        0
 40
1.13
309
GRIDFORMAT_END
 95
        8
302
GRIDFORMAT
  1
GRIDFORMAT_BEGIN
 90
        0
 91
        1
 62
     0
 92
       -2
340
0
 93
        0
 40
1.13
309
GRIDFORMAT_END
 95
       16
302
GRIDFORMAT
  1
GRIDFORMAT_BEGIN
 90
        0
 91
        1
 62
     0
 92
       -2
340
0
 93
        0
 40
1.13
309
GRIDFORMAT_END
 95
       32
302
GRIDFORMAT
  1
GRIDFORMAT_BEGIN
 90
        0
 91
        1
 62
     0
 92
       -2
340
0
 93
        0
 40
1.13
309
GRIDFORMAT_END
309
TABLEFORMAT_END
  1
CELLSTYLE_BEGIN
 90
        3
 91
        2
300
_DATA
309
CELLSTYLE_END
  0
ENDSEC
  0
SECTION
  2
ACDSDATA
 70
     2
 71
     8
  0
ACDSSCHEMA
 90
        0
  1
AcDb_Thumbnail_Schema
  2
AcDbDs::ID
280
    10
 91
        8
  2
Thumbnail_Data
280
    15
 91
        0
101
ACDSRECORD
 95
        0
 90
        1
  2
AcDbDs::TreatedAsObjectData
280
     1
291
     1
101
ACDSRECORD
 95
        0
 90
        2
  2
AcDbDs::Legacy
280
     1
291
     1
101
ACDSRECORD
  1
AcDbDs::ID
 90
        3
  2
AcDs:Indexable
280
     1
291
     1
101
ACDSRECORD
  1
AcDbDs::ID
 90
        4
  2
AcDbDs::HandleAttribute
280
     7
282
     1
  0
ACDSSCHEMA
 90
        1
  1
AcDbDs::TreatedAsObjectDataSchema
  2
AcDbDs::TreatedAsObjectData
280
     1
 91
        0
  0
ACDSSCHEMA
 90
        2
  1
AcDbDs::LegacySchema
  2
AcDbDs::Legacy
280
     1
 91
        0
  0
ACDSSCHEMA
 90
        3
  1
AcDbDs::IndexedPropertySchema
  2
AcDs:Indexable
280
     1
 91
        0
  0
ACDSSCHEMA
 90
        4
  1
AcDbDs::HandleAttributeSchema
  2
AcDbDs::HandleAttribute
280
     7
 91
        1
284
     1
  0
ACDSRECORD
 90
        0
  2
AcDbDs::ID
280
    10
320
359
  2
Thumbnail_Data
280
    15
 94
     1650
310
89504E470D0A1A0A0000000D4948445200000100000000AB0803000000BE00B2CD00000300504C5445000000FFFFFF0000000000000000000000000000000000000000000000000000000000330000660000990000CC0000FF0033000033330033660033990033CC0033FF0066000066330066660066990066CC0066FF0099
310
000099330099660099990099CC0099FF00CC0000CC3300CC6600CC9900CCCC00CCFF00FF0000FF3300FF6600FF9900FFCC00FFFF3300003300333300663300993300CC3300FF3333003333333333663333993333CC3333FF3366003366333366663366993366CC3366FF3399003399333399663399993399CC3399FF33CC00
310
33CC3333CC6633CC9933CCCC33CCFF33FF0033FF3333FF6633FF9933FFCC33FFFF6600006600336600666600996600CC6600FF6633006633336633666633996633CC6633FF6666006666336666666666996666CC6666FF6699006699336699666699996699CC6699FF66CC0066CC3366CC6666CC9966CCCC66CCFF66FF0066
310
FF3366FF6666FF9966FFCC66FFFF9900009900339900669900999900CC9900FF9933009933339933669933999933CC9933FF9966009966339966669966999966CC9966FF9999009999339999669999999999CC9999FF99CC0099CC3399CC6699CC9999CCCC99CCFF99FF0099FF3399FF6699FF9999FFCC99FFFFCC0000CC00
310
33CC0066CC0099CC00CCCC00FFCC3300CC3333CC3366CC3399CC33CCCC33FFCC6600CC6633CC6666CC6699CC66CCCC66FFCC9900CC9933CC9966CC9999CC99CCCC99FFCCCC00CCCC33CCCC66CCCC99CCCCCCCCCCFFCCFF00CCFF33CCFF66CCFF99CCFFCCCCFFFFFF0000FF0033FF0066FF0099FF00CCFF00FFFF3300FF3333
310
FF3366FF3399FF33CCFF33FFFF6600FF6633FF6666FF6699FF66CCFF66FFFF9900FF9933FF9966FF9999FF99CCFF99FFFFCC00FFCC33FFCC66FFCC99FFCCCCFFCCFFFFFF00FFFF33FFFF66FFFF99FFFFCCFFFFFF0000000D0D0D1A1A1A2828283535354343435050505D5D5D6B6B6B787878868686939393A1A1A1AEAEAEBB
310
BBBBC9C9C9D6D6D6E4E4E4F1F1F1FFFFFF0000000000000000000000000000000000000000000000000000000000003AE5ACE90000032D4944415478DAED9A4D7284201046398E1BEFBFE324730837EC03C89F0A0E682AF64CDEAB4A4298CA17FC84EE06550A00000000000000000000000000000000000000000000000000
310
0000000000000000E02B998F98D430FB2E3337E814321D427F6DC0A16732536C985D57EE39AA7409990EA1C70D5053D9307EA8D3FEA31E032E0A0930A0C48EBBFC75CC804B42326680BF5F9B1B977AC666C0B8908C1990EF576CAC3DC333C06CFFBE4348580CD8B66EC4806E210CC0000CC080270CC843D287466AE9DAE5ED
310
0CB82BF490014599B22CB626F75FBEE57F268ACA66AA1AF04E28347453E83103EC9D5847726A40BC699332AA6140167AD99CFFAA1BA09A42CFC5806C40F89686A962A334A01D03E2A72F57F5BDEA42AA2924C1003BEEF5DB4D03FC0CA80B7DA001AE841F35C0613EC780B049DF1AE03B97B0870906F8757E6280290D589C58
310
DC0C2521D5149260801B7B58BA268EF7BA0149E8830CB0E39E77E32E63C0B71A90B3803360BE9F055603E6CFCB02AB014B1EF77CDD009BF9B3503AF4946EC01AFA8A0A76BE62800D7F9BD021DA001FECA201A1E60B955F2CDF8A39E15679B312CC422AC5CE95A2AC544D21097B018FD67EC87A53C10EED0566AD9D1D5EC86B
310
682717D4A5ED055C0E28D2609CB0FE11465E0C290B98A9BD1B34F1F47F6EEF065316380A3DB8192A0CF066D84B375BCA3478B2191A3040895C027EEA6A37617D41682F3C1930B61D4E337F8FC4255099018B0A5DBB738C62CB5B3B1089979497D2D23810A909C92885FD475A9D19F0BE12CC65C4A9014A4E0CC869D0DFB7F6
310
0C98BA6240AEFF9A064C326340487A3606B850B0612806E8104C5C54D1BD420FC6807D25E8B340F52C733A8F01B91032DB4AB04748460CC869F0660C383740EE79C0AF19F02606083260BB046225787709BC3140D01238D62F0E73085FC3CF05C26380F8E7E9A7C0E70287C2F5FC814E3B0DE6B9B06F541F8D89792E3038EE
310
760CB827840118800118F0BC011D6FB7997484F48DAFC9F5BCDF98AFFFDB5E94FCE337457753E9FFC5007106187528EA4CA5687B6FC051C874083D6E00AFCBFFFB34784D6516349CA1FFF83BFCA21000000000000000000000000000000000000000000000000040073F24EA36DFEA65936F0000000049454E44AE426082
  0
ENDSEC
  0
EOF
