  0
SECTION
  2
HEADER
  9
$ACADVER
  1
AC1032
  9
$ACADMAINTVER
 90
      174
  9
$DWGCODEPAGE
  3
ANSI_936
  9
$LASTSAVEDBY
  1
10333
  9
$REQUIREDVERSIONS
160
                 0
  9
$INSBASE
 10
0.0
 20
0.0
 30
0.0
  9
$EXTMIN
 10
37498.18
 20
15787.53
 30
0.0
  9
$EXTMAX
 10
66098.18
 20
38387.53
 30
0.0
  9
$LIMMIN
 10
0.0
 20
0.0
  9
$LIMMAX
 10
420.0
 20
297.0
  9
$ORTHOMODE
 70
     1
  9
$REGENMODE
 70
     1
  9
$FILLMODE
 70
     1
  9
$QTEXTMODE
 70
     0
  9
$MIRRTEXT
 70
     0
  9
$LTSCALE
 40
1.0
  9
$ATTMODE
 70
     1
  9
$TEXTSIZE
 40
2.5
  9
$TRACEWID
 40
1.0
  9
$TEXTSTYLE
  7
Standard
  9
$CLAYER
  8
0
  9
$CELTYPE
  6
ByLayer
  9
$CECOLOR
 62
   256
  9
$CELTSCALE
 40
1.0
  9
$DISPSILH
 70
     0
  9
$DIMSCALE
 40
1.0
  9
$DIMASZ
 40
2.5
  9
$DIMEXO
 40
0.63
  9
$DIMDLI
 40
3.75
  9
$DIMRND
 40
0.0
  9
$DIMDLE
 40
0.0
  9
$DIMEXE
 40
1.25
  9
$DIMTP
 40
0.0
  9
$DIMTM
 40
0.0
  9
$DIMTXT
 40
2.5
  9
$DIMCEN
 40
2.5
  9
$DIMTSZ
 40
0.0
  9
$DIMTOL
 70
     0
  9
$DIMLIM
 70
     0
  9
$DIMTIH
 70
     0
  9
$DIMTOH
 70
     0
  9
$DIMSE1
 70
     0
  9
$DIMSE2
 70
     0
  9
$DIMTAD
 70
     1
  9
$DIMZIN
 70
     8
  9
$DIMBLK
  1

  9
$DIMASO
 70
     1
  9
$DIMSHO
 70
     1
  9
$DIMPOST
  1

  9
$DIMAPOST
  1

  9
$DIMALT
 70
     0
  9
$DIMALTD
 70
     3
  9
$DIMALTF
 40
0.04
  9
$DIMLFAC
 40
1.0
  9
$DIMTOFL
 70
     1
  9
$DIMTVP
 40
0.0
  9
$DIMTIX
 70
     0
  9
$DIMSOXD
 70
     0
  9
$DIMSAH
 70
     0
  9
$DIMBLK1
  1

  9
$DIMBLK2
  1

  9
$DIMSTYLE
  2
ISO-25
  9
$DIMCLRD
 70
     0
  9
$DIMCLRE
 70
     0
  9
$DIMCLRT
 70
     0
  9
$DIMTFAC
 40
1.0
  9
$DIMGAP
 40
0.63
  9
$DIMJUST
 70
     0
  9
$DIMSD1
 70
     0
  9
$DIMSD2
 70
     0
  9
$DIMTOLJ
 70
     0
  9
$DIMTZIN
 70
     8
  9
$DIMALTZ
 70
     0
  9
$DIMALTTZ
 70
     0
  9
$DIMUPT
 70
     0
  9
$DIMDEC
 70
     2
  9
$DIMTDEC
 70
     2
  9
$DIMALTU
 70
     2
  9
$DIMALTTD
 70
     3
  9
$DIMTXSTY
  7
Standard
  9
$DIMAUNIT
 70
     0
  9
$DIMADEC
 70
     0
  9
$DIMALTRND
 40
0.0
  9
$DIMAZIN
 70
     0
  9
$DIMDSEP
 70
    46
  9
$DIMATFIT
 70
     3
  9
$DIMFRAC
 70
     0
  9
$DIMLDRBLK
  1

  9
$DIMLUNIT
 70
     2
  9
$DIMLWD
 70
    -2
  9
$DIMLWE
 70
    -2
  9
$DIMTMOVE
 70
     0
  9
$DIMFXL
 40
100.0
  9
$DIMFXLON
 70
     0
  9
$DIMJOGANG
 40
1.57
  9
$DIMTFILL
 70
     0
  9
$DIMTFILLCLR
 70
     0
  9
$DIMARCSYM
 70
     0
  9
$DIMLTYPE
  6

  9
$DIMLTEX1
  6

  9
$DIMLTEX2
  6

  9
$DIMTXTDIRECTION
 70
     0
  9
$LUNITS
 70
     2
  9
$LUPREC
 70
     4
  9
$SKETCHINC
 40
1.0
  9
$FILLETRAD
 40
0.0
  9
$AUNITS
 70
     0
  9
$AUPREC
 70
     0
  9
$MENU
  1
.
  9
$ELEVATION
 40
0.0
  9
$PELEVATION
 40
0.0
  9
$THICKNESS
 40
0.0
  9
$LIMCHECK
 70
     0
  9
$CHAMFERA
 40
0.0
  9
$CHAMFERB
 40
0.0
  9
$CHAMFERC
 40
0.0
  9
$CHAMFERD
 40
0.0
  9
$SKPOLY
 70
     0
  9
$TDCREATE
 40
2461268.566111111
  9
$TDUCREATE
 40
2461268.232777777
  9
$TDUPDATE
 40
2461268.618310185
  9
$TDUUPDATE
 40
2461268.284976852
  9
$TDINDWG
 40
0.0519444444
  9
$TDUSRTIMER
 40
0.0519444444
  9
$USRTIMER
 70
     1
  9
$ANGBASE
 50
0.0
  9
$ANGDIR
 70
     0
  9
$PDMODE
 70
     0
  9
$PDSIZE
 40
0.0
  9
$PLINEWID
 40
0.0
  9
$SPLFRAME
 70
     0
  9
$SPLINETYPE
 70
     6
  9
$SPLINESEGS
 70
     8
  9
$HANDSEED
  5
44C
  9
$SURFTAB1
 70
     6
  9
$SURFTAB2
 70
     6
  9
$SURFTYPE
 70
     6
  9
$SURFU
 70
     6
  9
$SURFV
 70
     6
  9
$UCSBASE
  2

  9
$UCSNAME
  2

  9
$UCSORG
 10
0.0
 20
0.0
 30
0.0
  9
$UCSXDIR
 10
1.0
 20
0.0
 30
0.0
  9
$UCSYDIR
 10
0.0
 20
1.0
 30
0.0
  9
$UCSORTHOREF
  2

  9
$UCSORTHOVIEW
 70
     0
  9
$UCSORGTOP
 10
0.0
 20
0.0
 30
0.0
  9
$UCSORGBOTTOM
 10
0.0
 20
0.0
 30
0.0
  9
$UCSORGLEFT
 10
0.0
 20
0.0
 30
0.0
  9
$UCSORGRIGHT
 10
0.0
 20
0.0
 30
0.0
  9
$UCSORGFRONT
 10
0.0
 20
0.0
 30
0.0
  9
$UCSORGBACK
 10
0.0
 20
0.0
 30
0.0
  9
$PUCSBASE
  2

  9
$PUCSNAME
  2

  9
$PUCSORG
 10
0.0
 20
0.0
 30
0.0
  9
$PUCSXDIR
 10
1.0
 20
0.0
 30
0.0
  9
$PUCSYDIR
 10
0.0
 20
1.0
 30
0.0
  9
$PUCSORTHOREF
  2

  9
$PUCSORTHOVIEW
 70
     0
  9
$PUCSORGTOP
 10
0.0
 20
0.0
 30
0.0
  9
$PUCSORGBOTTOM
 10
0.0
 20
0.0
 30
0.0
  9
$PUCSORGLEFT
 10
0.0
 20
0.0
 30
0.0
  9
$PUCSORGRIGHT
 10
0.0
 20
0.0
 30
0.0
  9
$PUCSORGFRONT
 10
0.0
 20
0.0
 30
0.0
  9
$PUCSORGBACK
 10
0.0
 20
0.0
 30
0.0
  9
$USERI1
 70
     0
  9
$USERI2
 70
     0
  9
$USERI3
 70
     0
  9
$USERI4
 70
     0
  9
$USERI5
 70
     0
  9
$USERR1
 40
0.0
  9
$USERR2
 40
0.0
  9
$USERR3
 40
0.0
  9
$USERR4
 40
0.0
  9
$USERR5
 40
0.0
  9
$WORLDVIEW
 70
     1
  9
$SHADEDGE
 70
     3
  9
$SHADEDIF
 70
    70
  9
$TILEMODE
 70
     1
  9
$MAXACTVP
 70
    64
  9
$PINSBASE
 10
0.0
 20
0.0
 30
0.0
  9
$PLIMCHECK
 70
     0
  9
$PEXTMIN
 10
1.00E+20
 20
1.00E+20
 30
1.00E+20
  9
$PEXTMAX
 10
-1.00E+20
 20
-1.00E+20
 30
-1.00E+20
  9
$PLIMMIN
 10
0.0
 20
0.0
  9
$PLIMMAX
 10
420.0
 20
297.0
  9
$UNITMODE
 70
     0
  9
$VISRETAIN
 70
     1
  9
$PLINEGEN
 70
     0
  9
$PSLTSCALE
 70
     1
  9
$TREEDEPTH
 70
  3020
  9
$CMLSTYLE
  2
Standard
  9
$CMLJUST
 70
     0
  9
$CMLSCALE
 40
20.0
  9
$PROXYGRAPHICS
 70
     1
  9
$MEASUREMENT
 70
     1
  9
$CELWEIGHT
370
    -1
  9
$ENDCAPS
280
     0
  9
$JOINSTYLE
280
     0
  9
$LWDISPLAY
290
     0
  9
$INSUNITS
 70
     4
  9
$HYPERLINKBASE
  1

  9
$STYLESHEET
  1

  9
$XEDIT
290
     1
  9
$CEPSNTYPE
380
     0
  9
$PSTYLEMODE
290
     1
  9
$FINGERPRINTGUID
  2
{806F3767-B89E-A749-B1C5-4EE396946496}
  9
$VERSIONGUID
  2
{994E392D-60F5-2E49-864D-293C9A13F2A0}
  9
$EXTNAMES
290
     1
  9
$PSVPSCALE
 40
0.0
  9
$OLESTARTUP
290
     0
  9
$SORTENTS
280
   127
  9
$INDEXCTL
280
     0
  9
$HIDETEXT
280
     1
  9
$XCLIPFRAME
280
     2
  9
$HALOGAP
280
     0
  9
$OBSCOLOR
 70
   257
  9
$OBSLTYPE
280
     0
  9
$INTERSECTIONDISPLAY
280
     0
  9
$INTERSECTIONCOLOR
 70
   257
  9
$DIMASSOC
280
     2
  9
$PROJECTNAME
  1

  9
$CAMERADISPLAY
290
     0
  9
$LENSLENGTH
 40
50.0
  9
$CAMERAHEIGHT
 40
0.0
  9
$STEPSPERSEC
 40
2.0
  9
$STEPSIZE
 40
6.0
  9
$3DDWFPREC
 40
2.0
  9
$PSOLWIDTH
 40
0.25
  9
$PSOLHEIGHT
 40
4.0
  9
$LOFTANG1
 40
1.57
  9
$LOFTANG2
 40
1.57
  9
$LOFTMAG1
 40
0.0
  9
$LOFTMAG2
 40
0.0
  9
$LOFTPARAM
 70
     7
  9
$LOFTNORMALS
280
     1
  9
$LATITUDE
 40
37.8
  9
$LONGITUDE
 40
-122.39
  9
$NORTHDIRECTION
 40
0.0
  9
$TIMEZONE
 70
 -8000
  9
$LIGHTGLYPHDISPLAY
280
     1
  9
$TILEMODELIGHTSYNCH
280
     1
  9
$CMATERIAL
347
245
  9
$SOLIDHIST
280
     0
  9
$SHOWHIST
280
     1
  9
$DWFFRAME
280
     2
  9
$DGNFRAME
280
     0
  9
$REALWORLDSCALE
290
     1
  9
$INTERFERECOLOR
 62
     1
  9
$INTERFEREOBJVS
345
263
  9
$INTERFEREVPVS
346
264
  9
$CSHADOW
280
     0
  9
$SHADOWPLANELOCATION
 40
0.0
  0
ENDSEC
  0
SECTION
  2
CLASSES
  0
CLASS
  1
ACDBDICTIONARYWDFLT
  2
AcDbDictionaryWithDefault
  3
ObjectDBX Classes
 90
        0
 91
        1
280
     0
281
     0
  0
CLASS
  1
MATERIAL
  2
AcDbMaterial
  3
ObjectDBX Classes
 90
     1153
 91
        3
280
     0
281
     0
  0
CLASS
  1
VISUALSTYLE
  2
AcDbVisualStyle
  3
ObjectDBX Classes
 90
     4095
 91
       24
280
     0
281
     0
  0
CLASS
  1
SCALE
  2
AcDbScale
  3
ObjectDBX Classes
 90
     1153
 91
       17
280
     0
281
     0
  0
CLASS
  1
TABLESTYLE
  2
AcDbTableStyle
  3
ObjectDBX Classes
 90
     4095
 91
        1
280
     0
281
     0
  0
CLASS
  1
MLEADERSTYLE
  2
AcDbMLeaderStyle
  3
ACDB_MLEADERSTYLE_CLASS
 90
     4095
 91
        1
280
     0
281
     0
  0
CLASS
  1
ACDBSECTIONVIEWSTYLE
  2
AcDbSectionViewStyle
  3
ObjectDBX Classes
 90
     1025
 91
        1
280
     0
281
     0
  0
CLASS
  1
ACDBDETAILVIEWSTYLE
  2
AcDbDetailViewStyle
  3
ObjectDBX Classes
 90
     1025
 91
        1
280
     0
281
     0
  0
CLASS
  1
DICTIONARYVAR
  2
AcDbDictionaryVar
  3
ObjectDBX Classes
 90
        0
 91
       12
280
     0
281
     0
  0
CLASS
  1
SORTENTSTABLE
  2
AcDbSortentsTable
  3
ObjectDBX Classes
 90
        0
 91
        2
280
     0
281
     0
  0
CLASS
  1
TCH_DBCONFIG
  2
TDbConfig
  3
"TCH_KERNAL|缺乏解释器天正图形看不见, 请下载天正插件|网址: www.tangent.com.cn"
 90
        1
 91
        1
280
     0
281
     0
  0
CLASS
  1
TCH_WALL
  2
TDbWall
  3
"TCH_KERNAL|缺乏解释器天正图形看不见, 请下载天正插件|网址: www.tangent.com.cn"
 90
        1
 91
        0
280
     0
281
     1
  0
CLASS
  1
TCH_DIMENSION2
  2
TDbDimension2
  3
"TCH_KERNAL|缺乏解释器天正图形看不见, 请下载天正插件|网址: www.tangent.com.cn"
 90
        1
 91
        0
280
     0
281
     1
  0
CLASS
  1
TCH_OPENING
  2
TDbOpening
  3
"TCH_KERNAL|缺乏解释器天正图形看不见, 请下载天正插件|网址: www.tangent.com.cn"
 90
        1
 91
        0
280
     0
281
     1
  0
CLASS
  1
TCH_SPACE
  2
TDbSpace
  3
"TCH_KERNAL|缺乏解释器天正图形看不见, 请下载天正插件|网址: www.tangent.com.cn"
 90
        1
 91
        0
280
     0
281
     1
  0
CLASS
  1
TCH_ERRORMSG
  2
TDbPromptMark
  3
"TCH_KERNAL|缺乏解释器天正图形看不见, 请下载天正插件|网址: www.tangent.com.cn"
 90
        1
 91
        0
280
     0
281
     1
  0
CLASS
  1
TCH_AXIS_LABEL
  2
TDbAxisLabelSet
  3
"TCH_KERNAL|缺乏解释器天正图形看不见, 请下载天正插件|网址: www.tangent.com.cn"
 90
        1
 91
        0
280
     0
281
     1
  0
CLASS
  1
CELLSTYLEMAP
  2
AcDbCellStyleMap
  3
ObjectDBX Classes
 90
     1152
 91
        2
280
     0
281
     0
  0
ENDSEC
  0
SECTION
  2
TABLES
  0
TABLE
  2
VPORT
  5
239
330
0
100
AcDbSymbolTable
 70
     1
  0
VPORT
  5
23A
330
239
100
AcDbSymbolTableRecord
100
AcDbViewportTableRecord
  2
*Active
 70
     0
 10
0.0
 20
0.0
 11
1.0
 21
1.0
 12
57560.0
 22
29951.48
 13
0.0
 23
0.0
 14
10.0
 24
10.0
 15
10.0
 25
10.0
 16
0.0
 26
0.0
 36
1.0
 17
0.0
 27
0.0
 37
0.0
 40
49526.92
 41
1.44
 42
50.0
 43
0.0
 44
0.0
 50
0.0
 51
0.0
 71
     0
 72
  1000
 73
     1
 74
     3
 75
     0
 76
     0
 77
     0
 78
     0
281
     0
 65
     1
110
0.0
120
0.0
130
0.0
111
1.0
121
0.0
131
0.0
112
0.0
122
1.0
132
0.0
 79
     0
146
0.0
348
23B
 60
     3
 61
     5
292
     1
282
     1
141
0.0
142
0.0
 63
   250
421
  3355443
1001
ACAD_NAV_VCDISPLAY
1070
     1
  0
ENDTAB
  0
TABLE
  2
LTYPE
  5
234
330
0
100
AcDbSymbolTable
 70
     6
  0
LTYPE
  5
235
330
234
100
AcDbSymbolTableRecord
100
AcDbLinetypeTableRecord
  2
ByBlock
 70
     0
  3

 72
    65
 73
     0
 40
0.0
  0
LTYPE
  5
236
330
234
100
AcDbSymbolTableRecord
100
AcDbLinetypeTableRecord
  2
ByLayer
 70
     0
  3

 72
    65
 73
     0
 40
0.0
  0
LTYPE
  5
13
330
234
100
AcDbSymbolTableRecord
100
AcDbLinetypeTableRecord
  2
Continuous
 70
     0
  3
Solid line
 72
    65
 73
     0
 40
0.0
  0
LTYPE
  5
28A
330
234
100
AcDbSymbolTableRecord
100
AcDbLinetypeTableRecord
  2
ACAD_ISO05W100
 70
     0
  3
ISO long-dash double-dot ____ .. ____ .. ____ .
 72
    65
 73
     6
 40
34.0
 49
24.0
 74
     0
 49
-3.0
 74
     0
 49
0.5
 74
     0
 49
-3.0
 74
     0
 49
0.5
 74
     0
 49
-3.0
 74
     0
  0
LTYPE
  5
28B
330
234
100
AcDbSymbolTableRecord
100
AcDbLinetypeTableRecord
  2
DASH
 70
     0
  3
__ __ __ __ __ __ __ __ __ __ __ __ __ __ __ __
 72
    65
 73
     2
 40
0.35
 49
0.25
 74
     0
 49
-0.1
 74
     0
  0
LTYPE
  5
28C
330
234
100
AcDbSymbolTableRecord
100
AcDbLinetypeTableRecord
  2
CENTERX2
 70
     0
  3
Center (2x) ________  __  ________  __  _____
 72
    65
 73
     4
 40
4.0
 49
2.5
 74
     0
 49
-0.5
 74
     0
 49
0.5
 74
     0
 49
-0.5
 74
     0
  0
LTYPE
  5
28D
330
234
100
AcDbSymbolTableRecord
100
AcDbLinetypeTableRecord
  2
DASHED
 70
     0
  3
Dashed __ __ __ __ __ __ __ __ __ __ __ __ __ _
 72
    65
 73
     2
 40
0.75
 49
0.5
 74
     0
 49
-0.25
 74
     0
  0
LTYPE
  5
28E
330
234
100
AcDbSymbolTableRecord
100
AcDbLinetypeTableRecord
  2
DOTE
 70
     0
  3
____ . ____ . ____ . ____ . ____ . ____ . ____ 
 72
    65
 73
     4
 40
2.42
 49
2.0
 74
     0
 49
-0.2
 74
     0
 49
0.02
 74
     0
 49
-0.2
 74
     0
  0
ENDTAB
  0
TABLE
  2
LAYER
  5
22B
102
{ACAD_XDICTIONARY
360
22C
102
}
330
0
100
AcDbSymbolTable
 70
    16
  0
LAYER
  5
6
330
22B
100
AcDbSymbolTableRecord
100
AcDbLayerTableRecord
  2
0
 70
     0
 62
     7
  6
Continuous
370
    -3
390
7
347
A
348
0
1001
_LayerManage
1070
     0
1070
     0
1070
     0
  0
LAYER
  5
16
330
22B
100
AcDbSymbolTableRecord
100
AcDbLayerTableRecord
  2
DOTE
 70
     0
 62
     1
  6
Continuous
370
    -3
390
7
347
A
348
0
1001
AcAecLayerStandard
1000

1000
此图层的直线和弧认为是平面轴线
  0
LAYER
  5
2C
330
22B
100
AcDbSymbolTableRecord
100
AcDbLayerTableRecord
  2
WINDOW
 70
     0
 62
     4
  6
Continuous
370
    -3
390
7
347
A
348
0
1001
AcAecLayerStandard
1000

1000
存放插入的门图块
1001
_LayerManage
1070
     0
1070
     0
1070
     0
  0
LAYER
  5
141
330
22B
100
AcDbSymbolTableRecord
100
AcDbLayerTableRecord
  2
AXIS
 70
     0
 62
     3
  6
Continuous
370
    -3
390
7
347
A
348
0
1001
AcAecLayerStandard
1000

1000
存放轴号对象
1001
_LayerManage
1070
     0
1070
     0
1070
     0
  0
LAYER
  5
1E
330
22B
100
AcDbSymbolTableRecord
100
AcDbLayerTableRecord
  2
WALL
 70
     0
 62
     9
  6
Continuous
370
    -3
390
7
347
A
348
0
1001
AcAecLayerStandard
1000

1000
存放各种材质的墙对象
1001
_LayerManage
1070
     0
1070
     0
1070
     0
  0
LAYER
  5
2A
330
22B
100
AcDbSymbolTableRecord
100
AcDbLayerTableRecord
  2
SURFACE
 70
     0
 62
     6
  6
Continuous
370
    -3
390
7
347
A
348
0
1001
AcAecLayerStandard
1000

1000
粉刷层、保温层、详图饰面层
1001
_LayerManage
1070
     0
1070
     0
1070
     0
  0
LAYER
  5
110
330
22B
100
AcDbSymbolTableRecord
100
AcDbLayerTableRecord
  2
SPACE
 70
     0
 62
     7
  6
Continuous
370
    -3
390
7
347
A
348
0
1001
AcAecLayerStandard
1000

1000
房间名称、编号
1001
_LayerManage
1070
     0
1070
     0
1070
     0
  0
LAYER
  5
112
330
22B
100
AcDbSymbolTableRecord
100
AcDbLayerTableRecord
  2
SPACE_HATCH
 70
     0
 62
     8
  6
Continuous
370
    -3
390
7
347
A
348
0
1001
AcAecLayerStandard
1000

1000
房间面积填充图案
1001
_LayerManage
1070
     0
1070
     0
1070
     0
  0
LAYER
  5
143
330
22B
100
AcDbSymbolTableRecord
100
AcDbLayerTableRecord
  2
AXIS_TEXT
 70
     0
 62
     7
  6
Continuous
370
    -3
390
7
347
A
348
0
1001
AcAecLayerStandard
1000

1000
轴号对象的轴号文字
1001
_LayerManage
1070
     0
1070
     0
1070
     0
  0
LAYER
  5
29
330
22B
100
AcDbSymbolTableRecord
100
AcDbLayerTableRecord
  2
PUB_HATCH
 70
     0
 62
     8
  6
Continuous
370
    -3
390
7
347
A
348
0
1001
AcAecLayerStandard
1000

1000
填充图案
1001
_LayerManage
1070
     0
1070
     0
1070
     0
  0
LAYER
  5
69
330
22B
100
AcDbSymbolTableRecord
100
AcDbLayerTableRecord
  2
WINDOW_TEXT
 70
     0
 62
     7
  6
Continuous
370
    -3
390
7
347
A
348
0
1001
AcAecLayerStandard
1000

1000
门窗编号
1001
_LayerManage
1070
     0
1070
     0
1070
     0
  0
LAYER
  5
39
330
22B
100
AcDbSymbolTableRecord
100
AcDbLayerTableRecord
  2
3T_BAR
 70
     0
 62
     7
  6
Continuous
370
    -3
390
7
347
A
348
0
1001
_LayerManage
1070
     0
1070
     0
1070
     0
  0
LAYER
  5
46
330
22B
100
AcDbSymbolTableRecord
100
AcDbLayerTableRecord
  2
3T_GLASS
 70
     0
 62
     5
  6
Continuous
370
    -3
390
7
347
A
348
0
1001
_LayerManage
1070
     0
1070
     0
1070
     0
  0
LAYER
  5
79
330
22B
100
AcDbSymbolTableRecord
100
AcDbLayerTableRecord
  2
3T_WOOD
 70
     0
 62
    21
  6
Continuous
370
    -3
390
7
347
A
348
0
1001
_LayerManage
1070
     0
1070
     0
1070
     0
  0
LAYER
  5
158
330
22B
100
AcDbSymbolTableRecord
100
AcDbLayerTableRecord
  2
Defpoints
 70
     0
 62
     7
  6
Continuous
290
     0
370
    -3
390
7
347
A
348
0
  0
LAYER
  5
290
330
22B
100
AcDbSymbolTableRecord
100
AcDbLayerTableRecord
  2
PUB_WALL
 70
     0
 62
     9
  6
Continuous
370
    -3
390
7
347
A
348
0
  0
ENDTAB
  0
TABLE
  2
STYLE
  5
231
330
0
100
AcDbSymbolTable
 70
    10
  0
STYLE
  5
232
330
231
100
AcDbSymbolTableRecord
100
AcDbTextStyleTableRecord
  2
Standard
 70
     0
 40
0.0
 41
1.0
 50
0.0
 71
     0
 42
2.5
  3
txt
  4

  0
STYLE
  5
68
330
231
100
AcDbSymbolTableRecord
100
AcDbTextStyleTableRecord
  2
_TCH_WINDOW
 70
     0
 40
0.0
 41
1.0
 50
0.0
 71
     0
 42
2.5
  3
SIMPLEX
  4
GBCBIG
1001
_TCH
1040
0.85
1040
0.6
1070
     7
  0
STYLE
  5
111
330
231
100
AcDbSymbolTableRecord
100
AcDbTextStyleTableRecord
  2
_TCH_SPACE
 70
     0
 40
0.0
 41
1.0
 50
0.0
 71
     0
 42
2.5
  3
SIMPLEX
  4
GBCBIG
1001
_TCH
1040
0.85
1040
0.6
1070
     7
  0
STYLE
  5
142
330
231
100
AcDbSymbolTableRecord
100
AcDbTextStyleTableRecord
  2
_TCH_AXIS
 70
     0
 40
0.0
 41
1.0
 50
0.0
 71
     0
 42
2.5
  3
COMPLEX
  4
GBCBIG
1001
_TCH
1040
0.85
1040
0.6
1070
     7
  0
STYLE
  5
156
330
231
100
AcDbSymbolTableRecord
100
AcDbTextStyleTableRecord
  2
_TCH_DIM_T3
 70
     0
 40
0.0
 41
0.71
 50
0.0
 71
     0
 42
2.5
  3
SIMPLEX
  4
GBCBIG
1001
_TCH
1040
0.85
1040
0.6
1070
     7
  0
STYLE
  5
27D
330
231
100
AcDbSymbolTableRecord
100
AcDbTextStyleTableRecord
  2
COMPLEX
 70
     0
 40
0.0
 41
1.0
 50
0.0
 71
     0
 42
0.6
  3
COMPLEX
  4

1001
AcadAnnotative
1000
AnnotativeData
1002
{
1070
     1
1070
     1
1002
}
  0
STYLE
  5
281
330
231
100
AcDbSymbolTableRecord
100
AcDbTextStyleTableRecord
  2
Annotative
 70
     0
 40
0.0
 41
1.0
 50
0.0
 71
     0
 42
0.2
  3
txt
  4

1001
AcadAnnotative
1000
AnnotativeData
1002
{
1070
     1
1070
     1
1002
}
  0
STYLE
  5
282
330
231
100
AcDbSymbolTableRecord
100
AcDbTextStyleTableRecord
  2
_TCH_DIM
 70
     0
 40
0.0
 41
1.0
 50
0.0
 71
     0
 42
2.5
  3
SIMPLEX
  4
GBCBIG
1001
_TCH
1040
0.85
1040
0.6
1070
     7
  0
STYLE
  5
283
330
231
100
AcDbSymbolTableRecord
100
AcDbTextStyleTableRecord
  2
_TCH_DYN
 70
     0
 40
0.0
 41
1.0
 50
0.0
 71
     0
 42
2.5
  3

  4

1001
ACAD
1000
SimSun
1071
        0
  0
STYLE
  5
287
330
231
100
AcDbSymbolTableRecord
100
AcDbTextStyleTableRecord
  2
DIM_FONT
 70
     0
 40
0.0
 41
0.7
 50
0.0
 71
     0
 42
2.5
  3
SIMPLEX
  4
GBCBIG
1001
_TCH
1040
0.85
1040
0.6
1070
     7
  0
ENDTAB
  0
TABLE
  2
VIEW
  5
237
330
0
100
AcDbSymbolTable
 70
     1
  0
ENDTAB
  0
TABLE
  2
UCS
  5
238
330
0
100
AcDbSymbolTable
 70
     0
  0
ENDTAB
  0
TABLE
  2
APPID
  5
23E
330
0
100
AcDbSymbolTable
 70
     9
  0
APPID
  5
230
330
23E
100
AcDbSymbolTableRecord
100
AcDbRegAppTableRecord
  2
ACAD
 70
     0
  0
APPID
  5
23D
330
23E
100
AcDbSymbolTableRecord
100
AcDbRegAppTableRecord
  2
ACAD_NAV_VCDISPLAY
 70
     0
  0
APPID
  5
17
330
23E
100
AcDbSymbolTableRecord
100
AcDbRegAppTableRecord
  2
AcAecLayerStandard
 70
     0
  0
APPID
  5
67
330
23E
100
AcDbSymbolTableRecord
100
AcDbRegAppTableRecord
  2
_TCH
 70
     0
  0
APPID
  5
14
330
23E
100
AcDbSymbolTableRecord
100
AcDbRegAppTableRecord
  2
_LayerManage
 70
     0
  0
APPID
  5
27E
330
23E
100
AcDbSymbolTableRecord
100
AcDbRegAppTableRecord
  2
AcadAnnotative
 70
     0
  0
APPID
  5
291
330
23E
100
AcDbSymbolTableRecord
100
AcDbRegAppTableRecord
  2
WTHICK
 70
     0
  0
APPID
  5
40E
330
23E
100
AcDbSymbolTableRecord
100
AcDbRegAppTableRecord
  2
ACAD_DSTYLE_DIMEXT_LENGTH
 70
     0
  0
APPID
  5
413
330
23E
100
AcDbSymbolTableRecord
100
AcDbRegAppTableRecord
  2
ACAD_DSTYLE_DIMJOGGED_JOGANGLE_SYMBOL
 70
     0
  0
ENDTAB
  0
TABLE
  2
DIMSTYLE
  5
23F
330
0
100
AcDbSymbolTable
 70
     2
100
AcDbDimStyleTable
 71
     2
340
15C
340
240
  0
DIMSTYLE
105
240
330
23F
100
AcDbSymbolTableRecord
100
AcDbDimStyleTableRecord
  2
ISO-25
 70
     0
 41
2.5
 42
0.63
 43
3.75
 44
1.25
 50
90.0
 73
     0
 74
     0
 77
     1
 78
     8
140
2.5
141
2.5
143
0.04
147
0.63
171
     3
172
     1
271
     2
272
     2
274
     3
283
     0
284
     8
340
232
1001
ACAD_DSTYLE_DIMJOGGED_JOGANGLE_SYMBOL
1070
   384
1040
1.57
  0
DIMSTYLE
105
15C
102
{ACAD_REACTORS
330
149
330
15D
330
16A
330
177
330
184
330
191
330
19E
330
1AB
330
1B8
330
1C5
330
1D2
330
1DF
330
1EC
330
1F9
330
206
330
213
102
}
330
23F
100
AcDbSymbolTableRecord
100
AcDbDimStyleTableRecord
  2
_TCH_ARCH&&100
 70
     0
 41
100.0
 42
300.0
 43
0.0
 44
250.0
 49
100.0
 73
     0
 74
     0
 77
     1
 79
     2
140
297.5
147
126.25
172
     1
174
     1
178
     7
179
     2
271
     0
272
     0
279
     2
340
156
342
150
  0
ENDTAB
  0
TABLE
  2
BLOCK_RECORD
  5
1
330
0
100
AcDbSymbolTable
 70
    25
  0
BLOCK_RECORD
  5
2
102
{ACAD_XDICTIONARY
360
3
102
}
330
1
100
AcDbSymbolTableRecord
100
AcDbBlockTableRecord
  2
*Model_Space
340
221
 70
     0
280
     1
281
     0
  0
BLOCK_RECORD
  5
223
330
1
100
AcDbSymbolTableRecord
100
AcDbBlockTableRecord
  2
*Paper_Space
340
226
 70
     0
280
     1
281
     0
  0
BLOCK_RECORD
  5
227
330
1
100
AcDbSymbolTableRecord
100
AcDbBlockTableRecord
  2
*Paper_Space0
340
22A
 70
     0
280
     1
281
     0
  0
BLOCK_RECORD
  5
1F
102
{ACAD_XDICTIONARY
360
20
102
}
330
1
100
AcDbSymbolTableRecord
100
AcDbBlockTableRecord
  2
$LinePat$保温层
340
0
 70
     0
280
     1
281
     0
  0
BLOCK_RECORD
  5
150
330
1
100
AcDbSymbolTableRecord
100
AcDbBlockTableRecord
  2
_ArchTick
340
0
102
{BLKREFS
331
219
331
21A
331
198
331
1A4
331
1A5
331
1B1
331
1B2
331
1BE
331
1BF
331
1CB
331
1CC
331
1D8
331
1D9
331
1E5
331
1E6
331
1F2
331
1F3
331
1FF
331
200
331
20C
331
20D
331
14F
331
154
331
163
331
164
331
170
331
171
331
17D
331
17E
331
18A
331
18B
331
197
102
}
 70
     0
280
     1
281
     0
  0
BLOCK_RECORD
  5
2D
330
1
100
AcDbSymbolTableRecord
100
AcDbBlockTableRecord
  2
$TCHSYS$WIN2D
340
0
102
{BLKREFS
331
3F5
331
3F8
331
3D7
331
3DA
331
3DD
331
3E0
331
3E3
331
3E6
331
3E9
331
3EC
331
3EF
102
}
 70
     0
280
     1
281
     0
  0
BLOCK_RECORD
  5
36
330
1
100
AcDbSymbolTableRecord
100
AcDbBlockTableRecord
  2
$TCHSYS$WIN3D
340
0
 70
     0
280
     1
281
     0
1001
_TCH
1040
1200.0
1040
1800.0
  0
BLOCK_RECORD
  5
6D
102
{ACAD_XDICTIONARY
360
6E
102
}
330
1
100
AcDbSymbolTableRecord
100
AcDbBlockTableRecord
  2
$DorLib2D$00000001
340
0
102
{BLKREFS
331
30D
331
31A
331
348
331
3F2
331
2EB
331
2EE
331
2F9
331
2FC
331
37C
331
37F
331
385
102
}
 70
     0
280
     1
281
     0
  0
BLOCK_RECORD
  5
76
330
1
100
AcDbSymbolTableRecord
100
AcDbBlockTableRecord
  2
$TCHSYS$DOOR3D
340
0
 70
     0
280
     1
281
     0
1001
_TCH
1040
900.0
1040
2100.0
  0
BLOCK_RECORD
  5
120
330
1
100
AcDbSymbolTableRecord
100
AcDbBlockTableRecord
  2
$DorLib2D$00000131
340
0
102
{BLKREFS
331
3FB
102
}
 70
     0
280
     1
281
     0
1001
_TCH
1040
1.0
  0
BLOCK_RECORD
  5
14A
330
1
100
AcDbSymbolTableRecord
100
AcDbBlockTableRecord
  2
*D8
340
0
 70
     0
280
     1
281
     0
  0
BLOCK_RECORD
  5
15E
330
1
100
AcDbSymbolTableRecord
100
AcDbBlockTableRecord
  2
*D9
340
0
 70
     0
280
     1
281
     0
  0
BLOCK_RECORD
  5
16B
330
1
100
AcDbSymbolTableRecord
100
AcDbBlockTableRecord
  2
*D10
340
0
 70
     0
280
     1
281
     0
  0
BLOCK_RECORD
  5
178
330
1
100
AcDbSymbolTableRecord
100
AcDbBlockTableRecord
  2
*D11
340
0
 70
     0
280
     1
281
     0
  0
BLOCK_RECORD
  5
185
330
1
100
AcDbSymbolTableRecord
100
AcDbBlockTableRecord
  2
*D12
340
0
 70
     0
280
     1
281
     0
  0
BLOCK_RECORD
  5
192
330
1
100
AcDbSymbolTableRecord
100
AcDbBlockTableRecord
  2
*D13
340
0
 70
     0
280
     1
281
     0
  0
BLOCK_RECORD
  5
19F
330
1
100
AcDbSymbolTableRecord
100
AcDbBlockTableRecord
  2
*D14
340
0
 70
     0
280
     1
281
     0
  0
BLOCK_RECORD
  5
1AC
330
1
100
AcDbSymbolTableRecord
100
AcDbBlockTableRecord
  2
*D15
340
0
 70
     0
280
     1
281
     0
  0
BLOCK_RECORD
  5
1B9
330
1
100
AcDbSymbolTableRecord
100
AcDbBlockTableRecord
  2
*D16
340
0
 70
     0
280
     1
281
     0
  0
BLOCK_RECORD
  5
1C6
330
1
100
AcDbSymbolTableRecord
100
AcDbBlockTableRecord
  2
*D17
340
0
 70
     0
280
     1
281
     0
  0
BLOCK_RECORD
  5
1D3
330
1
100
AcDbSymbolTableRecord
100
AcDbBlockTableRecord
  2
*D18
340
0
 70
     0
280
     1
281
     0
  0
BLOCK_RECORD
  5
1E0
330
1
100
AcDbSymbolTableRecord
100
AcDbBlockTableRecord
  2
*D19
340
0
 70
     0
280
     1
281
     0
  0
BLOCK_RECORD
  5
1ED
330
1
100
AcDbSymbolTableRecord
100
AcDbBlockTableRecord
  2
*D20
340
0
 70
     0
280
     1
281
     0
  0
BLOCK_RECORD
  5
1FA
330
1
100
AcDbSymbolTableRecord
100
AcDbBlockTableRecord
  2
*D21
340
0
 70
     0
280
     1
281
     0
  0
BLOCK_RECORD
  5
207
330
1
100
AcDbSymbolTableRecord
100
AcDbBlockTableRecord
  2
*D22
340
0
 70
     0
280
     1
281
     0
  0
BLOCK_RECORD
  5
214
330
1
100
AcDbSymbolTableRecord
100
AcDbBlockTableRecord
  2
*D23
340
0
 70
     0
280
     1
281
     0
  0
BLOCK_RECORD
  5
279
330
1
100
AcDbSymbolTableRecord
100
AcDbBlockTableRecord
  2
_AXISO
340
0
102
{BLKREFS
331
398
331
39C
331
3A0
331
3A4
331
3A8
331
3AC
331
3B0
331
3B4
331
3B8
331
3BC
331
3C0
331
3C4
331
3C8
331
3CC
331
3D0
331
3D4
102
}
 70
     0
280
     1
281
     0
  0
ENDTAB
  0
ENDSEC
  0
SECTION
  2
BLOCKS
  0
BLOCK
  5
5
330
2
100
AcDbEntity
  8
0
100
AcDbBlockBegin
  2
*Model_Space
 70
     0
 10
0.0
 20
0.0
 30
0.0
  3
*Model_Space
  1

  0
ENDBLK
  5
220
330
2
100
AcDbEntity
  8
0
100
AcDbBlockEnd
  0
BLOCK
  5
224
330
223
100
AcDbEntity
 67
     1
  8
0
100
AcDbBlockBegin
  2
*Paper_Space
 70
     0
 10
0.0
 20
0.0
 30
0.0
  3
*Paper_Space
  1

  0
ENDBLK
  5
225
330
223
100
AcDbEntity
 67
     1
  8
0
100
AcDbBlockEnd
  0
BLOCK
  5
228
330
227
100
AcDbEntity
 67
     1
  8
0
100
AcDbBlockBegin
  2
*Paper_Space0
 70
     0
 10
0.0
 20
0.0
 30
0.0
  3
*Paper_Space0
  1

  0
ENDBLK
  5
229
330
227
100
AcDbEntity
 67
     1
  8
0
100
AcDbBlockEnd
  0
BLOCK
  5
22
330
1F
100
AcDbEntity
  8
0
100
AcDbBlockBegin
  2
$LinePat$保温层
 70
     0
 10
0.0
 20
0.0
 30
0.0
  3
$LinePat$保温层
  1

  0
LINE
  5
23
330
1F
100
AcDbEntity
  8
0
 62
     0
100
AcDbLine
 10
24.0
 20
-24.0
 30
0.0
 11
24.0
 21
-56.0
 31
0.0
  0
LINE
  5
24
330
1F
100
AcDbEntity
  8
0
 62
     0
100
AcDbLine
 10
72.0
 20
-56.0
 30
0.0
 11
72.0
 21
-24.0
 31
0.0
  0
ARC
  5
25
330
1F
100
AcDbEntity
  8
0
 62
     0
100
AcDbCircle
 10
0.0
 20
-24.0
 30
0.0
 40
23.99999999999855
100
AcDbArc
 50
0.0
 51
90.0
  0
ARC
  5
26
330
1F
100
AcDbEntity
  8
0
 62
     0
100
AcDbCircle
 10
96.0
 20
-24.0
 30
0.0
 40
24.00000000000037
100
AcDbArc
 50
90.0
 51
180.0
  0
ARC
  5
27
330
1F
100
AcDbEntity
  8
0
 62
     0
100
AcDbCircle
 10
48.0
 20
-56.0
 30
0.0
 40
24.00000000000037
100
AcDbArc
 50
180.0
 51
0.0
  0
ENDBLK
  5
28
330
1F
100
AcDbEntity
  8
0
100
AcDbBlockEnd
  0
BLOCK
  5
151
330
150
100
AcDbEntity
  8
0
100
AcDbBlockBegin
  2
_ArchTick
 70
     0
 10
0.0
 20
0.0
 30
0.0
  3
_ArchTick
  1

  0
LWPOLYLINE
  5
152
330
150
100
AcDbEntity
  8
0
  6
ByBlock
 62
     0
100
AcDbPolyline
 90
        2
 70
     0
 43
0.15
 10
-0.5
 20
-0.5
 10
0.5
 20
0.5
  0
ENDBLK
  5
153
330
150
100
AcDbEntity
  8
0
100
AcDbBlockEnd
  0
BLOCK
  5
2E
330
2D
100
AcDbEntity
  8
0
100
AcDbBlockBegin
  2
$TCHSYS$WIN2D
 70
     0
 10
0.0
 20
0.0
 30
0.0
  3
$TCHSYS$WIN2D
  1

  0
LINE
  5
2F
330
2D
100
AcDbEntity
  8
0
100
AcDbLine
 10
-0.5
 20
0.5
 30
0.0
 11
0.5
 21
0.5
 31
0.0
  0
LINE
  5
30
330
2D
100
AcDbEntity
  8
0
100
AcDbLine
 10
-0.5
 20
-0.5
 30
0.0
 11
0.5
 21
-0.5
 31
0.0
  0
LINE
  5
31
330
2D
100
AcDbEntity
  8
0
100
AcDbLine
 10
0.5
 20
-0.17
 30
0.0
 11
-0.5
 21
-0.17
 31
0.0
  0
LINE
  5
32
330
2D
100
AcDbEntity
  8
0
100
AcDbLine
 10
0.5
 20
0.17
 30
0.0
 11
-0.5
 21
0.17
 31
0.0
  0
LINE
  5
33
330
2D
100
AcDbEntity
  8
0
100
AcDbLine
 10
-0.5
 20
0.5
 30
0.0
 11
-0.5
 21
-0.5
 31
0.0
  0
LINE
  5
34
330
2D
100
AcDbEntity
  8
0
100
AcDbLine
 10
0.5
 20
0.5
 30
0.0
 11
0.5
 21
-0.5
 31
0.0
  0
ENDBLK
  5
35
330
2D
100
AcDbEntity
  8
0
100
AcDbBlockEnd
  0
BLOCK
  5
37
330
36
100
AcDbEntity
  8
0
100
AcDbBlockBegin
  2
$TCHSYS$WIN3D
 70
     0
 10
0.0
 20
0.0
 30
0.0
  3
$TCHSYS$WIN3D
  1

  0
3DFACE
  5
38
330
36
100
AcDbEntity
  8
3T_BAR
100
AcDbFace
 10
580.0
 20
25.0
 30
1780.0
 11
530.0
 21
25.0
 31
1720.0
 12
50.0
 22
25.0
 32
1720.0
 13
0.0
 23
25.0
 33
1780.0
 70
     5
  0
3DFACE
  5
3A
330
36
100
AcDbEntity
  8
3T_BAR
100
AcDbFace
 10
50.0
 20
-25.0
 30
1720.0
 11
530.0
 21
-25.0
 31
1720.0
 12
580.0
 22
-25.0
 32
1780.0
 13
0.0
 23
-25.0
 33
1780.0
 70
    10
  0
3DFACE
  5
3B
330
36
100
AcDbEntity
  8
3T_BAR
100
AcDbFace
 10
600.0
 20
25.0
 30
1800.0
 11
580.0
 21
25.0
 31
1780.0
 12
-580.0
 22
25.0
 32
1780.0
 13
-600.0
 23
25.0
 33
1800.0
 70
     5
  0
3DFACE
  5
3C
330
36
100
AcDbEntity
  8
3T_BAR
100
AcDbFace
 10
-580.0
 20
-25.0
 30
1780.0
 11
580.0
 21
-25.0
 31
1780.0
 12
600.0
 22
-25.0
 32
1800.0
 13
-600.0
 23
-25.0
 33
1800.0
 70
    10
  0
3DFACE
  5
3D
330
36
100
AcDbEntity
  8
3T_BAR
100
AcDbFace
 10
-580.0
 20
-25.0
 30
1780.0
 11
-580.0
 21
25.0
 31
1780.0
 12
580.0
 22
25.0
 32
1780.0
 13
580.0
 23
-25.0
 33
1780.0
  0
3DFACE
  5
3E
330
36
100
AcDbEntity
  8
3T_BAR
100
AcDbFace
 10
0.0
 20
25.0
 30
20.0
 11
50.0
 21
25.0
 31
80.0
 12
530.0
 22
25.0
 32
80.0
 13
580.0
 23
25.0
 33
20.0
 70
     5
  0
3DFACE
  5
3F
330
36
100
AcDbEntity
  8
3T_BAR
100
AcDbFace
 10
0.0
 20
-25.0
 30
20.0
 11
580.0
 21
-25.0
 31
20.0
 12
530.0
 22
-25.0
 32
80.0
 13
50.0
 23
-25.0
 33
80.0
 70
    10
  0
3DFACE
  5
40
330
36
100
AcDbEntity
  8
3T_BAR
100
AcDbFace
 10
-600.0
 20
25.0
 30
0.0
 11
-580.0
 21
25.0
 31
20.0
 12
580.0
 22
25.0
 32
20.0
 13
600.0
 23
25.0
 33
0.0
 70
     5
  0
3DFACE
  5
41
330
36
100
AcDbEntity
  8
3T_BAR
100
AcDbFace
 10
-600.0
 20
-25.0
 30
0.0
 11
600.0
 21
-25.0
 31
0.0
 12
580.0
 22
-25.0
 32
20.0
 13
-580.0
 23
-25.0
 33
20.0
 70
    10
  0
3DFACE
  5
42
330
36
100
AcDbEntity
  8
3T_BAR
100
AcDbFace
 10
-580.0
 20
-25.0
 30
20.0
 11
580.0
 21
-25.0
 31
20.0
 12
580.0
 22
25.0
 32
20.0
 13
-580.0
 23
25.0
 33
20.0
  0
3DFACE
  5
43
330
36
100
AcDbEntity
  8
3T_BAR
100
AcDbFace
 10
0.0
 20
25.0
 30
1780.0
 11
50.0
 21
25.0
 31
1720.0
 12
50.0
 22
25.0
 32
80.0
 13
0.0
 23
25.0
 33
20.0
 70
     5
  0
3DFACE
  5
44
330
36
100
AcDbEntity
  8
3T_BAR
100
AcDbFace
 10
50.0
 20
-25.0
 30
80.0
 11
50.0
 21
-25.0
 31
1720.0
 12
0.0
 22
-25.0
 32
1780.0
 13
0.0
 23
-25.0
 33
20.0
 70
    10
  0
3DFACE
  5
45
330
36
100
AcDbEntity
  8
3T_GLASS
100
AcDbFace
 10
-529.34
 20
-15.0
 30
39.86
 11
-529.34
 21
-15.0
 31
1701.4
 12
530.7
 22
-15.0
 32
1701.4
 13
530.7
 23
-15.0
 33
39.86
  0
3DFACE
  5
47
330
36
100
AcDbEntity
  8
3T_BAR
100
AcDbFace
 10
-530.0
 20
-25.0
 30
1720.0
 11
-530.0
 21
25.0
 31
1720.0
 12
-50.0
 22
25.0
 32
1720.0
 13
-50.0
 23
-25.0
 33
1720.0
  0
3DFACE
  5
48
330
36
100
AcDbEntity
  8
3T_BAR
100
AcDbFace
 10
-530.0
 20
-25.0
 30
80.0
 11
-50.0
 21
-25.0
 31
80.0
 12
-50.0
 22
25.0
 32
80.0
 13
-530.0
 23
25.0
 33
80.0
  0
LINE
  5
49
330
36
100
AcDbEntity
  8
3T_BAR
100
AcDbLine
 10
-600.0
 20
0.5
 30
0.0
 11
-600.0
 21
-0.5
 31
0.0
  0
3DFACE
  5
4A
330
36
100
AcDbEntity
  8
3T_BAR
100
AcDbFace
 10
0.0
 20
25.0
 30
20.0
 11
0.0
 21
-25.0
 31
20.0
 12
0.0
 22
-25.0
 32
1780.0
 13
0.0
 23
25.0
 33
1780.0
  0
3DFACE
  5
4B
330
36
100
AcDbEntity
  8
3T_BAR
100
AcDbFace
 10
0.0
 20
-25.0
 30
20.0
 11
0.0
 21
25.0
 31
20.0
 12
0.0
 22
25.0
 32
1780.0
 13
0.0
 23
-25.0
 33
1780.0
  0
3DFACE
  5
4C
330
36
100
AcDbEntity
  8
3T_BAR
100
AcDbFace
 10
-580.0
 20
25.0
 30
20.0
 11
-580.0
 21
-25.0
 31
20.0
 12
-580.0
 22
-25.0
 32
1780.0
 13
-580.0
 23
25.0
 33
1780.0
  0
3DFACE
  5
4D
330
36
100
AcDbEntity
  8
3T_BAR
100
AcDbFace
 10
-50.0
 20
-25.0
 30
80.0
 11
-50.0
 21
-25.0
 31
1720.0
 12
-50.0
 22
25.0
 32
1720.0
 13
-50.0
 23
25.0
 33
80.0
  0
3DFACE
  5
4E
330
36
100
AcDbEntity
  8
3T_BAR
100
AcDbFace
 10
-530.0
 20
-25.0
 30
80.0
 11
-530.0
 21
25.0
 31
80.0
 12
-530.0
 22
25.0
 32
1720.0
 13
-530.0
 23
-25.0
 33
1720.0
  0
3DFACE
  5
4F
330
36
100
AcDbEntity
  8
3T_BAR
100
AcDbFace
 10
-600.0
 20
25.0
 30
0.0
 11
-600.0
 21
-25.0
 31
0.0
 12
-600.0
 22
-25.0
 32
1800.0
 13
-600.0
 23
25.0
 33
1800.0
  0
3DFACE
  5
50
330
36
100
AcDbEntity
  8
3T_BAR
100
AcDbFace
 10
-580.0
 20
-25.0
 30
20.0
 11
-580.0
 21
25.0
 31
20.0
 12
-580.0
 22
25.0
 32
1780.0
 13
-580.0
 23
-25.0
 33
1780.0
  0
3DFACE
  5
51
330
36
100
AcDbEntity
  8
3T_BAR
100
AcDbFace
 10
-530.0
 20
-25.0
 30
80.0
 11
-530.0
 21
-25.0
 31
1720.0
 12
-580.0
 22
-25.0
 32
1780.0
 13
-580.0
 23
-25.0
 33
20.0
 70
    10
  0
3DFACE
  5
52
330
36
100
AcDbEntity
  8
3T_BAR
100
AcDbFace
 10
0.0
 20
-25.0
 30
20.0
 11
0.0
 21
-25.0
 31
1780.0
 12
-50.0
 22
-25.0
 32
1720.0
 13
-50.0
 23
-25.0
 33
80.0
 70
    10
  0
3DFACE
  5
53
330
36
100
AcDbEntity
  8
3T_BAR
100
AcDbFace
 10
-580.0
 20
-25.0
 30
20.0
 11
-580.0
 21
-25.0
 31
1780.0
 12
-600.0
 22
-25.0
 32
1800.0
 13
-600.0
 23
-25.0
 33
0.0
 70
    10
  0
3DFACE
  5
54
330
36
100
AcDbEntity
  8
3T_BAR
100
AcDbFace
 10
-580.0
 20
-25.0
 30
20.0
 11
0.0
 21
-25.0
 31
20.0
 12
-50.0
 22
-25.0
 32
80.0
 13
-530.0
 23
-25.0
 33
80.0
 70
    10
  0
3DFACE
  5
55
330
36
100
AcDbEntity
  8
3T_BAR
100
AcDbFace
 10
-530.0
 20
-25.0
 30
1720.0
 11
-50.0
 21
-25.0
 31
1720.0
 12
0.0
 22
-25.0
 32
1780.0
 13
-580.0
 23
-25.0
 33
1780.0
 70
    10
  0
3DFACE
  5
56
330
36
100
AcDbEntity
  8
3T_BAR
100
AcDbFace
 10
-580.0
 20
25.0
 30
1780.0
 11
-530.0
 21
25.0
 31
1720.0
 12
-530.0
 22
25.0
 32
80.0
 13
-580.0
 23
25.0
 33
20.0
 70
     5
  0
3DFACE
  5
57
330
36
100
AcDbEntity
  8
3T_BAR
100
AcDbFace
 10
0.0
 20
25.0
 30
20.0
 11
-50.0
 21
25.0
 31
80.0
 12
-50.0
 22
25.0
 32
1720.0
 13
0.0
 23
25.0
 33
1780.0
 70
     5
  0
3DFACE
  5
58
330
36
100
AcDbEntity
  8
3T_BAR
100
AcDbFace
 10
-600.0
 20
25.0
 30
1800.0
 11
-580.0
 21
25.0
 31
1780.0
 12
-580.0
 22
25.0
 32
20.0
 13
-600.0
 23
25.0
 33
0.0
 70
     5
  0
3DFACE
  5
59
330
36
100
AcDbEntity
  8
3T_BAR
100
AcDbFace
 10
-580.0
 20
25.0
 30
20.0
 11
-530.0
 21
25.0
 31
80.0
 12
-50.0
 22
25.0
 32
80.0
 13
0.0
 23
25.0
 33
20.0
 70
     5
  0
3DFACE
  5
5A
330
36
100
AcDbEntity
  8
3T_BAR
100
AcDbFace
 10
0.0
 20
25.0
 30
1780.0
 11
-50.0
 21
25.0
 31
1720.0
 12
-530.0
 22
25.0
 32
1720.0
 13
-580.0
 23
25.0
 33
1780.0
 70
     5
  0
3DFACE
  5
5B
330
36
100
AcDbEntity
  8
3T_BAR
100
AcDbFace
 10
50.0
 20
-25.0
 30
1720.0
 11
50.0
 21
25.0
 31
1720.0
 12
530.0
 22
25.0
 32
1720.0
 13
530.0
 23
-25.0
 33
1720.0
  0
3DFACE
  5
5C
330
36
100
AcDbEntity
  8
3T_BAR
100
AcDbFace
 10
50.0
 20
-25.0
 30
80.0
 11
530.0
 21
-25.0
 31
80.0
 12
530.0
 22
25.0
 32
80.0
 13
50.0
 23
25.0
 33
80.0
  0
3DFACE
  5
5D
330
36
100
AcDbEntity
  8
3T_BAR
100
AcDbFace
 10
580.0
 20
-25.0
 30
20.0
 11
580.0
 21
25.0
 31
20.0
 12
580.0
 22
25.0
 32
1780.0
 13
580.0
 23
-25.0
 33
1780.0
  0
3DFACE
  5
5E
330
36
100
AcDbEntity
  8
3T_BAR
100
AcDbFace
 10
530.0
 20
-25.0
 30
80.0
 11
530.0
 21
-25.0
 31
1720.0
 12
530.0
 22
25.0
 32
1720.0
 13
530.0
 23
25.0
 33
80.0
  0
3DFACE
  5
5F
330
36
100
AcDbEntity
  8
3T_BAR
100
AcDbFace
 10
50.0
 20
-25.0
 30
80.0
 11
50.0
 21
25.0
 31
80.0
 12
50.0
 22
25.0
 32
1720.0
 13
50.0
 23
-25.0
 33
1720.0
  0
3DFACE
  5
60
330
36
100
AcDbEntity
  8
3T_BAR
100
AcDbFace
 10
600.0
 20
-25.0
 30
0.0
 11
600.0
 21
25.0
 31
0.0
 12
600.0
 22
25.0
 32
1800.0
 13
600.0
 23
-25.0
 33
1800.0
  0
3DFACE
  5
61
330
36
100
AcDbEntity
  8
3T_BAR
100
AcDbFace
 10
580.0
 20
-25.0
 30
20.0
 11
580.0
 21
-25.0
 31
1780.0
 12
580.0
 22
25.0
 32
1780.0
 13
580.0
 23
25.0
 33
20.0
  0
3DFACE
  5
62
330
36
100
AcDbEntity
  8
3T_BAR
100
AcDbFace
 10
580.0
 20
-25.0
 30
20.0
 11
580.0
 21
-25.0
 31
1780.0
 12
530.0
 22
-25.0
 32
1720.0
 13
530.0
 23
-25.0
 33
80.0
 70
    10
  0
3DFACE
  5
63
330
36
100
AcDbEntity
  8
3T_BAR
100
AcDbFace
 10
600.0
 20
-25.0
 30
0.0
 11
600.0
 21
-25.0
 31
1800.0
 12
580.0
 22
-25.0
 32
1780.0
 13
580.0
 23
-25.0
 33
20.0
 70
    10
  0
3DFACE
  5
64
330
36
100
AcDbEntity
  8
3T_BAR
100
AcDbFace
 10
580.0
 20
25.0
 30
20.0
 11
530.0
 21
25.0
 31
80.0
 12
530.0
 22
25.0
 32
1720.0
 13
580.0
 23
25.0
 33
1780.0
 70
     5
  0
3DFACE
  5
65
330
36
100
AcDbEntity
  8
3T_BAR
100
AcDbFace
 10
600.0
 20
25.0
 30
0.0
 11
580.0
 21
25.0
 31
20.0
 12
580.0
 22
25.0
 32
1780.0
 13
600.0
 23
25.0
 33
1800.0
 70
     5
  0
ENDBLK
  5
66
330
36
100
AcDbEntity
  8
0
100
AcDbBlockEnd
  0
BLOCK
  5
6F
330
6D
100
AcDbEntity
  8
0
100
AcDbBlockBegin
  2
$DorLib2D$00000001
 70
     0
 10
0.0
 20
0.0
 30
0.0
  3
$DorLib2D$00000001
  1

  0
LINE
  5
70
330
6D
100
AcDbEntity
  8
0
100
AcDbLine
 10
0.45
 20
0.98
 30
0.0
 11
0.5
 21
0.98
 31
0.0
  0
LINE
  5
71
330
6D
100
AcDbEntity
  8
0
100
AcDbLine
 10
0.5
 20
0.0
 30
0.0
 11
0.45
 21
0.0
 31
0.0
  0
ARC
  5
72
330
6D
100
AcDbEntity
  8
0
370
    13
100
AcDbCircle
 10
0.48
 20
0.0
 30
0.0
 40
0.975
100
AcDbArc
 50
91.47
 51
180.0
  0
LINE
  5
73
330
6D
100
AcDbEntity
  8
0
100
AcDbLine
 10
0.5
 20
0.0
 30
0.0
 11
0.5
 21
0.98
 31
0.0
  0
LINE
  5
74
330
6D
100
AcDbEntity
  8
0
100
AcDbLine
 10
0.45
 20
0.0
 30
0.0
 11
0.45
 21
0.98
 31
0.0
  0
ENDBLK
  5
75
330
6D
100
AcDbEntity
  8
0
100
AcDbBlockEnd
  0
BLOCK
  5
77
330
76
100
AcDbEntity
  8
0
100
AcDbBlockBegin
  2
$TCHSYS$DOOR3D
 70
     0
 10
0.0
 20
0.0
 30
0.0
  3
$TCHSYS$DOOR3D
  1

  0
3DFACE
  5
78
330
76
100
AcDbEntity
  8
3T_WOOD
100
AcDbFace
 10
409.41
 20
-10.0
 30
2055.56
 11
-411.02
 21
-10.0
 31
2055.56
 12
-411.02
 22
-10.0
 32
1.21
 13
409.41
 23
-10.0
 33
1.21
  0
3DFACE
  5
7A
330
76
100
AcDbEntity
  8
3T_WOOD
100
AcDbFace
 10
-450.0
 20
50.0
 30
2100.0
 11
409.09
 21
50.0
 31
2055.58
 12
-409.09
 22
50.0
 32
2055.58
 13
-409.09
 23
50.0
 33
2055.58
 70
    13
  0
3DFACE
  5
7B
330
76
100
AcDbEntity
  8
3T_WOOD
100
AcDbFace
 10
409.09
 20
50.0
 30
2055.58
 11
-450.0
 21
50.0
 31
2100.0
 12
450.0
 22
50.0
 32
2100.0
 13
450.0
 23
50.0
 33
2100.0
 70
    13
  0
3DFACE
  5
7C
330
76
100
AcDbEntity
  8
3T_WOOD
100
AcDbFace
 10
-450.0
 20
-50.0
 30
2100.0
 11
-409.09
 21
-50.0
 31
2055.58
 12
409.09
 22
-50.0
 32
2055.58
 13
409.09
 23
-50.0
 33
2055.58
 70
    13
  0
3DFACE
  5
7D
330
76
100
AcDbEntity
  8
3T_WOOD
100
AcDbFace
 10
409.09
 20
-50.0
 30
2055.58
 11
450.0
 21
-50.0
 31
2100.0
 12
-450.0
 22
-50.0
 32
2100.0
 13
-450.0
 23
-50.0
 33
2100.0
 70
    13
  0
3DFACE
  5
7E
330
76
100
AcDbEntity
  8
3T_WOOD
100
AcDbFace
 10
-409.09
 20
-50.0
 30
2055.58
 11
-409.09
 21
50.0
 31
2055.58
 12
409.09
 22
50.0
 32
2055.58
 13
409.09
 23
-50.0
 33
2055.58
  0
3DFACE
  5
7F
330
76
100
AcDbEntity
  8
3T_WOOD
100
AcDbFace
 10
-450.0
 20
50.0
 30
0.0
 11
-409.09
 21
50.0
 31
2055.58
 12
-409.09
 22
50.0
 32
0.0
 13
-409.09
 23
50.0
 33
0.0
 70
     1
  0
3DFACE
  5
80
330
76
100
AcDbEntity
  8
3T_WOOD
100
AcDbFace
 10
409.09
 20
50.0
 30
2055.58
 11
450.0
 21
50.0
 31
0.0
 12
409.09
 22
50.0
 32
0.0
 13
409.09
 23
50.0
 33
0.0
 70
     1
  0
3DFACE
  5
81
330
76
100
AcDbEntity
  8
3T_WOOD
100
AcDbFace
 10
409.09
 20
50.0
 30
2055.58
 11
450.0
 21
50.0
 31
2100.0
 12
450.0
 22
50.0
 32
0.0
 13
450.0
 23
50.0
 33
0.0
 70
    13
  0
3DFACE
  5
82
330
76
100
AcDbEntity
  8
3T_WOOD
100
AcDbFace
 10
-450.0
 20
50.0
 30
2100.0
 11
-409.09
 21
50.0
 31
2055.58
 12
-450.0
 22
50.0
 32
0.0
 13
-450.0
 23
50.0
 33
0.0
 70
     3
  0
3DFACE
  5
83
330
76
100
AcDbEntity
  8
3T_WOOD
100
AcDbFace
 10
-450.0
 20
-50.0
 30
0.0
 11
-409.09
 21
-50.0
 31
0.0
 12
-409.09
 22
-50.0
 32
2055.58
 13
-409.09
 23
-50.0
 33
2055.58
 70
    12
  0
3DFACE
  5
84
330
76
100
AcDbEntity
  8
3T_WOOD
100
AcDbFace
 10
409.09
 20
-50.0
 30
2055.58
 11
409.09
 21
-50.0
 31
0.0
 12
450.0
 22
-50.0
 32
0.0
 13
450.0
 23
-50.0
 33
0.0
 70
    12
  0
3DFACE
  5
85
330
76
100
AcDbEntity
  8
3T_WOOD
100
AcDbFace
 10
409.09
 20
-50.0
 30
2055.58
 11
450.0
 21
-50.0
 31
0.0
 12
450.0
 22
-50.0
 32
2100.0
 13
450.0
 23
-50.0
 33
2100.0
 70
    13
  0
3DFACE
  5
86
330
76
100
AcDbEntity
  8
3T_WOOD
100
AcDbFace
 10
-450.0
 20
-50.0
 30
2100.0
 11
-450.0
 21
-50.0
 31
0.0
 12
-409.09
 22
-50.0
 32
2055.58
 13
-409.09
 23
-50.0
 33
2055.58
 70
    14
  0
3DFACE
  5
87
330
76
100
AcDbEntity
  8
3T_WOOD
100
AcDbFace
 10
450.0
 20
-50.0
 30
0.0
 11
450.0
 21
50.0
 31
0.0
 12
450.0
 22
50.0
 32
2100.0
 13
450.0
 23
50.0
 33
2100.0
 70
    13
  0
3DFACE
  5
88
330
76
100
AcDbEntity
  8
3T_WOOD
100
AcDbFace
 10
450.0
 20
-50.0
 30
2100.0
 11
450.0
 21
-50.0
 31
0.0
 12
450.0
 22
50.0
 32
2100.0
 13
450.0
 23
50.0
 33
2100.0
 70
    14
  0
3DFACE
  5
89
330
76
100
AcDbEntity
  8
3T_WOOD
100
AcDbFace
 10
-450.0
 20
-50.0
 30
0.0
 11
-450.0
 21
-50.0
 31
2100.0
 12
-450.0
 22
50.0
 32
2100.0
 13
-450.0
 23
50.0
 33
2100.0
 70
    14
  0
3DFACE
  5
8A
330
76
100
AcDbEntity
  8
3T_WOOD
100
AcDbFace
 10
-450.0
 20
-50.0
 30
0.0
 11
-450.0
 21
50.0
 31
2100.0
 12
-450.0
 22
50.0
 32
0.0
 13
-450.0
 23
50.0
 33
0.0
 70
    13
  0
3DFACE
  5
8B
330
76
100
AcDbEntity
  8
3T_WOOD
100
AcDbFace
 10
409.09
 20
-50.0
 30
0.0
 11
409.09
 21
-50.0
 31
2055.58
 12
409.09
 22
50.0
 32
2055.58
 13
409.09
 23
50.0
 33
0.0
  0
3DFACE
  5
8C
330
76
100
AcDbEntity
  8
3T_WOOD
100
AcDbFace
 10
-409.09
 20
50.0
 30
0.0
 11
-409.09
 21
50.0
 31
2055.58
 12
-409.09
 22
-50.0
 32
2055.58
 13
-409.09
 23
-50.0
 33
0.0
  0
3DFACE
  5
8D
330
76
100
AcDbEntity
  8
3T_BAR
100
AcDbFace
 10
-330.18
 20
80.44
 30
907.28
 11
-341.34
 21
80.44
 31
920.52
 12
-341.34
 22
-63.56
 32
920.52
 13
-330.18
 23
-63.56
 33
907.28
  0
3DFACE
  5
8E
330
76
100
AcDbEntity
  8
3T_BAR
100
AcDbFace
 10
-341.34
 20
80.44
 30
920.52
 11
-352.49
 21
80.44
 31
907.28
 12
-352.49
 22
-63.56
 32
907.28
 13
-341.34
 23
-63.56
 33
920.52
  0
3DFACE
  5
8F
330
76
100
AcDbEntity
  8
3T_BAR
100
AcDbFace
 10
-352.49
 20
80.44
 30
907.28
 11
-341.34
 21
80.44
 31
894.03
 12
-341.34
 22
-63.56
 32
894.03
 13
-352.49
 23
-63.56
 33
907.28
  0
3DFACE
  5
90
330
76
100
AcDbEntity
  8
3T_BAR
100
AcDbFace
 10
-341.34
 20
80.44
 30
894.03
 11
-330.18
 21
80.44
 31
907.28
 12
-330.18
 22
-63.56
 32
907.28
 13
-341.34
 23
-63.56
 33
894.03
  0
3DFACE
  5
91
330
76
100
AcDbEntity
  8
3T_BAR
100
AcDbFace
 10
-351.72
 20
-63.56
 30
907.27
 11
-351.72
 21
-87.56
 31
907.27
 12
-350.12
 22
-87.56
 32
913.54
 13
-351.72
 23
-63.56
 33
907.27
 70
     4
  0
3DFACE
  5
92
330
76
100
AcDbEntity
  8
3T_BAR
100
AcDbFace
 10
-351.72
 20
-63.56
 30
907.27
 11
-350.12
 21
-87.56
 31
913.54
 12
-350.12
 22
-63.56
 32
913.54
 13
-351.72
 23
-63.56
 33
907.27
 70
     3
  0
3DFACE
  5
93
330
76
100
AcDbEntity
  8
3T_BAR
100
AcDbFace
 10
-350.12
 20
-63.56
 30
913.54
 11
-350.12
 21
-87.56
 31
913.54
 12
-346.14
 22
-87.56
 32
918.08
 13
-350.12
 23
-63.56
 33
913.54
 70
     5
  0
3DFACE
  5
94
330
76
100
AcDbEntity
  8
3T_BAR
100
AcDbFace
 10
-350.12
 20
-63.56
 30
913.54
 11
-346.14
 21
-87.56
 31
918.08
 12
-346.14
 22
-63.56
 32
918.08
 13
-350.12
 23
-63.56
 33
913.54
 70
     3
  0
3DFACE
  5
95
330
76
100
AcDbEntity
  8
3T_BAR
100
AcDbFace
 10
-346.14
 20
-87.56
 30
918.08
 11
-340.81
 21
-87.56
 31
919.73
 12
-340.81
 22
-63.56
 32
919.73
 13
-346.14
 23
-87.56
 33
918.08
 70
     6
  0
3DFACE
  5
96
330
76
100
AcDbEntity
  8
3T_BAR
100
AcDbFace
 10
-346.14
 20
-87.56
 30
918.08
 11
-340.81
 21
-63.56
 31
919.73
 12
-346.14
 22
-63.56
 32
918.08
 13
-346.14
 23
-87.56
 33
918.08
 70
     5
  0
3DFACE
  5
97
330
76
100
AcDbEntity
  8
3T_BAR
100
AcDbFace
 10
-340.81
 20
-87.56
 30
919.73
 11
-335.47
 21
-87.56
 31
918.08
 12
-335.47
 22
-63.56
 32
918.08
 13
-340.81
 23
-87.56
 33
919.73
 70
     6
  0
3DFACE
  5
98
330
76
100
AcDbEntity
  8
3T_BAR
100
AcDbFace
 10
-340.81
 20
-87.56
 30
919.73
 11
-335.47
 21
-63.56
 31
918.08
 12
-340.81
 22
-63.56
 32
919.73
 13
-340.81
 23
-87.56
 33
919.73
 70
     5
  0
3DFACE
  5
99
330
76
100
AcDbEntity
  8
3T_BAR
100
AcDbFace
 10
-335.47
 20
-63.56
 30
918.08
 11
-335.47
 21
-87.56
 31
918.08
 12
-331.49
 22
-87.56
 32
913.54
 13
-335.47
 23
-63.56
 33
918.08
 70
     5
  0
3DFACE
  5
9A
330
76
100
AcDbEntity
  8
3T_BAR
100
AcDbFace
 10
-335.47
 20
-63.56
 30
918.08
 11
-331.49
 21
-87.56
 31
913.54
 12
-331.49
 22
-63.56
 32
913.54
 13
-335.47
 23
-63.56
 33
918.08
 70
     3
  0
3DFACE
  5
9B
330
76
100
AcDbEntity
  8
3T_BAR
100
AcDbFace
 10
-331.49
 20
-63.56
 30
913.54
 11
-331.49
 21
-87.56
 31
913.54
 12
-329.89
 22
-87.56
 32
907.27
 13
-331.49
 23
-63.56
 33
913.54
 70
     5
  0
3DFACE
  5
9C
330
76
100
AcDbEntity
  8
3T_BAR
100
AcDbFace
 10
-331.49
 20
-63.56
 30
913.54
 11
-329.89
 21
-87.56
 31
907.27
 12
-329.89
 22
-63.56
 32
907.27
 13
-331.49
 23
-63.56
 33
913.54
 70
     1
  0
3DFACE
  5
9D
330
76
100
AcDbEntity
  8
3T_BAR
100
AcDbFace
 10
-329.89
 20
-87.56
 30
907.27
 11
-333.71
 21
-87.56
 31
812.63
 12
-333.71
 22
-63.56
 32
812.63
 13
-329.89
 23
-87.56
 33
907.27
 70
     4
  0
3DFACE
  5
9E
330
76
100
AcDbEntity
  8
3T_BAR
100
AcDbFace
 10
-329.89
 20
-87.56
 30
907.27
 11
-333.71
 21
-63.56
 31
812.63
 12
-329.89
 22
-63.56
 32
907.27
 13
-329.89
 23
-87.56
 33
907.27
 70
     1
  0
3DFACE
  5
9F
330
76
100
AcDbEntity
  8
3T_BAR
100
AcDbFace
 10
-333.71
 20
-63.56
 30
812.63
 11
-333.71
 21
-87.56
 31
812.63
 12
-348.45
 22
-87.56
 32
812.63
 13
-333.71
 23
-63.56
 33
812.63
 70
     4
  0
3DFACE
  5
A0
330
76
100
AcDbEntity
  8
3T_BAR
100
AcDbFace
 10
-333.71
 20
-63.56
 30
812.63
 11
-348.45
 21
-87.56
 31
812.63
 12
-348.45
 22
-63.56
 32
812.63
 13
-333.71
 23
-63.56
 33
812.63
 70
     1
  0
3DFACE
  5
A1
330
76
100
AcDbEntity
  8
3T_BAR
100
AcDbFace
 10
-348.45
 20
-63.56
 30
812.63
 11
-348.45
 21
-87.56
 31
812.63
 12
-351.72
 22
-87.56
 32
907.27
 13
-348.45
 23
-63.56
 33
812.63
 70
     4
  0
3DFACE
  5
A2
330
76
100
AcDbEntity
  8
3T_BAR
100
AcDbFace
 10
-348.45
 20
-63.56
 30
812.63
 11
-351.72
 21
-87.56
 31
907.27
 12
-351.72
 22
-63.56
 32
907.27
 13
-348.45
 23
-63.56
 33
812.63
 70
     1
  0
3DFACE
  5
A3
330
76
100
AcDbEntity
  8
3T_BAR
100
AcDbFace
 10
-348.45
 20
-63.56
 30
812.63
 11
-351.72
 21
-63.56
 31
907.27
 12
-346.14
 22
-63.56
 32
918.08
 13
-348.45
 23
-63.56
 33
812.63
 70
     6
  0
3DFACE
  5
A4
330
76
100
AcDbEntity
  8
3T_BAR
100
AcDbFace
 10
-348.45
 20
-63.56
 30
812.63
 11
-346.14
 21
-63.56
 31
918.08
 12
-340.81
 22
-63.56
 32
919.73
 13
-348.45
 23
-63.56
 33
812.63
 70
     5
  0
3DFACE
  5
A5
330
76
100
AcDbEntity
  8
3T_BAR
100
AcDbFace
 10
-348.45
 20
-63.56
 30
812.63
 11
-340.81
 21
-63.56
 31
919.73
 12
-333.71
 22
-63.56
 32
812.63
 13
-348.45
 23
-63.56
 33
812.63
 70
     3
  0
3DFACE
  5
A6
330
76
100
AcDbEntity
  8
3T_BAR
100
AcDbFace
 10
-351.72
 20
-63.56
 30
907.27
 11
-350.12
 21
-63.56
 31
913.54
 12
-346.14
 22
-63.56
 32
918.08
 13
-351.72
 23
-63.56
 33
907.27
 70
     4
  0
3DFACE
  5
A7
330
76
100
AcDbEntity
  8
3T_BAR
100
AcDbFace
 10
-340.81
 20
-63.56
 30
919.73
 11
-335.47
 21
-63.56
 31
918.08
 12
-333.71
 22
-63.56
 32
812.63
 13
-340.81
 23
-63.56
 33
919.73
 70
     6
  0
3DFACE
  5
A8
330
76
100
AcDbEntity
  8
3T_BAR
100
AcDbFace
 10
-335.47
 20
-63.56
 30
918.08
 11
-331.49
 21
-63.56
 31
913.54
 12
-329.89
 22
-63.56
 32
907.27
 13
-335.47
 23
-63.56
 33
918.08
 70
     4
  0
3DFACE
  5
A9
330
76
100
AcDbEntity
  8
3T_BAR
100
AcDbFace
 10
-335.47
 20
-63.56
 30
918.08
 11
-329.89
 21
-63.56
 31
907.27
 12
-333.71
 22
-63.56
 32
812.63
 13
-335.47
 23
-63.56
 33
918.08
 70
     5
  0
3DFACE
  5
AA
330
76
100
AcDbEntity
  8
3T_BAR
100
AcDbFace
 10
-329.89
 20
-87.56
 30
907.27
 11
-331.49
 21
-87.56
 31
913.54
 12
-335.47
 22
-87.56
 32
918.08
 13
-329.89
 23
-87.56
 33
907.27
 70
     4
  0
3DFACE
  5
AB
330
76
100
AcDbEntity
  8
3T_BAR
100
AcDbFace
 10
-329.89
 20
-87.56
 30
907.27
 11
-335.47
 21
-87.56
 31
918.08
 12
-333.71
 22
-87.56
 32
812.63
 13
-329.89
 23
-87.56
 33
907.27
 70
     3
  0
3DFACE
  5
AC
330
76
100
AcDbEntity
  8
3T_BAR
100
AcDbFace
 10
-333.71
 20
-87.56
 30
812.63
 11
-335.47
 21
-87.56
 31
918.08
 12
-340.81
 22
-87.56
 32
919.73
 13
-333.71
 23
-87.56
 33
812.63
 70
     5
  0
3DFACE
  5
AD
330
76
100
AcDbEntity
  8
3T_BAR
100
AcDbFace
 10
-333.71
 20
-87.56
 30
812.63
 11
-340.81
 21
-87.56
 31
919.73
 12
-348.45
 22
-87.56
 32
812.63
 13
-333.71
 23
-87.56
 33
812.63
 70
     3
  0
3DFACE
  5
AE
330
76
100
AcDbEntity
  8
3T_BAR
100
AcDbFace
 10
-340.81
 20
-87.56
 30
919.73
 11
-346.14
 21
-87.56
 31
918.08
 12
-348.45
 22
-87.56
 32
812.63
 13
-340.81
 23
-87.56
 33
919.73
 70
     6
  0
3DFACE
  5
AF
330
76
100
AcDbEntity
  8
3T_BAR
100
AcDbFace
 10
-346.14
 20
-87.56
 30
918.08
 11
-350.12
 21
-87.56
 31
913.54
 12
-351.72
 22
-87.56
 32
907.27
 13
-346.14
 23
-87.56
 33
918.08
 70
     4
  0
3DFACE
  5
B0
330
76
100
AcDbEntity
  8
3T_BAR
100
AcDbFace
 10
-346.14
 20
-87.56
 30
918.08
 11
-351.72
 21
-87.56
 31
907.27
 12
-348.45
 22
-87.56
 32
812.63
 13
-346.14
 23
-87.56
 33
918.08
 70
     5
  0
3DFACE
  5
B1
330
76
100
AcDbEntity
  8
3T_BAR
100
AcDbFace
 10
-351.72
 20
80.44
 30
907.27
 11
-351.72
 21
56.44
 31
907.27
 12
-350.12
 22
56.44
 32
913.54
 13
-351.72
 23
80.44
 33
907.27
 70
     4
  0
3DFACE
  5
B2
330
76
100
AcDbEntity
  8
3T_BAR
100
AcDbFace
 10
-351.72
 20
80.44
 30
907.27
 11
-350.12
 21
56.44
 31
913.54
 12
-350.12
 22
80.44
 32
913.54
 13
-351.72
 23
80.44
 33
907.27
 70
     3
  0
3DFACE
  5
B3
330
76
100
AcDbEntity
  8
3T_BAR
100
AcDbFace
 10
-350.12
 20
80.44
 30
913.54
 11
-350.12
 21
56.44
 31
913.54
 12
-346.14
 22
56.44
 32
918.08
 13
-350.12
 23
80.44
 33
913.54
 70
     5
  0
3DFACE
  5
B4
330
76
100
AcDbEntity
  8
3T_BAR
100
AcDbFace
 10
-350.12
 20
80.44
 30
913.54
 11
-346.14
 21
56.44
 31
918.08
 12
-346.14
 22
80.44
 32
918.08
 13
-350.12
 23
80.44
 33
913.54
 70
     3
  0
3DFACE
  5
B5
330
76
100
AcDbEntity
  8
3T_BAR
100
AcDbFace
 10
-346.14
 20
56.44
 30
918.08
 11
-340.81
 21
56.44
 31
919.73
 12
-340.81
 22
80.44
 32
919.73
 13
-346.14
 23
56.44
 33
918.08
 70
     6
  0
3DFACE
  5
B6
330
76
100
AcDbEntity
  8
3T_BAR
100
AcDbFace
 10
-346.14
 20
56.44
 30
918.08
 11
-340.81
 21
80.44
 31
919.73
 12
-346.14
 22
80.44
 32
918.08
 13
-346.14
 23
56.44
 33
918.08
 70
     5
  0
3DFACE
  5
B7
330
76
100
AcDbEntity
  8
3T_BAR
100
AcDbFace
 10
-340.81
 20
56.44
 30
919.73
 11
-335.47
 21
56.44
 31
918.08
 12
-335.47
 22
80.44
 32
918.08
 13
-340.81
 23
56.44
 33
919.73
 70
     6
  0
3DFACE
  5
B8
330
76
100
AcDbEntity
  8
3T_BAR
100
AcDbFace
 10
-340.81
 20
56.44
 30
919.73
 11
-335.47
 21
80.44
 31
918.08
 12
-340.81
 22
80.44
 32
919.73
 13
-340.81
 23
56.44
 33
919.73
 70
     5
  0
3DFACE
  5
B9
330
76
100
AcDbEntity
  8
3T_BAR
100
AcDbFace
 10
-335.47
 20
80.44
 30
918.08
 11
-335.47
 21
56.44
 31
918.08
 12
-331.49
 22
56.44
 32
913.54
 13
-335.47
 23
80.44
 33
918.08
 70
     5
  0
3DFACE
  5
BA
330
76
100
AcDbEntity
  8
3T_BAR
100
AcDbFace
 10
-335.47
 20
80.44
 30
918.08
 11
-331.49
 21
56.44
 31
913.54
 12
-331.49
 22
80.44
 32
913.54
 13
-335.47
 23
80.44
 33
918.08
 70
     3
  0
3DFACE
  5
BB
330
76
100
AcDbEntity
  8
3T_BAR
100
AcDbFace
 10
-331.49
 20
80.44
 30
913.54
 11
-331.49
 21
56.44
 31
913.54
 12
-329.89
 22
56.44
 32
907.27
 13
-331.49
 23
80.44
 33
913.54
 70
     5
  0
3DFACE
  5
BC
330
76
100
AcDbEntity
  8
3T_BAR
100
AcDbFace
 10
-331.49
 20
80.44
 30
913.54
 11
-329.89
 21
56.44
 31
907.27
 12
-329.89
 22
80.44
 32
907.27
 13
-331.49
 23
80.44
 33
913.54
 70
     1
  0
3DFACE
  5
BD
330
76
100
AcDbEntity
  8
3T_BAR
100
AcDbFace
 10
-329.89
 20
56.44
 30
907.27
 11
-333.71
 21
56.44
 31
812.63
 12
-333.71
 22
80.44
 32
812.63
 13
-329.89
 23
56.44
 33
907.27
 70
     4
  0
3DFACE
  5
BE
330
76
100
AcDbEntity
  8
3T_BAR
100
AcDbFace
 10
-329.89
 20
56.44
 30
907.27
 11
-333.71
 21
80.44
 31
812.63
 12
-329.89
 22
80.44
 32
907.27
 13
-329.89
 23
56.44
 33
907.27
 70
     1
  0
3DFACE
  5
BF
330
76
100
AcDbEntity
  8
3T_BAR
100
AcDbFace
 10
-333.71
 20
80.44
 30
812.63
 11
-333.71
 21
56.44
 31
812.63
 12
-348.45
 22
56.44
 32
812.63
 13
-333.71
 23
80.44
 33
812.63
 70
     4
  0
3DFACE
  5
C0
330
76
100
AcDbEntity
  8
3T_BAR
100
AcDbFace
 10
-333.71
 20
80.44
 30
812.63
 11
-348.45
 21
56.44
 31
812.63
 12
-348.45
 22
80.44
 32
812.63
 13
-333.71
 23
80.44
 33
812.63
 70
     1
  0
3DFACE
  5
C1
330
76
100
AcDbEntity
  8
3T_BAR
100
AcDbFace
 10
-348.45
 20
80.44
 30
812.63
 11
-348.45
 21
56.44
 31
812.63
 12
-351.72
 22
56.44
 32
907.27
 13
-348.45
 23
80.44
 33
812.63
 70
     4
  0
3DFACE
  5
C2
330
76
100
AcDbEntity
  8
3T_BAR
100
AcDbFace
 10
-348.45
 20
80.44
 30
812.63
 11
-351.72
 21
56.44
 31
907.27
 12
-351.72
 22
80.44
 32
907.27
 13
-348.45
 23
80.44
 33
812.63
 70
     1
  0
3DFACE
  5
C3
330
76
100
AcDbEntity
  8
3T_BAR
100
AcDbFace
 10
-348.45
 20
80.44
 30
812.63
 11
-351.72
 21
80.44
 31
907.27
 12
-346.14
 22
80.44
 32
918.08
 13
-348.45
 23
80.44
 33
812.63
 70
     6
  0
3DFACE
  5
C4
330
76
100
AcDbEntity
  8
3T_BAR
100
AcDbFace
 10
-348.45
 20
80.44
 30
812.63
 11
-346.14
 21
80.44
 31
918.08
 12
-340.81
 22
80.44
 32
919.73
 13
-348.45
 23
80.44
 33
812.63
 70
     5
  0
3DFACE
  5
C5
330
76
100
AcDbEntity
  8
3T_BAR
100
AcDbFace
 10
-348.45
 20
80.44
 30
812.63
 11
-340.81
 21
80.44
 31
919.73
 12
-333.71
 22
80.44
 32
812.63
 13
-348.45
 23
80.44
 33
812.63
 70
     3
  0
3DFACE
  5
C6
330
76
100
AcDbEntity
  8
3T_BAR
100
AcDbFace
 10
-351.72
 20
80.44
 30
907.27
 11
-350.12
 21
80.44
 31
913.54
 12
-346.14
 22
80.44
 32
918.08
 13
-351.72
 23
80.44
 33
907.27
 70
     4
  0
3DFACE
  5
C7
330
76
100
AcDbEntity
  8
3T_BAR
100
AcDbFace
 10
-340.81
 20
80.44
 30
919.73
 11
-335.47
 21
80.44
 31
918.08
 12
-333.71
 22
80.44
 32
812.63
 13
-340.81
 23
80.44
 33
919.73
 70
     6
  0
3DFACE
  5
C8
330
76
100
AcDbEntity
  8
3T_BAR
100
AcDbFace
 10
-335.47
 20
80.44
 30
918.08
 11
-331.49
 21
80.44
 31
913.54
 12
-329.89
 22
80.44
 32
907.27
 13
-335.47
 23
80.44
 33
918.08
 70
     4
  0
3DFACE
  5
C9
330
76
100
AcDbEntity
  8
3T_BAR
100
AcDbFace
 10
-335.47
 20
80.44
 30
918.08
 11
-329.89
 21
80.44
 31
907.27
 12
-333.71
 22
80.44
 32
812.63
 13
-335.47
 23
80.44
 33
918.08
 70
     5
  0
3DFACE
  5
CA
330
76
100
AcDbEntity
  8
3T_BAR
100
AcDbFace
 10
-329.89
 20
56.44
 30
907.27
 11
-331.49
 21
56.44
 31
913.54
 12
-335.47
 22
56.44
 32
918.08
 13
-329.89
 23
56.44
 33
907.27
 70
     4
  0
3DFACE
  5
CB
330
76
100
AcDbEntity
  8
3T_BAR
100
AcDbFace
 10
-329.89
 20
56.44
 30
907.27
 11
-335.47
 21
56.44
 31
918.08
 12
-333.71
 22
56.44
 32
812.63
 13
-329.89
 23
56.44
 33
907.27
 70
     3
  0
3DFACE
  5
CC
330
76
100
AcDbEntity
  8
3T_BAR
100
AcDbFace
 10
-333.71
 20
56.44
 30
812.63
 11
-335.47
 21
56.44
 31
918.08
 12
-340.81
 22
56.44
 32
919.73
 13
-333.71
 23
56.44
 33
812.63
 70
     5
  0
3DFACE
  5
CD
330
76
100
AcDbEntity
  8
3T_BAR
100
AcDbFace
 10
-333.71
 20
56.44
 30
812.63
 11
-340.81
 21
56.44
 31
919.73
 12
-348.45
 22
56.44
 32
812.63
 13
-333.71
 23
56.44
 33
812.63
 70
     3
  0
3DFACE
  5
CE
330
76
100
AcDbEntity
  8
3T_BAR
100
AcDbFace
 10
-340.81
 20
56.44
 30
919.73
 11
-346.14
 21
56.44
 31
918.08
 12
-348.45
 22
56.44
 32
812.63
 13
-340.81
 23
56.44
 33
919.73
 70
     6
  0
3DFACE
  5
CF
330
76
100
AcDbEntity
  8
3T_BAR
100
AcDbFace
 10
-346.14
 20
56.44
 30
918.08
 11
-350.12
 21
56.44
 31
913.54
 12
-351.72
 22
56.44
 32
907.27
 13
-346.14
 23
56.44
 33
918.08
 70
     4
  0
3DFACE
  5
D0
330
76
100
AcDbEntity
  8
3T_BAR
100
AcDbFace
 10
-346.14
 20
56.44
 30
918.08
 11
-351.72
 21
56.44
 31
907.27
 12
-348.45
 22
56.44
 32
812.63
 13
-346.14
 23
56.44
 33
918.08
 70
     5
  0
3DFACE
  5
D1
330
76
100
AcDbEntity
  8
3T_WOOD
100
AcDbFace
 10
409.41
 20
10.0
 30
2055.56
 11
-411.02
 21
10.0
 31
2055.56
 12
-411.02
 22
10.0
 32
1.21
 13
409.41
 23
10.0
 33
1.21
  0
ENDBLK
  5
D2
330
76
100
AcDbEntity
  8
0
100
AcDbBlockEnd
  0
BLOCK
  5
121
330
120
100
AcDbEntity
  8
0
100
AcDbBlockBegin
  2
$DorLib2D$00000131
 70
     0
 10
0.0
 20
0.0
 30
0.0
  3
$DorLib2D$00000131
  1

  0
LINE
  5
122
330
120
100
AcDbEntity
  8
0
  6
Continuous
 62
     0
100
AcDbLine
 10
-0.23
 20
-0.2
 30
0.0
 11
-0.23
 21
-0.13
 31
0.0
  0
LINE
  5
123
330
120
100
AcDbEntity
  8
0
  6
Continuous
 62
     0
100
AcDbLine
 10
-0.15
 20
-0.13
 30
0.0
 11
-0.23
 21
-0.2
 31
0.0
  0
LINE
  5
124
330
120
100
AcDbEntity
  8
0
  6
Continuous
 62
     0
100
AcDbLine
 10
-0.35
 20
-0.13
 30
0.0
 11
-0.15
 21
-0.13
 31
0.0
  0
LINE
  5
125
330
120
100
AcDbEntity
  8
0
  6
Continuous
 62
     0
100
AcDbLine
 10
0.23
 20
0.2
 30
0.0
 11
0.23
 21
0.13
 31
0.0
  0
LINE
  5
126
330
120
100
AcDbEntity
  8
0
  6
Continuous
 62
     0
100
AcDbLine
 10
0.15
 20
0.13
 30
0.0
 11
0.23
 21
0.2
 31
0.0
  0
LINE
  5
127
330
120
100
AcDbEntity
  8
0
  6
Continuous
 62
     0
100
AcDbLine
 10
0.35
 20
0.13
 30
0.0
 11
0.15
 21
0.13
 31
0.0
  0
LINE
  5
128
330
120
100
AcDbEntity
  8
0
  6
Continuous
 62
     0
100
AcDbLine
 10
0.5
 20
0.0
 30
0.0
 11
0.5
 21
-0.13
 31
0.0
  0
LINE
  5
129
330
120
100
AcDbEntity
  8
0
  6
Continuous
 62
     0
100
AcDbLine
 10
-0.02
 20
0.0
 30
0.0
 11
0.5
 21
0.0
 31
0.0
  0
LINE
  5
12A
330
120
100
AcDbEntity
  8
0
  6
Continuous
 62
     0
100
AcDbLine
 10
-0.02
 20
-0.13
 30
0.0
 11
-0.02
 21
0.0
 31
0.0
  0
LINE
  5
12B
330
120
100
AcDbEntity
  8
0
  6
Continuous
 62
     0
100
AcDbLine
 10
0.5
 20
-0.13
 30
0.0
 11
-0.02
 21
-0.13
 31
0.0
  0
LINE
  5
12C
330
120
100
AcDbEntity
  8
0
  6
Continuous
 62
     0
100
AcDbLine
 10
-0.5
 20
0.13
 30
0.0
 11
-0.5
 21
0.0
 31
0.0
  0
LINE
  5
12D
330
120
100
AcDbEntity
  8
0
  6
Continuous
 62
     0
100
AcDbLine
 10
0.02
 20
0.13
 30
0.0
 11
-0.5
 21
0.13
 31
0.0
  0
LINE
  5
12E
330
120
100
AcDbEntity
  8
0
  6
Continuous
 62
     0
100
AcDbLine
 10
0.02
 20
0.0
 30
0.0
 11
0.02
 21
0.13
 31
0.0
  0
LINE
  5
12F
330
120
100
AcDbEntity
  8
0
  6
Continuous
 62
     0
100
AcDbLine
 10
-0.5
 20
0.0
 30
0.0
 11
0.02
 21
0.0
 31
0.0
  0
ENDBLK
  5
130
330
120
100
AcDbEntity
  8
0
100
AcDbBlockEnd
  0
BLOCK
  5
14B
330
14A
100
AcDbEntity
  8
0
100
AcDbBlockBegin
  2
*D8
 70
     1
 10
0.0
 20
0.0
 30
0.0
  3
*D8
  1

  0
LINE
  5
14C
330
14A
100
AcDbEntity
  8
AXIS
 62
     0
440
 16777216
370
    -2
100
AcDbLine
 10
61598.18
 20
21587.53
 30
0.0
 11
64048.18
 21
21587.53
 31
0.0
  0
LINE
  5
14D
330
14A
100
AcDbEntity
  8
AXIS
 62
     0
440
 16777216
370
    -2
100
AcDbLine
 10
61598.18
 20
24587.53
 30
0.0
 11
64048.18
 21
24587.53
 31
0.0
  0
LINE
  5
14E
330
14A
100
AcDbEntity
  8
AXIS
 62
     0
440
 16777216
370
    -2
100
AcDbLine
 10
63798.18
 20
21587.53
 30
0.0
 11
63798.18
 21
24587.53
 31
0.0
  0
INSERT
  5
14F
330
14A
100
AcDbEntity
  8
AXIS
 62
     0
440
 16777216
370
    -2
100
AcDbBlockReference
  2
_ArchTick
 10
63798.18
 20
21587.53
 30
0.0
 41
100.0
 42
100.0
 43
100.0
 50
270.0
  0
INSERT
  5
154
330
14A
100
AcDbEntity
  8
AXIS
 62
     0
440
 16777216
370
    -2
100
AcDbBlockReference
  2
_ArchTick
 10
63798.18
 20
24587.53
 30
0.0
 41
100.0
 42
100.0
 43
100.0
 50
90.0
  0
MTEXT
  5
155
330
14A
100
AcDbEntity
  8
AXIS
 62
     7
440
 16777216
100
AcDbMText
 10
63523.18
 20
23087.53
 30
0.0
 40
297.5
 41
0.0
 46
0.0
 71
     5
 72
     1
  1
\A1;3000
  7
_TCH_DIM_T3
 11
0.0
 21
1.0
 31
0.0
 73
     1
 44
1.0
  0
POINT
  5
157
330
14A
100
AcDbEntity
  8
Defpoints
 62
     0
440
 16777216
100
AcDbPoint
 10
61298.18
 20
21587.53
 30
0.0
  0
POINT
  5
159
330
14A
100
AcDbEntity
  8
Defpoints
 62
     0
440
 16777216
100
AcDbPoint
 10
61298.18
 20
24587.53
 30
0.0
  0
POINT
  5
15A
330
14A
100
AcDbEntity
  8
Defpoints
 62
     0
440
 16777216
100
AcDbPoint
 10
63798.18
 20
24587.53
 30
0.0
  0
ENDBLK
  5
15B
330
14A
100
AcDbEntity
  8
0
100
AcDbBlockEnd
  0
BLOCK
  5
15F
330
15E
100
AcDbEntity
  8
0
100
AcDbBlockBegin
  2
*D9
 70
     1
 10
0.0
 20
0.0
 30
0.0
  3
*D9
  1

  0
LINE
  5
160
330
15E
100
AcDbEntity
  8
AXIS
 62
     0
440
 16777216
370
    -2
100
AcDbLine
 10
61598.18
 20
24587.53
 30
0.0
 11
64048.18
 21
24587.53
 31
0.0
  0
LINE
  5
161
330
15E
100
AcDbEntity
  8
AXIS
 62
     0
440
 16777216
370
    -2
100
AcDbLine
 10
61598.18
 20
29587.53
 30
0.0
 11
64048.18
 21
29587.53
 31
0.0
  0
LINE
  5
162
330
15E
100
AcDbEntity
  8
AXIS
 62
     0
440
 16777216
370
    -2
100
AcDbLine
 10
63798.18
 20
24587.53
 30
0.0
 11
63798.18
 21
29587.53
 31
0.0
  0
INSERT
  5
163
330
15E
100
AcDbEntity
  8
AXIS
 62
     0
440
 16777216
370
    -2
100
AcDbBlockReference
  2
_ArchTick
 10
63798.18
 20
24587.53
 30
0.0
 41
100.0
 42
100.0
 43
100.0
 50
270.0
  0
INSERT
  5
164
330
15E
100
AcDbEntity
  8
AXIS
 62
     0
440
 16777216
370
    -2
100
AcDbBlockReference
  2
_ArchTick
 10
63798.18
 20
29587.53
 30
0.0
 41
100.0
 42
100.0
 43
100.0
 50
90.0
  0
MTEXT
  5
165
330
15E
100
AcDbEntity
  8
AXIS
 62
     7
440
 16777216
100
AcDbMText
 10
63523.18
 20
27087.53
 30
0.0
 40
297.5
 41
0.0
 46
0.0
 71
     5
 72
     1
  1
\A1;5000
  7
_TCH_DIM_T3
 11
0.0
 21
1.0
 31
0.0
 73
     1
 44
1.0
  0
POINT
  5
166
330
15E
100
AcDbEntity
  8
Defpoints
 62
     0
440
 16777216
100
AcDbPoint
 10
61298.18
 20
24587.53
 30
0.0
  0
POINT
  5
167
330
15E
100
AcDbEntity
  8
Defpoints
 62
     0
440
 16777216
100
AcDbPoint
 10
61298.18
 20
29587.53
 30
0.0
  0
POINT
  5
168
330
15E
100
AcDbEntity
  8
Defpoints
 62
     0
440
 16777216
100
AcDbPoint
 10
63798.18
 20
29587.53
 30
0.0
  0
ENDBLK
  5
169
330
15E
100
AcDbEntity
  8
0
100
AcDbBlockEnd
  0
BLOCK
  5
16C
330
16B
100
AcDbEntity
  8
0
100
AcDbBlockBegin
  2
*D10
 70
     1
 10
0.0
 20
0.0
 30
0.0
  3
*D10
  1

  0
LINE
  5
16D
330
16B
100
AcDbEntity
  8
AXIS
 62
     0
440
 16777216
370
    -2
100
AcDbLine
 10
61598.18
 20
29587.53
 30
0.0
 11
64048.18
 21
29587.53
 31
0.0
  0
LINE
  5
16E
330
16B
100
AcDbEntity
  8
AXIS
 62
     0
440
 16777216
370
    -2
100
AcDbLine
 10
61598.18
 20
32587.53
 30
0.0
 11
64048.18
 21
32587.53
 31
0.0
  0
LINE
  5
16F
330
16B
100
AcDbEntity
  8
AXIS
 62
     0
440
 16777216
370
    -2
100
AcDbLine
 10
63798.18
 20
29587.53
 30
0.0
 11
63798.18
 21
32587.53
 31
0.0
  0
INSERT
  5
170
330
16B
100
AcDbEntity
  8
AXIS
 62
     0
440
 16777216
370
    -2
100
AcDbBlockReference
  2
_ArchTick
 10
63798.18
 20
29587.53
 30
0.0
 41
100.0
 42
100.0
 43
100.0
 50
270.0
  0
INSERT
  5
171
330
16B
100
AcDbEntity
  8
AXIS
 62
     0
440
 16777216
370
    -2
100
AcDbBlockReference
  2
_ArchTick
 10
63798.18
 20
32587.53
 30
0.0
 41
100.0
 42
100.0
 43
100.0
 50
90.0
  0
MTEXT
  5
172
330
16B
100
AcDbEntity
  8
AXIS
 62
     7
440
 16777216
100
AcDbMText
 10
63523.18
 20
31087.53
 30
0.0
 40
297.5
 41
0.0
 46
0.0
 71
     5
 72
     1
  1
\A1;3000
  7
_TCH_DIM_T3
 11
0.0
 21
1.0
 31
0.0
 73
     1
 44
1.0
  0
POINT
  5
173
330
16B
100
AcDbEntity
  8
Defpoints
 62
     0
440
 16777216
100
AcDbPoint
 10
61298.18
 20
29587.53
 30
0.0
  0
POINT
  5
174
330
16B
100
AcDbEntity
  8
Defpoints
 62
     0
440
 16777216
100
AcDbPoint
 10
61298.18
 20
32587.53
 30
0.0
  0
POINT
  5
175
330
16B
100
AcDbEntity
  8
Defpoints
 62
     0
440
 16777216
100
AcDbPoint
 10
63798.18
 20
32587.53
 30
0.0
  0
ENDBLK
  5
176
330
16B
100
AcDbEntity
  8
0
100
AcDbBlockEnd
  0
BLOCK
  5
179
330
178
100
AcDbEntity
  8
0
100
AcDbBlockBegin
  2
*D11
 70
     1
 10
0.0
 20
0.0
 30
0.0
  3
*D11
  1

  0
LINE
  5
17A
330
178
100
AcDbEntity
  8
AXIS
 62
     0
440
 16777216
370
    -2
100
AcDbLine
 10
61598.18
 20
21587.53
 30
0.0
 11
64848.18
 21
21587.53
 31
0.0
  0
LINE
  5
17B
330
178
100
AcDbEntity
  8
AXIS
 62
     0
440
 16777216
370
    -2
100
AcDbLine
 10
61598.18
 20
32587.53
 30
0.0
 11
64848.18
 21
32587.53
 31
0.0
  0
LINE
  5
17C
330
178
100
AcDbEntity
  8
AXIS
 62
     0
440
 16777216
370
    -2
100
AcDbLine
 10
64598.18
 20
21587.53
 30
0.0
 11
64598.18
 21
32587.53
 31
0.0
  0
INSERT
  5
17D
330
178
100
AcDbEntity
  8
AXIS
 62
     0
440
 16777216
370
    -2
100
AcDbBlockReference
  2
_ArchTick
 10
64598.18
 20
21587.53
 30
0.0
 41
100.0
 42
100.0
 43
100.0
 50
270.0
  0
INSERT
  5
17E
330
178
100
AcDbEntity
  8
AXIS
 62
     0
440
 16777216
370
    -2
100
AcDbBlockReference
  2
_ArchTick
 10
64598.18
 20
32587.53
 30
0.0
 41
100.0
 42
100.0
 43
100.0
 50
90.0
  0
MTEXT
  5
17F
330
178
100
AcDbEntity
  8
AXIS
 62
     7
440
 16777216
100
AcDbMText
 10
64323.18
 20
27087.53
 30
0.0
 40
297.5
 41
0.0
 46
0.0
 71
     5
 72
     1
  1
\A1;11000
  7
_TCH_DIM_T3
 11
0.0
 21
1.0
 31
0.0
 73
     1
 44
1.0
  0
POINT
  5
180
330
178
100
AcDbEntity
  8
Defpoints
 62
     0
440
 16777216
100
AcDbPoint
 10
61298.18
 20
21587.53
 30
0.0
  0
POINT
  5
181
330
178
100
AcDbEntity
  8
Defpoints
 62
     0
440
 16777216
100
AcDbPoint
 10
61298.18
 20
32587.53
 30
0.0
  0
POINT
  5
182
330
178
100
AcDbEntity
  8
Defpoints
 62
     0
440
 16777216
100
AcDbPoint
 10
64598.18
 20
32587.53
 30
0.0
  0
ENDBLK
  5
183
330
178
100
AcDbEntity
  8
0
100
AcDbBlockEnd
  0
BLOCK
  5
186
330
185
100
AcDbEntity
  8
0
100
AcDbBlockBegin
  2
*D12
 70
     1
 10
0.0
 20
0.0
 30
0.0
  3
*D12
  1

  0
LINE
  5
187
330
185
100
AcDbEntity
  8
AXIS
 62
     0
440
 16777216
370
    -2
100
AcDbLine
 10
41998.18
 20
21587.53
 30
0.0
 11
39548.18
 21
21587.53
 31
0.0
  0
LINE
  5
188
330
185
100
AcDbEntity
  8
AXIS
 62
     0
440
 16777216
370
    -2
100
AcDbLine
 10
41998.18
 20
24587.53
 30
0.0
 11
39548.18
 21
24587.53
 31
0.0
  0
LINE
  5
189
330
185
100
AcDbEntity
  8
AXIS
 62
     0
440
 16777216
370
    -2
100
AcDbLine
 10
39798.18
 20
21587.53
 30
0.0
 11
39798.18
 21
24587.53
 31
0.0
  0
INSERT
  5
18A
330
185
100
AcDbEntity
  8
AXIS
 62
     0
440
 16777216
370
    -2
100
AcDbBlockReference
  2
_ArchTick
 10
39798.18
 20
21587.53
 30
0.0
 41
100.0
 42
100.0
 43
100.0
 50
270.0
  0
INSERT
  5
18B
330
185
100
AcDbEntity
  8
AXIS
 62
     0
440
 16777216
370
    -2
100
AcDbBlockReference
  2
_ArchTick
 10
39798.18
 20
24587.53
 30
0.0
 41
100.0
 42
100.0
 43
100.0
 50
90.0
  0
MTEXT
  5
18C
330
185
100
AcDbEntity
  8
AXIS
 62
     7
440
 16777216
100
AcDbMText
 10
39523.18
 20
23087.53
 30
0.0
 40
297.5
 41
0.0
 46
0.0
 71
     5
 72
     1
  1
\A1;3000
  7
_TCH_DIM_T3
 11
0.0
 21
1.0
 31
0.0
 73
     1
 44
1.0
  0
POINT
  5
18D
330
185
100
AcDbEntity
  8
Defpoints
 62
     0
440
 16777216
100
AcDbPoint
 10
42298.18
 20
21587.53
 30
0.0
  0
POINT
  5
18E
330
185
100
AcDbEntity
  8
Defpoints
 62
     0
440
 16777216
100
AcDbPoint
 10
42298.18
 20
24587.53
 30
0.0
  0
POINT
  5
18F
330
185
100
AcDbEntity
  8
Defpoints
 62
     0
440
 16777216
100
AcDbPoint
 10
39798.18
 20
24587.53
 30
0.0
  0
ENDBLK
  5
190
330
185
100
AcDbEntity
  8
0
100
AcDbBlockEnd
  0
BLOCK
  5
193
330
192
100
AcDbEntity
  8
0
100
AcDbBlockBegin
  2
*D13
 70
     1
 10
0.0
 20
0.0
 30
0.0
  3
*D13
  1

  0
LINE
  5
194
330
192
100
AcDbEntity
  8
AXIS
 62
     0
440
 16777216
370
    -2
100
AcDbLine
 10
41998.18
 20
24587.53
 30
0.0
 11
39548.18
 21
24587.53
 31
0.0
  0
LINE
  5
195
330
192
100
AcDbEntity
  8
AXIS
 62
     0
440
 16777216
370
    -2
100
AcDbLine
 10
41998.18
 20
29587.53
 30
0.0
 11
39548.18
 21
29587.53
 31
0.0
  0
LINE
  5
196
330
192
100
AcDbEntity
  8
AXIS
 62
     0
440
 16777216
370
    -2
100
AcDbLine
 10
39798.18
 20
24587.53
 30
0.0
 11
39798.18
 21
29587.53
 31
0.0
  0
INSERT
  5
197
330
192
100
AcDbEntity
  8
AXIS
 62
     0
440
 16777216
370
    -2
100
AcDbBlockReference
  2
_ArchTick
 10
39798.18
 20
24587.53
 30
0.0
 41
100.0
 42
100.0
 43
100.0
 50
270.0
  0
INSERT
  5
198
330
192
100
AcDbEntity
  8
AXIS
 62
     0
440
 16777216
370
    -2
100
AcDbBlockReference
  2
_ArchTick
 10
39798.18
 20
29587.53
 30
0.0
 41
100.0
 42
100.0
 43
100.0
 50
90.0
  0
MTEXT
  5
199
330
192
100
AcDbEntity
  8
AXIS
 62
     7
440
 16777216
100
AcDbMText
 10
39523.18
 20
27087.53
 30
0.0
 40
297.5
 41
0.0
 46
0.0
 71
     5
 72
     1
  1
\A1;5000
  7
_TCH_DIM_T3
 11
0.0
 21
1.0
 31
0.0
 73
     1
 44
1.0
  0
POINT
  5
19A
330
192
100
AcDbEntity
  8
Defpoints
 62
     0
440
 16777216
100
AcDbPoint
 10
42298.18
 20
24587.53
 30
0.0
  0
POINT
  5
19B
330
192
100
AcDbEntity
  8
Defpoints
 62
     0
440
 16777216
100
AcDbPoint
 10
42298.18
 20
29587.53
 30
0.0
  0
POINT
  5
19C
330
192
100
AcDbEntity
  8
Defpoints
 62
     0
440
 16777216
100
AcDbPoint
 10
39798.18
 20
29587.53
 30
0.0
  0
ENDBLK
  5
19D
330
192
100
AcDbEntity
  8
0
100
AcDbBlockEnd
  0
BLOCK
  5
1A0
330
19F
100
AcDbEntity
  8
0
100
AcDbBlockBegin
  2
*D14
 70
     1
 10
0.0
 20
0.0
 30
0.0
  3
*D14
  1

  0
LINE
  5
1A1
330
19F
100
AcDbEntity
  8
AXIS
 62
     0
440
 16777216
370
    -2
100
AcDbLine
 10
41998.18
 20
29587.53
 30
0.0
 11
39548.18
 21
29587.53
 31
0.0
  0
LINE
  5
1A2
330
19F
100
AcDbEntity
  8
AXIS
 62
     0
440
 16777216
370
    -2
100
AcDbLine
 10
41998.18
 20
32587.53
 30
0.0
 11
39548.18
 21
32587.53
 31
0.0
  0
LINE
  5
1A3
330
19F
100
AcDbEntity
  8
AXIS
 62
     0
440
 16777216
370
    -2
100
AcDbLine
 10
39798.18
 20
29587.53
 30
0.0
 11
39798.18
 21
32587.53
 31
0.0
  0
INSERT
  5
1A4
330
19F
100
AcDbEntity
  8
AXIS
 62
     0
440
 16777216
370
    -2
100
AcDbBlockReference
  2
_ArchTick
 10
39798.18
 20
29587.53
 30
0.0
 41
100.0
 42
100.0
 43
100.0
 50
270.0
  0
INSERT
  5
1A5
330
19F
100
AcDbEntity
  8
AXIS
 62
     0
440
 16777216
370
    -2
100
AcDbBlockReference
  2
_ArchTick
 10
39798.18
 20
32587.53
 30
0.0
 41
100.0
 42
100.0
 43
100.0
 50
90.0
  0
MTEXT
  5
1A6
330
19F
100
AcDbEntity
  8
AXIS
 62
     7
440
 16777216
100
AcDbMText
 10
39523.18
 20
31087.53
 30
0.0
 40
297.5
 41
0.0
 46
0.0
 71
     5
 72
     1
  1
\A1;3000
  7
_TCH_DIM_T3
 11
0.0
 21
1.0
 31
0.0
 73
     1
 44
1.0
  0
POINT
  5
1A7
330
19F
100
AcDbEntity
  8
Defpoints
 62
     0
440
 16777216
100
AcDbPoint
 10
42298.18
 20
29587.53
 30
0.0
  0
POINT
  5
1A8
330
19F
100
AcDbEntity
  8
Defpoints
 62
     0
440
 16777216
100
AcDbPoint
 10
42298.18
 20
32587.53
 30
0.0
  0
POINT
  5
1A9
330
19F
100
AcDbEntity
  8
Defpoints
 62
     0
440
 16777216
100
AcDbPoint
 10
39798.18
 20
32587.53
 30
0.0
  0
ENDBLK
  5
1AA
330
19F
100
AcDbEntity
  8
0
100
AcDbBlockEnd
  0
BLOCK
  5
1AD
330
1AC
100
AcDbEntity
  8
0
100
AcDbBlockBegin
  2
*D15
 70
     1
 10
0.0
 20
0.0
 30
0.0
  3
*D15
  1

  0
LINE
  5
1AE
330
1AC
100
AcDbEntity
  8
AXIS
 62
     0
440
 16777216
370
    -2
100
AcDbLine
 10
41998.18
 20
21587.53
 30
0.0
 11
38748.18
 21
21587.53
 31
0.0
  0
LINE
  5
1AF
330
1AC
100
AcDbEntity
  8
AXIS
 62
     0
440
 16777216
370
    -2
100
AcDbLine
 10
41998.18
 20
32587.53
 30
0.0
 11
38748.18
 21
32587.53
 31
0.0
  0
LINE
  5
1B0
330
1AC
100
AcDbEntity
  8
AXIS
 62
     0
440
 16777216
370
    -2
100
AcDbLine
 10
38998.18
 20
21587.53
 30
0.0
 11
38998.18
 21
32587.53
 31
0.0
  0
INSERT
  5
1B1
330
1AC
100
AcDbEntity
  8
AXIS
 62
     0
440
 16777216
370
    -2
100
AcDbBlockReference
  2
_ArchTick
 10
38998.18
 20
21587.53
 30
0.0
 41
100.0
 42
100.0
 43
100.0
 50
270.0
  0
INSERT
  5
1B2
330
1AC
100
AcDbEntity
  8
AXIS
 62
     0
440
 16777216
370
    -2
100
AcDbBlockReference
  2
_ArchTick
 10
38998.18
 20
32587.53
 30
0.0
 41
100.0
 42
100.0
 43
100.0
 50
90.0
  0
MTEXT
  5
1B3
330
1AC
100
AcDbEntity
  8
AXIS
 62
     7
440
 16777216
100
AcDbMText
 10
38723.18
 20
27087.53
 30
0.0
 40
297.5
 41
0.0
 46
0.0
 71
     5
 72
     1
  1
\A1;11000
  7
_TCH_DIM_T3
 11
0.0
 21
1.0
 31
0.0
 73
     1
 44
1.0
  0
POINT
  5
1B4
330
1AC
100
AcDbEntity
  8
Defpoints
 62
     0
440
 16777216
100
AcDbPoint
 10
42298.18
 20
21587.53
 30
0.0
  0
POINT
  5
1B5
330
1AC
100
AcDbEntity
  8
Defpoints
 62
     0
440
 16777216
100
AcDbPoint
 10
42298.18
 20
32587.53
 30
0.0
  0
POINT
  5
1B6
330
1AC
100
AcDbEntity
  8
Defpoints
 62
     0
440
 16777216
100
AcDbPoint
 10
38998.18
 20
32587.53
 30
0.0
  0
ENDBLK
  5
1B7
330
1AC
100
AcDbEntity
  8
0
100
AcDbBlockEnd
  0
BLOCK
  5
1BA
330
1B9
100
AcDbEntity
  8
0
100
AcDbBlockBegin
  2
*D16
 70
     1
 10
0.0
 20
0.0
 30
0.0
  3
*D16
  1

  0
LINE
  5
1BB
330
1B9
100
AcDbEntity
  8
AXIS
 62
     0
440
 16777216
370
    -2
100
AcDbLine
 10
43298.18
 20
33887.53
 30
0.0
 11
43298.18
 21
36337.53
 31
0.0
  0
LINE
  5
1BC
330
1B9
100
AcDbEntity
  8
AXIS
 62
     0
440
 16777216
370
    -2
100
AcDbLine
 10
49298.18
 20
33887.53
 30
0.0
 11
49298.18
 21
36337.53
 31
0.0
  0
LINE
  5
1BD
330
1B9
100
AcDbEntity
  8
AXIS
 62
     0
440
 16777216
370
    -2
100
AcDbLine
 10
43298.18
 20
36087.53
 30
0.0
 11
49298.18
 21
36087.53
 31
0.0
  0
INSERT
  5
1BE
330
1B9
100
AcDbEntity
  8
AXIS
 62
     0
440
 16777216
370
    -2
100
AcDbBlockReference
  2
_ArchTick
 10
43298.18
 20
36087.53
 30
0.0
 41
100.0
 42
100.0
 43
100.0
 50
180.0
  0
INSERT
  5
1BF
330
1B9
100
AcDbEntity
  8
AXIS
 62
     0
440
 16777216
370
    -2
100
AcDbBlockReference
  2
_ArchTick
 10
49298.18
 20
36087.53
 30
0.0
 41
100.0
 42
100.0
 43
100.0
  0
MTEXT
  5
1C0
330
1B9
100
AcDbEntity
  8
AXIS
 62
     7
440
 16777216
100
AcDbMText
 10
46298.18
 20
36362.53
 30
0.0
 40
297.5
 41
0.0
 46
0.0
 71
     5
 72
     1
  1
\A1;6000
  7
_TCH_DIM_T3
 73
     1
 44
1.0
  0
POINT
  5
1C1
330
1B9
100
AcDbEntity
  8
Defpoints
 62
     0
440
 16777216
100
AcDbPoint
 10
43298.18
 20
33587.53
 30
0.0
  0
POINT
  5
1C2
330
1B9
100
AcDbEntity
  8
Defpoints
 62
     0
440
 16777216
100
AcDbPoint
 10
49298.18
 20
33587.53
 30
0.0
  0
POINT
  5
1C3
330
1B9
100
AcDbEntity
  8
Defpoints
 62
     0
440
 16777216
100
AcDbPoint
 10
49298.18
 20
36087.53
 30
0.0
  0
ENDBLK
  5
1C4
330
1B9
100
AcDbEntity
  8
0
100
AcDbBlockEnd
  0
BLOCK
  5
1C7
330
1C6
100
AcDbEntity
  8
0
100
AcDbBlockBegin
  2
*D17
 70
     1
 10
0.0
 20
0.0
 30
0.0
  3
*D17
  1

  0
LINE
  5
1C8
330
1C6
100
AcDbEntity
  8
AXIS
 62
     0
440
 16777216
370
    -2
100
AcDbLine
 10
49298.18
 20
33887.53
 30
0.0
 11
49298.18
 21
36337.53
 31
0.0
  0
LINE
  5
1C9
330
1C6
100
AcDbEntity
  8
AXIS
 62
     0
440
 16777216
370
    -2
100
AcDbLine
 10
54298.18
 20
33887.53
 30
0.0
 11
54298.18
 21
36337.53
 31
0.0
  0
LINE
  5
1CA
330
1C6
100
AcDbEntity
  8
AXIS
 62
     0
440
 16777216
370
    -2
100
AcDbLine
 10
49298.18
 20
36087.53
 30
0.0
 11
54298.18
 21
36087.53
 31
0.0
  0
INSERT
  5
1CB
330
1C6
100
AcDbEntity
  8
AXIS
 62
     0
440
 16777216
370
    -2
100
AcDbBlockReference
  2
_ArchTick
 10
49298.18
 20
36087.53
 30
0.0
 41
100.0
 42
100.0
 43
100.0
 50
180.0
  0
INSERT
  5
1CC
330
1C6
100
AcDbEntity
  8
AXIS
 62
     0
440
 16777216
370
    -2
100
AcDbBlockReference
  2
_ArchTick
 10
54298.18
 20
36087.53
 30
0.0
 41
100.0
 42
100.0
 43
100.0
  0
MTEXT
  5
1CD
330
1C6
100
AcDbEntity
  8
AXIS
 62
     7
440
 16777216
100
AcDbMText
 10
51798.18
 20
36362.53
 30
0.0
 40
297.5
 41
0.0
 46
0.0
 71
     5
 72
     1
  1
\A1;5000
  7
_TCH_DIM_T3
 73
     1
 44
1.0
  0
POINT
  5
1CE
330
1C6
100
AcDbEntity
  8
Defpoints
 62
     0
440
 16777216
100
AcDbPoint
 10
49298.18
 20
33587.53
 30
0.0
  0
POINT
  5
1CF
330
1C6
100
AcDbEntity
  8
Defpoints
 62
     0
440
 16777216
100
AcDbPoint
 10
54298.18
 20
33587.53
 30
0.0
  0
POINT
  5
1D0
330
1C6
100
AcDbEntity
  8
Defpoints
 62
     0
440
 16777216
100
AcDbPoint
 10
54298.18
 20
36087.53
 30
0.0
  0
ENDBLK
  5
1D1
330
1C6
100
AcDbEntity
  8
0
100
AcDbBlockEnd
  0
BLOCK
  5
1D4
330
1D3
100
AcDbEntity
  8
0
100
AcDbBlockBegin
  2
*D18
 70
     1
 10
0.0
 20
0.0
 30
0.0
  3
*D18
  1

  0
LINE
  5
1D5
330
1D3
100
AcDbEntity
  8
AXIS
 62
     0
440
 16777216
370
    -2
100
AcDbLine
 10
54298.18
 20
33887.53
 30
0.0
 11
54298.18
 21
36337.53
 31
0.0
  0
LINE
  5
1D6
330
1D3
100
AcDbEntity
  8
AXIS
 62
     0
440
 16777216
370
    -2
100
AcDbLine
 10
60298.18
 20
33887.53
 30
0.0
 11
60298.18
 21
36337.53
 31
0.0
  0
LINE
  5
1D7
330
1D3
100
AcDbEntity
  8
AXIS
 62
     0
440
 16777216
370
    -2
100
AcDbLine
 10
54298.18
 20
36087.53
 30
0.0
 11
60298.18
 21
36087.53
 31
0.0
  0
INSERT
  5
1D8
330
1D3
100
AcDbEntity
  8
AXIS
 62
     0
440
 16777216
370
    -2
100
AcDbBlockReference
  2
_ArchTick
 10
54298.18
 20
36087.53
 30
0.0
 41
100.0
 42
100.0
 43
100.0
 50
180.0
  0
INSERT
  5
1D9
330
1D3
100
AcDbEntity
  8
AXIS
 62
     0
440
 16777216
370
    -2
100
AcDbBlockReference
  2
_ArchTick
 10
60298.18
 20
36087.53
 30
0.0
 41
100.0
 42
100.0
 43
100.0
  0
MTEXT
  5
1DA
330
1D3
100
AcDbEntity
  8
AXIS
 62
     7
440
 16777216
100
AcDbMText
 10
57298.18
 20
36362.53
 30
0.0
 40
297.5
 41
0.0
 46
0.0
 71
     5
 72
     1
  1
\A1;6000
  7
_TCH_DIM_T3
 73
     1
 44
1.0
  0
POINT
  5
1DB
330
1D3
100
AcDbEntity
  8
Defpoints
 62
     0
440
 16777216
100
AcDbPoint
 10
54298.18
 20
33587.53
 30
0.0
  0
POINT
  5
1DC
330
1D3
100
AcDbEntity
  8
Defpoints
 62
     0
440
 16777216
100
AcDbPoint
 10
60298.18
 20
33587.53
 30
0.0
  0
POINT
  5
1DD
330
1D3
100
AcDbEntity
  8
Defpoints
 62
     0
440
 16777216
100
AcDbPoint
 10
60298.18
 20
36087.53
 30
0.0
  0
ENDBLK
  5
1DE
330
1D3
100
AcDbEntity
  8
0
100
AcDbBlockEnd
  0
BLOCK
  5
1E1
330
1E0
100
AcDbEntity
  8
0
100
AcDbBlockBegin
  2
*D19
 70
     1
 10
0.0
 20
0.0
 30
0.0
  3
*D19
  1

  0
LINE
  5
1E2
330
1E0
100
AcDbEntity
  8
AXIS
 62
     0
440
 16777216
370
    -2
100
AcDbLine
 10
43298.18
 20
33887.53
 30
0.0
 11
43298.18
 21
37137.53
 31
0.0
  0
LINE
  5
1E3
330
1E0
100
AcDbEntity
  8
AXIS
 62
     0
440
 16777216
370
    -2
100
AcDbLine
 10
60298.18
 20
33887.53
 30
0.0
 11
60298.18
 21
37137.53
 31
0.0
  0
LINE
  5
1E4
330
1E0
100
AcDbEntity
  8
AXIS
 62
     0
440
 16777216
370
    -2
100
AcDbLine
 10
43298.18
 20
36887.53
 30
0.0
 11
60298.18
 21
36887.53
 31
0.0
  0
INSERT
  5
1E5
330
1E0
100
AcDbEntity
  8
AXIS
 62
     0
440
 16777216
370
    -2
100
AcDbBlockReference
  2
_ArchTick
 10
43298.18
 20
36887.53
 30
0.0
 41
100.0
 42
100.0
 43
100.0
 50
180.0
  0
INSERT
  5
1E6
330
1E0
100
AcDbEntity
  8
AXIS
 62
     0
440
 16777216
370
    -2
100
AcDbBlockReference
  2
_ArchTick
 10
60298.18
 20
36887.53
 30
0.0
 41
100.0
 42
100.0
 43
100.0
  0
MTEXT
  5
1E7
330
1E0
100
AcDbEntity
  8
AXIS
 62
     7
440
 16777216
100
AcDbMText
 10
51798.18
 20
37162.53
 30
0.0
 40
297.5
 41
0.0
 46
0.0
 71
     5
 72
     1
  1
\A1;17000
  7
_TCH_DIM_T3
 73
     1
 44
1.0
  0
POINT
  5
1E8
330
1E0
100
AcDbEntity
  8
Defpoints
 62
     0
440
 16777216
100
AcDbPoint
 10
43298.18
 20
33587.53
 30
0.0
  0
POINT
  5
1E9
330
1E0
100
AcDbEntity
  8
Defpoints
 62
     0
440
 16777216
100
AcDbPoint
 10
60298.18
 20
33587.53
 30
0.0
  0
POINT
  5
1EA
330
1E0
100
AcDbEntity
  8
Defpoints
 62
     0
440
 16777216
100
AcDbPoint
 10
60298.18
 20
36887.53
 30
0.0
  0
ENDBLK
  5
1EB
330
1E0
100
AcDbEntity
  8
0
100
AcDbBlockEnd
  0
BLOCK
  5
1EE
330
1ED
100
AcDbEntity
  8
0
100
AcDbBlockBegin
  2
*D20
 70
     1
 10
0.0
 20
0.0
 30
0.0
  3
*D20
  1

  0
LINE
  5
1EF
330
1ED
100
AcDbEntity
  8
AXIS
 62
     0
440
 16777216
370
    -2
100
AcDbLine
 10
43298.18
 20
20287.53
 30
0.0
 11
43298.18
 21
17837.53
 31
0.0
  0
LINE
  5
1F0
330
1ED
100
AcDbEntity
  8
AXIS
 62
     0
440
 16777216
370
    -2
100
AcDbLine
 10
49298.18
 20
20287.53
 30
0.0
 11
49298.18
 21
17837.53
 31
0.0
  0
LINE
  5
1F1
330
1ED
100
AcDbEntity
  8
AXIS
 62
     0
440
 16777216
370
    -2
100
AcDbLine
 10
43298.18
 20
18087.53
 30
0.0
 11
49298.18
 21
18087.53
 31
0.0
  0
INSERT
  5
1F2
330
1ED
100
AcDbEntity
  8
AXIS
 62
     0
440
 16777216
370
    -2
100
AcDbBlockReference
  2
_ArchTick
 10
43298.18
 20
18087.53
 30
0.0
 41
100.0
 42
100.0
 43
100.0
 50
180.0
  0
INSERT
  5
1F3
330
1ED
100
AcDbEntity
  8
AXIS
 62
     0
440
 16777216
370
    -2
100
AcDbBlockReference
  2
_ArchTick
 10
49298.18
 20
18087.53
 30
0.0
 41
100.0
 42
100.0
 43
100.0
  0
MTEXT
  5
1F4
330
1ED
100
AcDbEntity
  8
AXIS
 62
     7
440
 16777216
100
AcDbMText
 10
46298.18
 20
18362.53
 30
0.0
 40
297.5
 41
0.0
 46
0.0
 71
     5
 72
     1
  1
\A1;6000
  7
_TCH_DIM_T3
 73
     1
 44
1.0
  0
POINT
  5
1F5
330
1ED
100
AcDbEntity
  8
Defpoints
 62
     0
440
 16777216
100
AcDbPoint
 10
43298.18
 20
20587.53
 30
0.0
  0
POINT
  5
1F6
330
1ED
100
AcDbEntity
  8
Defpoints
 62
     0
440
 16777216
100
AcDbPoint
 10
49298.18
 20
20587.53
 30
0.0
  0
POINT
  5
1F7
330
1ED
100
AcDbEntity
  8
Defpoints
 62
     0
440
 16777216
100
AcDbPoint
 10
49298.18
 20
18087.53
 30
0.0
  0
ENDBLK
  5
1F8
330
1ED
100
AcDbEntity
  8
0
100
AcDbBlockEnd
  0
BLOCK
  5
1FB
330
1FA
100
AcDbEntity
  8
0
100
AcDbBlockBegin
  2
*D21
 70
     1
 10
0.0
 20
0.0
 30
0.0
  3
*D21
  1

  0
LINE
  5
1FC
330
1FA
100
AcDbEntity
  8
AXIS
 62
     0
440
 16777216
370
    -2
100
AcDbLine
 10
49298.18
 20
20287.53
 30
0.0
 11
49298.18
 21
17837.53
 31
0.0
  0
LINE
  5
1FD
330
1FA
100
AcDbEntity
  8
AXIS
 62
     0
440
 16777216
370
    -2
100
AcDbLine
 10
54298.18
 20
20287.53
 30
0.0
 11
54298.18
 21
17837.53
 31
0.0
  0
LINE
  5
1FE
330
1FA
100
AcDbEntity
  8
AXIS
 62
     0
440
 16777216
370
    -2
100
AcDbLine
 10
49298.18
 20
18087.53
 30
0.0
 11
54298.18
 21
18087.53
 31
0.0
  0
INSERT
  5
1FF
330
1FA
100
AcDbEntity
  8
AXIS
 62
     0
440
 16777216
370
    -2
100
AcDbBlockReference
  2
_ArchTick
 10
49298.18
 20
18087.53
 30
0.0
 41
100.0
 42
100.0
 43
100.0
 50
180.0
  0
INSERT
  5
200
330
1FA
100
AcDbEntity
  8
AXIS
 62
     0
440
 16777216
370
    -2
100
AcDbBlockReference
  2
_ArchTick
 10
54298.18
 20
18087.53
 30
0.0
 41
100.0
 42
100.0
 43
100.0
  0
MTEXT
  5
201
330
1FA
100
AcDbEntity
  8
AXIS
 62
     7
440
 16777216
100
AcDbMText
 10
51798.18
 20
18362.53
 30
0.0
 40
297.5
 41
0.0
 46
0.0
 71
     5
 72
     1
  1
\A1;5000
  7
_TCH_DIM_T3
 73
     1
 44
1.0
  0
POINT
  5
202
330
1FA
100
AcDbEntity
  8
Defpoints
 62
     0
440
 16777216
100
AcDbPoint
 10
49298.18
 20
20587.53
 30
0.0
  0
POINT
  5
203
330
1FA
100
AcDbEntity
  8
Defpoints
 62
     0
440
 16777216
100
AcDbPoint
 10
54298.18
 20
20587.53
 30
0.0
  0
POINT
  5
204
330
1FA
100
AcDbEntity
  8
Defpoints
 62
     0
440
 16777216
100
AcDbPoint
 10
54298.18
 20
18087.53
 30
0.0
  0
ENDBLK
  5
205
330
1FA
100
AcDbEntity
  8
0
100
AcDbBlockEnd
  0
BLOCK
  5
208
330
207
100
AcDbEntity
  8
0
100
AcDbBlockBegin
  2
*D22
 70
     1
 10
0.0
 20
0.0
 30
0.0
  3
*D22
  1

  0
LINE
  5
209
330
207
100
AcDbEntity
  8
AXIS
 62
     0
440
 16777216
370
    -2
100
AcDbLine
 10
54298.18
 20
20287.53
 30
0.0
 11
54298.18
 21
17837.53
 31
0.0
  0
LINE
  5
20A
330
207
100
AcDbEntity
  8
AXIS
 62
     0
440
 16777216
370
    -2
100
AcDbLine
 10
60298.18
 20
20287.53
 30
0.0
 11
60298.18
 21
17837.53
 31
0.0
  0
LINE
  5
20B
330
207
100
AcDbEntity
  8
AXIS
 62
     0
440
 16777216
370
    -2
100
AcDbLine
 10
54298.18
 20
18087.53
 30
0.0
 11
60298.18
 21
18087.53
 31
0.0
  0
INSERT
  5
20C
330
207
100
AcDbEntity
  8
AXIS
 62
     0
440
 16777216
370
    -2
100
AcDbBlockReference
  2
_ArchTick
 10
54298.18
 20
18087.53
 30
0.0
 41
100.0
 42
100.0
 43
100.0
 50
180.0
  0
INSERT
  5
20D
330
207
100
AcDbEntity
  8
AXIS
 62
     0
440
 16777216
370
    -2
100
AcDbBlockReference
  2
_ArchTick
 10
60298.18
 20
18087.53
 30
0.0
 41
100.0
 42
100.0
 43
100.0
  0
MTEXT
  5
20E
330
207
100
AcDbEntity
  8
AXIS
 62
     7
440
 16777216
100
AcDbMText
 10
57298.18
 20
18362.53
 30
0.0
 40
297.5
 41
0.0
 46
0.0
 71
     5
 72
     1
  1
\A1;6000
  7
_TCH_DIM_T3
 73
     1
 44
1.0
  0
POINT
  5
20F
330
207
100
AcDbEntity
  8
Defpoints
 62
     0
440
 16777216
100
AcDbPoint
 10
54298.18
 20
20587.53
 30
0.0
  0
POINT
  5
210
330
207
100
AcDbEntity
  8
Defpoints
 62
     0
440
 16777216
100
AcDbPoint
 10
60298.18
 20
20587.53
 30
0.0
  0
POINT
  5
211
330
207
100
AcDbEntity
  8
Defpoints
 62
     0
440
 16777216
100
AcDbPoint
 10
60298.18
 20
18087.53
 30
0.0
  0
ENDBLK
  5
212
330
207
100
AcDbEntity
  8
0
100
AcDbBlockEnd
  0
BLOCK
  5
215
330
214
100
AcDbEntity
  8
0
100
AcDbBlockBegin
  2
*D23
 70
     1
 10
0.0
 20
0.0
 30
0.0
  3
*D23
  1

  0
LINE
  5
216
330
214
100
AcDbEntity
  8
AXIS
 62
     0
440
 16777216
370
    -2
100
AcDbLine
 10
43298.18
 20
20287.53
 30
0.0
 11
43298.18
 21
17037.53
 31
0.0
  0
LINE
  5
217
330
214
100
AcDbEntity
  8
AXIS
 62
     0
440
 16777216
370
    -2
100
AcDbLine
 10
60298.18
 20
20287.53
 30
0.0
 11
60298.18
 21
17037.53
 31
0.0
  0
LINE
  5
218
330
214
100
AcDbEntity
  8
AXIS
 62
     0
440
 16777216
370
    -2
100
AcDbLine
 10
43298.18
 20
17287.53
 30
0.0
 11
60298.18
 21
17287.53
 31
0.0
  0
INSERT
  5
219
330
214
100
AcDbEntity
  8
AXIS
 62
     0
440
 16777216
370
    -2
100
AcDbBlockReference
  2
_ArchTick
 10
43298.18
 20
17287.53
 30
0.0
 41
100.0
 42
100.0
 43
100.0
 50
180.0
  0
INSERT
  5
21A
330
214
100
AcDbEntity
  8
AXIS
 62
     0
440
 16777216
370
    -2
100
AcDbBlockReference
  2
_ArchTick
 10
60298.18
 20
17287.53
 30
0.0
 41
100.0
 42
100.0
 43
100.0
  0
MTEXT
  5
21B
330
214
100
AcDbEntity
  8
AXIS
 62
     7
440
 16777216
100
AcDbMText
 10
51798.18
 20
17562.53
 30
0.0
 40
297.5
 41
0.0
 46
0.0
 71
     5
 72
     1
  1
\A1;17000
  7
_TCH_DIM_T3
 73
     1
 44
1.0
  0
POINT
  5
21C
330
214
100
AcDbEntity
  8
Defpoints
 62
     0
440
 16777216
100
AcDbPoint
 10
43298.18
 20
20587.53
 30
0.0
  0
POINT
  5
21D
330
214
100
AcDbEntity
  8
Defpoints
 62
     0
440
 16777216
100
AcDbPoint
 10
60298.18
 20
20587.53
 30
0.0
  0
POINT
  5
21E
330
214
100
AcDbEntity
  8
Defpoints
 62
     0
440
 16777216
100
AcDbPoint
 10
60298.18
 20
17287.53
 30
0.0
  0
ENDBLK
  5
21F
330
214
100
AcDbEntity
  8
0
100
AcDbBlockEnd
  0
BLOCK
  5
27A
330
279
100
AcDbEntity
  8
0
100
AcDbBlockBegin
  2
_AXISO
 70
     2
 10
0.0
 20
0.0
 30
0.0
  3
_AXISO
  1

  0
CIRCLE
  5
27B
330
279
100
AcDbEntity
  8
0
100
AcDbCircle
 10
0.0
 20
0.0
 30
0.0
 40
0.5
  0
ATTDEF
  5
27C
330
279
100
AcDbEntity
  8
AXIS_TEXT
100
AcDbText
 10
-0.25
 20
-0.28
 30
0.0
 40
0.56
  1

 41
1.04
  7
COMPLEX
 72
     5
 11
0.25
 21
-0.28
 31
0.0
100
AcDbAttributeDefinition
280
     0
  3

  2
A
 70
     0
280
     0
  0
ENDBLK
  5
27F
330
279
100
AcDbEntity
  8
0
100
AcDbBlockEnd
  0
ENDSEC
  0
SECTION
  2
ENTITIES
  0
LINE
  5
15
330
2
100
AcDbEntity
  8
DOTE
100
AcDbLine
 10
43298.18
 20
20587.53
 30
0.0
 11
43298.18
 21
33587.53
 31
0.0
  0
LINE
  5
18
330
2
100
AcDbEntity
  8
DOTE
100
AcDbLine
 10
54298.18
 20
20587.53
 30
0.0
 11
54298.18
 21
33587.53
 31
0.0
  0
LINE
  5
19
330
2
100
AcDbEntity
  8
DOTE
100
AcDbLine
 10
49298.18
 20
20587.53
 30
0.0
 11
49298.18
 21
33587.53
 31
0.0
  0
LINE
  5
1A
330
2
100
AcDbEntity
  8
DOTE
100
AcDbLine
 10
42298.18
 20
21587.53
 30
0.0
 11
61298.18
 21
21587.53
 31
0.0
  0
LINE
  5
1B
330
2
100
AcDbEntity
  8
DOTE
100
AcDbLine
 10
42298.18
 20
24587.53
 30
0.0
 11
61298.18
 21
24587.53
 31
0.0
  0
LINE
  5
1C
330
2
100
AcDbEntity
  8
DOTE
100
AcDbLine
 10
42298.18
 20
29587.53
 30
0.0
 11
61298.18
 21
29587.53
 31
0.0
  0
LINE
  5
F2
330
2
100
AcDbEntity
  8
DOTE
100
AcDbLine
 10
42298.18
 20
32587.53
 30
0.0
 11
61298.18
 21
32587.53
 31
0.0
  0
LINE
  5
F3
330
2
100
AcDbEntity
  8
DOTE
100
AcDbLine
 10
60298.18
 20
20587.53
 30
0.0
 11
60298.18
 21
33587.53
 31
0.0
  0
LWPOLYLINE
  5
10E
330
2
100
AcDbEntity
  8
0
100
AcDbPolyline
 90
        4
 70
     0
 43
0.0
 10
49298.18
 20
29687.53
 10
49298.18
 20
32587.53
 10
54198.18
 20
32587.53
 10
54198.18
 20
29687.53
  0
LWPOLYLINE
  5
134
330
2
100
AcDbEntity
  8
0
100
AcDbPolyline
 90
        2
 70
     0
 43
0.0
 10
49198.18
 20
21587.53
 10
47898.18
 20
21587.53
  0
LWPOLYLINE
  5
135
330
2
100
AcDbEntity
  8
0
100
AcDbPolyline
 90
        2
 70
     0
 43
0.0
 10
49198.18
 20
21887.53
 10
47898.18
 20
21887.53
  0
LWPOLYLINE
  5
136
330
2
100
AcDbEntity
  8
0
100
AcDbPolyline
 90
        2
 70
     0
 43
0.0
 10
49198.18
 20
22187.53
 10
47898.18
 20
22187.53
  0
LWPOLYLINE
  5
137
330
2
100
AcDbEntity
  8
0
100
AcDbPolyline
 90
        2
 70
     0
 43
0.0
 10
55698.18
 20
24587.53
 10
54398.18
 20
24587.53
  0
LWPOLYLINE
  5
138
330
2
100
AcDbEntity
  8
0
100
AcDbPolyline
 90
        2
 70
     0
 43
0.0
 10
55698.18
 20
24887.53
 10
54398.18
 20
24887.53
  0
LWPOLYLINE
  5
139
330
2
100
AcDbEntity
  8
0
100
AcDbPolyline
 90
        2
 70
     0
 43
0.0
 10
55698.18
 20
25187.53
 10
54398.18
 20
25187.53
  0
LWPOLYLINE
  5
145
330
2
100
AcDbEntity
  8
0
100
AcDbPolyline
 90
        2
 70
     0
 43
0.0
 10
49298.18
 20
32587.53
 10
49298.18
 20
29687.53
  0
LWPOLYLINE
  5
146
330
2
100
AcDbEntity
  8
0
100
AcDbPolyline
 90
        2
 70
     0
 43
0.0
 10
48998.18
 20
32587.53
 10
48998.18
 20
29687.53
  0
LWPOLYLINE
  5
147
330
2
100
AcDbEntity
  8
0
100
AcDbPolyline
 90
        2
 70
     0
 43
0.0
 10
48698.18
 20
32587.53
 10
48698.18
 20
29687.53
  0
LWPOLYLINE
  5
148
330
2
100
AcDbEntity
  8
0
100
AcDbPolyline
 90
        2
 70
     0
 43
0.0
 10
49298.18
 20
32587.53
 10
48698.18
 20
32587.53
  0
DIMENSION
  5
149
330
2
100
AcDbEntity
  8
AXIS
100
AcDbDimension
280
     0
  2
*D8
 10
63798.18
 20
24587.53
 30
0.0
 11
63523.18
 21
23087.53
 31
0.0
 70
     1
 71
     5
 42
3000.0
 73
     0
 74
     0
 75
     0
  3
_TCH_ARCH&&100
100
AcDbAlignedDimension
 13
61298.18
 23
21587.53
 33
0.0
 14
61298.18
 24
24587.53
 34
0.0
  0
DIMENSION
  5
15D
330
2
100
AcDbEntity
  8
AXIS
100
AcDbDimension
280
     0
  2
*D9
 10
63798.18
 20
29587.53
 30
0.0
 11
63523.18
 21
27087.53
 31
0.0
 70
     1
 71
     5
 42
5000.0
 73
     0
 74
     0
 75
     0
  3
_TCH_ARCH&&100
100
AcDbAlignedDimension
 13
61298.18
 23
24587.53
 33
0.0
 14
61298.18
 24
29587.53
 34
0.0
  0
DIMENSION
  5
16A
330
2
100
AcDbEntity
  8
AXIS
100
AcDbDimension
280
     0
  2
*D10
 10
63798.18
 20
32587.53
 30
0.0
 11
63523.18
 21
31087.53
 31
0.0
 70
     1
 71
     5
 42
3000.0
 73
     0
 74
     0
 75
     0
  3
_TCH_ARCH&&100
100
AcDbAlignedDimension
 13
61298.18
 23
29587.53
 33
0.0
 14
61298.18
 24
32587.53
 34
0.0
  0
DIMENSION
  5
177
330
2
100
AcDbEntity
  8
AXIS
100
AcDbDimension
280
     0
  2
*D11
 10
64598.18
 20
32587.53
 30
0.0
 11
64323.18
 21
27087.53
 31
0.0
 70
     1
 71
     5
 42
11000.0
 73
     0
 74
     0
 75
     0
  3
_TCH_ARCH&&100
100
AcDbAlignedDimension
 13
61298.18
 23
21587.53
 33
0.0
 14
61298.18
 24
32587.53
 34
0.0
  0
DIMENSION
  5
184
330
2
100
AcDbEntity
  8
AXIS
100
AcDbDimension
280
     0
  2
*D12
 10
39798.18
 20
24587.53
 30
0.0
 11
39523.18
 21
23087.53
 31
0.0
 70
     1
 71
     5
 42
3000.0
 73
     0
 74
     0
 75
     0
  3
_TCH_ARCH&&100
100
AcDbAlignedDimension
 13
42298.18
 23
21587.53
 33
0.0
 14
42298.18
 24
24587.53
 34
0.0
  0
DIMENSION
  5
191
330
2
100
AcDbEntity
  8
AXIS
100
AcDbDimension
280
     0
  2
*D13
 10
39798.18
 20
29587.53
 30
0.0
 11
39523.18
 21
27087.53
 31
0.0
 70
     1
 71
     5
 42
5000.0
 73
     0
 74
     0
 75
     0
  3
_TCH_ARCH&&100
100
AcDbAlignedDimension
 13
42298.18
 23
24587.53
 33
0.0
 14
42298.18
 24
29587.53
 34
0.0
  0
DIMENSION
  5
19E
330
2
100
AcDbEntity
  8
AXIS
100
AcDbDimension
280
     0
  2
*D14
 10
39798.18
 20
32587.53
 30
0.0
 11
39523.18
 21
31087.53
 31
0.0
 70
     1
 71
     5
 42
3000.0
 73
     0
 74
     0
 75
     0
  3
_TCH_ARCH&&100
100
AcDbAlignedDimension
 13
42298.18
 23
29587.53
 33
0.0
 14
42298.18
 24
32587.53
 34
0.0
  0
DIMENSION
  5
1AB
330
2
100
AcDbEntity
  8
AXIS
100
AcDbDimension
280
     0
  2
*D15
 10
38998.18
 20
32587.53
 30
0.0
 11
38723.18
 21
27087.53
 31
0.0
 70
     1
 71
     5
 42
11000.0
 73
     0
 74
     0
 75
     0
  3
_TCH_ARCH&&100
100
AcDbAlignedDimension
 13
42298.18
 23
21587.53
 33
0.0
 14
42298.18
 24
32587.53
 34
0.0
  0
DIMENSION
  5
1B8
330
2
100
AcDbEntity
  8
AXIS
100
AcDbDimension
280
     0
  2
*D16
 10
49298.18
 20
36087.53
 30
0.0
 11
46298.18
 21
36362.53
 31
0.0
 70
     1
 71
     5
 42
6000.0
 73
     0
 74
     0
 75
     0
  3
_TCH_ARCH&&100
100
AcDbAlignedDimension
 13
43298.18
 23
33587.53
 33
0.0
 14
49298.18
 24
33587.53
 34
0.0
  0
DIMENSION
  5
1C5
330
2
100
AcDbEntity
  8
AXIS
100
AcDbDimension
280
     0
  2
*D17
 10
54298.18
 20
36087.53
 30
0.0
 11
51798.18
 21
36362.53
 31
0.0
 70
     1
 71
     5
 42
5000.0
 73
     0
 74
     0
 75
     0
  3
_TCH_ARCH&&100
100
AcDbAlignedDimension
 13
49298.18
 23
33587.53
 33
0.0
 14
54298.18
 24
33587.53
 34
0.0
  0
DIMENSION
  5
1D2
330
2
100
AcDbEntity
  8
AXIS
100
AcDbDimension
280
     0
  2
*D18
 10
60298.18
 20
36087.53
 30
0.0
 11
57298.18
 21
36362.53
 31
0.0
 70
     1
 71
     5
 42
6000.0
 73
     0
 74
     0
 75
     0
  3
_TCH_ARCH&&100
100
AcDbAlignedDimension
 13
54298.18
 23
33587.53
 33
0.0
 14
60298.18
 24
33587.53
 34
0.0
  0
DIMENSION
  5
1DF
330
2
100
AcDbEntity
  8
AXIS
100
AcDbDimension
280
     0
  2
*D19
 10
60298.18
 20
36887.53
 30
0.0
 11
51798.18
 21
37162.53
 31
0.0
 70
     1
 71
     5
 42
17000.0
 73
     0
 74
     0
 75
     0
  3
_TCH_ARCH&&100
100
AcDbAlignedDimension
 13
43298.18
 23
33587.53
 33
0.0
 14
60298.18
 24
33587.53
 34
0.0
  0
DIMENSION
  5
1EC
330
2
100
AcDbEntity
  8
AXIS
100
AcDbDimension
280
     0
  2
*D20
 10
49298.18
 20
18087.53
 30
0.0
 11
46298.18
 21
18362.53
 31
0.0
 70
     1
 71
     5
 42
6000.0
 73
     0
 74
     0
 75
     0
  3
_TCH_ARCH&&100
100
AcDbAlignedDimension
 13
43298.18
 23
20587.53
 33
0.0
 14
49298.18
 24
20587.53
 34
0.0
  0
DIMENSION
  5
1F9
330
2
100
AcDbEntity
  8
AXIS
100
AcDbDimension
280
     0
  2
*D21
 10
54298.18
 20
18087.53
 30
0.0
 11
51798.18
 21
18362.53
 31
0.0
 70
     1
 71
     5
 42
5000.0
 73
     0
 74
     0
 75
     0
  3
_TCH_ARCH&&100
100
AcDbAlignedDimension
 13
49298.18
 23
20587.53
 33
0.0
 14
54298.18
 24
20587.53
 34
0.0
  0
DIMENSION
  5
206
330
2
100
AcDbEntity
  8
AXIS
100
AcDbDimension
280
     0
  2
*D22
 10
60298.18
 20
18087.53
 30
0.0
 11
57298.18
 21
18362.53
 31
0.0
 70
     1
 71
     5
 42
6000.0
 73
     0
 74
     0
 75
     0
  3
_TCH_ARCH&&100
100
AcDbAlignedDimension
 13
54298.18
 23
20587.53
 33
0.0
 14
60298.18
 24
20587.53
 34
0.0
  0
DIMENSION
  5
213
330
2
100
AcDbEntity
  8
AXIS
100
AcDbDimension
280
     0
  2
*D23
 10
60298.18
 20
17287.53
 30
0.0
 11
51798.18
 21
17562.53
 31
0.0
 70
     1
 71
     5
 42
17000.0
 73
     0
 74
     0
 75
     0
  3
_TCH_ARCH&&100
100
AcDbAlignedDimension
 13
43298.18
 23
20587.53
 33
0.0
 14
60298.18
 24
20587.53
 34
0.0
  0
LINE
  5
292
330
2
100
AcDbEntity
  8
WALL
100
AcDbLine
 10
43198.18
 20
21487.53
 30
0.0
 11
44648.18
 21
21487.53
 31
0.0
  0
LINE
  5
293
330
2
100
AcDbEntity
  8
WALL
100
AcDbLine
 10
44648.18
 20
21487.53
 30
0.0
 11
44648.18
 21
21687.53
 31
0.0
  0
LINE
  5
294
330
2
100
AcDbEntity
  8
WALL
100
AcDbLine
 10
44648.18
 20
21687.53
 30
0.0
 11
43398.18
 21
21687.53
 31
0.0
  0
LINE
  5
295
330
2
100
AcDbEntity
  8
WALL
100
AcDbLine
 10
47698.18
 20
21687.53
 30
0.0
 11
46448.18
 21
21687.53
 31
0.0
  0
LINE
  5
296
330
2
100
AcDbEntity
  8
WALL
100
AcDbLine
 10
46448.18
 20
21687.53
 30
0.0
 11
46448.18
 21
21487.53
 31
0.0
  0
LINE
  5
297
330
2
100
AcDbEntity
  8
WALL
100
AcDbLine
 10
46448.18
 20
21487.53
 30
0.0
 11
47898.18
 21
21487.53
 31
0.0
  0
LINE
  5
298
330
2
100
AcDbEntity
  8
WALL
100
AcDbLine
 10
47698.18
 20
21687.53
 30
0.0
 11
47698.18
 21
23087.53
 31
0.0
  0
LINE
  5
299
330
2
100
AcDbEntity
  8
WALL
100
AcDbLine
 10
47898.18
 20
21487.53
 30
0.0
 11
47898.18
 21
22987.53
 31
0.0
  0
LINE
  5
29A
330
2
100
AcDbEntity
  8
WALL
100
AcDbLine
 10
47898.18
 20
24687.53
 30
0.0
 11
47648.18
 21
24687.53
 31
0.0
  0
LINE
  5
29B
330
2
100
AcDbEntity
  8
WALL
100
AcDbLine
 10
47648.18
 20
24687.53
 30
0.0
 11
47648.18
 21
24487.53
 31
0.0
  0
LINE
  5
29C
330
2
100
AcDbEntity
  8
WALL
100
AcDbLine
 10
47648.18
 20
24487.53
 30
0.0
 11
47698.18
 21
24487.53
 31
0.0
  0
LINE
  5
29D
330
2
100
AcDbEntity
  8
WALL
100
AcDbLine
 10
46498.18
 20
24487.53
 30
0.0
 11
46648.18
 21
24487.53
 31
0.0
  0
LINE
  5
29E
330
2
100
AcDbEntity
  8
WALL
100
AcDbLine
 10
46648.18
 20
24487.53
 30
0.0
 11
46648.18
 21
24687.53
 31
0.0
  0
LINE
  5
29F
330
2
100
AcDbEntity
  8
WALL
100
AcDbLine
 10
46648.18
 20
24687.53
 30
0.0
 11
46598.18
 21
24687.53
 31
0.0
  0
LINE
  5
2A0
330
2
100
AcDbEntity
  8
WALL
100
AcDbLine
 10
43398.18
 20
24487.53
 30
0.0
 11
43398.18
 21
21687.53
 31
0.0
  0
LINE
  5
2A1
330
2
100
AcDbEntity
  8
WALL
100
AcDbLine
 10
43198.18
 20
24587.53
 30
0.0
 11
43198.18
 21
21487.53
 31
0.0
  0
LINE
  5
2A2
330
2
100
AcDbEntity
  8
WALL
100
AcDbLine
 10
43398.18
 20
29487.53
 30
0.0
 11
43398.18
 21
26687.53
 31
0.0
  0
LINE
  5
2A3
330
2
100
AcDbEntity
  8
WALL
100
AcDbLine
 10
43198.18
 20
29687.53
 30
0.0
 11
43198.18
 21
26587.53
 31
0.0
  0
LINE
  5
2A4
330
2
100
AcDbEntity
  8
WALL
100
AcDbLine
 10
45198.18
 20
29487.53
 30
0.0
 11
45198.18
 21
29387.53
 31
0.0
  0
LINE
  5
2A5
330
2
100
AcDbEntity
  8
WALL
100
AcDbLine
 10
45198.18
 20
29387.53
 30
0.0
 11
45398.18
 21
29387.53
 31
0.0
  0
LINE
  5
2A6
330
2
100
AcDbEntity
  8
WALL
100
AcDbLine
 10
45398.18
 20
29387.53
 30
0.0
 11
45398.18
 21
29487.53
 31
0.0
  0
LINE
  5
2A7
330
2
100
AcDbEntity
  8
WALL
100
AcDbLine
 10
45398.18
 20
26687.53
 30
0.0
 11
45398.18
 21
28587.53
 31
0.0
  0
LINE
  5
2A8
330
2
100
AcDbEntity
  8
WALL
100
AcDbLine
 10
45398.18
 20
28587.53
 30
0.0
 11
45198.18
 21
28587.53
 31
0.0
  0
LINE
  5
2A9
330
2
100
AcDbEntity
  8
WALL
100
AcDbLine
 10
45198.18
 20
28587.53
 30
0.0
 11
45198.18
 21
26687.53
 31
0.0
  0
LINE
  5
2AA
330
2
100
AcDbEntity
  8
WALL
100
AcDbLine
 10
43398.18
 20
29487.53
 30
0.0
 11
43798.18
 21
29487.53
 31
0.0
  0
LINE
  5
2AB
330
2
100
AcDbEntity
  8
WALL
100
AcDbLine
 10
43798.18
 20
29487.53
 30
0.0
 11
43798.18
 21
29687.53
 31
0.0
  0
LINE
  5
2AC
330
2
100
AcDbEntity
  8
WALL
100
AcDbLine
 10
43798.18
 20
29687.53
 30
0.0
 11
43198.18
 21
29687.53
 31
0.0
  0
LINE
  5
2AD
330
2
100
AcDbEntity
  8
WALL
100
AcDbLine
 10
45298.18
 20
29687.53
 30
0.0
 11
44698.18
 21
29687.53
 31
0.0
  0
LINE
  5
2AE
330
2
100
AcDbEntity
  8
WALL
100
AcDbLine
 10
44698.18
 20
29687.53
 30
0.0
 11
44698.18
 21
29487.53
 31
0.0
  0
LINE
  5
2AF
330
2
100
AcDbEntity
  8
WALL
100
AcDbLine
 10
44698.18
 20
29487.53
 30
0.0
 11
45198.18
 21
29487.53
 31
0.0
  0
LINE
  5
2B0
330
2
100
AcDbEntity
  8
WALL
100
AcDbLine
 10
45398.18
 20
29487.53
 30
0.0
 11
46398.18
 21
29487.53
 31
0.0
  0
LINE
  5
2B1
330
2
100
AcDbEntity
  8
WALL
100
AcDbLine
 10
46398.18
 20
29487.53
 30
0.0
 11
46398.18
 21
29687.53
 31
0.0
  0
LINE
  5
2B2
330
2
100
AcDbEntity
  8
WALL
100
AcDbLine
 10
46398.18
 20
29687.53
 30
0.0
 11
45298.18
 21
29687.53
 31
0.0
  0
LINE
  5
2B3
330
2
100
AcDbEntity
  8
WALL
100
AcDbLine
 10
49298.18
 20
29687.53
 30
0.0
 11
48198.18
 21
29687.53
 31
0.0
  0
LINE
  5
2B4
330
2
100
AcDbEntity
  8
WALL
100
AcDbLine
 10
48198.18
 20
29687.53
 30
0.0
 11
48198.18
 21
29487.53
 31
0.0
  0
LINE
  5
2B5
330
2
100
AcDbEntity
  8
WALL
100
AcDbLine
 10
48198.18
 20
29487.53
 30
0.0
 11
49198.18
 21
29487.53
 31
0.0
  0
LINE
  5
2B6
330
2
100
AcDbEntity
  8
WALL
100
AcDbLine
 10
49398.18
 20
29487.53
 30
0.0
 11
49398.18
 21
26687.53
 31
0.0
  0
LINE
  5
2B7
330
2
100
AcDbEntity
  8
WALL
100
AcDbLine
 10
49198.18
 20
29487.53
 30
0.0
 11
49198.18
 21
26587.53
 31
0.0
  0
LINE
  5
2B8
330
2
100
AcDbEntity
  8
WALL
100
AcDbLine
 10
46598.18
 20
26687.53
 30
0.0
 11
46598.18
 21
26087.53
 31
0.0
  0
LINE
  5
2B9
330
2
100
AcDbEntity
  8
WALL
100
AcDbLine
 10
46398.18
 20
26487.53
 30
0.0
 11
46398.18
 21
25987.53
 31
0.0
  0
LINE
  5
2BA
330
2
100
AcDbEntity
  8
WALL
100
AcDbLine
 10
49198.18
 20
21487.53
 30
0.0
 11
49198.18
 21
22987.53
 31
0.0
  0
LINE
  5
2BB
330
2
100
AcDbEntity
  8
WALL
100
AcDbLine
 10
49398.18
 20
21687.53
 30
0.0
 11
49398.18
 21
23087.53
 31
0.0
  0
LINE
  5
2BC
330
2
100
AcDbEntity
  8
WALL
100
AcDbLine
 10
54198.18
 20
21687.53
 30
0.0
 11
54198.18
 21
26087.53
 31
0.0
  0
LINE
  5
2BD
330
2
100
AcDbEntity
  8
WALL
100
AcDbLine
 10
54398.18
 20
21487.53
 30
0.0
 11
54398.18
 21
25987.53
 31
0.0
  0
LINE
  5
2BE
330
2
100
AcDbEntity
  8
WALL
100
AcDbLine
 10
54198.18
 20
28887.53
 30
0.0
 11
54198.18
 21
29487.53
 31
0.0
  0
LINE
  5
2BF
330
2
100
AcDbEntity
  8
WALL
100
AcDbLine
 10
54398.18
 20
29087.53
 30
0.0
 11
54398.18
 21
29587.53
 31
0.0
  0
LINE
  5
2C0
330
2
100
AcDbEntity
  8
WALL
100
AcDbLine
 10
54198.18
 20
29687.53
 30
0.0
 11
54098.18
 21
29687.53
 31
0.0
  0
LINE
  5
2C1
330
2
100
AcDbEntity
  8
WALL
100
AcDbLine
 10
54098.18
 20
29687.53
 30
0.0
 11
54098.18
 21
29487.53
 31
0.0
  0
LINE
  5
2C2
330
2
100
AcDbEntity
  8
WALL
100
AcDbLine
 10
54098.18
 20
29487.53
 30
0.0
 11
54198.18
 21
29487.53
 31
0.0
  0
LINE
  5
2C3
330
2
100
AcDbEntity
  8
WALL
100
AcDbLine
 10
52898.18
 20
29487.53
 30
0.0
 11
53098.18
 21
29487.53
 31
0.0
  0
LINE
  5
2C4
330
2
100
AcDbEntity
  8
WALL
100
AcDbLine
 10
53098.18
 20
29487.53
 30
0.0
 11
53098.18
 21
29687.53
 31
0.0
  0
LINE
  5
2C5
330
2
100
AcDbEntity
  8
WALL
100
AcDbLine
 10
53098.18
 20
29687.53
 30
0.0
 11
52798.18
 21
29687.53
 31
0.0
  0
LINE
  5
2C6
330
2
100
AcDbEntity
  8
WALL
100
AcDbLine
 10
45298.18
 20
26487.53
 30
0.0
 11
43398.18
 21
26487.53
 31
0.0
  0
LINE
  5
2C7
330
2
100
AcDbEntity
  8
WALL
100
AcDbLine
 10
45198.18
 20
26687.53
 30
0.0
 11
43398.18
 21
26687.53
 31
0.0
  0
LINE
  5
2C8
330
2
100
AcDbEntity
  8
WALL
100
AcDbLine
 10
43198.18
 20
26587.53
 30
0.0
 11
43198.18
 21
26037.53
 31
0.0
  0
LINE
  5
2C9
330
2
100
AcDbEntity
  8
WALL
100
AcDbLine
 10
43198.18
 20
26037.53
 30
0.0
 11
43398.18
 21
26037.53
 31
0.0
  0
LINE
  5
2CA
330
2
100
AcDbEntity
  8
WALL
100
AcDbLine
 10
43398.18
 20
26037.53
 30
0.0
 11
43398.18
 21
26487.53
 31
0.0
  0
LINE
  5
2CB
330
2
100
AcDbEntity
  8
WALL
100
AcDbLine
 10
43398.18
 20
24687.53
 30
0.0
 11
43398.18
 21
25137.53
 31
0.0
  0
LINE
  5
2CC
330
2
100
AcDbEntity
  8
WALL
100
AcDbLine
 10
43398.18
 20
25137.53
 30
0.0
 11
43198.18
 21
25137.53
 31
0.0
  0
LINE
  5
2CD
330
2
100
AcDbEntity
  8
WALL
100
AcDbLine
 10
43198.18
 20
25137.53
 30
0.0
 11
43198.18
 21
24587.53
 31
0.0
  0
LINE
  5
2CE
330
2
100
AcDbEntity
  8
WALL
100
AcDbLine
 10
46398.18
 20
26487.53
 30
0.0
 11
45298.18
 21
26487.53
 31
0.0
  0
LINE
  5
2CF
330
2
100
AcDbEntity
  8
WALL
100
AcDbLine
 10
46598.18
 20
26687.53
 30
0.0
 11
45398.18
 21
26687.53
 31
0.0
  0
LINE
  5
2D0
330
2
100
AcDbEntity
  8
WALL
100
AcDbLine
 10
46498.18
 20
24487.53
 30
0.0
 11
43398.18
 21
24487.53
 31
0.0
  0
LINE
  5
2D1
330
2
100
AcDbEntity
  8
WALL
100
AcDbLine
 10
46398.18
 20
24687.53
 30
0.0
 11
43398.18
 21
24687.53
 31
0.0
  0
LINE
  5
2D2
330
2
100
AcDbEntity
  8
WALL
100
AcDbLine
 10
49198.18
 20
21487.53
 30
0.0
 11
49648.18
 21
21487.53
 31
0.0
  0
LINE
  5
2D3
330
2
100
AcDbEntity
  8
WALL
100
AcDbLine
 10
49648.18
 20
21487.53
 30
0.0
 11
49648.18
 21
21687.53
 31
0.0
  0
LINE
  5
2D4
330
2
100
AcDbEntity
  8
WALL
100
AcDbLine
 10
49648.18
 20
21687.53
 30
0.0
 11
49398.18
 21
21687.53
 31
0.0
  0
LINE
  5
2D5
330
2
100
AcDbEntity
  8
WALL
100
AcDbLine
 10
54198.18
 20
21687.53
 30
0.0
 11
53948.18
 21
21687.53
 31
0.0
  0
LINE
  5
2D6
330
2
100
AcDbEntity
  8
WALL
100
AcDbLine
 10
53948.18
 20
21687.53
 30
0.0
 11
53948.18
 21
21487.53
 31
0.0
  0
LINE
  5
2D7
330
2
100
AcDbEntity
  8
WALL
100
AcDbLine
 10
53948.18
 20
21487.53
 30
0.0
 11
54398.18
 21
21487.53
 31
0.0
  0
LINE
  5
2D8
330
2
100
AcDbEntity
  8
WALL
100
AcDbLine
 10
51448.18
 20
21487.53
 30
0.0
 11
52148.18
 21
21487.53
 31
0.0
  0
LINE
  5
2D9
330
2
100
AcDbEntity
  8
WALL
100
AcDbLine
 10
52148.18
 20
21487.53
 30
0.0
 11
52148.18
 21
21687.53
 31
0.0
  0
LINE
  5
2DA
330
2
100
AcDbEntity
  8
WALL
100
AcDbLine
 10
52148.18
 20
21687.53
 30
0.0
 11
51448.18
 21
21687.53
 31
0.0
  0
LINE
  5
2DB
330
2
100
AcDbEntity
  8
WALL
100
AcDbLine
 10
51448.18
 20
21687.53
 30
0.0
 11
51448.18
 21
21487.53
 31
0.0
  0
LINE
  5
2DC
330
2
100
AcDbEntity
  8
WALL
100
AcDbLine
 10
46398.18
 20
25987.53
 30
0.0
 11
46398.18
 21
25587.53
 31
0.0
  0
LINE
  5
2DD
330
2
100
AcDbEntity
  8
WALL
100
AcDbLine
 10
46398.18
 20
25587.53
 30
0.0
 11
46598.18
 21
25587.53
 31
0.0
  0
LINE
  5
2DE
330
2
100
AcDbEntity
  8
WALL
100
AcDbLine
 10
46598.18
 20
25587.53
 30
0.0
 11
46598.18
 21
25887.53
 31
0.0
  0
LINE
  5
2DF
330
2
100
AcDbEntity
  8
WALL
100
AcDbLine
 10
46598.18
 20
24687.53
 30
0.0
 11
46598.18
 21
24787.53
 31
0.0
  0
LINE
  5
2E0
330
2
100
AcDbEntity
  8
WALL
100
AcDbLine
 10
46598.18
 20
24787.53
 30
0.0
 11
46398.18
 21
24787.53
 31
0.0
  0
LINE
  5
2E1
330
2
100
AcDbEntity
  8
WALL
100
AcDbLine
 10
46398.18
 20
24787.53
 30
0.0
 11
46398.18
 21
24687.53
 31
0.0
  0
LINE
  5
2E2
330
2
100
AcDbEntity
  8
WALL
100
AcDbLine
 10
47898.18
 20
26587.53
 30
0.0
 11
47898.18
 21
26087.53
 31
0.0
  0
LINE
  5
2E3
330
2
100
AcDbEntity
  8
WALL
100
AcDbLine
 10
47698.18
 20
26587.53
 30
0.0
 11
47698.18
 21
26087.53
 31
0.0
  0
LINE
  5
2E4
330
2
100
AcDbEntity
  8
WALL
100
AcDbLine
 10
47898.18
 20
26587.53
 30
0.0
 11
47698.18
 21
26587.53
 31
0.0
  0
LINE
  5
2E5
330
2
100
AcDbEntity
  8
WALL
100
AcDbLine
 10
47698.18
 20
26087.53
 30
0.0
 11
47648.18
 21
26087.53
 31
0.0
  0
LINE
  5
2E6
330
2
100
AcDbEntity
  8
WALL
100
AcDbLine
 10
47648.18
 20
26087.53
 30
0.0
 11
47648.18
 21
25887.53
 31
0.0
  0
LINE
  5
2E7
330
2
100
AcDbEntity
  8
WALL
100
AcDbLine
 10
47648.18
 20
25887.53
 30
0.0
 11
47798.18
 21
25887.53
 31
0.0
  0
LINE
  5
2E8
330
2
100
AcDbEntity
  8
WALL
100
AcDbLine
 10
46598.18
 20
25887.53
 30
0.0
 11
46648.18
 21
25887.53
 31
0.0
  0
LINE
  5
2E9
330
2
100
AcDbEntity
  8
WALL
100
AcDbLine
 10
46648.18
 20
25887.53
 30
0.0
 11
46648.18
 21
26087.53
 31
0.0
  0
LINE
  5
2EA
330
2
100
AcDbEntity
  8
WALL
100
AcDbLine
 10
46648.18
 20
26087.53
 30
0.0
 11
46598.18
 21
26087.53
 31
0.0
  0
INSERT
  5
2EB
330
2
100
AcDbEntity
  8
WINDOW
100
AcDbBlockReference
 66
     1
  2
$DorLib2D$00000001
 10
47148.18
 20
25987.53
 30
0.0
 41
1000.0
 42
-1000.0
 43
1000.0
 50
180.0
1001
WTHICK
1040
200.0
  0
ATTRIB
  5
2EC
330
2EB
100
AcDbEntity
  8
WINDOW_TEXT
100
AcDbText
 10
47253.18
 20
25563.78
 30
0.0
 40
297.5
  1

 41
0.71
  7
_TCH_WINDOW
100
AcDbAttribute
280
     0
  2
A
 70
     0
280
     0
  0
SEQEND
  5
2ED
330
2EB
100
AcDbEntity
  8
WINDOW
  0
INSERT
  5
2EE
330
2
100
AcDbEntity
  8
WINDOW
100
AcDbBlockReference
 66
     1
  2
$DorLib2D$00000001
 10
47148.18
 20
24587.53
 30
0.0
 41
-1000.0
 42
1000.0
 43
-1000.0
 50
180.0
1001
WTHICK
1040
200.0
  0
ATTRIB
  5
2EF
330
2EE
100
AcDbEntity
  8
WINDOW_TEXT
100
AcDbText
 10
47253.18
 20
24713.78
 30
0.0
 40
297.5
  1

 41
0.71
  7
_TCH_WINDOW
100
AcDbAttribute
280
     0
  2
A
 70
     0
280
     0
  0
SEQEND
  5
2F0
330
2EE
100
AcDbEntity
  8
WINDOW
  0
LINE
  5
2F1
330
2
100
AcDbEntity
  8
WALL
100
AcDbLine
 10
47698.18
 20
23087.53
 30
0.0
 11
47698.18
 21
24487.53
 31
0.0
  0
LINE
  5
2F2
330
2
100
AcDbEntity
  8
WALL
100
AcDbLine
 10
47898.18
 20
23187.53
 30
0.0
 11
47898.18
 21
24687.53
 31
0.0
  0
LINE
  5
2F3
330
2
100
AcDbEntity
  8
WALL
100
AcDbLine
 10
49198.18
 20
23187.53
 30
0.0
 11
49149.65
 21
23187.53
 31
0.0
  0
LINE
  5
2F4
330
2
100
AcDbEntity
  8
WALL
100
AcDbLine
 10
49149.65
 20
23187.53
 30
0.0
 11
49149.65
 21
22987.53
 31
0.0
  0
LINE
  5
2F5
330
2
100
AcDbEntity
  8
WALL
100
AcDbLine
 10
49149.65
 20
22987.53
 30
0.0
 11
49198.18
 21
22987.53
 31
0.0
  0
LINE
  5
2F6
330
2
100
AcDbEntity
  8
WALL
100
AcDbLine
 10
47898.18
 20
22987.53
 30
0.0
 11
47949.65
 21
22987.53
 31
0.0
  0
LINE
  5
2F7
330
2
100
AcDbEntity
  8
WALL
100
AcDbLine
 10
47949.65
 20
22987.53
 30
0.0
 11
47949.65
 21
23187.53
 31
0.0
  0
LINE
  5
2F8
330
2
100
AcDbEntity
  8
WALL
100
AcDbLine
 10
47949.65
 20
23187.53
 30
0.0
 11
47898.18
 21
23187.53
 31
0.0
  0
INSERT
  5
2F9
330
2
100
AcDbEntity
  8
WINDOW
100
AcDbBlockReference
 66
     1
  2
$DorLib2D$00000001
 10
46498.18
 20
25187.53
 30
0.0
 41
800.0
 42
-800.0
 43
800.0
 50
270.0
1001
WTHICK
1040
200.0
  0
ATTRIB
  5
2FA
330
2F9
100
AcDbEntity
  8
WINDOW_TEXT
100
AcDbText
 10
47421.93
 20
24992.53
 30
0.0
 40
297.5
  1

 50
90.0
 41
0.71
  7
_TCH_WINDOW
100
AcDbAttribute
280
     0
  2
A
 70
     0
280
     0
  0
SEQEND
  5
2FB
330
2F9
100
AcDbEntity
  8
WINDOW
  0
INSERT
  5
2FC
330
2
100
AcDbEntity
  8
WINDOW
100
AcDbBlockReference
 66
     1
  2
$DorLib2D$00000001
 10
45298.18
 20
28987.53
 30
0.0
 41
-800.0
 42
-800.0
 43
-800.0
 50
270.0
1001
WTHICK
1040
200.0
  0
ATTRIB
  5
2FD
330
2FC
100
AcDbEntity
  8
WINDOW_TEXT
100
AcDbText
 10
46021.93
 20
28792.53
 30
0.0
 40
297.5
  1

 50
90.0
 41
0.71
  7
_TCH_WINDOW
100
AcDbAttribute
280
     0
  2
A
 70
     0
280
     0
  0
SEQEND
  5
2FE
330
2FC
100
AcDbEntity
  8
WINDOW
  0
LINE
  5
2FF
330
2
100
AcDbEntity
  8
WALL
100
AcDbLine
 10
60198.18
 20
24687.53
 30
0.0
 11
58948.18
 21
24687.53
 31
0.0
  0
LINE
  5
300
330
2
100
AcDbEntity
  8
WALL
100
AcDbLine
 10
58948.18
 20
24687.53
 30
0.0
 11
58948.18
 21
24487.53
 31
0.0
  0
LINE
  5
301
330
2
100
AcDbEntity
  8
WALL
100
AcDbLine
 10
58948.18
 20
24487.53
 30
0.0
 11
60398.18
 21
24487.53
 31
0.0
  0
LINE
  5
302
330
2
100
AcDbEntity
  8
WALL
100
AcDbLine
 10
55698.18
 20
24487.53
 30
0.0
 11
57148.18
 21
24487.53
 31
0.0
  0
LINE
  5
303
330
2
100
AcDbEntity
  8
WALL
100
AcDbLine
 10
57148.18
 20
24487.53
 30
0.0
 11
57148.18
 21
24687.53
 31
0.0
  0
LINE
  5
304
330
2
100
AcDbEntity
  8
WALL
100
AcDbLine
 10
57148.18
 20
24687.53
 30
0.0
 11
55898.18
 21
24687.53
 31
0.0
  0
LINE
  5
305
330
2
100
AcDbEntity
  8
WALL
100
AcDbLine
 10
55698.18
 20
24487.53
 30
0.0
 11
55698.18
 21
25987.53
 31
0.0
  0
LINE
  5
306
330
2
100
AcDbEntity
  8
WALL
100
AcDbLine
 10
55898.18
 20
24687.53
 30
0.0
 11
55898.18
 21
26087.53
 31
0.0
  0
LINE
  5
307
330
2
100
AcDbEntity
  8
WALL
100
AcDbLine
 10
55898.18
 20
27487.53
 30
0.0
 11
55948.18
 21
27487.53
 31
0.0
  0
LINE
  5
308
330
2
100
AcDbEntity
  8
WALL
100
AcDbLine
 10
55948.18
 20
27487.53
 30
0.0
 11
55948.18
 21
27687.53
 31
0.0
  0
LINE
  5
309
330
2
100
AcDbEntity
  8
WALL
100
AcDbLine
 10
55948.18
 20
27687.53
 30
0.0
 11
55698.18
 21
27687.53
 31
0.0
  0
LINE
  5
30A
330
2
100
AcDbEntity
  8
WALL
100
AcDbLine
 10
56998.18
 20
27687.53
 30
0.0
 11
56948.18
 21
27687.53
 31
0.0
  0
LINE
  5
30B
330
2
100
AcDbEntity
  8
WALL
100
AcDbLine
 10
56948.18
 20
27687.53
 30
0.0
 11
56948.18
 21
27487.53
 31
0.0
  0
LINE
  5
30C
330
2
100
AcDbEntity
  8
WALL
100
AcDbLine
 10
56948.18
 20
27487.53
 30
0.0
 11
57098.18
 21
27487.53
 31
0.0
  0
INSERT
  5
30D
330
2
100
AcDbEntity
  8
WINDOW
100
AcDbBlockReference
 66
     1
  2
$DorLib2D$00000001
 10
56448.18
 20
27587.53
 30
0.0
 41
-1000.0
 42
-1000.0
 43
-1000.0
1001
WTHICK
1040
200.0
  0
ATTRIB
  5
30E
330
30D
100
AcDbEntity
  8
WINDOW_TEXT
100
AcDbText
 10
57553.18
 20
27713.78
 30
0.0
 40
297.5
  1

 41
0.71
  7
_TCH_WINDOW
100
AcDbAttribute
280
     0
  2
A
 70
     0
280
     0
  0
SEQEND
  5
30F
330
30D
100
AcDbEntity
  8
WINDOW
  0
LINE
  5
310
330
2
100
AcDbEntity
  8
WALL
100
AcDbLine
 10
60198.18
 20
24687.53
 30
0.0
 11
60198.18
 21
27487.53
 31
0.0
  0
LINE
  5
311
330
2
100
AcDbEntity
  8
WALL
100
AcDbLine
 10
60398.18
 20
24487.53
 30
0.0
 11
60398.18
 21
27587.53
 31
0.0
  0
LINE
  5
312
330
2
100
AcDbEntity
  8
WALL
100
AcDbLine
 10
60398.18
 20
32687.53
 30
0.0
 11
60398.18
 21
29587.53
 31
0.0
  0
LINE
  5
313
330
2
100
AcDbEntity
  8
WALL
100
AcDbLine
 10
60198.18
 20
32487.53
 30
0.0
 11
60198.18
 21
29687.53
 31
0.0
  0
LINE
  5
314
330
2
100
AcDbEntity
  8
WALL
100
AcDbLine
 10
58198.18
 20
32487.53
 30
0.0
 11
58198.18
 21
32387.53
 31
0.0
  0
LINE
  5
315
330
2
100
AcDbEntity
  8
WALL
100
AcDbLine
 10
58198.18
 20
32387.53
 30
0.0
 11
58398.18
 21
32387.53
 31
0.0
  0
LINE
  5
316
330
2
100
AcDbEntity
  8
WALL
100
AcDbLine
 10
58398.18
 20
32387.53
 30
0.0
 11
58398.18
 21
32487.53
 31
0.0
  0
LINE
  5
317
330
2
100
AcDbEntity
  8
WALL
100
AcDbLine
 10
58398.18
 20
29687.53
 30
0.0
 11
58398.18
 21
31587.53
 31
0.0
  0
LINE
  5
318
330
2
100
AcDbEntity
  8
WALL
100
AcDbLine
 10
58398.18
 20
31587.53
 30
0.0
 11
58198.18
 21
31587.53
 31
0.0
  0
LINE
  5
319
330
2
100
AcDbEntity
  8
WALL
100
AcDbLine
 10
58198.18
 20
31587.53
 30
0.0
 11
58198.18
 21
29687.53
 31
0.0
  0
INSERT
  5
31A
330
2
100
AcDbEntity
  8
WINDOW
100
AcDbBlockReference
 66
     1
  2
$DorLib2D$00000001
 10
58298.18
 20
31987.53
 30
0.0
 41
-800.0
 42
800.0
 43
-800.0
 50
270.0
1001
WTHICK
1040
200.0
  0
ATTRIB
  5
31B
330
31A
100
AcDbEntity
  8
WINDOW_TEXT
100
AcDbText
 10
59471.93
 20
31792.53
 30
0.0
 40
297.5
  1

 50
90.0
 41
0.71
  7
_TCH_WINDOW
100
AcDbAttribute
280
     0
  2
A
 70
     0
280
     0
  0
SEQEND
  5
31C
330
31A
100
AcDbEntity
  8
WINDOW
  0
LINE
  5
31D
330
2
100
AcDbEntity
  8
WALL
100
AcDbLine
 10
60398.18
 20
32687.53
 30
0.0
 11
59748.18
 21
32687.53
 31
0.0
  0
LINE
  5
31E
330
2
100
AcDbEntity
  8
WALL
100
AcDbLine
 10
59748.18
 20
32687.53
 30
0.0
 11
59748.18
 21
32487.53
 31
0.0
  0
LINE
  5
31F
330
2
100
AcDbEntity
  8
WALL
100
AcDbLine
 10
59748.18
 20
32487.53
 30
0.0
 11
60198.18
 21
32487.53
 31
0.0
  0
LINE
  5
320
330
2
100
AcDbEntity
  8
WALL
100
AcDbLine
 10
58398.18
 20
32487.53
 30
0.0
 11
58848.18
 21
32487.53
 31
0.0
  0
LINE
  5
321
330
2
100
AcDbEntity
  8
WALL
100
AcDbLine
 10
58848.18
 20
32487.53
 30
0.0
 11
58848.18
 21
32687.53
 31
0.0
  0
LINE
  5
322
330
2
100
AcDbEntity
  8
WALL
100
AcDbLine
 10
58848.18
 20
32687.53
 30
0.0
 11
58298.18
 21
32687.53
 31
0.0
  0
LINE
  5
323
330
2
100
AcDbEntity
  8
WALL
100
AcDbLine
 10
58298.18
 20
32687.53
 30
0.0
 11
57148.18
 21
32687.53
 31
0.0
  0
LINE
  5
324
330
2
100
AcDbEntity
  8
WALL
100
AcDbLine
 10
57148.18
 20
32687.53
 30
0.0
 11
57148.18
 21
32487.53
 31
0.0
  0
LINE
  5
325
330
2
100
AcDbEntity
  8
WALL
100
AcDbLine
 10
57148.18
 20
32487.53
 30
0.0
 11
58198.18
 21
32487.53
 31
0.0
  0
LINE
  5
326
330
2
100
AcDbEntity
  8
WALL
100
AcDbLine
 10
54398.18
 20
32487.53
 30
0.0
 11
55348.18
 21
32487.53
 31
0.0
  0
LINE
  5
327
330
2
100
AcDbEntity
  8
WALL
100
AcDbLine
 10
55348.18
 20
32487.53
 30
0.0
 11
55348.18
 21
32687.53
 31
0.0
  0
LINE
  5
328
330
2
100
AcDbEntity
  8
WALL
100
AcDbLine
 10
55348.18
 20
32687.53
 30
0.0
 11
54198.18
 21
32687.53
 31
0.0
  0
LINE
  5
329
330
2
100
AcDbEntity
  8
WALL
100
AcDbLine
 10
54398.18
 20
29087.53
 30
0.0
 11
55698.18
 21
29087.53
 31
0.0
  0
LINE
  5
32A
330
2
100
AcDbEntity
  8
WALL
100
AcDbLine
 10
54198.18
 20
28887.53
 30
0.0
 11
55798.18
 21
28887.53
 31
0.0
  0
LINE
  5
32B
330
2
100
AcDbEntity
  8
WALL
100
AcDbLine
 10
57198.18
 20
29487.53
 30
0.0
 11
57198.18
 21
28987.53
 31
0.0
  0
LINE
  5
32C
330
2
100
AcDbEntity
  8
WALL
100
AcDbLine
 10
56998.18
 20
29687.53
 30
0.0
 11
56998.18
 21
29087.53
 31
0.0
  0
LINE
  5
32D
330
2
100
AcDbEntity
  8
WALL
100
AcDbLine
 10
58398.18
 20
29687.53
 30
0.0
 11
60198.18
 21
29687.53
 31
0.0
  0
LINE
  5
32E
330
2
100
AcDbEntity
  8
WALL
100
AcDbLine
 10
58298.18
 20
29487.53
 30
0.0
 11
60198.18
 21
29487.53
 31
0.0
  0
LINE
  5
32F
330
2
100
AcDbEntity
  8
WALL
100
AcDbLine
 10
60198.18
 20
29487.53
 30
0.0
 11
60198.18
 21
29037.53
 31
0.0
  0
LINE
  5
330
330
2
100
AcDbEntity
  8
WALL
100
AcDbLine
 10
60198.18
 20
29037.53
 30
0.0
 11
60398.18
 21
29037.53
 31
0.0
  0
LINE
  5
331
330
2
100
AcDbEntity
  8
WALL
100
AcDbLine
 10
60398.18
 20
29037.53
 30
0.0
 11
60398.18
 21
29587.53
 31
0.0
  0
LINE
  5
332
330
2
100
AcDbEntity
  8
WALL
100
AcDbLine
 10
60398.18
 20
27587.53
 30
0.0
 11
60398.18
 21
28137.53
 31
0.0
  0
LINE
  5
333
330
2
100
AcDbEntity
  8
WALL
100
AcDbLine
 10
60398.18
 20
28137.53
 30
0.0
 11
60198.18
 21
28137.53
 31
0.0
  0
LINE
  5
334
330
2
100
AcDbEntity
  8
WALL
100
AcDbLine
 10
60198.18
 20
28137.53
 30
0.0
 11
60198.18
 21
27687.53
 31
0.0
  0
LINE
  5
335
330
2
100
AcDbEntity
  8
WALL
100
AcDbLine
 10
56998.18
 20
29687.53
 30
0.0
 11
58198.18
 21
29687.53
 31
0.0
  0
LINE
  5
336
330
2
100
AcDbEntity
  8
WALL
100
AcDbLine
 10
57198.18
 20
29487.53
 30
0.0
 11
58298.18
 21
29487.53
 31
0.0
  0
LINE
  5
337
330
2
100
AcDbEntity
  8
WALL
100
AcDbLine
 10
57198.18
 20
27687.53
 30
0.0
 11
60198.18
 21
27687.53
 31
0.0
  0
LINE
  5
338
330
2
100
AcDbEntity
  8
WALL
100
AcDbLine
 10
57098.18
 20
27487.53
 30
0.0
 11
60198.18
 21
27487.53
 31
0.0
  0
LINE
  5
339
330
2
100
AcDbEntity
  8
WALL
100
AcDbLine
 10
56998.18
 20
28887.53
 30
0.0
 11
56998.18
 21
28587.53
 31
0.0
  0
LINE
  5
33A
330
2
100
AcDbEntity
  8
WALL
100
AcDbLine
 10
56998.18
 20
28587.53
 30
0.0
 11
57198.18
 21
28587.53
 31
0.0
  0
LINE
  5
33B
330
2
100
AcDbEntity
  8
WALL
100
AcDbLine
 10
57198.18
 20
28587.53
 30
0.0
 11
57198.18
 21
28987.53
 31
0.0
  0
LINE
  5
33C
330
2
100
AcDbEntity
  8
WALL
100
AcDbLine
 10
57198.18
 20
27687.53
 30
0.0
 11
57198.18
 21
27787.53
 31
0.0
  0
LINE
  5
33D
330
2
100
AcDbEntity
  8
WALL
100
AcDbLine
 10
57198.18
 20
27787.53
 30
0.0
 11
56998.18
 21
27787.53
 31
0.0
  0
LINE
  5
33E
330
2
100
AcDbEntity
  8
WALL
100
AcDbLine
 10
56998.18
 20
27787.53
 30
0.0
 11
56998.18
 21
27687.53
 31
0.0
  0
LINE
  5
33F
330
2
100
AcDbEntity
  8
WALL
100
AcDbLine
 10
55898.18
 20
29587.53
 30
0.0
 11
55898.18
 21
29087.53
 31
0.0
  0
LINE
  5
340
330
2
100
AcDbEntity
  8
WALL
100
AcDbLine
 10
55698.18
 20
29587.53
 30
0.0
 11
55698.18
 21
29087.53
 31
0.0
  0
LINE
  5
341
330
2
100
AcDbEntity
  8
WALL
100
AcDbLine
 10
55898.18
 20
29587.53
 30
0.0
 11
55698.18
 21
29587.53
 31
0.0
  0
LINE
  5
342
330
2
100
AcDbEntity
  8
WALL
100
AcDbLine
 10
55798.18
 20
28887.53
 30
0.0
 11
55948.18
 21
28887.53
 31
0.0
  0
LINE
  5
343
330
2
100
AcDbEntity
  8
WALL
100
AcDbLine
 10
55948.18
 20
28887.53
 30
0.0
 11
55948.18
 21
29087.53
 31
0.0
  0
LINE
  5
344
330
2
100
AcDbEntity
  8
WALL
100
AcDbLine
 10
55948.18
 20
29087.53
 30
0.0
 11
55898.18
 21
29087.53
 31
0.0
  0
LINE
  5
345
330
2
100
AcDbEntity
  8
WALL
100
AcDbLine
 10
56998.18
 20
29087.53
 30
0.0
 11
56948.18
 21
29087.53
 31
0.0
  0
LINE
  5
346
330
2
100
AcDbEntity
  8
WALL
100
AcDbLine
 10
56948.18
 20
29087.53
 30
0.0
 11
56948.18
 21
28887.53
 31
0.0
  0
LINE
  5
347
330
2
100
AcDbEntity
  8
WALL
100
AcDbLine
 10
56948.18
 20
28887.53
 30
0.0
 11
56998.18
 21
28887.53
 31
0.0
  0
INSERT
  5
348
330
2
100
AcDbEntity
  8
WINDOW
100
AcDbBlockReference
 66
     1
  2
$DorLib2D$00000001
 10
56448.18
 20
28987.53
 30
0.0
 41
1000.0
 42
1000.0
 43
1000.0
1001
WTHICK
1040
200.0
  0
ATTRIB
  5
349
330
348
100
AcDbEntity
  8
WINDOW_TEXT
100
AcDbText
 10
57553.18
 20
28563.78
 30
0.0
 40
297.5
  1

 41
0.71
  7
_TCH_WINDOW
100
AcDbAttribute
280
     0
  2
A
 70
     0
280
     0
  0
SEQEND
  5
34A
330
348
100
AcDbEntity
  8
WINDOW
  0
LINE
  5
34B
330
2
100
AcDbEntity
  8
WALL
100
AcDbLine
 10
55698.18
 20
26187.53
 30
0.0
 11
55698.18
 21
27687.53
 31
0.0
  0
LINE
  5
34C
330
2
100
AcDbEntity
  8
WALL
100
AcDbLine
 10
55898.18
 20
26087.53
 30
0.0
 11
55898.18
 21
27487.53
 31
0.0
  0
TEXT
  5
34D
330
2
100
AcDbEntity
  8
SPACE
100
AcDbText
 10
43725.95
 20
27881.71
 30
0.0
 40
482.27
  1
卫生间
  7
_TCH_SPACE
100
AcDbText
  0
TEXT
  5
34E
330
2
100
AcDbEntity
  8
SPACE
100
AcDbText
 10
43669.68
 20
27369.83
 30
0.0
 40
297.5
  1
5.04m
 41
0.71
  7
_TCH_SPACE
100
AcDbText
  0
TEXT
  5
34F
330
2
100
AcDbEntity
  8
SPACE
100
AcDbText
 10
44669.68
 20
27544.83
 30
0.0
 40
148.75
  1
2
 41
0.71
  7
_TCH_SPACE
100
AcDbText
  0
TEXT
  5
350
330
2
100
AcDbEntity
  8
SPACE
100
AcDbText
 10
44371.05
 20
25694.38
 30
0.0
 40
482.27
  1
卫生间
  7
_TCH_SPACE
100
AcDbText
  0
TEXT
  5
351
330
2
100
AcDbEntity
  8
SPACE
100
AcDbText
 10
44314.78
 20
25182.5
 30
0.0
 40
297.5
  1
5.40m
 41
0.71
  7
_TCH_SPACE
100
AcDbText
  0
TEXT
  5
352
330
2
100
AcDbEntity
  8
SPACE
100
AcDbText
 10
45314.78
 20
25357.5
 30
0.0
 40
148.75
  1
2
 41
0.71
  7
_TCH_SPACE
100
AcDbText
  0
TEXT
  5
353
330
2
100
AcDbEntity
  8
SPACE
100
AcDbText
 10
46815.88
 20
28557.03
 30
0.0
 40
482.27
  1
主卧
  7
_TCH_SPACE
100
AcDbText
  0
TEXT
  5
354
330
2
100
AcDbEntity
  8
SPACE
100
AcDbText
 10
46520.02
 20
28045.16
 30
0.0
 40
297.5
  1
12.20m
 41
0.71
  7
_TCH_SPACE
100
AcDbText
  0
TEXT
  5
355
330
2
100
AcDbEntity
  8
SPACE
100
AcDbText
 10
47680.02
 20
28220.16
 30
0.0
 40
148.75
  1
2
 41
0.71
  7
_TCH_SPACE
100
AcDbText
  0
TEXT
  5
356
330
2
100
AcDbEntity
  8
SPACE
100
AcDbText
 10
45146.54
 20
23357.9
 30
0.0
 40
482.27
  1
卧室
  7
_TCH_SPACE
100
AcDbText
  0
TEXT
  5
357
330
2
100
AcDbEntity
  8
SPACE
100
AcDbText
 10
44842.71
 20
22846.02
 30
0.0
 40
297.5
  1
12.04m
 41
0.71
  7
_TCH_SPACE
100
AcDbText
  0
TEXT
  5
358
330
2
100
AcDbEntity
  8
SPACE
100
AcDbText
 10
46002.71
 20
23021.02
 30
0.0
 40
148.75
  1
2
 41
0.71
  7
_TCH_SPACE
100
AcDbText
  0
LINE
  5
359
330
2
100
AcDbEntity
  8
WALL
100
AcDbLine
 10
49398.18
 20
25887.53
 30
0.0
 11
47798.18
 21
25887.53
 31
0.0
  0
LINE
  5
35A
330
2
100
AcDbEntity
  8
WALL
100
AcDbLine
 10
49198.18
 20
26087.53
 30
0.0
 11
47898.18
 21
26087.53
 31
0.0
  0
LINE
  5
35B
330
2
100
AcDbEntity
  8
WALL
100
AcDbLine
 10
49198.18
 20
23187.53
 30
0.0
 11
49198.18
 21
24587.53
 31
0.0
  0
LINE
  5
35C
330
2
100
AcDbEntity
  8
WALL
100
AcDbLine
 10
49398.18
 20
23087.53
 30
0.0
 11
49398.18
 21
24587.53
 31
0.0
  0
LINE
  5
35D
330
2
100
AcDbEntity
  8
WALL
100
AcDbLine
 10
49198.18
 20
24587.53
 30
0.0
 11
49398.18
 21
24587.53
 31
0.0
  0
LINE
  5
35E
330
2
100
AcDbEntity
  8
WALL
100
AcDbLine
 10
54398.18
 20
25987.53
 30
0.0
 11
54446.71
 21
25987.53
 31
0.0
  0
LINE
  5
35F
330
2
100
AcDbEntity
  8
WALL
100
AcDbLine
 10
54446.71
 20
25987.53
 30
0.0
 11
54446.71
 21
26187.53
 31
0.0
  0
LINE
  5
360
330
2
100
AcDbEntity
  8
WALL
100
AcDbLine
 10
54446.71
 20
26187.53
 30
0.0
 11
54398.18
 21
26187.53
 31
0.0
  0
LINE
  5
361
330
2
100
AcDbEntity
  8
WALL
100
AcDbLine
 10
55698.18
 20
26187.53
 30
0.0
 11
55646.71
 21
26187.53
 31
0.0
  0
LINE
  5
362
330
2
100
AcDbEntity
  8
WALL
100
AcDbLine
 10
55646.71
 20
26187.53
 30
0.0
 11
55646.71
 21
25987.53
 31
0.0
  0
LINE
  5
363
330
2
100
AcDbEntity
  8
WALL
100
AcDbLine
 10
55646.71
 20
25987.53
 30
0.0
 11
55698.18
 21
25987.53
 31
0.0
  0
LINE
  5
364
330
2
100
AcDbEntity
  8
WALL
100
AcDbLine
 10
54198.18
 20
29687.53
 30
0.0
 11
54198.18
 21
32687.53
 31
0.0
  0
LINE
  5
365
330
2
100
AcDbEntity
  8
WALL
100
AcDbLine
 10
54398.18
 20
29587.53
 30
0.0
 11
54398.18
 21
32487.53
 31
0.0
  0
LINE
  5
366
330
2
100
AcDbEntity
  8
WALL
100
AcDbLine
 10
54198.18
 20
26087.53
 30
0.0
 11
54198.18
 21
27687.53
 31
0.0
  0
LINE
  5
367
330
2
100
AcDbEntity
  8
WALL
100
AcDbLine
 10
54398.18
 20
26187.53
 30
0.0
 11
54398.18
 21
27687.53
 31
0.0
  0
LINE
  5
368
330
2
100
AcDbEntity
  8
WALL
100
AcDbLine
 10
54198.18
 20
27687.53
 30
0.0
 11
54398.18
 21
27687.53
 31
0.0
  0
LINE
  5
369
330
2
100
AcDbEntity
  8
WALL
100
AcDbLine
 10
49398.18
 20
26487.53
 30
0.0
 11
49398.18
 21
25887.53
 31
0.0
  0
LINE
  5
36A
330
2
100
AcDbEntity
  8
WALL
100
AcDbLine
 10
49198.18
 20
26587.53
 30
0.0
 11
49198.18
 21
26087.53
 31
0.0
  0
LINE
  5
36B
330
2
100
AcDbEntity
  8
WALL
100
AcDbLine
 10
52698.18
 20
26687.53
 30
0.0
 11
52698.18
 21
29487.53
 31
0.0
  0
LINE
  5
36C
330
2
100
AcDbEntity
  8
WALL
100
AcDbLine
 10
52898.18
 20
26487.53
 30
0.0
 11
52898.18
 21
29487.53
 31
0.0
  0
LINE
  5
36D
330
2
100
AcDbEntity
  8
WALL
100
AcDbLine
 10
52698.18
 20
26687.53
 30
0.0
 11
51848.18
 21
26687.53
 31
0.0
  0
LINE
  5
36E
330
2
100
AcDbEntity
  8
WALL
100
AcDbLine
 10
51848.18
 20
26687.53
 30
0.0
 11
51848.18
 21
26487.53
 31
0.0
  0
LINE
  5
36F
330
2
100
AcDbEntity
  8
WALL
100
AcDbLine
 10
51848.18
 20
26487.53
 30
0.0
 11
52898.18
 21
26487.53
 31
0.0
  0
LINE
  5
370
330
2
100
AcDbEntity
  8
WALL
100
AcDbLine
 10
49398.18
 20
26487.53
 30
0.0
 11
50248.18
 21
26487.53
 31
0.0
  0
LINE
  5
371
330
2
100
AcDbEntity
  8
WALL
100
AcDbLine
 10
50248.18
 20
26487.53
 30
0.0
 11
50248.18
 21
26687.53
 31
0.0
  0
LINE
  5
372
330
2
100
AcDbEntity
  8
WALL
100
AcDbLine
 10
50248.18
 20
26687.53
 30
0.0
 11
49398.18
 21
26687.53
 31
0.0
  0
TEXT
  5
373
330
2
100
AcDbEntity
  8
SPACE
100
AcDbText
 10
50696.53
 20
28103.2
 30
0.0
 40
482.27
  1
厨房
  7
_TCH_SPACE
100
AcDbText
  0
TEXT
  5
374
330
2
100
AcDbEntity
  8
SPACE
100
AcDbText
 10
50488.66
 20
27591.32
 30
0.0
 40
297.5
  1
9.24m
 41
0.71
  7
_TCH_SPACE
100
AcDbText
  0
TEXT
  5
375
330
2
100
AcDbEntity
  8
SPACE
100
AcDbText
 10
51488.66
 20
27766.32
 30
0.0
 40
148.75
  1
2
 41
0.71
  7
_TCH_SPACE
100
AcDbText
  0
LINE
  5
376
330
2
100
AcDbEntity
  8
WALL
100
AcDbLine
 10
52798.18
 20
29687.53
 30
0.0
 11
51948.18
 21
29687.53
 31
0.0
  0
LINE
  5
377
330
2
100
AcDbEntity
  8
WALL
100
AcDbLine
 10
51948.18
 20
29687.53
 30
0.0
 11
51948.18
 21
29487.53
 31
0.0
  0
LINE
  5
378
330
2
100
AcDbEntity
  8
WALL
100
AcDbLine
 10
51948.18
 20
29487.53
 30
0.0
 11
52698.18
 21
29487.53
 31
0.0
  0
LINE
  5
379
330
2
100
AcDbEntity
  8
WALL
100
AcDbLine
 10
49398.18
 20
29487.53
 30
0.0
 11
50148.18
 21
29487.53
 31
0.0
  0
LINE
  5
37A
330
2
100
AcDbEntity
  8
WALL
100
AcDbLine
 10
50148.18
 20
29487.53
 30
0.0
 11
50148.18
 21
29687.53
 31
0.0
  0
LINE
  5
37B
330
2
100
AcDbEntity
  8
WALL
100
AcDbLine
 10
50148.18
 20
29687.53
 30
0.0
 11
49298.18
 21
29687.53
 31
0.0
  0
INSERT
  5
37C
330
2
100
AcDbEntity
  8
WINDOW
100
AcDbBlockReference
 66
     1
  2
$DorLib2D$00000001
 10
48549.65
 20
23087.53
 30
0.0
 41
1200.0
 42
-1200.0
 43
1200.0
 50
180.0
1001
WTHICK
1040
200.0
  0
ATTRIB
  5
37D
330
37C
100
AcDbEntity
  8
WINDOW_TEXT
100
AcDbText
 10
48354.65
 20
22563.78
 30
0.0
 40
297.5
  1

 41
0.71
  7
_TCH_WINDOW
100
AcDbAttribute
280
     0
  2
A
 70
     0
280
     0
  0
SEQEND
  5
37E
330
37C
100
AcDbEntity
  8
WINDOW
  0
INSERT
  5
37F
330
2
100
AcDbEntity
  8
WINDOW
100
AcDbBlockReference
 66
     1
  2
$DorLib2D$00000001
 10
55046.71
 20
26087.53
 30
0.0
 41
1200.0
 42
1200.0
 43
1200.0
1001
WTHICK
1040
200.0
  0
ATTRIB
  5
380
330
37F
100
AcDbEntity
  8
WINDOW_TEXT
100
AcDbText
 10
54851.71
 20
25563.78
 30
0.0
 40
297.5
  1

 41
0.71
  7
_TCH_WINDOW
100
AcDbAttribute
280
     0
  2
A
 70
     0
280
     0
  0
SEQEND
  5
381
330
37F
100
AcDbEntity
  8
WINDOW
  0
TEXT
  5
382
330
2
100
AcDbEntity
  8
SPACE
100
AcDbText
 10
51408.64
 20
24059.8
 30
0.0
 40
482.27
  1
餐客厅
  7
_TCH_SPACE
100
AcDbText
  0
TEXT
  5
383
330
2
100
AcDbEntity
  8
SPACE
100
AcDbText
 10
51281.62
 20
23547.92
 30
0.0
 40
297.5
  1
23.04m
 41
0.71
  7
_TCH_SPACE
100
AcDbText
  0
TEXT
  5
384
330
2
100
AcDbEntity
  8
SPACE
100
AcDbText
 10
52481.62
 20
23722.92
 30
0.0
 40
148.75
  1
2
 41
0.71
  7
_TCH_SPACE
100
AcDbText
  0
INSERT
  5
385
330
2
100
AcDbEntity
  8
WINDOW
100
AcDbBlockReference
 66
     1
  2
$DorLib2D$00000001
 10
53598.18
 20
29587.53
 30
0.0
 41
-1000.0
 42
-1000.0
 43
-1000.0
 50
180.0
1001
WTHICK
1040
200.0
  0
ATTRIB
  5
386
330
385
100
AcDbEntity
  8
WINDOW_TEXT
100
AcDbText
 10
54703.18
 20
29213.78
 30
0.0
 40
297.5
  1

 41
0.71
  7
_TCH_WINDOW
100
AcDbAttribute
280
     0
  2
A
 70
     0
280
     0
  0
SEQEND
  5
387
330
385
100
AcDbEntity
  8
WINDOW
  0
TEXT
  5
388
330
2
100
AcDbEntity
  8
SPACE
100
AcDbText
 10
50766.19
 20
31103.2
 30
0.0
 40
482.27
  1
室外露台
  7
_TCH_SPACE
100
AcDbText
  0
TEXT
  5
389
330
2
100
AcDbEntity
  8
SPACE
100
AcDbText
 10
50816.08
 20
30591.32
 30
0.0
 40
297.5
  1
13.72m
 41
0.71
  7
_TCH_SPACE
100
AcDbText
  0
TEXT
  5
38A
330
2
100
AcDbEntity
  8
SPACE
100
AcDbText
 10
51976.08
 20
30766.32
 30
0.0
 40
148.75
  1
2
 41
0.71
  7
_TCH_SPACE
100
AcDbText
  0
TEXT
  5
38B
330
2
100
AcDbEntity
  8
SPACE
100
AcDbText
 10
55923.74
 20
31459.68
 30
0.0
 40
482.27
  1
卧室
  7
_TCH_SPACE
100
AcDbText
  0
TEXT
  5
38C
330
2
100
AcDbEntity
  8
SPACE
100
AcDbText
 10
55619.91
 20
30947.81
 30
0.0
 40
297.5
  1
12.20m
 41
0.71
  7
_TCH_SPACE
100
AcDbText
  0
TEXT
  5
38D
330
2
100
AcDbEntity
  8
SPACE
100
AcDbText
 10
56779.91
 20
31122.81
 30
0.0
 40
148.75
  1
2
 41
0.71
  7
_TCH_SPACE
100
AcDbText
  0
TEXT
  5
38E
330
2
100
AcDbEntity
  8
SPACE
100
AcDbText
 10
58790.73
 20
30967.87
 30
0.0
 40
482.27
  1
卫生间
  7
_TCH_SPACE
100
AcDbText
  0
TEXT
  5
38F
330
2
100
AcDbEntity
  8
SPACE
100
AcDbText
 10
58734.46
 20
30456.0
 30
0.0
 40
297.5
  1
5.04m
 41
0.71
  7
_TCH_SPACE
100
AcDbText
  0
TEXT
  5
390
330
2
100
AcDbEntity
  8
SPACE
100
AcDbText
 10
59734.46
 20
30631.0
 30
0.0
 40
148.75
  1
2
 41
0.71
  7
_TCH_SPACE
100
AcDbText
  0
TEXT
  5
391
330
2
100
AcDbEntity
  8
SPACE
100
AcDbText
 10
58142.7
 20
28832.99
 30
0.0
 40
482.27
  1
卫生间
  7
_TCH_SPACE
100
AcDbText
  0
TEXT
  5
392
330
2
100
AcDbEntity
  8
SPACE
100
AcDbText
 10
58086.43
 20
28321.11
 30
0.0
 40
297.5
  1
5.40m
 41
0.71
  7
_TCH_SPACE
100
AcDbText
  0
TEXT
  5
393
330
2
100
AcDbEntity
  8
SPACE
100
AcDbText
 10
59086.43
 20
28496.11
 30
0.0
 40
148.75
  1
2
 41
0.71
  7
_TCH_SPACE
100
AcDbText
  0
TEXT
  5
394
330
2
100
AcDbEntity
  8
SPACE
100
AcDbText
 10
57858.57
 20
26281.05
 30
0.0
 40
482.27
  1
卧室
  7
_TCH_SPACE
100
AcDbText
  0
TEXT
  5
395
330
2
100
AcDbEntity
  8
SPACE
100
AcDbText
 10
57554.74
 20
25769.17
 30
0.0
 40
297.5
  1
12.04m
 41
0.71
  7
_TCH_SPACE
100
AcDbText
  0
TEXT
  5
396
330
2
100
AcDbEntity
  8
SPACE
100
AcDbText
 10
58714.74
 20
25944.17
 30
0.0
 40
148.75
  1
2
 41
0.71
  7
_TCH_SPACE
100
AcDbText
  0
LINE
  5
397
330
2
100
AcDbEntity
  8
AXIS
100
AcDbLine
 10
43298.18
 20
20587.53
 30
0.0
 11
43298.18
 21
16587.53
 31
0.0
  0
INSERT
  5
398
330
2
100
AcDbEntity
  8
AXIS
100
AcDbBlockReference
 66
     1
  2
_AXISO
 10
43298.18
 20
16187.53
 30
0.0
 41
800.0
 42
800.0
 43
800.0
  0
ATTRIB
  5
399
330
398
100
AcDbEntity
  8
AXIS_TEXT
100
AcDbText
 10
43132.26
 20
15961.98
 30
0.0
 40
451.09
  1
1
 41
1.72
  7
_TCH_AXIS
 72
     5
 11
43464.1
 21
15961.98
 31
0.0
100
AcDbAttribute
280
     0
  2
A
 70
     0
280
     0
  0
SEQEND
  5
39A
330
398
100
AcDbEntity
  8
AXIS
  0
LINE
  5
39B
330
2
100
AcDbEntity
  8
AXIS
100
AcDbLine
 10
43298.18
 20
33587.53
 30
0.0
 11
43298.18
 21
37587.53
 31
0.0
  0
INSERT
  5
39C
330
2
100
AcDbEntity
  8
AXIS
100
AcDbBlockReference
 66
     1
  2
_AXISO
 10
43298.18
 20
37987.53
 30
0.0
 41
800.0
 42
800.0
 43
800.0
  0
ATTRIB
  5
39D
330
39C
100
AcDbEntity
  8
AXIS_TEXT
100
AcDbText
 10
43132.26
 20
37761.98
 30
0.0
 40
451.09
  1
1
 41
1.72
  7
_TCH_AXIS
 72
     5
 11
43464.1
 21
37761.98
 31
0.0
100
AcDbAttribute
280
     0
  2
A
 70
     0
280
     0
  0
SEQEND
  5
39E
330
39C
100
AcDbEntity
  8
AXIS
  0
LINE
  5
39F
330
2
100
AcDbEntity
  8
AXIS
100
AcDbLine
 10
49298.18
 20
20587.53
 30
0.0
 11
49298.18
 21
16587.53
 31
0.0
  0
INSERT
  5
3A0
330
2
100
AcDbEntity
  8
AXIS
100
AcDbBlockReference
 66
     1
  2
_AXISO
 10
49298.18
 20
16187.53
 30
0.0
 41
800.0
 42
800.0
 43
800.0
  0
ATTRIB
  5
3A1
330
3A0
100
AcDbEntity
  8
AXIS_TEXT
100
AcDbText
 10
49131.64
 20
15962.44
 30
0.0
 40
450.18
  1
2
 41
1.11
  7
_TCH_AXIS
 72
     5
 11
49464.72
 21
15962.44
 31
0.0
100
AcDbAttribute
280
     0
  2
A
 70
     0
280
     0
  0
SEQEND
  5
3A2
330
3A0
100
AcDbEntity
  8
AXIS
  0
LINE
  5
3A3
330
2
100
AcDbEntity
  8
AXIS
100
AcDbLine
 10
49298.18
 20
33587.53
 30
0.0
 11
49298.18
 21
37587.53
 31
0.0
  0
INSERT
  5
3A4
330
2
100
AcDbEntity
  8
AXIS
100
AcDbBlockReference
 66
     1
  2
_AXISO
 10
49298.18
 20
37987.53
 30
0.0
 41
800.0
 42
800.0
 43
800.0
  0
ATTRIB
  5
3A5
330
3A4
100
AcDbEntity
  8
AXIS_TEXT
100
AcDbText
 10
49131.64
 20
37762.44
 30
0.0
 40
450.18
  1
2
 41
1.11
  7
_TCH_AXIS
 72
     5
 11
49464.72
 21
37762.44
 31
0.0
100
AcDbAttribute
280
     0
  2
A
 70
     0
280
     0
  0
SEQEND
  5
3A6
330
3A4
100
AcDbEntity
  8
AXIS
  0
LINE
  5
3A7
330
2
100
AcDbEntity
  8
AXIS
100
AcDbLine
 10
54298.18
 20
20587.53
 30
0.0
 11
54298.18
 21
16587.53
 31
0.0
  0
INSERT
  5
3A8
330
2
100
AcDbEntity
  8
AXIS
100
AcDbBlockReference
 66
     1
  2
_AXISO
 10
54298.18
 20
16187.53
 30
0.0
 41
800.0
 42
800.0
 43
800.0
  0
ATTRIB
  5
3A9
330
3A8
100
AcDbEntity
  8
AXIS_TEXT
100
AcDbText
 10
54132.88
 20
15961.53
 30
0.0
 40
452.0
  1
3
 41
1.1
  7
_TCH_AXIS
 72
     5
 11
54463.48
 21
15961.53
 31
0.0
100
AcDbAttribute
280
     0
  2
A
 70
     0
280
     0
  0
SEQEND
  5
3AA
330
3A8
100
AcDbEntity
  8
AXIS
  0
LINE
  5
3AB
330
2
100
AcDbEntity
  8
AXIS
100
AcDbLine
 10
54298.18
 20
33587.53
 30
0.0
 11
54298.18
 21
37587.53
 31
0.0
  0
INSERT
  5
3AC
330
2
100
AcDbEntity
  8
AXIS
100
AcDbBlockReference
 66
     1
  2
_AXISO
 10
54298.18
 20
37987.53
 30
0.0
 41
800.0
 42
800.0
 43
800.0
  0
ATTRIB
  5
3AD
330
3AC
100
AcDbEntity
  8
AXIS_TEXT
100
AcDbText
 10
54132.88
 20
37761.53
 30
0.0
 40
452.0
  1
3
 41
1.1
  7
_TCH_AXIS
 72
     5
 11
54463.48
 21
37761.53
 31
0.0
100
AcDbAttribute
280
     0
  2
A
 70
     0
280
     0
  0
SEQEND
  5
3AE
330
3AC
100
AcDbEntity
  8
AXIS
  0
LINE
  5
3AF
330
2
100
AcDbEntity
  8
AXIS
100
AcDbLine
 10
60298.18
 20
20587.53
 30
0.0
 11
60298.18
 21
16587.53
 31
0.0
  0
INSERT
  5
3B0
330
2
100
AcDbEntity
  8
AXIS
100
AcDbBlockReference
 66
     1
  2
_AXISO
 10
60298.18
 20
16187.53
 30
0.0
 41
800.0
 42
800.0
 43
800.0
  0
ATTRIB
  5
3B1
330
3B0
100
AcDbEntity
  8
AXIS_TEXT
100
AcDbText
 10
60131.64
 20
15962.44
 30
0.0
 40
450.18
  1
4
 41
0.97
  7
_TCH_AXIS
 72
     5
 11
60464.72
 21
15962.44
 31
0.0
100
AcDbAttribute
280
     0
  2
A
 70
     0
280
     0
  0
SEQEND
  5
3B2
330
3B0
100
AcDbEntity
  8
AXIS
  0
LINE
  5
3B3
330
2
100
AcDbEntity
  8
AXIS
100
AcDbLine
 10
60298.18
 20
33587.53
 30
0.0
 11
60298.18
 21
37587.53
 31
0.0
  0
INSERT
  5
3B4
330
2
100
AcDbEntity
  8
AXIS
100
AcDbBlockReference
 66
     1
  2
_AXISO
 10
60298.18
 20
37987.53
 30
0.0
 41
800.0
 42
800.0
 43
800.0
  0
ATTRIB
  5
3B5
330
3B4
100
AcDbEntity
  8
AXIS_TEXT
100
AcDbText
 10
60131.64
 20
37762.44
 30
0.0
 40
450.18
  1
4
 41
0.97
  7
_TCH_AXIS
 72
     5
 11
60464.72
 21
37762.44
 31
0.0
100
AcDbAttribute
280
     0
  2
A
 70
     0
280
     0
  0
SEQEND
  5
3B6
330
3B4
100
AcDbEntity
  8
AXIS
  0
LINE
  5
3B7
330
2
100
AcDbEntity
  8
AXIS
100
AcDbLine
 10
42298.18
 20
21587.53
 30
0.0
 11
38298.18
 21
21587.53
 31
0.0
  0
INSERT
  5
3B8
330
2
100
AcDbEntity
  8
AXIS
100
AcDbBlockReference
 66
     1
  2
_AXISO
 10
37898.18
 20
21587.53
 30
0.0
 41
800.0
 42
800.0
 43
800.0
  0
ATTRIB
  5
3B9
330
3B8
100
AcDbEntity
  8
AXIS_TEXT
100
AcDbText
 10
37732.88
 20
21361.53
 30
0.0
 40
452.0
  1
A
 41
0.85
  7
_TCH_AXIS
 72
     5
 11
38063.48
 21
21361.53
 31
0.0
100
AcDbAttribute
280
     0
  2
A
 70
     0
280
     0
  0
SEQEND
  5
3BA
330
3B8
100
AcDbEntity
  8
AXIS
  0
LINE
  5
3BB
330
2
100
AcDbEntity
  8
AXIS
100
AcDbLine
 10
61298.18
 20
21587.53
 30
0.0
 11
65298.18
 21
21587.53
 31
0.0
  0
INSERT
  5
3BC
330
2
100
AcDbEntity
  8
AXIS
100
AcDbBlockReference
 66
     1
  2
_AXISO
 10
65698.18
 20
21587.53
 30
0.0
 41
800.0
 42
800.0
 43
800.0
  0
ATTRIB
  5
3BD
330
3BC
100
AcDbEntity
  8
AXIS_TEXT
100
AcDbText
 10
65532.88
 20
21361.53
 30
0.0
 40
452.0
  1
A
 41
0.85
  7
_TCH_AXIS
 72
     5
 11
65863.48
 21
21361.53
 31
0.0
100
AcDbAttribute
280
     0
  2
A
 70
     0
280
     0
  0
SEQEND
  5
3BE
330
3BC
100
AcDbEntity
  8
AXIS
  0
LINE
  5
3BF
330
2
100
AcDbEntity
  8
AXIS
100
AcDbLine
 10
42298.18
 20
24587.53
 30
0.0
 11
38298.18
 21
24587.53
 31
0.0
  0
INSERT
  5
3C0
330
2
100
AcDbEntity
  8
AXIS
100
AcDbBlockReference
 66
     1
  2
_AXISO
 10
37898.18
 20
24587.53
 30
0.0
 41
800.0
 42
800.0
 43
800.0
  0
ATTRIB
  5
3C1
330
3C0
100
AcDbEntity
  8
AXIS_TEXT
100
AcDbText
 10
37730.39
 20
24363.37
 30
0.0
 40
448.31
  1
B
 41
0.92
  7
_TCH_AXIS
 72
     5
 11
38065.97
 21
24363.37
 31
0.0
100
AcDbAttribute
280
     0
  2
A
 70
     0
280
     0
  0
SEQEND
  5
3C2
330
3C0
100
AcDbEntity
  8
AXIS
  0
LINE
  5
3C3
330
2
100
AcDbEntity
  8
AXIS
100
AcDbLine
 10
61298.18
 20
24587.53
 30
0.0
 11
65298.18
 21
24587.53
 31
0.0
  0
INSERT
  5
3C4
330
2
100
AcDbEntity
  8
AXIS
100
AcDbBlockReference
 66
     1
  2
_AXISO
 10
65698.18
 20
24587.53
 30
0.0
 41
800.0
 42
800.0
 43
800.0
  0
ATTRIB
  5
3C5
330
3C4
100
AcDbEntity
  8
AXIS_TEXT
100
AcDbText
 10
65530.39
 20
24363.37
 30
0.0
 40
448.31
  1
B
 41
0.92
  7
_TCH_AXIS
 72
     5
 11
65865.97
 21
24363.37
 31
0.0
100
AcDbAttribute
280
     0
  2
A
 70
     0
280
     0
  0
SEQEND
  5
3C6
330
3C4
100
AcDbEntity
  8
AXIS
  0
LINE
  5
3C7
330
2
100
AcDbEntity
  8
AXIS
100
AcDbLine
 10
42298.18
 20
29587.53
 30
0.0
 11
38298.18
 21
29587.53
 31
0.0
  0
INSERT
  5
3C8
330
2
100
AcDbEntity
  8
AXIS
100
AcDbBlockReference
 66
     1
  2
_AXISO
 10
37898.18
 20
29587.53
 30
0.0
 41
800.0
 42
800.0
 43
800.0
  0
ATTRIB
  5
3C9
330
3C8
100
AcDbEntity
  8
AXIS_TEXT
100
AcDbText
 10
37732.88
 20
29361.53
 30
0.0
 40
452.0
  1
C
 41
1.02
  7
_TCH_AXIS
 72
     5
 11
38063.48
 21
29361.53
 31
0.0
100
AcDbAttribute
280
     0
  2
A
 70
     0
280
     0
  0
SEQEND
  5
3CA
330
3C8
100
AcDbEntity
  8
AXIS
  0
LINE
  5
3CB
330
2
100
AcDbEntity
  8
AXIS
100
AcDbLine
 10
61298.18
 20
29587.53
 30
0.0
 11
65298.18
 21
29587.53
 31
0.0
  0
INSERT
  5
3CC
330
2
100
AcDbEntity
  8
AXIS
100
AcDbBlockReference
 66
     1
  2
_AXISO
 10
65698.18
 20
29587.53
 30
0.0
 41
800.0
 42
800.0
 43
800.0
  0
ATTRIB
  5
3CD
330
3CC
100
AcDbEntity
  8
AXIS_TEXT
100
AcDbText
 10
65532.88
 20
29361.53
 30
0.0
 40
452.0
  1
C
 41
1.02
  7
_TCH_AXIS
 72
     5
 11
65863.48
 21
29361.53
 31
0.0
100
AcDbAttribute
280
     0
  2
A
 70
     0
280
     0
  0
SEQEND
  5
3CE
330
3CC
100
AcDbEntity
  8
AXIS
  0
LINE
  5
3CF
330
2
100
AcDbEntity
  8
AXIS
100
AcDbLine
 10
42298.18
 20
32587.53
 30
0.0
 11
38298.18
 21
32587.53
 31
0.0
  0
INSERT
  5
3D0
330
2
100
AcDbEntity
  8
AXIS
100
AcDbBlockReference
 66
     1
  2
_AXISO
 10
37898.18
 20
32587.53
 30
0.0
 41
800.0
 42
800.0
 43
800.0
  0
ATTRIB
  5
3D1
330
3D0
100
AcDbEntity
  8
AXIS_TEXT
100
AcDbText
 10
37730.39
 20
32363.37
 30
0.0
 40
448.31
  1
D
 41
0.92
  7
_TCH_AXIS
 72
     5
 11
38065.97
 21
32363.37
 31
0.0
100
AcDbAttribute
280
     0
  2
A
 70
     0
280
     0
  0
SEQEND
  5
3D2
330
3D0
100
AcDbEntity
  8
AXIS
  0
LINE
  5
3D3
330
2
100
AcDbEntity
  8
AXIS
100
AcDbLine
 10
61298.18
 20
32587.53
 30
0.0
 11
65298.18
 21
32587.53
 31
0.0
  0
INSERT
  5
3D4
330
2
100
AcDbEntity
  8
AXIS
100
AcDbBlockReference
 66
     1
  2
_AXISO
 10
65698.18
 20
32587.53
 30
0.0
 41
800.0
 42
800.0
 43
800.0
  0
ATTRIB
  5
3D5
330
3D4
100
AcDbEntity
  8
AXIS_TEXT
100
AcDbText
 10
65530.39
 20
32363.37
 30
0.0
 40
448.31
  1
D
 41
0.92
  7
_TCH_AXIS
 72
     5
 11
65865.97
 21
32363.37
 31
0.0
100
AcDbAttribute
280
     0
  2
A
 70
     0
280
     0
  0
SEQEND
  5
3D6
330
3D4
100
AcDbEntity
  8
AXIS
  0
INSERT
  5
3D7
330
2
100
AcDbEntity
  8
WINDOW
100
AcDbBlockReference
 66
     1
  2
$TCHSYS$WIN2D
 10
45548.18
 20
21587.53
 30
0.0
 41
1800.0
 42
200.0
 43
1800.0
1001
WTHICK
1040
200.0
  0
ATTRIB
  5
3D8
330
3D7
100
AcDbEntity
  8
WINDOW_TEXT
100
AcDbText
 10
45353.18
 20
21063.78
 30
0.0
 40
297.5
  1

 41
0.71
  7
_TCH_WINDOW
100
AcDbAttribute
280
     0
  2
A
 70
     0
280
     0
  0
SEQEND
  5
3D9
330
3D7
100
AcDbEntity
  8
WINDOW
  0
INSERT
  5
3DA
330
2
100
AcDbEntity
  8
WINDOW
100
AcDbBlockReference
 66
     1
  2
$TCHSYS$WIN2D
 10
47298.18
 20
29587.53
 30
0.0
 41
1800.0
 42
200.0
 43
1800.0
1001
WTHICK
1040
200.0
  0
ATTRIB
  5
3DB
330
3DA
100
AcDbEntity
  8
WINDOW_TEXT
100
AcDbText
 10
47103.18
 20
29063.78
 30
0.0
 40
297.5
  1

 41
0.71
  7
_TCH_WINDOW
100
AcDbAttribute
280
     0
  2
A
 70
     0
280
     0
  0
SEQEND
  5
3DC
330
3DA
100
AcDbEntity
  8
WINDOW
  0
INSERT
  5
3DD
330
2
100
AcDbEntity
  8
WINDOW
100
AcDbBlockReference
 66
     1
  2
$TCHSYS$WIN2D
 10
58048.18
 20
24587.53
 30
0.0
 41
1800.0
 42
200.0
 43
1800.0
 50
180.0
1001
WTHICK
1040
200.0
  0
ATTRIB
  5
3DE
330
3DD
100
AcDbEntity
  8
WINDOW_TEXT
100
AcDbText
 10
57853.18
 20
24813.78
 30
0.0
 40
297.5
  1

 41
0.71
  7
_TCH_WINDOW
100
AcDbAttribute
280
     0
  2
A
 70
     0
280
     0
  0
SEQEND
  5
3DF
330
3DD
100
AcDbEntity
  8
WINDOW
  0
INSERT
  5
3E0
330
2
100
AcDbEntity
  8
WINDOW
100
AcDbBlockReference
 66
     1
  2
$TCHSYS$WIN2D
 10
56248.18
 20
32587.53
 30
0.0
 41
1800.0
 42
-200.0
 43
1800.0
 50
180.0
1001
WTHICK
1040
200.0
  0
ATTRIB
  5
3E1
330
3E0
100
AcDbEntity
  8
WINDOW_TEXT
100
AcDbText
 10
56053.18
 20
32063.78
 30
0.0
 40
297.5
  1

 41
0.71
  7
_TCH_WINDOW
100
AcDbAttribute
280
     0
  2
A
 70
     0
280
     0
  0
SEQEND
  5
3E2
330
3E0
100
AcDbEntity
  8
WINDOW
  0
INSERT
  5
3E3
330
2
100
AcDbEntity
  8
WINDOW
100
AcDbBlockReference
 66
     1
  2
$TCHSYS$WIN2D
 10
51048.18
 20
29587.53
 30
0.0
 41
1800.0
 42
-200.0
 43
1800.0
 50
180.0
1001
WTHICK
1040
200.0
  0
ATTRIB
  5
3E4
330
3E3
100
AcDbEntity
  8
WINDOW_TEXT
100
AcDbText
 10
50853.18
 20
29063.78
 30
0.0
 40
297.5
  1

 41
0.71
  7
_TCH_WINDOW
100
AcDbAttribute
280
     0
  2
A
 70
     0
280
     0
  0
SEQEND
  5
3E5
330
3E3
100
AcDbEntity
  8
WINDOW
  0
INSERT
  5
3E6
330
2
100
AcDbEntity
  8
WINDOW
100
AcDbBlockReference
 66
     1
  2
$TCHSYS$WIN2D
 10
43298.18
 20
25587.53
 30
0.0
 41
900.0
 42
200.0
 43
900.0
 50
270.0
1001
WTHICK
1040
200.0
  0
ATTRIB
  5
3E7
330
3E6
100
AcDbEntity
  8
WINDOW_TEXT
100
AcDbText
 10
43071.93
 20
25392.53
 30
0.0
 40
297.5
  1

 50
90.0
 41
0.71
  7
_TCH_WINDOW
100
AcDbAttribute
280
     0
  2
A
 70
     0
280
     0
  0
SEQEND
  5
3E8
330
3E6
100
AcDbEntity
  8
WINDOW
  0
INSERT
  5
3E9
330
2
100
AcDbEntity
  8
WINDOW
100
AcDbBlockReference
 66
     1
  2
$TCHSYS$WIN2D
 10
44248.18
 20
29587.53
 30
0.0
 41
900.0
 42
200.0
 43
900.0
1001
WTHICK
1040
200.0
  0
ATTRIB
  5
3EA
330
3E9
100
AcDbEntity
  8
WINDOW_TEXT
100
AcDbText
 10
44053.18
 20
29063.78
 30
0.0
 40
297.5
  1

 41
0.71
  7
_TCH_WINDOW
100
AcDbAttribute
280
     0
  2
A
 70
     0
280
     0
  0
SEQEND
  5
3EB
330
3E9
100
AcDbEntity
  8
WINDOW
  0
INSERT
  5
3EC
330
2
100
AcDbEntity
  8
WINDOW
100
AcDbBlockReference
 66
     1
  2
$TCHSYS$WIN2D
 10
59298.18
 20
32587.53
 30
0.0
 41
900.0
 42
-200.0
 43
900.0
 50
180.0
1001
WTHICK
1040
200.0
  0
ATTRIB
  5
3ED
330
3EC
100
AcDbEntity
  8
WINDOW_TEXT
100
AcDbText
 10
59103.18
 20
32063.78
 30
0.0
 40
297.5
  1

 41
0.71
  7
_TCH_WINDOW
100
AcDbAttribute
280
     0
  2
A
 70
     0
280
     0
  0
SEQEND
  5
3EE
330
3EC
100
AcDbEntity
  8
WINDOW
  0
INSERT
  5
3EF
330
2
100
AcDbEntity
  8
WINDOW
100
AcDbBlockReference
 66
     1
  2
$TCHSYS$WIN2D
 10
60298.18
 20
28587.53
 30
0.0
 41
900.0
 42
200.0
 43
900.0
 50
270.0
1001
WTHICK
1040
200.0
  0
ATTRIB
  5
3F0
330
3EF
100
AcDbEntity
  8
WINDOW_TEXT
100
AcDbText
 10
60071.93
 20
28392.53
 30
0.0
 40
297.5
  1

 50
90.0
 41
0.71
  7
_TCH_WINDOW
100
AcDbAttribute
280
     0
  2
A
 70
     0
280
     0
  0
SEQEND
  5
3F1
330
3EF
100
AcDbEntity
  8
WINDOW
  0
INSERT
  5
3F2
330
2
100
AcDbEntity
  8
WINDOW
100
AcDbBlockReference
 66
     1
  2
$DorLib2D$00000001
 10
57098.18
 20
28187.53
 30
0.0
 41
800.0
 42
800.0
 43
800.0
 50
270.0
1001
WTHICK
1040
200.0
  0
ATTRIB
  5
3F3
330
3F2
100
AcDbEntity
  8
WINDOW_TEXT
100
AcDbText
 10
56471.93
 20
27992.53
 30
0.0
 40
297.5
  1

 50
90.0
 41
0.71
  7
_TCH_WINDOW
100
AcDbAttribute
280
     0
  2
A
 70
     0
280
     0
  0
SEQEND
  5
3F4
330
3F2
100
AcDbEntity
  8
WINDOW
  0
INSERT
  5
3F5
330
2
100
AcDbEntity
  8
WINDOW
100
AcDbBlockReference
 66
     1
  2
$TCHSYS$WIN2D
 10
50548.18
 20
21587.53
 30
0.0
 41
-1800.0
 42
200.0
 43
-1800.0
1001
WTHICK
1040
200.0
  0
ATTRIB
  5
3F6
330
3F5
100
AcDbEntity
  8
WINDOW_TEXT
100
AcDbText
 10
50353.18
 20
21063.78
 30
0.0
 40
297.5
  1

 41
0.71
  7
_TCH_WINDOW
100
AcDbAttribute
280
     0
  2
A
 70
     0
280
     0
  0
SEQEND
  5
3F7
330
3F5
100
AcDbEntity
  8
WINDOW
  0
INSERT
  5
3F8
330
2
100
AcDbEntity
  8
WINDOW
100
AcDbBlockReference
 66
     1
  2
$TCHSYS$WIN2D
 10
53048.18
 20
21587.53
 30
0.0
 41
1800.0
 42
200.0
 43
1800.0
1001
WTHICK
1040
200.0
  0
ATTRIB
  5
3F9
330
3F8
100
AcDbEntity
  8
WINDOW_TEXT
100
AcDbText
 10
52853.18
 20
21063.78
 30
0.0
 40
297.5
  1

 41
0.71
  7
_TCH_WINDOW
100
AcDbAttribute
280
     0
  2
A
 70
     0
280
     0
  0
SEQEND
  5
3FA
330
3F8
100
AcDbEntity
  8
WINDOW
  0
INSERT
  5
3FB
330
2
100
AcDbEntity
  8
WINDOW
100
AcDbBlockReference
 66
     1
  2
$DorLib2D$00000131
 10
51048.18
 20
26587.53
 30
0.0
 41
1600.0
 42
-200.0
 43
1600.0
 50
180.0
1001
WTHICK
1040
200.0
  0
ATTRIB
  5
3FC
330
3FB
100
AcDbEntity
  8
WINDOW_TEXT
100
AcDbText
 10
50853.18
 20
26063.78
 30
0.0
 40
297.5
  1

 41
0.71
  7
_TCH_WINDOW
100
AcDbAttribute
280
     0
  2
A
 70
     0
280
     0
  0
SEQEND
  5
3FD
330
3FB
100
AcDbEntity
  8
WINDOW
  0
ENDSEC
  0
SECTION
  2
OBJECTS
  0
DICTIONARY
  5
9
330
0
100
AcDbDictionary
281
     1
  3
ACAD_CIP_PREVIOUS_PRODUCT_INFO
350
441
  3
ACAD_COLOR
350
255
  3
ACAD_DETAILVIEWSTYLE
350
439
  3
ACAD_GROUP
350
242
  3
ACAD_LAYOUT
350
222
  3
ACAD_MATERIAL
350
B
  3
ACAD_MLEADERSTYLE
350
258
  3
ACAD_MLINESTYLE
350
243
  3
ACAD_PLOTSETTINGS
350
244
  3
ACAD_PLOTSTYLENAME
350
8
  3
ACAD_SCALELIST
350
256
  3
ACAD_SECTIONVIEWSTYLE
350
437
  3
ACAD_TABLESTYLE
350
257
  3
ACAD_VISUALSTYLE
350
23C
  3
ACDB_RECOMPOSE_DATA
350
44B
  3
AcDbVariableDictionary
350
259
  3
TCH_DBCONFIG
350
442
  0
DICTIONARY
  5
22C
330
22B
100
AcDbDictionary
280
     1
281
     1
  3
ACAD_LAYERFILTERS
360
22D
  3
ACAD_LAYERSTATES
360
22E
  3
ACLYDICTIONARY
360
22F
  0
DICTIONARY
  5
3
330
2
100
AcDbDictionary
280
     1
281
     1
  3
ACAD_SORTENTS
360
280
  0
DICTIONARY
  5
20
330
1F
100
AcDbDictionary
280
     1
281
     1
  3
ACAD_SORTENTS
360
276
  0
DICTIONARY
  5
6E
330
6D
100
AcDbDictionary
280
     1
281
     1
  0
XRECORD
  5
441
102
{ACAD_REACTORS
330
9
102
}
330
9
100
AcDbXrecord
280
     1
300
ACD
300
2021
300

  0
DICTIONARY
  5
255
102
{ACAD_REACTORS
330
9
102
}
330
9
100
AcDbDictionary
281
     1
  0
DICTIONARY
  5
439
102
{ACAD_REACTORS
330
9
102
}
330
9
100
AcDbDictionary
281
     1
  3
Metric50
350
43A
  0
DICTIONARY
  5
242
102
{ACAD_REACTORS
330
9
102
}
330
9
100
AcDbDictionary
281
     1
  0
DICTIONARY
  5
222
102
{ACAD_REACTORS
330
9
102
}
330
9
100
AcDbDictionary
281
     1
  3
Model
350
221
  3
布局1
350
226
  3
布局2
350
22A
  0
DICTIONARY
  5
B
102
{ACAD_REACTORS
330
9
102
}
330
9
100
AcDbDictionary
281
     1
  3
ByBlock
350
24D
  3
ByLayer
350
245
  3
Global
350
A
  0
DICTIONARY
  5
258
102
{ACAD_REACTORS
330
9
102
}
330
9
100
AcDbDictionary
281
     1
  3
Standard
350
436
  0
DICTIONARY
  5
243
102
{ACAD_REACTORS
330
9
102
}
330
9
100
AcDbDictionary
281
     1
  3
Standard
350
261
  0
DICTIONARY
  5
244
102
{ACAD_REACTORS
330
9
102
}
330
9
100
AcDbDictionary
281
     1
  0
ACDBDICTIONARYWDFLT
  5
8
102
{ACAD_REACTORS
330
9
102
}
330
9
100
AcDbDictionary
281
     1
  3
Normal
350
7
100
AcDbDictionaryWithDefault
340
7
  0
DICTIONARY
  5
256
102
{ACAD_REACTORS
330
9
102
}
330
9
100
AcDbDictionary
281
     1
  3
A0
350
265
  3
A1
350
266
  3
A2
350
267
  3
A3
350
268
  3
A4
350
269
  3
A5
350
26A
  3
A6
350
26B
  3
A7
350
26C
  3
A8
350
26D
  3
A9
350
26E
  3
B0
350
26F
  3
B1
350
270
  3
B2
350
271
  3
B3
350
272
  3
B4
350
273
  3
B5
350
274
  3
B6
350
275
  0
DICTIONARY
  5
437
102
{ACAD_REACTORS
330
9
102
}
330
9
100
AcDbDictionary
281
     1
  3
Metric50
350
438
  0
DICTIONARY
  5
257
102
{ACAD_REACTORS
330
9
102
}
330
9
100
AcDbDictionary
281
     1
  3
Standard
350
262
  0
DICTIONARY
  5
23C
102
{ACAD_REACTORS
330
9
102
}
330
9
100
AcDbDictionary
281
     1
  3
2dWireframe
350
23B
  3
Basic
350
425
  3
Brighten
350
429
  3
ColorChange
350
42D
  3
Conceptual
350
427
  3
Dim
350
428
  3
EdgeColorOff
350
435
  3
Facepattern
350
42C
  3
Flat
350
421
  3
FlatWithEdges
350
422
  3
Gouraud
350
423
  3
GouraudWithEdges
350
424
  3
Hidden
350
426
  3
JitterOff
350
433
  3
Linepattern
350
42B
  3
OverhangOff
350
434
  3
Realistic
350
263
  3
Shaded
350
432
  3
Shaded with edges
350
431
  3
Shades of Gray
350
42E
  3
Sketchy
350
42F
  3
Thicken
350
42A
  3
Wireframe
350
264
  3
X-Ray
350
430
  0
XRECORD
  5
44B
102
{ACAD_REACTORS
330
9
102
}
330
9
100
AcDbXrecord
280
     1
 90
        1
330
262
  0
DICTIONARY
  5
259
102
{ACAD_REACTORS
330
9
102
}
330
9
100
AcDbDictionary
281
     1
  3
CANNOSCALE
350
25A
  3
CENTEREXE
350
25B
  3
CENTERLTYPEFILE
350
25C
  3
CMLEADERSTYLE
350
25D
  3
CTABLESTYLE
350
25E
  3
CVIEWDETAILSTYLE
350
25F
  3
CVIEWSECTIONSTYLE
350
260
  3
LAYEREVAL
350
41D
  3
LAYERNOTIFY
350
41E
  3
LIGHTINGUNITS
350
41C
  3
MSLTSCALE
350
41B
  0
TCH_DBCONFIG
  5
442
102
{ACAD_REACTORS
330
9
102
}
330
9
100
TDbConfig
  0
DICTIONARY
  5
22D
102
{ACAD_REACTORS
330
22C
102
}
330
22C
100
AcDbDictionary
281
     1
  0
DICTIONARY
  5
22E
102
{ACAD_REACTORS
330
22C
102
}
330
22C
100
AcDbDictionary
281
     1
  0
DICTIONARY
  5
22F
102
{ACAD_REACTORS
330
22C
102
}
330
22C
100
AcDbDictionary
281
     1
1001
ACAD
1000
<All
  0
SORTENTSTABLE
  5
280
102
{ACAD_REACTORS
330
3
102
}
330
3
100
AcDbSortentsTable
330
2
  0
SORTENTSTABLE
  5
276
102
{ACAD_REACTORS
330
20
102
}
330
20
100
AcDbSortentsTable
330
1F
  0
ACDBDETAILVIEWSTYLE
  5
43A
102
{ACAD_REACTORS
330
439
102
}
330
439
100
AcDbModelDocViewStyle
 70
     0
  3
Metric50
290
     1
300
Metric50
 90
        0
100
AcDbDetailViewStyle
 70
     0
 71
     0
 90
        3
 71
     1
340
232
 62
   256
 40
5.0
340
0
 62
   256
 40
5.0
300

 40
0.0
280
     1
 71
     2
340
13
 90
       25
 62
   256
 71
     3
340
232
 62
   256
 40
5.0
 90
        0
 40
15.0
 90
        1
300
%<\AcVar ViewDetailId>% (%<\AcVar ViewScale \f "%sn">%)
 71
     4
340
13
 90
       25
 62
   256
340
13
 90
       25
 62
   256
280
     0
  0
LAYOUT
  5
221
102
{ACAD_XDICTIONARY
360
40F
102
}
102
{ACAD_REACTORS
330
222
102
}
330
222
100
AcDbPlotSettings
  1

  2
Microsoft Print to PDF
  4

  6

 40
0.0
 41
0.0
 42
0.0
 43
0.0
 44
0.0
 45
0.0
 46
0.0
 47
0.0
 48
0.0
 49
0.0
140
0.0
141
0.0
142
1.0
143
1.0
 70
  1712
 72
     0
 73
     0
 74
     0
  7
TArch20V8.ctb
 75
     0
147
1.0
 76
     0
 77
     2
 78
   300
148
0.0
149
0.0
100
AcDbLayout
  1
Model
 70
     1
 71
     0
 10
0.0
 20
0.0
 11
12.0
 21
9.0
 12
0.0
 22
0.0
 32
0.0
 14
0.0
 24
0.0
 34
0.0
 15
0.0
 25
0.0
 35
0.0
146
0.0
 13
0.0
 23
0.0
 33
0.0
 16
1.0
 26
0.0
 36
0.0
 17
0.0
 27
1.0
 37
0.0
 76
     0
330
2
331
23A
  0
LAYOUT
  5
226
102
{ACAD_REACTORS
330
222
102
}
330
222
100
AcDbPlotSettings
  1

  2
Microsoft Print to PDF
  4

  6

 40
0.0
 41
0.0
 42
0.0
 43
0.0
 44
0.0
 45
0.0
 46
0.0
 47
0.0
 48
0.0
 49
0.0
140
0.0
141
0.0
142
1.0
143
1.0
 70
   688
 72
     0
 73
     0
 74
     5
  7
TArch20V8.ctb
 75
    16
147
1.0
 76
     0
 77
     2
 78
   300
148
0.0
149
0.0
100
AcDbLayout
  1
布局1
 70
     1
 71
     1
 10
0.0
 20
0.0
 11
420.0
 21
297.0
 12
0.0
 22
0.0
 32
0.0
 14
1.00E+20
 24
1.00E+20
 34
1.00E+20
 15
-1.00E+20
 25
-1.00E+20
 35
-1.00E+20
146
0.0
 13
0.0
 23
0.0
 33
0.0
 16
1.0
 26
0.0
 36
0.0
 17
0.0
 27
1.0
 37
0.0
 76
     0
330
223
  0
LAYOUT
  5
22A
102
{ACAD_REACTORS
330
222
102
}
330
222
100
AcDbPlotSettings
  1

  2
Microsoft Print to PDF
  4

  6

 40
0.0
 41
0.0
 42
0.0
 43
0.0
 44
0.0
 45
0.0
 46
0.0
 47
0.0
 48
0.0
 49
0.0
140
0.0
141
0.0
142
1.0
143
1.0
 70
   688
 72
     0
 73
     0
 74
     5
  7
TArch20V8.ctb
 75
    16
147
1.0
 76
     0
 77
     2
 78
   300
148
0.0
149
0.0
100
AcDbLayout
  1
布局2
 70
     1
 71
     2
 10
0.0
 20
0.0
 11
12.0
 21
9.0
 12
0.0
 22
0.0
 32
0.0
 14
0.0
 24
0.0
 34
0.0
 15
0.0
 25
0.0
 35
0.0
146
0.0
 13
0.0
 23
0.0
 33
0.0
 16
1.0
 26
0.0
 36
0.0
 17
0.0
 27
1.0
 37
0.0
 76
     0
330
227
  0
MATERIAL
  5
24D
102
{ACAD_XDICTIONARY
360
24E
102
}
102
{ACAD_REACTORS
330
B
102
}
330
B
100
AcDbMaterial
  1
ByBlock
 72
     0
 43
0.02
 43
0.0
 43
0.0
 43
0.0
 43
0.0
 43
0.02
 43
0.0
 43
0.0
 43
0.0
 43
0.0
 43
1.0
 43
0.0
 43
0.0
 43
0.0
 43
0.0
 43
1.0
 77
     0
 47
0.02
 47
0.0
 47
0.0
 47
0.0
 47
0.0
 47
0.02
 47
0.0
 47
0.0
 47
0.0
 47
0.0
 47
1.0
 47
0.0
 47
0.0
 47
0.0
 47
0.0
 47
1.0
171
     0
 49
0.02
 49
0.0
 49
0.0
 49
0.0
 49
0.0
 49
0.02
 49
0.0
 49
0.0
 49
0.0
 49
0.0
 49
1.0
 49
0.0
 49
0.0
 49
0.0
 49
0.0
 49
1.0
175
     0
142
0.02
142
0.0
142
0.0
142
0.0
142
0.0
142
0.02
142
0.0
142
0.0
142
0.0
142
0.0
142
1.0
142
0.0
142
0.0
142
0.0
142
0.0
142
1.0
179
     0
144
0.02
144
0.0
144
0.0
144
0.0
144
0.0
144
0.02
144
0.0
144
0.0
144
0.0
144
0.0
144
1.0
144
0.0
144
0.0
144
0.0
144
0.0
144
1.0
147
0.02
147
0.0
147
0.0
147
0.0
147
0.0
147
0.02
147
0.0
147
0.0
147
0.0
147
0.0
147
1.0
147
0.0
147
0.0
147
0.0
147
0.0
147
1.0
  0
MATERIAL
  5
245
102
{ACAD_XDICTIONARY
360
246
102
}
102
{ACAD_REACTORS
330
B
102
}
330
B
100
AcDbMaterial
  1
ByLayer
 72
     0
 43
0.02
 43
0.0
 43
0.0
 43
0.0
 43
0.0
 43
0.02
 43
0.0
 43
0.0
 43
0.0
 43
0.0
 43
1.0
 43
0.0
 43
0.0
 43
0.0
 43
0.0
 43
1.0
 77
     0
 47
0.02
 47
0.0
 47
0.0
 47
0.0
 47
0.0
 47
0.02
 47
0.0
 47
0.0
 47
0.0
 47
0.0
 47
1.0
 47
0.0
 47
0.0
 47
0.0
 47
0.0
 47
1.0
171
     0
 49
0.02
 49
0.0
 49
0.0
 49
0.0
 49
0.0
 49
0.02
 49
0.0
 49
0.0
 49
0.0
 49
0.0
 49
1.0
 49
0.0
 49
0.0
 49
0.0
 49
0.0
 49
1.0
175
     0
142
0.02
142
0.0
142
0.0
142
0.0
142
0.0
142
0.02
142
0.0
142
0.0
142
0.0
142
0.0
142
1.0
142
0.0
142
0.0
142
0.0
142
0.0
142
1.0
179
     0
144
0.02
144
0.0
144
0.0
144
0.0
144
0.0
144
0.02
144
0.0
144
0.0
144
0.0
144
0.0
144
1.0
144
0.0
144
0.0
144
0.0
144
0.0
144
1.0
147
0.02
147
0.0
147
0.0
147
0.0
147
0.0
147
0.02
147
0.0
147
0.0
147
0.0
147
0.0
147
1.0
147
0.0
147
0.0
147
0.0
147
0.0
147
1.0
  0
MATERIAL
  5
A
102
{ACAD_XDICTIONARY
360
C
102
}
102
{ACAD_REACTORS
330
B
102
}
330
B
100
AcDbMaterial
  1
Global
 72
     0
 43
0.02
 43
0.0
 43
0.0
 43
0.0
 43
0.0
 43
0.02
 43
0.0
 43
0.0
 43
0.0
 43
0.0
 43
1.0
 43
0.0
 43
0.0
 43
0.0
 43
0.0
 43
1.0
 77
     0
 47
0.02
 47
0.0
 47
0.0
 47
0.0
 47
0.0
 47
0.02
 47
0.0
 47
0.0
 47
0.0
 47
0.0
 47
1.0
 47
0.0
 47
0.0
 47
0.0
 47
0.0
 47
1.0
171
     0
 49
0.02
 49
0.0
 49
0.0
 49
0.0
 49
0.0
 49
0.02
 49
0.0
 49
0.0
 49
0.0
 49
0.0
 49
1.0
 49
0.0
 49
0.0
 49
0.0
 49
0.0
 49
1.0
175
     0
142
0.02
142
0.0
142
0.0
142
0.0
142
0.0
142
0.02
142
0.0
142
0.0
142
0.0
142
0.0
142
1.0
142
0.0
142
0.0
142
0.0
142
0.0
142
1.0
179
     0
144
0.02
144
0.0
144
0.0
144
0.0
144
0.0
144
0.02
144
0.0
144
0.0
144
0.0
144
0.0
144
1.0
144
0.0
144
0.0
144
0.0
144
0.0
144
1.0
147
0.02
147
0.0
147
0.0
147
0.0
147
0.0
147
0.02
147
0.0
147
0.0
147
0.0
147
0.0
147
1.0
147
0.0
147
0.0
147
0.0
147
0.0
147
1.0
  0
MLEADERSTYLE
  5
436
102
{ACAD_REACTORS
330
258
102
}
330
258
100
AcDbMLeaderStyle
179
     2
170
     2
171
     1
172
     0
 90
        2
 40
0.0
 41
0.0
173
     1
 91
-1056964608
340
235
 92
       -2
290
     1
 42
2.0
291
     1
 43
0.36
  3
Standard
 44
4.0
300

342
232
174
     1
178
     6
175
     1
176
     0
 93
-1056964608
 45
4.0
292
     0
297
     0
 46
4.0
 94
-1056964608
 47
1.0
 49
1.0
140
1.0
293
     1
141
0.0
294
     1
177
     0
142
1.0
295
     1
296
     0
143
0.13
271
     0
272
     9
273
     9
298
     1
  0
MLINESTYLE
  5
261
102
{ACAD_REACTORS
330
243
102
}
330
243
100
AcDbMlineStyle
  2
STANDARD
 70
     0
  3

 62
   256
 51
90.0
 52
90.0
 71
     2
 49
0.5
 62
   256
  6
BYLAYER
 49
-0.5
 62
   256
  6
BYLAYER
  0
ACDBPLACEHOLDER
  5
7
102
{ACAD_REACTORS
330
8
102
}
330
8
  0
SCALE
  5
265
102
{ACAD_REACTORS
330
256
102
}
330
256
100
AcDbScale
 70
     0
300
1:1
140
1.0
141
1.0
290
     1
  0
SCALE
  5
266
102
{ACAD_REACTORS
330
256
102
}
330
256
100
AcDbScale
 70
     0
300
1:2
140
1.0
141
2.0
290
     0
  0
SCALE
  5
267
102
{ACAD_REACTORS
330
256
102
}
330
256
100
AcDbScale
 70
     0
300
1:4
140
1.0
141
4.0
290
     0
  0
SCALE
  5
268
102
{ACAD_REACTORS
330
256
102
}
330
256
100
AcDbScale
 70
     0
300
1:5
140
1.0
141
5.0
290
     0
  0
SCALE
  5
269
102
{ACAD_REACTORS
330
256
102
}
330
256
100
AcDbScale
 70
     0
300
1:8
140
1.0
141
8.0
290
     0
  0
SCALE
  5
26A
102
{ACAD_REACTORS
330
256
102
}
330
256
100
AcDbScale
 70
     0
300
1:10
140
1.0
141
10.0
290
     0
  0
SCALE
  5
26B
102
{ACAD_REACTORS
330
256
102
}
330
256
100
AcDbScale
 70
     0
300
1:16
140
1.0
141
16.0
290
     0
  0
SCALE
  5
26C
102
{ACAD_REACTORS
330
256
102
}
330
256
100
AcDbScale
 70
     0
300
1:20
140
1.0
141
20.0
290
     0
  0
SCALE
  5
26D
102
{ACAD_REACTORS
330
256
102
}
330
256
100
AcDbScale
 70
     0
300
1:30
140
1.0
141
30.0
290
     0
  0
SCALE
  5
26E
102
{ACAD_REACTORS
330
256
102
}
330
256
100
AcDbScale
 70
     0
300
1:40
140
1.0
141
40.0
290
     0
  0
SCALE
  5
26F
102
{ACAD_REACTORS
330
256
102
}
330
256
100
AcDbScale
 70
     0
300
1:50
140
1.0
141
50.0
290
     0
  0
SCALE
  5
270
102
{ACAD_REACTORS
330
256
102
}
330
256
100
AcDbScale
 70
     0
300
1:100
140
1.0
141
100.0
290
     0
  0
SCALE
  5
271
102
{ACAD_REACTORS
330
256
102
}
330
256
100
AcDbScale
 70
     0
300
2:1
140
2.0
141
1.0
290
     0
  0
SCALE
  5
272
102
{ACAD_REACTORS
330
256
102
}
330
256
100
AcDbScale
 70
     0
300
4:1
140
4.0
141
1.0
290
     0
  0
SCALE
  5
273
102
{ACAD_REACTORS
330
256
102
}
330
256
100
AcDbScale
 70
     0
300
8:1
140
8.0
141
1.0
290
     0
  0
SCALE
  5
274
102
{ACAD_REACTORS
330
256
102
}
330
256
100
AcDbScale
 70
     0
300
10:1
140
10.0
141
1.0
290
     0
  0
SCALE
  5
275
102
{ACAD_REACTORS
330
256
102
}
330
256
100
AcDbScale
 70
     0
300
100:1
140
100.0
141
1.0
290
     0
  0
ACDBSECTIONVIEWSTYLE
  5
438
102
{ACAD_REACTORS
330
437
102
}
330
437
100
AcDbModelDocViewStyle
 70
     0
  3
Metric50
290
     1
300
Metric50
 90
        0
100
AcDbSectionViewStyle
 70
     0
 71
     0
 90
      102
 71
     1
340
232
 62
   256
 40
5.0
340
0
340
0
 62
   256
 40
5.0
300
I, O, Q, S, X, Z
 40
10.0
 90
        0
 40
2.5
 90
        0
 71
     2
340
13
 90
       25
 62
   256
340
13
 90
       50
 62
   256
 40
5.0
 40
2.5
 40
5.0
 71
     3
340
232
 62
   256
 40
5.0
 90
        0
 40
15.0
 90
        1
300
%<\AcVar ViewSectionStartId>%-%<\AcVar ViewSectionEndId>% (%<\AcVar ViewScale \f "%sn">%)
 71
     4
 62
   256
 62
   257
300
ANSI31
 40
1.0
 90
        0
290
     0
290
     0
 90
        6
 40
0.0
 40
1.57
 40
0.26
 40
1.31
 40
-0.26
 40
1.83
  0
TABLESTYLE
  5
262
102
{ACAD_XDICTIONARY
360
400
102
}
102
{ACAD_REACTORS
330
257
102
}
330
257
100
AcDbTableStyle
280
     0
  3
Standard
 70
     0
 71
     0
 40
1.5
 41
1.5
280
     0
281
     0
  7
Standard
140
4.5
170
     2
 62
     0
 63
     7
283
     0
 90
      512
 91
        0
  1

274
    -2
284
     1
 64
     0
275
    -2
285
     1
 65
     0
276
    -2
286
     1
 66
     0
277
    -2
287
     1
 67
     0
278
    -2
288
     1
 68
     0
279
    -2
289
     1
 69
     0
  7
Standard
140
6.0
170
     5
 62
     0
 63
     7
283
     0
 90
      512
 91
        0
  1

274
    -2
284
     1
 64
     0
275
    -2
285
     1
 65
     0
276
    -2
286
     1
 66
     0
277
    -2
287
     1
 67
     0
278
    -2
288
     1
 68
     0
279
    -2
289
     1
 69
     0
  7
Standard
140
4.5
170
     5
 62
     0
 63
     7
283
     0
 90
      512
 91
        0
  1

274
    -2
284
     1
 64
     0
275
    -2
285
     1
 65
     0
276
    -2
286
     1
 66
     0
277
    -2
287
     1
 67
     0
278
    -2
288
     1
 68
     0
279
    -2
289
     1
 69
     0
  0
VISUALSTYLE
  5
23B
102
{ACAD_REACTORS
330
23C
102
}
330
23C
100
AcDbVisualStyle
  2
2dWireframe
 70
     4
177
     3
291
     0
 70
    58
 90
        0
176
     1
 90
        2
176
     1
 90
        0
176
     1
 90
        0
176
     1
 40
0.6
176
     1
 40
30.0
176
     1
 62
     7
420
 16777215
176
     1
 90
        1
176
     1
 90
        4
176
     1
 62
     7
176
     1
 62
   257
176
     1
 90
        1
176
     1
 90
        1
176
     1
 40
1.0
176
     1
 90
        0
176
     1
 62
   257
176
     1
 40
1.0
176
     1
 90
        1
176
     1
 90
        6
176
     1
 90
        2
176
     1
 62
     7
176
     1
 90
        5
176
     1
 90
        0
176
     1
 90
        0
176
     1
290
     0
176
     1
 90
        1
176
     1
 40
0.0
176
     1
 90
        0
176
     1
290
     1
176
     1
290
     1
176
     1
290
     0
176
     1
290
     0
176
     1
290
     0
176
     1
290
     0
176
     1
290
     0
176
     1
290
     0
176
     1
290
     0
176
     1
 90
       50
176
     1
 40
0.0
176
     1
 40
1.0
176
     1
 90
        0
176
     1
 62
    18
420
        0
176
     1
 90
       50
176
     1
 90
        3
176
     1
 62
     5
420
      255
176
     1
290
     0
176
     1
 90
       50
176
     1
 90
       50
176
     1
 90
       50
176
     1
290
     0
176
     1
 90
       50
176
     1
 62
   256
176
     0
 40
1.0
176
     0
 90
        2
176
     1
  1
strokes_ogs.tif
176
     1
290
     0
176
     1
 40
1.0
176
     1
 40
1.0
176
     1
  0
VISUALSTYLE
  5
425
102
{ACAD_REACTORS
330
23C
102
}
330
23C
100
AcDbVisualStyle
  2
Basic
 70
     7
177
     3
291
     1
 70
    58
 90
        1
176
     1
 90
        0
176
     1
 90
        1
176
     1
 90
        0
176
     1
 40
0.6
176
     1
 40
30.0
176
     1
 62
     7
420
 16777215
176
     1
 90
        0
176
     1
 90
        4
176
     1
 62
     7
176
     1
 62
   257
176
     1
 90
        1
176
     1
 90
        1
176
     1
 40
1.0
176
     1
 90
        8
176
     1
 62
     7
176
     1
 40
1.0
176
     1
 90
        1
176
     1
 90
        6
176
     1
 90
        2
176
     1
 62
     7
176
     1
 90
        5
176
     1
 90
        0
176
     1
 90
        0
176
     1
290
     0
176
     1
 90
        1
176
     1
 40
0.0
176
     1
 90
        0
176
     1
290
     0
176
     1
290
     1
176
     1
290
     1
176
     1
290
     0
176
     1
290
     0
176
     1
290
     0
176
     1
290
     0
176
     1
290
     0
176
     1
290
     0
176
     1
 90
       50
176
     1
 40
0.0
176
     1
 40
1.0
176
     1
 90
        0
176
     1
 62
    18
420
        0
176
     1
 90
       50
176
     1
 90
        3
176
     1
 62
     5
420
      255
176
     1
290
     0
176
     1
 90
       50
176
     1
 90
       50
176
     1
 90
       50
176
     1
290
     0
176
     1
 90
       50
176
     1
 62
   256
176
     0
 40
1.0
176
     0
 90
        2
176
     1
  1
strokes_ogs.tif
176
     1
290
     0
176
     1
 40
1.0
176
     1
 40
1.0
176
     1
  0
VISUALSTYLE
  5
429
102
{ACAD_REACTORS
330
23C
102
}
330
23C
100
AcDbVisualStyle
  2
Brighten
 70
    12
177
     3
291
     1
 70
    58
 90
        2
176
     1
 90
        2
176
     1
 90
        0
176
     1
 90
        0
176
     1
 40
0.6
176
     1
 40
30.0
176
     1
 62
     7
420
 16777215
176
     1
 90
        1
176
     1
 90
        4
176
     1
 62
     7
176
     1
 62
   257
176
     1
 90
        1
176
     1
 90
        1
176
     1
 40
1.0
176
     1
 90
        8
176
     1
 62
     7
176
     1
 40
1.0
176
     1
 90
        1
176
     1
 90
        6
176
     1
 90
        2
176
     1
 62
     7
176
     1
 90
        5
176
     1
 90
        0
176
     1
 90
        0
176
     1
290
     0
176
     1
 90
        1
176
     1
 40
50.0
176
     1
 90
        0
176
     1
290
     0
176
     1
290
     1
176
     1
290
     1
176
     1
290
     0
176
     1
290
     0
176
     1
290
     0
176
     1
290
     0
176
     1
290
     0
176
     1
290
     0
176
     1
 90
       50
176
     1
 40
0.0
176
     1
 40
1.0
176
     1
 90
        0
176
     1
 62
    18
420
        0
176
     1
 90
       50
176
     1
 90
        3
176
     1
 62
     5
420
      255
176
     1
290
     0
176
     1
 90
       50
176
     1
 90
       50
176
     1
 90
       50
176
     1
290
     0
176
     1
 90
       50
176
     1
 62
   256
176
     0
 40
1.0
176
     0
 90
        2
176
     1
  1
strokes_ogs.tif
176
     1
290
     0
176
     1
 40
1.0
176
     1
 40
1.0
176
     1
  0
VISUALSTYLE
  5
42D
102
{ACAD_REACTORS
330
23C
102
}
330
23C
100
AcDbVisualStyle
  2
ColorChange
 70
    16
177
     3
291
     1
 70
    58
 90
        2
176
     1
 90
        2
176
     1
 90
        3
176
     1
 90
        0
176
     1
 40
0.6
176
     1
 40
30.0
176
     1
 62
     8
420
  8421504
176
     1
 90
        1
176
     1
 90
        4
176
     1
 62
     7
176
     1
 62
   257
176
     1
 90
        1
176
     1
 90
        1
176
     1
 40
1.0
176
     1
 90
        8
176
     1
 62
     8
420
  8421504
176
     1
 40
1.0
176
     1
 90
        1
176
     1
 90
        6
176
     1
 90
        2
176
     1
 62
     7
176
     1
 90
        5
176
     1
 90
        0
176
     1
 90
        0
176
     1
290
     0
176
     1
 90
        1
176
     1
 40
0.0
176
     1
 90
        0
176
     1
290
     0
176
     1
290
     1
176
     1
290
     1
176
     1
290
     0
176
     1
290
     0
176
     1
290
     0
176
     1
290
     0
176
     1
290
     0
176
     1
290
     0
176
     1
 90
       50
176
     1
 40
0.0
176
     1
 40
1.0
176
     1
 90
        0
176
     1
 62
    18
420
        0
176
     1
 90
       50
176
     1
 90
        3
176
     1
 62
     5
420
      255
176
     1
290
     0
176
     1
 90
       50
176
     1
 90
       50
176
     1
 90
       50
176
     1
290
     0
176
     1
 90
       50
176
     1
 62
   256
176
     0
 40
1.0
176
     0
 90
        2
176
     1
  1
strokes_ogs.tif
176
     1
290
     0
176
     1
 40
1.0
176
     1
 40
1.0
176
     1
  0
VISUALSTYLE
  5
427
102
{ACAD_REACTORS
330
23C
102
}
330
23C
100
AcDbVisualStyle
  2
Conceptual
 70
     9
177
     3
291
     0
 70
    58
 90
        3
176
     1
 90
        2
176
     1
 90
        0
176
     1
 90
        0
176
     1
 40
0.6
176
     1
 40
30.0
176
     1
 62
     7
420
 16777215
176
     1
 90
        2
176
     1
 90
        2
176
     1
 62
     7
176
     1
 62
   257
176
     1
 90
        1
176
     1
 90
        1
176
     1
 40
179.0
176
     1
 90
        8
176
     1
 62
     7
176
     1
 40
1.0
176
     1
 90
        1
176
     1
 90
        6
176
     1
 90
        2
176
     1
 62
     7
176
     1
 90
        3
176
     1
 90
        0
176
     1
 90
        0
176
     1
290
     0
176
     1
 90
        1
176
     1
 40
0.0
176
     1
 90
        0
176
     1
290
     0
176
     1
290
     1
176
     1
290
     1
176
     1
290
     0
176
     1
290
     0
176
     1
290
     0
176
     1
290
     0
176
     1
290
     0
176
     1
290
     0
176
     1
 90
       50
176
     1
 40
0.0
176
     1
 40
1.0
176
     1
 90
        0
176
     1
 62
    18
420
        0
176
     1
 90
       50
176
     1
 90
        3
176
     1
 62
     5
420
      255
176
     1
290
     0
176
     1
 90
       50
176
     1
 90
       50
176
     1
 90
       50
176
     1
290
     0
176
     1
 90
       50
176
     1
 62
   256
176
     0
 40
1.0
176
     0
 90
        2
176
     1
  1
strokes_ogs.tif
176
     1
290
     0
176
     1
 40
1.0
176
     1
 40
1.0
176
     1
  0
VISUALSTYLE
  5
428
102
{ACAD_REACTORS
330
23C
102
}
330
23C
100
AcDbVisualStyle
  2
Dim
 70
    11
177
     3
291
     1
 70
    58
 90
        2
176
     1
 90
        2
176
     1
 90
        0
176
     1
 90
        0
176
     1
 40
0.6
176
     1
 40
30.0
176
     1
 62
     7
420
 16777215
176
     1
 90
        1
176
     1
 90
        4
176
     1
 62
     7
176
     1
 62
   257
176
     1
 90
        1
176
     1
 90
        1
176
     1
 40
1.0
176
     1
 90
        8
176
     1
 62
     7
176
     1
 40
1.0
176
     1
 90
        1
176
     1
 90
        6
176
     1
 90
        2
176
     1
 62
     7
176
     1
 90
        5
176
     1
 90
        0
176
     1
 90
        0
176
     1
290
     0
176
     1
 90
        1
176
     1
 40
-50.0
176
     1
 90
        0
176
     1
290
     0
176
     1
290
     1
176
     1
290
     1
176
     1
290
     0
176
     1
290
     0
176
     1
290
     0
176
     1
290
     0
176
     1
290
     0
176
     1
290
     0
176
     1
 90
       50
176
     1
 40
0.0
176
     1
 40
1.0
176
     1
 90
        0
176
     1
 62
    18
420
        0
176
     1
 90
       50
176
     1
 90
        3
176
     1
 62
     5
420
      255
176
     1
290
     0
176
     1
 90
       50
176
     1
 90
       50
176
     1
 90
       50
176
     1
290
     0
176
     1
 90
       50
176
     1
 62
   256
176
     0
 40
1.0
176
     0
 90
        2
176
     1
  1
strokes_ogs.tif
176
     1
290
     0
176
     1
 40
1.0
176
     1
 40
1.0
176
     1
  0
VISUALSTYLE
  5
435
102
{ACAD_REACTORS
330
23C
102
}
330
23C
100
AcDbVisualStyle
  2
EdgeColorOff
 70
    22
177
     3
291
     1
 70
    58
 90
        2
176
     0
 90
        2
176
     0
 90
        0
176
     0
 90
        0
176
     0
 40
0.6
176
     0
 40
30.0
176
     0
 62
     7
420
 16777215
176
     0
 90
        1
176
     0
 90
        4
176
     0
 62
     7
176
     0
 62
   257
176
     0
 90
        1
176
     0
 90
        1
176
     0
 40
1.0
176
     0
 90
        8
176
     2
 62
     7
176
     0
 40
1.0
176
     0
 90
        1
176
     0
 90
        6
176
     0
 90
        2
176
     0
 62
     7
176
     0
 90
        5
176
     0
 90
        0
176
     0
 90
        0
176
     0
290
     0
176
     0
 90
        1
176
     0
 40
0.0
176
     0
 90
        0
176
     0
290
     0
176
     0
290
     1
176
     0
290
     1
176
     0
290
     0
176
     0
290
     0
176
     0
290
     0
176
     0
290
     0
176
     0
290
     0
176
     0
290
     0
176
     0
 90
       50
176
     0
 40
0.0
176
     0
 40
1.0
176
     0
 90
        0
176
     0
 62
    18
420
        0
176
     0
 90
       50
176
     0
 90
        3
176
     0
 62
     5
420
      255
176
     0
290
     0
176
     0
 90
       50
176
     0
 90
       50
176
     0
 90
       50
176
     0
290
     0
176
     0
 90
       50
176
     0
 62
   256
176
     0
 40
1.0
176
     0
 90
        2
176
     0
  1
strokes_ogs.tif
176
     0
290
     0
176
     0
 40
1.0
176
     0
 40
1.0
176
     0
  0
VISUALSTYLE
  5
42C
102
{ACAD_REACTORS
330
23C
102
}
330
23C
100
AcDbVisualStyle
  2
Facepattern
 70
    15
177
     3
291
     1
 70
    58
 90
        2
176
     1
 90
        2
176
     1
 90
        0
176
     1
 90
        0
176
     1
 40
0.6
176
     1
 40
30.0
176
     1
 62
     7
420
 16777215
176
     1
 90
        1
176
     1
 90
        4
176
     1
 62
     7
176
     1
 62
   257
176
     1
 90
        1
176
     1
 90
        1
176
     1
 40
1.0
176
     1
 90
        8
176
     1
 62
     7
176
     1
 40
1.0
176
     1
 90
        1
176
     1
 90
        6
176
     1
 90
        2
176
     1
 62
     7
176
     1
 90
        5
176
     1
 90
        0
176
     1
 90
        0
176
     1
290
     0
176
     1
 90
        1
176
     1
 40
0.0
176
     1
 90
        0
176
     1
290
     0
176
     1
290
     1
176
     1
290
     1
176
     1
290
     0
176
     1
290
     0
176
     1
290
     0
176
     1
290
     0
176
     1
290
     0
176
     1
290
     0
176
     1
 90
       50
176
     1
 40
0.0
176
     1
 40
1.0
176
     1
 90
        0
176
     1
 62
    18
420
        0
176
     1
 90
       50
176
     1
 90
        3
176
     1
 62
     5
420
      255
176
     1
290
     0
176
     1
 90
       50
176
     1
 90
       50
176
     1
 90
       50
176
     1
290
     0
176
     1
 90
       50
176
     1
 62
   256
176
     0
 40
1.0
176
     0
 90
        2
176
     1
  1
strokes_ogs.tif
176
     1
290
     0
176
     1
 40
1.0
176
     1
 40
1.0
176
     1
  0
VISUALSTYLE
  5
421
102
{ACAD_REACTORS
330
23C
102
}
330
23C
100
AcDbVisualStyle
  2
Flat
 70
     0
177
     3
291
     1
 70
    58
 90
        2
176
     1
 90
        1
176
     1
 90
        1
176
     1
 90
        2
176
     1
 40
0.6
176
     1
 40
30.0
176
     1
 62
     7
420
 16777215
176
     1
 90
        0
176
     1
 90
        0
176
     1
 62
     7
176
     1
 62
   257
176
     1
 90
        1
176
     1
 90
        1
176
     1
 40
1.0
176
     1
 90
        8
176
     1
 62
     7
176
     1
 40
1.0
176
     1
 90
        1
176
     1
 90
        6
176
     1
 90
        2
176
     1
 62
     7
176
     1
 90
        5
176
     1
 90
        0
176
     1
 90
        0
176
     1
290
     0
176
     1
 90
       13
176
     1
 40
0.0
176
     1
 90
        0
176
     1
290
     0
176
     1
290
     1
176
     1
290
     1
176
     1
290
     0
176
     1
290
     0
176
     1
290
     0
176
     1
290
     0
176
     1
290
     0
176
     1
290
     0
176
     1
 90
       50
176
     1
 40
0.0
176
     1
 40
1.0
176
     1
 90
        0
176
     1
 62
    18
420
        0
176
     1
 90
       50
176
     1
 90
        3
176
     1
 62
     5
420
      255
176
     1
290
     0
176
     1
 90
       50
176
     1
 90
       50
176
     1
 90
       50
176
     1
290
     0
176
     1
 90
       50
176
     1
 62
   256
176
     0
 40
1.0
176
     0
 90
        2
176
     1
  1
strokes_ogs.tif
176
     1
290
     0
176
     1
 40
1.0
176
     1
 40
1.0
176
     1
  0
VISUALSTYLE
  5
422
102
{ACAD_REACTORS
330
23C
102
}
330
23C
100
AcDbVisualStyle
  2
FlatWithEdges
 70
     1
177
     3
291
     1
 70
    58
 90
        2
176
     1
 90
        1
176
     1
 90
        1
176
     1
 90
        2
176
     1
 40
0.6
176
     1
 40
30.0
176
     1
 62
     7
420
 16777215
176
     1
 90
        1
176
     1
 90
        0
176
     1
 62
     7
176
     1
 62
   257
176
     1
 90
        1
176
     1
 90
        1
176
     1
 40
1.0
176
     1
 90
        0
176
     1
 62
   257
176
     1
 40
1.0
176
     1
 90
        1
176
     1
 90
        6
176
     1
 90
        2
176
     1
 62
     7
176
     1
 90
        5
176
     1
 90
        0
176
     1
 90
        0
176
     1
290
     0
176
     1
 90
       13
176
     1
 40
0.0
176
     1
 90
        0
176
     1
290
     0
176
     1
290
     1
176
     1
290
     1
176
     1
290
     0
176
     1
290
     0
176
     1
290
     0
176
     1
290
     0
176
     1
290
     0
176
     1
290
     0
176
     1
 90
       50
176
     1
 40
0.0
176
     1
 40
1.0
176
     1
 90
        0
176
     1
 62
    18
420
        0
176
     1
 90
       50
176
     1
 90
        3
176
     1
 62
     5
420
      255
176
     1
290
     0
176
     1
 90
       50
176
     1
 90
       50
176
     1
 90
       50
176
     1
290
     0
176
     1
 90
       50
176
     1
 62
   256
176
     0
 40
1.0
176
     0
 90
        2
176
     1
  1
strokes_ogs.tif
176
     1
290
     0
176
     1
 40
1.0
176
     1
 40
1.0
176
     1
  0
VISUALSTYLE
  5
423
102
{ACAD_REACTORS
330
23C
102
}
330
23C
100
AcDbVisualStyle
  2
Gouraud
 70
     2
177
     3
291
     1
 70
    58
 90
        2
176
     1
 90
        2
176
     1
 90
        1
176
     1
 90
        2
176
     1
 40
0.6
176
     1
 40
30.0
176
     1
 62
     7
420
 16777215
176
     1
 90
        0
176
     1
 90
        0
176
     1
 62
     7
176
     1
 62
   257
176
     1
 90
        1
176
     1
 90
        1
176
     1
 40
1.0
176
     1
 90
        0
176
     1
 62
     7
176
     1
 40
1.0
176
     1
 90
        1
176
     1
 90
        6
176
     1
 90
        2
176
     1
 62
     7
176
     1
 90
        5
176
     1
 90
        0
176
     1
 90
        0
176
     1
290
     0
176
     1
 90
       13
176
     1
 40
0.0
176
     1
 90
        0
176
     1
290
     0
176
     1
290
     1
176
     1
290
     1
176
     1
290
     0
176
     1
290
     0
176
     1
290
     0
176
     1
290
     0
176
     1
290
     0
176
     1
290
     0
176
     1
 90
       50
176
     1
 40
0.0
176
     1
 40
1.0
176
     1
 90
        0
176
     1
 62
    18
420
        0
176
     1
 90
       50
176
     1
 90
        3
176
     1
 62
     5
420
      255
176
     1
290
     0
176
     1
 90
       50
176
     1
 90
       50
176
     1
 90
       50
176
     1
290
     0
176
     1
 90
       50
176
     1
 62
   256
176
     0
 40
1.0
176
     0
 90
        2
176
     1
  1
strokes_ogs.tif
176
     1
290
     0
176
     1
 40
1.0
176
     1
 40
1.0
176
     1
  0
VISUALSTYLE
  5
424
102
{ACAD_REACTORS
330
23C
102
}
330
23C
100
AcDbVisualStyle
  2
GouraudWithEdges
 70
     3
177
     3
291
     1
 70
    58
 90
        2
176
     1
 90
        2
176
     1
 90
        1
176
     1
 90
        2
176
     1
 40
0.6
176
     1
 40
30.0
176
     1
 62
     7
420
 16777215
176
     1
 90
        1
176
     1
 90
        0
176
     1
 62
     7
176
     1
 62
   257
176
     1
 90
        1
176
     1
 90
        1
176
     1
 40
1.0
176
     1
 90
        0
176
     1
 62
   257
176
     1
 40
1.0
176
     1
 90
        1
176
     1
 90
        6
176
     1
 90
        2
176
     1
 62
     7
176
     1
 90
        5
176
     1
 90
        0
176
     1
 90
        0
176
     1
290
     0
176
     1
 90
       13
176
     1
 40
0.0
176
     1
 90
        0
176
     1
290
     0
176
     1
290
     1
176
     1
290
     1
176
     1
290
     0
176
     1
290
     0
176
     1
290
     0
176
     1
290
     0
176
     1
290
     0
176
     1
290
     0
176
     1
 90
       50
176
     1
 40
0.0
176
     1
 40
1.0
176
     1
 90
        0
176
     1
 62
    18
420
        0
176
     1
 90
       50
176
     1
 90
        3
176
     1
 62
     5
420
      255
176
     1
290
     0
176
     1
 90
       50
176
     1
 90
       50
176
     1
 90
       50
176
     1
290
     0
176
     1
 90
       50
176
     1
 62
   256
176
     0
 40
1.0
176
     0
 90
        2
176
     1
  1
strokes_ogs.tif
176
     1
290
     0
176
     1
 40
1.0
176
     1
 40
1.0
176
     1
  0
VISUALSTYLE
  5
426
102
{ACAD_REACTORS
330
23C
102
}
330
23C
100
AcDbVisualStyle
  2
Hidden
 70
     6
177
     3
291
     0
 70
    58
 90
        1
176
     1
 90
        2
176
     1
 90
        2
176
     1
 90
        0
176
     1
 40
0.6
176
     1
 40
30.0
176
     1
 62
     7
420
 16777215
176
     1
 90
        2
176
     1
 90
        2
176
     1
 62
     7
176
     1
 62
   257
176
     1
 90
        2
176
     1
 90
        1
176
     1
 40
40.0
176
     1
 90
        0
176
     1
 62
   257
176
     1
 40
1.0
176
     1
 90
        1
176
     1
 90
        6
176
     1
 90
        2
176
     1
 62
     7
176
     1
 90
        3
176
     1
 90
        0
176
     1
 90
        0
176
     1
290
     0
176
     1
 90
        1
176
     1
 40
0.0
176
     1
 90
        0
176
     1
290
     0
176
     1
290
     1
176
     1
290
     1
176
     1
290
     0
176
     1
290
     0
176
     1
290
     0
176
     1
290
     0
176
     1
290
     0
176
     1
290
     0
176
     1
 90
       50
176
     1
 40
0.0
176
     1
 40
1.0
176
     1
 90
        0
176
     1
 62
    18
420
        0
176
     1
 90
       50
176
     1
 90
        3
176
     1
 62
     5
420
      255
176
     1
290
     0
176
     1
 90
       50
176
     1
 90
       50
176
     1
 90
       50
176
     1
290
     0
176
     1
 90
       50
176
     1
 62
   256
176
     0
 40
1.0
176
     0
 90
        2
176
     1
  1
strokes_ogs.tif
176
     1
290
     0
176
     1
 40
1.0
176
     1
 40
1.0
176
     1
  0
VISUALSTYLE
  5
433
102
{ACAD_REACTORS
330
23C
102
}
330
23C
100
AcDbVisualStyle
  2
JitterOff
 70
    20
177
     3
291
     1
 70
    58
 90
        2
176
     0
 90
        2
176
     0
 90
        0
176
     0
 90
        0
176
     0
 40
0.6
176
     0
 40
30.0
176
     0
 62
     7
420
 16777215
176
     0
 90
        1
176
     0
 90
        4
176
     0
 62
     7
176
     0
 62
   257
176
     0
 90
        1
176
     0
 90
        1
176
     0
 40
1.0
176
     0
 90
       10
176
     2
 62
     7
176
     0
 40
1.0
176
     0
 90
        1
176
     0
 90
        6
176
     0
 90
        2
176
     0
 62
     7
176
     0
 90
        5
176
     0
 90
        0
176
     0
 90
        0
176
     0
290
     0
176
     0
 90
        1
176
     0
 40
0.0
176
     0
 90
        0
176
     0
290
     0
176
     0
290
     1
176
     0
290
     1
176
     0
290
     0
176
     0
290
     0
176
     0
290
     0
176
     0
290
     0
176
     0
290
     0
176
     0
290
     0
176
     0
 90
       50
176
     0
 40
0.0
176
     0
 40
1.0
176
     0
 90
        0
176
     0
 62
    18
420
        0
176
     0
 90
       50
176
     0
 90
        3
176
     0
 62
     5
420
      255
176
     0
290
     0
176
     0
 90
       50
176
     0
 90
       50
176
     0
 90
       50
176
     0
290
     0
176
     0
 90
       50
176
     0
 62
   256
176
     0
 40
1.0
176
     0
 90
        2
176
     0
  1
strokes_ogs.tif
176
     0
290
     0
176
     0
 40
1.0
176
     0
 40
1.0
176
     0
  0
VISUALSTYLE
  5
42B
102
{ACAD_REACTORS
330
23C
102
}
330
23C
100
AcDbVisualStyle
  2
Linepattern
 70
    14
177
     3
291
     1
 70
    58
 90
        2
176
     1
 90
        2
176
     1
 90
        0
176
     1
 90
        0
176
     1
 40
0.6
176
     1
 40
30.0
176
     1
 62
     7
420
 16777215
176
     1
 90
        1
176
     1
 90
        4
176
     1
 62
     7
176
     1
 62
   257
176
     1
 90
        7
176
     1
 90
        7
176
     1
 40
1.0
176
     1
 90
        8
176
     1
 62
     7
176
     1
 40
1.0
176
     1
 90
        1
176
     1
 90
        6
176
     1
 90
        2
176
     1
 62
     7
176
     1
 90
        5
176
     1
 90
        0
176
     1
 90
        0
176
     1
290
     0
176
     1
 90
        1
176
     1
 40
0.0
176
     1
 90
        0
176
     1
290
     0
176
     1
290
     1
176
     1
290
     1
176
     1
290
     0
176
     1
290
     0
176
     1
290
     0
176
     1
290
     0
176
     1
290
     0
176
     1
290
     0
176
     1
 90
       50
176
     1
 40
0.0
176
     1
 40
1.0
176
     1
 90
        0
176
     1
 62
    18
420
        0
176
     1
 90
       50
176
     1
 90
        3
176
     1
 62
     5
420
      255
176
     1
290
     0
176
     1
 90
       50
176
     1
 90
       50
176
     1
 90
       50
176
     1
290
     0
176
     1
 90
       50
176
     1
 62
   256
176
     0
 40
1.0
176
     0
 90
        2
176
     1
  1
strokes_ogs.tif
176
     1
290
     0
176
     1
 40
1.0
176
     1
 40
1.0
176
     1
  0
VISUALSTYLE
  5
434
102
{ACAD_REACTORS
330
23C
102
}
330
23C
100
AcDbVisualStyle
  2
OverhangOff
 70
    21
177
     3
291
     1
 70
    58
 90
        2
176
     0
 90
        2
176
     0
 90
        0
176
     0
 90
        0
176
     0
 40
0.6
176
     0
 40
30.0
176
     0
 62
     7
420
 16777215
176
     0
 90
        1
176
     0
 90
        4
176
     0
 62
     7
176
     0
 62
   257
176
     0
 90
        1
176
     0
 90
        1
176
     0
 40
1.0
176
     0
 90
        9
176
     2
 62
     7
176
     0
 40
1.0
176
     0
 90
        1
176
     0
 90
        6
176
     0
 90
        2
176
     0
 62
     7
176
     0
 90
        5
176
     0
 90
        0
176
     0
 90
        0
176
     0
290
     0
176
     0
 90
        1
176
     0
 40
0.0
176
     0
 90
        0
176
     0
290
     0
176
     0
290
     1
176
     0
290
     1
176
     0
290
     0
176
     0
290
     0
176
     0
290
     0
176
     0
290
     0
176
     0
290
     0
176
     0
290
     0
176
     0
 90
       50
176
     0
 40
0.0
176
     0
 40
1.0
176
     0
 90
        0
176
     0
 62
    18
420
        0
176
     0
 90
       50
176
     0
 90
        3
176
     0
 62
     5
420
      255
176
     0
290
     0
176
     0
 90
       50
176
     0
 90
       50
176
     0
 90
       50
176
     0
290
     0
176
     0
 90
       50
176
     0
 62
   256
176
     0
 40
1.0
176
     0
 90
        2
176
     0
  1
strokes_ogs.tif
176
     0
290
     0
176
     0
 40
1.0
176
     0
 40
1.0
176
     0
  0
VISUALSTYLE
  5
263
102
{ACAD_REACTORS
330
23C
102
}
330
23C
100
AcDbVisualStyle
  2
Realistic
 70
     8
177
     3
291
     0
 70
    58
 90
        2
176
     1
 90
        2
176
     1
 90
        0
176
     1
 90
        2
176
     1
 40
0.6
176
     1
 40
30.0
176
     1
 62
     7
420
 16777215
176
     1
 90
        0
176
     1
 90
        0
176
     1
 62
     7
176
     1
 62
   257
176
     1
 90
        1
176
     1
 90
        1
176
     1
 40
1.0
176
     1
 90
        8
176
     1
 62
   257
176
     1
 40
1.0
176
     1
 90
        1
176
     1
 90
        6
176
     1
 90
        2
176
     1
 62
     7
176
     1
 90
        3
176
     1
 90
        0
176
     1
 90
        0
176
     1
290
     0
176
     1
 90
       13
176
     1
 40
0.0
176
     1
 90
        0
176
     1
290
     0
176
     1
290
     1
176
     1
290
     1
176
     1
290
     0
176
     1
290
     0
176
     1
290
     0
176
     1
290
     0
176
     1
290
     0
176
     1
290
     0
176
     1
 90
       50
176
     1
 40
0.0
176
     1
 40
1.0
176
     1
 90
        0
176
     1
 62
    18
420
        0
176
     1
 90
       50
176
     1
 90
        3
176
     1
 62
     5
420
      255
176
     1
290
     0
176
     1
 90
       50
176
     1
 90
       50
176
     1
 90
       50
176
     1
290
     0
176
     1
 90
       50
176
     1
 62
   256
176
     0
 40
1.0
176
     0
 90
        2
176
     1
  1
strokes_ogs.tif
176
     1
290
     0
176
     1
 40
1.0
176
     1
 40
1.0
176
     1
  0
VISUALSTYLE
  5
432
102
{ACAD_REACTORS
330
23C
102
}
330
23C
100
AcDbVisualStyle
  2
Shaded
 70
    27
177
     3
291
     0
 70
    58
 90
        2
176
     1
 90
        2
176
     1
 90
        1
176
     1
 90
        2
176
     1
 40
0.6
176
     1
 40
30.0
176
     1
 62
     7
420
 16777215
176
     1
 90
        0
176
     1
 90
        4
176
     1
 62
     7
176
     1
 62
   257
176
     1
 90
        1
176
     1
 90
        1
176
     1
 40
1.0
176
     1
 90
        8
176
     1
 62
   257
176
     1
 40
1.0
176
     1
 90
        1
176
     1
 90
        6
176
     1
 90
        2
176
     1
 62
     8
420
  7895160
176
     1
 90
        3
176
     1
 90
        0
176
     1
 90
        0
176
     1
290
     0
176
     1
 90
        5
176
     1
 40
0.0
176
     1
 90
        0
176
     1
290
     0
176
     1
290
     1
176
     1
290
     1
176
     1
290
     0
176
     1
290
     0
176
     1
290
     0
176
     1
290
     0
176
     1
290
     0
176
     1
290
     0
176
     1
 90
       50
176
     1
 40
0.0
176
     1
 40
1.0
176
     1
 90
        0
176
     1
 62
    18
420
        0
176
     1
 90
       50
176
     1
 90
        3
176
     1
 62
     5
420
      255
176
     1
290
     0
176
     1
 90
       50
176
     1
 90
       50
176
     1
 90
       50
176
     1
290
     0
176
     1
 90
       50
176
     1
 62
   256
176
     0
 40
1.0
176
     0
 90
        2
176
     1
  1
strokes_ogs.tif
176
     1
290
     0
176
     1
 40
1.0
176
     1
 40
1.0
176
     1
  0
VISUALSTYLE
  5
431
102
{ACAD_REACTORS
330
23C
102
}
330
23C
100
AcDbVisualStyle
  2
Shaded with edges
 70
    26
177
     3
291
     0
 70
    58
 90
        2
176
     1
 90
        2
176
     1
 90
        1
176
     1
 90
        2
176
     1
 40
0.6
176
     1
 40
30.0
176
     1
 62
     7
420
 16777215
176
     1
 90
        1
176
     1
 90
        2
176
     1
 62
     7
176
     1
 62
   257
176
     1
 90
        2
176
     1
 90
        1
176
     1
 40
1.0
176
     1
 90
        8
176
     1
 62
   257
176
     1
 40
1.0
176
     1
 90
        1
176
     1
 90
        6
176
     1
 90
        2
176
     1
 62
     7
176
     1
 90
        3
176
     1
 90
        0
176
     1
 90
        0
176
     1
290
     0
176
     1
 90
        5
176
     1
 40
0.0
176
     1
 90
        0
176
     1
290
     0
176
     1
290
     1
176
     1
290
     1
176
     1
290
     0
176
     1
290
     0
176
     1
290
     0
176
     1
290
     0
176
     1
290
     0
176
     1
290
     0
176
     1
 90
       50
176
     1
 40
0.0
176
     1
 40
1.0
176
     1
 90
        0
176
     1
 62
    18
420
        0
176
     1
 90
       50
176
     1
 90
        3
176
     1
 62
     5
420
      255
176
     1
290
     0
176
     1
 90
       50
176
     1
 90
       50
176
     1
 90
       50
176
     1
290
     0
176
     1
 90
       50
176
     1
 62
   256
176
     0
 40
1.0
176
     0
 90
        2
176
     1
  1
strokes_ogs.tif
176
     1
290
     0
176
     1
 40
1.0
176
     1
 40
1.0
176
     1
  0
VISUALSTYLE
  5
42E
102
{ACAD_REACTORS
330
23C
102
}
330
23C
100
AcDbVisualStyle
  2
Shades of Gray
 70
    23
177
     3
291
     0
 70
    58
 90
        2
176
     1
 90
        2
176
     1
 90
        3
176
     1
 90
        0
176
     1
 40
0.6
176
     1
 40
30.0
176
     1
 62
     7
420
 16777215
176
     1
 90
        2
176
     1
 90
        2
176
     1
 62
     7
176
     1
 62
     7
176
     1
 90
        1
176
     1
 90
        1
176
     1
 40
40.0
176
     1
 90
        8
176
     1
 62
     7
176
     1
 40
1.0
176
     1
 90
        1
176
     1
 90
        6
176
     1
 90
        2
176
     1
 62
     7
176
     1
 90
        3
176
     1
 90
        0
176
     1
 90
        0
176
     1
290
     0
176
     1
 90
        1
176
     1
 40
0.0
176
     1
 90
        0
176
     1
290
     0
176
     1
290
     1
176
     1
290
     1
176
     1
290
     0
176
     1
290
     0
176
     1
290
     0
176
     1
290
     0
176
     1
290
     0
176
     1
290
     0
176
     1
 90
       50
176
     1
 40
0.0
176
     1
 40
1.0
176
     1
 90
        0
176
     1
 62
    18
420
        0
176
     1
 90
       50
176
     1
 90
        3
176
     1
 62
     5
420
      255
176
     1
290
     0
176
     1
 90
       50
176
     1
 90
       50
176
     1
 90
       50
176
     1
290
     0
176
     1
 90
       50
176
     1
 62
   256
176
     0
 40
1.0
176
     0
 90
        2
176
     1
  1
strokes_ogs.tif
176
     1
290
     0
176
     1
 40
1.0
176
     1
 40
1.0
176
     1
  0
VISUALSTYLE
  5
42F
102
{ACAD_REACTORS
330
23C
102
}
330
23C
100
AcDbVisualStyle
  2
Sketchy
 70
    24
177
     3
291
     0
 70
    58
 90
        1
176
     1
 90
        2
176
     1
 90
        2
176
     1
 90
        0
176
     1
 40
0.6
176
     1
 40
30.0
176
     1
 62
     7
420
 16777215
176
     1
 90
        2
176
     1
 90
        2
176
     1
 62
     7
176
     1
 62
     7
176
     1
 90
        1
176
     1
 90
        1
176
     1
 40
40.0
176
     1
 90
       11
176
     1
 62
     7
176
     1
 40
1.0
176
     1
 90
        1
176
     1
 90
        6
176
     1
 90
        2
176
     1
 62
     7
176
     1
 90
        6
176
     1
 90
        0
176
     1
 90
        0
176
     1
290
     0
176
     1
 90
        1
176
     1
 40
0.0
176
     1
 90
        0
176
     1
290
     0
176
     1
290
     1
176
     1
290
     1
176
     1
290
     0
176
     1
290
     0
176
     1
290
     0
176
     1
290
     0
176
     1
290
     0
176
     1
290
     0
176
     1
 90
       50
176
     1
 40
0.0
176
     1
 40
1.0
176
     1
 90
        0
176
     1
 62
    18
420
        0
176
     1
 90
       50
176
     1
 90
        3
176
     1
 62
     5
420
      255
176
     1
290
     0
176
     1
 90
       50
176
     1
 90
       50
176
     1
 90
       50
176
     1
290
     0
176
     1
 90
       50
176
     1
 62
   256
176
     0
 40
1.0
176
     0
 90
        2
176
     1
  1
strokes_ogs.tif
176
     1
290
     0
176
     1
 40
1.0
176
     1
 40
1.0
176
     1
  0
VISUALSTYLE
  5
42A
102
{ACAD_REACTORS
330
23C
102
}
330
23C
100
AcDbVisualStyle
  2
Thicken
 70
    13
177
     3
291
     1
 70
    58
 90
        2
176
     1
 90
        2
176
     1
 90
        0
176
     1
 90
        0
176
     1
 40
0.6
176
     1
 40
30.0
176
     1
 62
     7
420
 16777215
176
     1
 90
        1
176
     1
 90
        4
176
     1
 62
     7
176
     1
 62
   257
176
     1
 90
        1
176
     1
 90
        1
176
     1
 40
1.0
176
     1
 90
       12
176
     1
 62
     7
176
     1
 40
1.0
176
     1
 90
        1
176
     1
 90
        6
176
     1
 90
        2
176
     1
 62
     7
176
     1
 90
        5
176
     1
 90
        0
176
     1
 90
        0
176
     1
290
     0
176
     1
 90
        1
176
     1
 40
0.0
176
     1
 90
        0
176
     1
290
     0
176
     1
290
     1
176
     1
290
     1
176
     1
290
     0
176
     1
290
     0
176
     1
290
     0
176
     1
290
     0
176
     1
290
     0
176
     1
290
     0
176
     1
 90
       50
176
     1
 40
0.0
176
     1
 40
1.0
176
     1
 90
        0
176
     1
 62
    18
420
        0
176
     1
 90
       50
176
     1
 90
        3
176
     1
 62
     5
420
      255
176
     1
290
     0
176
     1
 90
       50
176
     1
 90
       50
176
     1
 90
       50
176
     1
290
     0
176
     1
 90
       50
176
     1
 62
   256
176
     0
 40
1.0
176
     0
 90
        2
176
     1
  1
strokes_ogs.tif
176
     1
290
     0
176
     1
 40
1.0
176
     1
 40
1.0
176
     1
  0
VISUALSTYLE
  5
264
102
{ACAD_REACTORS
330
23C
102
}
330
23C
100
AcDbVisualStyle
  2
Wireframe
 70
     5
177
     3
291
     0
 70
    58
 90
        0
176
     1
 90
        2
176
     1
 90
        0
176
     1
 90
        0
176
     1
 40
0.6
176
     1
 40
30.0
176
     1
 62
     7
420
 16777215
176
     1
 90
        1
176
     1
 90
        4
176
     1
 62
     7
176
     1
 62
   257
176
     1
 90
        1
176
     1
 90
        1
176
     1
 40
1.0
176
     1
 90
        0
176
     1
 62
   257
176
     1
 40
1.0
176
     1
 90
        1
176
     1
 90
        6
176
     1
 90
        2
176
     1
 62
     7
176
     1
 90
        3
176
     1
 90
        0
176
     1
 90
        0
176
     1
290
     0
176
     1
 90
        1
176
     1
 40
0.0
176
     1
 90
        0
176
     1
290
     0
176
     1
290
     1
176
     1
290
     1
176
     1
290
     0
176
     1
290
     0
176
     1
290
     0
176
     1
290
     0
176
     1
290
     0
176
     1
290
     0
176
     1
 90
       50
176
     1
 40
0.0
176
     1
 40
1.0
176
     1
 90
        0
176
     1
 62
    18
420
        0
176
     1
 90
       50
176
     1
 90
        3
176
     1
 62
     5
420
      255
176
     1
290
     0
176
     1
 90
       50
176
     1
 90
       50
176
     1
 90
       50
176
     1
290
     0
176
     1
 90
       50
176
     1
 62
   256
176
     0
 40
1.0
176
     0
 90
        2
176
     1
  1
strokes_ogs.tif
176
     1
290
     0
176
     1
 40
1.0
176
     1
 40
1.0
176
     1
  0
VISUALSTYLE
  5
430
102
{ACAD_REACTORS
330
23C
102
}
330
23C
100
AcDbVisualStyle
  2
X-Ray
 70
    25
177
     3
291
     0
 70
    58
 90
        2
176
     1
 90
        2
176
     1
 90
        1
176
     1
 90
        1
176
     1
 40
0.5
176
     1
 40
30.0
176
     1
 62
     7
420
 16777215
176
     1
 90
        1
176
     1
 90
        0
176
     1
 62
     7
176
     1
 62
   257
176
     1
 90
        1
176
     1
 90
        1
176
     1
 40
1.0
176
     1
 90
        8
176
     1
 62
     7
176
     1
 40
1.0
176
     1
 90
        1
176
     1
 90
        6
176
     1
 90
        2
176
     1
 62
     7
176
     1
 90
        3
176
     1
 90
        0
176
     1
 90
        0
176
     1
290
     0
176
     1
 90
       13
176
     1
 40
0.0
176
     1
 90
        0
176
     1
290
     0
176
     1
290
     1
176
     1
290
     1
176
     1
290
     0
176
     1
290
     0
176
     1
290
     0
176
     1
290
     0
176
     1
290
     0
176
     1
290
     0
176
     1
 90
       50
176
     1
 40
0.0
176
     1
 40
1.0
176
     1
 90
        0
176
     1
 62
    18
420
        0
176
     1
 90
       50
176
     1
 90
        3
176
     1
 62
     5
420
      255
176
     1
290
     0
176
     1
 90
       50
176
     1
 90
       50
176
     1
 90
       50
176
     1
290
     0
176
     1
 90
       50
176
     1
 62
   256
176
     0
 40
1.0
176
     0
 90
        2
176
     1
  1
strokes_ogs.tif
176
     1
290
     0
176
     1
 40
1.0
176
     1
 40
1.0
176
     1
  0
DICTIONARYVAR
  5
25A
102
{ACAD_REACTORS
330
259
102
}
330
259
100
DictionaryVariables
280
     0
  1
1:1
  0
DICTIONARYVAR
  5
25B
102
{ACAD_REACTORS
330
259
102
}
330
259
100
DictionaryVariables
280
     0
  1
3.500000
  0
DICTIONARYVAR
  5
25C
102
{ACAD_REACTORS
330
259
102
}
330
259
100
DictionaryVariables
280
     0
  1
acadiso.lin
  0
DICTIONARYVAR
  5
25D
102
{ACAD_REACTORS
330
259
102
}
330
259
100
DictionaryVariables
280
     0
  1
STANDARD
  0
DICTIONARYVAR
  5
25E
102
{ACAD_REACTORS
330
259
102
}
330
259
100
DictionaryVariables
280
     0
  1
STANDARD
  0
DICTIONARYVAR
  5
25F
102
{ACAD_REACTORS
330
259
102
}
330
259
100
DictionaryVariables
280
     0
  1
Metric50
  0
DICTIONARYVAR
  5
260
102
{ACAD_REACTORS
330
259
102
}
330
259
100
DictionaryVariables
280
     0
  1
Metric50
  0
DICTIONARYVAR
  5
41D
102
{ACAD_REACTORS
330
259
102
}
330
259
100
DictionaryVariables
280
     0
  1
0
  0
DICTIONARYVAR
  5
41E
102
{ACAD_REACTORS
330
259
102
}
330
259
100
DictionaryVariables
280
     0
  1
0
  0
DICTIONARYVAR
  5
41C
102
{ACAD_REACTORS
330
259
102
}
330
259
100
DictionaryVariables
280
     0
  1
2
  0
DICTIONARYVAR
  5
41B
102
{ACAD_REACTORS
330
259
102
}
330
259
100
DictionaryVariables
280
     0
  1
1
  0
DICTIONARY
  5
40F
330
221
100
AcDbDictionary
280
     1
281
     1
  0
DICTIONARY
  5
24E
330
24D
100
AcDbDictionary
280
     1
281
     1
  3
BUMPTILE
360
24F
  3
DIFFUSETILE
360
250
  3
OPACITYTILE
360
251
  3
REFLECTIONTILE
360
252
  3
REFRACTIONTILE
360
253
  3
SPECULARTILE
360
254
  0
DICTIONARY
  5
246
330
245
100
AcDbDictionary
280
     1
281
     1
  3
BUMPTILE
360
247
  3
DIFFUSETILE
360
248
  3
OPACITYTILE
360
249
  3
REFLECTIONTILE
360
24A
  3
REFRACTIONTILE
360
24B
  3
SPECULARTILE
360
24C
  0
DICTIONARY
  5
C
330
A
100
AcDbDictionary
280
     1
281
     1
  3
BUMPTILE
360
D
  3
DIFFUSETILE
360
E
  3
OPACITYTILE
360
F
  3
REFLECTIONTILE
360
10
  3
REFRACTIONTILE
360
11
  3
SPECULARTILE
360
12
  0
DICTIONARY
  5
400
330
262
100
AcDbDictionary
280
     1
281
     1
  3
ACAD_ROUNDTRIP_2008_TABLESTYLE_CELLSTYLEMAP
360
44A
  0
XRECORD
  5
24F
102
{ACAD_REACTORS
330
24E
102
}
330
24E
100
AcDbXrecord
280
     1
270
     1
271
     1
  0
XRECORD
  5
250
102
{ACAD_REACTORS
330
24E
102
}
330
24E
100
AcDbXrecord
280
     1
270
     1
271
     1
  0
XRECORD
  5
251
102
{ACAD_REACTORS
330
24E
102
}
330
24E
100
AcDbXrecord
280
     1
270
     1
271
     1
  0
XRECORD
  5
252
102
{ACAD_REACTORS
330
24E
102
}
330
24E
100
AcDbXrecord
280
     1
270
     1
271
     1
  0
XRECORD
  5
253
102
{ACAD_REACTORS
330
24E
102
}
330
24E
100
AcDbXrecord
280
     1
270
     1
271
     1
  0
XRECORD
  5
254
102
{ACAD_REACTORS
330
24E
102
}
330
24E
100
AcDbXrecord
280
     1
270
     1
271
     1
  0
XRECORD
  5
247
102
{ACAD_REACTORS
330
246
102
}
330
246
100
AcDbXrecord
280
     1
270
     1
271
     1
  0
XRECORD
  5
248
102
{ACAD_REACTORS
330
246
102
}
330
246
100
AcDbXrecord
280
     1
270
     1
271
     1
  0
XRECORD
  5
249
102
{ACAD_REACTORS
330
246
102
}
330
246
100
AcDbXrecord
280
     1
270
     1
271
     1
  0
XRECORD
  5
24A
102
{ACAD_REACTORS
330
246
102
}
330
246
100
AcDbXrecord
280
     1
270
     1
271
     1
  0
XRECORD
  5
24B
102
{ACAD_REACTORS
330
246
102
}
330
246
100
AcDbXrecord
280
     1
270
     1
271
     1
  0
XRECORD
  5
24C
102
{ACAD_REACTORS
330
246
102
}
330
246
100
AcDbXrecord
280
     1
270
     1
271
     1
  0
XRECORD
  5
D
102
{ACAD_REACTORS
330
C
102
}
330
C
100
AcDbXrecord
280
     1
270
     1
271
     1
  0
XRECORD
  5
E
102
{ACAD_REACTORS
330
C
102
}
330
C
100
AcDbXrecord
280
     1
270
     1
271
     1
  0
XRECORD
  5
F
102
{ACAD_REACTORS
330
C
102
}
330
C
100
AcDbXrecord
280
     1
270
     1
271
     1
  0
XRECORD
  5
10
102
{ACAD_REACTORS
330
C
102
}
330
C
100
AcDbXrecord
280
     1
270
     1
271
     1
  0
XRECORD
  5
11
102
{ACAD_REACTORS
330
C
102
}
330
C
100
AcDbXrecord
280
     1
270
     1
271
     1
  0
XRECORD
  5
12
102
{ACAD_REACTORS
330
C
102
}
330
C
100
AcDbXrecord
280
     1
270
     1
271
     1
  0
CELLSTYLEMAP
  5
44A
102
{ACAD_REACTORS
330
400
102
}
330
400
100
AcDbCellStyleMap
 90
        3
300
CELLSTYLE
  1
TABLEFORMAT_BEGIN
 90
        5
170
     1
 91
        0
 92
    32768
 62
   257
 93
        1
300
CONTENTFORMAT
  1
CONTENTFORMAT_BEGIN
 90
        0
 91
        0
 92
      512
 93
        0
300

 40
0.0
140
1.0
 94
        5
 62
     0
340
232
144
6.0
309
CONTENTFORMAT_END
171
     1
301
MARGIN
  1
CELLMARGIN_BEGIN
 40
1.5
 40
1.5
 40
1.5
 40
1.5
 40
4.5
 40
4.5
309
CELLMARGIN_END
 94
        6
 95
        1
302
GRIDFORMAT
  1
GRIDFORMAT_BEGIN
 90
        0
 91
        1
 62
     0
 92
       -2
340
0
 93
        0
 40
1.13
309
GRIDFORMAT_END
 95
        2
302
GRIDFORMAT
  1
GRIDFORMAT_BEGIN
 90
        0
 91
        1
 62
     0
 92
       -2
340
0
 93
        0
 40
1.13
309
GRIDFORMAT_END
 95
        4
302
GRIDFORMAT
  1
GRIDFORMAT_BEGIN
 90
        0
 91
        1
 62
     0
 92
       -2
340
0
 93
        0
 40
1.13
309
GRIDFORMAT_END
 95
        8
302
GRIDFORMAT
  1
GRIDFORMAT_BEGIN
 90
        0
 91
        1
 62
     0
 92
       -2
340
0
 93
        0
 40
1.13
309
GRIDFORMAT_END
 95
       16
302
GRIDFORMAT
  1
GRIDFORMAT_BEGIN
 90
        0
 91
        1
 62
     0
 92
       -2
340
0
 93
        0
 40
1.13
309
GRIDFORMAT_END
 95
       32
302
GRIDFORMAT
  1
GRIDFORMAT_BEGIN
 90
        0
 91
        1
 62
     0
 92
       -2
340
0
 93
        0
 40
1.13
309
GRIDFORMAT_END
309
TABLEFORMAT_END
  1
CELLSTYLE_BEGIN
 90
        1
 91
        1
300
_TITLE
309
CELLSTYLE_END
300
CELLSTYLE
  1
TABLEFORMAT_BEGIN
 90
        5
170
     1
 91
        0
 92
        0
 62
   257
 93
        1
300
CONTENTFORMAT
  1
CONTENTFORMAT_BEGIN
 90
        0
 91
        0
 92
      512
 93
        0
300

 40
0.0
140
1.0
 94
        5
 62
     0
340
232
144
4.5
309
CONTENTFORMAT_END
171
     1
301
MARGIN
  1
CELLMARGIN_BEGIN
 40
1.5
 40
1.5
 40
1.5
 40
1.5
 40
4.5
 40
4.5
309
CELLMARGIN_END
 94
        6
 95
        1
302
GRIDFORMAT
  1
GRIDFORMAT_BEGIN
 90
        0
 91
        1
 62
     0
 92
       -2
340
0
 93
        0
 40
1.13
309
GRIDFORMAT_END
 95
        2
302
GRIDFORMAT
  1
GRIDFORMAT_BEGIN
 90
        0
 91
        1
 62
     0
 92
       -2
340
0
 93
        0
 40
1.13
309
GRIDFORMAT_END
 95
        4
302
GRIDFORMAT
  1
GRIDFORMAT_BEGIN
 90
        0
 91
        1
 62
     0
 92
       -2
340
0
 93
        0
 40
1.13
309
GRIDFORMAT_END
 95
        8
302
GRIDFORMAT
  1
GRIDFORMAT_BEGIN
 90
        0
 91
        1
 62
     0
 92
       -2
340
0
 93
        0
 40
1.13
309
GRIDFORMAT_END
 95
       16
302
GRIDFORMAT
  1
GRIDFORMAT_BEGIN
 90
        0
 91
        1
 62
     0
 92
       -2
340
0
 93
        0
 40
1.13
309
GRIDFORMAT_END
 95
       32
302
GRIDFORMAT
  1
GRIDFORMAT_BEGIN
 90
        0
 91
        1
 62
     0
 92
       -2
340
0
 93
        0
 40
1.13
309
GRIDFORMAT_END
309
TABLEFORMAT_END
  1
CELLSTYLE_BEGIN
 90
        2
 91
        1
300
_HEADER
309
CELLSTYLE_END
300
CELLSTYLE
  1
TABLEFORMAT_BEGIN
 90
        5
170
     1
 91
        0
 92
        0
 62
   257
 93
        1
300
CONTENTFORMAT
  1
CONTENTFORMAT_BEGIN
 90
        0
 91
        0
 92
      512
 93
        0
300

 40
0.0
140
1.0
 94
        2
 62
     0
340
232
144
4.5
309
CONTENTFORMAT_END
171
     1
301
MARGIN
  1
CELLMARGIN_BEGIN
 40
1.5
 40
1.5
 40
1.5
 40
1.5
 40
4.5
 40
4.5
309
CELLMARGIN_END
 94
        6
 95
        1
302
GRIDFORMAT
  1
GRIDFORMAT_BEGIN
 90
        0
 91
        1
 62
     0
 92
       -2
340
0
 93
        0
 40
1.13
309
GRIDFORMAT_END
 95
        2
302
GRIDFORMAT
  1
GRIDFORMAT_BEGIN
 90
        0
 91
        1
 62
     0
 92
       -2
340
0
 93
        0
 40
1.13
309
GRIDFORMAT_END
 95
        4
302
GRIDFORMAT
  1
GRIDFORMAT_BEGIN
 90
        0
 91
        1
 62
     0
 92
       -2
340
0
 93
        0
 40
1.13
309
GRIDFORMAT_END
 95
        8
302
GRIDFORMAT
  1
GRIDFORMAT_BEGIN
 90
        0
 91
        1
 62
     0
 92
       -2
340
0
 93
        0
 40
1.13
309
GRIDFORMAT_END
 95
       16
302
GRIDFORMAT
  1
GRIDFORMAT_BEGIN
 90
        0
 91
        1
 62
     0
 92
       -2
340
0
 93
        0
 40
1.13
309
GRIDFORMAT_END
 95
       32
302
GRIDFORMAT
  1
GRIDFORMAT_BEGIN
 90
        0
 91
        1
 62
     0
 92
       -2
340
0
 93
        0
 40
1.13
309
GRIDFORMAT_END
309
TABLEFORMAT_END
  1
CELLSTYLE_BEGIN
 90
        3
 91
        2
300
_DATA
309
CELLSTYLE_END
  0
ENDSEC
  0
SECTION
  2
ACDSDATA
 70
     2
 71
     8
  0
ACDSSCHEMA
 90
        0
  1
AcDb_Thumbnail_Schema
  2
AcDbDs::ID
280
    10
 91
        8
  2
Thumbnail_Data
280
    15
 91
        0
101
ACDSRECORD
 95
        0
 90
        1
  2
AcDbDs::TreatedAsObjectData
280
     1
291
     1
101
ACDSRECORD
 95
        0
 90
        2
  2
AcDbDs::Legacy
280
     1
291
     1
101
ACDSRECORD
  1
AcDbDs::ID
 90
        3
  2
AcDs:Indexable
280
     1
291
     1
101
ACDSRECORD
  1
AcDbDs::ID
 90
        4
  2
AcDbDs::HandleAttribute
280
     7
282
     1
  0
ACDSSCHEMA
 90
        1
  1
AcDbDs::TreatedAsObjectDataSchema
  2
AcDbDs::TreatedAsObjectData
280
     1
 91
        0
  0
ACDSSCHEMA
 90
        2
  1
AcDbDs::LegacySchema
  2
AcDbDs::Legacy
280
     1
 91
        0
  0
ACDSSCHEMA
 90
        3
  1
AcDbDs::IndexedPropertySchema
  2
AcDs:Indexable
280
     1
 91
        0
  0
ACDSSCHEMA
 90
        4
  1
AcDbDs::HandleAttributeSchema
  2
AcDbDs::HandleAttribute
280
     7
 91
        1
284
     1
  0
ACDSRECORD
 90
        0
  2
AcDbDs::ID
280
    10
320
221
  2
Thumbnail_Data
280
    15
 94
     2037
310
89504E470D0A1A0A0000000D49484452000001710000010008030000007227B6F200000300504C5445000000FFFFFF0000000000000000000000000000000000000000000000000000000000330000660000990000CC0000FF0033000033330033660033990033CC0033FF0066000066330066660066990066CC0066FF0099
310
000099330099660099990099CC0099FF00CC0000CC3300CC6600CC9900CCCC00CCFF00FF0000FF3300FF6600FF9900FFCC00FFFF3300003300333300663300993300CC3300FF3333003333333333663333993333CC3333FF3366003366333366663366993366CC3366FF3399003399333399663399993399CC3399FF33CC00
310
33CC3333CC6633CC9933CCCC33CCFF33FF0033FF3333FF6633FF9933FFCC33FFFF6600006600336600666600996600CC6600FF6633006633336633666633996633CC6633FF6666006666336666666666996666CC6666FF6699006699336699666699996699CC6699FF66CC0066CC3366CC6666CC9966CCCC66CCFF66FF0066
310
FF3366FF6666FF9966FFCC66FFFF9900009900339900669900999900CC9900FF9933009933339933669933999933CC9933FF9966009966339966669966999966CC9966FF9999009999339999669999999999CC9999FF99CC0099CC3399CC6699CC9999CCCC99CCFF99FF0099FF3399FF6699FF9999FFCC99FFFFCC0000CC00
310
33CC0066CC0099CC00CCCC00FFCC3300CC3333CC3366CC3399CC33CCCC33FFCC6600CC6633CC6666CC6699CC66CCCC66FFCC9900CC9933CC9966CC9999CC99CCCC99FFCCCC00CCCC33CCCC66CCCC99CCCCCCCCCCFFCCFF00CCFF33CCFF66CCFF99CCFFCCCCFFFFFF0000FF0033FF0066FF0099FF00CCFF00FFFF3300FF3333
310
FF3366FF3399FF33CCFF33FFFF6600FF6633FF6666FF6699FF66CCFF66FFFF9900FF9933FF9966FF9999FF99CCFF99FFFFCC00FFCC33FFCC66FFCC99FFCCCCFFCCFFFFFF00FFFF33FFFF66FFFF99FFFFCCFFFFFF0000000D0D0D1A1A1A2828283535354343435050505D5D5D6B6B6B787878868686939393A1A1A1AEAEAEBB
310
BBBBC9C9C9D6D6D6E4E4E4F1F1F1FFFFFF0000000000000000000000000000000000000000000000000000000000003AE5ACE9000004B04944415478DAEDDDCD7AAA3A1480612EC709F73FF39A98647E04AA92901F0AEA7197F77BF660178C6DBF2E172B8B44BB0E0000000000000000000000000000000000000000000000
310
000000000000000000000000000000000000000000E01C5C769EBD1C79DA331342CDCD2584E2B850151E282F2BADC571E90F721B57737A1B28CA3F1BE38DD3F2B83CCE38E353A258E60AC619FF5784BF0B6AE5F1AF341E278E4C562929AD0D04E3F2B83C2E8F33CE38E38C33CE2CE38C33CE38E38C33CE38E38C33FE7D5C77
310
9EBD1E795AC619FF60E6F81F8CFFFD8C535D20B5D7F830D13F1886C591F13FFB7E9CBF11E1A10BD9DB34D706A146D3F8ED09F27787C61FE714317EC9BFA02B317E53132A319E3936E92E9CBEDCBFFD19D6245EBACF189F681A3F4DE5F836E3C983DAC63BC60F194FD64DF41DE32F311ED2152939E3C33D8B333EFFC6D97D0D
310
DB8CDF2B9486F1E1B15628353E7F6BC68F1B8F8E33FE3F180F8CBF3DABC4B97D7AD0ED1FE3F36F1B5E74E59CA69545E32163BC0B6A9503D5E1AD20A91B57ABBCD6F85801968C77AAC3D7CFF2A7923B329E69A69C7B96FFE24ED6CA789F99DA578C5FCEDDAD7D745CA36E6B74243DD48FE3FAA91D3B8EBFF6F39729BAB5F918
310
5F0ADD687CF819F733FE1EF229C5183F43B7367415E3F74CFC688914AE85C991D4785242D6F2F859B6ECD78D17D277CDF8FD15F034BED880B5FEFBA90ECBC6C3AF8C0FCFA381F1CDC697CAB719BF668E4EAF0EC6B719EF9E793C673CEE0F668C4FC3C5F836E371EF296E596D353EBF4C162319AFC578D47BDA6F3CBA18305E
310
8FF16CB76FE177EEC1D68CA7E5A54E56C378D730DEAD0AED473D3EDCF378DF6F9B019D8439598703311EEA33A0C69C73FCD6E77ABBB2B2F172477BC39CF316D77D9AC2B303195F9BD961FC96B9193F6E3CBA02568DCF7726FA9C70C62BC653FAA5C038252FBF7A24F0E7E36B93D5F319AF746BD7C69FF71B72DDDAFB2CB3FB
310
315E9DACAA0E9B893AEA059657D03E8D6F6DC830BE2EB823E3A5B2BA627C9C2305C61BC6E794B0BC95B0D5F89098CDB707186F1B8F54D5F601317EC0F823218C57C79DC65B853CE3B9185FD5D58CBFD7F87A225333FEB3E58DF1AAEC7A75F83BE3BB63FCDC6BB262E3FD6FF2F8DE183FC30EDA505D9395CE39E72557D7FB92
310
ABE786DA687BEDC378692957794D5638FB9AACCC2C3FED82AFABBFC51D8982F113C7F8F63CFE4CE6A3C2ACF1CAC0C605C00EDAA2B87E363E953143D2367989717D9554687FEFC5F6EDACC2F831E38F9AE579FB92F103C6EBF780929C91690DB6D251CDB8DD851971216AB632FE6EE369EB8FF1CF184F0F0F8C1F32DE85CB46
310
718C7FB21E7F8B71D561D378A836AA1817E3DF45F8AE183F4123EB71D5BA147B87ABDEDFA34A5C9E891EB5D7F8DFFFD4EBE9D3AB5BFDF195F17B8C978D5F9B9CBC3FBE3918B79DDDFFBEB5A7E98F7F8DF1B3BF37B977C366FCCC19C7A71A30CE38E38C330EC619679C71C61967FC65C6D38F2E88CEC6E762A5E938C65F603C
310
B48C07C65F61FCC2F8AB85BF0B6A5D39FF39E3C91E09C61997C7218F33CE38E31FA0BE3EAAFC211B8D653E7F7FA5DBEE081F57C85502B5F407692C651B770750FED1183FDB1BEDFDCAF8CED30DA3840300000000000000000000000000000000000000000000000000000000F045FC0792C21A99D020DF4A0000000049454E
310
44AE426082
  0
ENDSEC
  0
EOF
