  0
SECTION
  2
HEADER
  9
$ACADVER
  1
AC1032
  9
$ACADMAINTVER
 90
      174
  9
$DWGCODEPAGE
  3
ANSI_936
  9
$LASTSAVEDBY
  1
10333
  9
$REQUIREDVERSIONS
160
                 0
  9
$INSBASE
 10
0.0
 20
0.0
 30
0.0
  9
$EXTMIN
 10
117084.48
 20
-8821.54
 30
0.0
  9
$EXTMAX
 10
146184.48
 20
15278.46
 30
0.0
  9
$LIMMIN
 10
0.0
 20
0.0
  9
$LIMMAX
 10
50000.0
 20
32000.0
  9
$ORTHOMODE
 70
     1
  9
$REGENMODE
 70
     1
  9
$FILLMODE
 70
     1
  9
$QTEXTMODE
 70
     0
  9
$MIRRTEXT
 70
     0
  9
$LTSCALE
 40
1000.0
  9
$ATTMODE
 70
     1
  9
$TEXTSIZE
 40
350.0
  9
$TRACEWID
 40
0.05
  9
$TEXTSTYLE
  7
Standard
  9
$CLAYER
  8
0
  9
$CELTYPE
  6
ByLayer
  9
$CECOLOR
 62
   256
  9
$CELTSCALE
 40
1.0
  9
$DISPSILH
 70
     0
  9
$DIMSCALE
 40
100.0
  9
$DIMASZ
 40
1.0
  9
$DIMEXO
 40
3.0
  9
$DIMDLI
 40
0.0
  9
$DIMRND
 40
0.0
  9
$DIMDLE
 40
0.0
  9
$DIMEXE
 40
2.5
  9
$DIMTP
 40
0.0
  9
$DIMTM
 40
0.0
  9
$DIMTXT
 40
3.5
  9
$DIMCEN
 40
0.09
  9
$DIMTSZ
 40
0.0
  9
$DIMTOL
 70
     0
  9
$DIMLIM
 70
     0
  9
$DIMTIH
 70
     0
  9
$DIMTOH
 70
     0
  9
$DIMSE1
 70
     0
  9
$DIMSE2
 70
     0
  9
$DIMTAD
 70
     1
  9
$DIMZIN
 70
     0
  9
$DIMBLK
  1
ArchTick
  9
$DIMASO
 70
     1
  9
$DIMSHO
 70
     1
  9
$DIMPOST
  1

  9
$DIMAPOST
  1

  9
$DIMALT
 70
     0
  9
$DIMALTD
 70
     2
  9
$DIMALTF
 40
25.4
  9
$DIMLFAC
 40
1.0
  9
$DIMTOFL
 70
     1
  9
$DIMTVP
 40
0.0
  9
$DIMTIX
 70
     1
  9
$DIMSOXD
 70
     0
  9
$DIMSAH
 70
     0
  9
$DIMBLK1
  1

  9
$DIMBLK2
  1

  9
$DIMSTYLE
  2
STANDARD
  9
$DIMCLRD
 70
     0
  9
$DIMCLRE
 70
     0
  9
$DIMCLRT
 70
     0
  9
$DIMTFAC
 40
1.0
  9
$DIMGAP
 40
1.5
  9
$DIMJUST
 70
     0
  9
$DIMSD1
 70
     0
  9
$DIMSD2
 70
     0
  9
$DIMTOLJ
 70
     1
  9
$DIMTZIN
 70
     0
  9
$DIMALTZ
 70
     0
  9
$DIMALTTZ
 70
     0
  9
$DIMUPT
 70
     0
  9
$DIMDEC
 70
     0
  9
$DIMTDEC
 70
     0
  9
$DIMALTU
 70
     2
  9
$DIMALTTD
 70
     2
  9
$DIMTXSTY
  7
Standard
  9
$DIMAUNIT
 70
     0
  9
$DIMADEC
 70
     0
  9
$DIMALTRND
 40
0.0
  9
$DIMAZIN
 70
     0
  9
$DIMDSEP
 70
    46
  9
$DIMATFIT
 70
     3
  9
$DIMFRAC
 70
     0
  9
$DIMLDRBLK
  1

  9
$DIMLUNIT
 70
     2
  9
$DIMLWD
 70
    -2
  9
$DIMLWE
 70
    -2
  9
$DIMTMOVE
 70
     2
  9
$DIMFXL
 40
100.0
  9
$DIMFXLON
 70
     0
  9
$DIMJOGANG
 40
0.79
  9
$DIMTFILL
 70
     0
  9
$DIMTFILLCLR
 70
     0
  9
$DIMARCSYM
 70
     0
  9
$DIMLTYPE
  6

  9
$DIMLTEX1
  6

  9
$DIMLTEX2
  6

  9
$DIMTXTDIRECTION
 70
     0
  9
$LUNITS
 70
     2
  9
$LUPREC
 70
     0
  9
$SKETCHINC
 40
0.1
  9
$FILLETRAD
 40
0.0
  9
$AUNITS
 70
     0
  9
$AUPREC
 70
     0
  9
$MENU
  1
.
  9
$ELEVATION
 40
0.0
  9
$PELEVATION
 40
0.0
  9
$THICKNESS
 40
0.0
  9
$LIMCHECK
 70
     0
  9
$CHAMFERA
 40
0.0
  9
$CHAMFERB
 40
0.0
  9
$CHAMFERC
 40
0.0
  9
$CHAMFERD
 40
0.0
  9
$SKPOLY
 70
     0
  9
$TDCREATE
 40
2461267.471261574
  9
$TDUCREATE
 40
2461267.137928241
  9
$TDUPDATE
 40
2461267.610023149
  9
$TDUUPDATE
 40
2461267.276689815
  9
$TDINDWG
 40
0.0914120370
  9
$TDUSRTIMER
 40
0.0914004630
  9
$USRTIMER
 70
     1
  9
$ANGBASE
 50
0.0
  9
$ANGDIR
 70
     0
  9
$PDMODE
 70
     0
  9
$PDSIZE
 40
0.0
  9
$PLINEWID
 40
0.0
  9
$SPLFRAME
 70
     0
  9
$SPLINETYPE
 70
     6
  9
$SPLINESEGS
 70
     8
  9
$HANDSEED
  5
4A6
  9
$SURFTAB1
 70
     6
  9
$SURFTAB2
 70
     6
  9
$SURFTYPE
 70
     6
  9
$SURFU
 70
     6
  9
$SURFV
 70
     6
  9
$UCSBASE
  2

  9
$UCSNAME
  2

  9
$UCSORG
 10
0.0
 20
0.0
 30
0.0
  9
$UCSXDIR
 10
1.0
 20
0.0
 30
0.0
  9
$UCSYDIR
 10
0.0
 20
1.0
 30
0.0
  9
$UCSORTHOREF
  2

  9
$UCSORTHOVIEW
 70
     1
  9
$UCSORGTOP
 10
0.0
 20
0.0
 30
0.0
  9
$UCSORGBOTTOM
 10
0.0
 20
0.0
 30
0.0
  9
$UCSORGLEFT
 10
0.0
 20
0.0
 30
0.0
  9
$UCSORGRIGHT
 10
0.0
 20
0.0
 30
0.0
  9
$UCSORGFRONT
 10
0.0
 20
0.0
 30
0.0
  9
$UCSORGBACK
 10
0.0
 20
0.0
 30
0.0
  9
$PUCSBASE
  2

  9
$PUCSNAME
  2

  9
$PUCSORG
 10
0.0
 20
0.0
 30
0.0
  9
$PUCSXDIR
 10
1.0
 20
0.0
 30
0.0
  9
$PUCSYDIR
 10
0.0
 20
1.0
 30
0.0
  9
$PUCSORTHOREF
  2

  9
$PUCSORTHOVIEW
 70
     0
  9
$PUCSORGTOP
 10
0.0
 20
0.0
 30
0.0
  9
$PUCSORGBOTTOM
 10
0.0
 20
0.0
 30
0.0
  9
$PUCSORGLEFT
 10
0.0
 20
0.0
 30
0.0
  9
$PUCSORGRIGHT
 10
0.0
 20
0.0
 30
0.0
  9
$PUCSORGFRONT
 10
0.0
 20
0.0
 30
0.0
  9
$PUCSORGBACK
 10
0.0
 20
0.0
 30
0.0
  9
$USERI1
 70
     0
  9
$USERI2
 70
     0
  9
$USERI3
 70
     0
  9
$USERI4
 70
     0
  9
$USERI5
 70
     0
  9
$USERR1
 40
0.0
  9
$USERR2
 40
0.0
  9
$USERR3
 40
0.0
  9
$USERR4
 40
0.0
  9
$USERR5
 40
0.0
  9
$WORLDVIEW
 70
     1
  9
$SHADEDGE
 70
     3
  9
$SHADEDIF
 70
    70
  9
$TILEMODE
 70
     1
  9
$MAXACTVP
 70
    64
  9
$PINSBASE
 10
0.0
 20
0.0
 30
0.0
  9
$PLIMCHECK
 70
     0
  9
$PEXTMIN
 10
0.0
 20
0.0
 30
0.0
  9
$PEXTMAX
 10
0.0
 20
0.0
 30
0.0
  9
$PLIMMIN
 10
0.0
 20
0.0
  9
$PLIMMAX
 10
12.0
 20
9.0
  9
$UNITMODE
 70
     0
  9
$VISRETAIN
 70
     1
  9
$PLINEGEN
 70
     0
  9
$PSLTSCALE
 70
     1
  9
$TREEDEPTH
 70
  3020
  9
$CMLSTYLE
  2
Standard
  9
$CMLJUST
 70
     0
  9
$CMLSCALE
 40
1.0
  9
$PROXYGRAPHICS
 70
     1
  9
$MEASUREMENT
 70
     0
  9
$CELWEIGHT
370
    -1
  9
$ENDCAPS
280
     0
  9
$JOINSTYLE
280
     0
  9
$LWDISPLAY
290
     0
  9
$INSUNITS
 70
     0
  9
$HYPERLINKBASE
  1

  9
$STYLESHEET
  1

  9
$XEDIT
290
     1
  9
$CEPSNTYPE
380
     0
  9
$PSTYLEMODE
290
     1
  9
$FINGERPRINTGUID
  2
{C2A08CB5-F4C2-544D-9917-696E817F6147}
  9
$VERSIONGUID
  2
{4062B5AC-7702-FC4B-9045-1A1A9DEB3B74}
  9
$EXTNAMES
290
     1
  9
$PSVPSCALE
 40
0.0
  9
$OLESTARTUP
290
     0
  9
$SORTENTS
280
   127
  9
$INDEXCTL
280
     0
  9
$HIDETEXT
280
     1
  9
$XCLIPFRAME
280
     0
  9
$HALOGAP
280
     0
  9
$OBSCOLOR
 70
   257
  9
$OBSLTYPE
280
     0
  9
$INTERSECTIONDISPLAY
280
     0
  9
$INTERSECTIONCOLOR
 70
   257
  9
$DIMASSOC
280
     2
  9
$PROJECTNAME
  1

  9
$CAMERADISPLAY
290
     0
  9
$LENSLENGTH
 40
50.0
  9
$CAMERAHEIGHT
 40
0.0
  9
$STEPSPERSEC
 40
2.0
  9
$STEPSIZE
 40
6.0
  9
$3DDWFPREC
 40
2.0
  9
$PSOLWIDTH
 40
0.25
  9
$PSOLHEIGHT
 40
4.0
  9
$LOFTANG1
 40
1.57
  9
$LOFTANG2
 40
1.57
  9
$LOFTMAG1
 40
0.0
  9
$LOFTMAG2
 40
0.0
  9
$LOFTPARAM
 70
     7
  9
$LOFTNORMALS
280
     1
  9
$LATITUDE
 40
37.8
  9
$LONGITUDE
 40
-122.39
  9
$NORTHDIRECTION
 40
0.0
  9
$TIMEZONE
 70
 -8000
  9
$LIGHTGLYPHDISPLAY
280
     1
  9
$TILEMODELIGHTSYNCH
280
     1
  9
$CMATERIAL
347
24F
  9
$SOLIDHIST
280
     1
  9
$SHOWHIST
280
     1
  9
$DWFFRAME
280
     2
  9
$DGNFRAME
280
     0
  9
$REALWORLDSCALE
290
     1
  9
$INTERFERECOLOR
 62
     1
  9
$INTERFEREOBJVS
345
266
  9
$INTERFEREVPVS
346
267
  9
$CSHADOW
280
     0
  9
$SHADOWPLANELOCATION
 40
0.0
  0
ENDSEC
  0
SECTION
  2
CLASSES
  0
CLASS
  1
ACDBDICTIONARYWDFLT
  2
AcDbDictionaryWithDefault
  3
ObjectDBX Classes
 90
        0
 91
        1
280
     0
281
     0
  0
CLASS
  1
DICTIONARYVAR
  2
AcDbDictionaryVar
  3
ObjectDBX Classes
 90
        0
 91
       14
280
     0
281
     0
  0
CLASS
  1
TABLESTYLE
  2
AcDbTableStyle
  3
ObjectDBX Classes
 90
     4095
 91
        1
280
     0
281
     0
  0
CLASS
  1
MATERIAL
  2
AcDbMaterial
  3
ObjectDBX Classes
 90
     1153
 91
        3
280
     0
281
     0
  0
CLASS
  1
VISUALSTYLE
  2
AcDbVisualStyle
  3
ObjectDBX Classes
 90
     4095
 91
       25
280
     0
281
     0
  0
CLASS
  1
GROUND_PLANE_BACKGROUND
  2
AcDbGroundPlaneBackground
  3
SCENEOE
 90
     4095
 91
        0
280
     1
281
     0
  0
CLASS
  1
NPOCOLLECTION
  2
AcDbImpNonPersistentObjectsCollection
  3
ObjectDBX Classes
 90
     1153
 91
        0
280
     0
281
     0
  0
CLASS
  1
ACSH_CONE_CLASS
  2
AcDbShCone
  3
ObjectDBX Classes
 90
     1153
 91
        0
280
     0
281
     0
  0
CLASS
  1
ACAD_EVALUATION_GRAPH
  2
AcDbEvalGraph
  3
ObjectDBX Classes
 90
     1153
 91
        0
280
     0
281
     0
  0
CLASS
  1
ACSH_HISTORY_CLASS
  2
AcDbShHistory
  3
ObjectDBX Classes
 90
     1153
 91
        0
280
     0
281
     0
  0
CLASS
  1
SOLID_BACKGROUND
  2
AcDbSolidBackground
  3
SCENEOE
 90
     4095
 91
        0
280
     1
281
     0
  0
CLASS
  1
ACSH_BOX_CLASS
  2
AcDbShBox
  3
ObjectDBX Classes
 90
     1153
 91
        0
280
     0
281
     0
  0
CLASS
  1
SCALE
  2
AcDbScale
  3
ObjectDBX Classes
 90
     1153
 91
       33
280
     0
281
     0
  0
CLASS
  1
MLEADERSTYLE
  2
AcDbMLeaderStyle
  3
ACDB_MLEADERSTYLE_CLASS
 90
     4095
 91
        1
280
     0
281
     0
  0
CLASS
  1
WIPEOUTVARIABLES
  2
AcDbWipeoutVariables
  3
"WipeOut|Product Desc:     WipeOut Dbx Application|Company:          Autodesk, Inc.|WEB Address:      www.autodesk.com"
 90
        0
 91
        0
280
     0
281
     0
  0
CLASS
  1
CELLSTYLEMAP
  2
AcDbCellStyleMap
  3
ObjectDBX Classes
 90
     1152
 91
        2
280
     0
281
     0
  0
CLASS
  1
ACDBSECTIONVIEWSTYLE
  2
AcDbSectionViewStyle
  3
ObjectDBX Classes
 90
     1025
 91
        1
280
     0
281
     0
  0
CLASS
  1
ACDBDETAILVIEWSTYLE
  2
AcDbDetailViewStyle
  3
ObjectDBX Classes
 90
     1025
 91
        1
280
     0
281
     0
  0
CLASS
  1
TCH_DBCONFIG
  2
TDbConfig
  3
"TCH_KERNAL|缺乏解释器天正图形看不见, 请下载天正插件|网址: www.tangent.com.cn"
 90
        1
 91
        1
280
     0
281
     0
  0
CLASS
  1
SORTENTSTABLE
  2
AcDbSortentsTable
  3
ObjectDBX Classes
 90
        0
 91
        2
280
     0
281
     0
  0
CLASS
  1
TCH_WALL
  2
TDbWall
  3
"TCH_KERNAL|缺乏解释器天正图形看不见, 请下载天正插件|网址: www.tangent.com.cn"
 90
        1
 91
        0
280
     0
281
     1
  0
CLASS
  1
TCH_SPACE
  2
TDbSpace
  3
"TCH_KERNAL|缺乏解释器天正图形看不见, 请下载天正插件|网址: www.tangent.com.cn"
 90
        1
 91
        0
280
     0
281
     1
  0
CLASS
  1
TCH_OPENING
  2
TDbOpening
  3
"TCH_KERNAL|缺乏解释器天正图形看不见, 请下载天正插件|网址: www.tangent.com.cn"
 90
        1
 91
        0
280
     0
281
     1
  0
CLASS
  1
TCH_COLUMN
  2
TDbColumn
  3
"TCH_KERNAL|缺乏解释器天正图形看不见, 请下载天正插件|网址: www.tangent.com.cn"
 90
        1
 91
        0
280
     0
281
     1
  0
CLASS
  1
TCH_TEXT
  2
TDbText
  3
"TCH_KERNAL|缺乏解释器天正图形看不见, 请下载天正插件|网址: www.tangent.com.cn"
 90
        1
 91
        0
280
     0
281
     1
  0
CLASS
  1
TCH_AXIS_LABEL
  2
TDbAxisLabelSet
  3
"TCH_KERNAL|缺乏解释器天正图形看不见, 请下载天正插件|网址: www.tangent.com.cn"
 90
        1
 91
        0
280
     0
281
     1
  0
CLASS
  1
TCH_DIMENSION2
  2
TDbDimension2
  3
"TCH_KERNAL|缺乏解释器天正图形看不见, 请下载天正插件|网址: www.tangent.com.cn"
 90
        1
 91
        0
280
     0
281
     1
  0
ENDSEC
  0
SECTION
  2
TABLES
  0
TABLE
  2
VPORT
  5
243
330
0
100
AcDbSymbolTable
 70
     1
  0
VPORT
  5
244
330
243
100
AcDbSymbolTableRecord
100
AcDbViewportTableRecord
  2
*Active
 70
     0
 10
0.0
 20
0.0
 11
1.0
 21
1.0
 12
132393.09
 22
2837.02
 13
0.0
 23
0.0
 14
0.5
 24
0.5
 15
0.5
 25
0.5
 16
0.0
 26
0.0
 36
1.0
 17
6.0
 27
4.5
 37
-6.89
 40
41498.47
 41
2.25
 42
50.0
 43
0.0
 44
0.0
 50
0.0
 51
0.0
 71
     0
 72
  1000
 73
     1
 74
     3
 75
     0
 76
     0
 77
     0
 78
     0
281
     0
 65
     1
110
0.0
120
0.0
130
0.0
111
1.0
121
0.0
131
0.0
112
0.0
122
1.0
132
0.0
 79
     0
146
0.0
348
245
 60
     3
 61
     5
292
     1
282
     1
141
0.0
142
0.0
 63
   250
421
  3355443
1001
ACAD_NAV_VCDISPLAY
1070
     3
  0
ENDTAB
  0
TABLE
  2
LTYPE
  5
23E
330
0
100
AcDbSymbolTable
 70
     6
  0
LTYPE
  5
23F
330
23E
100
AcDbSymbolTableRecord
100
AcDbLinetypeTableRecord
  2
ByBlock
 70
     0
  3

 72
    65
 73
     0
 40
0.0
  0
LTYPE
  5
240
330
23E
100
AcDbSymbolTableRecord
100
AcDbLinetypeTableRecord
  2
ByLayer
 70
     0
  3

 72
    65
 73
     0
 40
0.0
  0
LTYPE
  5
C
330
23E
100
AcDbSymbolTableRecord
100
AcDbLinetypeTableRecord
  2
Continuous
 70
     0
  3
Solid line
 72
    65
 73
     0
 40
0.0
  0
LTYPE
  5
29E
330
23E
100
AcDbSymbolTableRecord
100
AcDbLinetypeTableRecord
  2
DASH
 70
     0
  3
__ __ __ __ __ __ __ __ __ __ __ __ __ __ __ __
 72
    65
 73
     2
 40
0.35
 49
0.25
 74
     0
 49
-0.1
 74
     0
  0
LTYPE
  5
29F
330
23E
100
AcDbSymbolTableRecord
100
AcDbLinetypeTableRecord
  2
HT-A-NOPLOT-F01-NEW
 70
     0
  3
____ . ____ . ____ . ____ . ____ . ____ . ____ 
 72
    65
 73
     4
 40
2.42
 49
2.0
 74
     0
 49
-0.2
 74
     0
 49
0.02
 74
     0
 49
-0.2
 74
     0
  0
LTYPE
  5
2A0
330
23E
100
AcDbSymbolTableRecord
100
AcDbLinetypeTableRecord
  2
ACAD_ISO05W100
 70
     0
  3
ISO long-dash double-dot ____ .. ____ .. ____ .
 72
    65
 73
     6
 40
34.0
 49
24.0
 74
     0
 49
-3.0
 74
     0
 49
0.5
 74
     0
 49
-3.0
 74
     0
 49
0.5
 74
     0
 49
-3.0
 74
     0
  0
LTYPE
  5
2A1
330
23E
100
AcDbSymbolTableRecord
100
AcDbLinetypeTableRecord
  2
CENTERX2
 70
     0
  3
Center (2x) ________  __  ________  __  _____
 72
    65
 73
     4
 40
4.0
 49
2.5
 74
     0
 49
-0.5
 74
     0
 49
0.5
 74
     0
 49
-0.5
 74
     0
  0
LTYPE
  5
2A2
330
23E
100
AcDbSymbolTableRecord
100
AcDbLinetypeTableRecord
  2
DASHED
 70
     0
  3
Dashed __ __ __ __ __ __ __ __ __ __ __ __ __ _
 72
    65
 73
     2
 40
0.75
 49
0.5
 74
     0
 49
-0.25
 74
     0
  0
ENDTAB
  0
TABLE
  2
LAYER
  5
236
102
{ACAD_XDICTIONARY
360
237
102
}
330
0
100
AcDbSymbolTable
 70
    17
  0
LAYER
  5
6
102
{ACAD_XDICTIONARY
360
47B
102
}
330
236
100
AcDbSymbolTableRecord
100
AcDbLayerTableRecord
  2
0
 70
     0
 62
     7
  6
Continuous
370
    -3
390
7
347
A
348
0
1001
_LayerManage
1070
     0
1070
     0
1070
     0
  0
LAYER
  5
149
330
236
100
AcDbSymbolTableRecord
100
AcDbLayerTableRecord
  2
Defpoints
 70
     0
 62
     7
  6
Continuous
290
     0
370
    -3
390
7
347
A
348
0
1001
_LayerManage
1070
     0
1070
     0
1070
     0
  0
LAYER
  5
F
102
{ACAD_XDICTIONARY
360
47D
102
}
330
236
100
AcDbSymbolTableRecord
100
AcDbLayerTableRecord
  2
HT-A-NOPLOT-F01-NEW
 70
     0
 62
     1
  6
Continuous
370
    -3
390
7
347
A
348
0
1001
AcAecLayerStandard
1000

1000
此图层的直线和弧认为是平面轴线
1001
_LayerManage
1070
     0
1070
     0
1070
     0
  0
LAYER
  5
129
102
{ACAD_XDICTIONARY
360
47F
102
}
330
236
100
AcDbSymbolTableRecord
100
AcDbLayerTableRecord
  2
HT-A-COLUMN-F01-NEW
 70
     0
 62
     9
  6
Continuous
370
    -3
390
7
347
A
348
0
1001
AcAecLayerStandard
1000

1000
存放各种材质构成的柱子对象
1001
_LayerManage
1070
     0
1070
     0
1070
     0
  0
LAYER
  5
29
102
{ACAD_XDICTIONARY
360
481
102
}
330
236
100
AcDbSymbolTableRecord
100
AcDbLayerTableRecord
  2
HT-A-WIND-F01-NEW
 70
     0
 62
     4
  6
Continuous
370
    -3
390
7
347
A
348
0
1001
AcAecLayerStandard
1000

1000
存放插入的门图块
1001
_LayerManage
1070
     0
1070
     0
1070
     0
  0
LAYER
  5
134
102
{ACAD_XDICTIONARY
360
483
102
}
330
236
100
AcDbSymbolTableRecord
100
AcDbLayerTableRecord
  2
HT-A-AXIS-F01-NEW
 70
     0
 62
     3
  6
Continuous
370
    -3
390
7
347
A
348
0
1001
AcAecLayerStandard
1000

1000
存放轴号对象
1001
_LayerManage
1070
     0
1070
     0
1070
     0
  0
LAYER
  5
1A
102
{ACAD_XDICTIONARY
360
485
102
}
330
236
100
AcDbSymbolTableRecord
100
AcDbLayerTableRecord
  2
HT-A-WALL-F01-NEW
 70
     0
 62
     9
  6
Continuous
370
    -3
390
7
347
A
348
0
1001
AcAecLayerStandard
1000

1000
存放各种材质的墙对象
  0
LAYER
  5
26
102
{ACAD_XDICTIONARY
360
487
102
}
330
236
100
AcDbSymbolTableRecord
100
AcDbLayerTableRecord
  2
SURFACE
 70
     0
 62
     6
  6
Continuous
370
    -3
390
7
347
A
348
0
1001
AcAecLayerStandard
1000

1000
粉刷层、保温层、详图饰面层
1001
_LayerManage
1070
     0
1070
     0
1070
     0
  0
LAYER
  5
FB
102
{ACAD_XDICTIONARY
360
489
102
}
330
236
100
AcDbSymbolTableRecord
100
AcDbLayerTableRecord
  2
HT-A-ROOM-F01-NEW
 70
     0
 62
     7
  6
Continuous
370
    -3
390
7
347
A
348
0
1001
AcAecLayerStandard
1000

1000
房间名称、编号
1001
_LayerManage
1070
     0
1070
     0
1070
     0
  0
LAYER
  5
FD
102
{ACAD_XDICTIONARY
360
48B
102
}
330
236
100
AcDbSymbolTableRecord
100
AcDbLayerTableRecord
  2
SPACE_HATCH
 70
     0
 62
     8
  6
Continuous
370
    -3
390
7
347
A
348
0
1001
AcAecLayerStandard
1000

1000
房间面积填充图案
1001
_LayerManage
1070
     0
1070
     0
1070
     0
  0
LAYER
  5
136
102
{ACAD_XDICTIONARY
360
48D
102
}
330
236
100
AcDbSymbolTableRecord
100
AcDbLayerTableRecord
  2
HT-A-AXIS-TEXT-F01-NEW
 70
     0
 62
     7
  6
Continuous
370
    -3
390
7
347
A
348
0
1001
AcAecLayerStandard
1000

1000
轴号对象的轴号文字
1001
_LayerManage
1070
     0
1070
     0
1070
     0
  0
LAYER
  5
25
102
{ACAD_XDICTIONARY
360
48F
102
}
330
236
100
AcDbSymbolTableRecord
100
AcDbLayerTableRecord
  2
PUB_HATCH
 70
     0
 62
     8
  6
Continuous
370
    -3
390
7
347
A
348
0
1001
AcAecLayerStandard
1000

1000
填充图案
1001
_LayerManage
1070
     0
1070
     0
1070
     0
  0
LAYER
  5
66
102
{ACAD_XDICTIONARY
360
491
102
}
330
236
100
AcDbSymbolTableRecord
100
AcDbLayerTableRecord
  2
HT-A-WIND-TEXT-F01-NEW
 70
     0
 62
     7
  6
Continuous
370
    -3
390
7
347
A
348
0
1001
AcAecLayerStandard
1000

1000
门窗编号
1001
_LayerManage
1070
     0
1070
     0
1070
     0
  0
LAYER
  5
36
102
{ACAD_XDICTIONARY
360
493
102
}
330
236
100
AcDbSymbolTableRecord
100
AcDbLayerTableRecord
  2
3T_BAR
 70
     0
 62
     7
  6
Continuous
370
    -3
390
7
347
A
348
0
1001
_LayerManage
1070
     0
1070
     0
1070
     0
  0
LAYER
  5
43
102
{ACAD_XDICTIONARY
360
495
102
}
330
236
100
AcDbSymbolTableRecord
100
AcDbLayerTableRecord
  2
3T_GLASS
 70
     0
 62
     5
  6
Continuous
370
    -3
390
7
347
A
348
0
1001
_LayerManage
1070
     0
1070
     0
1070
     0
  0
LAYER
  5
7D
102
{ACAD_XDICTIONARY
360
497
102
}
330
236
100
AcDbSymbolTableRecord
100
AcDbLayerTableRecord
  2
3T_WOOD
 70
     0
 62
    21
  6
Continuous
370
    -3
390
7
347
A
348
0
1001
_LayerManage
1070
     0
1070
     0
1070
     0
  0
LAYER
  5
2A4
102
{ACAD_XDICTIONARY
360
499
102
}
330
236
100
AcDbSymbolTableRecord
100
AcDbLayerTableRecord
  2
PUB_WALL
 70
     0
 62
     9
  6
Continuous
370
    -3
390
7
347
A
348
0
  0
ENDTAB
  0
TABLE
  2
STYLE
  5
23B
330
0
100
AcDbSymbolTable
 70
    11
  0
STYLE
  5
23C
330
23B
100
AcDbSymbolTableRecord
100
AcDbTextStyleTableRecord
  2
Standard
 70
     0
 40
0.0
 41
1.0
 50
0.0
 71
     0
 42
350.0
  3
gbenor.shx
  4
gbcbig.shx
  0
STYLE
  5
FC
330
23B
100
AcDbSymbolTableRecord
100
AcDbTextStyleTableRecord
  2
_TCH_SPACE
 70
     0
 40
0.0
 41
1.0
 50
0.0
 71
     0
 42
350.0
  3
SIMPLEX
  4
GBCBIG
1001
_TCH
1040
0.85
1040
0.6
1070
     7
  0
STYLE
  5
65
330
23B
100
AcDbSymbolTableRecord
100
AcDbTextStyleTableRecord
  2
_TCH_WINDOW
 70
     0
 40
0.0
 41
1.0
 50
0.0
 71
     0
 42
350.0
  3
SIMPLEX
  4
GBCBIG
1001
_TCH
1040
0.85
1040
0.6
1070
     7
  0
STYLE
  5
135
330
23B
100
AcDbSymbolTableRecord
100
AcDbTextStyleTableRecord
  2
_TCH_AXIS
 70
     0
 40
0.0
 41
1.0
 50
0.0
 71
     0
 42
350.0
  3
COMPLEX
  4
GBCBIG
1001
_TCH
1040
0.85
1040
0.6
1070
     7
  0
STYLE
  5
147
330
23B
100
AcDbSymbolTableRecord
100
AcDbTextStyleTableRecord
  2
_TCH_DIM_T3
 70
     0
 40
0.0
 41
0.71
 50
0.0
 71
     0
 42
350.0
  3
SIMPLEX
  4
GBCBIG
1001
_TCH
1040
0.85
1040
0.6
1070
     7
  0
STYLE
  5
290
330
23B
100
AcDbSymbolTableRecord
100
AcDbTextStyleTableRecord
  2
COMPLEX
 70
     0
 40
0.0
 41
1.0
 50
0.0
 71
     0
 42
0.6
  3
COMPLEX
  4

1001
AcadAnnotative
1000
AnnotativeData
1002
{
1070
     1
1070
     1
1002
}
  0
STYLE
  5
294
330
23B
100
AcDbSymbolTableRecord
100
AcDbTextStyleTableRecord
  2
ASHADE
 70
     0
 40
0.2
 41
1.0
 50
0.0
 71
     0
 42
0.2
  3
txt.shx
  4
chineset.shx
  0
STYLE
  5
295
330
23B
100
AcDbSymbolTableRecord
100
AcDbTextStyleTableRecord
  2
_TCH_DIM
 70
     0
 40
0.0
 41
1.0
 50
0.0
 71
     0
 42
350.0
  3
SIMPLEX
  4
GBCBIG
1001
_TCH
1040
0.85
1040
0.6
1070
     7
  0
STYLE
  5
296
330
23B
100
AcDbSymbolTableRecord
100
AcDbTextStyleTableRecord
  2
_TCH_LABEL
 70
     0
 40
0.0
 41
1.0
 50
0.0
 71
     0
 42
350.0
  3
COMPLEX
  4
GBCBIG
1001
_TCH
1040
0.85
1040
0.6
1070
     7
  0
STYLE
  5
297
330
23B
100
AcDbSymbolTableRecord
100
AcDbTextStyleTableRecord
  2
_TCH_DYN
 70
     0
 40
0.0
 41
1.0
 50
0.0
 71
     0
 42
350.0
  3

  4

1001
ACAD
1000
SimSun
1071
        0
  0
STYLE
  5
29A
330
23B
100
AcDbSymbolTableRecord
100
AcDbTextStyleTableRecord
  2
DIM_FONT
 70
     0
 40
0.0
 41
0.7
 50
0.0
 71
     0
 42
350.0
  3
SIMPLEX
  4
GBCBIG
1001
_TCH
1040
0.85
1040
0.6
1070
     7
  0
ENDTAB
  0
TABLE
  2
VIEW
  5
241
330
0
100
AcDbSymbolTable
 70
     1
  0
ENDTAB
  0
TABLE
  2
UCS
  5
242
330
0
100
AcDbSymbolTable
 70
     0
  0
ENDTAB
  0
TABLE
  2
APPID
  5
248
330
0
100
AcDbSymbolTable
 70
    10
  0
APPID
  5
23A
330
248
100
AcDbSymbolTableRecord
100
AcDbRegAppTableRecord
  2
ACAD
 70
     0
  0
APPID
  5
64
330
248
100
AcDbSymbolTableRecord
100
AcDbRegAppTableRecord
  2
_TCH
 70
     0
  0
APPID
  5
10
330
248
100
AcDbSymbolTableRecord
100
AcDbRegAppTableRecord
  2
AcAecLayerStandard
 70
     0
  0
APPID
  5
247
330
248
100
AcDbSymbolTableRecord
100
AcDbRegAppTableRecord
  2
ACAD_NAV_VCDISPLAY
 70
     0
  0
APPID
  5
D
330
248
100
AcDbSymbolTableRecord
100
AcDbRegAppTableRecord
  2
_LayerManage
 70
     0
  0
APPID
  5
291
330
248
100
AcDbSymbolTableRecord
100
AcDbRegAppTableRecord
  2
AcadAnnotative
 70
     0
  0
APPID
  5
2A5
330
248
100
AcDbSymbolTableRecord
100
AcDbRegAppTableRecord
  2
WTHICK
 70
     0
  0
APPID
  5
381
330
248
100
AcDbSymbolTableRecord
100
AcDbRegAppTableRecord
  2
_TCH_MASK
 70
     0
  0
APPID
  5
431
330
248
100
AcDbSymbolTableRecord
100
AcDbRegAppTableRecord
  2
ACAD_DSTYLE_DIMEXT_LENGTH
 70
     0
  0
APPID
  5
469
330
248
100
AcDbSymbolTableRecord
100
AcDbRegAppTableRecord
  2
ACAD_MLEADERVER
 70
     0
  0
ENDTAB
  0
TABLE
  2
DIMSTYLE
  5
249
330
0
100
AcDbSymbolTable
 70
     2
100
AcDbDimStyleTable
 71
     2
340
14D
340
24A
  0
DIMSTYLE
105
24A
330
249
100
AcDbSymbolTableRecord
100
AcDbDimStyleTableRecord
  2
STANDARD
 70
     0
 40
100.0
 41
1.0
 42
3.0
 43
0.0
 44
2.5
 73
     0
 74
     0
 77
     1
140
3.5
147
1.5
172
     1
174
     1
271
     0
272
     0
279
     2
340
23C
342
141
  0
DIMSTYLE
105
14D
102
{ACAD_REACTORS
330
13A
330
14E
330
15B
330
168
330
175
330
182
330
18F
330
19C
330
1A9
330
1B6
330
1C3
330
1D0
330
1DD
330
1EA
330
1F7
330
204
330
211
330
21E
102
}
330
249
100
AcDbSymbolTableRecord
100
AcDbDimStyleTableRecord
  2
_TCH_ARCH&&100
 70
     0
 41
100.0
 42
300.0
 43
0.0
 44
250.0
 49
100.0
 73
     0
 74
     0
 77
     1
 79
     2
140
297.5
147
126.25
172
     1
174
     1
178
     7
179
     2
271
     0
272
     0
279
     2
340
147
342
141
  0
ENDTAB
  0
TABLE
  2
BLOCK_RECORD
  5
1
330
0
100
AcDbSymbolTable
 70
    28
  0
BLOCK_RECORD
  5
2
102
{ACAD_XDICTIONARY
360
3
102
}
330
1
100
AcDbSymbolTableRecord
100
AcDbBlockTableRecord
  2
*Model_Space
340
22C
 70
     0
280
     1
281
     0
  0
BLOCK_RECORD
  5
22E
330
1
100
AcDbSymbolTableRecord
100
AcDbBlockTableRecord
  2
*Paper_Space
340
231
 70
     0
280
     1
281
     0
  0
BLOCK_RECORD
  5
232
330
1
100
AcDbSymbolTableRecord
100
AcDbBlockTableRecord
  2
*Paper_Space0
340
235
 70
     0
280
     1
281
     0
  0
BLOCK_RECORD
  5
141
330
1
100
AcDbSymbolTableRecord
100
AcDbBlockTableRecord
  2
_ArchTick
340
0
102
{BLKREFS
331
140
331
145
331
154
331
155
331
161
331
162
331
16E
331
16F
331
17B
331
17C
331
188
331
189
331
195
331
196
331
1A2
331
1A3
331
1AF
331
1B0
331
1BC
331
1BD
331
1C9
331
1CA
331
1D6
331
1D7
331
1E3
331
1E4
331
1F0
331
1F1
331
1FD
331
1FE
331
20A
331
20B
331
217
331
218
331
224
331
225
102
}
 70
     0
280
     1
281
     0
  0
BLOCK_RECORD
  5
1B
102
{ACAD_XDICTIONARY
360
1C
102
}
330
1
100
AcDbSymbolTableRecord
100
AcDbBlockTableRecord
  2
$LinePat$保温层
340
0
 70
     0
280
     1
281
     0
  0
BLOCK_RECORD
  5
7A
330
1
100
AcDbSymbolTableRecord
100
AcDbBlockTableRecord
  2
$TCHSYS$DOOR3D
340
0
 70
     0
280
     1
281
     0
1001
_TCH
1040
900.0
1040
2100.0
  0
BLOCK_RECORD
  5
71
102
{ACAD_XDICTIONARY
360
72
102
}
330
1
100
AcDbSymbolTableRecord
100
AcDbBlockTableRecord
  2
$DorLib2D$00000001
340
0
102
{BLKREFS
331
33D
331
340
331
343
331
346
331
349
331
37E
331
3D2
331
3D5
102
}
 70
     0
280
     1
281
     0
  0
BLOCK_RECORD
  5
E6
330
1
100
AcDbSymbolTableRecord
100
AcDbBlockTableRecord
  2
$DorLib2D$00000131
340
0
102
{BLKREFS
331
378
331
37B
102
}
 70
     0
280
     1
281
     0
1001
_TCH
1040
1.0
  0
BLOCK_RECORD
  5
2A
330
1
100
AcDbSymbolTableRecord
100
AcDbBlockTableRecord
  2
$TCHSYS$WIN2D
340
0
102
{BLKREFS
331
3A5
331
3A8
331
3AB
331
3AE
331
3B1
331
3B4
331
3B7
331
3BA
331
3BD
331
3C0
331
3C3
331
3C6
331
3C9
331
3CC
331
3CF
331
3D8
102
}
 70
     0
280
     1
281
     0
  0
BLOCK_RECORD
  5
33
330
1
100
AcDbSymbolTableRecord
100
AcDbBlockTableRecord
  2
$TCHSYS$WIN3D
340
0
 70
     0
280
     1
281
     0
1001
_TCH
1040
1200.0
1040
1800.0
  0
BLOCK_RECORD
  5
13B
330
1
100
AcDbSymbolTableRecord
100
AcDbBlockTableRecord
  2
*D8
340
0
 70
     0
280
     1
281
     0
  0
BLOCK_RECORD
  5
14F
330
1
100
AcDbSymbolTableRecord
100
AcDbBlockTableRecord
  2
*D9
340
0
 70
     0
280
     1
281
     0
  0
BLOCK_RECORD
  5
15C
330
1
100
AcDbSymbolTableRecord
100
AcDbBlockTableRecord
  2
*D10
340
0
 70
     0
280
     1
281
     0
  0
BLOCK_RECORD
  5
169
330
1
100
AcDbSymbolTableRecord
100
AcDbBlockTableRecord
  2
*D11
340
0
 70
     0
280
     1
281
     0
  0
BLOCK_RECORD
  5
176
330
1
100
AcDbSymbolTableRecord
100
AcDbBlockTableRecord
  2
*D12
340
0
 70
     0
280
     1
281
     0
  0
BLOCK_RECORD
  5
183
330
1
100
AcDbSymbolTableRecord
100
AcDbBlockTableRecord
  2
*D13
340
0
 70
     0
280
     1
281
     0
  0
BLOCK_RECORD
  5
190
330
1
100
AcDbSymbolTableRecord
100
AcDbBlockTableRecord
  2
*D14
340
0
 70
     0
280
     1
281
     0
  0
BLOCK_RECORD
  5
19D
330
1
100
AcDbSymbolTableRecord
100
AcDbBlockTableRecord
  2
*D15
340
0
 70
     0
280
     1
281
     0
  0
BLOCK_RECORD
  5
1AA
330
1
100
AcDbSymbolTableRecord
100
AcDbBlockTableRecord
  2
*D16
340
0
 70
     0
280
     1
281
     0
  0
BLOCK_RECORD
  5
1B7
330
1
100
AcDbSymbolTableRecord
100
AcDbBlockTableRecord
  2
*D17
340
0
 70
     0
280
     1
281
     0
  0
BLOCK_RECORD
  5
1C4
330
1
100
AcDbSymbolTableRecord
100
AcDbBlockTableRecord
  2
*D18
340
0
 70
     0
280
     1
281
     0
  0
BLOCK_RECORD
  5
1D1
330
1
100
AcDbSymbolTableRecord
100
AcDbBlockTableRecord
  2
*D19
340
0
 70
     0
280
     1
281
     0
  0
BLOCK_RECORD
  5
1DE
330
1
100
AcDbSymbolTableRecord
100
AcDbBlockTableRecord
  2
*D20
340
0
 70
     0
280
     1
281
     0
  0
BLOCK_RECORD
  5
1EB
330
1
100
AcDbSymbolTableRecord
100
AcDbBlockTableRecord
  2
*D21
340
0
 70
     0
280
     1
281
     0
  0
BLOCK_RECORD
  5
1F8
330
1
100
AcDbSymbolTableRecord
100
AcDbBlockTableRecord
  2
*D22
340
0
 70
     0
280
     1
281
     0
  0
BLOCK_RECORD
  5
205
330
1
100
AcDbSymbolTableRecord
100
AcDbBlockTableRecord
  2
*D23
340
0
 70
     0
280
     1
281
     0
  0
BLOCK_RECORD
  5
212
330
1
100
AcDbSymbolTableRecord
100
AcDbBlockTableRecord
  2
*D24
340
0
 70
     0
280
     1
281
     0
  0
BLOCK_RECORD
  5
21F
330
1
100
AcDbSymbolTableRecord
100
AcDbBlockTableRecord
  2
*D25
340
0
 70
     0
280
     1
281
     0
  0
BLOCK_RECORD
  5
28C
330
1
100
AcDbSymbolTableRecord
100
AcDbBlockTableRecord
  2
_AXISO
340
0
102
{BLKREFS
331
3F2
331
3F6
331
3FA
331
3FE
331
402
331
406
331
40A
331
40E
331
412
331
416
331
41A
331
41E
331
422
331
3DE
331
3E2
331
3E6
331
3EA
331
3EE
102
}
 70
     0
280
     1
281
     0
  0
BLOCK_RECORD
  5
39D
102
{ACAD_XDICTIONARY
360
3A0
102
}
330
1
100
AcDbSymbolTableRecord
100
AcDbBlockTableRecord
  2
_FZH
340
0
102
{BLKREFS
331
3A3
331
3A4
102
}
 70
     0
280
     1
281
     0
  0
ENDTAB
  0
ENDSEC
  0
SECTION
  2
BLOCKS
  0
BLOCK
  5
5
330
2
100
AcDbEntity
  8
0
100
AcDbBlockBegin
  2
*Model_Space
 70
     0
 10
0.0
 20
0.0
 30
0.0
  3
*Model_Space
  1

  0
ENDBLK
  5
22B
330
2
100
AcDbEntity
  8
0
100
AcDbBlockEnd
  0
BLOCK
  5
22F
330
22E
100
AcDbEntity
 67
     1
  8
0
100
AcDbBlockBegin
  2
*Paper_Space
 70
     0
 10
0.0
 20
0.0
 30
0.0
  3
*Paper_Space
  1

  0
ENDBLK
  5
230
330
22E
100
AcDbEntity
 67
     1
  8
0
100
AcDbBlockEnd
  0
BLOCK
  5
233
330
232
100
AcDbEntity
 67
     1
  8
0
100
AcDbBlockBegin
  2
*Paper_Space0
 70
     0
 10
0.0
 20
0.0
 30
0.0
  3
*Paper_Space0
  1

  0
ENDBLK
  5
234
330
232
100
AcDbEntity
 67
     1
  8
0
100
AcDbBlockEnd
  0
BLOCK
  5
142
330
141
100
AcDbEntity
  8
0
100
AcDbBlockBegin
  2
_ArchTick
 70
     0
 10
0.0
 20
0.0
 30
0.0
  3
_ArchTick
  1

  0
LWPOLYLINE
  5
143
330
141
100
AcDbEntity
  8
0
  6
ByBlock
 62
     0
100
AcDbPolyline
 90
        2
 70
     0
 43
0.4
 10
-0.5
 20
-0.5
 10
0.5
 20
0.5
  0
ENDBLK
  5
144
330
141
100
AcDbEntity
  8
0
100
AcDbBlockEnd
  0
BLOCK
  5
1E
330
1B
100
AcDbEntity
  8
0
100
AcDbBlockBegin
  2
$LinePat$保温层
 70
     0
 10
0.0
 20
0.0
 30
0.0
  3
$LinePat$保温层
  1

  0
LINE
  5
1F
330
1B
100
AcDbEntity
  8
0
 62
     0
100
AcDbLine
 10
24.0
 20
-24.0
 30
0.0
 11
24.0
 21
-56.0
 31
0.0
  0
LINE
  5
20
330
1B
100
AcDbEntity
  8
0
 62
     0
100
AcDbLine
 10
72.0
 20
-56.0
 30
0.0
 11
72.0
 21
-24.0
 31
0.0
  0
ARC
  5
21
330
1B
100
AcDbEntity
  8
0
 62
     0
100
AcDbCircle
 10
0.0
 20
-24.0
 30
0.0
 40
23.99999999999855
100
AcDbArc
 50
0.0
 51
90.0
  0
ARC
  5
22
330
1B
100
AcDbEntity
  8
0
 62
     0
100
AcDbCircle
 10
96.0
 20
-24.0
 30
0.0
 40
24.00000000000037
100
AcDbArc
 50
90.0
 51
180.0
  0
ARC
  5
23
330
1B
100
AcDbEntity
  8
0
 62
     0
100
AcDbCircle
 10
48.0
 20
-56.0
 30
0.0
 40
24.00000000000037
100
AcDbArc
 50
180.0
 51
0.0
  0
ENDBLK
  5
24
330
1B
100
AcDbEntity
  8
0
100
AcDbBlockEnd
  0
BLOCK
  5
7B
330
7A
100
AcDbEntity
  8
0
100
AcDbBlockBegin
  2
$TCHSYS$DOOR3D
 70
     0
 10
0.0
 20
0.0
 30
0.0
  3
$TCHSYS$DOOR3D
  1

  0
3DFACE
  5
7C
330
7A
100
AcDbEntity
  8
3T_WOOD
100
AcDbFace
 10
409.41
 20
-10.0
 30
2055.56
 11
-411.02
 21
-10.0
 31
2055.56
 12
-411.02
 22
-10.0
 32
1.21
 13
409.41
 23
-10.0
 33
1.21
  0
3DFACE
  5
7E
330
7A
100
AcDbEntity
  8
3T_WOOD
100
AcDbFace
 10
-450.0
 20
50.0
 30
2100.0
 11
409.09
 21
50.0
 31
2055.58
 12
-409.09
 22
50.0
 32
2055.58
 13
-409.09
 23
50.0
 33
2055.58
 70
    13
  0
3DFACE
  5
7F
330
7A
100
AcDbEntity
  8
3T_WOOD
100
AcDbFace
 10
409.09
 20
50.0
 30
2055.58
 11
-450.0
 21
50.0
 31
2100.0
 12
450.0
 22
50.0
 32
2100.0
 13
450.0
 23
50.0
 33
2100.0
 70
    13
  0
3DFACE
  5
80
330
7A
100
AcDbEntity
  8
3T_WOOD
100
AcDbFace
 10
-450.0
 20
-50.0
 30
2100.0
 11
-409.09
 21
-50.0
 31
2055.58
 12
409.09
 22
-50.0
 32
2055.58
 13
409.09
 23
-50.0
 33
2055.58
 70
    13
  0
3DFACE
  5
81
330
7A
100
AcDbEntity
  8
3T_WOOD
100
AcDbFace
 10
409.09
 20
-50.0
 30
2055.58
 11
450.0
 21
-50.0
 31
2100.0
 12
-450.0
 22
-50.0
 32
2100.0
 13
-450.0
 23
-50.0
 33
2100.0
 70
    13
  0
3DFACE
  5
82
330
7A
100
AcDbEntity
  8
3T_WOOD
100
AcDbFace
 10
-409.09
 20
-50.0
 30
2055.58
 11
-409.09
 21
50.0
 31
2055.58
 12
409.09
 22
50.0
 32
2055.58
 13
409.09
 23
-50.0
 33
2055.58
  0
3DFACE
  5
83
330
7A
100
AcDbEntity
  8
3T_WOOD
100
AcDbFace
 10
-450.0
 20
50.0
 30
0.0
 11
-409.09
 21
50.0
 31
2055.58
 12
-409.09
 22
50.0
 32
0.0
 13
-409.09
 23
50.0
 33
0.0
 70
     1
  0
3DFACE
  5
84
330
7A
100
AcDbEntity
  8
3T_WOOD
100
AcDbFace
 10
409.09
 20
50.0
 30
2055.58
 11
450.0
 21
50.0
 31
0.0
 12
409.09
 22
50.0
 32
0.0
 13
409.09
 23
50.0
 33
0.0
 70
     1
  0
3DFACE
  5
85
330
7A
100
AcDbEntity
  8
3T_WOOD
100
AcDbFace
 10
409.09
 20
50.0
 30
2055.58
 11
450.0
 21
50.0
 31
2100.0
 12
450.0
 22
50.0
 32
0.0
 13
450.0
 23
50.0
 33
0.0
 70
    13
  0
3DFACE
  5
86
330
7A
100
AcDbEntity
  8
3T_WOOD
100
AcDbFace
 10
-450.0
 20
50.0
 30
2100.0
 11
-409.09
 21
50.0
 31
2055.58
 12
-450.0
 22
50.0
 32
0.0
 13
-450.0
 23
50.0
 33
0.0
 70
     3
  0
3DFACE
  5
87
330
7A
100
AcDbEntity
  8
3T_WOOD
100
AcDbFace
 10
-450.0
 20
-50.0
 30
0.0
 11
-409.09
 21
-50.0
 31
0.0
 12
-409.09
 22
-50.0
 32
2055.58
 13
-409.09
 23
-50.0
 33
2055.58
 70
    12
  0
3DFACE
  5
88
330
7A
100
AcDbEntity
  8
3T_WOOD
100
AcDbFace
 10
409.09
 20
-50.0
 30
2055.58
 11
409.09
 21
-50.0
 31
0.0
 12
450.0
 22
-50.0
 32
0.0
 13
450.0
 23
-50.0
 33
0.0
 70
    12
  0
3DFACE
  5
89
330
7A
100
AcDbEntity
  8
3T_WOOD
100
AcDbFace
 10
409.09
 20
-50.0
 30
2055.58
 11
450.0
 21
-50.0
 31
0.0
 12
450.0
 22
-50.0
 32
2100.0
 13
450.0
 23
-50.0
 33
2100.0
 70
    13
  0
3DFACE
  5
8A
330
7A
100
AcDbEntity
  8
3T_WOOD
100
AcDbFace
 10
-450.0
 20
-50.0
 30
2100.0
 11
-450.0
 21
-50.0
 31
0.0
 12
-409.09
 22
-50.0
 32
2055.58
 13
-409.09
 23
-50.0
 33
2055.58
 70
    14
  0
3DFACE
  5
8B
330
7A
100
AcDbEntity
  8
3T_WOOD
100
AcDbFace
 10
450.0
 20
-50.0
 30
0.0
 11
450.0
 21
50.0
 31
0.0
 12
450.0
 22
50.0
 32
2100.0
 13
450.0
 23
50.0
 33
2100.0
 70
    13
  0
3DFACE
  5
8C
330
7A
100
AcDbEntity
  8
3T_WOOD
100
AcDbFace
 10
450.0
 20
-50.0
 30
2100.0
 11
450.0
 21
-50.0
 31
0.0
 12
450.0
 22
50.0
 32
2100.0
 13
450.0
 23
50.0
 33
2100.0
 70
    14
  0
3DFACE
  5
8D
330
7A
100
AcDbEntity
  8
3T_WOOD
100
AcDbFace
 10
-450.0
 20
-50.0
 30
0.0
 11
-450.0
 21
-50.0
 31
2100.0
 12
-450.0
 22
50.0
 32
2100.0
 13
-450.0
 23
50.0
 33
2100.0
 70
    14
  0
3DFACE
  5
8E
330
7A
100
AcDbEntity
  8
3T_WOOD
100
AcDbFace
 10
-450.0
 20
-50.0
 30
0.0
 11
-450.0
 21
50.0
 31
2100.0
 12
-450.0
 22
50.0
 32
0.0
 13
-450.0
 23
50.0
 33
0.0
 70
    13
  0
3DFACE
  5
8F
330
7A
100
AcDbEntity
  8
3T_WOOD
100
AcDbFace
 10
409.09
 20
-50.0
 30
0.0
 11
409.09
 21
-50.0
 31
2055.58
 12
409.09
 22
50.0
 32
2055.58
 13
409.09
 23
50.0
 33
0.0
  0
3DFACE
  5
90
330
7A
100
AcDbEntity
  8
3T_WOOD
100
AcDbFace
 10
-409.09
 20
50.0
 30
0.0
 11
-409.09
 21
50.0
 31
2055.58
 12
-409.09
 22
-50.0
 32
2055.58
 13
-409.09
 23
-50.0
 33
0.0
  0
3DFACE
  5
91
330
7A
100
AcDbEntity
  8
3T_BAR
100
AcDbFace
 10
-330.18
 20
80.44
 30
907.28
 11
-341.34
 21
80.44
 31
920.52
 12
-341.34
 22
-63.56
 32
920.52
 13
-330.18
 23
-63.56
 33
907.28
  0
3DFACE
  5
92
330
7A
100
AcDbEntity
  8
3T_BAR
100
AcDbFace
 10
-341.34
 20
80.44
 30
920.52
 11
-352.49
 21
80.44
 31
907.28
 12
-352.49
 22
-63.56
 32
907.28
 13
-341.34
 23
-63.56
 33
920.52
  0
3DFACE
  5
93
330
7A
100
AcDbEntity
  8
3T_BAR
100
AcDbFace
 10
-352.49
 20
80.44
 30
907.28
 11
-341.34
 21
80.44
 31
894.03
 12
-341.34
 22
-63.56
 32
894.03
 13
-352.49
 23
-63.56
 33
907.28
  0
3DFACE
  5
94
330
7A
100
AcDbEntity
  8
3T_BAR
100
AcDbFace
 10
-341.34
 20
80.44
 30
894.03
 11
-330.18
 21
80.44
 31
907.28
 12
-330.18
 22
-63.56
 32
907.28
 13
-341.34
 23
-63.56
 33
894.03
  0
3DFACE
  5
95
330
7A
100
AcDbEntity
  8
3T_BAR
100
AcDbFace
 10
-351.72
 20
-63.56
 30
907.27
 11
-351.72
 21
-87.56
 31
907.27
 12
-350.12
 22
-87.56
 32
913.54
 13
-351.72
 23
-63.56
 33
907.27
 70
     4
  0
3DFACE
  5
96
330
7A
100
AcDbEntity
  8
3T_BAR
100
AcDbFace
 10
-351.72
 20
-63.56
 30
907.27
 11
-350.12
 21
-87.56
 31
913.54
 12
-350.12
 22
-63.56
 32
913.54
 13
-351.72
 23
-63.56
 33
907.27
 70
     3
  0
3DFACE
  5
97
330
7A
100
AcDbEntity
  8
3T_BAR
100
AcDbFace
 10
-350.12
 20
-63.56
 30
913.54
 11
-350.12
 21
-87.56
 31
913.54
 12
-346.14
 22
-87.56
 32
918.08
 13
-350.12
 23
-63.56
 33
913.54
 70
     5
  0
3DFACE
  5
98
330
7A
100
AcDbEntity
  8
3T_BAR
100
AcDbFace
 10
-350.12
 20
-63.56
 30
913.54
 11
-346.14
 21
-87.56
 31
918.08
 12
-346.14
 22
-63.56
 32
918.08
 13
-350.12
 23
-63.56
 33
913.54
 70
     3
  0
3DFACE
  5
99
330
7A
100
AcDbEntity
  8
3T_BAR
100
AcDbFace
 10
-346.14
 20
-87.56
 30
918.08
 11
-340.81
 21
-87.56
 31
919.73
 12
-340.81
 22
-63.56
 32
919.73
 13
-346.14
 23
-87.56
 33
918.08
 70
     6
  0
3DFACE
  5
9A
330
7A
100
AcDbEntity
  8
3T_BAR
100
AcDbFace
 10
-346.14
 20
-87.56
 30
918.08
 11
-340.81
 21
-63.56
 31
919.73
 12
-346.14
 22
-63.56
 32
918.08
 13
-346.14
 23
-87.56
 33
918.08
 70
     5
  0
3DFACE
  5
9B
330
7A
100
AcDbEntity
  8
3T_BAR
100
AcDbFace
 10
-340.81
 20
-87.56
 30
919.73
 11
-335.47
 21
-87.56
 31
918.08
 12
-335.47
 22
-63.56
 32
918.08
 13
-340.81
 23
-87.56
 33
919.73
 70
     6
  0
3DFACE
  5
9C
330
7A
100
AcDbEntity
  8
3T_BAR
100
AcDbFace
 10
-340.81
 20
-87.56
 30
919.73
 11
-335.47
 21
-63.56
 31
918.08
 12
-340.81
 22
-63.56
 32
919.73
 13
-340.81
 23
-87.56
 33
919.73
 70
     5
  0
3DFACE
  5
9D
330
7A
100
AcDbEntity
  8
3T_BAR
100
AcDbFace
 10
-335.47
 20
-63.56
 30
918.08
 11
-335.47
 21
-87.56
 31
918.08
 12
-331.49
 22
-87.56
 32
913.54
 13
-335.47
 23
-63.56
 33
918.08
 70
     5
  0
3DFACE
  5
9E
330
7A
100
AcDbEntity
  8
3T_BAR
100
AcDbFace
 10
-335.47
 20
-63.56
 30
918.08
 11
-331.49
 21
-87.56
 31
913.54
 12
-331.49
 22
-63.56
 32
913.54
 13
-335.47
 23
-63.56
 33
918.08
 70
     3
  0
3DFACE
  5
9F
330
7A
100
AcDbEntity
  8
3T_BAR
100
AcDbFace
 10
-331.49
 20
-63.56
 30
913.54
 11
-331.49
 21
-87.56
 31
913.54
 12
-329.89
 22
-87.56
 32
907.27
 13
-331.49
 23
-63.56
 33
913.54
 70
     5
  0
3DFACE
  5
A0
330
7A
100
AcDbEntity
  8
3T_BAR
100
AcDbFace
 10
-331.49
 20
-63.56
 30
913.54
 11
-329.89
 21
-87.56
 31
907.27
 12
-329.89
 22
-63.56
 32
907.27
 13
-331.49
 23
-63.56
 33
913.54
 70
     1
  0
3DFACE
  5
A1
330
7A
100
AcDbEntity
  8
3T_BAR
100
AcDbFace
 10
-329.89
 20
-87.56
 30
907.27
 11
-333.71
 21
-87.56
 31
812.63
 12
-333.71
 22
-63.56
 32
812.63
 13
-329.89
 23
-87.56
 33
907.27
 70
     4
  0
3DFACE
  5
A2
330
7A
100
AcDbEntity
  8
3T_BAR
100
AcDbFace
 10
-329.89
 20
-87.56
 30
907.27
 11
-333.71
 21
-63.56
 31
812.63
 12
-329.89
 22
-63.56
 32
907.27
 13
-329.89
 23
-87.56
 33
907.27
 70
     1
  0
3DFACE
  5
A3
330
7A
100
AcDbEntity
  8
3T_BAR
100
AcDbFace
 10
-333.71
 20
-63.56
 30
812.63
 11
-333.71
 21
-87.56
 31
812.63
 12
-348.45
 22
-87.56
 32
812.63
 13
-333.71
 23
-63.56
 33
812.63
 70
     4
  0
3DFACE
  5
A4
330
7A
100
AcDbEntity
  8
3T_BAR
100
AcDbFace
 10
-333.71
 20
-63.56
 30
812.63
 11
-348.45
 21
-87.56
 31
812.63
 12
-348.45
 22
-63.56
 32
812.63
 13
-333.71
 23
-63.56
 33
812.63
 70
     1
  0
3DFACE
  5
A5
330
7A
100
AcDbEntity
  8
3T_BAR
100
AcDbFace
 10
-348.45
 20
-63.56
 30
812.63
 11
-348.45
 21
-87.56
 31
812.63
 12
-351.72
 22
-87.56
 32
907.27
 13
-348.45
 23
-63.56
 33
812.63
 70
     4
  0
3DFACE
  5
A6
330
7A
100
AcDbEntity
  8
3T_BAR
100
AcDbFace
 10
-348.45
 20
-63.56
 30
812.63
 11
-351.72
 21
-87.56
 31
907.27
 12
-351.72
 22
-63.56
 32
907.27
 13
-348.45
 23
-63.56
 33
812.63
 70
     1
  0
3DFACE
  5
A7
330
7A
100
AcDbEntity
  8
3T_BAR
100
AcDbFace
 10
-348.45
 20
-63.56
 30
812.63
 11
-351.72
 21
-63.56
 31
907.27
 12
-346.14
 22
-63.56
 32
918.08
 13
-348.45
 23
-63.56
 33
812.63
 70
     6
  0
3DFACE
  5
A8
330
7A
100
AcDbEntity
  8
3T_BAR
100
AcDbFace
 10
-348.45
 20
-63.56
 30
812.63
 11
-346.14
 21
-63.56
 31
918.08
 12
-340.81
 22
-63.56
 32
919.73
 13
-348.45
 23
-63.56
 33
812.63
 70
     5
  0
3DFACE
  5
A9
330
7A
100
AcDbEntity
  8
3T_BAR
100
AcDbFace
 10
-348.45
 20
-63.56
 30
812.63
 11
-340.81
 21
-63.56
 31
919.73
 12
-333.71
 22
-63.56
 32
812.63
 13
-348.45
 23
-63.56
 33
812.63
 70
     3
  0
3DFACE
  5
AA
330
7A
100
AcDbEntity
  8
3T_BAR
100
AcDbFace
 10
-351.72
 20
-63.56
 30
907.27
 11
-350.12
 21
-63.56
 31
913.54
 12
-346.14
 22
-63.56
 32
918.08
 13
-351.72
 23
-63.56
 33
907.27
 70
     4
  0
3DFACE
  5
AB
330
7A
100
AcDbEntity
  8
3T_BAR
100
AcDbFace
 10
-340.81
 20
-63.56
 30
919.73
 11
-335.47
 21
-63.56
 31
918.08
 12
-333.71
 22
-63.56
 32
812.63
 13
-340.81
 23
-63.56
 33
919.73
 70
     6
  0
3DFACE
  5
AC
330
7A
100
AcDbEntity
  8
3T_BAR
100
AcDbFace
 10
-335.47
 20
-63.56
 30
918.08
 11
-331.49
 21
-63.56
 31
913.54
 12
-329.89
 22
-63.56
 32
907.27
 13
-335.47
 23
-63.56
 33
918.08
 70
     4
  0
3DFACE
  5
AD
330
7A
100
AcDbEntity
  8
3T_BAR
100
AcDbFace
 10
-335.47
 20
-63.56
 30
918.08
 11
-329.89
 21
-63.56
 31
907.27
 12
-333.71
 22
-63.56
 32
812.63
 13
-335.47
 23
-63.56
 33
918.08
 70
     5
  0
3DFACE
  5
AE
330
7A
100
AcDbEntity
  8
3T_BAR
100
AcDbFace
 10
-329.89
 20
-87.56
 30
907.27
 11
-331.49
 21
-87.56
 31
913.54
 12
-335.47
 22
-87.56
 32
918.08
 13
-329.89
 23
-87.56
 33
907.27
 70
     4
  0
3DFACE
  5
AF
330
7A
100
AcDbEntity
  8
3T_BAR
100
AcDbFace
 10
-329.89
 20
-87.56
 30
907.27
 11
-335.47
 21
-87.56
 31
918.08
 12
-333.71
 22
-87.56
 32
812.63
 13
-329.89
 23
-87.56
 33
907.27
 70
     3
  0
3DFACE
  5
B0
330
7A
100
AcDbEntity
  8
3T_BAR
100
AcDbFace
 10
-333.71
 20
-87.56
 30
812.63
 11
-335.47
 21
-87.56
 31
918.08
 12
-340.81
 22
-87.56
 32
919.73
 13
-333.71
 23
-87.56
 33
812.63
 70
     5
  0
3DFACE
  5
B1
330
7A
100
AcDbEntity
  8
3T_BAR
100
AcDbFace
 10
-333.71
 20
-87.56
 30
812.63
 11
-340.81
 21
-87.56
 31
919.73
 12
-348.45
 22
-87.56
 32
812.63
 13
-333.71
 23
-87.56
 33
812.63
 70
     3
  0
3DFACE
  5
B2
330
7A
100
AcDbEntity
  8
3T_BAR
100
AcDbFace
 10
-340.81
 20
-87.56
 30
919.73
 11
-346.14
 21
-87.56
 31
918.08
 12
-348.45
 22
-87.56
 32
812.63
 13
-340.81
 23
-87.56
 33
919.73
 70
     6
  0
3DFACE
  5
B3
330
7A
100
AcDbEntity
  8
3T_BAR
100
AcDbFace
 10
-346.14
 20
-87.56
 30
918.08
 11
-350.12
 21
-87.56
 31
913.54
 12
-351.72
 22
-87.56
 32
907.27
 13
-346.14
 23
-87.56
 33
918.08
 70
     4
  0
3DFACE
  5
B4
330
7A
100
AcDbEntity
  8
3T_BAR
100
AcDbFace
 10
-346.14
 20
-87.56
 30
918.08
 11
-351.72
 21
-87.56
 31
907.27
 12
-348.45
 22
-87.56
 32
812.63
 13
-346.14
 23
-87.56
 33
918.08
 70
     5
  0
3DFACE
  5
B5
330
7A
100
AcDbEntity
  8
3T_BAR
100
AcDbFace
 10
-351.72
 20
80.44
 30
907.27
 11
-351.72
 21
56.44
 31
907.27
 12
-350.12
 22
56.44
 32
913.54
 13
-351.72
 23
80.44
 33
907.27
 70
     4
  0
3DFACE
  5
B6
330
7A
100
AcDbEntity
  8
3T_BAR
100
AcDbFace
 10
-351.72
 20
80.44
 30
907.27
 11
-350.12
 21
56.44
 31
913.54
 12
-350.12
 22
80.44
 32
913.54
 13
-351.72
 23
80.44
 33
907.27
 70
     3
  0
3DFACE
  5
B7
330
7A
100
AcDbEntity
  8
3T_BAR
100
AcDbFace
 10
-350.12
 20
80.44
 30
913.54
 11
-350.12
 21
56.44
 31
913.54
 12
-346.14
 22
56.44
 32
918.08
 13
-350.12
 23
80.44
 33
913.54
 70
     5
  0
3DFACE
  5
B8
330
7A
100
AcDbEntity
  8
3T_BAR
100
AcDbFace
 10
-350.12
 20
80.44
 30
913.54
 11
-346.14
 21
56.44
 31
918.08
 12
-346.14
 22
80.44
 32
918.08
 13
-350.12
 23
80.44
 33
913.54
 70
     3
  0
3DFACE
  5
B9
330
7A
100
AcDbEntity
  8
3T_BAR
100
AcDbFace
 10
-346.14
 20
56.44
 30
918.08
 11
-340.81
 21
56.44
 31
919.73
 12
-340.81
 22
80.44
 32
919.73
 13
-346.14
 23
56.44
 33
918.08
 70
     6
  0
3DFACE
  5
BA
330
7A
100
AcDbEntity
  8
3T_BAR
100
AcDbFace
 10
-346.14
 20
56.44
 30
918.08
 11
-340.81
 21
80.44
 31
919.73
 12
-346.14
 22
80.44
 32
918.08
 13
-346.14
 23
56.44
 33
918.08
 70
     5
  0
3DFACE
  5
BB
330
7A
100
AcDbEntity
  8
3T_BAR
100
AcDbFace
 10
-340.81
 20
56.44
 30
919.73
 11
-335.47
 21
56.44
 31
918.08
 12
-335.47
 22
80.44
 32
918.08
 13
-340.81
 23
56.44
 33
919.73
 70
     6
  0
3DFACE
  5
BC
330
7A
100
AcDbEntity
  8
3T_BAR
100
AcDbFace
 10
-340.81
 20
56.44
 30
919.73
 11
-335.47
 21
80.44
 31
918.08
 12
-340.81
 22
80.44
 32
919.73
 13
-340.81
 23
56.44
 33
919.73
 70
     5
  0
3DFACE
  5
BD
330
7A
100
AcDbEntity
  8
3T_BAR
100
AcDbFace
 10
-335.47
 20
80.44
 30
918.08
 11
-335.47
 21
56.44
 31
918.08
 12
-331.49
 22
56.44
 32
913.54
 13
-335.47
 23
80.44
 33
918.08
 70
     5
  0
3DFACE
  5
BE
330
7A
100
AcDbEntity
  8
3T_BAR
100
AcDbFace
 10
-335.47
 20
80.44
 30
918.08
 11
-331.49
 21
56.44
 31
913.54
 12
-331.49
 22
80.44
 32
913.54
 13
-335.47
 23
80.44
 33
918.08
 70
     3
  0
3DFACE
  5
BF
330
7A
100
AcDbEntity
  8
3T_BAR
100
AcDbFace
 10
-331.49
 20
80.44
 30
913.54
 11
-331.49
 21
56.44
 31
913.54
 12
-329.89
 22
56.44
 32
907.27
 13
-331.49
 23
80.44
 33
913.54
 70
     5
  0
3DFACE
  5
C0
330
7A
100
AcDbEntity
  8
3T_BAR
100
AcDbFace
 10
-331.49
 20
80.44
 30
913.54
 11
-329.89
 21
56.44
 31
907.27
 12
-329.89
 22
80.44
 32
907.27
 13
-331.49
 23
80.44
 33
913.54
 70
     1
  0
3DFACE
  5
C1
330
7A
100
AcDbEntity
  8
3T_BAR
100
AcDbFace
 10
-329.89
 20
56.44
 30
907.27
 11
-333.71
 21
56.44
 31
812.63
 12
-333.71
 22
80.44
 32
812.63
 13
-329.89
 23
56.44
 33
907.27
 70
     4
  0
3DFACE
  5
C2
330
7A
100
AcDbEntity
  8
3T_BAR
100
AcDbFace
 10
-329.89
 20
56.44
 30
907.27
 11
-333.71
 21
80.44
 31
812.63
 12
-329.89
 22
80.44
 32
907.27
 13
-329.89
 23
56.44
 33
907.27
 70
     1
  0
3DFACE
  5
C3
330
7A
100
AcDbEntity
  8
3T_BAR
100
AcDbFace
 10
-333.71
 20
80.44
 30
812.63
 11
-333.71
 21
56.44
 31
812.63
 12
-348.45
 22
56.44
 32
812.63
 13
-333.71
 23
80.44
 33
812.63
 70
     4
  0
3DFACE
  5
C4
330
7A
100
AcDbEntity
  8
3T_BAR
100
AcDbFace
 10
-333.71
 20
80.44
 30
812.63
 11
-348.45
 21
56.44
 31
812.63
 12
-348.45
 22
80.44
 32
812.63
 13
-333.71
 23
80.44
 33
812.63
 70
     1
  0
3DFACE
  5
C5
330
7A
100
AcDbEntity
  8
3T_BAR
100
AcDbFace
 10
-348.45
 20
80.44
 30
812.63
 11
-348.45
 21
56.44
 31
812.63
 12
-351.72
 22
56.44
 32
907.27
 13
-348.45
 23
80.44
 33
812.63
 70
     4
  0
3DFACE
  5
C6
330
7A
100
AcDbEntity
  8
3T_BAR
100
AcDbFace
 10
-348.45
 20
80.44
 30
812.63
 11
-351.72
 21
56.44
 31
907.27
 12
-351.72
 22
80.44
 32
907.27
 13
-348.45
 23
80.44
 33
812.63
 70
     1
  0
3DFACE
  5
C7
330
7A
100
AcDbEntity
  8
3T_BAR
100
AcDbFace
 10
-348.45
 20
80.44
 30
812.63
 11
-351.72
 21
80.44
 31
907.27
 12
-346.14
 22
80.44
 32
918.08
 13
-348.45
 23
80.44
 33
812.63
 70
     6
  0
3DFACE
  5
C8
330
7A
100
AcDbEntity
  8
3T_BAR
100
AcDbFace
 10
-348.45
 20
80.44
 30
812.63
 11
-346.14
 21
80.44
 31
918.08
 12
-340.81
 22
80.44
 32
919.73
 13
-348.45
 23
80.44
 33
812.63
 70
     5
  0
3DFACE
  5
C9
330
7A
100
AcDbEntity
  8
3T_BAR
100
AcDbFace
 10
-348.45
 20
80.44
 30
812.63
 11
-340.81
 21
80.44
 31
919.73
 12
-333.71
 22
80.44
 32
812.63
 13
-348.45
 23
80.44
 33
812.63
 70
     3
  0
3DFACE
  5
CA
330
7A
100
AcDbEntity
  8
3T_BAR
100
AcDbFace
 10
-351.72
 20
80.44
 30
907.27
 11
-350.12
 21
80.44
 31
913.54
 12
-346.14
 22
80.44
 32
918.08
 13
-351.72
 23
80.44
 33
907.27
 70
     4
  0
3DFACE
  5
CB
330
7A
100
AcDbEntity
  8
3T_BAR
100
AcDbFace
 10
-340.81
 20
80.44
 30
919.73
 11
-335.47
 21
80.44
 31
918.08
 12
-333.71
 22
80.44
 32
812.63
 13
-340.81
 23
80.44
 33
919.73
 70
     6
  0
3DFACE
  5
CC
330
7A
100
AcDbEntity
  8
3T_BAR
100
AcDbFace
 10
-335.47
 20
80.44
 30
918.08
 11
-331.49
 21
80.44
 31
913.54
 12
-329.89
 22
80.44
 32
907.27
 13
-335.47
 23
80.44
 33
918.08
 70
     4
  0
3DFACE
  5
CD
330
7A
100
AcDbEntity
  8
3T_BAR
100
AcDbFace
 10
-335.47
 20
80.44
 30
918.08
 11
-329.89
 21
80.44
 31
907.27
 12
-333.71
 22
80.44
 32
812.63
 13
-335.47
 23
80.44
 33
918.08
 70
     5
  0
3DFACE
  5
CE
330
7A
100
AcDbEntity
  8
3T_BAR
100
AcDbFace
 10
-329.89
 20
56.44
 30
907.27
 11
-331.49
 21
56.44
 31
913.54
 12
-335.47
 22
56.44
 32
918.08
 13
-329.89
 23
56.44
 33
907.27
 70
     4
  0
3DFACE
  5
CF
330
7A
100
AcDbEntity
  8
3T_BAR
100
AcDbFace
 10
-329.89
 20
56.44
 30
907.27
 11
-335.47
 21
56.44
 31
918.08
 12
-333.71
 22
56.44
 32
812.63
 13
-329.89
 23
56.44
 33
907.27
 70
     3
  0
3DFACE
  5
D0
330
7A
100
AcDbEntity
  8
3T_BAR
100
AcDbFace
 10
-333.71
 20
56.44
 30
812.63
 11
-335.47
 21
56.44
 31
918.08
 12
-340.81
 22
56.44
 32
919.73
 13
-333.71
 23
56.44
 33
812.63
 70
     5
  0
3DFACE
  5
D1
330
7A
100
AcDbEntity
  8
3T_BAR
100
AcDbFace
 10
-333.71
 20
56.44
 30
812.63
 11
-340.81
 21
56.44
 31
919.73
 12
-348.45
 22
56.44
 32
812.63
 13
-333.71
 23
56.44
 33
812.63
 70
     3
  0
3DFACE
  5
D2
330
7A
100
AcDbEntity
  8
3T_BAR
100
AcDbFace
 10
-340.81
 20
56.44
 30
919.73
 11
-346.14
 21
56.44
 31
918.08
 12
-348.45
 22
56.44
 32
812.63
 13
-340.81
 23
56.44
 33
919.73
 70
     6
  0
3DFACE
  5
D3
330
7A
100
AcDbEntity
  8
3T_BAR
100
AcDbFace
 10
-346.14
 20
56.44
 30
918.08
 11
-350.12
 21
56.44
 31
913.54
 12
-351.72
 22
56.44
 32
907.27
 13
-346.14
 23
56.44
 33
918.08
 70
     4
  0
3DFACE
  5
D4
330
7A
100
AcDbEntity
  8
3T_BAR
100
AcDbFace
 10
-346.14
 20
56.44
 30
918.08
 11
-351.72
 21
56.44
 31
907.27
 12
-348.45
 22
56.44
 32
812.63
 13
-346.14
 23
56.44
 33
918.08
 70
     5
  0
3DFACE
  5
D5
330
7A
100
AcDbEntity
  8
3T_WOOD
100
AcDbFace
 10
409.41
 20
10.0
 30
2055.56
 11
-411.02
 21
10.0
 31
2055.56
 12
-411.02
 22
10.0
 32
1.21
 13
409.41
 23
10.0
 33
1.21
  0
ENDBLK
  5
D6
330
7A
100
AcDbEntity
  8
0
100
AcDbBlockEnd
  0
BLOCK
  5
73
330
71
100
AcDbEntity
  8
0
100
AcDbBlockBegin
  2
$DorLib2D$00000001
 70
     0
 10
0.0
 20
0.0
 30
0.0
  3
$DorLib2D$00000001
  1

  0
LINE
  5
74
330
71
100
AcDbEntity
  8
0
100
AcDbLine
 10
0.45
 20
0.98
 30
0.0
 11
0.5
 21
0.98
 31
0.0
  0
LINE
  5
75
330
71
100
AcDbEntity
  8
0
100
AcDbLine
 10
0.5
 20
0.0
 30
0.0
 11
0.45
 21
0.0
 31
0.0
  0
ARC
  5
76
330
71
100
AcDbEntity
  8
0
370
    13
100
AcDbCircle
 10
0.48
 20
0.0
 30
0.0
 40
0.975
100
AcDbArc
 50
91.47
 51
180.0
  0
LINE
  5
77
330
71
100
AcDbEntity
  8
0
100
AcDbLine
 10
0.5
 20
0.0
 30
0.0
 11
0.5
 21
0.98
 31
0.0
  0
LINE
  5
78
330
71
100
AcDbEntity
  8
0
100
AcDbLine
 10
0.45
 20
0.0
 30
0.0
 11
0.45
 21
0.98
 31
0.0
  0
ENDBLK
  5
79
330
71
100
AcDbEntity
  8
0
100
AcDbBlockEnd
  0
BLOCK
  5
E7
330
E6
100
AcDbEntity
  8
0
100
AcDbBlockBegin
  2
$DorLib2D$00000131
 70
     0
 10
0.0
 20
0.0
 30
0.0
  3
$DorLib2D$00000131
  1

  0
LINE
  5
E8
330
E6
100
AcDbEntity
  8
0
  6
Continuous
 62
     0
100
AcDbLine
 10
-0.23
 20
-0.2
 30
0.0
 11
-0.23
 21
-0.13
 31
0.0
  0
LINE
  5
E9
330
E6
100
AcDbEntity
  8
0
  6
Continuous
 62
     0
100
AcDbLine
 10
-0.15
 20
-0.13
 30
0.0
 11
-0.23
 21
-0.2
 31
0.0
  0
LINE
  5
EA
330
E6
100
AcDbEntity
  8
0
  6
Continuous
 62
     0
100
AcDbLine
 10
-0.35
 20
-0.13
 30
0.0
 11
-0.15
 21
-0.13
 31
0.0
  0
LINE
  5
EB
330
E6
100
AcDbEntity
  8
0
  6
Continuous
 62
     0
100
AcDbLine
 10
0.23
 20
0.2
 30
0.0
 11
0.23
 21
0.13
 31
0.0
  0
LINE
  5
EC
330
E6
100
AcDbEntity
  8
0
  6
Continuous
 62
     0
100
AcDbLine
 10
0.15
 20
0.13
 30
0.0
 11
0.23
 21
0.2
 31
0.0
  0
LINE
  5
ED
330
E6
100
AcDbEntity
  8
0
  6
Continuous
 62
     0
100
AcDbLine
 10
0.35
 20
0.13
 30
0.0
 11
0.15
 21
0.13
 31
0.0
  0
LINE
  5
EE
330
E6
100
AcDbEntity
  8
0
  6
Continuous
 62
     0
100
AcDbLine
 10
0.5
 20
0.0
 30
0.0
 11
0.5
 21
-0.13
 31
0.0
  0
LINE
  5
EF
330
E6
100
AcDbEntity
  8
0
  6
Continuous
 62
     0
100
AcDbLine
 10
-0.02
 20
0.0
 30
0.0
 11
0.5
 21
0.0
 31
0.0
  0
LINE
  5
F0
330
E6
100
AcDbEntity
  8
0
  6
Continuous
 62
     0
100
AcDbLine
 10
-0.02
 20
-0.13
 30
0.0
 11
-0.02
 21
0.0
 31
0.0
  0
LINE
  5
F1
330
E6
100
AcDbEntity
  8
0
  6
Continuous
 62
     0
100
AcDbLine
 10
0.5
 20
-0.13
 30
0.0
 11
-0.02
 21
-0.13
 31
0.0
  0
LINE
  5
F2
330
E6
100
AcDbEntity
  8
0
  6
Continuous
 62
     0
100
AcDbLine
 10
-0.5
 20
0.13
 30
0.0
 11
-0.5
 21
0.0
 31
0.0
  0
LINE
  5
F3
330
E6
100
AcDbEntity
  8
0
  6
Continuous
 62
     0
100
AcDbLine
 10
0.02
 20
0.13
 30
0.0
 11
-0.5
 21
0.13
 31
0.0
  0
LINE
  5
F4
330
E6
100
AcDbEntity
  8
0
  6
Continuous
 62
     0
100
AcDbLine
 10
0.02
 20
0.0
 30
0.0
 11
0.02
 21
0.13
 31
0.0
  0
LINE
  5
F5
330
E6
100
AcDbEntity
  8
0
  6
Continuous
 62
     0
100
AcDbLine
 10
-0.5
 20
0.0
 30
0.0
 11
0.02
 21
0.0
 31
0.0
  0
ENDBLK
  5
F6
330
E6
100
AcDbEntity
  8
0
100
AcDbBlockEnd
  0
BLOCK
  5
2B
330
2A
100
AcDbEntity
  8
0
100
AcDbBlockBegin
  2
$TCHSYS$WIN2D
 70
     0
 10
0.0
 20
0.0
 30
0.0
  3
$TCHSYS$WIN2D
  1

  0
LINE
  5
2C
330
2A
100
AcDbEntity
  8
0
100
AcDbLine
 10
-0.5
 20
0.5
 30
0.0
 11
0.5
 21
0.5
 31
0.0
  0
LINE
  5
2D
330
2A
100
AcDbEntity
  8
0
100
AcDbLine
 10
-0.5
 20
-0.5
 30
0.0
 11
0.5
 21
-0.5
 31
0.0
  0
LINE
  5
2E
330
2A
100
AcDbEntity
  8
0
100
AcDbLine
 10
0.5
 20
-0.17
 30
0.0
 11
-0.5
 21
-0.17
 31
0.0
  0
LINE
  5
2F
330
2A
100
AcDbEntity
  8
0
100
AcDbLine
 10
0.5
 20
0.17
 30
0.0
 11
-0.5
 21
0.17
 31
0.0
  0
LINE
  5
30
330
2A
100
AcDbEntity
  8
0
100
AcDbLine
 10
-0.5
 20
0.5
 30
0.0
 11
-0.5
 21
-0.5
 31
0.0
  0
LINE
  5
31
330
2A
100
AcDbEntity
  8
0
100
AcDbLine
 10
0.5
 20
0.5
 30
0.0
 11
0.5
 21
-0.5
 31
0.0
  0
ENDBLK
  5
32
330
2A
100
AcDbEntity
  8
0
100
AcDbBlockEnd
  0
BLOCK
  5
34
330
33
100
AcDbEntity
  8
0
100
AcDbBlockBegin
  2
$TCHSYS$WIN3D
 70
     0
 10
0.0
 20
0.0
 30
0.0
  3
$TCHSYS$WIN3D
  1

  0
3DFACE
  5
35
330
33
100
AcDbEntity
  8
3T_BAR
100
AcDbFace
 10
580.0
 20
25.0
 30
1780.0
 11
530.0
 21
25.0
 31
1720.0
 12
50.0
 22
25.0
 32
1720.0
 13
0.0
 23
25.0
 33
1780.0
 70
     5
  0
3DFACE
  5
37
330
33
100
AcDbEntity
  8
3T_BAR
100
AcDbFace
 10
50.0
 20
-25.0
 30
1720.0
 11
530.0
 21
-25.0
 31
1720.0
 12
580.0
 22
-25.0
 32
1780.0
 13
0.0
 23
-25.0
 33
1780.0
 70
    10
  0
3DFACE
  5
38
330
33
100
AcDbEntity
  8
3T_BAR
100
AcDbFace
 10
600.0
 20
25.0
 30
1800.0
 11
580.0
 21
25.0
 31
1780.0
 12
-580.0
 22
25.0
 32
1780.0
 13
-600.0
 23
25.0
 33
1800.0
 70
     5
  0
3DFACE
  5
39
330
33
100
AcDbEntity
  8
3T_BAR
100
AcDbFace
 10
-580.0
 20
-25.0
 30
1780.0
 11
580.0
 21
-25.0
 31
1780.0
 12
600.0
 22
-25.0
 32
1800.0
 13
-600.0
 23
-25.0
 33
1800.0
 70
    10
  0
3DFACE
  5
3A
330
33
100
AcDbEntity
  8
3T_BAR
100
AcDbFace
 10
-580.0
 20
-25.0
 30
1780.0
 11
-580.0
 21
25.0
 31
1780.0
 12
580.0
 22
25.0
 32
1780.0
 13
580.0
 23
-25.0
 33
1780.0
  0
3DFACE
  5
3B
330
33
100
AcDbEntity
  8
3T_BAR
100
AcDbFace
 10
0.0
 20
25.0
 30
20.0
 11
50.0
 21
25.0
 31
80.0
 12
530.0
 22
25.0
 32
80.0
 13
580.0
 23
25.0
 33
20.0
 70
     5
  0
3DFACE
  5
3C
330
33
100
AcDbEntity
  8
3T_BAR
100
AcDbFace
 10
0.0
 20
-25.0
 30
20.0
 11
580.0
 21
-25.0
 31
20.0
 12
530.0
 22
-25.0
 32
80.0
 13
50.0
 23
-25.0
 33
80.0
 70
    10
  0
3DFACE
  5
3D
330
33
100
AcDbEntity
  8
3T_BAR
100
AcDbFace
 10
-600.0
 20
25.0
 30
0.0
 11
-580.0
 21
25.0
 31
20.0
 12
580.0
 22
25.0
 32
20.0
 13
600.0
 23
25.0
 33
0.0
 70
     5
  0
3DFACE
  5
3E
330
33
100
AcDbEntity
  8
3T_BAR
100
AcDbFace
 10
-600.0
 20
-25.0
 30
0.0
 11
600.0
 21
-25.0
 31
0.0
 12
580.0
 22
-25.0
 32
20.0
 13
-580.0
 23
-25.0
 33
20.0
 70
    10
  0
3DFACE
  5
3F
330
33
100
AcDbEntity
  8
3T_BAR
100
AcDbFace
 10
-580.0
 20
-25.0
 30
20.0
 11
580.0
 21
-25.0
 31
20.0
 12
580.0
 22
25.0
 32
20.0
 13
-580.0
 23
25.0
 33
20.0
  0
3DFACE
  5
40
330
33
100
AcDbEntity
  8
3T_BAR
100
AcDbFace
 10
0.0
 20
25.0
 30
1780.0
 11
50.0
 21
25.0
 31
1720.0
 12
50.0
 22
25.0
 32
80.0
 13
0.0
 23
25.0
 33
20.0
 70
     5
  0
3DFACE
  5
41
330
33
100
AcDbEntity
  8
3T_BAR
100
AcDbFace
 10
50.0
 20
-25.0
 30
80.0
 11
50.0
 21
-25.0
 31
1720.0
 12
0.0
 22
-25.0
 32
1780.0
 13
0.0
 23
-25.0
 33
20.0
 70
    10
  0
3DFACE
  5
42
330
33
100
AcDbEntity
  8
3T_GLASS
100
AcDbFace
 10
-529.34
 20
-15.0
 30
39.86
 11
-529.34
 21
-15.0
 31
1701.4
 12
530.7
 22
-15.0
 32
1701.4
 13
530.7
 23
-15.0
 33
39.86
  0
3DFACE
  5
44
330
33
100
AcDbEntity
  8
3T_BAR
100
AcDbFace
 10
-530.0
 20
-25.0
 30
1720.0
 11
-530.0
 21
25.0
 31
1720.0
 12
-50.0
 22
25.0
 32
1720.0
 13
-50.0
 23
-25.0
 33
1720.0
  0
3DFACE
  5
45
330
33
100
AcDbEntity
  8
3T_BAR
100
AcDbFace
 10
-530.0
 20
-25.0
 30
80.0
 11
-50.0
 21
-25.0
 31
80.0
 12
-50.0
 22
25.0
 32
80.0
 13
-530.0
 23
25.0
 33
80.0
  0
LINE
  5
46
330
33
100
AcDbEntity
  8
3T_BAR
100
AcDbLine
 10
-600.0
 20
0.5
 30
0.0
 11
-600.0
 21
-0.5
 31
0.0
  0
3DFACE
  5
47
330
33
100
AcDbEntity
  8
3T_BAR
100
AcDbFace
 10
0.0
 20
25.0
 30
20.0
 11
0.0
 21
-25.0
 31
20.0
 12
0.0
 22
-25.0
 32
1780.0
 13
0.0
 23
25.0
 33
1780.0
  0
3DFACE
  5
48
330
33
100
AcDbEntity
  8
3T_BAR
100
AcDbFace
 10
0.0
 20
-25.0
 30
20.0
 11
0.0
 21
25.0
 31
20.0
 12
0.0
 22
25.0
 32
1780.0
 13
0.0
 23
-25.0
 33
1780.0
  0
3DFACE
  5
49
330
33
100
AcDbEntity
  8
3T_BAR
100
AcDbFace
 10
-580.0
 20
25.0
 30
20.0
 11
-580.0
 21
-25.0
 31
20.0
 12
-580.0
 22
-25.0
 32
1780.0
 13
-580.0
 23
25.0
 33
1780.0
  0
3DFACE
  5
4A
330
33
100
AcDbEntity
  8
3T_BAR
100
AcDbFace
 10
-50.0
 20
-25.0
 30
80.0
 11
-50.0
 21
-25.0
 31
1720.0
 12
-50.0
 22
25.0
 32
1720.0
 13
-50.0
 23
25.0
 33
80.0
  0
3DFACE
  5
4B
330
33
100
AcDbEntity
  8
3T_BAR
100
AcDbFace
 10
-530.0
 20
-25.0
 30
80.0
 11
-530.0
 21
25.0
 31
80.0
 12
-530.0
 22
25.0
 32
1720.0
 13
-530.0
 23
-25.0
 33
1720.0
  0
3DFACE
  5
4C
330
33
100
AcDbEntity
  8
3T_BAR
100
AcDbFace
 10
-600.0
 20
25.0
 30
0.0
 11
-600.0
 21
-25.0
 31
0.0
 12
-600.0
 22
-25.0
 32
1800.0
 13
-600.0
 23
25.0
 33
1800.0
  0
3DFACE
  5
4D
330
33
100
AcDbEntity
  8
3T_BAR
100
AcDbFace
 10
-580.0
 20
-25.0
 30
20.0
 11
-580.0
 21
25.0
 31
20.0
 12
-580.0
 22
25.0
 32
1780.0
 13
-580.0
 23
-25.0
 33
1780.0
  0
3DFACE
  5
4E
330
33
100
AcDbEntity
  8
3T_BAR
100
AcDbFace
 10
-530.0
 20
-25.0
 30
80.0
 11
-530.0
 21
-25.0
 31
1720.0
 12
-580.0
 22
-25.0
 32
1780.0
 13
-580.0
 23
-25.0
 33
20.0
 70
    10
  0
3DFACE
  5
4F
330
33
100
AcDbEntity
  8
3T_BAR
100
AcDbFace
 10
0.0
 20
-25.0
 30
20.0
 11
0.0
 21
-25.0
 31
1780.0
 12
-50.0
 22
-25.0
 32
1720.0
 13
-50.0
 23
-25.0
 33
80.0
 70
    10
  0
3DFACE
  5
50
330
33
100
AcDbEntity
  8
3T_BAR
100
AcDbFace
 10
-580.0
 20
-25.0
 30
20.0
 11
-580.0
 21
-25.0
 31
1780.0
 12
-600.0
 22
-25.0
 32
1800.0
 13
-600.0
 23
-25.0
 33
0.0
 70
    10
  0
3DFACE
  5
51
330
33
100
AcDbEntity
  8
3T_BAR
100
AcDbFace
 10
-580.0
 20
-25.0
 30
20.0
 11
0.0
 21
-25.0
 31
20.0
 12
-50.0
 22
-25.0
 32
80.0
 13
-530.0
 23
-25.0
 33
80.0
 70
    10
  0
3DFACE
  5
52
330
33
100
AcDbEntity
  8
3T_BAR
100
AcDbFace
 10
-530.0
 20
-25.0
 30
1720.0
 11
-50.0
 21
-25.0
 31
1720.0
 12
0.0
 22
-25.0
 32
1780.0
 13
-580.0
 23
-25.0
 33
1780.0
 70
    10
  0
3DFACE
  5
53
330
33
100
AcDbEntity
  8
3T_BAR
100
AcDbFace
 10
-580.0
 20
25.0
 30
1780.0
 11
-530.0
 21
25.0
 31
1720.0
 12
-530.0
 22
25.0
 32
80.0
 13
-580.0
 23
25.0
 33
20.0
 70
     5
  0
3DFACE
  5
54
330
33
100
AcDbEntity
  8
3T_BAR
100
AcDbFace
 10
0.0
 20
25.0
 30
20.0
 11
-50.0
 21
25.0
 31
80.0
 12
-50.0
 22
25.0
 32
1720.0
 13
0.0
 23
25.0
 33
1780.0
 70
     5
  0
3DFACE
  5
55
330
33
100
AcDbEntity
  8
3T_BAR
100
AcDbFace
 10
-600.0
 20
25.0
 30
1800.0
 11
-580.0
 21
25.0
 31
1780.0
 12
-580.0
 22
25.0
 32
20.0
 13
-600.0
 23
25.0
 33
0.0
 70
     5
  0
3DFACE
  5
56
330
33
100
AcDbEntity
  8
3T_BAR
100
AcDbFace
 10
-580.0
 20
25.0
 30
20.0
 11
-530.0
 21
25.0
 31
80.0
 12
-50.0
 22
25.0
 32
80.0
 13
0.0
 23
25.0
 33
20.0
 70
     5
  0
3DFACE
  5
57
330
33
100
AcDbEntity
  8
3T_BAR
100
AcDbFace
 10
0.0
 20
25.0
 30
1780.0
 11
-50.0
 21
25.0
 31
1720.0
 12
-530.0
 22
25.0
 32
1720.0
 13
-580.0
 23
25.0
 33
1780.0
 70
     5
  0
3DFACE
  5
58
330
33
100
AcDbEntity
  8
3T_BAR
100
AcDbFace
 10
50.0
 20
-25.0
 30
1720.0
 11
50.0
 21
25.0
 31
1720.0
 12
530.0
 22
25.0
 32
1720.0
 13
530.0
 23
-25.0
 33
1720.0
  0
3DFACE
  5
59
330
33
100
AcDbEntity
  8
3T_BAR
100
AcDbFace
 10
50.0
 20
-25.0
 30
80.0
 11
530.0
 21
-25.0
 31
80.0
 12
530.0
 22
25.0
 32
80.0
 13
50.0
 23
25.0
 33
80.0
  0
3DFACE
  5
5A
330
33
100
AcDbEntity
  8
3T_BAR
100
AcDbFace
 10
580.0
 20
-25.0
 30
20.0
 11
580.0
 21
25.0
 31
20.0
 12
580.0
 22
25.0
 32
1780.0
 13
580.0
 23
-25.0
 33
1780.0
  0
3DFACE
  5
5B
330
33
100
AcDbEntity
  8
3T_BAR
100
AcDbFace
 10
530.0
 20
-25.0
 30
80.0
 11
530.0
 21
-25.0
 31
1720.0
 12
530.0
 22
25.0
 32
1720.0
 13
530.0
 23
25.0
 33
80.0
  0
3DFACE
  5
5C
330
33
100
AcDbEntity
  8
3T_BAR
100
AcDbFace
 10
50.0
 20
-25.0
 30
80.0
 11
50.0
 21
25.0
 31
80.0
 12
50.0
 22
25.0
 32
1720.0
 13
50.0
 23
-25.0
 33
1720.0
  0
3DFACE
  5
5D
330
33
100
AcDbEntity
  8
3T_BAR
100
AcDbFace
 10
600.0
 20
-25.0
 30
0.0
 11
600.0
 21
25.0
 31
0.0
 12
600.0
 22
25.0
 32
1800.0
 13
600.0
 23
-25.0
 33
1800.0
  0
3DFACE
  5
5E
330
33
100
AcDbEntity
  8
3T_BAR
100
AcDbFace
 10
580.0
 20
-25.0
 30
20.0
 11
580.0
 21
-25.0
 31
1780.0
 12
580.0
 22
25.0
 32
1780.0
 13
580.0
 23
25.0
 33
20.0
  0
3DFACE
  5
5F
330
33
100
AcDbEntity
  8
3T_BAR
100
AcDbFace
 10
580.0
 20
-25.0
 30
20.0
 11
580.0
 21
-25.0
 31
1780.0
 12
530.0
 22
-25.0
 32
1720.0
 13
530.0
 23
-25.0
 33
80.0
 70
    10
  0
3DFACE
  5
60
330
33
100
AcDbEntity
  8
3T_BAR
100
AcDbFace
 10
600.0
 20
-25.0
 30
0.0
 11
600.0
 21
-25.0
 31
1800.0
 12
580.0
 22
-25.0
 32
1780.0
 13
580.0
 23
-25.0
 33
20.0
 70
    10
  0
3DFACE
  5
61
330
33
100
AcDbEntity
  8
3T_BAR
100
AcDbFace
 10
580.0
 20
25.0
 30
20.0
 11
530.0
 21
25.0
 31
80.0
 12
530.0
 22
25.0
 32
1720.0
 13
580.0
 23
25.0
 33
1780.0
 70
     5
  0
3DFACE
  5
62
330
33
100
AcDbEntity
  8
3T_BAR
100
AcDbFace
 10
600.0
 20
25.0
 30
0.0
 11
580.0
 21
25.0
 31
20.0
 12
580.0
 22
25.0
 32
1780.0
 13
600.0
 23
25.0
 33
1800.0
 70
     5
  0
ENDBLK
  5
63
330
33
100
AcDbEntity
  8
0
100
AcDbBlockEnd
  0
BLOCK
  5
13C
330
13B
100
AcDbEntity
  8
0
100
AcDbBlockBegin
  2
*D8
 70
     1
 10
0.0
 20
0.0
 30
0.0
  3
*D8
  1

  0
LINE
  5
13D
330
13B
100
AcDbEntity
  8
HT-A-AXIS-F01-NEW
 62
     0
440
 16777216
370
    -2
100
AcDbLine
 10
141684.48
 20
-3021.54
 30
0.0
 11
144134.48
 21
-3021.54
 31
0.0
  0
LINE
  5
13E
330
13B
100
AcDbEntity
  8
HT-A-AXIS-F01-NEW
 62
     0
440
 16777216
370
    -2
100
AcDbLine
 10
141684.48
 20
9478.46
 30
0.0
 11
144134.48
 21
9478.46
 31
0.0
  0
LINE
  5
13F
330
13B
100
AcDbEntity
  8
HT-A-AXIS-F01-NEW
 62
     0
440
 16777216
370
    -2
100
AcDbLine
 10
143884.48
 20
-3021.54
 30
0.0
 11
143884.48
 21
9478.46
 31
0.0
  0
INSERT
  5
140
330
13B
100
AcDbEntity
  8
HT-A-AXIS-F01-NEW
 62
     0
440
 16777216
370
    -2
100
AcDbBlockReference
  2
_ArchTick
 10
143884.48
 20
-3021.54
 30
0.0
 41
100.0
 42
100.0
 43
100.0
 50
270.0
  0
INSERT
  5
145
330
13B
100
AcDbEntity
  8
HT-A-AXIS-F01-NEW
 62
     0
440
 16777216
370
    -2
100
AcDbBlockReference
  2
_ArchTick
 10
143884.48
 20
9478.46
 30
0.0
 41
100.0
 42
100.0
 43
100.0
 50
90.0
  0
MTEXT
  5
146
330
13B
100
AcDbEntity
  8
HT-A-AXIS-F01-NEW
 62
     7
440
 16777216
100
AcDbMText
 10
143609.48
 20
3228.46
 30
0.0
 40
297.5
 41
0.0
 46
0.0
 71
     5
 72
     1
  1
\A1;12500
  7
_TCH_DIM_T3
 11
0.0
 21
1.0
 31
0.0
 73
     1
 44
1.0
  0
POINT
  5
148
330
13B
100
AcDbEntity
  8
Defpoints
 62
     0
440
 16777216
100
AcDbPoint
 10
141384.48
 20
-3021.54
 30
0.0
  0
POINT
  5
14A
330
13B
100
AcDbEntity
  8
Defpoints
 62
     0
440
 16777216
100
AcDbPoint
 10
141384.48
 20
9478.46
 30
0.0
  0
POINT
  5
14B
330
13B
100
AcDbEntity
  8
Defpoints
 62
     0
440
 16777216
100
AcDbPoint
 10
143884.48
 20
9478.46
 30
0.0
  0
ENDBLK
  5
14C
330
13B
100
AcDbEntity
  8
0
100
AcDbBlockEnd
  0
BLOCK
  5
150
330
14F
100
AcDbEntity
  8
0
100
AcDbBlockBegin
  2
*D9
 70
     1
 10
0.0
 20
0.0
 30
0.0
  3
*D9
  1

  0
LINE
  5
151
330
14F
100
AcDbEntity
  8
HT-A-AXIS-F01-NEW
 62
     0
440
 16777216
370
    -2
100
AcDbLine
 10
141684.48
 20
-3021.54
 30
0.0
 11
144934.48
 21
-3021.54
 31
0.0
  0
LINE
  5
152
330
14F
100
AcDbEntity
  8
HT-A-AXIS-F01-NEW
 62
     0
440
 16777216
370
    -2
100
AcDbLine
 10
141684.48
 20
9478.46
 30
0.0
 11
144934.48
 21
9478.46
 31
0.0
  0
LINE
  5
153
330
14F
100
AcDbEntity
  8
HT-A-AXIS-F01-NEW
 62
     0
440
 16777216
370
    -2
100
AcDbLine
 10
144684.48
 20
-3021.54
 30
0.0
 11
144684.48
 21
9478.46
 31
0.0
  0
INSERT
  5
154
330
14F
100
AcDbEntity
  8
HT-A-AXIS-F01-NEW
 62
     0
440
 16777216
370
    -2
100
AcDbBlockReference
  2
_ArchTick
 10
144684.48
 20
-3021.54
 30
0.0
 41
100.0
 42
100.0
 43
100.0
 50
270.0
  0
INSERT
  5
155
330
14F
100
AcDbEntity
  8
HT-A-AXIS-F01-NEW
 62
     0
440
 16777216
370
    -2
100
AcDbBlockReference
  2
_ArchTick
 10
144684.48
 20
9478.46
 30
0.0
 41
100.0
 42
100.0
 43
100.0
 50
90.0
  0
MTEXT
  5
156
330
14F
100
AcDbEntity
  8
HT-A-AXIS-F01-NEW
 62
     7
440
 16777216
100
AcDbMText
 10
144409.48
 20
3228.46
 30
0.0
 40
297.5
 41
0.0
 46
0.0
 71
     5
 72
     1
  1
\A1;12500
  7
_TCH_DIM_T3
 11
0.0
 21
1.0
 31
0.0
 73
     1
 44
1.0
  0
POINT
  5
157
330
14F
100
AcDbEntity
  8
Defpoints
 62
     0
440
 16777216
100
AcDbPoint
 10
141384.48
 20
-3021.54
 30
0.0
  0
POINT
  5
158
330
14F
100
AcDbEntity
  8
Defpoints
 62
     0
440
 16777216
100
AcDbPoint
 10
141384.48
 20
9478.46
 30
0.0
  0
POINT
  5
159
330
14F
100
AcDbEntity
  8
Defpoints
 62
     0
440
 16777216
100
AcDbPoint
 10
144684.48
 20
9478.46
 30
0.0
  0
ENDBLK
  5
15A
330
14F
100
AcDbEntity
  8
0
100
AcDbBlockEnd
  0
BLOCK
  5
15D
330
15C
100
AcDbEntity
  8
0
100
AcDbBlockBegin
  2
*D10
 70
     1
 10
0.0
 20
0.0
 30
0.0
  3
*D10
  1

  0
LINE
  5
15E
330
15C
100
AcDbEntity
  8
HT-A-AXIS-F01-NEW
 62
     0
440
 16777216
370
    -2
100
AcDbLine
 10
121584.48
 20
-3021.54
 30
0.0
 11
119134.48
 21
-3021.54
 31
0.0
  0
LINE
  5
15F
330
15C
100
AcDbEntity
  8
HT-A-AXIS-F01-NEW
 62
     0
440
 16777216
370
    -2
100
AcDbLine
 10
121584.48
 20
478.46
 30
0.0
 11
119134.48
 21
478.46
 31
0.0
  0
LINE
  5
160
330
15C
100
AcDbEntity
  8
HT-A-AXIS-F01-NEW
 62
     0
440
 16777216
370
    -2
100
AcDbLine
 10
119384.48
 20
-3021.54
 30
0.0
 11
119384.48
 21
478.46
 31
0.0
  0
INSERT
  5
161
330
15C
100
AcDbEntity
  8
HT-A-AXIS-F01-NEW
 62
     0
440
 16777216
370
    -2
100
AcDbBlockReference
  2
_ArchTick
 10
119384.48
 20
-3021.54
 30
0.0
 41
100.0
 42
100.0
 43
100.0
 50
270.0
  0
INSERT
  5
162
330
15C
100
AcDbEntity
  8
HT-A-AXIS-F01-NEW
 62
     0
440
 16777216
370
    -2
100
AcDbBlockReference
  2
_ArchTick
 10
119384.48
 20
478.46
 30
0.0
 41
100.0
 42
100.0
 43
100.0
 50
90.0
  0
MTEXT
  5
163
330
15C
100
AcDbEntity
  8
HT-A-AXIS-F01-NEW
 62
     7
440
 16777216
100
AcDbMText
 10
119109.48
 20
-1271.54
 30
0.0
 40
297.5
 41
0.0
 46
0.0
 71
     5
 72
     1
  1
\A1;3500
  7
_TCH_DIM_T3
 11
0.0
 21
1.0
 31
0.0
 73
     1
 44
1.0
  0
POINT
  5
164
330
15C
100
AcDbEntity
  8
Defpoints
 62
     0
440
 16777216
100
AcDbPoint
 10
121884.48
 20
-3021.54
 30
0.0
  0
POINT
  5
165
330
15C
100
AcDbEntity
  8
Defpoints
 62
     0
440
 16777216
100
AcDbPoint
 10
121884.48
 20
478.46
 30
0.0
  0
POINT
  5
166
330
15C
100
AcDbEntity
  8
Defpoints
 62
     0
440
 16777216
100
AcDbPoint
 10
119384.48
 20
478.46
 30
0.0
  0
ENDBLK
  5
167
330
15C
100
AcDbEntity
  8
0
100
AcDbBlockEnd
  0
BLOCK
  5
16A
330
169
100
AcDbEntity
  8
0
100
AcDbBlockBegin
  2
*D11
 70
     1
 10
0.0
 20
0.0
 30
0.0
  3
*D11
  1

  0
LINE
  5
16B
330
169
100
AcDbEntity
  8
HT-A-AXIS-F01-NEW
 62
     0
440
 16777216
370
    -2
100
AcDbLine
 10
121584.48
 20
478.46
 30
0.0
 11
119134.48
 21
478.46
 31
0.0
  0
LINE
  5
16C
330
169
100
AcDbEntity
  8
HT-A-AXIS-F01-NEW
 62
     0
440
 16777216
370
    -2
100
AcDbLine
 10
121584.48
 20
4978.46
 30
0.0
 11
119134.48
 21
4978.46
 31
0.0
  0
LINE
  5
16D
330
169
100
AcDbEntity
  8
HT-A-AXIS-F01-NEW
 62
     0
440
 16777216
370
    -2
100
AcDbLine
 10
119384.48
 20
478.46
 30
0.0
 11
119384.48
 21
4978.46
 31
0.0
  0
INSERT
  5
16E
330
169
100
AcDbEntity
  8
HT-A-AXIS-F01-NEW
 62
     0
440
 16777216
370
    -2
100
AcDbBlockReference
  2
_ArchTick
 10
119384.48
 20
478.46
 30
0.0
 41
100.0
 42
100.0
 43
100.0
 50
270.0
  0
INSERT
  5
16F
330
169
100
AcDbEntity
  8
HT-A-AXIS-F01-NEW
 62
     0
440
 16777216
370
    -2
100
AcDbBlockReference
  2
_ArchTick
 10
119384.48
 20
4978.46
 30
0.0
 41
100.0
 42
100.0
 43
100.0
 50
90.0
  0
MTEXT
  5
170
330
169
100
AcDbEntity
  8
HT-A-AXIS-F01-NEW
 62
     7
440
 16777216
100
AcDbMText
 10
119109.48
 20
2728.46
 30
0.0
 40
297.5
 41
0.0
 46
0.0
 71
     5
 72
     1
  1
\A1;4500
  7
_TCH_DIM_T3
 11
0.0
 21
1.0
 31
0.0
 73
     1
 44
1.0
  0
POINT
  5
171
330
169
100
AcDbEntity
  8
Defpoints
 62
     0
440
 16777216
100
AcDbPoint
 10
121884.48
 20
478.46
 30
0.0
  0
POINT
  5
172
330
169
100
AcDbEntity
  8
Defpoints
 62
     0
440
 16777216
100
AcDbPoint
 10
121884.48
 20
4978.46
 30
0.0
  0
POINT
  5
173
330
169
100
AcDbEntity
  8
Defpoints
 62
     0
440
 16777216
100
AcDbPoint
 10
119384.48
 20
4978.46
 30
0.0
  0
ENDBLK
  5
174
330
169
100
AcDbEntity
  8
0
100
AcDbBlockEnd
  0
BLOCK
  5
177
330
176
100
AcDbEntity
  8
0
100
AcDbBlockBegin
  2
*D12
 70
     1
 10
0.0
 20
0.0
 30
0.0
  3
*D12
  1

  0
LINE
  5
178
330
176
100
AcDbEntity
  8
HT-A-AXIS-F01-NEW
 62
     0
440
 16777216
370
    -2
100
AcDbLine
 10
121584.48
 20
4978.46
 30
0.0
 11
119134.48
 21
4978.46
 31
0.0
  0
LINE
  5
179
330
176
100
AcDbEntity
  8
HT-A-AXIS-F01-NEW
 62
     0
440
 16777216
370
    -2
100
AcDbLine
 10
121584.48
 20
9478.46
 30
0.0
 11
119134.48
 21
9478.46
 31
0.0
  0
LINE
  5
17A
330
176
100
AcDbEntity
  8
HT-A-AXIS-F01-NEW
 62
     0
440
 16777216
370
    -2
100
AcDbLine
 10
119384.48
 20
4978.46
 30
0.0
 11
119384.48
 21
9478.46
 31
0.0
  0
INSERT
  5
17B
330
176
100
AcDbEntity
  8
HT-A-AXIS-F01-NEW
 62
     0
440
 16777216
370
    -2
100
AcDbBlockReference
  2
_ArchTick
 10
119384.48
 20
4978.46
 30
0.0
 41
100.0
 42
100.0
 43
100.0
 50
270.0
  0
INSERT
  5
17C
330
176
100
AcDbEntity
  8
HT-A-AXIS-F01-NEW
 62
     0
440
 16777216
370
    -2
100
AcDbBlockReference
  2
_ArchTick
 10
119384.48
 20
9478.46
 30
0.0
 41
100.0
 42
100.0
 43
100.0
 50
90.0
  0
MTEXT
  5
17D
330
176
100
AcDbEntity
  8
HT-A-AXIS-F01-NEW
 62
     7
440
 16777216
100
AcDbMText
 10
119109.48
 20
7228.46
 30
0.0
 40
297.5
 41
0.0
 46
0.0
 71
     5
 72
     1
  1
\A1;4500
  7
_TCH_DIM_T3
 11
0.0
 21
1.0
 31
0.0
 73
     1
 44
1.0
  0
POINT
  5
17E
330
176
100
AcDbEntity
  8
Defpoints
 62
     0
440
 16777216
100
AcDbPoint
 10
121884.48
 20
4978.46
 30
0.0
  0
POINT
  5
17F
330
176
100
AcDbEntity
  8
Defpoints
 62
     0
440
 16777216
100
AcDbPoint
 10
121884.48
 20
9478.46
 30
0.0
  0
POINT
  5
180
330
176
100
AcDbEntity
  8
Defpoints
 62
     0
440
 16777216
100
AcDbPoint
 10
119384.48
 20
9478.46
 30
0.0
  0
ENDBLK
  5
181
330
176
100
AcDbEntity
  8
0
100
AcDbBlockEnd
  0
BLOCK
  5
184
330
183
100
AcDbEntity
  8
0
100
AcDbBlockBegin
  2
*D13
 70
     1
 10
0.0
 20
0.0
 30
0.0
  3
*D13
  1

  0
LINE
  5
185
330
183
100
AcDbEntity
  8
HT-A-AXIS-F01-NEW
 62
     0
440
 16777216
370
    -2
100
AcDbLine
 10
121584.48
 20
-3021.54
 30
0.0
 11
118334.48
 21
-3021.54
 31
0.0
  0
LINE
  5
186
330
183
100
AcDbEntity
  8
HT-A-AXIS-F01-NEW
 62
     0
440
 16777216
370
    -2
100
AcDbLine
 10
121584.48
 20
9478.46
 30
0.0
 11
118334.48
 21
9478.46
 31
0.0
  0
LINE
  5
187
330
183
100
AcDbEntity
  8
HT-A-AXIS-F01-NEW
 62
     0
440
 16777216
370
    -2
100
AcDbLine
 10
118584.48
 20
-3021.54
 30
0.0
 11
118584.48
 21
9478.46
 31
0.0
  0
INSERT
  5
188
330
183
100
AcDbEntity
  8
HT-A-AXIS-F01-NEW
 62
     0
440
 16777216
370
    -2
100
AcDbBlockReference
  2
_ArchTick
 10
118584.48
 20
-3021.54
 30
0.0
 41
100.0
 42
100.0
 43
100.0
 50
270.0
  0
INSERT
  5
189
330
183
100
AcDbEntity
  8
HT-A-AXIS-F01-NEW
 62
     0
440
 16777216
370
    -2
100
AcDbBlockReference
  2
_ArchTick
 10
118584.48
 20
9478.46
 30
0.0
 41
100.0
 42
100.0
 43
100.0
 50
90.0
  0
MTEXT
  5
18A
330
183
100
AcDbEntity
  8
HT-A-AXIS-F01-NEW
 62
     7
440
 16777216
100
AcDbMText
 10
118309.48
 20
3228.46
 30
0.0
 40
297.5
 41
0.0
 46
0.0
 71
     5
 72
     1
  1
\A1;12500
  7
_TCH_DIM_T3
 11
0.0
 21
1.0
 31
0.0
 73
     1
 44
1.0
  0
POINT
  5
18B
330
183
100
AcDbEntity
  8
Defpoints
 62
     0
440
 16777216
100
AcDbPoint
 10
121884.48
 20
-3021.54
 30
0.0
  0
POINT
  5
18C
330
183
100
AcDbEntity
  8
Defpoints
 62
     0
440
 16777216
100
AcDbPoint
 10
121884.48
 20
9478.46
 30
0.0
  0
POINT
  5
18D
330
183
100
AcDbEntity
  8
Defpoints
 62
     0
440
 16777216
100
AcDbPoint
 10
118584.48
 20
9478.46
 30
0.0
  0
ENDBLK
  5
18E
330
183
100
AcDbEntity
  8
0
100
AcDbBlockEnd
  0
BLOCK
  5
191
330
190
100
AcDbEntity
  8
0
100
AcDbBlockBegin
  2
*D14
 70
     1
 10
0.0
 20
0.0
 30
0.0
  3
*D14
  1

  0
LINE
  5
192
330
190
100
AcDbEntity
  8
HT-A-AXIS-F01-NEW
 62
     0
440
 16777216
370
    -2
100
AcDbLine
 10
122884.48
 20
10778.46
 30
0.0
 11
122884.48
 21
13228.46
 31
0.0
  0
LINE
  5
193
330
190
100
AcDbEntity
  8
HT-A-AXIS-F01-NEW
 62
     0
440
 16777216
370
    -2
100
AcDbLine
 10
126384.48
 20
10778.46
 30
0.0
 11
126384.48
 21
13228.46
 31
0.0
  0
LINE
  5
194
330
190
100
AcDbEntity
  8
HT-A-AXIS-F01-NEW
 62
     0
440
 16777216
370
    -2
100
AcDbLine
 10
122884.48
 20
12978.46
 30
0.0
 11
126384.48
 21
12978.46
 31
0.0
  0
INSERT
  5
195
330
190
100
AcDbEntity
  8
HT-A-AXIS-F01-NEW
 62
     0
440
 16777216
370
    -2
100
AcDbBlockReference
  2
_ArchTick
 10
122884.48
 20
12978.46
 30
0.0
 41
100.0
 42
100.0
 43
100.0
 50
180.0
  0
INSERT
  5
196
330
190
100
AcDbEntity
  8
HT-A-AXIS-F01-NEW
 62
     0
440
 16777216
370
    -2
100
AcDbBlockReference
  2
_ArchTick
 10
126384.48
 20
12978.46
 30
0.0
 41
100.0
 42
100.0
 43
100.0
  0
MTEXT
  5
197
330
190
100
AcDbEntity
  8
HT-A-AXIS-F01-NEW
 62
     7
440
 16777216
100
AcDbMText
 10
124634.48
 20
13253.46
 30
0.0
 40
297.5
 41
0.0
 46
0.0
 71
     5
 72
     1
  1
\A1;3500
  7
_TCH_DIM_T3
 73
     1
 44
1.0
  0
POINT
  5
198
330
190
100
AcDbEntity
  8
Defpoints
 62
     0
440
 16777216
100
AcDbPoint
 10
122884.48
 20
10478.46
 30
0.0
  0
POINT
  5
199
330
190
100
AcDbEntity
  8
Defpoints
 62
     0
440
 16777216
100
AcDbPoint
 10
126384.48
 20
10478.46
 30
0.0
  0
POINT
  5
19A
330
190
100
AcDbEntity
  8
Defpoints
 62
     0
440
 16777216
100
AcDbPoint
 10
126384.48
 20
12978.46
 30
0.0
  0
ENDBLK
  5
19B
330
190
100
AcDbEntity
  8
0
100
AcDbBlockEnd
  0
BLOCK
  5
19E
330
19D
100
AcDbEntity
  8
0
100
AcDbBlockBegin
  2
*D15
 70
     1
 10
0.0
 20
0.0
 30
0.0
  3
*D15
  1

  0
LINE
  5
19F
330
19D
100
AcDbEntity
  8
HT-A-AXIS-F01-NEW
 62
     0
440
 16777216
370
    -2
100
AcDbLine
 10
126384.48
 20
10778.46
 30
0.0
 11
126384.48
 21
13228.46
 31
0.0
  0
LINE
  5
1A0
330
19D
100
AcDbEntity
  8
HT-A-AXIS-F01-NEW
 62
     0
440
 16777216
370
    -2
100
AcDbLine
 10
130584.48
 20
10778.46
 30
0.0
 11
130584.48
 21
13228.46
 31
0.0
  0
LINE
  5
1A1
330
19D
100
AcDbEntity
  8
HT-A-AXIS-F01-NEW
 62
     0
440
 16777216
370
    -2
100
AcDbLine
 10
126384.48
 20
12978.46
 30
0.0
 11
130584.48
 21
12978.46
 31
0.0
  0
INSERT
  5
1A2
330
19D
100
AcDbEntity
  8
HT-A-AXIS-F01-NEW
 62
     0
440
 16777216
370
    -2
100
AcDbBlockReference
  2
_ArchTick
 10
126384.48
 20
12978.46
 30
0.0
 41
100.0
 42
100.0
 43
100.0
 50
180.0
  0
INSERT
  5
1A3
330
19D
100
AcDbEntity
  8
HT-A-AXIS-F01-NEW
 62
     0
440
 16777216
370
    -2
100
AcDbBlockReference
  2
_ArchTick
 10
130584.48
 20
12978.46
 30
0.0
 41
100.0
 42
100.0
 43
100.0
  0
MTEXT
  5
1A4
330
19D
100
AcDbEntity
  8
HT-A-AXIS-F01-NEW
 62
     7
440
 16777216
100
AcDbMText
 10
128484.48
 20
13253.46
 30
0.0
 40
297.5
 41
0.0
 46
0.0
 71
     5
 72
     1
  1
\A1;4200
  7
_TCH_DIM_T3
 73
     1
 44
1.0
  0
POINT
  5
1A5
330
19D
100
AcDbEntity
  8
Defpoints
 62
     0
440
 16777216
100
AcDbPoint
 10
126384.48
 20
10478.46
 30
0.0
  0
POINT
  5
1A6
330
19D
100
AcDbEntity
  8
Defpoints
 62
     0
440
 16777216
100
AcDbPoint
 10
130584.48
 20
10478.46
 30
0.0
  0
POINT
  5
1A7
330
19D
100
AcDbEntity
  8
Defpoints
 62
     0
440
 16777216
100
AcDbPoint
 10
130584.48
 20
12978.46
 30
0.0
  0
ENDBLK
  5
1A8
330
19D
100
AcDbEntity
  8
0
100
AcDbBlockEnd
  0
BLOCK
  5
1AB
330
1AA
100
AcDbEntity
  8
0
100
AcDbBlockBegin
  2
*D16
 70
     1
 10
0.0
 20
0.0
 30
0.0
  3
*D16
  1

  0
LINE
  5
1AC
330
1AA
100
AcDbEntity
  8
HT-A-AXIS-F01-NEW
 62
     0
440
 16777216
370
    -2
100
AcDbLine
 10
130584.48
 20
10778.46
 30
0.0
 11
130584.48
 21
13228.46
 31
0.0
  0
LINE
  5
1AD
330
1AA
100
AcDbEntity
  8
HT-A-AXIS-F01-NEW
 62
     0
440
 16777216
370
    -2
100
AcDbLine
 10
132384.48
 20
10778.46
 30
0.0
 11
132384.48
 21
13228.46
 31
0.0
  0
LINE
  5
1AE
330
1AA
100
AcDbEntity
  8
HT-A-AXIS-F01-NEW
 62
     0
440
 16777216
370
    -2
100
AcDbLine
 10
130584.48
 20
12978.46
 30
0.0
 11
132384.48
 21
12978.46
 31
0.0
  0
INSERT
  5
1AF
330
1AA
100
AcDbEntity
  8
HT-A-AXIS-F01-NEW
 62
     0
440
 16777216
370
    -2
100
AcDbBlockReference
  2
_ArchTick
 10
130584.48
 20
12978.46
 30
0.0
 41
100.0
 42
100.0
 43
100.0
 50
180.0
  0
INSERT
  5
1B0
330
1AA
100
AcDbEntity
  8
HT-A-AXIS-F01-NEW
 62
     0
440
 16777216
370
    -2
100
AcDbBlockReference
  2
_ArchTick
 10
132384.48
 20
12978.46
 30
0.0
 41
100.0
 42
100.0
 43
100.0
  0
MTEXT
  5
1B1
330
1AA
100
AcDbEntity
  8
HT-A-AXIS-F01-NEW
 62
     7
440
 16777216
100
AcDbMText
 10
131484.48
 20
13253.46
 30
0.0
 40
297.5
 41
0.0
 46
0.0
 71
     5
 72
     1
  1
\A1;1800
  7
_TCH_DIM_T3
 73
     1
 44
1.0
  0
POINT
  5
1B2
330
1AA
100
AcDbEntity
  8
Defpoints
 62
     0
440
 16777216
100
AcDbPoint
 10
130584.48
 20
10478.46
 30
0.0
  0
POINT
  5
1B3
330
1AA
100
AcDbEntity
  8
Defpoints
 62
     0
440
 16777216
100
AcDbPoint
 10
132384.48
 20
10478.46
 30
0.0
  0
POINT
  5
1B4
330
1AA
100
AcDbEntity
  8
Defpoints
 62
     0
440
 16777216
100
AcDbPoint
 10
132384.48
 20
12978.46
 30
0.0
  0
ENDBLK
  5
1B5
330
1AA
100
AcDbEntity
  8
0
100
AcDbBlockEnd
  0
BLOCK
  5
1B8
330
1B7
100
AcDbEntity
  8
0
100
AcDbBlockBegin
  2
*D17
 70
     1
 10
0.0
 20
0.0
 30
0.0
  3
*D17
  1

  0
LINE
  5
1B9
330
1B7
100
AcDbEntity
  8
HT-A-AXIS-F01-NEW
 62
     0
440
 16777216
370
    -2
100
AcDbLine
 10
132384.48
 20
10778.46
 30
0.0
 11
132384.48
 21
13228.46
 31
0.0
  0
LINE
  5
1BA
330
1B7
100
AcDbEntity
  8
HT-A-AXIS-F01-NEW
 62
     0
440
 16777216
370
    -2
100
AcDbLine
 10
137384.48
 20
10778.46
 30
0.0
 11
137384.48
 21
13228.46
 31
0.0
  0
LINE
  5
1BB
330
1B7
100
AcDbEntity
  8
HT-A-AXIS-F01-NEW
 62
     0
440
 16777216
370
    -2
100
AcDbLine
 10
132384.48
 20
12978.46
 30
0.0
 11
137384.48
 21
12978.46
 31
0.0
  0
INSERT
  5
1BC
330
1B7
100
AcDbEntity
  8
HT-A-AXIS-F01-NEW
 62
     0
440
 16777216
370
    -2
100
AcDbBlockReference
  2
_ArchTick
 10
132384.48
 20
12978.46
 30
0.0
 41
100.0
 42
100.0
 43
100.0
 50
180.0
  0
INSERT
  5
1BD
330
1B7
100
AcDbEntity
  8
HT-A-AXIS-F01-NEW
 62
     0
440
 16777216
370
    -2
100
AcDbBlockReference
  2
_ArchTick
 10
137384.48
 20
12978.46
 30
0.0
 41
100.0
 42
100.0
 43
100.0
  0
MTEXT
  5
1BE
330
1B7
100
AcDbEntity
  8
HT-A-AXIS-F01-NEW
 62
     7
440
 16777216
100
AcDbMText
 10
134884.48
 20
13253.46
 30
0.0
 40
297.5
 41
0.0
 46
0.0
 71
     5
 72
     1
  1
\A1;5000
  7
_TCH_DIM_T3
 73
     1
 44
1.0
  0
POINT
  5
1BF
330
1B7
100
AcDbEntity
  8
Defpoints
 62
     0
440
 16777216
100
AcDbPoint
 10
132384.48
 20
10478.46
 30
0.0
  0
POINT
  5
1C0
330
1B7
100
AcDbEntity
  8
Defpoints
 62
     0
440
 16777216
100
AcDbPoint
 10
137384.48
 20
10478.46
 30
0.0
  0
POINT
  5
1C1
330
1B7
100
AcDbEntity
  8
Defpoints
 62
     0
440
 16777216
100
AcDbPoint
 10
137384.48
 20
12978.46
 30
0.0
  0
ENDBLK
  5
1C2
330
1B7
100
AcDbEntity
  8
0
100
AcDbBlockEnd
  0
BLOCK
  5
1C5
330
1C4
100
AcDbEntity
  8
0
100
AcDbBlockBegin
  2
*D18
 70
     1
 10
0.0
 20
0.0
 30
0.0
  3
*D18
  1

  0
LINE
  5
1C6
330
1C4
100
AcDbEntity
  8
HT-A-AXIS-F01-NEW
 62
     0
440
 16777216
370
    -2
100
AcDbLine
 10
137384.48
 20
10778.46
 30
0.0
 11
137384.48
 21
13228.46
 31
0.0
  0
LINE
  5
1C7
330
1C4
100
AcDbEntity
  8
HT-A-AXIS-F01-NEW
 62
     0
440
 16777216
370
    -2
100
AcDbLine
 10
139384.48
 20
10778.46
 30
0.0
 11
139384.48
 21
13228.46
 31
0.0
  0
LINE
  5
1C8
330
1C4
100
AcDbEntity
  8
HT-A-AXIS-F01-NEW
 62
     0
440
 16777216
370
    -2
100
AcDbLine
 10
137384.48
 20
12978.46
 30
0.0
 11
139384.48
 21
12978.46
 31
0.0
  0
INSERT
  5
1C9
330
1C4
100
AcDbEntity
  8
HT-A-AXIS-F01-NEW
 62
     0
440
 16777216
370
    -2
100
AcDbBlockReference
  2
_ArchTick
 10
137384.48
 20
12978.46
 30
0.0
 41
100.0
 42
100.0
 43
100.0
 50
180.0
  0
INSERT
  5
1CA
330
1C4
100
AcDbEntity
  8
HT-A-AXIS-F01-NEW
 62
     0
440
 16777216
370
    -2
100
AcDbBlockReference
  2
_ArchTick
 10
139384.48
 20
12978.46
 30
0.0
 41
100.0
 42
100.0
 43
100.0
  0
MTEXT
  5
1CB
330
1C4
100
AcDbEntity
  8
HT-A-AXIS-F01-NEW
 62
     7
440
 16777216
100
AcDbMText
 10
138384.48
 20
13253.46
 30
0.0
 40
297.5
 41
0.0
 46
0.0
 71
     5
 72
     1
  1
\A1;2000
  7
_TCH_DIM_T3
 73
     1
 44
1.0
  0
POINT
  5
1CC
330
1C4
100
AcDbEntity
  8
Defpoints
 62
     0
440
 16777216
100
AcDbPoint
 10
137384.48
 20
10478.46
 30
0.0
  0
POINT
  5
1CD
330
1C4
100
AcDbEntity
  8
Defpoints
 62
     0
440
 16777216
100
AcDbPoint
 10
139384.48
 20
10478.46
 30
0.0
  0
POINT
  5
1CE
330
1C4
100
AcDbEntity
  8
Defpoints
 62
     0
440
 16777216
100
AcDbPoint
 10
139384.48
 20
12978.46
 30
0.0
  0
ENDBLK
  5
1CF
330
1C4
100
AcDbEntity
  8
0
100
AcDbBlockEnd
  0
BLOCK
  5
1D2
330
1D1
100
AcDbEntity
  8
0
100
AcDbBlockBegin
  2
*D19
 70
     1
 10
0.0
 20
0.0
 30
0.0
  3
*D19
  1

  0
LINE
  5
1D3
330
1D1
100
AcDbEntity
  8
HT-A-AXIS-F01-NEW
 62
     0
440
 16777216
370
    -2
100
AcDbLine
 10
122884.48
 20
10778.46
 30
0.0
 11
122884.48
 21
14028.46
 31
0.0
  0
LINE
  5
1D4
330
1D1
100
AcDbEntity
  8
HT-A-AXIS-F01-NEW
 62
     0
440
 16777216
370
    -2
100
AcDbLine
 10
139384.48
 20
10778.46
 30
0.0
 11
139384.48
 21
14028.46
 31
0.0
  0
LINE
  5
1D5
330
1D1
100
AcDbEntity
  8
HT-A-AXIS-F01-NEW
 62
     0
440
 16777216
370
    -2
100
AcDbLine
 10
122884.48
 20
13778.46
 30
0.0
 11
139384.48
 21
13778.46
 31
0.0
  0
INSERT
  5
1D6
330
1D1
100
AcDbEntity
  8
HT-A-AXIS-F01-NEW
 62
     0
440
 16777216
370
    -2
100
AcDbBlockReference
  2
_ArchTick
 10
122884.48
 20
13778.46
 30
0.0
 41
100.0
 42
100.0
 43
100.0
 50
180.0
  0
INSERT
  5
1D7
330
1D1
100
AcDbEntity
  8
HT-A-AXIS-F01-NEW
 62
     0
440
 16777216
370
    -2
100
AcDbBlockReference
  2
_ArchTick
 10
139384.48
 20
13778.46
 30
0.0
 41
100.0
 42
100.0
 43
100.0
  0
MTEXT
  5
1D8
330
1D1
100
AcDbEntity
  8
HT-A-AXIS-F01-NEW
 62
     7
440
 16777216
100
AcDbMText
 10
131134.48
 20
14053.46
 30
0.0
 40
297.5
 41
0.0
 46
0.0
 71
     5
 72
     1
  1
\A1;16500
  7
_TCH_DIM_T3
 73
     1
 44
1.0
  0
POINT
  5
1D9
330
1D1
100
AcDbEntity
  8
Defpoints
 62
     0
440
 16777216
100
AcDbPoint
 10
122884.48
 20
10478.46
 30
0.0
  0
POINT
  5
1DA
330
1D1
100
AcDbEntity
  8
Defpoints
 62
     0
440
 16777216
100
AcDbPoint
 10
139384.48
 20
10478.46
 30
0.0
  0
POINT
  5
1DB
330
1D1
100
AcDbEntity
  8
Defpoints
 62
     0
440
 16777216
100
AcDbPoint
 10
139384.48
 20
13778.46
 30
0.0
  0
ENDBLK
  5
1DC
330
1D1
100
AcDbEntity
  8
0
100
AcDbBlockEnd
  0
BLOCK
  5
1DF
330
1DE
100
AcDbEntity
  8
0
100
AcDbBlockBegin
  2
*D20
 70
     1
 10
0.0
 20
0.0
 30
0.0
  3
*D20
  1

  0
LINE
  5
1E0
330
1DE
100
AcDbEntity
  8
HT-A-AXIS-F01-NEW
 62
     0
440
 16777216
370
    -2
100
AcDbLine
 10
122884.48
 20
-4321.54
 30
0.0
 11
122884.48
 21
-6771.54
 31
0.0
  0
LINE
  5
1E1
330
1DE
100
AcDbEntity
  8
HT-A-AXIS-F01-NEW
 62
     0
440
 16777216
370
    -2
100
AcDbLine
 10
126384.48
 20
-4321.54
 30
0.0
 11
126384.48
 21
-6771.54
 31
0.0
  0
LINE
  5
1E2
330
1DE
100
AcDbEntity
  8
HT-A-AXIS-F01-NEW
 62
     0
440
 16777216
370
    -2
100
AcDbLine
 10
122884.48
 20
-6521.54
 30
0.0
 11
126384.48
 21
-6521.54
 31
0.0
  0
INSERT
  5
1E3
330
1DE
100
AcDbEntity
  8
HT-A-AXIS-F01-NEW
 62
     0
440
 16777216
370
    -2
100
AcDbBlockReference
  2
_ArchTick
 10
122884.48
 20
-6521.54
 30
0.0
 41
100.0
 42
100.0
 43
100.0
 50
180.0
  0
INSERT
  5
1E4
330
1DE
100
AcDbEntity
  8
HT-A-AXIS-F01-NEW
 62
     0
440
 16777216
370
    -2
100
AcDbBlockReference
  2
_ArchTick
 10
126384.48
 20
-6521.54
 30
0.0
 41
100.0
 42
100.0
 43
100.0
  0
MTEXT
  5
1E5
330
1DE
100
AcDbEntity
  8
HT-A-AXIS-F01-NEW
 62
     7
440
 16777216
100
AcDbMText
 10
124634.48
 20
-6246.54
 30
0.0
 40
297.5
 41
0.0
 46
0.0
 71
     5
 72
     1
  1
\A1;3500
  7
_TCH_DIM_T3
 73
     1
 44
1.0
  0
POINT
  5
1E6
330
1DE
100
AcDbEntity
  8
Defpoints
 62
     0
440
 16777216
100
AcDbPoint
 10
122884.48
 20
-4021.54
 30
0.0
  0
POINT
  5
1E7
330
1DE
100
AcDbEntity
  8
Defpoints
 62
     0
440
 16777216
100
AcDbPoint
 10
126384.48
 20
-4021.54
 30
0.0
  0
POINT
  5
1E8
330
1DE
100
AcDbEntity
  8
Defpoints
 62
     0
440
 16777216
100
AcDbPoint
 10
126384.48
 20
-6521.54
 30
0.0
  0
ENDBLK
  5
1E9
330
1DE
100
AcDbEntity
  8
0
100
AcDbBlockEnd
  0
BLOCK
  5
1EC
330
1EB
100
AcDbEntity
  8
0
100
AcDbBlockBegin
  2
*D21
 70
     1
 10
0.0
 20
0.0
 30
0.0
  3
*D21
  1

  0
LINE
  5
1ED
330
1EB
100
AcDbEntity
  8
HT-A-AXIS-F01-NEW
 62
     0
440
 16777216
370
    -2
100
AcDbLine
 10
126384.48
 20
-4321.54
 30
0.0
 11
126384.48
 21
-6771.54
 31
0.0
  0
LINE
  5
1EE
330
1EB
100
AcDbEntity
  8
HT-A-AXIS-F01-NEW
 62
     0
440
 16777216
370
    -2
100
AcDbLine
 10
130584.48
 20
-4321.54
 30
0.0
 11
130584.48
 21
-6771.54
 31
0.0
  0
LINE
  5
1EF
330
1EB
100
AcDbEntity
  8
HT-A-AXIS-F01-NEW
 62
     0
440
 16777216
370
    -2
100
AcDbLine
 10
126384.48
 20
-6521.54
 30
0.0
 11
130584.48
 21
-6521.54
 31
0.0
  0
INSERT
  5
1F0
330
1EB
100
AcDbEntity
  8
HT-A-AXIS-F01-NEW
 62
     0
440
 16777216
370
    -2
100
AcDbBlockReference
  2
_ArchTick
 10
126384.48
 20
-6521.54
 30
0.0
 41
100.0
 42
100.0
 43
100.0
 50
180.0
  0
INSERT
  5
1F1
330
1EB
100
AcDbEntity
  8
HT-A-AXIS-F01-NEW
 62
     0
440
 16777216
370
    -2
100
AcDbBlockReference
  2
_ArchTick
 10
130584.48
 20
-6521.54
 30
0.0
 41
100.0
 42
100.0
 43
100.0
  0
MTEXT
  5
1F2
330
1EB
100
AcDbEntity
  8
HT-A-AXIS-F01-NEW
 62
     7
440
 16777216
100
AcDbMText
 10
128484.48
 20
-6246.54
 30
0.0
 40
297.5
 41
0.0
 46
0.0
 71
     5
 72
     1
  1
\A1;4200
  7
_TCH_DIM_T3
 73
     1
 44
1.0
  0
POINT
  5
1F3
330
1EB
100
AcDbEntity
  8
Defpoints
 62
     0
440
 16777216
100
AcDbPoint
 10
126384.48
 20
-4021.54
 30
0.0
  0
POINT
  5
1F4
330
1EB
100
AcDbEntity
  8
Defpoints
 62
     0
440
 16777216
100
AcDbPoint
 10
130584.48
 20
-4021.54
 30
0.0
  0
POINT
  5
1F5
330
1EB
100
AcDbEntity
  8
Defpoints
 62
     0
440
 16777216
100
AcDbPoint
 10
130584.48
 20
-6521.54
 30
0.0
  0
ENDBLK
  5
1F6
330
1EB
100
AcDbEntity
  8
0
100
AcDbBlockEnd
  0
BLOCK
  5
1F9
330
1F8
100
AcDbEntity
  8
0
100
AcDbBlockBegin
  2
*D22
 70
     1
 10
0.0
 20
0.0
 30
0.0
  3
*D22
  1

  0
LINE
  5
1FA
330
1F8
100
AcDbEntity
  8
HT-A-AXIS-F01-NEW
 62
     0
440
 16777216
370
    -2
100
AcDbLine
 10
130584.48
 20
-4321.54
 30
0.0
 11
130584.48
 21
-6771.54
 31
0.0
  0
LINE
  5
1FB
330
1F8
100
AcDbEntity
  8
HT-A-AXIS-F01-NEW
 62
     0
440
 16777216
370
    -2
100
AcDbLine
 10
132384.48
 20
-4321.54
 30
0.0
 11
132384.48
 21
-6771.54
 31
0.0
  0
LINE
  5
1FC
330
1F8
100
AcDbEntity
  8
HT-A-AXIS-F01-NEW
 62
     0
440
 16777216
370
    -2
100
AcDbLine
 10
130584.48
 20
-6521.54
 30
0.0
 11
132384.48
 21
-6521.54
 31
0.0
  0
INSERT
  5
1FD
330
1F8
100
AcDbEntity
  8
HT-A-AXIS-F01-NEW
 62
     0
440
 16777216
370
    -2
100
AcDbBlockReference
  2
_ArchTick
 10
130584.48
 20
-6521.54
 30
0.0
 41
100.0
 42
100.0
 43
100.0
 50
180.0
  0
INSERT
  5
1FE
330
1F8
100
AcDbEntity
  8
HT-A-AXIS-F01-NEW
 62
     0
440
 16777216
370
    -2
100
AcDbBlockReference
  2
_ArchTick
 10
132384.48
 20
-6521.54
 30
0.0
 41
100.0
 42
100.0
 43
100.0
  0
MTEXT
  5
1FF
330
1F8
100
AcDbEntity
  8
HT-A-AXIS-F01-NEW
 62
     7
440
 16777216
100
AcDbMText
 10
131484.48
 20
-6246.54
 30
0.0
 40
297.5
 41
0.0
 46
0.0
 71
     5
 72
     1
  1
\A1;1800
  7
_TCH_DIM_T3
 73
     1
 44
1.0
  0
POINT
  5
200
330
1F8
100
AcDbEntity
  8
Defpoints
 62
     0
440
 16777216
100
AcDbPoint
 10
130584.48
 20
-4021.54
 30
0.0
  0
POINT
  5
201
330
1F8
100
AcDbEntity
  8
Defpoints
 62
     0
440
 16777216
100
AcDbPoint
 10
132384.48
 20
-4021.54
 30
0.0
  0
POINT
  5
202
330
1F8
100
AcDbEntity
  8
Defpoints
 62
     0
440
 16777216
100
AcDbPoint
 10
132384.48
 20
-6521.54
 30
0.0
  0
ENDBLK
  5
203
330
1F8
100
AcDbEntity
  8
0
100
AcDbBlockEnd
  0
BLOCK
  5
206
330
205
100
AcDbEntity
  8
0
100
AcDbBlockBegin
  2
*D23
 70
     1
 10
0.0
 20
0.0
 30
0.0
  3
*D23
  1

  0
LINE
  5
207
330
205
100
AcDbEntity
  8
HT-A-AXIS-F01-NEW
 62
     0
440
 16777216
370
    -2
100
AcDbLine
 10
132384.48
 20
-4321.54
 30
0.0
 11
132384.48
 21
-6771.54
 31
0.0
  0
LINE
  5
208
330
205
100
AcDbEntity
  8
HT-A-AXIS-F01-NEW
 62
     0
440
 16777216
370
    -2
100
AcDbLine
 10
137384.48
 20
-4321.54
 30
0.0
 11
137384.48
 21
-6771.54
 31
0.0
  0
LINE
  5
209
330
205
100
AcDbEntity
  8
HT-A-AXIS-F01-NEW
 62
     0
440
 16777216
370
    -2
100
AcDbLine
 10
132384.48
 20
-6521.54
 30
0.0
 11
137384.48
 21
-6521.54
 31
0.0
  0
INSERT
  5
20A
330
205
100
AcDbEntity
  8
HT-A-AXIS-F01-NEW
 62
     0
440
 16777216
370
    -2
100
AcDbBlockReference
  2
_ArchTick
 10
132384.48
 20
-6521.54
 30
0.0
 41
100.0
 42
100.0
 43
100.0
 50
180.0
  0
INSERT
  5
20B
330
205
100
AcDbEntity
  8
HT-A-AXIS-F01-NEW
 62
     0
440
 16777216
370
    -2
100
AcDbBlockReference
  2
_ArchTick
 10
137384.48
 20
-6521.54
 30
0.0
 41
100.0
 42
100.0
 43
100.0
  0
MTEXT
  5
20C
330
205
100
AcDbEntity
  8
HT-A-AXIS-F01-NEW
 62
     7
440
 16777216
100
AcDbMText
 10
134884.48
 20
-6246.54
 30
0.0
 40
297.5
 41
0.0
 46
0.0
 71
     5
 72
     1
  1
\A1;5000
  7
_TCH_DIM_T3
 73
     1
 44
1.0
  0
POINT
  5
20D
330
205
100
AcDbEntity
  8
Defpoints
 62
     0
440
 16777216
100
AcDbPoint
 10
132384.48
 20
-4021.54
 30
0.0
  0
POINT
  5
20E
330
205
100
AcDbEntity
  8
Defpoints
 62
     0
440
 16777216
100
AcDbPoint
 10
137384.48
 20
-4021.54
 30
0.0
  0
POINT
  5
20F
330
205
100
AcDbEntity
  8
Defpoints
 62
     0
440
 16777216
100
AcDbPoint
 10
137384.48
 20
-6521.54
 30
0.0
  0
ENDBLK
  5
210
330
205
100
AcDbEntity
  8
0
100
AcDbBlockEnd
  0
BLOCK
  5
213
330
212
100
AcDbEntity
  8
0
100
AcDbBlockBegin
  2
*D24
 70
     1
 10
0.0
 20
0.0
 30
0.0
  3
*D24
  1

  0
LINE
  5
214
330
212
100
AcDbEntity
  8
HT-A-AXIS-F01-NEW
 62
     0
440
 16777216
370
    -2
100
AcDbLine
 10
137384.48
 20
-4321.54
 30
0.0
 11
137384.48
 21
-6771.54
 31
0.0
  0
LINE
  5
215
330
212
100
AcDbEntity
  8
HT-A-AXIS-F01-NEW
 62
     0
440
 16777216
370
    -2
100
AcDbLine
 10
139384.48
 20
-4321.54
 30
0.0
 11
139384.48
 21
-6771.54
 31
0.0
  0
LINE
  5
216
330
212
100
AcDbEntity
  8
HT-A-AXIS-F01-NEW
 62
     0
440
 16777216
370
    -2
100
AcDbLine
 10
137384.48
 20
-6521.54
 30
0.0
 11
139384.48
 21
-6521.54
 31
0.0
  0
INSERT
  5
217
330
212
100
AcDbEntity
  8
HT-A-AXIS-F01-NEW
 62
     0
440
 16777216
370
    -2
100
AcDbBlockReference
  2
_ArchTick
 10
137384.48
 20
-6521.54
 30
0.0
 41
100.0
 42
100.0
 43
100.0
 50
180.0
  0
INSERT
  5
218
330
212
100
AcDbEntity
  8
HT-A-AXIS-F01-NEW
 62
     0
440
 16777216
370
    -2
100
AcDbBlockReference
  2
_ArchTick
 10
139384.48
 20
-6521.54
 30
0.0
 41
100.0
 42
100.0
 43
100.0
  0
MTEXT
  5
219
330
212
100
AcDbEntity
  8
HT-A-AXIS-F01-NEW
 62
     7
440
 16777216
100
AcDbMText
 10
138384.48
 20
-6246.54
 30
0.0
 40
297.5
 41
0.0
 46
0.0
 71
     5
 72
     1
  1
\A1;2000
  7
_TCH_DIM_T3
 73
     1
 44
1.0
  0
POINT
  5
21A
330
212
100
AcDbEntity
  8
Defpoints
 62
     0
440
 16777216
100
AcDbPoint
 10
137384.48
 20
-4021.54
 30
0.0
  0
POINT
  5
21B
330
212
100
AcDbEntity
  8
Defpoints
 62
     0
440
 16777216
100
AcDbPoint
 10
139384.48
 20
-4021.54
 30
0.0
  0
POINT
  5
21C
330
212
100
AcDbEntity
  8
Defpoints
 62
     0
440
 16777216
100
AcDbPoint
 10
139384.48
 20
-6521.54
 30
0.0
  0
ENDBLK
  5
21D
330
212
100
AcDbEntity
  8
0
100
AcDbBlockEnd
  0
BLOCK
  5
220
330
21F
100
AcDbEntity
  8
0
100
AcDbBlockBegin
  2
*D25
 70
     1
 10
0.0
 20
0.0
 30
0.0
  3
*D25
  1

  0
LINE
  5
221
330
21F
100
AcDbEntity
  8
HT-A-AXIS-F01-NEW
 62
     0
440
 16777216
370
    -2
100
AcDbLine
 10
122884.48
 20
-4321.54
 30
0.0
 11
122884.48
 21
-7571.54
 31
0.0
  0
LINE
  5
222
330
21F
100
AcDbEntity
  8
HT-A-AXIS-F01-NEW
 62
     0
440
 16777216
370
    -2
100
AcDbLine
 10
139384.48
 20
-4321.54
 30
0.0
 11
139384.48
 21
-7571.54
 31
0.0
  0
LINE
  5
223
330
21F
100
AcDbEntity
  8
HT-A-AXIS-F01-NEW
 62
     0
440
 16777216
370
    -2
100
AcDbLine
 10
122884.48
 20
-7321.54
 30
0.0
 11
139384.48
 21
-7321.54
 31
0.0
  0
INSERT
  5
224
330
21F
100
AcDbEntity
  8
HT-A-AXIS-F01-NEW
 62
     0
440
 16777216
370
    -2
100
AcDbBlockReference
  2
_ArchTick
 10
122884.48
 20
-7321.54
 30
0.0
 41
100.0
 42
100.0
 43
100.0
 50
180.0
  0
INSERT
  5
225
330
21F
100
AcDbEntity
  8
HT-A-AXIS-F01-NEW
 62
     0
440
 16777216
370
    -2
100
AcDbBlockReference
  2
_ArchTick
 10
139384.48
 20
-7321.54
 30
0.0
 41
100.0
 42
100.0
 43
100.0
  0
MTEXT
  5
226
330
21F
100
AcDbEntity
  8
HT-A-AXIS-F01-NEW
 62
     7
440
 16777216
100
AcDbMText
 10
131134.48
 20
-7046.54
 30
0.0
 40
297.5
 41
0.0
 46
0.0
 71
     5
 72
     1
  1
\A1;16500
  7
_TCH_DIM_T3
 73
     1
 44
1.0
  0
POINT
  5
227
330
21F
100
AcDbEntity
  8
Defpoints
 62
     0
440
 16777216
100
AcDbPoint
 10
122884.48
 20
-4021.54
 30
0.0
  0
POINT
  5
228
330
21F
100
AcDbEntity
  8
Defpoints
 62
     0
440
 16777216
100
AcDbPoint
 10
139384.48
 20
-4021.54
 30
0.0
  0
POINT
  5
229
330
21F
100
AcDbEntity
  8
Defpoints
 62
     0
440
 16777216
100
AcDbPoint
 10
139384.48
 20
-7321.54
 30
0.0
  0
ENDBLK
  5
22A
330
21F
100
AcDbEntity
  8
0
100
AcDbBlockEnd
  0
BLOCK
  5
28D
330
28C
100
AcDbEntity
  8
0
100
AcDbBlockBegin
  2
_AXISO
 70
     2
 10
0.0
 20
0.0
 30
0.0
  3
_AXISO
  1

  0
CIRCLE
  5
28E
330
28C
100
AcDbEntity
  8
0
100
AcDbCircle
 10
0.0
 20
0.0
 30
0.0
 40
0.5
  0
ATTDEF
  5
28F
330
28C
100
AcDbEntity
  8
HT-A-AXIS-TEXT-F01-NEW
100
AcDbText
 10
-0.25
 20
-0.28
 30
0.0
 40
0.56
  1

 41
1.04
  7
COMPLEX
 72
     5
 11
0.25
 21
-0.28
 31
0.0
100
AcDbAttributeDefinition
280
     0
  3

  2
A
 70
     0
280
     0
  0
ENDBLK
  5
292
330
28C
100
AcDbEntity
  8
0
100
AcDbBlockEnd
  0
BLOCK
  5
3A1
330
39D
100
AcDbEntity
  8
0
100
AcDbBlockBegin
  2
_FZH
 70
     0
 10
0.0
 20
0.0
 30
0.0
  3
_FZH
  1

  0
SOLID
  5
39E
330
39D
100
AcDbEntity
  8
PUB_HATCH
100
AcDbTrace
 10
-0.5
 20
-0.5
 30
0.0
 11
0.5
 21
-0.5
 31
0.0
 12
-0.5
 22
0.5
 32
0.0
 13
0.5
 23
0.5
 33
0.0
  0
LWPOLYLINE
  5
39F
330
39D
100
AcDbEntity
  8
0
100
AcDbPolyline
 90
        4
 70
     1
 43
0.0
 10
-0.5
 20
-0.5
 10
0.5
 20
-0.5
 10
0.5
 20
0.5
 10
-0.5
 20
0.5
  0
ENDBLK
  5
3A2
330
39D
100
AcDbEntity
  8
0
100
AcDbBlockEnd
  0
ENDSEC
  0
SECTION
  2
ENTITIES
  0
LINE
  5
E
330
2
100
AcDbEntity
  8
HT-A-NOPLOT-F01-NEW
100
AcDbLine
 10
137384.48
 20
-4021.54
 30
0.0
 11
137384.48
 21
10478.46
 31
0.0
  0
LINE
  5
11
330
2
100
AcDbEntity
  8
HT-A-NOPLOT-F01-NEW
100
AcDbLine
 10
132384.48
 20
-4021.54
 30
0.0
 11
132384.48
 21
10478.46
 31
0.0
  0
LINE
  5
12
330
2
100
AcDbEntity
  8
HT-A-NOPLOT-F01-NEW
100
AcDbLine
 10
121884.48
 20
-3021.54
 30
0.0
 11
141384.48
 21
-3021.54
 31
0.0
  0
LINE
  5
13
330
2
100
AcDbEntity
  8
HT-A-NOPLOT-F01-NEW
100
AcDbLine
 10
121884.48
 20
9478.46
 30
0.0
 11
141384.48
 21
9478.46
 31
0.0
  0
LINE
  5
14
330
2
100
AcDbEntity
  8
HT-A-NOPLOT-F01-NEW
100
AcDbLine
 10
121884.48
 20
478.46
 30
0.0
 11
140384.48
 21
478.46
 31
0.0
  0
LINE
  5
15
330
2
100
AcDbEntity
  8
HT-A-NOPLOT-F01-NEW
100
AcDbLine
 10
121884.48
 20
4978.46
 30
0.0
 11
140384.48
 21
4978.46
 31
0.0
  0
LINE
  5
16
330
2
100
AcDbEntity
  8
HT-A-NOPLOT-F01-NEW
100
AcDbLine
 10
130584.48
 20
-4021.54
 30
0.0
 11
130584.48
 21
10478.46
 31
0.0
  0
LINE
  5
17
330
2
100
AcDbEntity
  8
HT-A-NOPLOT-F01-NEW
100
AcDbLine
 10
126384.48
 20
-4021.54
 30
0.0
 11
126384.48
 21
10478.46
 31
0.0
  0
LINE
  5
18
330
2
100
AcDbEntity
  8
HT-A-NOPLOT-F01-NEW
100
AcDbLine
 10
122884.48
 20
-4021.54
 30
0.0
 11
122884.48
 21
10478.46
 31
0.0
  0
LWPOLYLINE
  5
121
330
2
100
AcDbEntity
  8
0
100
AcDbPolyline
 90
        2
 70
     0
 43
0.0
 10
137484.48
 20
478.46
 10
140317.6
 20
478.46
  0
ARC
  5
122
330
2
100
AcDbEntity
  8
0
100
AcDbCircle
 10
131620.09
 20
2728.46
 30
0.0
 40
8083.822888120833
100
AcDbArc
 50
343.84
 51
16.16
  0
LWPOLYLINE
  5
123
330
2
100
AcDbEntity
  8
0
100
AcDbPolyline
 90
        2
 70
     0
 43
0.0
 10
140317.6
 20
4978.46
 10
137484.48
 20
4978.46
  0
ARC
  5
124
330
2
100
AcDbEntity
  8
0
100
AcDbCircle
 10
131620.09
 20
2728.46
 30
0.0
 40
8383.822888120834
100
AcDbArc
 50
344.43
 51
15.57
  0
ARC
  5
125
330
2
100
AcDbEntity
  8
0
100
AcDbCircle
 10
131620.09
 20
2728.46
 30
0.0
 40
8683.822888120834
100
AcDbArc
 50
344.98
 51
15.02
  0
ARC
  5
126
330
2
100
AcDbEntity
  8
0
100
AcDbCircle
 10
131620.09
 20
2728.46
 30
0.0
 40
8983.822888120833
100
AcDbArc
 50
345.5
 51
14.5
  0
LINE
  5
127
330
2
100
AcDbEntity
  8
HT-A-NOPLOT-F01-NEW
100
AcDbLine
 10
139384.48
 20
-4021.54
 30
0.0
 11
139384.48
 21
10478.46
 31
0.0
  0
LWPOLYLINE
  5
12B
330
2
100
AcDbEntity
  8
0
100
AcDbPolyline
 90
        4
 70
     0
 43
0.0
 10
124534.48
 20
478.46
 10
122884.48
 20
478.46
 10
122884.48
 20
-3021.54
 10
126284.48
 20
-3021.54
  0
LWPOLYLINE
  5
12C
330
2
100
AcDbEntity
  8
0
100
AcDbPolyline
 90
        4
 70
     0
 43
0.0
 10
124534.48
 20
578.46
 10
122784.48
 20
578.46
 10
122784.48
 20
-3121.54
 10
126284.48
 20
-3121.54
  0
LWPOLYLINE
  5
12D
330
2
100
AcDbEntity
  8
0
100
AcDbPolyline
 90
        2
 70
     0
 43
0.0
 10
126284.48
 20
878.46
 10
124534.48
 20
878.46
  0
LWPOLYLINE
  5
12E
330
2
100
AcDbEntity
  8
0
100
AcDbPolyline
 90
        2
 70
     0
 43
0.0
 10
126284.48
 20
1178.46
 10
124534.48
 20
1178.46
  0
LWPOLYLINE
  5
12F
330
2
100
AcDbEntity
  8
0
100
AcDbPolyline
 90
        2
 70
     0
 43
0.0
 10
126284.48
 20
1478.46
 10
124534.48
 20
1478.46
  0
LWPOLYLINE
  5
130
330
2
100
AcDbEntity
  8
0
100
AcDbPolyline
 90
        2
 70
     0
 43
0.0
 10
124534.48
 20
1478.46
 10
124534.48
 20
478.46
  0
DIMENSION
  5
13A
330
2
100
AcDbEntity
  8
HT-A-AXIS-F01-NEW
100
AcDbDimension
280
     0
  2
*D8
 10
143884.48
 20
9478.46
 30
0.0
 11
143609.48
 21
3228.46
 31
0.0
 70
     1
 71
     5
 42
12500.0
 73
     0
 74
     0
 75
     0
  3
_TCH_ARCH&&100
100
AcDbAlignedDimension
 13
141384.48
 23
-3021.54
 33
0.0
 14
141384.48
 24
9478.46
 34
0.0
  0
DIMENSION
  5
14E
330
2
100
AcDbEntity
  8
HT-A-AXIS-F01-NEW
100
AcDbDimension
280
     0
  2
*D9
 10
144684.48
 20
9478.46
 30
0.0
 11
144409.48
 21
3228.46
 31
0.0
 70
     1
 71
     5
 42
12500.0
 73
     0
 74
     0
 75
     0
  3
_TCH_ARCH&&100
100
AcDbAlignedDimension
 13
141384.48
 23
-3021.54
 33
0.0
 14
141384.48
 24
9478.46
 34
0.0
  0
DIMENSION
  5
15B
330
2
100
AcDbEntity
  8
HT-A-AXIS-F01-NEW
100
AcDbDimension
280
     0
  2
*D10
 10
119384.48
 20
478.46
 30
0.0
 11
119109.48
 21
-1271.54
 31
0.0
 70
     1
 71
     5
 42
3500.0
 73
     0
 74
     0
 75
     0
  3
_TCH_ARCH&&100
100
AcDbAlignedDimension
 13
121884.48
 23
-3021.54
 33
0.0
 14
121884.48
 24
478.46
 34
0.0
  0
DIMENSION
  5
168
330
2
100
AcDbEntity
  8
HT-A-AXIS-F01-NEW
100
AcDbDimension
280
     0
  2
*D11
 10
119384.48
 20
4978.46
 30
0.0
 11
119109.48
 21
2728.46
 31
0.0
 70
     1
 71
     5
 42
4500.0
 73
     0
 74
     0
 75
     0
  3
_TCH_ARCH&&100
100
AcDbAlignedDimension
 13
121884.48
 23
478.46
 33
0.0
 14
121884.48
 24
4978.46
 34
0.0
  0
DIMENSION
  5
175
330
2
100
AcDbEntity
  8
HT-A-AXIS-F01-NEW
100
AcDbDimension
280
     0
  2
*D12
 10
119384.48
 20
9478.46
 30
0.0
 11
119109.48
 21
7228.46
 31
0.0
 70
     1
 71
     5
 42
4500.0
 73
     0
 74
     0
 75
     0
  3
_TCH_ARCH&&100
100
AcDbAlignedDimension
 13
121884.48
 23
4978.46
 33
0.0
 14
121884.48
 24
9478.46
 34
0.0
  0
DIMENSION
  5
182
330
2
100
AcDbEntity
  8
HT-A-AXIS-F01-NEW
100
AcDbDimension
280
     0
  2
*D13
 10
118584.48
 20
9478.46
 30
0.0
 11
118309.48
 21
3228.46
 31
0.0
 70
     1
 71
     5
 42
12500.0
 73
     0
 74
     0
 75
     0
  3
_TCH_ARCH&&100
100
AcDbAlignedDimension
 13
121884.48
 23
-3021.54
 33
0.0
 14
121884.48
 24
9478.46
 34
0.0
  0
DIMENSION
  5
18F
330
2
100
AcDbEntity
  8
HT-A-AXIS-F01-NEW
100
AcDbDimension
280
     0
  2
*D14
 10
126384.48
 20
12978.46
 30
0.0
 11
124634.48
 21
13253.46
 31
0.0
 70
     1
 71
     5
 42
3500.0
 73
     0
 74
     0
 75
     0
  3
_TCH_ARCH&&100
100
AcDbAlignedDimension
 13
122884.48
 23
10478.46
 33
0.0
 14
126384.48
 24
10478.46
 34
0.0
  0
DIMENSION
  5
19C
330
2
100
AcDbEntity
  8
HT-A-AXIS-F01-NEW
100
AcDbDimension
280
     0
  2
*D15
 10
130584.48
 20
12978.46
 30
0.0
 11
128484.48
 21
13253.46
 31
0.0
 70
     1
 71
     5
 42
4200.0
 73
     0
 74
     0
 75
     0
  3
_TCH_ARCH&&100
100
AcDbAlignedDimension
 13
126384.48
 23
10478.46
 33
0.0
 14
130584.48
 24
10478.46
 34
0.0
  0
DIMENSION
  5
1A9
330
2
100
AcDbEntity
  8
HT-A-AXIS-F01-NEW
100
AcDbDimension
280
     0
  2
*D16
 10
132384.48
 20
12978.46
 30
0.0
 11
131484.48
 21
13253.46
 31
0.0
 70
     1
 71
     5
 42
1800.0
 73
     0
 74
     0
 75
     0
  3
_TCH_ARCH&&100
100
AcDbAlignedDimension
 13
130584.48
 23
10478.46
 33
0.0
 14
132384.48
 24
10478.46
 34
0.0
  0
DIMENSION
  5
1B6
330
2
100
AcDbEntity
  8
HT-A-AXIS-F01-NEW
100
AcDbDimension
280
     0
  2
*D17
 10
137384.48
 20
12978.46
 30
0.0
 11
134884.48
 21
13253.46
 31
0.0
 70
     1
 71
     5
 42
5000.0
 73
     0
 74
     0
 75
     0
  3
_TCH_ARCH&&100
100
AcDbAlignedDimension
 13
132384.48
 23
10478.46
 33
0.0
 14
137384.48
 24
10478.46
 34
0.0
  0
DIMENSION
  5
1C3
330
2
100
AcDbEntity
  8
HT-A-AXIS-F01-NEW
100
AcDbDimension
280
     0
  2
*D18
 10
139384.48
 20
12978.46
 30
0.0
 11
138384.48
 21
13253.46
 31
0.0
 70
     1
 71
     5
 42
2000.0
 73
     0
 74
     0
 75
     0
  3
_TCH_ARCH&&100
100
AcDbAlignedDimension
 13
137384.48
 23
10478.46
 33
0.0
 14
139384.48
 24
10478.46
 34
0.0
  0
DIMENSION
  5
1D0
330
2
100
AcDbEntity
  8
HT-A-AXIS-F01-NEW
100
AcDbDimension
280
     0
  2
*D19
 10
139384.48
 20
13778.46
 30
0.0
 11
131134.48
 21
14053.46
 31
0.0
 70
     1
 71
     5
 42
16500.0
 73
     0
 74
     0
 75
     0
  3
_TCH_ARCH&&100
100
AcDbAlignedDimension
 13
122884.48
 23
10478.46
 33
0.0
 14
139384.48
 24
10478.46
 34
0.0
  0
DIMENSION
  5
1DD
330
2
100
AcDbEntity
  8
HT-A-AXIS-F01-NEW
100
AcDbDimension
280
     0
  2
*D20
 10
126384.48
 20
-6521.54
 30
0.0
 11
124634.48
 21
-6246.54
 31
0.0
 70
     1
 71
     5
 42
3500.0
 73
     0
 74
     0
 75
     0
  3
_TCH_ARCH&&100
100
AcDbAlignedDimension
 13
122884.48
 23
-4021.54
 33
0.0
 14
126384.48
 24
-4021.54
 34
0.0
  0
DIMENSION
  5
1EA
330
2
100
AcDbEntity
  8
HT-A-AXIS-F01-NEW
100
AcDbDimension
280
     0
  2
*D21
 10
130584.48
 20
-6521.54
 30
0.0
 11
128484.48
 21
-6246.54
 31
0.0
 70
     1
 71
     5
 42
4200.0
 73
     0
 74
     0
 75
     0
  3
_TCH_ARCH&&100
100
AcDbAlignedDimension
 13
126384.48
 23
-4021.54
 33
0.0
 14
130584.48
 24
-4021.54
 34
0.0
  0
DIMENSION
  5
1F7
330
2
100
AcDbEntity
  8
HT-A-AXIS-F01-NEW
100
AcDbDimension
280
     0
  2
*D22
 10
132384.48
 20
-6521.54
 30
0.0
 11
131484.48
 21
-6246.54
 31
0.0
 70
     1
 71
     5
 42
1800.0
 73
     0
 74
     0
 75
     0
  3
_TCH_ARCH&&100
100
AcDbAlignedDimension
 13
130584.48
 23
-4021.54
 33
0.0
 14
132384.48
 24
-4021.54
 34
0.0
  0
DIMENSION
  5
204
330
2
100
AcDbEntity
  8
HT-A-AXIS-F01-NEW
100
AcDbDimension
280
     0
  2
*D23
 10
137384.48
 20
-6521.54
 30
0.0
 11
134884.48
 21
-6246.54
 31
0.0
 70
     1
 71
     5
 42
5000.0
 73
     0
 74
     0
 75
     0
  3
_TCH_ARCH&&100
100
AcDbAlignedDimension
 13
132384.48
 23
-4021.54
 33
0.0
 14
137384.48
 24
-4021.54
 34
0.0
  0
DIMENSION
  5
211
330
2
100
AcDbEntity
  8
HT-A-AXIS-F01-NEW
100
AcDbDimension
280
     0
  2
*D24
 10
139384.48
 20
-6521.54
 30
0.0
 11
138384.48
 21
-6246.54
 31
0.0
 70
     1
 71
     5
 42
2000.0
 73
     0
 74
     0
 75
     0
  3
_TCH_ARCH&&100
100
AcDbAlignedDimension
 13
137384.48
 23
-4021.54
 33
0.0
 14
139384.48
 24
-4021.54
 34
0.0
  0
DIMENSION
  5
21E
330
2
100
AcDbEntity
  8
HT-A-AXIS-F01-NEW
100
AcDbDimension
280
     0
  2
*D25
 10
139384.48
 20
-7321.54
 30
0.0
 11
131134.48
 21
-7046.54
 31
0.0
 70
     1
 71
     5
 42
16500.0
 73
     0
 74
     0
 75
     0
  3
_TCH_ARCH&&100
100
AcDbAlignedDimension
 13
122884.48
 23
-4021.54
 33
0.0
 14
139384.48
 24
-4021.54
 34
0.0
  0
LINE
  5
2A6
330
2
100
AcDbEntity
  8
HT-A-WALL-F01-NEW
100
AcDbLine
 10
132384.48
 20
9578.46
 30
0.0
 11
137484.48
 21
9578.46
 31
0.0
  0
LINE
  5
2A7
330
2
100
AcDbEntity
  8
HT-A-WALL-F01-NEW
100
AcDbLine
 10
132484.48
 20
9378.46
 30
0.0
 11
137284.48
 21
9378.46
 31
0.0
  0
LINE
  5
2A8
330
2
100
AcDbEntity
  8
HT-A-WALL-F01-NEW
100
AcDbLine
 10
137284.48
 20
9378.46
 30
0.0
 11
137284.48
 21
8128.46
 31
0.0
  0
LINE
  5
2A9
330
2
100
AcDbEntity
  8
HT-A-WALL-F01-NEW
100
AcDbLine
 10
137284.48
 20
8128.46
 30
0.0
 11
137484.48
 21
8128.46
 31
0.0
  0
LINE
  5
2AA
330
2
100
AcDbEntity
  8
HT-A-WALL-F01-NEW
100
AcDbLine
 10
137484.48
 20
8128.46
 30
0.0
 11
137484.48
 21
9578.46
 31
0.0
  0
LINE
  5
2AB
330
2
100
AcDbEntity
  8
HT-A-WALL-F01-NEW
100
AcDbLine
 10
137484.48
 20
4878.46
 30
0.0
 11
137484.48
 21
6328.46
 31
0.0
  0
LINE
  5
2AC
330
2
100
AcDbEntity
  8
HT-A-WALL-F01-NEW
100
AcDbLine
 10
137484.48
 20
6328.46
 30
0.0
 11
137284.48
 21
6328.46
 31
0.0
  0
LINE
  5
2AD
330
2
100
AcDbEntity
  8
HT-A-WALL-F01-NEW
100
AcDbLine
 10
137284.48
 20
6328.46
 30
0.0
 11
137284.48
 21
5078.46
 31
0.0
  0
LINE
  5
2AE
330
2
100
AcDbEntity
  8
HT-A-WALL-F01-NEW
100
AcDbLine
 10
137484.48
 20
4878.46
 30
0.0
 11
136984.48
 21
4878.46
 31
0.0
  0
LINE
  5
2AF
330
2
100
AcDbEntity
  8
HT-A-WALL-F01-NEW
100
AcDbLine
 10
137284.48
 20
5078.46
 30
0.0
 11
136884.48
 21
5078.46
 31
0.0
  0
LINE
  5
2B0
330
2
100
AcDbEntity
  8
HT-A-WALL-F01-NEW
100
AcDbLine
 10
132384.48
 20
9578.46
 30
0.0
 11
131834.48
 21
9578.46
 31
0.0
  0
LINE
  5
2B1
330
2
100
AcDbEntity
  8
HT-A-WALL-F01-NEW
100
AcDbLine
 10
131834.48
 20
9578.46
 30
0.0
 11
131834.48
 21
9378.46
 31
0.0
  0
LINE
  5
2B2
330
2
100
AcDbEntity
  8
HT-A-WALL-F01-NEW
100
AcDbLine
 10
131834.48
 20
9378.46
 30
0.0
 11
132284.48
 21
9378.46
 31
0.0
  0
LINE
  5
2B3
330
2
100
AcDbEntity
  8
HT-A-WALL-F01-NEW
100
AcDbLine
 10
130684.48
 20
9378.46
 30
0.0
 11
130934.48
 21
9378.46
 31
0.0
  0
LINE
  5
2B4
330
2
100
AcDbEntity
  8
HT-A-WALL-F01-NEW
100
AcDbLine
 10
130934.48
 20
9378.46
 30
0.0
 11
130934.48
 21
9578.46
 31
0.0
  0
LINE
  5
2B5
330
2
100
AcDbEntity
  8
HT-A-WALL-F01-NEW
100
AcDbLine
 10
130934.48
 20
9578.46
 30
0.0
 11
130584.48
 21
9578.46
 31
0.0
  0
LINE
  5
2B6
330
2
100
AcDbEntity
  8
HT-A-WALL-F01-NEW
100
AcDbLine
 10
130684.48
 20
9378.46
 30
0.0
 11
130684.48
 21
6778.46
 31
0.0
  0
LINE
  5
2B7
330
2
100
AcDbEntity
  8
HT-A-WALL-F01-NEW
100
AcDbLine
 10
130484.48
 20
9378.46
 30
0.0
 11
130484.48
 21
6778.46
 31
0.0
  0
LINE
  5
2B8
330
2
100
AcDbEntity
  8
HT-A-WALL-F01-NEW
100
AcDbLine
 10
126284.48
 20
9578.46
 30
0.0
 11
126284.48
 21
9028.46
 31
0.0
  0
LINE
  5
2B9
330
2
100
AcDbEntity
  8
HT-A-WALL-F01-NEW
100
AcDbLine
 10
126284.48
 20
9028.46
 30
0.0
 11
126484.48
 21
9028.46
 31
0.0
  0
LINE
  5
2BA
330
2
100
AcDbEntity
  8
HT-A-WALL-F01-NEW
100
AcDbLine
 10
126484.48
 20
9028.46
 30
0.0
 11
126484.48
 21
9378.46
 31
0.0
  0
LINE
  5
2BB
330
2
100
AcDbEntity
  8
HT-A-WALL-F01-NEW
100
AcDbLine
 10
126484.48
 20
6778.46
 30
0.0
 11
126484.48
 21
7228.46
 31
0.0
  0
LINE
  5
2BC
330
2
100
AcDbEntity
  8
HT-A-WALL-F01-NEW
100
AcDbLine
 10
126484.48
 20
7228.46
 30
0.0
 11
126284.48
 21
7228.46
 31
0.0
  0
LINE
  5
2BD
330
2
100
AcDbEntity
  8
HT-A-WALL-F01-NEW
100
AcDbLine
 10
126284.48
 20
7228.46
 30
0.0
 11
126284.48
 21
6678.46
 31
0.0
  0
LINE
  5
2BE
330
2
100
AcDbEntity
  8
HT-A-WALL-F01-NEW
100
AcDbLine
 10
132284.48
 20
6578.46
 30
0.0
 11
130584.48
 21
6578.46
 31
0.0
  0
LINE
  5
2BF
330
2
100
AcDbEntity
  8
HT-A-WALL-F01-NEW
100
AcDbLine
 10
132284.48
 20
6778.46
 30
0.0
 11
130684.48
 21
6778.46
 31
0.0
  0
LINE
  5
2C0
330
2
100
AcDbEntity
  8
HT-A-WALL-F01-NEW
100
AcDbLine
 10
130484.48
 20
1678.46
 30
0.0
 11
126484.48
 21
1678.46
 31
0.0
  0
LINE
  5
2C1
330
2
100
AcDbEntity
  8
HT-A-WALL-F01-NEW
100
AcDbLine
 10
130484.48
 20
1878.46
 30
0.0
 11
126484.48
 21
1878.46
 31
0.0
  0
LINE
  5
2C2
330
2
100
AcDbEntity
  8
HT-A-WALL-F01-NEW
100
AcDbLine
 10
126484.48
 20
-2921.54
 30
0.0
 11
126484.48
 21
-2221.54
 31
0.0
  0
LINE
  5
2C3
330
2
100
AcDbEntity
  8
HT-A-WALL-F01-NEW
100
AcDbLine
 10
126484.48
 20
-2221.54
 30
0.0
 11
126284.48
 21
-2221.54
 31
0.0
  0
LINE
  5
2C4
330
2
100
AcDbEntity
  8
HT-A-WALL-F01-NEW
100
AcDbLine
 10
126284.48
 20
-2221.54
 30
0.0
 11
126284.48
 21
-3121.54
 31
0.0
  0
LINE
  5
2C5
330
2
100
AcDbEntity
  8
HT-A-WALL-F01-NEW
100
AcDbLine
 10
126284.48
 20
478.46
 30
0.0
 11
126284.48
 21
278.46
 31
0.0
  0
LINE
  5
2C6
330
2
100
AcDbEntity
  8
HT-A-WALL-F01-NEW
100
AcDbLine
 10
126284.48
 20
278.46
 30
0.0
 11
126484.48
 21
278.46
 31
0.0
  0
LINE
  5
2C7
330
2
100
AcDbEntity
  8
HT-A-WALL-F01-NEW
100
AcDbLine
 10
126484.48
 20
278.46
 30
0.0
 11
126484.48
 21
378.46
 31
0.0
  0
LINE
  5
2C8
330
2
100
AcDbEntity
  8
HT-A-WALL-F01-NEW
100
AcDbLine
 10
126484.48
 20
-1221.54
 30
0.0
 11
126484.48
 21
-621.54
 31
0.0
  0
LINE
  5
2C9
330
2
100
AcDbEntity
  8
HT-A-WALL-F01-NEW
100
AcDbLine
 10
126484.48
 20
-621.54
 30
0.0
 11
126284.48
 21
-621.54
 31
0.0
  0
LINE
  5
2CA
330
2
100
AcDbEntity
  8
HT-A-WALL-F01-NEW
100
AcDbLine
 10
126284.48
 20
-621.54
 30
0.0
 11
126284.48
 21
-1221.54
 31
0.0
  0
LINE
  5
2CB
330
2
100
AcDbEntity
  8
HT-A-WALL-F01-NEW
100
AcDbLine
 10
126284.48
 20
-1221.54
 30
0.0
 11
126484.48
 21
-1221.54
 31
0.0
  0
LINE
  5
2CC
330
2
100
AcDbEntity
  8
HT-A-WALL-F01-NEW
100
AcDbLine
 10
130684.48
 20
5078.46
 30
0.0
 11
130384.48
 21
5078.46
 31
0.0
  0
LINE
  5
2CD
330
2
100
AcDbEntity
  8
HT-A-WALL-F01-NEW
100
AcDbLine
 10
130384.48
 20
5078.46
 30
0.0
 11
130384.48
 21
4878.46
 31
0.0
  0
LINE
  5
2CE
330
2
100
AcDbEntity
  8
HT-A-WALL-F01-NEW
100
AcDbLine
 10
130384.48
 20
4878.46
 30
0.0
 11
130484.48
 21
4878.46
 31
0.0
  0
LINE
  5
2CF
330
2
100
AcDbEntity
  8
HT-A-WALL-F01-NEW
100
AcDbLine
 10
129184.48
 20
4878.46
 30
0.0
 11
129384.48
 21
4878.46
 31
0.0
  0
LINE
  5
2D0
330
2
100
AcDbEntity
  8
HT-A-WALL-F01-NEW
100
AcDbLine
 10
129384.48
 20
4878.46
 30
0.0
 11
129384.48
 21
5078.46
 31
0.0
  0
LINE
  5
2D1
330
2
100
AcDbEntity
  8
HT-A-WALL-F01-NEW
100
AcDbLine
 10
129384.48
 20
5078.46
 30
0.0
 11
129284.48
 21
5078.46
 31
0.0
  0
LINE
  5
2D2
330
2
100
AcDbEntity
  8
HT-A-WALL-F01-NEW
100
AcDbLine
 10
126484.48
 20
578.46
 30
0.0
 11
126484.48
 21
678.46
 31
0.0
  0
LINE
  5
2D3
330
2
100
AcDbEntity
  8
HT-A-WALL-F01-NEW
100
AcDbLine
 10
126484.48
 20
678.46
 30
0.0
 11
126284.48
 21
678.46
 31
0.0
  0
LINE
  5
2D4
330
2
100
AcDbEntity
  8
HT-A-WALL-F01-NEW
100
AcDbLine
 10
126284.48
 20
678.46
 30
0.0
 11
126284.48
 21
478.46
 31
0.0
  0
LINE
  5
2D5
330
2
100
AcDbEntity
  8
HT-A-WALL-F01-NEW
100
AcDbLine
 10
126284.48
 20
1778.46
 30
0.0
 11
126284.48
 21
1578.46
 31
0.0
  0
LINE
  5
2D6
330
2
100
AcDbEntity
  8
HT-A-WALL-F01-NEW
100
AcDbLine
 10
126284.48
 20
1578.46
 30
0.0
 11
126484.48
 21
1578.46
 31
0.0
  0
LINE
  5
2D7
330
2
100
AcDbEntity
  8
HT-A-WALL-F01-NEW
100
AcDbLine
 10
126484.48
 20
1578.46
 30
0.0
 11
126484.48
 21
1678.46
 31
0.0
  0
LINE
  5
2D8
330
2
100
AcDbEntity
  8
HT-A-WALL-F01-NEW
100
AcDbLine
 10
130484.48
 20
578.46
 30
0.0
 11
127384.48
 21
578.46
 31
0.0
  0
LINE
  5
2D9
330
2
100
AcDbEntity
  8
HT-A-WALL-F01-NEW
100
AcDbLine
 10
127384.48
 20
578.46
 30
0.0
 11
127384.48
 21
378.46
 31
0.0
  0
LINE
  5
2DA
330
2
100
AcDbEntity
  8
HT-A-WALL-F01-NEW
100
AcDbLine
 10
127384.48
 20
378.46
 30
0.0
 11
130484.48
 21
378.46
 31
0.0
  0
LINE
  5
2DB
330
2
100
AcDbEntity
  8
HT-A-WALL-F01-NEW
100
AcDbLine
 10
126484.48
 20
378.46
 30
0.0
 11
126584.48
 21
378.46
 31
0.0
  0
LINE
  5
2DC
330
2
100
AcDbEntity
  8
HT-A-WALL-F01-NEW
100
AcDbLine
 10
126584.48
 20
378.46
 30
0.0
 11
126584.48
 21
578.46
 31
0.0
  0
LINE
  5
2DD
330
2
100
AcDbEntity
  8
HT-A-WALL-F01-NEW
100
AcDbLine
 10
126584.48
 20
578.46
 30
0.0
 11
126484.48
 21
578.46
 31
0.0
  0
LINE
  5
2DE
330
2
100
AcDbEntity
  8
HT-A-WALL-F01-NEW
100
AcDbLine
 10
137284.48
 20
-2921.54
 30
0.0
 11
136784.48
 21
-2921.54
 31
0.0
  0
LINE
  5
2DF
330
2
100
AcDbEntity
  8
HT-A-WALL-F01-NEW
100
AcDbLine
 10
136784.48
 20
-2921.54
 30
0.0
 11
136784.48
 21
-3121.54
 31
0.0
  0
LINE
  5
2E0
330
2
100
AcDbEntity
  8
HT-A-WALL-F01-NEW
100
AcDbLine
 10
136784.48
 20
-3121.54
 30
0.0
 11
137484.48
 21
-3121.54
 31
0.0
  0
LINE
  5
2E1
330
2
100
AcDbEntity
  8
HT-A-WALL-F01-NEW
100
AcDbLine
 10
134384.48
 20
-3121.54
 30
0.0
 11
134984.48
 21
-3121.54
 31
0.0
  0
LINE
  5
2E2
330
2
100
AcDbEntity
  8
HT-A-WALL-F01-NEW
100
AcDbLine
 10
134984.48
 20
-3121.54
 30
0.0
 11
134984.48
 21
-2921.54
 31
0.0
  0
LINE
  5
2E3
330
2
100
AcDbEntity
  8
HT-A-WALL-F01-NEW
100
AcDbLine
 10
134984.48
 20
-2921.54
 30
0.0
 11
134484.48
 21
-2921.54
 31
0.0
  0
LINE
  5
2E4
330
2
100
AcDbEntity
  8
HT-A-WALL-F01-NEW
100
AcDbLine
 10
137284.48
 20
378.46
 30
0.0
 11
137284.48
 21
-171.54
 31
0.0
  0
LINE
  5
2E5
330
2
100
AcDbEntity
  8
HT-A-WALL-F01-NEW
100
AcDbLine
 10
137284.48
 20
-171.54
 30
0.0
 11
137484.48
 21
-171.54
 31
0.0
  0
LINE
  5
2E6
330
2
100
AcDbEntity
  8
HT-A-WALL-F01-NEW
100
AcDbLine
 10
137484.48
 20
-171.54
 30
0.0
 11
137484.48
 21
578.46
 31
0.0
  0
LINE
  5
2E7
330
2
100
AcDbEntity
  8
HT-A-WALL-F01-NEW
100
AcDbLine
 10
137484.48
 20
-3121.54
 30
0.0
 11
137484.48
 21
-2371.54
 31
0.0
  0
LINE
  5
2E8
330
2
100
AcDbEntity
  8
HT-A-WALL-F01-NEW
100
AcDbLine
 10
137484.48
 20
-2371.54
 30
0.0
 11
137284.48
 21
-2371.54
 31
0.0
  0
LINE
  5
2E9
330
2
100
AcDbEntity
  8
HT-A-WALL-F01-NEW
100
AcDbLine
 10
137284.48
 20
-2371.54
 30
0.0
 11
137284.48
 21
-2921.54
 31
0.0
  0
LINE
  5
2EA
330
2
100
AcDbEntity
  8
HT-A-WALL-F01-NEW
100
AcDbLine
 10
137284.48
 20
-771.54
 30
0.0
 11
137284.48
 21
-971.54
 31
0.0
  0
LINE
  5
2EB
330
2
100
AcDbEntity
  8
HT-A-WALL-F01-NEW
100
AcDbLine
 10
137284.48
 20
-971.54
 30
0.0
 11
137484.48
 21
-971.54
 31
0.0
  0
LINE
  5
2EC
330
2
100
AcDbEntity
  8
HT-A-WALL-F01-NEW
100
AcDbLine
 10
137484.48
 20
-971.54
 30
0.0
 11
137484.48
 21
-771.54
 31
0.0
  0
LINE
  5
2ED
330
2
100
AcDbEntity
  8
HT-A-WALL-F01-NEW
100
AcDbLine
 10
137484.48
 20
-771.54
 30
0.0
 11
137284.48
 21
-771.54
 31
0.0
  0
LINE
  5
2EE
330
2
100
AcDbEntity
  8
HT-A-WALL-F01-NEW
100
AcDbLine
 10
137284.48
 20
-1571.54
 30
0.0
 11
137284.48
 21
-1771.54
 31
0.0
  0
LINE
  5
2EF
330
2
100
AcDbEntity
  8
HT-A-WALL-F01-NEW
100
AcDbLine
 10
137284.48
 20
-1771.54
 30
0.0
 11
137484.48
 21
-1771.54
 31
0.0
  0
LINE
  5
2F0
330
2
100
AcDbEntity
  8
HT-A-WALL-F01-NEW
100
AcDbLine
 10
137484.48
 20
-1771.54
 30
0.0
 11
137484.48
 21
-1571.54
 31
0.0
  0
LINE
  5
2F1
330
2
100
AcDbEntity
  8
HT-A-WALL-F01-NEW
100
AcDbLine
 10
137484.48
 20
-1571.54
 30
0.0
 11
137284.48
 21
-1571.54
 31
0.0
  0
LINE
  5
2F2
330
2
100
AcDbEntity
  8
HT-A-WALL-F01-NEW
100
AcDbLine
 10
134484.48
 20
-2921.54
 30
0.0
 11
134484.48
 21
-2206.18
 31
0.0
  0
LINE
  5
2F3
330
2
100
AcDbEntity
  8
HT-A-WALL-F01-NEW
100
AcDbLine
 10
134484.48
 20
-2206.18
 30
0.0
 11
134284.48
 21
-2206.18
 31
0.0
  0
LINE
  5
2F4
330
2
100
AcDbEntity
  8
HT-A-WALL-F01-NEW
100
AcDbLine
 10
134284.48
 20
-2206.18
 30
0.0
 11
134284.48
 21
-2921.54
 31
0.0
  0
LINE
  5
2F5
330
2
100
AcDbEntity
  8
HT-A-WALL-F01-NEW
100
AcDbLine
 10
134284.48
 20
578.46
 30
0.0
 11
134284.48
 21
-406.18
 31
0.0
  0
LINE
  5
2F6
330
2
100
AcDbEntity
  8
HT-A-WALL-F01-NEW
100
AcDbLine
 10
134284.48
 20
-406.18
 30
0.0
 11
134484.48
 21
-406.18
 31
0.0
  0
LINE
  5
2F7
330
2
100
AcDbEntity
  8
HT-A-WALL-F01-NEW
100
AcDbLine
 10
134484.48
 20
-406.18
 30
0.0
 11
134484.48
 21
378.46
 31
0.0
  0
LINE
  5
2F8
330
2
100
AcDbEntity
  8
HT-A-WALL-F01-NEW
100
AcDbLine
 10
134284.48
 20
-2921.54
 30
0.0
 11
133784.48
 21
-2921.54
 31
0.0
  0
LINE
  5
2F9
330
2
100
AcDbEntity
  8
HT-A-WALL-F01-NEW
100
AcDbLine
 10
133784.48
 20
-2921.54
 30
0.0
 11
133784.48
 21
-3121.54
 31
0.0
  0
LINE
  5
2FA
330
2
100
AcDbEntity
  8
HT-A-WALL-F01-NEW
100
AcDbLine
 10
133784.48
 20
-3121.54
 30
0.0
 11
134384.48
 21
-3121.54
 31
0.0
  0
LINE
  5
2FB
330
2
100
AcDbEntity
  8
HT-A-WALL-F01-NEW
100
AcDbLine
 10
130584.48
 20
-3121.54
 30
0.0
 11
131034.48
 21
-3121.54
 31
0.0
  0
LINE
  5
2FC
330
2
100
AcDbEntity
  8
HT-A-WALL-F01-NEW
100
AcDbLine
 10
131034.48
 20
-3121.54
 30
0.0
 11
131034.48
 21
-2921.54
 31
0.0
  0
LINE
  5
2FD
330
2
100
AcDbEntity
  8
HT-A-WALL-F01-NEW
100
AcDbLine
 10
131034.48
 20
-2921.54
 30
0.0
 11
130684.48
 21
-2921.54
 31
0.0
  0
LINE
  5
2FE
330
2
100
AcDbEntity
  8
HT-A-WALL-F01-NEW
100
AcDbLine
 10
131984.48
 20
-2921.54
 30
0.0
 11
131634.48
 21
-2921.54
 31
0.0
  0
LINE
  5
2FF
330
2
100
AcDbEntity
  8
HT-A-WALL-F01-NEW
100
AcDbLine
 10
131634.48
 20
-2921.54
 30
0.0
 11
131634.48
 21
-3121.54
 31
0.0
  0
LINE
  5
300
330
2
100
AcDbEntity
  8
HT-A-WALL-F01-NEW
100
AcDbLine
 10
131634.48
 20
-3121.54
 30
0.0
 11
131984.48
 21
-3121.54
 31
0.0
  0
LINE
  5
301
330
2
100
AcDbEntity
  8
HT-A-WALL-F01-NEW
100
AcDbLine
 10
131984.48
 20
-3121.54
 30
0.0
 11
131984.48
 21
-2921.54
 31
0.0
  0
TEXT
  5
302
330
2
100
AcDbEntity
  8
HT-A-ROOM-F01-NEW
100
AcDbText
 10
135437.18
 20
-1155.36
 30
0.0
 40
482.27
  1
书房
  7
_TCH_SPACE
100
AcDbText
  0
TEXT
  5
303
330
2
100
AcDbEntity
  8
HT-A-ROOM-F01-NEW
100
AcDbText
 10
135216.01
 20
-1667.24
 30
0.0
 40
297.5
  1
9.24m
 41
0.71
  7
_TCH_SPACE
100
AcDbText
  0
TEXT
  5
304
330
2
100
AcDbEntity
  8
HT-A-ROOM-F01-NEW
100
AcDbText
 10
136216.01
 20
-1492.24
 30
0.0
 40
148.75
  1
2
 41
0.71
  7
_TCH_SPACE
100
AcDbText
  0
LINE
  5
305
330
2
100
AcDbEntity
  8
HT-A-WALL-F01-NEW
100
AcDbLine
 10
136784.48
 20
4878.46
 30
0.0
 11
136784.48
 21
4778.46
 31
0.0
  0
LINE
  5
306
330
2
100
AcDbEntity
  8
HT-A-WALL-F01-NEW
100
AcDbLine
 10
136784.48
 20
4778.46
 30
0.0
 11
136984.48
 21
4778.46
 31
0.0
  0
LINE
  5
307
330
2
100
AcDbEntity
  8
HT-A-WALL-F01-NEW
100
AcDbLine
 10
136984.48
 20
4778.46
 30
0.0
 11
136984.48
 21
4878.46
 31
0.0
  0
LINE
  5
308
330
2
100
AcDbEntity
  8
HT-A-WALL-F01-NEW
100
AcDbLine
 10
136984.48
 20
578.46
 30
0.0
 11
136984.48
 21
1178.46
 31
0.0
  0
LINE
  5
309
330
2
100
AcDbEntity
  8
HT-A-WALL-F01-NEW
100
AcDbLine
 10
136984.48
 20
1178.46
 30
0.0
 11
136784.48
 21
1178.46
 31
0.0
  0
LINE
  5
30A
330
2
100
AcDbEntity
  8
HT-A-WALL-F01-NEW
100
AcDbLine
 10
136784.48
 20
1178.46
 30
0.0
 11
136784.48
 21
578.46
 31
0.0
  0
LINE
  5
30B
330
2
100
AcDbEntity
  8
HT-A-WALL-F01-NEW
100
AcDbLine
 10
136784.48
 20
3578.46
 30
0.0
 11
136784.48
 21
2978.46
 31
0.0
  0
LINE
  5
30C
330
2
100
AcDbEntity
  8
HT-A-WALL-F01-NEW
100
AcDbLine
 10
136784.48
 20
2978.46
 30
0.0
 11
136984.48
 21
2978.46
 31
0.0
  0
LINE
  5
30D
330
2
100
AcDbEntity
  8
HT-A-WALL-F01-NEW
100
AcDbLine
 10
136984.48
 20
2978.46
 30
0.0
 11
136984.48
 21
3578.46
 31
0.0
  0
LINE
  5
30E
330
2
100
AcDbEntity
  8
HT-A-WALL-F01-NEW
100
AcDbLine
 10
136984.48
 20
3578.46
 30
0.0
 11
136784.48
 21
3578.46
 31
0.0
  0
LINE
  5
30F
330
2
100
AcDbEntity
  8
HT-A-WALL-F01-NEW
100
AcDbLine
 10
134284.48
 20
578.46
 30
0.0
 11
136784.48
 21
578.46
 31
0.0
  0
LINE
  5
310
330
2
100
AcDbEntity
  8
HT-A-WALL-F01-NEW
100
AcDbLine
 10
134484.48
 20
378.46
 30
0.0
 11
136884.48
 21
378.46
 31
0.0
  0
LINE
  5
311
330
2
100
AcDbEntity
  8
HT-A-WALL-F01-NEW
100
AcDbLine
 10
130684.48
 20
-2921.54
 30
0.0
 11
130684.48
 21
-1421.54
 31
0.0
  0
LINE
  5
312
330
2
100
AcDbEntity
  8
HT-A-WALL-F01-NEW
100
AcDbLine
 10
130684.48
 20
-1421.54
 30
0.0
 11
130484.48
 21
-1421.54
 31
0.0
  0
LINE
  5
313
330
2
100
AcDbEntity
  8
HT-A-WALL-F01-NEW
100
AcDbLine
 10
130484.48
 20
-1421.54
 30
0.0
 11
130484.48
 21
-2921.54
 31
0.0
  0
LINE
  5
314
330
2
100
AcDbEntity
  8
HT-A-WALL-F01-NEW
100
AcDbLine
 10
130484.48
 20
378.46
 30
0.0
 11
130684.48
 21
378.46
 31
0.0
  0
LINE
  5
315
330
2
100
AcDbEntity
  8
HT-A-WALL-F01-NEW
100
AcDbLine
 10
130684.48
 20
378.46
 30
0.0
 11
130684.48
 21
478.46
 31
0.0
  0
LINE
  5
316
330
2
100
AcDbEntity
  8
HT-A-WALL-F01-NEW
100
AcDbLine
 10
126484.48
 20
1878.46
 30
0.0
 11
126484.48
 21
2478.46
 31
0.0
  0
LINE
  5
317
330
2
100
AcDbEntity
  8
HT-A-WALL-F01-NEW
100
AcDbLine
 10
126484.48
 20
2478.46
 30
0.0
 11
126284.48
 21
2478.46
 31
0.0
  0
LINE
  5
318
330
2
100
AcDbEntity
  8
HT-A-WALL-F01-NEW
100
AcDbLine
 10
126284.48
 20
2478.46
 30
0.0
 11
126284.48
 21
1778.46
 31
0.0
  0
LINE
  5
319
330
2
100
AcDbEntity
  8
HT-A-WALL-F01-NEW
100
AcDbLine
 10
126284.48
 20
4978.46
 30
0.0
 11
126284.48
 21
4278.46
 31
0.0
  0
LINE
  5
31A
330
2
100
AcDbEntity
  8
HT-A-WALL-F01-NEW
100
AcDbLine
 10
126284.48
 20
4278.46
 30
0.0
 11
126484.48
 21
4278.46
 31
0.0
  0
LINE
  5
31B
330
2
100
AcDbEntity
  8
HT-A-WALL-F01-NEW
100
AcDbLine
 10
126484.48
 20
4278.46
 30
0.0
 11
126484.48
 21
4878.46
 31
0.0
  0
TEXT
  5
31C
330
2
100
AcDbEntity
  8
HT-A-ROOM-F01-NEW
100
AcDbText
 10
128198.94
 20
7867.61
 30
0.0
 40
482.27
  1
卧室
  7
_TCH_SPACE
100
AcDbText
  0
TEXT
  5
31D
330
2
100
AcDbEntity
  8
HT-A-ROOM-F01-NEW
100
AcDbText
 10
127895.11
 20
7355.74
 30
0.0
 40
297.5
  1
10.40m
 41
0.71
  7
_TCH_SPACE
100
AcDbText
  0
TEXT
  5
31E
330
2
100
AcDbEntity
  8
HT-A-ROOM-F01-NEW
100
AcDbText
 10
129055.11
 20
7530.74
 30
0.0
 40
148.75
  1
2
 41
0.71
  7
_TCH_SPACE
100
AcDbText
  0
TEXT
  5
31F
330
2
100
AcDbEntity
  8
HT-A-ROOM-F01-NEW
100
AcDbText
 10
128198.94
 20
3653.41
 30
0.0
 40
482.27
  1
卧室
  7
_TCH_SPACE
100
AcDbText
  0
TEXT
  5
320
330
2
100
AcDbEntity
  8
HT-A-ROOM-F01-NEW
100
AcDbText
 10
127915.11
 20
3141.53
 30
0.0
 40
297.5
  1
11.40m
 41
0.71
  7
_TCH_SPACE
100
AcDbText
  0
TEXT
  5
321
330
2
100
AcDbEntity
  8
HT-A-ROOM-F01-NEW
100
AcDbText
 10
129035.11
 20
3316.53
 30
0.0
 40
148.75
  1
2
 41
0.71
  7
_TCH_SPACE
100
AcDbText
  0
TEXT
  5
322
330
2
100
AcDbEntity
  8
HT-A-ROOM-F01-NEW
100
AcDbText
 10
127882.33
 20
1155.91
 30
0.0
 40
482.27
  1
储藏室
  7
_TCH_SPACE
100
AcDbText
  0
TEXT
  5
323
330
2
100
AcDbEntity
  8
HT-A-ROOM-F01-NEW
100
AcDbText
 10
127864.67
 20
644.03
 30
0.0
 40
297.5
  1
4.18m
 41
0.71
  7
_TCH_SPACE
100
AcDbText
  0
TEXT
  5
324
330
2
100
AcDbEntity
  8
HT-A-ROOM-F01-NEW
100
AcDbText
 10
128824.67
 20
819.03
 30
0.0
 40
148.75
  1
2
 41
0.71
  7
_TCH_SPACE
100
AcDbText
  0
TEXT
  5
325
330
2
100
AcDbEntity
  8
HT-A-ROOM-F01-NEW
100
AcDbText
 10
127998.46
 20
-1186.25
 30
0.0
 40
482.27
  1
厨房
  7
_TCH_SPACE
100
AcDbText
  0
TEXT
  5
326
330
2
100
AcDbEntity
  8
HT-A-ROOM-F01-NEW
100
AcDbText
 10
127710.58
 20
-1698.13
 30
0.0
 40
297.5
  1
12.54m
 41
0.71
  7
_TCH_SPACE
100
AcDbText
  0
TEXT
  5
327
330
2
100
AcDbEntity
  8
HT-A-ROOM-F01-NEW
100
AcDbText
 10
128870.58
 20
-1523.13
 30
0.0
 40
148.75
  1
2
 41
0.71
  7
_TCH_SPACE
100
AcDbText
  0
TEXT
  5
328
330
2
100
AcDbEntity
  8
HT-A-ROOM-F01-NEW
100
AcDbText
 10
127196.49
 20
5837.56
 30
0.0
 40
482.27
  1
卫生间
  7
_TCH_SPACE
100
AcDbText
  0
TEXT
  5
329
330
2
100
AcDbEntity
  8
HT-A-ROOM-F01-NEW
100
AcDbText
 10
127140.21
 20
5325.69
 30
0.0
 40
297.5
  1
3.90m
 41
0.71
  7
_TCH_SPACE
100
AcDbText
  0
TEXT
  5
32A
330
2
100
AcDbEntity
  8
HT-A-ROOM-F01-NEW
100
AcDbText
 10
128140.21
 20
5500.69
 30
0.0
 40
148.75
  1
2
 41
0.71
  7
_TCH_SPACE
100
AcDbText
  0
TEXT
  5
32B
330
2
100
AcDbEntity
  8
HT-A-ROOM-F01-NEW
100
AcDbText
 10
130875.78
 20
8486.74
 30
0.0
 40
482.27
  1
卫生间
  7
_TCH_SPACE
100
AcDbText
  0
TEXT
  5
32C
330
2
100
AcDbEntity
  8
HT-A-ROOM-F01-NEW
100
AcDbText
 10
130839.5
 20
7974.87
 30
0.0
 40
297.5
  1
4.16m
 41
0.71
  7
_TCH_SPACE
100
AcDbText
  0
TEXT
  5
32D
330
2
100
AcDbEntity
  8
HT-A-ROOM-F01-NEW
100
AcDbText
 10
131799.5
 20
8149.87
 30
0.0
 40
148.75
  1
2
 41
0.71
  7
_TCH_SPACE
100
AcDbText
  0
TEXT
  5
32E
330
2
100
AcDbEntity
  8
HT-A-ROOM-F01-NEW
100
AcDbText
 10
134364.01
 20
7088.3
 30
0.0
 40
482.27
  1
主卧
  7
_TCH_SPACE
100
AcDbText
  0
TEXT
  5
32F
330
2
100
AcDbEntity
  8
HT-A-ROOM-F01-NEW
100
AcDbText
 10
134048.15
 20
6576.42
 30
0.0
 40
297.5
  1
20.64m
 41
0.71
  7
_TCH_SPACE
100
AcDbText
  0
TEXT
  5
330
330
2
100
AcDbEntity
  8
HT-A-ROOM-F01-NEW
100
AcDbText
 10
135248.15
 20
6751.42
 30
0.0
 40
148.75
  1
2
 41
0.71
  7
_TCH_SPACE
100
AcDbText
  0
LINE
  5
331
330
2
100
AcDbEntity
  8
HT-A-WALL-F01-NEW
100
AcDbLine
 10
129084.48
 20
6578.46
 30
0.0
 11
129084.48
 21
5978.46
 31
0.0
  0
LINE
  5
332
330
2
100
AcDbEntity
  8
HT-A-WALL-F01-NEW
100
AcDbLine
 10
129084.48
 20
5978.46
 30
0.0
 11
129284.48
 21
5978.46
 31
0.0
  0
LINE
  5
333
330
2
100
AcDbEntity
  8
HT-A-WALL-F01-NEW
100
AcDbLine
 10
129284.48
 20
5978.46
 30
0.0
 11
129284.48
 21
6578.46
 31
0.0
  0
LINE
  5
334
330
2
100
AcDbEntity
  8
HT-A-WALL-F01-NEW
100
AcDbLine
 10
129284.48
 20
5078.46
 30
0.0
 11
129284.48
 21
5178.46
 31
0.0
  0
LINE
  5
335
330
2
100
AcDbEntity
  8
HT-A-WALL-F01-NEW
100
AcDbLine
 10
129284.48
 20
5178.46
 30
0.0
 11
129084.48
 21
5178.46
 31
0.0
  0
LINE
  5
336
330
2
100
AcDbEntity
  8
HT-A-WALL-F01-NEW
100
AcDbLine
 10
129084.48
 20
5178.46
 30
0.0
 11
129084.48
 21
5078.46
 31
0.0
  0
LINE
  5
337
330
2
100
AcDbEntity
  8
HT-A-WALL-F01-NEW
100
AcDbLine
 10
132484.48
 20
5078.46
 30
0.0
 11
132484.48
 21
5178.46
 31
0.0
  0
LINE
  5
338
330
2
100
AcDbEntity
  8
HT-A-WALL-F01-NEW
100
AcDbLine
 10
132484.48
 20
5178.46
 30
0.0
 11
132284.48
 21
5178.46
 31
0.0
  0
LINE
  5
339
330
2
100
AcDbEntity
  8
HT-A-WALL-F01-NEW
100
AcDbLine
 10
132284.48
 20
5178.46
 30
0.0
 11
132284.48
 21
4878.46
 31
0.0
  0
LINE
  5
33A
330
2
100
AcDbEntity
  8
HT-A-WALL-F01-NEW
100
AcDbLine
 10
132284.48
 20
6578.46
 30
0.0
 11
132284.48
 21
6178.46
 31
0.0
  0
LINE
  5
33B
330
2
100
AcDbEntity
  8
HT-A-WALL-F01-NEW
100
AcDbLine
 10
132284.48
 20
6178.46
 30
0.0
 11
132484.48
 21
6178.46
 31
0.0
  0
LINE
  5
33C
330
2
100
AcDbEntity
  8
HT-A-WALL-F01-NEW
100
AcDbLine
 10
132484.48
 20
6178.46
 30
0.0
 11
132484.48
 21
6678.46
 31
0.0
  0
INSERT
  5
33D
330
2
100
AcDbEntity
  8
HT-A-WIND-F01-NEW
100
AcDbBlockReference
 66
     1
  2
$DorLib2D$00000001
 10
132384.48
 20
5678.46
 30
0.0
 41
-1000.0
 42
-1000.0
 43
-1000.0
 50
90.0
1001
WTHICK
1040
200.0
  0
ATTRIB
  5
33E
330
33D
100
AcDbEntity
  8
HT-A-WIND-TEXT-F01-NEW
100
AcDbText
 10
132258.23
 20
5483.46
 30
0.0
 40
297.5
  1

 50
90.0
 41
0.71
  7
_TCH_WINDOW
100
AcDbAttribute
280
     0
  2
A
 70
     0
280
     0
  0
SEQEND
  5
33F
330
33D
100
AcDbEntity
  8
HT-A-WIND-F01-NEW
  0
INSERT
  5
340
330
2
100
AcDbEntity
  8
HT-A-WIND-F01-NEW
100
AcDbBlockReference
 66
     1
  2
$DorLib2D$00000001
 10
129884.48
 20
6678.46
 30
0.0
 41
-1000.0
 42
-1000.0
 43
-1000.0
 50
180.0
1001
WTHICK
1040
200.0
  0
ATTRIB
  5
341
330
340
100
AcDbEntity
  8
HT-A-WIND-TEXT-F01-NEW
100
AcDbText
 10
129689.48
 20
6254.71
 30
0.0
 40
297.5
  1

 41
0.71
  7
_TCH_WINDOW
100
AcDbAttribute
280
     0
  2
A
 70
     0
280
     0
  0
SEQEND
  5
342
330
340
100
AcDbEntity
  8
HT-A-WIND-F01-NEW
  0
INSERT
  5
343
330
2
100
AcDbEntity
  8
HT-A-WIND-F01-NEW
100
AcDbBlockReference
 66
     1
  2
$DorLib2D$00000001
 10
129884.48
 20
4978.46
 30
0.0
 41
-1000.0
 42
1000.0
 43
-1000.0
 50
180.0
1001
WTHICK
1040
200.0
  0
ATTRIB
  5
344
330
343
100
AcDbEntity
  8
HT-A-WIND-TEXT-F01-NEW
100
AcDbText
 10
129689.48
 20
4904.71
 30
0.0
 40
297.5
  1

 41
0.71
  7
_TCH_WINDOW
100
AcDbAttribute
280
     0
  2
A
 70
     0
280
     0
  0
SEQEND
  5
345
330
343
100
AcDbEntity
  8
HT-A-WIND-F01-NEW
  0
INSERT
  5
346
330
2
100
AcDbEntity
  8
HT-A-WIND-F01-NEW
100
AcDbBlockReference
 66
     1
  2
$DorLib2D$00000001
 10
126984.48
 20
478.46
 30
0.0
 41
800.0
 42
-800.0
 43
800.0
 50
180.0
1001
WTHICK
1040
200.0
  0
ATTRIB
  5
347
330
346
100
AcDbEntity
  8
HT-A-WIND-TEXT-F01-NEW
100
AcDbText
 10
126789.48
 20
54.71
 30
0.0
 40
297.5
  1

 41
0.71
  7
_TCH_WINDOW
100
AcDbAttribute
280
     0
  2
A
 70
     0
280
     0
  0
SEQEND
  5
348
330
346
100
AcDbEntity
  8
HT-A-WIND-F01-NEW
  0
INSERT
  5
349
330
2
100
AcDbEntity
  8
HT-A-WIND-F01-NEW
100
AcDbBlockReference
 66
     1
  2
$DorLib2D$00000001
 10
129184.48
 20
5578.46
 30
0.0
 41
800.0
 42
-800.0
 43
800.0
 50
270.0
1001
WTHICK
1040
200.0
  0
ATTRIB
  5
34A
330
349
100
AcDbEntity
  8
HT-A-WIND-TEXT-F01-NEW
100
AcDbText
 10
129608.23
 20
5383.46
 30
0.0
 40
297.5
  1

 50
90.0
 41
0.71
  7
_TCH_WINDOW
100
AcDbAttribute
280
     0
  2
A
 70
     0
280
     0
  0
SEQEND
  5
34B
330
349
100
AcDbEntity
  8
HT-A-WIND-F01-NEW
  0
LINE
  5
34C
330
2
100
AcDbEntity
  8
HT-A-WALL-F01-NEW
100
AcDbLine
 10
132484.48
 20
6678.46
 30
0.0
 11
132484.48
 21
6878.46
 31
0.0
  0
LINE
  5
34D
330
2
100
AcDbEntity
  8
HT-A-WALL-F01-NEW
100
AcDbLine
 10
132484.48
 20
6878.46
 30
0.0
 11
132284.48
 21
6878.46
 31
0.0
  0
LINE
  5
34E
330
2
100
AcDbEntity
  8
HT-A-WALL-F01-NEW
100
AcDbLine
 10
132284.48
 20
6878.46
 30
0.0
 11
132284.48
 21
6778.46
 31
0.0
  0
LINE
  5
34F
330
2
100
AcDbEntity
  8
HT-A-WALL-F01-NEW
100
AcDbLine
 10
132284.48
 20
9378.46
 30
0.0
 11
132284.48
 21
7678.46
 31
0.0
  0
LINE
  5
350
330
2
100
AcDbEntity
  8
HT-A-WALL-F01-NEW
100
AcDbLine
 10
132284.48
 20
7678.46
 30
0.0
 11
132484.48
 21
7678.46
 31
0.0
  0
LINE
  5
351
330
2
100
AcDbEntity
  8
HT-A-WALL-F01-NEW
100
AcDbLine
 10
132484.48
 20
7678.46
 30
0.0
 11
132484.48
 21
9378.46
 31
0.0
  0
LINE
  5
352
330
2
100
AcDbEntity
  8
HT-A-WALL-F01-NEW
100
AcDbLine
 10
126284.48
 20
6678.46
 30
0.0
 11
126284.48
 21
6278.46
 31
0.0
  0
LINE
  5
353
330
2
100
AcDbEntity
  8
HT-A-WALL-F01-NEW
100
AcDbLine
 10
126284.48
 20
6278.46
 30
0.0
 11
126484.48
 21
6278.46
 31
0.0
  0
LINE
  5
354
330
2
100
AcDbEntity
  8
HT-A-WALL-F01-NEW
100
AcDbLine
 10
126484.48
 20
6278.46
 30
0.0
 11
126484.48
 21
6578.46
 31
0.0
  0
LINE
  5
355
330
2
100
AcDbEntity
  8
HT-A-WALL-F01-NEW
100
AcDbLine
 10
126484.48
 20
5078.46
 30
0.0
 11
126484.48
 21
5378.46
 31
0.0
  0
LINE
  5
356
330
2
100
AcDbEntity
  8
HT-A-WALL-F01-NEW
100
AcDbLine
 10
126484.48
 20
5378.46
 30
0.0
 11
126284.48
 21
5378.46
 31
0.0
  0
LINE
  5
357
330
2
100
AcDbEntity
  8
HT-A-WALL-F01-NEW
100
AcDbLine
 10
126284.48
 20
5378.46
 30
0.0
 11
126284.48
 21
4978.46
 31
0.0
  0
LINE
  5
358
330
2
100
AcDbEntity
  8
HT-A-WALL-F01-NEW
100
AcDbLine
 10
130584.48
 20
9578.46
 30
0.0
 11
129384.48
 21
9578.46
 31
0.0
  0
LINE
  5
359
330
2
100
AcDbEntity
  8
HT-A-WALL-F01-NEW
100
AcDbLine
 10
129384.48
 20
9578.46
 30
0.0
 11
129384.48
 21
9378.46
 31
0.0
  0
LINE
  5
35A
330
2
100
AcDbEntity
  8
HT-A-WALL-F01-NEW
100
AcDbLine
 10
129384.48
 20
9378.46
 30
0.0
 11
130484.48
 21
9378.46
 31
0.0
  0
LINE
  5
35B
330
2
100
AcDbEntity
  8
HT-A-WALL-F01-NEW
100
AcDbLine
 10
126484.48
 20
9378.46
 30
0.0
 11
127584.48
 21
9378.46
 31
0.0
  0
LINE
  5
35C
330
2
100
AcDbEntity
  8
HT-A-WALL-F01-NEW
100
AcDbLine
 10
127584.48
 20
9378.46
 30
0.0
 11
127584.48
 21
9578.46
 31
0.0
  0
LINE
  5
35D
330
2
100
AcDbEntity
  8
HT-A-WALL-F01-NEW
100
AcDbLine
 10
127584.48
 20
9578.46
 30
0.0
 11
126284.48
 21
9578.46
 31
0.0
  0
LINE
  5
35E
330
2
100
AcDbEntity
  8
HT-A-WALL-F01-NEW
100
AcDbLine
 10
130484.48
 20
6778.46
 30
0.0
 11
130384.48
 21
6778.46
 31
0.0
  0
LINE
  5
35F
330
2
100
AcDbEntity
  8
HT-A-WALL-F01-NEW
100
AcDbLine
 10
130384.48
 20
6778.46
 30
0.0
 11
130384.48
 21
6578.46
 31
0.0
  0
LINE
  5
360
330
2
100
AcDbEntity
  8
HT-A-WALL-F01-NEW
100
AcDbLine
 10
130384.48
 20
6578.46
 30
0.0
 11
130584.48
 21
6578.46
 31
0.0
  0
LINE
  5
361
330
2
100
AcDbEntity
  8
HT-A-WALL-F01-NEW
100
AcDbLine
 10
129284.48
 20
6578.46
 30
0.0
 11
129384.48
 21
6578.46
 31
0.0
  0
LINE
  5
362
330
2
100
AcDbEntity
  8
HT-A-WALL-F01-NEW
100
AcDbLine
 10
129384.48
 20
6578.46
 30
0.0
 11
129384.48
 21
6778.46
 31
0.0
  0
LINE
  5
363
330
2
100
AcDbEntity
  8
HT-A-WALL-F01-NEW
100
AcDbLine
 10
129384.48
 20
6778.46
 30
0.0
 11
129184.48
 21
6778.46
 31
0.0
  0
LINE
  5
364
330
2
100
AcDbEntity
  8
HT-A-WALL-F01-NEW
100
AcDbLine
 10
129084.48
 20
6578.46
 30
0.0
 11
126484.48
 21
6578.46
 31
0.0
  0
LINE
  5
365
330
2
100
AcDbEntity
  8
HT-A-WALL-F01-NEW
100
AcDbLine
 10
129184.48
 20
6778.46
 30
0.0
 11
126484.48
 21
6778.46
 31
0.0
  0
LINE
  5
366
330
2
100
AcDbEntity
  8
HT-A-WALL-F01-NEW
100
AcDbLine
 10
129184.48
 20
4878.46
 30
0.0
 11
126484.48
 21
4878.46
 31
0.0
  0
LINE
  5
367
330
2
100
AcDbEntity
  8
HT-A-WALL-F01-NEW
100
AcDbLine
 10
129084.48
 20
5078.46
 30
0.0
 11
126484.48
 21
5078.46
 31
0.0
  0
LINE
  5
368
330
2
100
AcDbEntity
  8
HT-A-WALL-F01-NEW
100
AcDbLine
 10
130484.48
 20
-2921.54
 30
0.0
 11
129334.48
 21
-2921.54
 31
0.0
  0
LINE
  5
369
330
2
100
AcDbEntity
  8
HT-A-WALL-F01-NEW
100
AcDbLine
 10
129334.48
 20
-2921.54
 30
0.0
 11
129334.48
 21
-3121.54
 31
0.0
  0
LINE
  5
36A
330
2
100
AcDbEntity
  8
HT-A-WALL-F01-NEW
100
AcDbLine
 10
129334.48
 20
-3121.54
 30
0.0
 11
130584.48
 21
-3121.54
 31
0.0
  0
LINE
  5
36B
330
2
100
AcDbEntity
  8
HT-A-WALL-F01-NEW
100
AcDbLine
 10
126284.48
 20
-3121.54
 30
0.0
 11
127534.48
 21
-3121.54
 31
0.0
  0
LINE
  5
36C
330
2
100
AcDbEntity
  8
HT-A-WALL-F01-NEW
100
AcDbLine
 10
127534.48
 20
-3121.54
 30
0.0
 11
127534.48
 21
-2921.54
 31
0.0
  0
LINE
  5
36D
330
2
100
AcDbEntity
  8
HT-A-WALL-F01-NEW
100
AcDbLine
 10
127534.48
 20
-2921.54
 30
0.0
 11
126484.48
 21
-2921.54
 31
0.0
  0
LINE
  5
36E
330
2
100
AcDbEntity
  8
HT-A-WALL-F01-NEW
100
AcDbLine
 10
130484.48
 20
578.46
 30
0.0
 11
130484.48
 21
1678.46
 31
0.0
  0
LINE
  5
36F
330
2
100
AcDbEntity
  8
HT-A-WALL-F01-NEW
100
AcDbLine
 10
130684.48
 20
478.46
 30
0.0
 11
130684.48
 21
1778.46
 31
0.0
  0
LINE
  5
370
330
2
100
AcDbEntity
  8
HT-A-WALL-F01-NEW
100
AcDbLine
 10
130484.48
 20
1878.46
 30
0.0
 11
130484.48
 21
4878.46
 31
0.0
  0
LINE
  5
371
330
2
100
AcDbEntity
  8
HT-A-WALL-F01-NEW
100
AcDbLine
 10
130684.48
 20
1778.46
 30
0.0
 11
130684.48
 21
5078.46
 31
0.0
  0
TEXT
  5
372
330
2
100
AcDbEntity
  8
HT-A-ROOM-F01-NEW
100
AcDbText
 10
133358.69
 20
2588.3
 30
0.0
 40
482.27
  1
客厅
  7
_TCH_SPACE
100
AcDbText
  0
TEXT
  5
373
330
2
100
AcDbEntity
  8
HT-A-ROOM-F01-NEW
100
AcDbText
 10
133048.15
 20
2076.42
 30
0.0
 40
297.5
  1
26.23m
 41
0.71
  7
_TCH_SPACE
100
AcDbText
  0
TEXT
  5
374
330
2
100
AcDbEntity
  8
HT-A-ROOM-F01-NEW
100
AcDbText
 10
134248.15
 20
2251.42
 30
0.0
 40
148.75
  1
2
 41
0.71
  7
_TCH_SPACE
100
AcDbText
  0
TEXT
  5
375
330
2
100
AcDbEntity
  8
HT-A-ROOM-F01-NEW
100
AcDbText
 10
132052.03
 20
-1155.36
 30
0.0
 40
482.27
  1
餐厅
  7
_TCH_SPACE
100
AcDbText
  0
TEXT
  5
376
330
2
100
AcDbEntity
  8
HT-A-ROOM-F01-NEW
100
AcDbText
 10
131769.48
 20
-1667.24
 30
0.0
 40
297.5
  1
12.60m
 41
0.71
  7
_TCH_SPACE
100
AcDbText
  0
TEXT
  5
377
330
2
100
AcDbEntity
  8
HT-A-ROOM-F01-NEW
100
AcDbText
 10
132929.48
 20
-1492.24
 30
0.0
 40
148.75
  1
2
 41
0.71
  7
_TCH_SPACE
100
AcDbText
  0
INSERT
  5
378
330
2
100
AcDbEntity
  8
HT-A-WIND-F01-NEW
100
AcDbBlockReference
 66
     1
  2
$DorLib2D$00000131
 10
130584.48
 20
-521.54
 30
0.0
 41
1800.0
 42
-200.0
 43
1800.0
 50
90.0
1001
WTHICK
1040
200.0
  0
ATTRIB
  5
379
330
378
100
AcDbEntity
  8
HT-A-WIND-TEXT-F01-NEW
100
AcDbText
 10
130283.23
 20
-716.54
 30
0.0
 40
297.5
  1

 50
90.0
 41
0.71
  7
_TCH_WINDOW
100
AcDbAttribute
280
     0
  2
A
 70
     0
280
     0
  0
SEQEND
  5
37A
330
378
100
AcDbEntity
  8
HT-A-WIND-F01-NEW
  0
INSERT
  5
37B
330
2
100
AcDbEntity
  8
HT-A-WIND-F01-NEW
100
AcDbBlockReference
 66
     1
  2
$DorLib2D$00000131
 10
134384.48
 20
-1306.18
 30
0.0
 41
1800.0
 42
-200.0
 43
1800.0
 50
90.0
1001
WTHICK
1040
200.0
  0
ATTRIB
  5
37C
330
37B
100
AcDbEntity
  8
HT-A-WIND-TEXT-F01-NEW
100
AcDbText
 10
134058.23
 20
-1501.18
 30
0.0
 40
297.5
  1

 50
90.0
 41
0.71
  7
_TCH_WINDOW
100
AcDbAttribute
280
     0
  2
A
 70
     0
280
     0
  0
SEQEND
  5
37D
330
37B
100
AcDbEntity
  8
HT-A-WIND-F01-NEW
  0
INSERT
  5
37E
330
2
100
AcDbEntity
  8
HT-A-WIND-F01-NEW
100
AcDbBlockReference
 66
     1
  2
$DorLib2D$00000001
 10
132384.48
 20
7278.46
 30
0.0
 41
-800.0
 42
800.0
 43
-800.0
 50
90.0
1001
WTHICK
1040
200.0
  0
ATTRIB
  5
37F
330
37E
100
AcDbEntity
  8
HT-A-WIND-TEXT-F01-NEW
100
AcDbText
 10
132808.23
 20
7083.46
 30
0.0
 40
297.5
  1

 50
90.0
 41
0.71
  7
_TCH_WINDOW
100
AcDbAttribute
280
     0
  2
A
 70
     0
280
     0
  0
SEQEND
  5
380
330
37E
100
AcDbEntity
  8
HT-A-WIND-F01-NEW
  0
INSERT
  5
3A3
330
2
100
AcDbEntity
  8
HT-A-COLUMN-F01-NEW
100
AcDbBlockReference
  2
_FZH
 10
139384.48
 20
4978.46
 30
0.0
 41
200.0
 42
200.0
 43
200.0
  0
INSERT
  5
3A4
330
2
100
AcDbEntity
  8
HT-A-COLUMN-F01-NEW
100
AcDbBlockReference
  2
_FZH
 10
139384.48
 20
478.46
 30
0.0
 41
200.0
 42
200.0
 43
200.0
  0
INSERT
  5
3A5
330
2
100
AcDbEntity
  8
HT-A-WIND-F01-NEW
100
AcDbBlockReference
 66
     1
  2
$TCHSYS$WIN2D
 10
128484.48
 20
9478.46
 30
0.0
 41
1800.0
 42
200.0
 43
1800.0
 50
180.0
1001
WTHICK
1040
200.0
  0
ATTRIB
  5
3A6
330
3A5
100
AcDbEntity
  8
HT-A-WIND-TEXT-F01-NEW
100
AcDbText
 10
128289.48
 20
9704.71
 30
0.0
 40
297.5
  1

 41
0.71
  7
_TCH_WINDOW
100
AcDbAttribute
280
     0
  2
A
 70
     0
280
     0
  0
SEQEND
  5
3A7
330
3A5
100
AcDbEntity
  8
HT-A-WIND-F01-NEW
  0
INSERT
  5
3A8
330
2
100
AcDbEntity
  8
HT-A-WIND-F01-NEW
100
AcDbBlockReference
 66
     1
  2
$TCHSYS$WIN2D
 10
137384.48
 20
7228.46
 30
0.0
 41
1800.0
 42
-200.0
 43
1800.0
 50
270.0
1001
WTHICK
1040
200.0
  0
ATTRIB
  5
3A9
330
3A8
100
AcDbEntity
  8
HT-A-WIND-TEXT-F01-NEW
100
AcDbText
 10
137908.23
 20
7033.46
 30
0.0
 40
297.5
  1

 50
90.0
 41
0.71
  7
_TCH_WINDOW
100
AcDbAttribute
280
     0
  2
A
 70
     0
280
     0
  0
SEQEND
  5
3AA
330
3A8
100
AcDbEntity
  8
HT-A-WIND-F01-NEW
  0
INSERT
  5
3AB
330
2
100
AcDbEntity
  8
HT-A-WIND-F01-NEW
100
AcDbBlockReference
 66
     1
  2
$TCHSYS$WIN2D
 10
126384.48
 20
3378.46
 30
0.0
 41
1800.0
 42
-200.0
 43
1800.0
 50
90.0
1001
WTHICK
1040
200.0
  0
ATTRIB
  5
3AC
330
3AB
100
AcDbEntity
  8
HT-A-WIND-TEXT-F01-NEW
100
AcDbText
 10
126158.23
 20
3183.46
 30
0.0
 40
297.5
  1

 50
90.0
 41
0.71
  7
_TCH_WINDOW
100
AcDbAttribute
280
     0
  2
A
 70
     0
280
     0
  0
SEQEND
  5
3AD
330
3AB
100
AcDbEntity
  8
HT-A-WIND-F01-NEW
  0
INSERT
  5
3AE
330
2
100
AcDbEntity
  8
HT-A-WIND-F01-NEW
100
AcDbBlockReference
 66
     1
  2
$TCHSYS$WIN2D
 10
126384.48
 20
8128.46
 30
0.0
 41
1800.0
 42
-200.0
 43
1800.0
 50
270.0
1001
WTHICK
1040
200.0
  0
ATTRIB
  5
3AF
330
3AE
100
AcDbEntity
  8
HT-A-WIND-TEXT-F01-NEW
100
AcDbText
 10
126908.23
 20
7933.46
 30
0.0
 40
297.5
  1

 50
90.0
 41
0.71
  7
_TCH_WINDOW
100
AcDbAttribute
280
     0
  2
A
 70
     0
280
     0
  0
SEQEND
  5
3B0
330
3AE
100
AcDbEntity
  8
HT-A-WIND-F01-NEW
  0
INSERT
  5
3B1
330
2
100
AcDbEntity
  8
HT-A-WIND-F01-NEW
100
AcDbBlockReference
 66
     1
  2
$TCHSYS$WIN2D
 10
135884.48
 20
-3021.54
 30
0.0
 41
1800.0
 42
-200.0
 43
1800.0
 50
180.0
1001
WTHICK
1040
200.0
  0
ATTRIB
  5
3B2
330
3B1
100
AcDbEntity
  8
HT-A-WIND-TEXT-F01-NEW
100
AcDbText
 10
135689.48
 20
-3545.29
 30
0.0
 40
297.5
  1

 41
0.71
  7
_TCH_WINDOW
100
AcDbAttribute
280
     0
  2
A
 70
     0
280
     0
  0
SEQEND
  5
3B3
330
3B1
100
AcDbEntity
  8
HT-A-WIND-F01-NEW
  0
INSERT
  5
3B4
330
2
100
AcDbEntity
  8
HT-A-WIND-F01-NEW
100
AcDbBlockReference
 66
     1
  2
$TCHSYS$WIN2D
 10
128434.48
 20
-3021.54
 30
0.0
 41
1800.0
 42
200.0
 43
1800.0
 50
180.0
1001
WTHICK
1040
200.0
  0
ATTRIB
  5
3B5
330
3B4
100
AcDbEntity
  8
HT-A-WIND-TEXT-F01-NEW
100
AcDbText
 10
128239.48
 20
-2795.29
 30
0.0
 40
297.5
  1

 41
0.71
  7
_TCH_WINDOW
100
AcDbAttribute
280
     0
  2
A
 70
     0
280
     0
  0
SEQEND
  5
3B6
330
3B4
100
AcDbEntity
  8
HT-A-WIND-F01-NEW
  0
INSERT
  5
3B7
330
2
100
AcDbEntity
  8
HT-A-WIND-F01-NEW
100
AcDbBlockReference
 66
     1
  2
$TCHSYS$WIN2D
 10
132884.48
 20
-3021.54
 30
0.0
 41
-1800.0
 42
-200.0
 43
-1800.0
 50
180.0
1001
WTHICK
1040
200.0
  0
ATTRIB
  5
3B8
330
3B7
100
AcDbEntity
  8
HT-A-WIND-TEXT-F01-NEW
100
AcDbText
 10
132689.48
 20
-3545.29
 30
0.0
 40
297.5
  1

 41
0.71
  7
_TCH_WINDOW
100
AcDbAttribute
280
     0
  2
A
 70
     0
280
     0
  0
SEQEND
  5
3B9
330
3B7
100
AcDbEntity
  8
HT-A-WIND-F01-NEW
  0
INSERT
  5
3BA
330
2
100
AcDbEntity
  8
HT-A-WIND-F01-NEW
100
AcDbBlockReference
 66
     1
  2
$TCHSYS$WIN2D
 10
126384.48
 20
5828.46
 30
0.0
 41
900.0
 42
-200.0
 43
900.0
 50
270.0
1001
WTHICK
1040
200.0
  0
ATTRIB
  5
3BB
330
3BA
100
AcDbEntity
  8
HT-A-WIND-TEXT-F01-NEW
100
AcDbText
 10
126908.23
 20
5633.46
 30
0.0
 40
297.5
  1

 50
90.0
 41
0.71
  7
_TCH_WINDOW
100
AcDbAttribute
280
     0
  2
A
 70
     0
280
     0
  0
SEQEND
  5
3BC
330
3BA
100
AcDbEntity
  8
HT-A-WIND-F01-NEW
  0
INSERT
  5
3BD
330
2
100
AcDbEntity
  8
HT-A-WIND-F01-NEW
100
AcDbBlockReference
 66
     1
  2
$TCHSYS$WIN2D
 10
131384.48
 20
9478.46
 30
0.0
 41
900.0
 42
-200.0
 43
900.0
 50
180.0
1001
WTHICK
1040
200.0
  0
ATTRIB
  5
3BE
330
3BD
100
AcDbEntity
  8
HT-A-WIND-TEXT-F01-NEW
100
AcDbText
 10
131189.48
 20
8954.71
 30
0.0
 40
297.5
  1

 41
0.71
  7
_TCH_WINDOW
100
AcDbAttribute
280
     0
  2
A
 70
     0
280
     0
  0
SEQEND
  5
3BF
330
3BD
100
AcDbEntity
  8
HT-A-WIND-F01-NEW
  0
INSERT
  5
3C0
330
2
100
AcDbEntity
  8
HT-A-WIND-F01-NEW
100
AcDbBlockReference
 66
     1
  2
$TCHSYS$WIN2D
 10
126384.48
 20
1128.46
 30
0.0
 41
900.0
 42
-200.0
 43
900.0
 50
90.0
1001
WTHICK
1040
200.0
  0
ATTRIB
  5
3C1
330
3C0
100
AcDbEntity
  8
HT-A-WIND-TEXT-F01-NEW
100
AcDbText
 10
126158.23
 20
933.46
 30
0.0
 40
297.5
  1

 50
90.0
 41
0.71
  7
_TCH_WINDOW
100
AcDbAttribute
280
     0
  2
A
 70
     0
280
     0
  0
SEQEND
  5
3C2
330
3C0
100
AcDbEntity
  8
HT-A-WIND-F01-NEW
  0
INSERT
  5
3C3
330
2
100
AcDbEntity
  8
HT-A-WIND-F01-NEW
100
AcDbBlockReference
 66
     1
  2
$TCHSYS$WIN2D
 10
137384.48
 20
-1271.54
 30
0.0
 41
600.0
 42
200.0
 43
600.0
 50
270.0
1001
WTHICK
1040
200.0
  0
ATTRIB
  5
3C4
330
3C3
100
AcDbEntity
  8
HT-A-WIND-TEXT-F01-NEW
100
AcDbText
 10
137158.23
 20
-1466.54
 30
0.0
 40
297.5
  1

 50
90.0
 41
0.71
  7
_TCH_WINDOW
100
AcDbAttribute
280
     0
  2
A
 70
     0
280
     0
  0
SEQEND
  5
3C5
330
3C3
100
AcDbEntity
  8
HT-A-WIND-F01-NEW
  0
INSERT
  5
3C6
330
2
100
AcDbEntity
  8
HT-A-WIND-F01-NEW
100
AcDbBlockReference
 66
     1
  2
$TCHSYS$WIN2D
 10
137384.48
 20
-471.54
 30
0.0
 41
600.0
 42
200.0
 43
600.0
 50
270.0
1001
WTHICK
1040
200.0
  0
ATTRIB
  5
3C7
330
3C6
100
AcDbEntity
  8
HT-A-WIND-TEXT-F01-NEW
100
AcDbText
 10
137158.23
 20
-666.54
 30
0.0
 40
297.5
  1

 50
90.0
 41
0.71
  7
_TCH_WINDOW
100
AcDbAttribute
280
     0
  2
A
 70
     0
280
     0
  0
SEQEND
  5
3C8
330
3C6
100
AcDbEntity
  8
HT-A-WIND-F01-NEW
  0
INSERT
  5
3C9
330
2
100
AcDbEntity
  8
HT-A-WIND-F01-NEW
100
AcDbBlockReference
 66
     1
  2
$TCHSYS$WIN2D
 10
137384.48
 20
-2071.54
 30
0.0
 41
-600.0
 42
200.0
 43
-600.0
 50
270.0
1001
WTHICK
1040
200.0
  0
ATTRIB
  5
3CA
330
3C9
100
AcDbEntity
  8
HT-A-WIND-TEXT-F01-NEW
100
AcDbText
 10
137158.23
 20
-2266.54
 30
0.0
 40
297.5
  1

 50
90.0
 41
0.71
  7
_TCH_WINDOW
100
AcDbAttribute
280
     0
  2
A
 70
     0
280
     0
  0
SEQEND
  5
3CB
330
3C9
100
AcDbEntity
  8
HT-A-WIND-F01-NEW
  0
INSERT
  5
3CC
330
2
100
AcDbEntity
  8
HT-A-WIND-F01-NEW
100
AcDbBlockReference
 66
     1
  2
$TCHSYS$WIN2D
 10
131334.48
 20
-3021.54
 30
0.0
 41
-600.0
 42
200.0
 43
-600.0
 50
180.0
1001
WTHICK
1040
200.0
  0
ATTRIB
  5
3CD
330
3CC
100
AcDbEntity
  8
HT-A-WIND-TEXT-F01-NEW
100
AcDbText
 10
131139.48
 20
-2795.29
 30
0.0
 40
297.5
  1

 41
0.71
  7
_TCH_WINDOW
100
AcDbAttribute
280
     0
  2
A
 70
     0
280
     0
  0
SEQEND
  5
3CE
330
3CC
100
AcDbEntity
  8
HT-A-WIND-F01-NEW
  0
INSERT
  5
3CF
330
2
100
AcDbEntity
  8
HT-A-WIND-F01-NEW
100
AcDbBlockReference
 66
     1
  2
$TCHSYS$WIN2D
 10
136884.48
 20
2078.46
 30
0.0
 41
-1800.0
 42
200.0
 43
-1800.0
 50
270.0
1001
WTHICK
1040
200.0
  0
ATTRIB
  5
3D0
330
3CF
100
AcDbEntity
  8
HT-A-WIND-TEXT-F01-NEW
100
AcDbText
 10
136658.23
 20
1883.46
 30
0.0
 40
297.5
  1

 50
90.0
 41
0.71
  7
_TCH_WINDOW
100
AcDbAttribute
280
     0
  2
A
 70
     0
280
     0
  0
SEQEND
  5
3D1
330
3CF
100
AcDbEntity
  8
HT-A-WIND-F01-NEW
  0
INSERT
  5
3D2
330
2
100
AcDbEntity
  8
HT-A-WIND-F01-NEW
100
AcDbBlockReference
 66
     1
  2
$DorLib2D$00000001
 10
136884.48
 20
4178.46
 30
0.0
 41
-1200.0
 42
-1200.0
 43
-1200.0
 50
270.0
1001
WTHICK
1040
200.0
  0
ATTRIB
  5
3D3
330
3D2
100
AcDbEntity
  8
HT-A-WIND-TEXT-F01-NEW
100
AcDbText
 10
137508.23
 20
3983.46
 30
0.0
 40
297.5
  1

 50
90.0
 41
0.71
  7
_TCH_WINDOW
100
AcDbAttribute
280
     0
  2
A
 70
     0
280
     0
  0
SEQEND
  5
3D4
330
3D2
100
AcDbEntity
  8
HT-A-WIND-F01-NEW
  0
INSERT
  5
3D5
330
2
100
AcDbEntity
  8
HT-A-WIND-F01-NEW
100
AcDbBlockReference
 66
     1
  2
$DorLib2D$00000001
 10
126384.48
 20
-1721.54
 30
0.0
 41
-1000.0
 42
1000.0
 43
-1000.0
 50
90.0
1001
WTHICK
1040
200.0
  0
ATTRIB
  5
3D6
330
3D5
100
AcDbEntity
  8
HT-A-WIND-TEXT-F01-NEW
100
AcDbText
 10
126808.23
 20
-1916.54
 30
0.0
 40
297.5
  1

 50
90.0
 41
0.71
  7
_TCH_WINDOW
100
AcDbAttribute
280
     0
  2
A
 70
     0
280
     0
  0
SEQEND
  5
3D7
330
3D5
100
AcDbEntity
  8
HT-A-WIND-F01-NEW
  0
INSERT
  5
3D8
330
2
100
AcDbEntity
  8
HT-A-WIND-F01-NEW
100
AcDbBlockReference
 66
     1
  2
$TCHSYS$WIN2D
 10
126384.48
 20
-171.54
 30
0.0
 41
-900.0
 42
-200.0
 43
-900.0
 50
90.0
1001
WTHICK
1040
200.0
  0
ATTRIB
  5
3D9
330
3D8
100
AcDbEntity
  8
HT-A-WIND-TEXT-F01-NEW
100
AcDbText
 10
126158.23
 20
-366.54
 30
0.0
 40
297.5
  1

 50
90.0
 41
0.71
  7
_TCH_WINDOW
100
AcDbAttribute
280
     0
  2
A
 70
     0
280
     0
  0
SEQEND
  5
3DA
330
3D8
100
AcDbEntity
  8
HT-A-WIND-F01-NEW
  0
TEXT
  5
3DB
330
2
100
AcDbEntity
  8
HT-A-ROOM-F01-NEW
100
AcDbText
 10
137964.56
 20
2588.3
 30
0.0
 40
482.27
  1
门廊
  7
_TCH_SPACE
100
AcDbText
  0
TEXT
  5
3DC
330
2
100
AcDbEntity
  8
HT-A-ROOM-F01-NEW
100
AcDbText
 10
123737.35
 20
-1425.64
 30
0.0
 40
482.27
  1
室外露台
  7
_TCH_SPACE
100
AcDbText
  0
LINE
  5
3DD
330
2
100
AcDbEntity
  8
HT-A-AXIS-F01-NEW
100
AcDbLine
 10
122884.48
 20
-4021.54
 30
0.0
 11
122884.48
 21
-8021.54
 31
0.0
  0
INSERT
  5
3DE
330
2
100
AcDbEntity
  8
HT-A-AXIS-F01-NEW
100
AcDbBlockReference
 66
     1
  2
_AXISO
 10
122884.48
 20
-8421.54
 30
0.0
 41
800.0
 42
800.0
 43
800.0
  0
ATTRIB
  5
3DF
330
3DE
100
AcDbEntity
  8
HT-A-AXIS-TEXT-F01-NEW
100
AcDbText
 10
122774.18
 20
-8678.9
 30
0.0
 40
514.72
  1
1
  7
_TCH_AXIS
 72
     5
 11
122994.78
 21
-8678.9
 31
0.0
100
AcDbAttribute
280
     0
  2
A
 70
     0
280
     0
  0
SEQEND
  5
3E0
330
3DE
100
AcDbEntity
  8
HT-A-AXIS-F01-NEW
  0
LINE
  5
3E1
330
2
100
AcDbEntity
  8
HT-A-AXIS-F01-NEW
100
AcDbLine
 10
122884.48
 20
10478.46
 30
0.0
 11
122884.48
 21
14478.46
 31
0.0
  0
INSERT
  5
3E2
330
2
100
AcDbEntity
  8
HT-A-AXIS-F01-NEW
100
AcDbBlockReference
 66
     1
  2
_AXISO
 10
122884.48
 20
14878.46
 30
0.0
 41
800.0
 42
800.0
 43
800.0
  0
ATTRIB
  5
3E3
330
3E2
100
AcDbEntity
  8
HT-A-AXIS-TEXT-F01-NEW
100
AcDbText
 10
122774.18
 20
14621.1
 30
0.0
 40
514.72
  1
1
  7
_TCH_AXIS
 72
     5
 11
122994.78
 21
14621.1
 31
0.0
100
AcDbAttribute
280
     0
  2
A
 70
     0
280
     0
  0
SEQEND
  5
3E4
330
3E2
100
AcDbEntity
  8
HT-A-AXIS-F01-NEW
  0
LINE
  5
3E5
330
2
100
AcDbEntity
  8
HT-A-AXIS-F01-NEW
100
AcDbLine
 10
126384.48
 20
-4021.54
 30
0.0
 11
126384.48
 21
-8021.54
 31
0.0
  0
INSERT
  5
3E6
330
2
100
AcDbEntity
  8
HT-A-AXIS-F01-NEW
100
AcDbBlockReference
 66
     1
  2
_AXISO
 10
126384.48
 20
-8421.54
 30
0.0
 41
800.0
 42
800.0
 43
800.0
  0
ATTRIB
  5
3E7
330
3E6
100
AcDbEntity
  8
HT-A-AXIS-TEXT-F01-NEW
100
AcDbText
 10
126229.16
 20
-8654.51
 30
0.0
 40
465.95
  1
2
  7
_TCH_AXIS
 72
     5
 11
126539.79
 21
-8654.51
 31
0.0
100
AcDbAttribute
280
     0
  2
A
 70
     0
280
     0
  0
SEQEND
  5
3E8
330
3E6
100
AcDbEntity
  8
HT-A-AXIS-F01-NEW
  0
LINE
  5
3E9
330
2
100
AcDbEntity
  8
HT-A-AXIS-F01-NEW
100
AcDbLine
 10
126384.48
 20
10478.46
 30
0.0
 11
126384.48
 21
14478.46
 31
0.0
  0
INSERT
  5
3EA
330
2
100
AcDbEntity
  8
HT-A-AXIS-F01-NEW
100
AcDbBlockReference
 66
     1
  2
_AXISO
 10
126384.48
 20
14878.46
 30
0.0
 41
800.0
 42
800.0
 43
800.0
  0
ATTRIB
  5
3EB
330
3EA
100
AcDbEntity
  8
HT-A-AXIS-TEXT-F01-NEW
100
AcDbText
 10
126229.16
 20
14645.49
 30
0.0
 40
465.95
  1
2
  7
_TCH_AXIS
 72
     5
 11
126539.79
 21
14645.49
 31
0.0
100
AcDbAttribute
280
     0
  2
A
 70
     0
280
     0
  0
SEQEND
  5
3EC
330
3EA
100
AcDbEntity
  8
HT-A-AXIS-F01-NEW
  0
LINE
  5
3ED
330
2
100
AcDbEntity
  8
HT-A-AXIS-F01-NEW
100
AcDbLine
 10
130584.48
 20
-4021.54
 30
0.0
 11
130584.48
 21
-8021.54
 31
0.0
  0
INSERT
  5
3EE
330
2
100
AcDbEntity
  8
HT-A-AXIS-F01-NEW
100
AcDbBlockReference
 66
     1
  2
_AXISO
 10
130584.48
 20
-8421.54
 30
0.0
 41
800.0
 42
800.0
 43
800.0
  0
ATTRIB
  5
3EF
330
3EE
100
AcDbEntity
  8
HT-A-AXIS-TEXT-F01-NEW
100
AcDbText
 10
130429.16
 20
-8654.51
 30
0.0
 40
465.95
  1
3
  7
_TCH_AXIS
 72
     5
 11
130739.79
 21
-8654.51
 31
0.0
100
AcDbAttribute
280
     0
  2
A
 70
     0
280
     0
  0
SEQEND
  5
3F0
330
3EE
100
AcDbEntity
  8
HT-A-AXIS-F01-NEW
  0
LINE
  5
3F1
330
2
100
AcDbEntity
  8
HT-A-AXIS-F01-NEW
100
AcDbLine
 10
130584.48
 20
10478.46
 30
0.0
 11
130584.48
 21
14478.46
 31
0.0
  0
INSERT
  5
3F2
330
2
100
AcDbEntity
  8
HT-A-AXIS-F01-NEW
100
AcDbBlockReference
 66
     1
  2
_AXISO
 10
130584.48
 20
14878.46
 30
0.0
 41
800.0
 42
800.0
 43
800.0
  0
ATTRIB
  5
3F3
330
3F2
100
AcDbEntity
  8
HT-A-AXIS-TEXT-F01-NEW
100
AcDbText
 10
130429.16
 20
14645.49
 30
0.0
 40
465.95
  1
3
  7
_TCH_AXIS
 72
     5
 11
130739.79
 21
14645.49
 31
0.0
100
AcDbAttribute
280
     0
  2
A
 70
     0
280
     0
  0
SEQEND
  5
3F4
330
3F2
100
AcDbEntity
  8
HT-A-AXIS-F01-NEW
  0
LINE
  5
3F5
330
2
100
AcDbEntity
  8
HT-A-AXIS-F01-NEW
100
AcDbLine
 10
132384.48
 20
-4021.54
 30
0.0
 11
132384.48
 21
-8021.54
 31
0.0
  0
INSERT
  5
3F6
330
2
100
AcDbEntity
  8
HT-A-AXIS-F01-NEW
100
AcDbBlockReference
 66
     1
  2
_AXISO
 10
132384.48
 20
-8421.54
 30
0.0
 41
800.0
 42
800.0
 43
800.0
  0
ATTRIB
  5
3F7
330
3F6
100
AcDbEntity
  8
HT-A-AXIS-TEXT-F01-NEW
100
AcDbText
 10
132214.79
 20
-8644.26
 30
0.0
 40
445.44
  1
4
  7
_TCH_AXIS
 72
     5
 11
132554.17
 21
-8644.26
 31
0.0
100
AcDbAttribute
280
     0
  2
A
 70
     0
280
     0
  0
SEQEND
  5
3F8
330
3F6
100
AcDbEntity
  8
HT-A-AXIS-F01-NEW
  0
LINE
  5
3F9
330
2
100
AcDbEntity
  8
HT-A-AXIS-F01-NEW
100
AcDbLine
 10
132384.48
 20
10478.46
 30
0.0
 11
132384.48
 21
14478.46
 31
0.0
  0
INSERT
  5
3FA
330
2
100
AcDbEntity
  8
HT-A-AXIS-F01-NEW
100
AcDbBlockReference
 66
     1
  2
_AXISO
 10
132384.48
 20
14878.46
 30
0.0
 41
800.0
 42
800.0
 43
800.0
  0
ATTRIB
  5
3FB
330
3FA
100
AcDbEntity
  8
HT-A-AXIS-TEXT-F01-NEW
100
AcDbText
 10
132214.79
 20
14655.74
 30
0.0
 40
445.44
  1
4
  7
_TCH_AXIS
 72
     5
 11
132554.17
 21
14655.74
 31
0.0
100
AcDbAttribute
280
     0
  2
A
 70
     0
280
     0
  0
SEQEND
  5
3FC
330
3FA
100
AcDbEntity
  8
HT-A-AXIS-F01-NEW
  0
LINE
  5
3FD
330
2
100
AcDbEntity
  8
HT-A-AXIS-F01-NEW
100
AcDbLine
 10
137384.48
 20
-4021.54
 30
0.0
 11
137384.48
 21
-8021.54
 31
0.0
  0
INSERT
  5
3FE
330
2
100
AcDbEntity
  8
HT-A-AXIS-F01-NEW
100
AcDbBlockReference
 66
     1
  2
_AXISO
 10
137384.48
 20
-8421.54
 30
0.0
 41
800.0
 42
800.0
 43
800.0
  0
ATTRIB
  5
3FF
330
3FE
100
AcDbEntity
  8
HT-A-AXIS-TEXT-F01-NEW
100
AcDbText
 10
137229.16
 20
-8654.51
 30
0.0
 40
465.95
  1
5
  7
_TCH_AXIS
 72
     5
 11
137539.79
 21
-8654.51
 31
0.0
100
AcDbAttribute
280
     0
  2
A
 70
     0
280
     0
  0
SEQEND
  5
400
330
3FE
100
AcDbEntity
  8
HT-A-AXIS-F01-NEW
  0
LINE
  5
401
330
2
100
AcDbEntity
  8
HT-A-AXIS-F01-NEW
100
AcDbLine
 10
137384.48
 20
10478.46
 30
0.0
 11
137384.48
 21
14478.46
 31
0.0
  0
INSERT
  5
402
330
2
100
AcDbEntity
  8
HT-A-AXIS-F01-NEW
100
AcDbBlockReference
 66
     1
  2
_AXISO
 10
137384.48
 20
14878.46
 30
0.0
 41
800.0
 42
800.0
 43
800.0
  0
ATTRIB
  5
403
330
402
100
AcDbEntity
  8
HT-A-AXIS-TEXT-F01-NEW
100
AcDbText
 10
137229.16
 20
14645.49
 30
0.0
 40
465.95
  1
5
  7
_TCH_AXIS
 72
     5
 11
137539.79
 21
14645.49
 31
0.0
100
AcDbAttribute
280
     0
  2
A
 70
     0
280
     0
  0
SEQEND
  5
404
330
402
100
AcDbEntity
  8
HT-A-AXIS-F01-NEW
  0
LINE
  5
405
330
2
100
AcDbEntity
  8
HT-A-AXIS-F01-NEW
100
AcDbLine
 10
139384.48
 20
-4021.54
 30
0.0
 11
139384.48
 21
-8021.54
 31
0.0
  0
INSERT
  5
406
330
2
100
AcDbEntity
  8
HT-A-AXIS-F01-NEW
100
AcDbBlockReference
 66
     1
  2
_AXISO
 10
139384.48
 20
-8421.54
 30
0.0
 41
800.0
 42
800.0
 43
800.0
  0
ATTRIB
  5
407
330
406
100
AcDbEntity
  8
HT-A-AXIS-TEXT-F01-NEW
100
AcDbText
 10
139229.16
 20
-8654.51
 30
0.0
 40
465.95
  1
6
  7
_TCH_AXIS
 72
     5
 11
139539.79
 21
-8654.51
 31
0.0
100
AcDbAttribute
280
     0
  2
A
 70
     0
280
     0
  0
SEQEND
  5
408
330
406
100
AcDbEntity
  8
HT-A-AXIS-F01-NEW
  0
LINE
  5
409
330
2
100
AcDbEntity
  8
HT-A-AXIS-F01-NEW
100
AcDbLine
 10
139384.48
 20
10478.46
 30
0.0
 11
139384.48
 21
14478.46
 31
0.0
  0
INSERT
  5
40A
330
2
100
AcDbEntity
  8
HT-A-AXIS-F01-NEW
100
AcDbBlockReference
 66
     1
  2
_AXISO
 10
139384.48
 20
14878.46
 30
0.0
 41
800.0
 42
800.0
 43
800.0
  0
ATTRIB
  5
40B
330
40A
100
AcDbEntity
  8
HT-A-AXIS-TEXT-F01-NEW
100
AcDbText
 10
139229.16
 20
14645.49
 30
0.0
 40
465.95
  1
6
  7
_TCH_AXIS
 72
     5
 11
139539.79
 21
14645.49
 31
0.0
100
AcDbAttribute
280
     0
  2
A
 70
     0
280
     0
  0
SEQEND
  5
40C
330
40A
100
AcDbEntity
  8
HT-A-AXIS-F01-NEW
  0
LINE
  5
40D
330
2
100
AcDbEntity
  8
HT-A-AXIS-F01-NEW
100
AcDbLine
 10
121884.48
 20
-3021.54
 30
0.0
 11
117884.48
 21
-3021.54
 31
0.0
  0
INSERT
  5
40E
330
2
100
AcDbEntity
  8
HT-A-AXIS-F01-NEW
100
AcDbBlockReference
 66
     1
  2
_AXISO
 10
117484.48
 20
-3021.54
 30
0.0
 41
800.0
 42
800.0
 43
800.0
  0
ATTRIB
  5
40F
330
40E
100
AcDbEntity
  8
HT-A-AXIS-TEXT-F01-NEW
100
AcDbText
 10
117302.26
 20
-3234.13
 30
0.0
 40
425.18
  1
A
  7
_TCH_AXIS
 72
     5
 11
117666.7
 21
-3234.13
 31
0.0
100
AcDbAttribute
280
     0
  2
A
 70
     0
280
     0
  0
SEQEND
  5
410
330
40E
100
AcDbEntity
  8
HT-A-AXIS-F01-NEW
  0
LINE
  5
411
330
2
100
AcDbEntity
  8
HT-A-AXIS-F01-NEW
100
AcDbLine
 10
141384.48
 20
-3021.54
 30
0.0
 11
145384.48
 21
-3021.54
 31
0.0
  0
INSERT
  5
412
330
2
100
AcDbEntity
  8
HT-A-AXIS-F01-NEW
100
AcDbBlockReference
 66
     1
  2
_AXISO
 10
145784.48
 20
-3021.54
 30
0.0
 41
800.0
 42
800.0
 43
800.0
  0
ATTRIB
  5
413
330
412
100
AcDbEntity
  8
HT-A-AXIS-TEXT-F01-NEW
100
AcDbText
 10
145602.26
 20
-3234.13
 30
0.0
 40
425.18
  1
A
  7
_TCH_AXIS
 72
     5
 11
145966.7
 21
-3234.13
 31
0.0
100
AcDbAttribute
280
     0
  2
A
 70
     0
280
     0
  0
SEQEND
  5
414
330
412
100
AcDbEntity
  8
HT-A-AXIS-F01-NEW
  0
LINE
  5
415
330
2
100
AcDbEntity
  8
HT-A-AXIS-F01-NEW
100
AcDbLine
 10
121884.48
 20
478.46
 30
0.0
 11
117884.48
 21
478.46
 31
0.0
  0
INSERT
  5
416
330
2
100
AcDbEntity
  8
HT-A-AXIS-F01-NEW
100
AcDbBlockReference
 66
     1
  2
_AXISO
 10
117484.48
 20
478.46
 30
0.0
 41
800.0
 42
800.0
 43
800.0
  0
ATTRIB
  5
417
330
416
100
AcDbEntity
  8
HT-A-AXIS-TEXT-F01-NEW
100
AcDbText
 10
117308.3
 20
260.83
 30
0.0
 40
435.26
  1
B
  7
_TCH_AXIS
 72
     5
 11
117660.65
 21
260.83
 31
0.0
100
AcDbAttribute
280
     0
  2
A
 70
     0
280
     0
  0
SEQEND
  5
418
330
416
100
AcDbEntity
  8
HT-A-AXIS-F01-NEW
  0
LINE
  5
419
330
2
100
AcDbEntity
  8
HT-A-AXIS-F01-NEW
100
AcDbLine
 10
121884.48
 20
4978.46
 30
0.0
 11
117884.48
 21
4978.46
 31
0.0
  0
INSERT
  5
41A
330
2
100
AcDbEntity
  8
HT-A-AXIS-F01-NEW
100
AcDbBlockReference
 66
     1
  2
_AXISO
 10
117484.48
 20
4978.46
 30
0.0
 41
800.0
 42
800.0
 43
800.0
  0
ATTRIB
  5
41B
330
41A
100
AcDbEntity
  8
HT-A-AXIS-TEXT-F01-NEW
100
AcDbText
 10
117321.73
 20
4750.61
 30
0.0
 40
455.69
  1
C
  7
_TCH_AXIS
 72
     5
 11
117647.23
 21
4750.61
 31
0.0
100
AcDbAttribute
280
     0
  2
A
 70
     0
280
     0
  0
SEQEND
  5
41C
330
41A
100
AcDbEntity
  8
HT-A-AXIS-F01-NEW
  0
LINE
  5
41D
330
2
100
AcDbEntity
  8
HT-A-AXIS-F01-NEW
100
AcDbLine
 10
121884.48
 20
9478.46
 30
0.0
 11
117884.48
 21
9478.46
 31
0.0
  0
INSERT
  5
41E
330
2
100
AcDbEntity
  8
HT-A-AXIS-F01-NEW
100
AcDbBlockReference
 66
     1
  2
_AXISO
 10
117484.48
 20
9478.46
 30
0.0
 41
800.0
 42
800.0
 43
800.0
  0
ATTRIB
  5
41F
330
41E
100
AcDbEntity
  8
HT-A-AXIS-TEXT-F01-NEW
100
AcDbText
 10
117308.3
 20
9260.83
 30
0.0
 40
435.26
  1
D
  7
_TCH_AXIS
 72
     5
 11
117660.65
 21
9260.83
 31
0.0
100
AcDbAttribute
280
     0
  2
A
 70
     0
280
     0
  0
SEQEND
  5
420
330
41E
100
AcDbEntity
  8
HT-A-AXIS-F01-NEW
  0
LINE
  5
421
330
2
100
AcDbEntity
  8
HT-A-AXIS-F01-NEW
100
AcDbLine
 10
141384.48
 20
9478.46
 30
0.0
 11
145384.48
 21
9478.46
 31
0.0
  0
INSERT
  5
422
330
2
100
AcDbEntity
  8
HT-A-AXIS-F01-NEW
100
AcDbBlockReference
 66
     1
  2
_AXISO
 10
145784.48
 20
9478.46
 30
0.0
 41
800.0
 42
800.0
 43
800.0
  0
ATTRIB
  5
423
330
422
100
AcDbEntity
  8
HT-A-AXIS-TEXT-F01-NEW
100
AcDbText
 10
145608.3
 20
9260.83
 30
0.0
 40
435.26
  1
D
  7
_TCH_AXIS
 72
     5
 11
145960.65
 21
9260.83
 31
0.0
100
AcDbAttribute
280
     0
  2
A
 70
     0
280
     0
  0
SEQEND
  5
424
330
422
100
AcDbEntity
  8
HT-A-AXIS-F01-NEW
  0
LINE
  5
425
330
2
100
AcDbEntity
  8
HT-A-WALL-F01-NEW
100
AcDbLine
 10
136784.48
 20
4878.46
 30
0.0
 11
132284.48
 21
4878.46
 31
0.0
  0
LINE
  5
426
330
2
100
AcDbEntity
  8
HT-A-WALL-F01-NEW
100
AcDbLine
 10
136884.48
 20
5078.46
 30
0.0
 11
132484.48
 21
5078.46
 31
0.0
  0
LINE
  5
427
330
2
100
AcDbEntity
  8
HT-A-WALL-F01-NEW
100
AcDbLine
 10
136984.48
 20
578.46
 30
0.0
 11
137484.48
 21
578.46
 31
0.0
  0
LINE
  5
428
330
2
100
AcDbEntity
  8
HT-A-WALL-F01-NEW
100
AcDbLine
 10
136884.48
 20
378.46
 30
0.0
 11
137284.48
 21
378.46
 31
0.0
  0
ENDSEC
  0
SECTION
  2
OBJECTS
  0
DICTIONARY
  5
9
330
0
100
AcDbDictionary
281
     1
  3
ACAD_CIP_PREVIOUS_PRODUCT_INFO
350
47A
  3
ACAD_COLOR
350
251
  3
ACAD_DETAILVIEWSTYLE
350
39B
  3
ACAD_GROUP
350
24C
  3
ACAD_LAYOUT
350
22D
  3
ACAD_MATERIAL
350
B
  3
ACAD_MLEADERSTYLE
350
254
  3
ACAD_MLINESTYLE
350
24D
  3
ACAD_PLOTSETTINGS
350
24E
  3
ACAD_PLOTSTYLENAME
350
8
  3
ACAD_SCALELIST
350
252
  3
ACAD_SECTIONVIEWSTYLE
350
399
  3
ACAD_TABLESTYLE
350
253
  3
ACAD_VISUALSTYLE
350
246
  3
ACDB_RECOMPOSE_DATA
350
4A5
  3
AcDbVariableDictionary
350
255
  3
TCH_DBCONFIG
350
49B
  0
DICTIONARY
  5
237
330
236
100
AcDbDictionary
280
     1
281
     1
  3
ACAD_LAYERFILTERS
360
238
  3
ACAD_LAYERSTATES
360
49F
  3
ACLYDICTIONARY
360
239
  0
DICTIONARY
  5
47B
330
6
100
AcDbDictionary
280
     1
281
     1
  3
ADSK_XREC_LAYER_RECONCILED
360
47C
  0
DICTIONARY
  5
47D
330
F
100
AcDbDictionary
280
     1
281
     1
  3
ADSK_XREC_LAYER_RECONCILED
360
47E
  0
DICTIONARY
  5
47F
330
129
100
AcDbDictionary
280
     1
281
     1
  3
ADSK_XREC_LAYER_RECONCILED
360
480
  0
DICTIONARY
  5
481
330
29
100
AcDbDictionary
280
     1
281
     1
  3
ADSK_XREC_LAYER_RECONCILED
360
482
  0
DICTIONARY
  5
483
330
134
100
AcDbDictionary
280
     1
281
     1
  3
ADSK_XREC_LAYER_RECONCILED
360
484
  0
DICTIONARY
  5
485
330
1A
100
AcDbDictionary
280
     1
281
     1
  3
ADSK_XREC_LAYER_RECONCILED
360
486
  0
DICTIONARY
  5
487
330
26
100
AcDbDictionary
280
     1
281
     1
  3
ADSK_XREC_LAYER_RECONCILED
360
488
  0
DICTIONARY
  5
489
330
FB
100
AcDbDictionary
280
     1
281
     1
  3
ADSK_XREC_LAYER_RECONCILED
360
48A
  0
DICTIONARY
  5
48B
330
FD
100
AcDbDictionary
280
     1
281
     1
  3
ADSK_XREC_LAYER_RECONCILED
360
48C
  0
DICTIONARY
  5
48D
330
136
100
AcDbDictionary
280
     1
281
     1
  3
ADSK_XREC_LAYER_RECONCILED
360
48E
  0
DICTIONARY
  5
48F
330
25
100
AcDbDictionary
280
     1
281
     1
  3
ADSK_XREC_LAYER_RECONCILED
360
490
  0
DICTIONARY
  5
491
330
66
100
AcDbDictionary
280
     1
281
     1
  3
ADSK_XREC_LAYER_RECONCILED
360
492
  0
DICTIONARY
  5
493
330
36
100
AcDbDictionary
280
     1
281
     1
  3
ADSK_XREC_LAYER_RECONCILED
360
494
  0
DICTIONARY
  5
495
330
43
100
AcDbDictionary
280
     1
281
     1
  3
ADSK_XREC_LAYER_RECONCILED
360
496
  0
DICTIONARY
  5
497
330
7D
100
AcDbDictionary
280
     1
281
     1
  3
ADSK_XREC_LAYER_RECONCILED
360
498
  0
DICTIONARY
  5
499
330
2A4
100
AcDbDictionary
280
     1
281
     1
  3
ADSK_XREC_LAYER_RECONCILED
360
49A
  0
DICTIONARY
  5
3
330
2
100
AcDbDictionary
280
     1
281
     1
  3
ACAD_SORTENTS
360
293
  0
DICTIONARY
  5
1C
330
1B
100
AcDbDictionary
280
     1
281
     1
  3
ACAD_SORTENTS
360
289
  0
DICTIONARY
  5
72
330
71
100
AcDbDictionary
280
     1
281
     1
  0
DICTIONARY
  5
3A0
330
39D
100
AcDbDictionary
280
     1
281
     1
  0
XRECORD
  5
47A
102
{ACAD_REACTORS
330
9
102
}
330
9
100
AcDbXrecord
280
     1
300
ACD
300
2021
300

  0
DICTIONARY
  5
251
102
{ACAD_REACTORS
330
9
102
}
330
9
100
AcDbDictionary
281
     1
  0
DICTIONARY
  5
39B
102
{ACAD_REACTORS
330
9
102
}
330
9
100
AcDbDictionary
281
     1
  3
Imperial24
350
39C
  0
DICTIONARY
  5
24C
102
{ACAD_REACTORS
330
9
102
}
330
9
100
AcDbDictionary
281
     1
  0
DICTIONARY
  5
22D
102
{ACAD_REACTORS
330
9
102
}
330
9
100
AcDbDictionary
281
     1
  3
Model
350
22C
  3
布局1
350
231
  3
布局2
350
235
  0
DICTIONARY
  5
B
102
{ACAD_REACTORS
330
9
102
}
330
9
100
AcDbDictionary
281
     1
  3
ByBlock
350
250
  3
ByLayer
350
24F
  3
Global
350
A
  0
DICTIONARY
  5
254
102
{ACAD_REACTORS
330
9
102
}
330
9
100
AcDbDictionary
281
     1
  3
Standard
350
398
  0
DICTIONARY
  5
24D
102
{ACAD_REACTORS
330
9
102
}
330
9
100
AcDbDictionary
281
     1
  3
Standard
350
263
  0
DICTIONARY
  5
24E
102
{ACAD_REACTORS
330
9
102
}
330
9
100
AcDbDictionary
281
     1
  0
ACDBDICTIONARYWDFLT
  5
8
102
{ACAD_REACTORS
330
9
102
}
330
9
100
AcDbDictionary
281
     1
  3
Normal
350
7
100
AcDbDictionaryWithDefault
340
7
  0
DICTIONARY
  5
252
102
{ACAD_REACTORS
330
9
102
}
330
9
100
AcDbDictionary
281
     1
  3
A0
350
268
  3
A1
350
269
  3
A2
350
26A
  3
A3
350
26B
  3
A4
350
26C
  3
A5
350
26D
  3
A6
350
26E
  3
A7
350
26F
  3
A8
350
270
  3
A9
350
271
  3
B0
350
272
  3
B1
350
273
  3
B2
350
274
  3
B3
350
275
  3
B4
350
276
  3
B5
350
277
  3
B6
350
278
  3
B7
350
279
  3
B8
350
27A
  3
B9
350
27B
  3
C0
350
27C
  3
C1
350
27D
  3
C2
350
27E
  3
C3
350
27F
  3
C4
350
280
  3
C5
350
281
  3
C6
350
282
  3
C7
350
283
  3
C8
350
284
  3
C9
350
285
  3
D0
350
286
  3
D1
350
287
  3
D2
350
288
  0
DICTIONARY
  5
399
102
{ACAD_REACTORS
330
9
102
}
330
9
100
AcDbDictionary
281
     1
  3
Imperial24
350
39A
  0
DICTIONARY
  5
253
102
{ACAD_REACTORS
330
9
102
}
330
9
100
AcDbDictionary
281
     1
  3
Standard
350
264
  0
DICTIONARY
  5
246
102
{ACAD_REACTORS
330
9
102
}
330
9
100
AcDbDictionary
281
     1
  3
2dWireframe
350
245
  3
3dWireframe
350
267
  3
Basic
350
382
  3
Brighten
350
383
  3
ColorChange
350
384
  3
Conceptual
350
385
  3
Dim
350
386
  3
EdgeColorOff
350
387
  3
Facepattern
350
388
  3
Flat
350
389
  3
FlatWithEdges
350
38A
  3
Gouraud
350
38B
  3
GouraudWithEdges
350
38C
  3
Hidden
350
38D
  3
JitterOff
350
38E
  3
Linepattern
350
38F
  3
OverhangOff
350
390
  3
Realistic
350
266
  3
Shaded
350
391
  3
Shaded with edges
350
392
  3
Shades of Gray
350
393
  3
Sketchy
350
394
  3
Thicken
350
395
  3
Wireframe
350
396
  3
X-Ray
350
397
  0
XRECORD
  5
4A5
102
{ACAD_REACTORS
330
9
102
}
330
9
100
AcDbXrecord
280
     1
 90
        1
330
264
  0
DICTIONARY
  5
255
102
{ACAD_REACTORS
330
9
102
}
330
9
100
AcDbDictionary
281
     1
  3
ANNOALLVISIBLE
350
256
  3
CANNOSCALE
350
257
  3
CMLEADERSTYLE
350
258
  3
CTABLESTYLE
350
259
  3
CVIEWDETAILSTYLE
350
25A
  3
CVIEWSECTIONSTYLE
350
25B
  3
DIMASSOC
350
25C
  3
HIDETEXT
350
25D
  3
LAYEREVAL
350
25E
  3
LAYERNOTIFY
350
25F
  3
LIGHTINGUNITS
350
260
  3
MSLTSCALE
350
261
  3
SOLIDHIST
350
470
  3
WIPEOUTFRAME
350
262
  0
TCH_DBCONFIG
  5
49B
102
{ACAD_REACTORS
330
9
102
}
330
9
100
TDbConfig
  0
DICTIONARY
  5
238
102
{ACAD_REACTORS
330
237
102
}
330
237
100
AcDbDictionary
281
     1
  0
DICTIONARY
  5
49F
102
{ACAD_REACTORS
330
237
102
}
330
237
100
AcDbDictionary
281
     1
  0
DICTIONARY
  5
239
102
{ACAD_REACTORS
330
237
102
}
330
237
100
AcDbDictionary
281
     1
1001
ACAD
1000
<All
  0
XRECORD
  5
47C
102
{ACAD_REACTORS
330
47B
102
}
330
47B
100
AcDbXrecord
280
     1
290
     1
  0
XRECORD
  5
47E
102
{ACAD_REACTORS
330
47D
102
}
330
47D
100
AcDbXrecord
280
     1
290
     1
  0
XRECORD
  5
480
102
{ACAD_REACTORS
330
47F
102
}
330
47F
100
AcDbXrecord
280
     1
290
     1
  0
XRECORD
  5
482
102
{ACAD_REACTORS
330
481
102
}
330
481
100
AcDbXrecord
280
     1
290
     1
  0
XRECORD
  5
484
102
{ACAD_REACTORS
330
483
102
}
330
483
100
AcDbXrecord
280
     1
290
     1
  0
XRECORD
  5
486
102
{ACAD_REACTORS
330
485
102
}
330
485
100
AcDbXrecord
280
     1
290
     1
  0
XRECORD
  5
488
102
{ACAD_REACTORS
330
487
102
}
330
487
100
AcDbXrecord
280
     1
290
     1
  0
XRECORD
  5
48A
102
{ACAD_REACTORS
330
489
102
}
330
489
100
AcDbXrecord
280
     1
290
     1
  0
XRECORD
  5
48C
102
{ACAD_REACTORS
330
48B
102
}
330
48B
100
AcDbXrecord
280
     1
290
     1
  0
XRECORD
  5
48E
102
{ACAD_REACTORS
330
48D
102
}
330
48D
100
AcDbXrecord
280
     1
290
     1
  0
XRECORD
  5
490
102
{ACAD_REACTORS
330
48F
102
}
330
48F
100
AcDbXrecord
280
     1
290
     1
  0
XRECORD
  5
492
102
{ACAD_REACTORS
330
491
102
}
330
491
100
AcDbXrecord
280
     1
290
     1
  0
XRECORD
  5
494
102
{ACAD_REACTORS
330
493
102
}
330
493
100
AcDbXrecord
280
     1
290
     1
  0
XRECORD
  5
496
102
{ACAD_REACTORS
330
495
102
}
330
495
100
AcDbXrecord
280
     1
290
     1
  0
XRECORD
  5
498
102
{ACAD_REACTORS
330
497
102
}
330
497
100
AcDbXrecord
280
     1
290
     1
  0
XRECORD
  5
49A
102
{ACAD_REACTORS
330
499
102
}
330
499
100
AcDbXrecord
280
     1
290
     1
  0
SORTENTSTABLE
  5
293
102
{ACAD_REACTORS
330
3
102
}
330
3
100
AcDbSortentsTable
330
2
  0
SORTENTSTABLE
  5
289
102
{ACAD_REACTORS
330
1C
102
}
330
1C
100
AcDbSortentsTable
330
1B
  0
ACDBDETAILVIEWSTYLE
  5
39C
102
{ACAD_REACTORS
330
39B
102
}
330
39B
100
AcDbModelDocViewStyle
 70
     0
  3
Imperial24
290
     0
300
Imperial24
 90
        0
100
AcDbDetailViewStyle
 70
     0
 71
     0
 90
        3
 71
     1
340
23C
 62
   256
 40
0.24
340
0
 62
   256
 40
0.24
300

 40
0.36
280
     3
 71
     2
340
C
 90
       25
 62
   256
 71
     3
340
23C
 62
   256
 40
0.24
 90
        1
 40
0.75
 90
        1
300
%<\AcVar ViewType \f "%tc1">% %<\AcVar ViewDetailId>%\PSCALE %<\AcVar ViewScale \f "%sn">%
 71
     4
340
C
 90
       25
 62
   256
340
C
 90
       25
 62
   256
280
     0
  0
LAYOUT
  5
22C
102
{ACAD_REACTORS
330
22D
102
}
330
22D
100
AcDbPlotSettings
  1

  2
none_device
  4
ANSI_A_(8.50_x_11.00_Inches)
  6

 40
6.35
 41
19.05
 42
6.35
 43
19.05
 44
215.9
 45
279.4
 46
0.0
 47
0.0
 48
0.0
 49
0.0
140
0.0
141
0.0
142
1.0
143
2.58
 70
 11952
 72
     0
 73
     1
 74
     0
  7

 75
     0
147
0.39
 76
     0
 77
     2
 78
   300
148
0.0
149
0.0
100
AcDbLayout
  1
Model
 70
     1
 71
     0
 10
0.0
 20
0.0
 11
12.0
 21
9.0
 12
0.0
 22
0.0
 32
0.0
 14
0.0
 24
0.0
 34
0.0
 15
0.0
 25
0.0
 35
0.0
146
0.0
 13
0.0
 23
0.0
 33
0.0
 16
1.0
 26
0.0
 36
0.0
 17
0.0
 27
1.0
 37
0.0
 76
     0
330
2
331
244
  0
LAYOUT
  5
231
102
{ACAD_REACTORS
330
22D
102
}
330
22D
100
AcDbPlotSettings
  1

  2
None
  4

  6

 40
0.0
 41
0.0
 42
0.0
 43
0.0
 44
0.0
 45
0.0
 46
0.0
 47
0.0
 48
0.0
 49
0.0
140
0.0
141
0.0
142
1.0
143
1.0
 70
   688
 72
     0
 73
     0
 74
     5
  7

 75
    16
147
1.0
 76
     0
 77
     2
 78
   300
148
0.0
149
0.0
100
AcDbLayout
  1
布局1
 70
     1
 71
     1
 10
0.0
 20
0.0
 11
12.0
 21
9.0
 12
0.0
 22
0.0
 32
0.0
 14
0.0
 24
0.0
 34
0.0
 15
0.0
 25
0.0
 35
0.0
146
0.0
 13
0.0
 23
0.0
 33
0.0
 16
1.0
 26
0.0
 36
0.0
 17
0.0
 27
1.0
 37
0.0
 76
     0
330
22E
  0
LAYOUT
  5
235
102
{ACAD_REACTORS
330
22D
102
}
330
22D
100
AcDbPlotSettings
  1

  2
None
  4

  6

 40
0.0
 41
0.0
 42
0.0
 43
0.0
 44
0.0
 45
0.0
 46
0.0
 47
0.0
 48
0.0
 49
0.0
140
0.0
141
0.0
142
1.0
143
1.0
 70
   688
 72
     0
 73
     0
 74
     5
  7

 75
    16
147
1.0
 76
     0
 77
     2
 78
   300
148
0.0
149
0.0
100
AcDbLayout
  1
布局2
 70
     1
 71
     2
 10
0.0
 20
0.0
 11
12.0
 21
9.0
 12
0.0
 22
0.0
 32
0.0
 14
0.0
 24
0.0
 34
0.0
 15
0.0
 25
0.0
 35
0.0
146
0.0
 13
0.0
 23
0.0
 33
0.0
 16
1.0
 26
0.0
 36
0.0
 17
0.0
 27
1.0
 37
0.0
 76
     0
330
232
  0
MATERIAL
  5
250
102
{ACAD_REACTORS
330
B
102
}
330
B
100
AcDbMaterial
  1
ByBlock
 73
     1
 78
     1
172
     1
176
     1
270
     1
274
     1
 94
       63
  0
MATERIAL
  5
24F
102
{ACAD_REACTORS
330
B
102
}
330
B
100
AcDbMaterial
  1
ByLayer
 73
     1
 78
     1
172
     1
176
     1
270
     1
274
     1
 94
       63
  0
MATERIAL
  5
A
102
{ACAD_REACTORS
330
B
102
}
330
B
100
AcDbMaterial
  1
Global
 73
     1
 78
     1
172
     1
176
     1
270
     1
274
     1
 94
       63
  0
MLEADERSTYLE
  5
398
102
{ACAD_REACTORS
330
254
102
}
330
254
100
AcDbMLeaderStyle
179
     2
170
     2
171
     1
172
     0
 90
        2
 40
0.0
 41
0.0
173
     1
 91
-1056964608
340
23F
 92
       -2
290
     1
 42
0.09
291
     1
 43
0.36
  3
Standard
 44
0.18
300

342
23C
174
     1
178
     6
175
     1
176
     0
 93
-1056964608
 45
0.18
292
     0
297
     0
 46
0.18
 94
-1056964608
 47
1.0
 49
1.0
140
1.0
293
     1
141
0.0
294
     1
177
     0
142
1.0
295
     0
296
     0
143
0.13
271
     0
272
     9
273
     9
298
     1
  0
MLINESTYLE
  5
263
102
{ACAD_REACTORS
330
24D
102
}
330
24D
100
AcDbMlineStyle
  2
STANDARD
 70
     0
  3

 62
   256
 51
90.0
 52
90.0
 71
     2
 49
0.5
 62
   256
  6
BYLAYER
 49
-0.5
 62
   256
  6
BYLAYER
  0
ACDBPLACEHOLDER
  5
7
102
{ACAD_REACTORS
330
8
102
}
330
8
  0
SCALE
  5
268
102
{ACAD_REACTORS
330
252
102
}
330
252
100
AcDbScale
 70
     0
300
1:1
140
1.0
141
1.0
290
     1
  0
SCALE
  5
269
102
{ACAD_REACTORS
330
252
102
}
330
252
100
AcDbScale
 70
     0
300
1:2
140
1.0
141
2.0
290
     0
  0
SCALE
  5
26A
102
{ACAD_REACTORS
330
252
102
}
330
252
100
AcDbScale
 70
     0
300
1:4
140
1.0
141
4.0
290
     0
  0
SCALE
  5
26B
102
{ACAD_REACTORS
330
252
102
}
330
252
100
AcDbScale
 70
     0
300
1:5
140
1.0
141
5.0
290
     0
  0
SCALE
  5
26C
102
{ACAD_REACTORS
330
252
102
}
330
252
100
AcDbScale
 70
     0
300
1:8
140
1.0
141
8.0
290
     0
  0
SCALE
  5
26D
102
{ACAD_REACTORS
330
252
102
}
330
252
100
AcDbScale
 70
     0
300
1:10
140
1.0
141
10.0
290
     0
  0
SCALE
  5
26E
102
{ACAD_REACTORS
330
252
102
}
330
252
100
AcDbScale
 70
     0
300
1:16
140
1.0
141
16.0
290
     0
  0
SCALE
  5
26F
102
{ACAD_REACTORS
330
252
102
}
330
252
100
AcDbScale
 70
     0
300
1:20
140
1.0
141
20.0
290
     0
  0
SCALE
  5
270
102
{ACAD_REACTORS
330
252
102
}
330
252
100
AcDbScale
 70
     0
300
1:30
140
1.0
141
30.0
290
     0
  0
SCALE
  5
271
102
{ACAD_REACTORS
330
252
102
}
330
252
100
AcDbScale
 70
     0
300
1:40
140
1.0
141
40.0
290
     0
  0
SCALE
  5
272
102
{ACAD_REACTORS
330
252
102
}
330
252
100
AcDbScale
 70
     0
300
1:50
140
1.0
141
50.0
290
     0
  0
SCALE
  5
273
102
{ACAD_REACTORS
330
252
102
}
330
252
100
AcDbScale
 70
     0
300
1:100
140
1.0
141
100.0
290
     0
  0
SCALE
  5
274
102
{ACAD_REACTORS
330
252
102
}
330
252
100
AcDbScale
 70
     0
300
2:1
140
2.0
141
1.0
290
     0
  0
SCALE
  5
275
102
{ACAD_REACTORS
330
252
102
}
330
252
100
AcDbScale
 70
     0
300
4:1
140
4.0
141
1.0
290
     0
  0
SCALE
  5
276
102
{ACAD_REACTORS
330
252
102
}
330
252
100
AcDbScale
 70
     0
300
8:1
140
8.0
141
1.0
290
     0
  0
SCALE
  5
277
102
{ACAD_REACTORS
330
252
102
}
330
252
100
AcDbScale
 70
     0
300
10:1
140
10.0
141
1.0
290
     0
  0
SCALE
  5
278
102
{ACAD_REACTORS
330
252
102
}
330
252
100
AcDbScale
 70
     0
300
100:1
140
100.0
141
1.0
290
     0
  0
SCALE
  5
279
102
{ACAD_REACTORS
330
252
102
}
330
252
100
AcDbScale
 70
     0
300
1/128" = 1'-0"
140
0.01
141
12.0
290
     0
  0
SCALE
  5
27A
102
{ACAD_REACTORS
330
252
102
}
330
252
100
AcDbScale
 70
     0
300
1/64" = 1'-0"
140
0.02
141
12.0
290
     0
  0
SCALE
  5
27B
102
{ACAD_REACTORS
330
252
102
}
330
252
100
AcDbScale
 70
     0
300
1/32" = 1'-0"
140
0.03
141
12.0
290
     0
  0
SCALE
  5
27C
102
{ACAD_REACTORS
330
252
102
}
330
252
100
AcDbScale
 70
     0
300
1/16" = 1'-0"
140
0.06
141
12.0
290
     0
  0
SCALE
  5
27D
102
{ACAD_REACTORS
330
252
102
}
330
252
100
AcDbScale
 70
     0
300
3/32" = 1'-0"
140
0.09
141
12.0
290
     0
  0
SCALE
  5
27E
102
{ACAD_REACTORS
330
252
102
}
330
252
100
AcDbScale
 70
     0
300
1/8" = 1'-0"
140
0.13
141
12.0
290
     0
  0
SCALE
  5
27F
102
{ACAD_REACTORS
330
252
102
}
330
252
100
AcDbScale
 70
     0
300
3/16" = 1'-0"
140
0.19
141
12.0
290
     0
  0
SCALE
  5
280
102
{ACAD_REACTORS
330
252
102
}
330
252
100
AcDbScale
 70
     0
300
1/4" = 1'-0"
140
0.25
141
12.0
290
     0
  0
SCALE
  5
281
102
{ACAD_REACTORS
330
252
102
}
330
252
100
AcDbScale
 70
     0
300
3/8" = 1'-0"
140
0.38
141
12.0
290
     0
  0
SCALE
  5
282
102
{ACAD_REACTORS
330
252
102
}
330
252
100
AcDbScale
 70
     0
300
1/2" = 1'-0"
140
0.5
141
12.0
290
     0
  0
SCALE
  5
283
102
{ACAD_REACTORS
330
252
102
}
330
252
100
AcDbScale
 70
     0
300
3/4" = 1'-0"
140
0.75
141
12.0
290
     0
  0
SCALE
  5
284
102
{ACAD_REACTORS
330
252
102
}
330
252
100
AcDbScale
 70
     0
300
1" = 1'-0"
140
1.0
141
12.0
290
     0
  0
SCALE
  5
285
102
{ACAD_REACTORS
330
252
102
}
330
252
100
AcDbScale
 70
     0
300
1-1/2" = 1'-0"
140
1.5
141
12.0
290
     0
  0
SCALE
  5
286
102
{ACAD_REACTORS
330
252
102
}
330
252
100
AcDbScale
 70
     0
300
3" = 1'-0"
140
3.0
141
12.0
290
     0
  0
SCALE
  5
287
102
{ACAD_REACTORS
330
252
102
}
330
252
100
AcDbScale
 70
     0
300
6" = 1'-0"
140
6.0
141
12.0
290
     0
  0
SCALE
  5
288
102
{ACAD_REACTORS
330
252
102
}
330
252
100
AcDbScale
 70
     0
300
1'-0" = 1'-0"
140
12.0
141
12.0
290
     0
  0
ACDBSECTIONVIEWSTYLE
  5
39A
102
{ACAD_REACTORS
330
399
102
}
330
399
100
AcDbModelDocViewStyle
 70
     0
  3
Imperial24
290
     0
300
Imperial24
 90
        0
100
AcDbSectionViewStyle
 70
     0
 71
     0
 90
      102
 71
     1
340
23C
 62
   256
 40
5.0
340
0
340
0
 62
   256
 40
5.0
300
I, O, Q, S, X, Z
 40
10.0
 90
        0
 40
2.5
 90
        0
 71
     2
340
C
 90
       25
 62
   256
340
C
 90
       50
 62
   256
 40
5.0
 40
2.5
 40
5.0
 71
     3
340
23C
 62
   256
 40
5.0
 90
        0
 40
15.0
 90
        1
300
%<\AcVar ViewSectionStartId>%-%<\AcVar ViewSectionEndId>% (%<\AcVar ViewScale \f "%sn">%)
 71
     4
 62
   256
 62
   257
300
ANSI31
 40
1.0
 90
        0
290
     0
290
     0
 90
        6
 40
0.0
 40
1.57
 40
0.26
 40
1.31
 40
-0.26
 40
1.83
  0
TABLESTYLE
  5
264
102
{ACAD_XDICTIONARY
360
265
102
}
102
{ACAD_REACTORS
330
253
102
}
330
253
100
AcDbTableStyle
280
     0
  3
Standard
 70
     0
 71
     0
 40
0.06
 41
0.06
280
     0
281
     0
  7
Standard
140
0.18
170
     2
 62
     0
 63
     7
283
     0
 90
      512
 91
        0
  1

274
    -2
284
     1
 64
     0
275
    -2
285
     1
 65
     0
276
    -2
286
     1
 66
     0
277
    -2
287
     1
 67
     0
278
    -2
288
     1
 68
     0
279
    -2
289
     1
 69
     0
  7
Standard
140
0.25
170
     5
 62
     0
 63
     7
283
     0
 90
      512
 91
        0
  1

274
    -2
284
     1
 64
     0
275
    -2
285
     1
 65
     0
276
    -2
286
     1
 66
     0
277
    -2
287
     1
 67
     0
278
    -2
288
     1
 68
     0
279
    -2
289
     1
 69
     0
  7
Standard
140
0.18
170
     5
 62
     0
 63
     7
283
     0
 90
      512
 91
        0
  1

274
    -2
284
     1
 64
     0
275
    -2
285
     1
 65
     0
276
    -2
286
     1
 66
     0
277
    -2
287
     1
 67
     0
278
    -2
288
     1
 68
     0
279
    -2
289
     1
 69
     0
  0
VISUALSTYLE
  5
245
102
{ACAD_REACTORS
330
246
102
}
330
246
100
AcDbVisualStyle
  2
2dWireframe
 70
     4
177
     3
291
     0
 70
    58
 90
        0
176
     1
 90
        2
176
     1
 90
        1
176
     1
 90
        0
176
     1
 40
0.6
176
     1
 40
30.0
176
     1
 62
     7
420
 16777215
176
     1
 90
        1
176
     1
 90
        4
176
     1
 62
     7
176
     1
 62
   257
176
     1
 90
        1
176
     1
 90
        1
176
     1
 40
1.0
176
     1
 90
        0
176
     1
 62
   257
176
     1
 40
1.0
176
     1
 90
        1
176
     1
 90
        6
176
     1
 90
        2
176
     1
 62
     7
176
     1
 90
        5
176
     1
 90
        0
176
     1
 90
        0
176
     1
290
     0
176
     1
 90
        1
176
     1
 40
0.0
176
     1
 90
        0
176
     1
290
     1
176
     1
290
     1
176
     1
290
     0
176
     1
290
     0
176
     1
290
     0
176
     1
290
     0
176
     1
290
     0
176
     1
290
     0
176
     1
290
     0
176
     1
 90
       50
176
     1
 40
0.0
176
     1
 40
1.0
176
     1
 90
        0
176
     1
 62
    18
420
        0
176
     1
 90
       50
176
     1
 90
        3
176
     1
 62
     5
420
      255
176
     1
290
     0
176
     1
 90
       50
176
     1
 90
       50
176
     1
 90
       50
176
     1
290
     0
176
     1
 90
       50
176
     1
 62
   256
176
     0
 40
1.0
176
     0
 90
        2
176
     1
  1
strokes_ogs.tif
176
     1
290
     0
176
     1
 40
1.0
176
     1
 40
1.0
176
     1
  0
VISUALSTYLE
  5
267
102
{ACAD_REACTORS
330
246
102
}
330
246
100
AcDbVisualStyle
  2
3dWireframe
 70
     5
177
     3
291
     0
 70
    58
 90
        0
176
     1
 90
        2
176
     1
 90
        1
176
     1
 90
        0
176
     1
 40
0.6
176
     1
 40
30.0
176
     1
 62
     7
420
 16777215
176
     1
 90
        1
176
     1
 90
        4
176
     1
 62
     7
176
     1
 62
   257
176
     1
 90
        1
176
     1
 90
        1
176
     1
 40
1.0
176
     1
 90
        0
176
     1
 62
   257
176
     1
 40
1.0
176
     1
 90
        1
176
     1
 90
        6
176
     1
 90
        2
176
     1
 62
     7
176
     1
 90
        5
176
     1
 90
        0
176
     1
 90
        0
176
     1
290
     0
176
     1
 90
        1
176
     1
 40
0.0
176
     1
 90
        0
176
     1
290
     0
176
     1
290
     1
176
     1
290
     1
176
     1
290
     0
176
     1
290
     0
176
     1
290
     0
176
     1
290
     0
176
     1
290
     0
176
     1
290
     0
176
     1
 90
       50
176
     1
 40
0.0
176
     1
 40
1.0
176
     1
 90
        0
176
     1
 62
    18
420
        0
176
     1
 90
       50
176
     1
 90
        3
176
     1
 62
     5
420
      255
176
     1
290
     0
176
     1
 90
       50
176
     1
 90
       50
176
     1
 90
       50
176
     1
290
     0
176
     1
 90
       50
176
     1
 62
   256
176
     0
 40
1.0
176
     0
 90
        2
176
     1
  1
strokes_ogs.tif
176
     1
290
     0
176
     1
 40
1.0
176
     1
 40
1.0
176
     1
  0
VISUALSTYLE
  5
382
102
{ACAD_REACTORS
330
246
102
}
330
246
100
AcDbVisualStyle
  2
Basic
 70
     7
177
     3
291
     1
 70
    58
 90
        1
176
     1
 90
        0
176
     1
 90
        1
176
     1
 90
        0
176
     1
 40
0.6
176
     1
 40
30.0
176
     1
 62
     7
420
 16777215
176
     1
 90
        0
176
     1
 90
        4
176
     1
 62
     7
176
     1
 62
   257
176
     1
 90
        1
176
     1
 90
        1
176
     1
 40
1.0
176
     1
 90
        8
176
     1
 62
     7
176
     1
 40
1.0
176
     1
 90
        1
176
     1
 90
        6
176
     1
 90
        2
176
     1
 62
     7
176
     1
 90
        5
176
     1
 90
        0
176
     1
 90
        0
176
     1
290
     0
176
     1
 90
        1
176
     1
 40
0.0
176
     1
 90
        0
176
     1
290
     0
176
     1
290
     1
176
     1
290
     1
176
     1
290
     0
176
     1
290
     0
176
     1
290
     0
176
     1
290
     0
176
     1
290
     0
176
     1
290
     0
176
     1
 90
       50
176
     1
 40
0.0
176
     1
 40
1.0
176
     1
 90
        0
176
     1
 62
    18
420
        0
176
     1
 90
       50
176
     1
 90
        3
176
     1
 62
     5
420
      255
176
     1
290
     0
176
     1
 90
       50
176
     1
 90
       50
176
     1
 90
       50
176
     1
290
     0
176
     1
 90
       50
176
     1
 62
   256
176
     0
 40
1.0
176
     0
 90
        2
176
     1
  1
strokes_ogs.tif
176
     1
290
     0
176
     1
 40
1.0
176
     1
 40
1.0
176
     1
  0
VISUALSTYLE
  5
383
102
{ACAD_REACTORS
330
246
102
}
330
246
100
AcDbVisualStyle
  2
Brighten
 70
    12
177
     3
291
     1
 70
    58
 90
        2
176
     1
 90
        2
176
     1
 90
        0
176
     1
 90
        0
176
     1
 40
0.6
176
     1
 40
30.0
176
     1
 62
     7
420
 16777215
176
     1
 90
        1
176
     1
 90
        4
176
     1
 62
     7
176
     1
 62
   257
176
     1
 90
        1
176
     1
 90
        1
176
     1
 40
1.0
176
     1
 90
        8
176
     1
 62
     7
176
     1
 40
1.0
176
     1
 90
        1
176
     1
 90
        6
176
     1
 90
        2
176
     1
 62
     7
176
     1
 90
        5
176
     1
 90
        0
176
     1
 90
        0
176
     1
290
     0
176
     1
 90
        1
176
     1
 40
50.0
176
     1
 90
        0
176
     1
290
     0
176
     1
290
     1
176
     1
290
     1
176
     1
290
     0
176
     1
290
     0
176
     1
290
     0
176
     1
290
     0
176
     1
290
     0
176
     1
290
     0
176
     1
 90
       50
176
     1
 40
0.0
176
     1
 40
1.0
176
     1
 90
        0
176
     1
 62
    18
420
        0
176
     1
 90
       50
176
     1
 90
        3
176
     1
 62
     5
420
      255
176
     1
290
     0
176
     1
 90
       50
176
     1
 90
       50
176
     1
 90
       50
176
     1
290
     0
176
     1
 90
       50
176
     1
 62
   256
176
     0
 40
1.0
176
     0
 90
        2
176
     1
  1
strokes_ogs.tif
176
     1
290
     0
176
     1
 40
1.0
176
     1
 40
1.0
176
     1
  0
VISUALSTYLE
  5
384
102
{ACAD_REACTORS
330
246
102
}
330
246
100
AcDbVisualStyle
  2
ColorChange
 70
    16
177
     3
291
     1
 70
    58
 90
        2
176
     1
 90
        2
176
     1
 90
        3
176
     1
 90
        0
176
     1
 40
0.6
176
     1
 40
30.0
176
     1
 62
     8
420
  8421504
176
     1
 90
        1
176
     1
 90
        4
176
     1
 62
     7
176
     1
 62
   257
176
     1
 90
        1
176
     1
 90
        1
176
     1
 40
1.0
176
     1
 90
        8
176
     1
 62
     8
420
  8421504
176
     1
 40
1.0
176
     1
 90
        1
176
     1
 90
        6
176
     1
 90
        2
176
     1
 62
     7
176
     1
 90
        5
176
     1
 90
        0
176
     1
 90
        0
176
     1
290
     0
176
     1
 90
        1
176
     1
 40
0.0
176
     1
 90
        0
176
     1
290
     0
176
     1
290
     1
176
     1
290
     1
176
     1
290
     0
176
     1
290
     0
176
     1
290
     0
176
     1
290
     0
176
     1
290
     0
176
     1
290
     0
176
     1
 90
       50
176
     1
 40
0.0
176
     1
 40
1.0
176
     1
 90
        0
176
     1
 62
    18
420
        0
176
     1
 90
       50
176
     1
 90
        3
176
     1
 62
     5
420
      255
176
     1
290
     0
176
     1
 90
       50
176
     1
 90
       50
176
     1
 90
       50
176
     1
290
     0
176
     1
 90
       50
176
     1
 62
   256
176
     0
 40
1.0
176
     0
 90
        2
176
     1
  1
strokes_ogs.tif
176
     1
290
     0
176
     1
 40
1.0
176
     1
 40
1.0
176
     1
  0
VISUALSTYLE
  5
385
102
{ACAD_REACTORS
330
246
102
}
330
246
100
AcDbVisualStyle
  2
Conceptual
 70
     9
177
     3
291
     0
 70
    58
 90
        3
176
     1
 90
        2
176
     1
 90
        0
176
     1
 90
        0
176
     1
 40
0.6
176
     1
 40
30.0
176
     1
 62
     7
420
 16777215
176
     1
 90
        2
176
     1
 90
        2
176
     1
 62
     7
176
     1
 62
   257
176
     1
 90
        1
176
     1
 90
        1
176
     1
 40
179.0
176
     1
 90
        8
176
     1
 62
     7
176
     1
 40
1.0
176
     1
 90
        1
176
     1
 90
        6
176
     1
 90
        2
176
     1
 62
     7
176
     1
 90
        3
176
     1
 90
        0
176
     1
 90
        0
176
     1
290
     0
176
     1
 90
        1
176
     1
 40
0.0
176
     1
 90
        0
176
     1
290
     0
176
     1
290
     1
176
     1
290
     1
176
     1
290
     0
176
     1
290
     0
176
     1
290
     0
176
     1
290
     0
176
     1
290
     0
176
     1
290
     0
176
     1
 90
       50
176
     1
 40
0.0
176
     1
 40
1.0
176
     1
 90
        0
176
     1
 62
    18
420
        0
176
     1
 90
       50
176
     1
 90
        3
176
     1
 62
     5
420
      255
176
     1
290
     0
176
     1
 90
       50
176
     1
 90
       50
176
     1
 90
       50
176
     1
290
     0
176
     1
 90
       50
176
     1
 62
   256
176
     0
 40
1.0
176
     0
 90
        2
176
     1
  1
strokes_ogs.tif
176
     1
290
     0
176
     1
 40
1.0
176
     1
 40
1.0
176
     1
  0
VISUALSTYLE
  5
386
102
{ACAD_REACTORS
330
246
102
}
330
246
100
AcDbVisualStyle
  2
Dim
 70
    11
177
     3
291
     1
 70
    58
 90
        2
176
     1
 90
        2
176
     1
 90
        0
176
     1
 90
        0
176
     1
 40
0.6
176
     1
 40
30.0
176
     1
 62
     7
420
 16777215
176
     1
 90
        1
176
     1
 90
        4
176
     1
 62
     7
176
     1
 62
   257
176
     1
 90
        1
176
     1
 90
        1
176
     1
 40
1.0
176
     1
 90
        8
176
     1
 62
     7
176
     1
 40
1.0
176
     1
 90
        1
176
     1
 90
        6
176
     1
 90
        2
176
     1
 62
     7
176
     1
 90
        5
176
     1
 90
        0
176
     1
 90
        0
176
     1
290
     0
176
     1
 90
        1
176
     1
 40
-50.0
176
     1
 90
        0
176
     1
290
     0
176
     1
290
     1
176
     1
290
     1
176
     1
290
     0
176
     1
290
     0
176
     1
290
     0
176
     1
290
     0
176
     1
290
     0
176
     1
290
     0
176
     1
 90
       50
176
     1
 40
0.0
176
     1
 40
1.0
176
     1
 90
        0
176
     1
 62
    18
420
        0
176
     1
 90
       50
176
     1
 90
        3
176
     1
 62
     5
420
      255
176
     1
290
     0
176
     1
 90
       50
176
     1
 90
       50
176
     1
 90
       50
176
     1
290
     0
176
     1
 90
       50
176
     1
 62
   256
176
     0
 40
1.0
176
     0
 90
        2
176
     1
  1
strokes_ogs.tif
176
     1
290
     0
176
     1
 40
1.0
176
     1
 40
1.0
176
     1
  0
VISUALSTYLE
  5
387
102
{ACAD_REACTORS
330
246
102
}
330
246
100
AcDbVisualStyle
  2
EdgeColorOff
 70
    22
177
     3
291
     1
 70
    58
 90
        2
176
     0
 90
        2
176
     0
 90
        0
176
     0
 90
        0
176
     0
 40
0.6
176
     0
 40
30.0
176
     0
 62
     7
420
 16777215
176
     0
 90
        1
176
     0
 90
        4
176
     0
 62
     7
176
     0
 62
   257
176
     0
 90
        1
176
     0
 90
        1
176
     0
 40
1.0
176
     0
 90
        8
176
     2
 62
     7
176
     0
 40
1.0
176
     0
 90
        1
176
     0
 90
        6
176
     0
 90
        2
176
     0
 62
     7
176
     0
 90
        5
176
     0
 90
        0
176
     0
 90
        0
176
     0
290
     0
176
     0
 90
        1
176
     0
 40
0.0
176
     0
 90
        0
176
     0
290
     0
176
     0
290
     1
176
     0
290
     1
176
     0
290
     0
176
     0
290
     0
176
     0
290
     0
176
     0
290
     0
176
     0
290
     0
176
     0
290
     0
176
     0
 90
       50
176
     0
 40
0.0
176
     0
 40
1.0
176
     0
 90
        0
176
     0
 62
    18
420
        0
176
     0
 90
       50
176
     0
 90
        3
176
     0
 62
     5
420
      255
176
     0
290
     0
176
     0
 90
       50
176
     0
 90
       50
176
     0
 90
       50
176
     0
290
     0
176
     0
 90
       50
176
     0
 62
   256
176
     0
 40
1.0
176
     0
 90
        2
176
     0
  1
strokes_ogs.tif
176
     0
290
     0
176
     0
 40
1.0
176
     0
 40
1.0
176
     0
  0
VISUALSTYLE
  5
388
102
{ACAD_REACTORS
330
246
102
}
330
246
100
AcDbVisualStyle
  2
Facepattern
 70
    15
177
     3
291
     1
 70
    58
 90
        2
176
     1
 90
        2
176
     1
 90
        0
176
     1
 90
        0
176
     1
 40
0.6
176
     1
 40
30.0
176
     1
 62
     7
420
 16777215
176
     1
 90
        1
176
     1
 90
        4
176
     1
 62
     7
176
     1
 62
   257
176
     1
 90
        1
176
     1
 90
        1
176
     1
 40
1.0
176
     1
 90
        8
176
     1
 62
     7
176
     1
 40
1.0
176
     1
 90
        1
176
     1
 90
        6
176
     1
 90
        2
176
     1
 62
     7
176
     1
 90
        5
176
     1
 90
        0
176
     1
 90
        0
176
     1
290
     0
176
     1
 90
        1
176
     1
 40
0.0
176
     1
 90
        0
176
     1
290
     0
176
     1
290
     1
176
     1
290
     1
176
     1
290
     0
176
     1
290
     0
176
     1
290
     0
176
     1
290
     0
176
     1
290
     0
176
     1
290
     0
176
     1
 90
       50
176
     1
 40
0.0
176
     1
 40
1.0
176
     1
 90
        0
176
     1
 62
    18
420
        0
176
     1
 90
       50
176
     1
 90
        3
176
     1
 62
     5
420
      255
176
     1
290
     0
176
     1
 90
       50
176
     1
 90
       50
176
     1
 90
       50
176
     1
290
     0
176
     1
 90
       50
176
     1
 62
   256
176
     0
 40
1.0
176
     0
 90
        2
176
     1
  1
strokes_ogs.tif
176
     1
290
     0
176
     1
 40
1.0
176
     1
 40
1.0
176
     1
  0
VISUALSTYLE
  5
389
102
{ACAD_REACTORS
330
246
102
}
330
246
100
AcDbVisualStyle
  2
Flat
 70
     0
177
     3
291
     1
 70
    58
 90
        2
176
     1
 90
        1
176
     1
 90
        1
176
     1
 90
        2
176
     1
 40
0.6
176
     1
 40
30.0
176
     1
 62
     7
420
 16777215
176
     1
 90
        0
176
     1
 90
        0
176
     1
 62
     7
176
     1
 62
   257
176
     1
 90
        1
176
     1
 90
        1
176
     1
 40
1.0
176
     1
 90
        8
176
     1
 62
     7
176
     1
 40
1.0
176
     1
 90
        1
176
     1
 90
        6
176
     1
 90
        2
176
     1
 62
     7
176
     1
 90
        5
176
     1
 90
        0
176
     1
 90
        0
176
     1
290
     0
176
     1
 90
       13
176
     1
 40
0.0
176
     1
 90
        0
176
     1
290
     0
176
     1
290
     1
176
     1
290
     1
176
     1
290
     0
176
     1
290
     0
176
     1
290
     0
176
     1
290
     0
176
     1
290
     0
176
     1
290
     0
176
     1
 90
       50
176
     1
 40
0.0
176
     1
 40
1.0
176
     1
 90
        0
176
     1
 62
    18
420
        0
176
     1
 90
       50
176
     1
 90
        3
176
     1
 62
     5
420
      255
176
     1
290
     0
176
     1
 90
       50
176
     1
 90
       50
176
     1
 90
       50
176
     1
290
     0
176
     1
 90
       50
176
     1
 62
   256
176
     0
 40
1.0
176
     0
 90
        2
176
     1
  1
strokes_ogs.tif
176
     1
290
     0
176
     1
 40
1.0
176
     1
 40
1.0
176
     1
  0
VISUALSTYLE
  5
38A
102
{ACAD_REACTORS
330
246
102
}
330
246
100
AcDbVisualStyle
  2
FlatWithEdges
 70
     1
177
     3
291
     1
 70
    58
 90
        2
176
     1
 90
        1
176
     1
 90
        1
176
     1
 90
        2
176
     1
 40
0.6
176
     1
 40
30.0
176
     1
 62
     7
420
 16777215
176
     1
 90
        1
176
     1
 90
        0
176
     1
 62
     7
176
     1
 62
   257
176
     1
 90
        1
176
     1
 90
        1
176
     1
 40
1.0
176
     1
 90
        0
176
     1
 62
   257
176
     1
 40
1.0
176
     1
 90
        1
176
     1
 90
        6
176
     1
 90
        2
176
     1
 62
     7
176
     1
 90
        5
176
     1
 90
        0
176
     1
 90
        0
176
     1
290
     0
176
     1
 90
       13
176
     1
 40
0.0
176
     1
 90
        0
176
     1
290
     0
176
     1
290
     1
176
     1
290
     1
176
     1
290
     0
176
     1
290
     0
176
     1
290
     0
176
     1
290
     0
176
     1
290
     0
176
     1
290
     0
176
     1
 90
       50
176
     1
 40
0.0
176
     1
 40
1.0
176
     1
 90
        0
176
     1
 62
    18
420
        0
176
     1
 90
       50
176
     1
 90
        3
176
     1
 62
     5
420
      255
176
     1
290
     0
176
     1
 90
       50
176
     1
 90
       50
176
     1
 90
       50
176
     1
290
     0
176
     1
 90
       50
176
     1
 62
   256
176
     0
 40
1.0
176
     0
 90
        2
176
     1
  1
strokes_ogs.tif
176
     1
290
     0
176
     1
 40
1.0
176
     1
 40
1.0
176
     1
  0
VISUALSTYLE
  5
38B
102
{ACAD_REACTORS
330
246
102
}
330
246
100
AcDbVisualStyle
  2
Gouraud
 70
     2
177
     3
291
     1
 70
    58
 90
        2
176
     1
 90
        2
176
     1
 90
        1
176
     1
 90
        2
176
     1
 40
0.6
176
     1
 40
30.0
176
     1
 62
     7
420
 16777215
176
     1
 90
        0
176
     1
 90
        0
176
     1
 62
     7
176
     1
 62
   257
176
     1
 90
        1
176
     1
 90
        1
176
     1
 40
1.0
176
     1
 90
        0
176
     1
 62
     7
176
     1
 40
1.0
176
     1
 90
        1
176
     1
 90
        6
176
     1
 90
        2
176
     1
 62
     7
176
     1
 90
        5
176
     1
 90
        0
176
     1
 90
        0
176
     1
290
     0
176
     1
 90
       13
176
     1
 40
0.0
176
     1
 90
        0
176
     1
290
     0
176
     1
290
     1
176
     1
290
     1
176
     1
290
     0
176
     1
290
     0
176
     1
290
     0
176
     1
290
     0
176
     1
290
     0
176
     1
290
     0
176
     1
 90
       50
176
     1
 40
0.0
176
     1
 40
1.0
176
     1
 90
        0
176
     1
 62
    18
420
        0
176
     1
 90
       50
176
     1
 90
        3
176
     1
 62
     5
420
      255
176
     1
290
     0
176
     1
 90
       50
176
     1
 90
       50
176
     1
 90
       50
176
     1
290
     0
176
     1
 90
       50
176
     1
 62
   256
176
     0
 40
1.0
176
     0
 90
        2
176
     1
  1
strokes_ogs.tif
176
     1
290
     0
176
     1
 40
1.0
176
     1
 40
1.0
176
     1
  0
VISUALSTYLE
  5
38C
102
{ACAD_REACTORS
330
246
102
}
330
246
100
AcDbVisualStyle
  2
GouraudWithEdges
 70
     3
177
     3
291
     1
 70
    58
 90
        2
176
     1
 90
        2
176
     1
 90
        1
176
     1
 90
        2
176
     1
 40
0.6
176
     1
 40
30.0
176
     1
 62
     7
420
 16777215
176
     1
 90
        1
176
     1
 90
        0
176
     1
 62
     7
176
     1
 62
   257
176
     1
 90
        1
176
     1
 90
        1
176
     1
 40
1.0
176
     1
 90
        0
176
     1
 62
   257
176
     1
 40
1.0
176
     1
 90
        1
176
     1
 90
        6
176
     1
 90
        2
176
     1
 62
     7
176
     1
 90
        5
176
     1
 90
        0
176
     1
 90
        0
176
     1
290
     0
176
     1
 90
       13
176
     1
 40
0.0
176
     1
 90
        0
176
     1
290
     0
176
     1
290
     1
176
     1
290
     1
176
     1
290
     0
176
     1
290
     0
176
     1
290
     0
176
     1
290
     0
176
     1
290
     0
176
     1
290
     0
176
     1
 90
       50
176
     1
 40
0.0
176
     1
 40
1.0
176
     1
 90
        0
176
     1
 62
    18
420
        0
176
     1
 90
       50
176
     1
 90
        3
176
     1
 62
     5
420
      255
176
     1
290
     0
176
     1
 90
       50
176
     1
 90
       50
176
     1
 90
       50
176
     1
290
     0
176
     1
 90
       50
176
     1
 62
   256
176
     0
 40
1.0
176
     0
 90
        2
176
     1
  1
strokes_ogs.tif
176
     1
290
     0
176
     1
 40
1.0
176
     1
 40
1.0
176
     1
  0
VISUALSTYLE
  5
38D
102
{ACAD_REACTORS
330
246
102
}
330
246
100
AcDbVisualStyle
  2
Hidden
 70
     6
177
     3
291
     0
 70
    58
 90
        1
176
     1
 90
        2
176
     1
 90
        2
176
     1
 90
        0
176
     1
 40
0.6
176
     1
 40
30.0
176
     1
 62
     7
420
 16777215
176
     1
 90
        2
176
     1
 90
        2
176
     1
 62
     7
176
     1
 62
   257
176
     1
 90
        2
176
     1
 90
        1
176
     1
 40
40.0
176
     1
 90
        0
176
     1
 62
   257
176
     1
 40
1.0
176
     1
 90
        1
176
     1
 90
        6
176
     1
 90
        2
176
     1
 62
     7
176
     1
 90
        3
176
     1
 90
        0
176
     1
 90
        0
176
     1
290
     0
176
     1
 90
        1
176
     1
 40
0.0
176
     1
 90
        0
176
     1
290
     0
176
     1
290
     1
176
     1
290
     1
176
     1
290
     0
176
     1
290
     0
176
     1
290
     0
176
     1
290
     0
176
     1
290
     0
176
     1
290
     0
176
     1
 90
       50
176
     1
 40
0.0
176
     1
 40
1.0
176
     1
 90
        0
176
     1
 62
    18
420
        0
176
     1
 90
       50
176
     1
 90
        3
176
     1
 62
     5
420
      255
176
     1
290
     0
176
     1
 90
       50
176
     1
 90
       50
176
     1
 90
       50
176
     1
290
     0
176
     1
 90
       50
176
     1
 62
   256
176
     0
 40
1.0
176
     0
 90
        2
176
     1
  1
strokes_ogs.tif
176
     1
290
     0
176
     1
 40
1.0
176
     1
 40
1.0
176
     1
  0
VISUALSTYLE
  5
38E
102
{ACAD_REACTORS
330
246
102
}
330
246
100
AcDbVisualStyle
  2
JitterOff
 70
    20
177
     3
291
     1
 70
    58
 90
        2
176
     0
 90
        2
176
     0
 90
        0
176
     0
 90
        0
176
     0
 40
0.6
176
     0
 40
30.0
176
     0
 62
     7
420
 16777215
176
     0
 90
        1
176
     0
 90
        4
176
     0
 62
     7
176
     0
 62
   257
176
     0
 90
        1
176
     0
 90
        1
176
     0
 40
1.0
176
     0
 90
       10
176
     2
 62
     7
176
     0
 40
1.0
176
     0
 90
        1
176
     0
 90
        6
176
     0
 90
        2
176
     0
 62
     7
176
     0
 90
        5
176
     0
 90
        0
176
     0
 90
        0
176
     0
290
     0
176
     0
 90
        1
176
     0
 40
0.0
176
     0
 90
        0
176
     0
290
     0
176
     0
290
     1
176
     0
290
     1
176
     0
290
     0
176
     0
290
     0
176
     0
290
     0
176
     0
290
     0
176
     0
290
     0
176
     0
290
     0
176
     0
 90
       50
176
     0
 40
0.0
176
     0
 40
1.0
176
     0
 90
        0
176
     0
 62
    18
420
        0
176
     0
 90
       50
176
     0
 90
        3
176
     0
 62
     5
420
      255
176
     0
290
     0
176
     0
 90
       50
176
     0
 90
       50
176
     0
 90
       50
176
     0
290
     0
176
     0
 90
       50
176
     0
 62
   256
176
     0
 40
1.0
176
     0
 90
        2
176
     0
  1
strokes_ogs.tif
176
     0
290
     0
176
     0
 40
1.0
176
     0
 40
1.0
176
     0
  0
VISUALSTYLE
  5
38F
102
{ACAD_REACTORS
330
246
102
}
330
246
100
AcDbVisualStyle
  2
Linepattern
 70
    14
177
     3
291
     1
 70
    58
 90
        2
176
     1
 90
        2
176
     1
 90
        0
176
     1
 90
        0
176
     1
 40
0.6
176
     1
 40
30.0
176
     1
 62
     7
420
 16777215
176
     1
 90
        1
176
     1
 90
        4
176
     1
 62
     7
176
     1
 62
   257
176
     1
 90
        7
176
     1
 90
        7
176
     1
 40
1.0
176
     1
 90
        8
176
     1
 62
     7
176
     1
 40
1.0
176
     1
 90
        1
176
     1
 90
        6
176
     1
 90
        2
176
     1
 62
     7
176
     1
 90
        5
176
     1
 90
        0
176
     1
 90
        0
176
     1
290
     0
176
     1
 90
        1
176
     1
 40
0.0
176
     1
 90
        0
176
     1
290
     0
176
     1
290
     1
176
     1
290
     1
176
     1
290
     0
176
     1
290
     0
176
     1
290
     0
176
     1
290
     0
176
     1
290
     0
176
     1
290
     0
176
     1
 90
       50
176
     1
 40
0.0
176
     1
 40
1.0
176
     1
 90
        0
176
     1
 62
    18
420
        0
176
     1
 90
       50
176
     1
 90
        3
176
     1
 62
     5
420
      255
176
     1
290
     0
176
     1
 90
       50
176
     1
 90
       50
176
     1
 90
       50
176
     1
290
     0
176
     1
 90
       50
176
     1
 62
   256
176
     0
 40
1.0
176
     0
 90
        2
176
     1
  1
strokes_ogs.tif
176
     1
290
     0
176
     1
 40
1.0
176
     1
 40
1.0
176
     1
  0
VISUALSTYLE
  5
390
102
{ACAD_REACTORS
330
246
102
}
330
246
100
AcDbVisualStyle
  2
OverhangOff
 70
    21
177
     3
291
     1
 70
    58
 90
        2
176
     0
 90
        2
176
     0
 90
        0
176
     0
 90
        0
176
     0
 40
0.6
176
     0
 40
30.0
176
     0
 62
     7
420
 16777215
176
     0
 90
        1
176
     0
 90
        4
176
     0
 62
     7
176
     0
 62
   257
176
     0
 90
        1
176
     0
 90
        1
176
     0
 40
1.0
176
     0
 90
        9
176
     2
 62
     7
176
     0
 40
1.0
176
     0
 90
        1
176
     0
 90
        6
176
     0
 90
        2
176
     0
 62
     7
176
     0
 90
        5
176
     0
 90
        0
176
     0
 90
        0
176
     0
290
     0
176
     0
 90
        1
176
     0
 40
0.0
176
     0
 90
        0
176
     0
290
     0
176
     0
290
     1
176
     0
290
     1
176
     0
290
     0
176
     0
290
     0
176
     0
290
     0
176
     0
290
     0
176
     0
290
     0
176
     0
290
     0
176
     0
 90
       50
176
     0
 40
0.0
176
     0
 40
1.0
176
     0
 90
        0
176
     0
 62
    18
420
        0
176
     0
 90
       50
176
     0
 90
        3
176
     0
 62
     5
420
      255
176
     0
290
     0
176
     0
 90
       50
176
     0
 90
       50
176
     0
 90
       50
176
     0
290
     0
176
     0
 90
       50
176
     0
 62
   256
176
     0
 40
1.0
176
     0
 90
        2
176
     0
  1
strokes_ogs.tif
176
     0
290
     0
176
     0
 40
1.0
176
     0
 40
1.0
176
     0
  0
VISUALSTYLE
  5
266
102
{ACAD_REACTORS
330
246
102
}
330
246
100
AcDbVisualStyle
  2
Realistic
 70
     8
177
     3
291
     0
 70
    58
 90
        2
176
     1
 90
        2
176
     1
 90
        1
176
     1
 90
        0
176
     1
 40
0.6
176
     1
 40
30.0
176
     1
 62
     7
420
 16777215
176
     1
 90
        1
176
     1
 90
        0
176
     1
 62
     7
176
     1
 62
   257
176
     1
 90
        1
176
     1
 90
        1
176
     1
 40
1.0
176
     1
 90
        8
176
     1
 62
     8
420
  7895160
176
     1
 40
1.0
176
     1
 90
        1
176
     1
 90
        6
176
     1
 90
        2
176
     1
 62
     7
176
     1
 90
        5
176
     1
 90
        0
176
     1
 90
        0
176
     1
290
     0
176
     1
 90
       13
176
     1
 40
0.0
176
     1
 90
        0
176
     1
290
     0
176
     1
290
     1
176
     1
290
     1
176
     1
290
     0
176
     1
290
     0
176
     1
290
     0
176
     1
290
     0
176
     1
290
     0
176
     1
290
     0
176
     1
 90
       50
176
     1
 40
0.0
176
     1
 40
1.0
176
     1
 90
        0
176
     1
 62
    18
420
        0
176
     1
 90
       50
176
     1
 90
        3
176
     1
 62
     5
420
      255
176
     1
290
     0
176
     1
 90
       50
176
     1
 90
       50
176
     1
 90
       50
176
     1
290
     0
176
     1
 90
       50
176
     1
 62
   256
176
     0
 40
1.0
176
     0
 90
        2
176
     1
  1
strokes_ogs.tif
176
     1
290
     0
176
     1
 40
1.0
176
     1
 40
1.0
176
     1
  0
VISUALSTYLE
  5
391
102
{ACAD_REACTORS
330
246
102
}
330
246
100
AcDbVisualStyle
  2
Shaded
 70
    27
177
     3
291
     0
 70
    58
 90
        2
176
     1
 90
        2
176
     1
 90
        1
176
     1
 90
        2
176
     1
 40
0.6
176
     1
 40
30.0
176
     1
 62
     7
420
 16777215
176
     1
 90
        0
176
     1
 90
        4
176
     1
 62
     7
176
     1
 62
   257
176
     1
 90
        1
176
     1
 90
        1
176
     1
 40
1.0
176
     1
 90
        8
176
     1
 62
   257
176
     1
 40
1.0
176
     1
 90
        1
176
     1
 90
        6
176
     1
 90
        2
176
     1
 62
     8
420
  7895160
176
     1
 90
        3
176
     1
 90
        0
176
     1
 90
        0
176
     1
290
     0
176
     1
 90
        5
176
     1
 40
0.0
176
     1
 90
        0
176
     1
290
     0
176
     1
290
     1
176
     1
290
     1
176
     1
290
     0
176
     1
290
     0
176
     1
290
     0
176
     1
290
     0
176
     1
290
     0
176
     1
290
     0
176
     1
 90
       50
176
     1
 40
0.0
176
     1
 40
1.0
176
     1
 90
        0
176
     1
 62
    18
420
        0
176
     1
 90
       50
176
     1
 90
        3
176
     1
 62
     5
420
      255
176
     1
290
     0
176
     1
 90
       50
176
     1
 90
       50
176
     1
 90
       50
176
     1
290
     0
176
     1
 90
       50
176
     1
 62
   256
176
     0
 40
1.0
176
     0
 90
        2
176
     1
  1
strokes_ogs.tif
176
     1
290
     0
176
     1
 40
1.0
176
     1
 40
1.0
176
     1
  0
VISUALSTYLE
  5
392
102
{ACAD_REACTORS
330
246
102
}
330
246
100
AcDbVisualStyle
  2
Shaded with edges
 70
    26
177
     3
291
     0
 70
    58
 90
        2
176
     1
 90
        2
176
     1
 90
        1
176
     1
 90
        2
176
     1
 40
0.6
176
     1
 40
30.0
176
     1
 62
     7
420
 16777215
176
     1
 90
        1
176
     1
 90
        2
176
     1
 62
     7
176
     1
 62
   257
176
     1
 90
        2
176
     1
 90
        1
176
     1
 40
1.0
176
     1
 90
        8
176
     1
 62
   257
176
     1
 40
1.0
176
     1
 90
        1
176
     1
 90
        6
176
     1
 90
        2
176
     1
 62
     7
176
     1
 90
        3
176
     1
 90
        0
176
     1
 90
        0
176
     1
290
     0
176
     1
 90
        5
176
     1
 40
0.0
176
     1
 90
        0
176
     1
290
     0
176
     1
290
     1
176
     1
290
     1
176
     1
290
     0
176
     1
290
     0
176
     1
290
     0
176
     1
290
     0
176
     1
290
     0
176
     1
290
     0
176
     1
 90
       50
176
     1
 40
0.0
176
     1
 40
1.0
176
     1
 90
        0
176
     1
 62
    18
420
        0
176
     1
 90
       50
176
     1
 90
        3
176
     1
 62
     5
420
      255
176
     1
290
     0
176
     1
 90
       50
176
     1
 90
       50
176
     1
 90
       50
176
     1
290
     0
176
     1
 90
       50
176
     1
 62
   256
176
     0
 40
1.0
176
     0
 90
        2
176
     1
  1
strokes_ogs.tif
176
     1
290
     0
176
     1
 40
1.0
176
     1
 40
1.0
176
     1
  0
VISUALSTYLE
  5
393
102
{ACAD_REACTORS
330
246
102
}
330
246
100
AcDbVisualStyle
  2
Shades of Gray
 70
    23
177
     3
291
     0
 70
    58
 90
        2
176
     1
 90
        2
176
     1
 90
        3
176
     1
 90
        0
176
     1
 40
0.6
176
     1
 40
30.0
176
     1
 62
     7
420
 16777215
176
     1
 90
        2
176
     1
 90
        2
176
     1
 62
     7
176
     1
 62
     7
176
     1
 90
        1
176
     1
 90
        1
176
     1
 40
40.0
176
     1
 90
        8
176
     1
 62
     7
176
     1
 40
1.0
176
     1
 90
        1
176
     1
 90
        6
176
     1
 90
        2
176
     1
 62
     7
176
     1
 90
        3
176
     1
 90
        0
176
     1
 90
        0
176
     1
290
     0
176
     1
 90
        1
176
     1
 40
0.0
176
     1
 90
        0
176
     1
290
     0
176
     1
290
     1
176
     1
290
     1
176
     1
290
     0
176
     1
290
     0
176
     1
290
     0
176
     1
290
     0
176
     1
290
     0
176
     1
290
     0
176
     1
 90
       50
176
     1
 40
0.0
176
     1
 40
1.0
176
     1
 90
        0
176
     1
 62
    18
420
        0
176
     1
 90
       50
176
     1
 90
        3
176
     1
 62
     5
420
      255
176
     1
290
     0
176
     1
 90
       50
176
     1
 90
       50
176
     1
 90
       50
176
     1
290
     0
176
     1
 90
       50
176
     1
 62
   256
176
     0
 40
1.0
176
     0
 90
        2
176
     1
  1
strokes_ogs.tif
176
     1
290
     0
176
     1
 40
1.0
176
     1
 40
1.0
176
     1
  0
VISUALSTYLE
  5
394
102
{ACAD_REACTORS
330
246
102
}
330
246
100
AcDbVisualStyle
  2
Sketchy
 70
    24
177
     3
291
     0
 70
    58
 90
        1
176
     1
 90
        2
176
     1
 90
        2
176
     1
 90
        0
176
     1
 40
0.6
176
     1
 40
30.0
176
     1
 62
     7
420
 16777215
176
     1
 90
        2
176
     1
 90
        2
176
     1
 62
     7
176
     1
 62
     7
176
     1
 90
        1
176
     1
 90
        1
176
     1
 40
40.0
176
     1
 90
       11
176
     1
 62
     7
176
     1
 40
1.0
176
     1
 90
        1
176
     1
 90
        6
176
     1
 90
        2
176
     1
 62
     7
176
     1
 90
        6
176
     1
 90
        0
176
     1
 90
        0
176
     1
290
     0
176
     1
 90
        1
176
     1
 40
0.0
176
     1
 90
        0
176
     1
290
     0
176
     1
290
     1
176
     1
290
     1
176
     1
290
     0
176
     1
290
     0
176
     1
290
     0
176
     1
290
     0
176
     1
290
     0
176
     1
290
     0
176
     1
 90
       50
176
     1
 40
0.0
176
     1
 40
1.0
176
     1
 90
        0
176
     1
 62
    18
420
        0
176
     1
 90
       50
176
     1
 90
        3
176
     1
 62
     5
420
      255
176
     1
290
     0
176
     1
 90
       50
176
     1
 90
       50
176
     1
 90
       50
176
     1
290
     0
176
     1
 90
       50
176
     1
 62
   256
176
     0
 40
1.0
176
     0
 90
        2
176
     1
  1
strokes_ogs.tif
176
     1
290
     0
176
     1
 40
1.0
176
     1
 40
1.0
176
     1
  0
VISUALSTYLE
  5
395
102
{ACAD_REACTORS
330
246
102
}
330
246
100
AcDbVisualStyle
  2
Thicken
 70
    13
177
     3
291
     1
 70
    58
 90
        2
176
     1
 90
        2
176
     1
 90
        0
176
     1
 90
        0
176
     1
 40
0.6
176
     1
 40
30.0
176
     1
 62
     7
420
 16777215
176
     1
 90
        1
176
     1
 90
        4
176
     1
 62
     7
176
     1
 62
   257
176
     1
 90
        1
176
     1
 90
        1
176
     1
 40
1.0
176
     1
 90
       12
176
     1
 62
     7
176
     1
 40
1.0
176
     1
 90
        1
176
     1
 90
        6
176
     1
 90
        2
176
     1
 62
     7
176
     1
 90
        5
176
     1
 90
        0
176
     1
 90
        0
176
     1
290
     0
176
     1
 90
        1
176
     1
 40
0.0
176
     1
 90
        0
176
     1
290
     0
176
     1
290
     1
176
     1
290
     1
176
     1
290
     0
176
     1
290
     0
176
     1
290
     0
176
     1
290
     0
176
     1
290
     0
176
     1
290
     0
176
     1
 90
       50
176
     1
 40
0.0
176
     1
 40
1.0
176
     1
 90
        0
176
     1
 62
    18
420
        0
176
     1
 90
       50
176
     1
 90
        3
176
     1
 62
     5
420
      255
176
     1
290
     0
176
     1
 90
       50
176
     1
 90
       50
176
     1
 90
       50
176
     1
290
     0
176
     1
 90
       50
176
     1
 62
   256
176
     0
 40
1.0
176
     0
 90
        2
176
     1
  1
strokes_ogs.tif
176
     1
290
     0
176
     1
 40
1.0
176
     1
 40
1.0
176
     1
  0
VISUALSTYLE
  5
396
102
{ACAD_REACTORS
330
246
102
}
330
246
100
AcDbVisualStyle
  2
Wireframe
 70
     5
177
     3
291
     0
 70
    58
 90
        0
176
     1
 90
        2
176
     1
 90
        0
176
     1
 90
        0
176
     1
 40
0.6
176
     1
 40
30.0
176
     1
 62
     7
420
 16777215
176
     1
 90
        1
176
     1
 90
        4
176
     1
 62
     7
176
     1
 62
   257
176
     1
 90
        1
176
     1
 90
        1
176
     1
 40
1.0
176
     1
 90
        0
176
     1
 62
   257
176
     1
 40
1.0
176
     1
 90
        1
176
     1
 90
        6
176
     1
 90
        2
176
     1
 62
     7
176
     1
 90
        3
176
     1
 90
        0
176
     1
 90
        0
176
     1
290
     0
176
     1
 90
        1
176
     1
 40
0.0
176
     1
 90
        0
176
     1
290
     0
176
     1
290
     1
176
     1
290
     1
176
     1
290
     0
176
     1
290
     0
176
     1
290
     0
176
     1
290
     0
176
     1
290
     0
176
     1
290
     0
176
     1
 90
       50
176
     1
 40
0.0
176
     1
 40
1.0
176
     1
 90
        0
176
     1
 62
    18
420
        0
176
     1
 90
       50
176
     1
 90
        3
176
     1
 62
     5
420
      255
176
     1
290
     0
176
     1
 90
       50
176
     1
 90
       50
176
     1
 90
       50
176
     1
290
     0
176
     1
 90
       50
176
     1
 62
   256
176
     0
 40
1.0
176
     0
 90
        2
176
     1
  1
strokes_ogs.tif
176
     1
290
     0
176
     1
 40
1.0
176
     1
 40
1.0
176
     1
  0
VISUALSTYLE
  5
397
102
{ACAD_REACTORS
330
246
102
}
330
246
100
AcDbVisualStyle
  2
X-Ray
 70
    25
177
     3
291
     0
 70
    58
 90
        2
176
     1
 90
        2
176
     1
 90
        1
176
     1
 90
        1
176
     1
 40
0.5
176
     1
 40
30.0
176
     1
 62
     7
420
 16777215
176
     1
 90
        1
176
     1
 90
        0
176
     1
 62
     7
176
     1
 62
   257
176
     1
 90
        1
176
     1
 90
        1
176
     1
 40
1.0
176
     1
 90
        8
176
     1
 62
     7
176
     1
 40
1.0
176
     1
 90
        1
176
     1
 90
        6
176
     1
 90
        2
176
     1
 62
     7
176
     1
 90
        3
176
     1
 90
        0
176
     1
 90
        0
176
     1
290
     0
176
     1
 90
       13
176
     1
 40
0.0
176
     1
 90
        0
176
     1
290
     0
176
     1
290
     1
176
     1
290
     1
176
     1
290
     0
176
     1
290
     0
176
     1
290
     0
176
     1
290
     0
176
     1
290
     0
176
     1
290
     0
176
     1
 90
       50
176
     1
 40
0.0
176
     1
 40
1.0
176
     1
 90
        0
176
     1
 62
    18
420
        0
176
     1
 90
       50
176
     1
 90
        3
176
     1
 62
     5
420
      255
176
     1
290
     0
176
     1
 90
       50
176
     1
 90
       50
176
     1
 90
       50
176
     1
290
     0
176
     1
 90
       50
176
     1
 62
   256
176
     0
 40
1.0
176
     0
 90
        2
176
     1
  1
strokes_ogs.tif
176
     1
290
     0
176
     1
 40
1.0
176
     1
 40
1.0
176
     1
  0
DICTIONARYVAR
  5
256
102
{ACAD_REACTORS
330
255
102
}
330
255
100
DictionaryVariables
280
     0
  1
1
  0
DICTIONARYVAR
  5
257
102
{ACAD_REACTORS
330
255
102
}
330
255
100
DictionaryVariables
280
     0
  1
1:1
  0
DICTIONARYVAR
  5
258
102
{ACAD_REACTORS
330
255
102
}
330
255
100
DictionaryVariables
280
     0
  1
STANDARD
  0
DICTIONARYVAR
  5
259
102
{ACAD_REACTORS
330
255
102
}
330
255
100
DictionaryVariables
280
     0
  1
STANDARD
  0
DICTIONARYVAR
  5
25A
102
{ACAD_REACTORS
330
255
102
}
330
255
100
DictionaryVariables
280
     0
  1
Imperial24
  0
DICTIONARYVAR
  5
25B
102
{ACAD_REACTORS
330
255
102
}
330
255
100
DictionaryVariables
280
     0
  1
Imperial24
  0
DICTIONARYVAR
  5
25C
102
{ACAD_REACTORS
330
255
102
}
330
255
100
DictionaryVariables
280
     0
  1
2
  0
DICTIONARYVAR
  5
25D
102
{ACAD_REACTORS
330
255
102
}
330
255
100
DictionaryVariables
280
     0
  1
1
  0
DICTIONARYVAR
  5
25E
102
{ACAD_REACTORS
330
255
102
}
330
255
100
DictionaryVariables
280
     0
  1
1
  0
DICTIONARYVAR
  5
25F
102
{ACAD_REACTORS
330
255
102
}
330
255
100
DictionaryVariables
280
     0
  1
15
  0
DICTIONARYVAR
  5
260
102
{ACAD_REACTORS
330
255
102
}
330
255
100
DictionaryVariables
280
     0
  1
0
  0
DICTIONARYVAR
  5
261
102
{ACAD_REACTORS
330
255
102
}
330
255
100
DictionaryVariables
280
     0
  1
0
  0
DICTIONARYVAR
  5
470
102
{ACAD_REACTORS
330
255
102
}
330
255
100
DictionaryVariables
280
     0
  1
1
  0
DICTIONARYVAR
  5
262
102
{ACAD_REACTORS
330
255
102
}
330
255
100
DictionaryVariables
280
     0
  1
0
  0
DICTIONARY
  5
265
330
264
100
AcDbDictionary
280
     1
281
     1
  3
ACAD_ROUNDTRIP_2008_TABLESTYLE_CELLSTYLEMAP
360
4A4
  0
CELLSTYLEMAP
  5
4A4
102
{ACAD_REACTORS
330
265
102
}
330
265
100
AcDbCellStyleMap
 90
        3
300
CELLSTYLE
  1
TABLEFORMAT_BEGIN
 90
        5
170
     1
 91
        0
 92
    32768
 62
   257
 93
        1
300
CONTENTFORMAT
  1
CONTENTFORMAT_BEGIN
 90
        0
 91
        0
 92
      512
 93
        0
300

 40
0.0
140
1.0
 94
        5
 62
     0
340
23C
144
0.25
309
CONTENTFORMAT_END
171
     0
 94
        6
 95
        1
302
GRIDFORMAT
  1
GRIDFORMAT_BEGIN
 90
        0
 91
        1
 62
     0
 92
       -2
340
0
 93
        0
 40
0.05
309
GRIDFORMAT_END
 95
        2
302
GRIDFORMAT
  1
GRIDFORMAT_BEGIN
 90
        0
 91
        1
 62
     0
 92
       -2
340
0
 93
        0
 40
0.05
309
GRIDFORMAT_END
 95
        4
302
GRIDFORMAT
  1
GRIDFORMAT_BEGIN
 90
        0
 91
        1
 62
     0
 92
       -2
340
0
 93
        0
 40
0.05
309
GRIDFORMAT_END
 95
        8
302
GRIDFORMAT
  1
GRIDFORMAT_BEGIN
 90
        0
 91
        1
 62
     0
 92
       -2
340
0
 93
        0
 40
0.05
309
GRIDFORMAT_END
 95
       16
302
GRIDFORMAT
  1
GRIDFORMAT_BEGIN
 90
        0
 91
        1
 62
     0
 92
       -2
340
0
 93
        0
 40
0.05
309
GRIDFORMAT_END
 95
       32
302
GRIDFORMAT
  1
GRIDFORMAT_BEGIN
 90
        0
 91
        1
 62
     0
 92
       -2
340
0
 93
        0
 40
0.05
309
GRIDFORMAT_END
309
TABLEFORMAT_END
  1
CELLSTYLE_BEGIN
 90
        1
 91
        1
300
_TITLE
309
CELLSTYLE_END
300
CELLSTYLE
  1
TABLEFORMAT_BEGIN
 90
        5
170
     1
 91
        0
 92
        0
 62
   257
 93
        1
300
CONTENTFORMAT
  1
CONTENTFORMAT_BEGIN
 90
        0
 91
        0
 92
      512
 93
        0
300

 40
0.0
140
1.0
 94
        5
 62
     0
340
23C
144
0.18
309
CONTENTFORMAT_END
171
     0
 94
        6
 95
        1
302
GRIDFORMAT
  1
GRIDFORMAT_BEGIN
 90
        0
 91
        1
 62
     0
 92
       -2
340
0
 93
        0
 40
0.05
309
GRIDFORMAT_END
 95
        2
302
GRIDFORMAT
  1
GRIDFORMAT_BEGIN
 90
        0
 91
        1
 62
     0
 92
       -2
340
0
 93
        0
 40
0.05
309
GRIDFORMAT_END
 95
        4
302
GRIDFORMAT
  1
GRIDFORMAT_BEGIN
 90
        0
 91
        1
 62
     0
 92
       -2
340
0
 93
        0
 40
0.05
309
GRIDFORMAT_END
 95
        8
302
GRIDFORMAT
  1
GRIDFORMAT_BEGIN
 90
        0
 91
        1
 62
     0
 92
       -2
340
0
 93
        0
 40
0.05
309
GRIDFORMAT_END
 95
       16
302
GRIDFORMAT
  1
GRIDFORMAT_BEGIN
 90
        0
 91
        1
 62
     0
 92
       -2
340
0
 93
        0
 40
0.05
309
GRIDFORMAT_END
 95
       32
302
GRIDFORMAT
  1
GRIDFORMAT_BEGIN
 90
        0
 91
        1
 62
     0
 92
       -2
340
0
 93
        0
 40
0.05
309
GRIDFORMAT_END
309
TABLEFORMAT_END
  1
CELLSTYLE_BEGIN
 90
        2
 91
        1
300
_HEADER
309
CELLSTYLE_END
300
CELLSTYLE
  1
TABLEFORMAT_BEGIN
 90
        5
170
     1
 91
        0
 92
        0
 62
   257
 93
        1
300
CONTENTFORMAT
  1
CONTENTFORMAT_BEGIN
 90
        0
 91
        0
 92
      512
 93
        0
300

 40
0.0
140
1.0
 94
        2
 62
     0
340
23C
144
0.18
309
CONTENTFORMAT_END
171
     0
 94
        6
 95
        1
302
GRIDFORMAT
  1
GRIDFORMAT_BEGIN
 90
        0
 91
        1
 62
     0
 92
       -2
340
0
 93
        0
 40
0.05
309
GRIDFORMAT_END
 95
        2
302
GRIDFORMAT
  1
GRIDFORMAT_BEGIN
 90
        0
 91
        1
 62
     0
 92
       -2
340
0
 93
        0
 40
0.05
309
GRIDFORMAT_END
 95
        4
302
GRIDFORMAT
  1
GRIDFORMAT_BEGIN
 90
        0
 91
        1
 62
     0
 92
       -2
340
0
 93
        0
 40
0.05
309
GRIDFORMAT_END
 95
        8
302
GRIDFORMAT
  1
GRIDFORMAT_BEGIN
 90
        0
 91
        1
 62
     0
 92
       -2
340
0
 93
        0
 40
0.05
309
GRIDFORMAT_END
 95
       16
302
GRIDFORMAT
  1
GRIDFORMAT_BEGIN
 90
        0
 91
        1
 62
     0
 92
       -2
340
0
 93
        0
 40
0.05
309
GRIDFORMAT_END
 95
       32
302
GRIDFORMAT
  1
GRIDFORMAT_BEGIN
 90
        0
 91
        1
 62
     0
 92
       -2
340
0
 93
        0
 40
0.05
309
GRIDFORMAT_END
309
TABLEFORMAT_END
  1
CELLSTYLE_BEGIN
 90
        3
 91
        2
300
_DATA
309
CELLSTYLE_END
  0
ENDSEC
  0
SECTION
  2
ACDSDATA
 70
     2
 71
     8
  0
ACDSSCHEMA
 90
        0
  1
AcDb_Thumbnail_Schema
  2
AcDbDs::ID
280
    10
 91
        8
  2
Thumbnail_Data
280
    15
 91
        0
101
ACDSRECORD
 95
        0
 90
        1
  2
AcDbDs::TreatedAsObjectData
280
     1
291
     1
101
ACDSRECORD
 95
        0
 90
        2
  2
AcDbDs::Legacy
280
     1
291
     1
101
ACDSRECORD
  1
AcDbDs::ID
 90
        3
  2
AcDs:Indexable
280
     1
291
     1
101
ACDSRECORD
  1
AcDbDs::ID
 90
        4
  2
AcDbDs::HandleAttribute
280
     7
282
     1
  0
ACDSSCHEMA
 90
        1
  1
AcDbDs::TreatedAsObjectDataSchema
  2
AcDbDs::TreatedAsObjectData
280
     1
 91
        0
  0
ACDSSCHEMA
 90
        2
  1
AcDbDs::LegacySchema
  2
AcDbDs::Legacy
280
     1
 91
        0
  0
ACDSSCHEMA
 90
        3
  1
AcDbDs::IndexedPropertySchema
  2
AcDs:Indexable
280
     1
 91
        0
  0
ACDSSCHEMA
 90
        4
  1
AcDbDs::HandleAttributeSchema
  2
AcDbDs::HandleAttribute
280
     7
 91
        1
284
     1
  0
ACDSRECORD
 90
        0
  2
AcDbDs::ID
280
    10
320
22C
  2
Thumbnail_Data
280
    15
 94
     1486
310
89504E470D0A1A0A0000000D49484452000001000000007108030000000DA58D8400000300504C5445000000FFFFFF0000000000000000000000000000000000000000000000000000000000330000660000990000CC0000FF0033000033330033660033990033CC0033FF0066000066330066660066990066CC0066FF0099
310
000099330099660099990099CC0099FF00CC0000CC3300CC6600CC9900CCCC00CCFF00FF0000FF3300FF6600FF9900FFCC00FFFF3300003300333300663300993300CC3300FF3333003333333333663333993333CC3333FF3366003366333366663366993366CC3366FF3399003399333399663399993399CC3399FF33CC00
310
33CC3333CC6633CC9933CCCC33CCFF33FF0033FF3333FF6633FF9933FFCC33FFFF6600006600336600666600996600CC6600FF6633006633336633666633996633CC6633FF6666006666336666666666996666CC6666FF6699006699336699666699996699CC6699FF66CC0066CC3366CC6666CC9966CCCC66CCFF66FF0066
310
FF3366FF6666FF9966FFCC66FFFF9900009900339900669900999900CC9900FF9933009933339933669933999933CC9933FF9966009966339966669966999966CC9966FF9999009999339999669999999999CC9999FF99CC0099CC3399CC6699CC9999CCCC99CCFF99FF0099FF3399FF6699FF9999FFCC99FFFFCC0000CC00
310
33CC0066CC0099CC00CCCC00FFCC3300CC3333CC3366CC3399CC33CCCC33FFCC6600CC6633CC6666CC6699CC66CCCC66FFCC9900CC9933CC9966CC9999CC99CCCC99FFCCCC00CCCC33CCCC66CCCC99CCCCCCCCCCFFCCFF00CCFF33CCFF66CCFF99CCFFCCCCFFFFFF0000FF0033FF0066FF0099FF00CCFF00FFFF3300FF3333
310
FF3366FF3399FF33CCFF33FFFF6600FF6633FF6666FF6699FF66CCFF66FFFF9900FF9933FF9966FF9999FF99CCFF99FFFFCC00FFCC33FFCC66FFCC99FFCCCCFFCCFFFFFF00FFFF33FFFF66FFFF99FFFFCCFFFFFF0000000D0D0D1A1A1A2828283535354343435050505D5D5D6B6B6B787878868686939393A1A1A1AEAEAEBB
310
BBBBC9C9C9D6D6D6E4E4E4F1F1F1FFFFFF0000000000000000000000000000000000000000000000000000000000003AE5ACE9000002894944415478DAED9CBB8EC4200C45F91C1AFF7FC737D1D06F1C8881402619698ACDE59E62E449A29538C3C38E609D2384104208218410420821841042C84F49C922DF5CDC629FBAE7
310
FC711D0B6F02FC4940BD539F0314E0BC1F238D53F7FDB8EB11054CD97EEB297873401EDAA94425D41E5F7A7BB9B0DDD54B8802FCA5003F08709002BE0273089CA31CFBC9731440011440011480459844390E93E70256F6FF03012FCC0CFA2C3F54628CB25382D8531FEC6B86370A70BE0EE6FA9B4A7D26C6E3A35E1A7AC0FE
310
475E5A1FDF0BD812FF47025E3BF55F09C8B58FB69F027A018225A0CE5DBD006DF8764BB4EDFB87BD335C484069BB84EE85C802026CC17365218CD5089C80D91C6002E408171320B9B57BBBC390072C2440CA5571A0CBA0F71F0588D5028229E0532D90A70009A299FFA918C8A94193FBBF58C0CD24A8AB40FB7DB7124B8A8C
310
9E0936C5507FA794C3003DE0512ADC0BD05B5002D2A5803417E04406019621BC52C04D2A6C02928D89B05705F0024E7380B5517B807E0111E01E0A48351196A10700D6023702F05701CB76E29349104AC0FE538B7CB50A40D50245805C0AD055409F0B0099E0A916D8DB9EB416D01AC086C05021C0D602A999035CAD87AC07
310
D40AE1FC8A00640E48B365B01580FE42E44E80600A6812BA3AF5E70162024A58F2417401290B385E8BD715F1581916E8016D31042F6032074898BE10019D030601BA216015015779409C0A88DD5D84FD01D34CB06480B643A444B65B448076882CBF47E8C482BBC4CEF3E11871A324055000052C25E0F1A129D43343A92647
310
476897EA3DD45363F32130FCDAB843800727BF9804510F4E8E69BDC66B9C1DFE707ADCF5A7C7418FCF7FF8FF017DA50B7B7C9E1042082184104208218410420821E41FF00797B217E1D16149FB0000000049454E44AE426082
  0
ENDSEC
  0
EOF
